screening_id,customer_id,screening_date,screening_type,screening_vendor,sanctions_hit,sanctions_list,sanctions_true_match,pep_hit,pep_category,adverse_media_hit,adverse_media_category,media_source_type,adverse_media_relevant,open_source_checks_done,resolution_days,disposition
SCR000001,C00001,2025-02-24,Initial,World-Check,N,,,N,,N,,,,N,0,No Hit
SCR000002,C00001,2025-08-23,Ongoing Rescreen,Dow Jones Risk,N,,,N,,N,,,,N,0,No Hit
SCR000003,C00002,2025-07-22,Initial,LexisNexis Bridger,N,,,N,,N,,,,N,0,No Hit
SCR000004,C00003,2024-08-08,Initial,World-Check,N,,,N,,N,,,,N,0,No Hit
SCR000005,C00003,2025-02-04,Ongoing Rescreen,Dow Jones Risk,N,,,N,,N,,,,N,0,No Hit
SCR000006,C00003,2025-08-03,Ongoing Rescreen,Dow Jones Risk,N,,,N,,N,,,,N,0,No Hit
SCR000007,C00004,2025-09-21,Initial,Dow Jones Risk,N,,,N,,N,,,,Y,0,No Hit
SCR000008,C00005,2025-09-04,Initial,Dow Jones Risk,N,,,N,,N,,,,N,0,No Hit
SCR000009,C00006,2024-01-13,Initial,World-Check,N,,,N,,N,,,,Y,0,No Hit
SCR000010,C00006,2024-07-11,Ongoing Rescreen,World-Check,N,,,N,,N,,,,Y,0,No Hit
SCR000011,C00006,2025-01-07,Ongoing Rescreen,Dow Jones Risk,N,,,N,,N,,,,Y,0,No Hit
SCR000012,C00006,2025-07-06,Ongoing Rescreen,World-Check,N,,,N,,N,,,,Y,0,No Hit
SCR000013,C00007,2025-02-16,Initial,Dow Jones Risk,N,,,N,,N,,,,N,0,No Hit
SCR000014,C00007,2025-08-15,Ongoing Rescreen,LexisNexis Bridger,N,,,N,,N,,,,N,0,No Hit
SCR000015,C00008,2024-12-14,Initial,Dow Jones Risk,N,,,N,,N,,,,N,0,No Hit
SCR000016,C00008,2025-06-12,Ongoing Rescreen,LexisNexis Bridger,N,,,N,,N,,,,N,0,No Hit
SCR000017,C00008,2025-12-09,Ongoing Rescreen,World-Check,N,,,N,,N,,,,N,0,No Hit
SCR000018,C00009,2025-04-25,Initial,Dow Jones Risk,N,,,N,,N,,,,N,0,No Hit
SCR000019,C00009,2025-10-22,Ongoing Rescreen,World-Check,N,,,N,,N,,,,N,0,No Hit
SCR000020,C00010,2024-07-08,Initial,LexisNexis Bridger,N,,,N,,N,,,,N,0,No Hit
SCR000021,C00010,2025-01-04,Ongoing Rescreen,LexisNexis Bridger,N,,,N,,N,,,,N,0,No Hit
SCR000022,C00010,2025-07-03,Ongoing Rescreen,World-Check,N,,,N,,N,,,,N,0,No Hit
SCR000023,C00010,2025-12-30,Ongoing Rescreen,LexisNexis Bridger,N,,,N,,N,,,,N,0,No Hit
SCR000024,C00011,2024-03-12,Initial,World-Check,N,,,N,,N,,,,N,0,No Hit
SCR000025,C00011,2024-09-08,Ongoing Rescreen,LexisNexis Bridger,N,,,N,,N,,,,N,0,No Hit
SCR000026,C00011,2025-03-07,Ongoing Rescreen,Dow Jones Risk,N,,,N,,N,,,,N,0,No Hit
SCR000027,C00011,2025-09-03,Ongoing Rescreen,World-Check,N,,,N,,N,,,,N,0,No Hit
SCR000028,C00012,2024-07-19,Initial,Dow Jones Risk,N,,,N,,N,,,,N,0,No Hit
SCR000029,C00012,2025-01-15,Ongoing Rescreen,LexisNexis Bridger,N,,,N,,N,,,,N,0,No Hit
SCR000030,C00012,2025-07-14,Ongoing Rescreen,LexisNexis Bridger,N,,,N,,N,,,,N,0,No Hit
SCR000031,C00013,2025-01-19,Initial,LexisNexis Bridger,N,,,N,,N,,,,N,0,No Hit
SCR000032,C00013,2025-07-18,Ongoing Rescreen,Dow Jones Risk,N,,,N,,N,,,,N,0,No Hit
SCR000033,C00014,2024-07-16,Initial,Dow Jones Risk,N,,,N,,N,,,,N,0,No Hit
SCR000034,C00014,2025-01-12,Ongoing Rescreen,World-Check,N,,,N,,N,,,,N,0,No Hit
SCR000035,C00014,2025-07-11,Ongoing Rescreen,LexisNexis Bridger,N,,,N,,N,,,,N,0,No Hit
SCR000036,C00015,2024-12-05,Initial,World-Check,N,,,N,,N,,,,N,0,No Hit
SCR000037,C00015,2025-06-03,Ongoing Rescreen,LexisNexis Bridger,N,,,N,,N,,,,N,0,No Hit
SCR000038,C00015,2025-11-30,Ongoing Rescreen,Dow Jones Risk,N,,,N,,N,,,,N,0,No Hit
SCR000039,C00016,2024-10-11,Initial,LexisNexis Bridger,N,,,N,,N,,,,N,0,No Hit
SCR000040,C00016,2025-04-09,Ongoing Rescreen,World-Check,N,,,N,,N,,,,N,0,No Hit
SCR000041,C00016,2025-10-06,Ongoing Rescreen,World-Check,N,,,N,,N,,,,N,0,No Hit
SCR000042,C00017,2025-05-22,Initial,Dow Jones Risk,N,,,N,,N,,,,Y,0,No Hit
SCR000043,C00017,2025-11-18,Ongoing Rescreen,World-Check,N,,,N,,N,,,,Y,0,No Hit
SCR000044,C00018,2024-10-27,Initial,Dow Jones Risk,N,,,N,,N,,,,N,0,No Hit
SCR000045,C00018,2025-04-25,Ongoing Rescreen,World-Check,N,,,N,,N,,,,N,0,No Hit
SCR000046,C00018,2025-10-22,Ongoing Rescreen,Dow Jones Risk,N,,,N,,N,,,,N,0,No Hit
SCR000047,C00019,2024-04-15,Initial,Dow Jones Risk,N,,,N,,N,,,,N,0,No Hit
SCR000048,C00019,2024-10-12,Ongoing Rescreen,Dow Jones Risk,N,,,N,,N,,,,N,0,No Hit
SCR000049,C00019,2025-04-10,Ongoing Rescreen,World-Check,N,,,N,,N,,,,N,0,No Hit
SCR000050,C00019,2025-10-07,Ongoing Rescreen,World-Check,N,,,N,,N,,,,N,0,No Hit
SCR000051,C00020,2025-04-08,Initial,World-Check,N,,,N,,N,,,,N,0,No Hit
SCR000052,C00020,2025-10-05,Ongoing Rescreen,LexisNexis Bridger,N,,,N,,N,,,,N,0,No Hit
SCR000053,C00021,2024-06-04,Initial,LexisNexis Bridger,N,,,N,,N,,,,N,0,No Hit
SCR000054,C00021,2024-12-01,Ongoing Rescreen,Dow Jones Risk,N,,,N,,N,,,,N,0,No Hit
SCR000055,C00021,2025-05-30,Ongoing Rescreen,LexisNexis Bridger,N,,,N,,N,,,,N,0,No Hit
SCR000056,C00021,2025-11-26,Ongoing Rescreen,World-Check,N,,,N,,N,,,,N,0,No Hit
SCR000057,C00022,2024-08-07,Initial,Dow Jones Risk,N,,,N,,N,,,,N,0,No Hit
SCR000058,C00022,2025-02-03,Ongoing Rescreen,World-Check,N,,,N,,N,,,,N,0,No Hit
SCR000059,C00022,2025-08-02,Ongoing Rescreen,Dow Jones Risk,N,,,N,,N,,,,N,0,No Hit
SCR000060,C00023,2025-05-31,Initial,World-Check,N,,,N,,N,,,,N,0,No Hit
SCR000061,C00023,2025-11-27,Ongoing Rescreen,LexisNexis Bridger,N,,,N,,N,,,,N,0,No Hit
SCR000062,C00024,2024-07-18,Initial,World-Check,N,,,N,,N,,,,N,0,No Hit
SCR000063,C00024,2025-01-14,Ongoing Rescreen,World-Check,N,,,N,,N,,,,N,0,No Hit
SCR000064,C00024,2025-07-13,Ongoing Rescreen,World-Check,N,,,N,,N,,,,N,0,No Hit
SCR000065,C00025,2024-02-15,Initial,Dow Jones Risk,N,,,N,,N,,,,N,0,No Hit
SCR000066,C00025,2024-08-13,Ongoing Rescreen,World-Check,N,,,N,,N,,,,N,0,No Hit
SCR000067,C00025,2025-02-09,Ongoing Rescreen,Dow Jones Risk,N,,,N,,N,,,,N,0,No Hit
SCR000068,C00025,2025-08-08,Ongoing Rescreen,Dow Jones Risk,N,,,N,,N,,,,N,0,No Hit
SCR000069,C00026,2024-09-20,Initial,LexisNexis Bridger,N,,,N,,N,,,,N,0,No Hit
SCR000070,C00026,2025-03-19,Ongoing Rescreen,LexisNexis Bridger,N,,,N,,N,,,,N,0,No Hit
SCR000071,C00026,2025-09-15,Ongoing Rescreen,Dow Jones Risk,N,,,N,,N,,,,N,0,No Hit
SCR000072,C00027,2024-10-10,Initial,World-Check,N,,,N,,N,,,,N,0,No Hit
SCR000073,C00027,2025-04-08,Ongoing Rescreen,LexisNexis Bridger,N,,,N,,Y,Fraud,Regional News,N,Y,3,Cleared - False Positive
SCR000074,C00027,2025-10-05,Ongoing Rescreen,LexisNexis Bridger,N,,,N,,N,,,,N,0,No Hit
SCR000075,C00028,2025-05-16,Initial,LexisNexis Bridger,N,,,N,,N,,,,N,0,No Hit
SCR000076,C00028,2025-11-12,Ongoing Rescreen,World-Check,N,,,N,,N,,,,N,0,No Hit
SCR000077,C00029,2025-06-02,Initial,Dow Jones Risk,N,,,N,,N,,,,N,0,No Hit
SCR000078,C00029,2025-11-29,Ongoing Rescreen,Dow Jones Risk,N,,,N,,N,,,,N,0,No Hit
SCR000079,C00030,2024-01-01,Initial,Dow Jones Risk,N,,,N,,N,,,,N,0,No Hit
SCR000080,C00030,2024-06-29,Ongoing Rescreen,World-Check,N,,,N,,N,,,,N,0,No Hit
SCR000081,C00030,2024-12-26,Ongoing Rescreen,LexisNexis Bridger,N,,,N,,N,,,,N,0,No Hit
SCR000082,C00030,2025-06-24,Ongoing Rescreen,World-Check,N,,,N,,N,,,,N,0,No Hit
SCR000083,C00030,2025-12-21,Ongoing Rescreen,World-Check,N,,,N,,N,,,,N,0,No Hit
SCR000084,C00031,2025-07-07,Initial,World-Check,N,,,N,,N,,,,N,0,No Hit
SCR000085,C00032,2025-06-30,Initial,LexisNexis Bridger,N,,,N,,N,,,,N,0,No Hit
SCR000086,C00032,2025-12-27,Ongoing Rescreen,World-Check,N,,,N,,N,,,,N,0,No Hit
SCR000087,C00033,2024-05-06,Initial,World-Check,N,,,N,,N,,,,N,0,No Hit
SCR000088,C00033,2024-11-02,Ongoing Rescreen,Dow Jones Risk,N,,,N,,N,,,,N,0,No Hit
SCR000089,C00033,2025-05-01,Ongoing Rescreen,LexisNexis Bridger,N,,,N,,N,,,,N,0,No Hit
SCR000090,C00033,2025-10-28,Ongoing Rescreen,LexisNexis Bridger,N,,,N,,N,,,,N,0,No Hit
SCR000091,C00034,2024-09-04,Initial,World-Check,N,,,N,,N,,,,N,0,No Hit
SCR000092,C00034,2025-03-03,Ongoing Rescreen,LexisNexis Bridger,N,,,N,,N,,,,N,0,No Hit
SCR000093,C00034,2025-08-30,Ongoing Rescreen,Dow Jones Risk,N,,,N,,N,,,,N,0,No Hit
SCR000094,C00035,2025-07-14,Initial,World-Check,N,,,N,,N,,,,N,0,No Hit
SCR000095,C00036,2025-02-25,Initial,LexisNexis Bridger,N,,,N,,N,,,,N,0,No Hit
SCR000096,C00036,2025-08-24,Ongoing Rescreen,World-Check,N,,,N,,N,,,,N,0,No Hit
SCR000097,C00037,2024-09-05,Initial,LexisNexis Bridger,N,,,N,,N,,,,N,0,No Hit
SCR000098,C00037,2025-03-04,Ongoing Rescreen,Dow Jones Risk,N,,,N,,N,,,,N,0,No Hit
SCR000099,C00037,2025-08-31,Ongoing Rescreen,World-Check,N,,,N,,N,,,,N,0,No Hit
SCR000100,C00038,2025-07-10,Initial,LexisNexis Bridger,N,,,N,,N,,,,N,0,No Hit
SCR000101,C00039,2025-04-06,Initial,LexisNexis Bridger,N,,,N,,N,,,,Y,0,No Hit
SCR000102,C00039,2025-10-03,Ongoing Rescreen,Dow Jones Risk,N,,,N,,N,,,,Y,0,No Hit
SCR000103,C00040,2025-01-08,Initial,LexisNexis Bridger,N,,,N,,Y,Organised Crime,Court Records,N,Y,8,Cleared - False Positive
SCR000104,C00040,2025-07-07,Ongoing Rescreen,World-Check,N,,,N,,N,,,,N,0,No Hit
SCR000105,C00041,2024-01-05,Initial,World-Check,N,,,N,,N,,,,N,0,No Hit
SCR000106,C00041,2024-07-03,Ongoing Rescreen,LexisNexis Bridger,N,,,N,,N,,,,N,0,No Hit
SCR000107,C00041,2024-12-30,Ongoing Rescreen,LexisNexis Bridger,N,,,N,,N,,,,N,0,No Hit
SCR000108,C00041,2025-06-28,Ongoing Rescreen,LexisNexis Bridger,N,,,N,,N,,,,N,0,No Hit
SCR000109,C00041,2025-12-25,Ongoing Rescreen,LexisNexis Bridger,N,,,N,,N,,,,N,0,No Hit
SCR000110,C00042,2025-04-18,Initial,Dow Jones Risk,N,,,N,,N,,,,N,0,No Hit
SCR000111,C00042,2025-10-15,Ongoing Rescreen,Dow Jones Risk,N,,,N,,Y,Fraud,Court Records,N,Y,2,Cleared - False Positive
SCR000112,C00043,2024-05-11,Initial,LexisNexis Bridger,N,,,N,,N,,,,N,0,No Hit
SCR000113,C00043,2024-11-07,Ongoing Rescreen,Dow Jones Risk,N,,,N,,N,,,,N,0,No Hit
SCR000114,C00043,2025-05-06,Ongoing Rescreen,Dow Jones Risk,N,,,N,,N,,,,N,0,No Hit
SCR000115,C00043,2025-11-02,Ongoing Rescreen,Dow Jones Risk,N,,,N,,N,,,,N,0,No Hit
SCR000116,C00044,2025-11-03,Initial,Dow Jones Risk,N,,,N,,N,,,,N,0,No Hit
SCR000117,C00045,2024-05-18,Initial,Dow Jones Risk,N,,,N,,N,,,,N,0,No Hit
SCR000118,C00045,2024-11-14,Ongoing Rescreen,Dow Jones Risk,N,,,N,,N,,,,N,0,No Hit
SCR000119,C00045,2025-05-13,Ongoing Rescreen,World-Check,N,,,N,,N,,,,N,0,No Hit
SCR000120,C00045,2025-11-09,Ongoing Rescreen,World-Check,N,,,N,,N,,,,N,0,No Hit
SCR000121,C00046,2024-01-22,Initial,World-Check,N,,,N,,N,,,,N,0,No Hit
SCR000122,C00046,2024-07-20,Ongoing Rescreen,World-Check,N,,,N,,N,,,,N,0,No Hit
SCR000123,C00046,2025-01-16,Ongoing Rescreen,LexisNexis Bridger,N,,,N,,N,,,,N,0,No Hit
SCR000124,C00046,2025-07-15,Ongoing Rescreen,LexisNexis Bridger,N,,,N,,N,,,,N,0,No Hit
SCR000125,C00047,2024-10-02,Initial,Dow Jones Risk,N,,,N,,N,,,,N,0,No Hit
SCR000126,C00047,2025-03-31,Ongoing Rescreen,Dow Jones Risk,N,,,N,,N,,,,N,0,No Hit
SCR000127,C00047,2025-09-27,Ongoing Rescreen,LexisNexis Bridger,N,,,N,,N,,,,N,0,No Hit
SCR000128,C00048,2024-09-12,Initial,World-Check,N,,,N,,N,,,,N,0,No Hit
SCR000129,C00048,2025-03-11,Ongoing Rescreen,World-Check,N,,,N,,N,,,,N,0,No Hit
SCR000130,C00048,2025-09-07,Ongoing Rescreen,Dow Jones Risk,N,,,N,,N,,,,N,0,No Hit
SCR000131,C00049,2024-09-14,Initial,Dow Jones Risk,N,,,N,,N,,,,N,0,No Hit
SCR000132,C00049,2025-03-13,Ongoing Rescreen,LexisNexis Bridger,N,,,N,,N,,,,N,0,No Hit
SCR000133,C00049,2025-09-09,Ongoing Rescreen,LexisNexis Bridger,N,,,N,,N,,,,N,0,No Hit
SCR000134,C00050,2025-11-08,Initial,Dow Jones Risk,N,,,N,,N,,,,N,0,No Hit
SCR000135,C00051,2024-07-19,Initial,World-Check,N,,,N,,Y,Bribery & Corruption,Court Records,N,Y,16,Cleared - False Positive
SCR000136,C00051,2025-01-15,Ongoing Rescreen,World-Check,Y,UN Consolidated,N,N,,N,,,,Y,9,Cleared - False Positive
SCR000137,C00051,2025-07-14,Ongoing Rescreen,Dow Jones Risk,N,,,N,,Y,Money Laundering,National News,N,Y,4,Cleared - False Positive
SCR000138,C00052,2025-09-04,Initial,LexisNexis Bridger,N,,,N,,N,,,,Y,0,No Hit
SCR000139,C00053,2024-04-28,Initial,LexisNexis Bridger,N,,,N,,N,,,,N,0,No Hit
SCR000140,C00053,2024-10-25,Ongoing Rescreen,World-Check,N,,,N,,N,,,,N,0,No Hit
SCR000141,C00053,2025-04-23,Ongoing Rescreen,World-Check,N,,,N,,N,,,,N,0,No Hit
SCR000142,C00053,2025-10-20,Ongoing Rescreen,World-Check,N,,,N,,N,,,,N,0,No Hit
SCR000143,C00054,2025-03-26,Initial,LexisNexis Bridger,N,,,N,,N,,,,N,0,No Hit
SCR000144,C00054,2025-09-22,Ongoing Rescreen,LexisNexis Bridger,N,,,N,,N,,,,N,0,No Hit
SCR000145,C00055,2024-04-05,Initial,Dow Jones Risk,N,,,N,,N,,,,N,0,No Hit
SCR000146,C00055,2024-10-02,Ongoing Rescreen,World-Check,N,,,N,,N,,,,N,0,No Hit
SCR000147,C00055,2025-03-31,Ongoing Rescreen,Dow Jones Risk,N,,,N,,N,,,,N,0,No Hit
SCR000148,C00055,2025-09-27,Ongoing Rescreen,World-Check,N,,,N,,N,,,,N,0,No Hit
SCR000149,C00056,2024-06-16,Initial,World-Check,N,,,N,,N,,,,N,0,No Hit
SCR000150,C00056,2024-12-13,Ongoing Rescreen,World-Check,N,,,N,,N,,,,N,0,No Hit
SCR000151,C00056,2025-06-11,Ongoing Rescreen,Dow Jones Risk,N,,,N,,N,,,,N,0,No Hit
SCR000152,C00056,2025-12-08,Ongoing Rescreen,LexisNexis Bridger,N,,,N,,N,,,,N,0,No Hit
SCR000153,C00057,2024-04-18,Initial,Dow Jones Risk,N,,,N,,N,,,,N,0,No Hit
SCR000154,C00057,2024-10-15,Ongoing Rescreen,LexisNexis Bridger,N,,,N,,N,,,,N,0,No Hit
SCR000155,C00057,2025-04-13,Ongoing Rescreen,Dow Jones Risk,N,,,N,,N,,,,N,0,No Hit
SCR000156,C00057,2025-10-10,Ongoing Rescreen,Dow Jones Risk,N,,,N,,N,,,,N,0,No Hit
SCR000157,C00058,2024-08-29,Initial,LexisNexis Bridger,N,,,N,,N,,,,N,0,No Hit
SCR000158,C00058,2025-02-25,Ongoing Rescreen,Dow Jones Risk,N,,,Y,Domestic PEP,N,,,,Y,3,Cleared - False Positive
SCR000159,C00058,2025-08-24,Ongoing Rescreen,World-Check,N,,,N,,N,,,,N,0,No Hit
SCR000160,C00059,2024-12-02,Initial,Dow Jones Risk,N,,,N,,N,,,,N,0,No Hit
SCR000161,C00059,2025-05-31,Ongoing Rescreen,LexisNexis Bridger,N,,,N,,N,,,,N,0,No Hit
SCR000162,C00059,2025-11-27,Ongoing Rescreen,LexisNexis Bridger,N,,,N,,N,,,,N,0,No Hit
SCR000163,C00060,2025-09-19,Initial,LexisNexis Bridger,N,,,N,,Y,Organised Crime,Regulator Notice,Y,Y,4,Escalate to EDD
SCR000164,C00061,2025-07-06,Initial,LexisNexis Bridger,N,,,N,,N,,,,N,0,No Hit
SCR000165,C00062,2025-05-25,Initial,World-Check,N,,,N,,N,,,,N,0,No Hit
SCR000166,C00062,2025-11-21,Ongoing Rescreen,Dow Jones Risk,N,,,N,,N,,,,N,0,No Hit
SCR000167,C00063,2024-12-23,Initial,Dow Jones Risk,N,,,N,,N,,,,N,0,No Hit
SCR000168,C00063,2025-06-21,Ongoing Rescreen,LexisNexis Bridger,N,,,N,,N,,,,N,0,No Hit
SCR000169,C00063,2025-12-18,Ongoing Rescreen,LexisNexis Bridger,N,,,N,,N,,,,N,0,No Hit
SCR000170,C00064,2024-07-27,Initial,Dow Jones Risk,N,,,N,,N,,,,N,0,No Hit
SCR000171,C00064,2025-01-23,Ongoing Rescreen,Dow Jones Risk,N,,,N,,N,,,,N,0,No Hit
SCR000172,C00064,2025-07-22,Ongoing Rescreen,World-Check,N,,,N,,N,,,,N,0,No Hit
SCR000173,C00065,2024-08-04,Initial,Dow Jones Risk,N,,,N,,N,,,,N,0,No Hit
SCR000174,C00065,2025-01-31,Ongoing Rescreen,Dow Jones Risk,N,,,N,,N,,,,N,0,No Hit
SCR000175,C00065,2025-07-30,Ongoing Rescreen,Dow Jones Risk,N,,,N,,N,,,,N,0,No Hit
SCR000176,C00066,2024-04-06,Initial,Dow Jones Risk,N,,,N,,N,,,,N,0,No Hit
SCR000177,C00066,2024-10-03,Ongoing Rescreen,LexisNexis Bridger,N,,,N,,N,,,,N,0,No Hit
SCR000178,C00066,2025-04-01,Ongoing Rescreen,Dow Jones Risk,N,,,N,,N,,,,N,0,No Hit
SCR000179,C00066,2025-09-28,Ongoing Rescreen,World-Check,N,,,N,,N,,,,N,0,No Hit
SCR000180,C00067,2025-04-30,Initial,World-Check,N,,,N,,N,,,,Y,0,No Hit
SCR000181,C00067,2025-10-27,Ongoing Rescreen,LexisNexis Bridger,N,,,N,,N,,,,Y,0,No Hit
SCR000182,C00068,2025-07-24,Initial,LexisNexis Bridger,N,,,N,,N,,,,N,0,No Hit
SCR000183,C00069,2025-02-04,Initial,Dow Jones Risk,N,,,N,,N,,,,N,0,No Hit
SCR000184,C00069,2025-08-03,Ongoing Rescreen,Dow Jones Risk,N,,,N,,N,,,,N,0,No Hit
SCR000185,C00070,2025-02-25,Initial,World-Check,N,,,N,,N,,,,Y,0,No Hit
SCR000186,C00070,2025-08-24,Ongoing Rescreen,World-Check,N,,,N,,N,,,,Y,0,No Hit
SCR000187,C00071,2024-09-29,Initial,World-Check,N,,,Y,Foreign PEP,N,,,,Y,5,Cleared - False Positive
SCR000188,C00071,2025-03-28,Ongoing Rescreen,LexisNexis Bridger,N,,,N,,N,,,,N,0,No Hit
SCR000189,C00071,2025-09-24,Ongoing Rescreen,Dow Jones Risk,N,,,N,,N,,,,N,0,No Hit
SCR000190,C00072,2025-12-05,Initial,Dow Jones Risk,N,,,N,,Y,Bribery & Corruption,Regional News,N,Y,10,Cleared - False Positive
SCR000191,C00073,2025-10-10,Initial,LexisNexis Bridger,N,,,N,,N,,,,N,0,No Hit
SCR000192,C00074,2024-10-24,Initial,LexisNexis Bridger,N,,,N,,N,,,,Y,0,No Hit
SCR000193,C00074,2025-04-22,Ongoing Rescreen,World-Check,N,,,N,,N,,,,Y,0,No Hit
SCR000194,C00074,2025-10-19,Ongoing Rescreen,LexisNexis Bridger,Y,UK HMT/OFSI,N,N,,N,,,,Y,4,Cleared - False Positive
SCR000195,C00075,2025-07-05,Initial,World-Check,N,,,N,,N,,,,N,0,No Hit
SCR000196,C00076,2024-09-12,Initial,World-Check,N,,,N,,N,,,,N,0,No Hit
SCR000197,C00076,2025-03-11,Ongoing Rescreen,Dow Jones Risk,N,,,N,,N,,,,N,0,No Hit
SCR000198,C00076,2025-09-07,Ongoing Rescreen,World-Check,N,,,N,,N,,,,N,0,No Hit
SCR000199,C00077,2024-03-31,Initial,LexisNexis Bridger,N,,,N,,N,,,,N,0,No Hit
SCR000200,C00077,2024-09-27,Ongoing Rescreen,LexisNexis Bridger,N,,,N,,N,,,,N,0,No Hit
SCR000201,C00077,2025-03-26,Ongoing Rescreen,Dow Jones Risk,N,,,N,,N,,,,N,0,No Hit
SCR000202,C00077,2025-09-22,Ongoing Rescreen,Dow Jones Risk,N,,,N,,N,,,,N,0,No Hit
SCR000203,C00078,2024-07-31,Initial,Dow Jones Risk,N,,,N,,N,,,,Y,0,No Hit
SCR000204,C00078,2025-01-27,Ongoing Rescreen,World-Check,N,,,N,,N,,,,Y,0,No Hit
SCR000205,C00078,2025-07-26,Ongoing Rescreen,LexisNexis Bridger,N,,,N,,N,,,,Y,0,No Hit
SCR000206,C00079,2025-09-02,Initial,Dow Jones Risk,N,,,N,,N,,,,N,0,No Hit
SCR000207,C00080,2024-12-18,Initial,LexisNexis Bridger,N,,,N,,N,,,,Y,0,No Hit
SCR000208,C00080,2025-06-16,Ongoing Rescreen,World-Check,N,,,N,,N,,,,Y,0,No Hit
SCR000209,C00080,2025-12-13,Ongoing Rescreen,Dow Jones Risk,N,,,N,,N,,,,Y,0,No Hit
SCR000210,C00081,2025-09-24,Initial,World-Check,N,,,N,,N,,,,N,0,No Hit
SCR000211,C00082,2024-08-23,Initial,Dow Jones Risk,N,,,Y,Close Associate,N,,,,Y,2,Cleared - False Positive
SCR000212,C00082,2025-02-19,Ongoing Rescreen,World-Check,N,,,Y,Family Member,N,,,,Y,18,Cleared - False Positive
SCR000213,C00082,2025-08-18,Ongoing Rescreen,World-Check,N,,,Y,Domestic PEP,N,,,,Y,10,Cleared - False Positive
SCR000214,C00083,2024-12-02,Initial,World-Check,N,,,N,,N,,,,N,0,No Hit
SCR000215,C00083,2025-05-31,Ongoing Rescreen,World-Check,N,,,N,,N,,,,N,0,No Hit
SCR000216,C00083,2025-11-27,Ongoing Rescreen,World-Check,N,,,N,,N,,,,N,0,No Hit
SCR000217,C00084,2024-02-23,Initial,World-Check,N,,,N,,N,,,,N,0,No Hit
SCR000218,C00084,2024-08-21,Ongoing Rescreen,World-Check,N,,,N,,N,,,,N,0,No Hit
SCR000219,C00084,2025-02-17,Ongoing Rescreen,LexisNexis Bridger,N,,,N,,N,,,,N,0,No Hit
SCR000220,C00084,2025-08-16,Ongoing Rescreen,World-Check,N,,,N,,N,,,,N,0,No Hit
SCR000221,C00085,2025-07-24,Initial,Dow Jones Risk,N,,,N,,N,,,,N,0,No Hit
SCR000222,C00086,2024-08-16,Initial,Dow Jones Risk,N,,,N,,N,,,,N,0,No Hit
SCR000223,C00086,2025-02-12,Ongoing Rescreen,World-Check,N,,,N,,N,,,,N,0,No Hit
SCR000224,C00086,2025-08-11,Ongoing Rescreen,LexisNexis Bridger,N,,,N,,N,,,,N,0,No Hit
SCR000225,C00087,2024-03-07,Initial,Dow Jones Risk,N,,,N,,N,,,,N,0,No Hit
SCR000226,C00087,2024-09-03,Ongoing Rescreen,Dow Jones Risk,N,,,N,,N,,,,N,0,No Hit
SCR000227,C00087,2025-03-02,Ongoing Rescreen,World-Check,N,,,N,,N,,,,N,0,No Hit
SCR000228,C00087,2025-08-29,Ongoing Rescreen,LexisNexis Bridger,N,,,N,,N,,,,N,0,No Hit
SCR000229,C00088,2024-06-09,Initial,Dow Jones Risk,N,,,Y,Domestic PEP,N,,,,Y,3,Cleared - False Positive
SCR000230,C00088,2024-12-06,Ongoing Rescreen,World-Check,N,,,Y,Domestic PEP,N,,,,Y,1,Cleared - False Positive
SCR000231,C00088,2025-06-04,Ongoing Rescreen,World-Check,N,,,Y,Close Associate,N,,,,Y,2,Cleared - False Positive
SCR000232,C00088,2025-12-01,Ongoing Rescreen,LexisNexis Bridger,N,,,Y,Close Associate,N,,,,Y,4,Cleared - False Positive
SCR000233,C00089,2025-05-01,Initial,World-Check,N,,,N,,N,,,,N,0,No Hit
SCR000234,C00089,2025-10-28,Ongoing Rescreen,World-Check,N,,,N,,N,,,,N,0,No Hit
SCR000235,C00090,2025-08-19,Initial,World-Check,N,,,N,,N,,,,N,0,No Hit
SCR000236,C00091,2025-11-28,Initial,Dow Jones Risk,N,,,N,,N,,,,N,0,No Hit
SCR000237,C00092,2024-06-21,Initial,LexisNexis Bridger,N,,,N,,N,,,,N,0,No Hit
SCR000238,C00092,2024-12-18,Ongoing Rescreen,World-Check,N,,,N,,N,,,,N,0,No Hit
SCR000239,C00092,2025-06-16,Ongoing Rescreen,World-Check,N,,,N,,N,,,,N,0,No Hit
SCR000240,C00092,2025-12-13,Ongoing Rescreen,LexisNexis Bridger,N,,,N,,N,,,,N,0,No Hit
SCR000241,C00093,2025-03-07,Initial,Dow Jones Risk,N,,,N,,N,,,,N,0,No Hit
SCR000242,C00093,2025-09-03,Ongoing Rescreen,World-Check,N,,,N,,N,,,,N,0,No Hit
SCR000243,C00094,2024-12-01,Initial,Dow Jones Risk,N,,,N,,N,,,,N,0,No Hit
SCR000244,C00094,2025-05-30,Ongoing Rescreen,World-Check,N,,,N,,N,,,,N,0,No Hit
SCR000245,C00094,2025-11-26,Ongoing Rescreen,Dow Jones Risk,N,,,N,,N,,,,N,0,No Hit
SCR000246,C00095,2025-06-06,Initial,World-Check,N,,,N,,Y,Organised Crime,Court Records,N,Y,4,Cleared - False Positive
SCR000247,C00095,2025-12-03,Ongoing Rescreen,LexisNexis Bridger,N,,,N,,N,,,,N,0,No Hit
SCR000248,C00096,2025-05-06,Initial,Dow Jones Risk,N,,,N,,N,,,,N,0,No Hit
SCR000249,C00096,2025-11-02,Ongoing Rescreen,World-Check,N,,,N,,N,,,,N,0,No Hit
SCR000250,C00097,2024-02-21,Initial,World-Check,N,,,N,,N,,,,N,0,No Hit
SCR000251,C00097,2024-08-19,Ongoing Rescreen,World-Check,N,,,N,,N,,,,N,0,No Hit
SCR000252,C00097,2025-02-15,Ongoing Rescreen,Dow Jones Risk,N,,,N,,N,,,,N,0,No Hit
SCR000253,C00097,2025-08-14,Ongoing Rescreen,World-Check,Y,EU Consolidated,N,N,,N,,,,Y,3,Cleared - False Positive
SCR000254,C00098,2024-04-19,Initial,LexisNexis Bridger,N,,,N,,N,,,,N,0,No Hit
SCR000255,C00098,2024-10-16,Ongoing Rescreen,LexisNexis Bridger,N,,,N,,N,,,,N,0,No Hit
SCR000256,C00098,2025-04-14,Ongoing Rescreen,Dow Jones Risk,N,,,N,,N,,,,N,0,No Hit
SCR000257,C00098,2025-10-11,Ongoing Rescreen,LexisNexis Bridger,N,,,N,,N,,,,N,0,No Hit
SCR000258,C00099,2025-03-07,Initial,Dow Jones Risk,Y,OFAC SDN,N,N,,N,,,,Y,14,Cleared - False Positive
SCR000259,C00099,2025-09-03,Ongoing Rescreen,LexisNexis Bridger,N,,,N,,N,,,,N,0,No Hit
SCR000260,C00100,2025-01-23,Initial,World-Check,N,,,N,,N,,,,N,0,No Hit
SCR000261,C00100,2025-07-22,Ongoing Rescreen,Dow Jones Risk,N,,,N,,N,,,,N,0,No Hit
SCR000262,C00101,2025-10-09,Initial,Dow Jones Risk,N,,,N,,N,,,,N,0,No Hit
SCR000263,C00102,2025-09-11,Initial,Dow Jones Risk,N,,,N,,N,,,,N,0,No Hit
SCR000264,C00103,2024-02-12,Initial,LexisNexis Bridger,N,,,N,,N,,,,N,0,No Hit
SCR000265,C00103,2024-08-10,Ongoing Rescreen,World-Check,N,,,N,,N,,,,N,0,No Hit
SCR000266,C00103,2025-02-06,Ongoing Rescreen,World-Check,N,,,N,,N,,,,N,0,No Hit
SCR000267,C00103,2025-08-05,Ongoing Rescreen,LexisNexis Bridger,N,,,N,,N,,,,N,0,No Hit
SCR000268,C00104,2025-03-02,Initial,World-Check,N,,,N,,N,,,,N,0,No Hit
SCR000269,C00104,2025-08-29,Ongoing Rescreen,LexisNexis Bridger,N,,,N,,N,,,,N,0,No Hit
SCR000270,C00105,2024-10-24,Initial,Dow Jones Risk,N,,,N,,N,,,,N,0,No Hit
SCR000271,C00105,2025-04-22,Ongoing Rescreen,LexisNexis Bridger,N,,,N,,N,,,,N,0,No Hit
SCR000272,C00105,2025-10-19,Ongoing Rescreen,LexisNexis Bridger,N,,,N,,N,,,,N,0,No Hit
SCR000273,C00106,2024-12-18,Initial,World-Check,N,,,N,,N,,,,N,0,No Hit
SCR000274,C00106,2025-06-16,Ongoing Rescreen,Dow Jones Risk,N,,,N,,N,,,,N,0,No Hit
SCR000275,C00106,2025-12-13,Ongoing Rescreen,World-Check,Y,UN Consolidated,N,N,,N,,,,Y,3,Cleared - False Positive
SCR000276,C00107,2024-02-17,Initial,Dow Jones Risk,N,,,N,,N,,,,N,0,No Hit
SCR000277,C00107,2024-08-15,Ongoing Rescreen,World-Check,N,,,N,,N,,,,N,0,No Hit
SCR000278,C00107,2025-02-11,Ongoing Rescreen,Dow Jones Risk,N,,,N,,N,,,,N,0,No Hit
SCR000279,C00107,2025-08-10,Ongoing Rescreen,Dow Jones Risk,N,,,N,,N,,,,N,0,No Hit
SCR000280,C00108,2025-09-05,Initial,World-Check,N,,,N,,N,,,,N,0,No Hit
SCR000281,C00109,2024-04-30,Initial,LexisNexis Bridger,N,,,N,,N,,,,N,0,No Hit
SCR000282,C00109,2024-10-27,Ongoing Rescreen,Dow Jones Risk,N,,,N,,N,,,,N,0,No Hit
SCR000283,C00109,2025-04-25,Ongoing Rescreen,World-Check,N,,,N,,N,,,,N,0,No Hit
SCR000284,C00109,2025-10-22,Ongoing Rescreen,LexisNexis Bridger,N,,,N,,N,,,,N,0,No Hit
SCR000285,C00110,2025-11-23,Initial,LexisNexis Bridger,N,,,N,,N,,,,N,0,No Hit
SCR000286,C00111,2025-11-11,Initial,LexisNexis Bridger,N,,,N,,N,,,,N,0,No Hit
SCR000287,C00112,2025-08-23,Initial,World-Check,N,,,N,,N,,,,N,0,No Hit
SCR000288,C00113,2024-03-26,Initial,LexisNexis Bridger,N,,,N,,N,,,,N,0,No Hit
SCR000289,C00113,2024-09-22,Ongoing Rescreen,World-Check,N,,,N,,N,,,,N,0,No Hit
SCR000290,C00113,2025-03-21,Ongoing Rescreen,World-Check,N,,,N,,N,,,,N,0,No Hit
SCR000291,C00113,2025-09-17,Ongoing Rescreen,Dow Jones Risk,N,,,N,,N,,,,N,0,No Hit
SCR000292,C00114,2024-10-25,Initial,Dow Jones Risk,N,,,N,,N,,,,N,0,No Hit
SCR000293,C00114,2025-04-23,Ongoing Rescreen,LexisNexis Bridger,N,,,N,,N,,,,N,0,No Hit
SCR000294,C00114,2025-10-20,Ongoing Rescreen,LexisNexis Bridger,N,,,N,,N,,,,N,0,No Hit
SCR000295,C00115,2024-01-18,Initial,World-Check,N,,,N,,N,,,,Y,0,No Hit
SCR000296,C00115,2024-07-16,Ongoing Rescreen,LexisNexis Bridger,N,,,N,,N,,,,Y,0,No Hit
SCR000297,C00115,2025-01-12,Ongoing Rescreen,World-Check,N,,,N,,N,,,,Y,0,No Hit
SCR000298,C00115,2025-07-11,Ongoing Rescreen,LexisNexis Bridger,N,,,N,,N,,,,Y,0,No Hit
SCR000299,C00116,2025-03-23,Initial,Dow Jones Risk,N,,,N,,N,,,,N,0,No Hit
SCR000300,C00116,2025-09-19,Ongoing Rescreen,Dow Jones Risk,N,,,N,,N,,,,N,0,No Hit
SCR000301,C00117,2025-09-23,Initial,Dow Jones Risk,N,,,N,,N,,,,N,0,No Hit
SCR000302,C00118,2025-01-19,Initial,Dow Jones Risk,N,,,N,,N,,,,N,0,No Hit
SCR000303,C00118,2025-07-18,Ongoing Rescreen,LexisNexis Bridger,N,,,N,,N,,,,N,0,No Hit
SCR000304,C00119,2024-01-17,Initial,LexisNexis Bridger,Y,UN Consolidated,N,N,,N,,,,Y,12,Cleared - False Positive
SCR000305,C00119,2024-07-15,Ongoing Rescreen,Dow Jones Risk,N,,,N,,N,,,,Y,0,No Hit
SCR000306,C00119,2025-01-11,Ongoing Rescreen,Dow Jones Risk,N,,,N,,N,,,,Y,0,No Hit
SCR000307,C00119,2025-07-10,Ongoing Rescreen,Dow Jones Risk,N,,,N,,N,,,,Y,0,No Hit
SCR000308,C00120,2024-08-09,Initial,Dow Jones Risk,N,,,N,,N,,,,N,0,No Hit
SCR000309,C00120,2025-02-05,Ongoing Rescreen,LexisNexis Bridger,N,,,N,,N,,,,N,0,No Hit
SCR000310,C00120,2025-08-04,Ongoing Rescreen,LexisNexis Bridger,N,,,N,,N,,,,N,0,No Hit
SCR000311,C00121,2024-05-04,Initial,World-Check,N,,,N,,N,,,,N,0,No Hit
SCR000312,C00121,2024-10-31,Ongoing Rescreen,World-Check,N,,,N,,N,,,,N,0,No Hit
SCR000313,C00121,2025-04-29,Ongoing Rescreen,World-Check,N,,,N,,N,,,,N,0,No Hit
SCR000314,C00121,2025-10-26,Ongoing Rescreen,World-Check,N,,,N,,N,,,,N,0,No Hit
SCR000315,C00122,2024-11-14,Initial,World-Check,N,,,N,,Y,Fraud,National News,N,Y,2,Cleared - False Positive
SCR000316,C00122,2025-05-13,Ongoing Rescreen,World-Check,N,,,N,,N,,,,N,0,No Hit
SCR000317,C00122,2025-11-09,Ongoing Rescreen,Dow Jones Risk,N,,,N,,N,,,,N,0,No Hit
SCR000318,C00123,2024-09-28,Initial,Dow Jones Risk,N,,,N,,N,,,,N,0,No Hit
SCR000319,C00123,2025-03-27,Ongoing Rescreen,World-Check,N,,,N,,N,,,,N,0,No Hit
SCR000320,C00123,2025-09-23,Ongoing Rescreen,Dow Jones Risk,N,,,N,,N,,,,N,0,No Hit
SCR000321,C00124,2025-08-29,Initial,LexisNexis Bridger,N,,,N,,N,,,,N,0,No Hit
SCR000322,C00125,2024-06-10,Initial,World-Check,N,,,N,,N,,,,N,0,No Hit
SCR000323,C00125,2024-12-07,Ongoing Rescreen,Dow Jones Risk,N,,,N,,N,,,,N,0,No Hit
SCR000324,C00125,2025-06-05,Ongoing Rescreen,LexisNexis Bridger,N,,,N,,N,,,,N,0,No Hit
SCR000325,C00125,2025-12-02,Ongoing Rescreen,LexisNexis Bridger,N,,,N,,N,,,,N,0,No Hit
SCR000326,C00126,2024-08-07,Initial,World-Check,Y,UK HMT/OFSI,N,N,,N,,,,Y,8,Cleared - False Positive
SCR000327,C00126,2025-02-03,Ongoing Rescreen,World-Check,Y,UN Consolidated,N,N,,N,,,,Y,8,Cleared - False Positive
SCR000328,C00126,2025-08-02,Ongoing Rescreen,LexisNexis Bridger,N,,,N,,N,,,,Y,0,No Hit
SCR000329,C00127,2024-06-22,Initial,LexisNexis Bridger,N,,,N,,N,,,,N,0,No Hit
SCR000330,C00127,2024-12-19,Ongoing Rescreen,World-Check,N,,,N,,N,,,,N,0,No Hit
SCR000331,C00127,2025-06-17,Ongoing Rescreen,Dow Jones Risk,N,,,N,,N,,,,N,0,No Hit
SCR000332,C00127,2025-12-14,Ongoing Rescreen,World-Check,N,,,N,,N,,,,N,0,No Hit
SCR000333,C00128,2025-10-12,Initial,Dow Jones Risk,N,,,N,,N,,,,N,0,No Hit
SCR000334,C00129,2024-08-03,Initial,World-Check,N,,,Y,Close Associate,N,,,,Y,2,Cleared - False Positive
SCR000335,C00129,2025-01-30,Ongoing Rescreen,World-Check,N,,,N,,N,,,,N,0,No Hit
SCR000336,C00129,2025-07-29,Ongoing Rescreen,World-Check,N,,,N,,N,,,,N,0,No Hit
SCR000337,C00130,2025-12-25,Initial,LexisNexis Bridger,N,,,N,,N,,,,N,0,No Hit
SCR000338,C00131,2025-05-02,Initial,Dow Jones Risk,N,,,N,,N,,,,N,0,No Hit
SCR000339,C00131,2025-10-29,Ongoing Rescreen,LexisNexis Bridger,N,,,N,,Y,Fraud,Court Records,N,Y,4,Cleared - False Positive
SCR000340,C00132,2024-08-12,Initial,World-Check,N,,,N,,N,,,,N,0,No Hit
SCR000341,C00132,2025-02-08,Ongoing Rescreen,LexisNexis Bridger,N,,,N,,N,,,,N,0,No Hit
SCR000342,C00132,2025-08-07,Ongoing Rescreen,World-Check,N,,,N,,N,,,,N,0,No Hit
SCR000343,C00133,2025-03-10,Initial,LexisNexis Bridger,N,,,N,,N,,,,Y,0,No Hit
SCR000344,C00133,2025-09-06,Ongoing Rescreen,LexisNexis Bridger,N,,,N,,N,,,,Y,0,No Hit
SCR000345,C00134,2024-03-30,Initial,Dow Jones Risk,Y,OFAC SDN,N,N,,N,,,,Y,3,Cleared - False Positive
SCR000346,C00134,2024-09-26,Ongoing Rescreen,World-Check,N,,,N,,N,,,,N,0,No Hit
SCR000347,C00134,2025-03-25,Ongoing Rescreen,LexisNexis Bridger,N,,,N,,N,,,,N,0,No Hit
SCR000348,C00134,2025-09-21,Ongoing Rescreen,World-Check,N,,,N,,N,,,,N,0,No Hit
SCR000349,C00135,2025-10-22,Initial,World-Check,N,,,N,,N,,,,N,0,No Hit
SCR000350,C00136,2025-11-30,Initial,Dow Jones Risk,N,,,N,,N,,,,N,0,No Hit
SCR000351,C00137,2024-08-02,Initial,LexisNexis Bridger,N,,,N,,N,,,,N,0,No Hit
SCR000352,C00137,2025-01-29,Ongoing Rescreen,LexisNexis Bridger,N,,,N,,N,,,,N,0,No Hit
SCR000353,C00137,2025-07-28,Ongoing Rescreen,LexisNexis Bridger,N,,,N,,N,,,,N,0,No Hit
SCR000354,C00138,2024-05-05,Initial,Dow Jones Risk,N,,,N,,N,,,,Y,0,No Hit
SCR000355,C00138,2024-11-01,Ongoing Rescreen,Dow Jones Risk,N,,,N,,N,,,,Y,0,No Hit
SCR000356,C00138,2025-04-30,Ongoing Rescreen,LexisNexis Bridger,Y,EU Consolidated,N,N,,N,,,,Y,6,Cleared - False Positive
SCR000357,C00138,2025-10-27,Ongoing Rescreen,Dow Jones Risk,N,,,N,,Y,Tax Evasion,Regional News,N,Y,15,Cleared - False Positive
SCR000358,C00139,2024-11-09,Initial,World-Check,N,,,N,,N,,,,N,0,No Hit
SCR000359,C00139,2025-05-08,Ongoing Rescreen,Dow Jones Risk,N,,,N,,N,,,,N,0,No Hit
SCR000360,C00139,2025-11-04,Ongoing Rescreen,Dow Jones Risk,N,,,N,,N,,,,N,0,No Hit
SCR000361,C00140,2025-07-17,Initial,LexisNexis Bridger,N,,,N,,N,,,,N,0,No Hit
SCR000362,C00141,2025-04-03,Initial,Dow Jones Risk,N,,,N,,N,,,,N,0,No Hit
SCR000363,C00141,2025-09-30,Ongoing Rescreen,Dow Jones Risk,N,,,N,,N,,,,N,0,No Hit
SCR000364,C00142,2024-01-29,Initial,Dow Jones Risk,N,,,N,,N,,,,N,0,No Hit
SCR000365,C00142,2024-07-27,Ongoing Rescreen,World-Check,N,,,N,,N,,,,N,0,No Hit
SCR000366,C00142,2025-01-23,Ongoing Rescreen,Dow Jones Risk,N,,,N,,N,,,,N,0,No Hit
SCR000367,C00142,2025-07-22,Ongoing Rescreen,World-Check,N,,,N,,N,,,,N,0,No Hit
SCR000368,C00143,2024-01-07,Initial,World-Check,N,,,N,,N,,,,N,0,No Hit
SCR000369,C00143,2024-07-05,Ongoing Rescreen,Dow Jones Risk,N,,,N,,N,,,,N,0,No Hit
SCR000370,C00143,2025-01-01,Ongoing Rescreen,World-Check,N,,,N,,N,,,,N,0,No Hit
SCR000371,C00143,2025-06-30,Ongoing Rescreen,World-Check,N,,,N,,N,,,,N,0,No Hit
SCR000372,C00143,2025-12-27,Ongoing Rescreen,Dow Jones Risk,N,,,N,,Y,Regulatory Fine,Regulator Notice,N,Y,6,Cleared - False Positive
SCR000373,C00144,2024-06-21,Initial,Dow Jones Risk,N,,,N,,N,,,,N,0,No Hit
SCR000374,C00144,2024-12-18,Ongoing Rescreen,LexisNexis Bridger,N,,,N,,N,,,,N,0,No Hit
SCR000375,C00144,2025-06-16,Ongoing Rescreen,LexisNexis Bridger,N,,,N,,N,,,,N,0,No Hit
SCR000376,C00144,2025-12-13,Ongoing Rescreen,LexisNexis Bridger,N,,,N,,N,,,,N,0,No Hit
SCR000377,C00145,2025-07-05,Initial,World-Check,N,,,N,,N,,,,N,0,No Hit
SCR000378,C00146,2024-07-09,Initial,World-Check,N,,,N,,N,,,,N,0,No Hit
SCR000379,C00146,2025-01-05,Ongoing Rescreen,Dow Jones Risk,N,,,N,,N,,,,N,0,No Hit
SCR000380,C00146,2025-07-04,Ongoing Rescreen,LexisNexis Bridger,N,,,N,,N,,,,N,0,No Hit
SCR000381,C00146,2025-12-31,Ongoing Rescreen,World-Check,N,,,N,,N,,,,N,0,No Hit
SCR000382,C00147,2025-10-15,Initial,Dow Jones Risk,N,,,N,,N,,,,N,0,No Hit
SCR000383,C00148,2024-08-05,Initial,LexisNexis Bridger,N,,,N,,N,,,,N,0,No Hit
SCR000384,C00148,2025-02-01,Ongoing Rescreen,LexisNexis Bridger,N,,,N,,N,,,,N,0,No Hit
SCR000385,C00148,2025-07-31,Ongoing Rescreen,LexisNexis Bridger,N,,,N,,N,,,,N,0,No Hit
SCR000386,C00149,2025-10-14,Initial,LexisNexis Bridger,N,,,N,,N,,,,N,0,No Hit
SCR000387,C00150,2025-11-03,Initial,World-Check,N,,,N,,N,,,,N,0,No Hit
SCR000388,C00151,2025-06-16,Initial,Dow Jones Risk,N,,,N,,N,,,,N,0,No Hit
SCR000389,C00151,2025-12-13,Ongoing Rescreen,Dow Jones Risk,N,,,N,,N,,,,N,0,No Hit
SCR000390,C00152,2024-05-08,Initial,LexisNexis Bridger,N,,,N,,N,,,,Y,0,No Hit
SCR000391,C00152,2024-11-04,Ongoing Rescreen,World-Check,N,,,N,,N,,,,Y,0,No Hit
SCR000392,C00152,2025-05-03,Ongoing Rescreen,World-Check,N,,,N,,N,,,,Y,0,No Hit
SCR000393,C00152,2025-10-30,Ongoing Rescreen,World-Check,N,,,N,,N,,,,Y,0,No Hit
SCR000394,C00153,2024-02-22,Initial,World-Check,N,,,N,,N,,,,N,0,No Hit
SCR000395,C00153,2024-08-20,Ongoing Rescreen,Dow Jones Risk,N,,,N,,N,,,,N,0,No Hit
SCR000396,C00153,2025-02-16,Ongoing Rescreen,World-Check,N,,,N,,N,,,,N,0,No Hit
SCR000397,C00153,2025-08-15,Ongoing Rescreen,Dow Jones Risk,N,,,N,,N,,,,N,0,No Hit
SCR000398,C00154,2024-05-06,Initial,Dow Jones Risk,N,,,N,,N,,,,N,0,No Hit
SCR000399,C00154,2024-11-02,Ongoing Rescreen,World-Check,N,,,N,,N,,,,N,0,No Hit
SCR000400,C00154,2025-05-01,Ongoing Rescreen,Dow Jones Risk,N,,,N,,N,,,,N,0,No Hit
SCR000401,C00154,2025-10-28,Ongoing Rescreen,Dow Jones Risk,N,,,N,,N,,,,N,0,No Hit
SCR000402,C00155,2025-04-07,Initial,Dow Jones Risk,N,,,N,,N,,,,N,0,No Hit
SCR000403,C00155,2025-10-04,Ongoing Rescreen,LexisNexis Bridger,N,,,N,,N,,,,N,0,No Hit
SCR000404,C00156,2025-05-20,Initial,LexisNexis Bridger,N,,,N,,N,,,,N,0,No Hit
SCR000405,C00156,2025-11-16,Ongoing Rescreen,Dow Jones Risk,N,,,N,,N,,,,N,0,No Hit
SCR000406,C00157,2025-12-21,Initial,World-Check,N,,,N,,N,,,,Y,0,No Hit
SCR000407,C00158,2025-11-27,Initial,Dow Jones Risk,N,,,N,,N,,,,N,0,No Hit
SCR000408,C00159,2024-08-13,Initial,Dow Jones Risk,N,,,N,,N,,,,N,0,No Hit
SCR000409,C00159,2025-02-09,Ongoing Rescreen,LexisNexis Bridger,N,,,N,,N,,,,N,0,No Hit
SCR000410,C00159,2025-08-08,Ongoing Rescreen,World-Check,N,,,N,,N,,,,N,0,No Hit
SCR000411,C00160,2024-10-11,Initial,Dow Jones Risk,N,,,N,,N,,,,N,0,No Hit
SCR000412,C00160,2025-04-09,Ongoing Rescreen,Dow Jones Risk,N,,,N,,N,,,,N,0,No Hit
SCR000413,C00160,2025-10-06,Ongoing Rescreen,World-Check,N,,,N,,N,,,,N,0,No Hit
SCR000414,C00161,2025-07-18,Initial,World-Check,N,,,N,,N,,,,N,0,No Hit
SCR000415,C00162,2025-07-19,Initial,World-Check,N,,,N,,N,,,,N,0,No Hit
SCR000416,C00163,2024-08-17,Initial,LexisNexis Bridger,N,,,N,,N,,,,N,0,No Hit
SCR000417,C00163,2025-02-13,Ongoing Rescreen,World-Check,N,,,N,,N,,,,N,0,No Hit
SCR000418,C00163,2025-08-12,Ongoing Rescreen,Dow Jones Risk,N,,,N,,N,,,,N,0,No Hit
SCR000419,C00164,2024-01-23,Initial,Dow Jones Risk,N,,,N,,N,,,,N,0,No Hit
SCR000420,C00164,2024-07-21,Ongoing Rescreen,Dow Jones Risk,N,,,N,,N,,,,N,0,No Hit
SCR000421,C00164,2025-01-17,Ongoing Rescreen,Dow Jones Risk,N,,,N,,N,,,,N,0,No Hit
SCR000422,C00164,2025-07-16,Ongoing Rescreen,World-Check,N,,,N,,N,,,,N,0,No Hit
SCR000423,C00165,2024-03-11,Initial,World-Check,N,,,N,,N,,,,N,0,No Hit
SCR000424,C00165,2024-09-07,Ongoing Rescreen,World-Check,N,,,N,,N,,,,N,0,No Hit
SCR000425,C00165,2025-03-06,Ongoing Rescreen,Dow Jones Risk,N,,,N,,N,,,,N,0,No Hit
SCR000426,C00165,2025-09-02,Ongoing Rescreen,Dow Jones Risk,N,,,N,,N,,,,N,0,No Hit
SCR000427,C00166,2025-08-25,Initial,Dow Jones Risk,N,,,N,,N,,,,N,0,No Hit
SCR000428,C00167,2024-09-11,Initial,LexisNexis Bridger,N,,,N,,N,,,,N,0,No Hit
SCR000429,C00167,2025-03-10,Ongoing Rescreen,Dow Jones Risk,N,,,Y,Close Associate,N,,,,Y,2,Cleared - False Positive
SCR000430,C00167,2025-09-06,Ongoing Rescreen,LexisNexis Bridger,N,,,N,,N,,,,N,0,No Hit
SCR000431,C00168,2025-06-12,Initial,LexisNexis Bridger,N,,,N,,N,,,,N,0,No Hit
SCR000432,C00168,2025-12-09,Ongoing Rescreen,World-Check,N,,,N,,N,,,,N,0,No Hit
SCR000433,C00169,2025-08-08,Initial,LexisNexis Bridger,N,,,N,,N,,,,N,0,No Hit
SCR000434,C00170,2025-10-17,Initial,Dow Jones Risk,N,,,N,,N,,,,N,0,No Hit
SCR000435,C00171,2024-12-25,Initial,World-Check,N,,,N,,N,,,,N,0,No Hit
SCR000436,C00171,2025-06-23,Ongoing Rescreen,World-Check,N,,,N,,N,,,,N,0,No Hit
SCR000437,C00171,2025-12-20,Ongoing Rescreen,Dow Jones Risk,N,,,N,,N,,,,N,0,No Hit
SCR000438,C00172,2025-04-10,Initial,World-Check,N,,,Y,Foreign PEP,N,,,,Y,6,Cleared - False Positive
SCR000439,C00172,2025-10-07,Ongoing Rescreen,LexisNexis Bridger,N,,,N,,N,,,,N,0,No Hit
SCR000440,C00173,2024-05-22,Initial,Dow Jones Risk,N,,,N,,N,,,,N,0,No Hit
SCR000441,C00173,2024-11-18,Ongoing Rescreen,Dow Jones Risk,N,,,N,,N,,,,N,0,No Hit
SCR000442,C00173,2025-05-17,Ongoing Rescreen,LexisNexis Bridger,N,,,N,,N,,,,N,0,No Hit
SCR000443,C00173,2025-11-13,Ongoing Rescreen,World-Check,N,,,N,,N,,,,N,0,No Hit
SCR000444,C00174,2025-11-19,Initial,Dow Jones Risk,N,,,N,,N,,,,N,0,No Hit
SCR000445,C00175,2025-10-07,Initial,LexisNexis Bridger,N,,,N,,N,,,,N,0,No Hit
SCR000446,C00176,2024-10-11,Initial,LexisNexis Bridger,N,,,N,,N,,,,N,0,No Hit
SCR000447,C00176,2025-04-09,Ongoing Rescreen,Dow Jones Risk,N,,,N,,N,,,,N,0,No Hit
SCR000448,C00176,2025-10-06,Ongoing Rescreen,LexisNexis Bridger,N,,,N,,N,,,,N,0,No Hit
SCR000449,C00177,2024-09-25,Initial,World-Check,N,,,N,,N,,,,N,0,No Hit
SCR000450,C00177,2025-03-24,Ongoing Rescreen,World-Check,N,,,N,,N,,,,N,0,No Hit
SCR000451,C00177,2025-09-20,Ongoing Rescreen,World-Check,N,,,N,,N,,,,N,0,No Hit
SCR000452,C00178,2025-06-19,Initial,LexisNexis Bridger,N,,,N,,N,,,,N,0,No Hit
SCR000453,C00178,2025-12-16,Ongoing Rescreen,Dow Jones Risk,N,,,N,,N,,,,N,0,No Hit
SCR000454,C00179,2024-10-29,Initial,Dow Jones Risk,N,,,N,,N,,,,Y,0,No Hit
SCR000455,C00179,2025-04-27,Ongoing Rescreen,World-Check,N,,,N,,Y,Bribery & Corruption,Court Records,Y,Y,4,Escalate to EDD
SCR000456,C00179,2025-10-24,Ongoing Rescreen,LexisNexis Bridger,N,,,N,,N,,,,Y,0,No Hit
SCR000457,C00180,2025-06-14,Initial,LexisNexis Bridger,N,,,N,,N,,,,N,0,No Hit
SCR000458,C00180,2025-12-11,Ongoing Rescreen,LexisNexis Bridger,N,,,N,,Y,Organised Crime,Online Blog,N,Y,6,Cleared - False Positive
SCR000459,C00181,2024-03-07,Initial,World-Check,N,,,N,,Y,Fraud,National News,N,Y,1,Cleared - False Positive
SCR000460,C00181,2024-09-03,Ongoing Rescreen,Dow Jones Risk,N,,,N,,N,,,,N,0,No Hit
SCR000461,C00181,2025-03-02,Ongoing Rescreen,Dow Jones Risk,N,,,N,,N,,,,N,0,No Hit
SCR000462,C00181,2025-08-29,Ongoing Rescreen,World-Check,N,,,N,,N,,,,N,0,No Hit
SCR000463,C00182,2024-07-15,Initial,Dow Jones Risk,N,,,N,,N,,,,N,0,No Hit
SCR000464,C00182,2025-01-11,Ongoing Rescreen,Dow Jones Risk,N,,,N,,N,,,,N,0,No Hit
SCR000465,C00182,2025-07-10,Ongoing Rescreen,LexisNexis Bridger,N,,,N,,N,,,,N,0,No Hit
SCR000466,C00183,2025-07-24,Initial,World-Check,N,,,N,,N,,,,N,0,No Hit
SCR000467,C00184,2025-11-03,Initial,LexisNexis Bridger,N,,,N,,N,,,,N,0,No Hit
SCR000468,C00185,2024-01-20,Initial,World-Check,N,,,N,,N,,,,N,0,No Hit
SCR000469,C00185,2024-07-18,Ongoing Rescreen,LexisNexis Bridger,N,,,N,,N,,,,N,0,No Hit
SCR000470,C00185,2025-01-14,Ongoing Rescreen,LexisNexis Bridger,N,,,N,,N,,,,N,0,No Hit
SCR000471,C00185,2025-07-13,Ongoing Rescreen,Dow Jones Risk,N,,,N,,N,,,,N,0,No Hit
SCR000472,C00186,2025-07-23,Initial,World-Check,N,,,N,,N,,,,N,0,No Hit
SCR000473,C00187,2024-02-20,Initial,LexisNexis Bridger,N,,,N,,N,,,,N,0,No Hit
SCR000474,C00187,2024-08-18,Ongoing Rescreen,World-Check,N,,,N,,N,,,,N,0,No Hit
SCR000475,C00187,2025-02-14,Ongoing Rescreen,Dow Jones Risk,N,,,N,,N,,,,N,0,No Hit
SCR000476,C00187,2025-08-13,Ongoing Rescreen,World-Check,N,,,N,,N,,,,N,0,No Hit
SCR000477,C00188,2025-09-25,Initial,Dow Jones Risk,N,,,N,,N,,,,N,0,No Hit
SCR000478,C00189,2024-07-04,Initial,LexisNexis Bridger,N,,,N,,N,,,,N,0,No Hit
SCR000479,C00189,2024-12-31,Ongoing Rescreen,LexisNexis Bridger,N,,,N,,Y,Bribery & Corruption,Court Records,N,Y,7,Cleared - False Positive
SCR000480,C00189,2025-06-29,Ongoing Rescreen,Dow Jones Risk,N,,,N,,N,,,,N,0,No Hit
SCR000481,C00189,2025-12-26,Ongoing Rescreen,World-Check,N,,,N,,N,,,,N,0,No Hit
SCR000482,C00190,2024-09-22,Initial,Dow Jones Risk,N,,,N,,N,,,,N,0,No Hit
SCR000483,C00190,2025-03-21,Ongoing Rescreen,Dow Jones Risk,N,,,N,,Y,Bribery & Corruption,Online Blog,N,Y,6,Cleared - False Positive
SCR000484,C00190,2025-09-17,Ongoing Rescreen,World-Check,N,,,N,,N,,,,N,0,No Hit
SCR000485,C00191,2025-06-08,Initial,LexisNexis Bridger,N,,,N,,N,,,,N,0,No Hit
SCR000486,C00191,2025-12-05,Ongoing Rescreen,LexisNexis Bridger,N,,,N,,Y,Fraud,Court Records,N,Y,8,Cleared - False Positive
SCR000487,C00192,2025-09-06,Initial,LexisNexis Bridger,N,,,N,,N,,,,N,0,No Hit
SCR000488,C00193,2024-10-30,Initial,LexisNexis Bridger,N,,,N,,N,,,,N,0,No Hit
SCR000489,C00193,2025-04-28,Ongoing Rescreen,World-Check,N,,,N,,N,,,,N,0,No Hit
SCR000490,C00193,2025-10-25,Ongoing Rescreen,Dow Jones Risk,N,,,N,,N,,,,N,0,No Hit
SCR000491,C00194,2024-08-18,Initial,LexisNexis Bridger,N,,,N,,N,,,,N,0,No Hit
SCR000492,C00194,2025-02-14,Ongoing Rescreen,Dow Jones Risk,N,,,N,,N,,,,N,0,No Hit
SCR000493,C00194,2025-08-13,Ongoing Rescreen,World-Check,N,,,N,,N,,,,N,0,No Hit
SCR000494,C00195,2025-12-17,Initial,LexisNexis Bridger,N,,,N,,N,,,,N,0,No Hit
SCR000495,C00196,2025-12-05,Initial,Dow Jones Risk,N,,,N,,N,,,,N,0,No Hit
SCR000496,C00197,2025-01-18,Initial,LexisNexis Bridger,N,,,N,,N,,,,N,0,No Hit
SCR000497,C00197,2025-07-17,Ongoing Rescreen,World-Check,Y,OFAC SDN,N,N,,N,,,,Y,2,Cleared - False Positive
SCR000498,C00198,2024-01-18,Initial,Dow Jones Risk,N,,,N,,N,,,,N,0,No Hit
SCR000499,C00198,2024-07-16,Ongoing Rescreen,World-Check,N,,,N,,N,,,,N,0,No Hit
SCR000500,C00198,2025-01-12,Ongoing Rescreen,World-Check,N,,,N,,N,,,,N,0,No Hit
SCR000501,C00198,2025-07-11,Ongoing Rescreen,Dow Jones Risk,N,,,N,,N,,,,N,0,No Hit
SCR000502,C00199,2025-12-09,Initial,LexisNexis Bridger,N,,,N,,N,,,,N,0,No Hit
SCR000503,C00200,2025-03-28,Initial,World-Check,N,,,N,,N,,,,N,0,No Hit
SCR000504,C00200,2025-09-24,Ongoing Rescreen,World-Check,N,,,N,,N,,,,N,0,No Hit
SCR000505,C00201,2025-02-08,Initial,LexisNexis Bridger,N,,,N,,N,,,,N,0,No Hit
SCR000506,C00201,2025-08-07,Ongoing Rescreen,Dow Jones Risk,N,,,N,,N,,,,N,0,No Hit
SCR000507,C00202,2024-03-23,Initial,Dow Jones Risk,N,,,N,,N,,,,N,0,No Hit
SCR000508,C00202,2024-09-19,Ongoing Rescreen,Dow Jones Risk,N,,,N,,N,,,,N,0,No Hit
SCR000509,C00202,2025-03-18,Ongoing Rescreen,LexisNexis Bridger,N,,,N,,N,,,,N,0,No Hit
SCR000510,C00202,2025-09-14,Ongoing Rescreen,World-Check,N,,,N,,N,,,,N,0,No Hit
SCR000511,C00203,2025-12-27,Initial,Dow Jones Risk,N,,,N,,N,,,,N,0,No Hit
SCR000512,C00204,2025-06-09,Initial,LexisNexis Bridger,N,,,N,,N,,,,N,0,No Hit
SCR000513,C00204,2025-12-06,Ongoing Rescreen,World-Check,N,,,N,,N,,,,N,0,No Hit
SCR000514,C00205,2024-06-08,Initial,LexisNexis Bridger,N,,,N,,N,,,,N,0,No Hit
SCR000515,C00205,2024-12-05,Ongoing Rescreen,World-Check,N,,,N,,N,,,,N,0,No Hit
SCR000516,C00205,2025-06-03,Ongoing Rescreen,World-Check,N,,,N,,N,,,,N,0,No Hit
SCR000517,C00205,2025-11-30,Ongoing Rescreen,LexisNexis Bridger,N,,,N,,N,,,,N,0,No Hit
SCR000518,C00206,2024-09-22,Initial,Dow Jones Risk,N,,,Y,Domestic PEP,N,,,,Y,19,Cleared - False Positive
SCR000519,C00206,2025-03-21,Ongoing Rescreen,World-Check,N,,,Y,Close Associate,N,,,,Y,4,Cleared - False Positive
SCR000520,C00206,2025-09-17,Ongoing Rescreen,World-Check,N,,,Y,Foreign PEP,Y,Fraud,Regional News,N,Y,3,Cleared - False Positive
SCR000521,C00207,2024-09-08,Initial,LexisNexis Bridger,N,,,N,,N,,,,N,0,No Hit
SCR000522,C00207,2025-03-07,Ongoing Rescreen,World-Check,N,,,N,,N,,,,N,0,No Hit
SCR000523,C00207,2025-09-03,Ongoing Rescreen,LexisNexis Bridger,N,,,N,,N,,,,N,0,No Hit
SCR000524,C00208,2025-09-28,Initial,Dow Jones Risk,N,,,N,,N,,,,N,0,No Hit
SCR000525,C00209,2024-12-13,Initial,Dow Jones Risk,N,,,N,,N,,,,N,0,No Hit
SCR000526,C00209,2025-06-11,Ongoing Rescreen,Dow Jones Risk,N,,,N,,N,,,,N,0,No Hit
SCR000527,C00209,2025-12-08,Ongoing Rescreen,World-Check,N,,,N,,N,,,,N,0,No Hit
SCR000528,C00210,2025-09-29,Initial,World-Check,N,,,N,,N,,,,N,0,No Hit
SCR000529,C00211,2025-05-17,Initial,LexisNexis Bridger,N,,,N,,N,,,,N,0,No Hit
SCR000530,C00211,2025-11-13,Ongoing Rescreen,World-Check,N,,,N,,N,,,,N,0,No Hit
SCR000531,C00212,2024-09-26,Initial,World-Check,N,,,N,,N,,,,N,0,No Hit
SCR000532,C00212,2025-03-25,Ongoing Rescreen,World-Check,N,,,N,,N,,,,N,0,No Hit
SCR000533,C00212,2025-09-21,Ongoing Rescreen,LexisNexis Bridger,Y,EU Consolidated,N,N,,N,,,,Y,2,Cleared - False Positive
SCR000534,C00213,2024-10-23,Initial,World-Check,N,,,N,,N,,,,N,0,No Hit
SCR000535,C00213,2025-04-21,Ongoing Rescreen,World-Check,N,,,N,,N,,,,N,0,No Hit
SCR000536,C00213,2025-10-18,Ongoing Rescreen,Dow Jones Risk,N,,,N,,N,,,,N,0,No Hit
SCR000537,C00214,2025-08-15,Initial,World-Check,N,,,N,,N,,,,N,0,No Hit
SCR000538,C00215,2024-12-31,Initial,Dow Jones Risk,N,,,N,,N,,,,N,0,No Hit
SCR000539,C00215,2025-06-29,Ongoing Rescreen,World-Check,N,,,N,,N,,,,N,0,No Hit
SCR000540,C00215,2025-12-26,Ongoing Rescreen,LexisNexis Bridger,N,,,N,,N,,,,N,0,No Hit
SCR000541,C00216,2025-05-12,Initial,World-Check,N,,,N,,N,,,,N,0,No Hit
SCR000542,C00216,2025-11-08,Ongoing Rescreen,World-Check,N,,,N,,N,,,,N,0,No Hit
SCR000543,C00217,2024-03-30,Initial,World-Check,N,,,N,,N,,,,N,0,No Hit
SCR000544,C00217,2024-09-26,Ongoing Rescreen,LexisNexis Bridger,N,,,N,,N,,,,N,0,No Hit
SCR000545,C00217,2025-03-25,Ongoing Rescreen,LexisNexis Bridger,N,,,N,,N,,,,N,0,No Hit
SCR000546,C00217,2025-09-21,Ongoing Rescreen,World-Check,N,,,N,,N,,,,N,0,No Hit
SCR000547,C00218,2024-11-07,Initial,LexisNexis Bridger,N,,,N,,N,,,,N,0,No Hit
SCR000548,C00218,2025-05-06,Ongoing Rescreen,Dow Jones Risk,N,,,N,,N,,,,N,0,No Hit
SCR000549,C00218,2025-11-02,Ongoing Rescreen,World-Check,N,,,N,,N,,,,N,0,No Hit
SCR000550,C00219,2025-02-25,Initial,LexisNexis Bridger,N,,,N,,N,,,,N,0,No Hit
SCR000551,C00219,2025-08-24,Ongoing Rescreen,Dow Jones Risk,N,,,N,,Y,Fraud,National News,N,Y,7,Cleared - False Positive
SCR000552,C00220,2024-09-07,Initial,World-Check,N,,,N,,Y,Money Laundering,Online Blog,N,Y,3,Cleared - False Positive
SCR000553,C00220,2025-03-06,Ongoing Rescreen,Dow Jones Risk,N,,,N,,N,,,,Y,0,No Hit
SCR000554,C00220,2025-09-02,Ongoing Rescreen,Dow Jones Risk,N,,,N,,Y,Fraud,Online Blog,N,Y,7,Cleared - False Positive
SCR000555,C00221,2025-09-11,Initial,Dow Jones Risk,N,,,N,,N,,,,N,0,No Hit
SCR000556,C00222,2024-06-02,Initial,LexisNexis Bridger,N,,,N,,Y,Regulatory Fine,Regional News,N,Y,5,Cleared - False Positive
SCR000557,C00222,2024-11-29,Ongoing Rescreen,World-Check,N,,,N,,N,,,,N,0,No Hit
SCR000558,C00222,2025-05-28,Ongoing Rescreen,LexisNexis Bridger,N,,,N,,N,,,,N,0,No Hit
SCR000559,C00222,2025-11-24,Ongoing Rescreen,LexisNexis Bridger,N,,,N,,N,,,,N,0,No Hit
SCR000560,C00223,2025-09-12,Initial,World-Check,N,,,N,,N,,,,N,0,No Hit
SCR000561,C00224,2024-02-16,Initial,LexisNexis Bridger,N,,,N,,N,,,,N,0,No Hit
SCR000562,C00224,2024-08-14,Ongoing Rescreen,LexisNexis Bridger,N,,,N,,N,,,,N,0,No Hit
SCR000563,C00224,2025-02-10,Ongoing Rescreen,LexisNexis Bridger,Y,EU Consolidated,N,N,,N,,,,Y,1,Cleared - False Positive
SCR000564,C00224,2025-08-09,Ongoing Rescreen,LexisNexis Bridger,N,,,N,,N,,,,N,0,No Hit
SCR000565,C00225,2024-11-08,Initial,World-Check,N,,,N,,N,,,,N,0,No Hit
SCR000566,C00225,2025-05-07,Ongoing Rescreen,World-Check,N,,,N,,N,,,,N,0,No Hit
SCR000567,C00225,2025-11-03,Ongoing Rescreen,World-Check,N,,,N,,N,,,,N,0,No Hit
SCR000568,C00226,2025-01-13,Initial,World-Check,N,,,N,,N,,,,N,0,No Hit
SCR000569,C00226,2025-07-12,Ongoing Rescreen,World-Check,N,,,N,,N,,,,N,0,No Hit
SCR000570,C00227,2024-07-04,Initial,World-Check,N,,,N,,N,,,,Y,0,No Hit
SCR000571,C00227,2024-12-31,Ongoing Rescreen,LexisNexis Bridger,N,,,N,,N,,,,Y,0,No Hit
SCR000572,C00227,2025-06-29,Ongoing Rescreen,World-Check,N,,,N,,N,,,,Y,0,No Hit
SCR000573,C00227,2025-12-26,Ongoing Rescreen,Dow Jones Risk,N,,,N,,N,,,,Y,0,No Hit
SCR000574,C00228,2025-01-29,Initial,LexisNexis Bridger,N,,,N,,N,,,,N,0,No Hit
SCR000575,C00228,2025-07-28,Ongoing Rescreen,LexisNexis Bridger,N,,,N,,N,,,,N,0,No Hit
SCR000576,C00229,2025-10-20,Initial,LexisNexis Bridger,N,,,N,,N,,,,N,0,No Hit
SCR000577,C00230,2024-11-20,Initial,World-Check,N,,,N,,N,,,,N,0,No Hit
SCR000578,C00230,2025-05-19,Ongoing Rescreen,World-Check,N,,,N,,N,,,,N,0,No Hit
SCR000579,C00230,2025-11-15,Ongoing Rescreen,LexisNexis Bridger,N,,,N,,N,,,,N,0,No Hit
SCR000580,C00231,2025-01-29,Initial,LexisNexis Bridger,N,,,N,,N,,,,N,0,No Hit
SCR000581,C00231,2025-07-28,Ongoing Rescreen,World-Check,N,,,N,,N,,,,N,0,No Hit
SCR000582,C00232,2025-11-25,Initial,Dow Jones Risk,N,,,N,,N,,,,N,0,No Hit
SCR000583,C00233,2025-11-06,Initial,LexisNexis Bridger,N,,,N,,N,,,,N,0,No Hit
SCR000584,C00234,2024-01-11,Initial,LexisNexis Bridger,N,,,N,,N,,,,N,0,No Hit
SCR000585,C00234,2024-07-09,Ongoing Rescreen,LexisNexis Bridger,N,,,N,,N,,,,N,0,No Hit
SCR000586,C00234,2025-01-05,Ongoing Rescreen,Dow Jones Risk,N,,,N,,N,,,,N,0,No Hit
SCR000587,C00234,2025-07-04,Ongoing Rescreen,Dow Jones Risk,N,,,N,,N,,,,N,0,No Hit
SCR000588,C00234,2025-12-31,Ongoing Rescreen,LexisNexis Bridger,N,,,N,,N,,,,N,0,No Hit
SCR000589,C00235,2025-06-14,Initial,World-Check,N,,,N,,N,,,,N,0,No Hit
SCR000590,C00235,2025-12-11,Ongoing Rescreen,LexisNexis Bridger,N,,,N,,Y,Fraud,Regional News,N,Y,5,Cleared - False Positive
SCR000591,C00236,2025-09-13,Initial,World-Check,N,,,N,,N,,,,N,0,No Hit
SCR000592,C00237,2025-11-19,Initial,World-Check,N,,,N,,N,,,,N,0,No Hit
SCR000593,C00238,2025-08-08,Initial,Dow Jones Risk,N,,,N,,N,,,,N,0,No Hit
SCR000594,C00239,2024-03-01,Initial,LexisNexis Bridger,N,,,N,,N,,,,N,0,No Hit
SCR000595,C00239,2024-08-28,Ongoing Rescreen,World-Check,N,,,Y,Foreign PEP,N,,,,Y,7,Cleared - False Positive
SCR000596,C00239,2025-02-24,Ongoing Rescreen,World-Check,N,,,N,,N,,,,N,0,No Hit
SCR000597,C00239,2025-08-23,Ongoing Rescreen,World-Check,N,,,N,,N,,,,N,0,No Hit
SCR000598,C00240,2025-07-08,Initial,World-Check,N,,,N,,N,,,,N,0,No Hit
SCR000599,C00241,2025-09-09,Initial,LexisNexis Bridger,Y,UK HMT/OFSI,N,Y,Close Associate,Y,Organised Crime,Regulator Notice,N,Y,12,Cleared - False Positive
SCR000600,C00242,2025-01-18,Initial,LexisNexis Bridger,N,,,N,,N,,,,N,0,No Hit
SCR000601,C00242,2025-07-17,Ongoing Rescreen,World-Check,N,,,N,,N,,,,N,0,No Hit
SCR000602,C00243,2024-01-16,Initial,World-Check,N,,,N,,N,,,,N,0,No Hit
SCR000603,C00243,2024-07-14,Ongoing Rescreen,World-Check,N,,,N,,N,,,,N,0,No Hit
SCR000604,C00243,2025-01-10,Ongoing Rescreen,Dow Jones Risk,N,,,N,,Y,Tax Evasion,National News,N,Y,4,Cleared - False Positive
SCR000605,C00243,2025-07-09,Ongoing Rescreen,World-Check,N,,,N,,N,,,,N,0,No Hit
SCR000606,C00244,2024-05-19,Initial,LexisNexis Bridger,N,,,N,,N,,,,N,0,No Hit
SCR000607,C00244,2024-11-15,Ongoing Rescreen,Dow Jones Risk,N,,,N,,N,,,,N,0,No Hit
SCR000608,C00244,2025-05-14,Ongoing Rescreen,World-Check,N,,,N,,N,,,,N,0,No Hit
SCR000609,C00244,2025-11-10,Ongoing Rescreen,World-Check,N,,,N,,N,,,,N,0,No Hit
SCR000610,C00245,2024-07-20,Initial,World-Check,N,,,N,,N,,,,N,0,No Hit
SCR000611,C00245,2025-01-16,Ongoing Rescreen,Dow Jones Risk,N,,,N,,N,,,,N,0,No Hit
SCR000612,C00245,2025-07-15,Ongoing Rescreen,Dow Jones Risk,N,,,N,,N,,,,N,0,No Hit
SCR000613,C00246,2025-09-22,Initial,World-Check,N,,,N,,N,,,,N,0,No Hit
SCR000614,C00247,2024-04-01,Initial,LexisNexis Bridger,N,,,N,,N,,,,N,0,No Hit
SCR000615,C00247,2024-09-28,Ongoing Rescreen,Dow Jones Risk,N,,,N,,N,,,,N,0,No Hit
SCR000616,C00247,2025-03-27,Ongoing Rescreen,Dow Jones Risk,N,,,N,,N,,,,N,0,No Hit
SCR000617,C00247,2025-09-23,Ongoing Rescreen,LexisNexis Bridger,N,,,N,,N,,,,N,0,No Hit
SCR000618,C00248,2025-06-28,Initial,LexisNexis Bridger,N,,,N,,N,,,,N,0,No Hit
SCR000619,C00248,2025-12-25,Ongoing Rescreen,LexisNexis Bridger,N,,,N,,N,,,,N,0,No Hit
SCR000620,C00249,2024-05-10,Initial,World-Check,N,,,N,,N,,,,N,0,No Hit
SCR000621,C00249,2024-11-06,Ongoing Rescreen,World-Check,N,,,N,,N,,,,N,0,No Hit
SCR000622,C00249,2025-05-05,Ongoing Rescreen,Dow Jones Risk,N,,,N,,N,,,,N,0,No Hit
SCR000623,C00249,2025-11-01,Ongoing Rescreen,Dow Jones Risk,N,,,N,,N,,,,N,0,No Hit
SCR000624,C00250,2025-08-31,Initial,World-Check,N,,,N,,N,,,,N,0,No Hit
SCR000625,C00251,2024-01-09,Initial,Dow Jones Risk,N,,,N,,N,,,,N,0,No Hit
SCR000626,C00251,2024-07-07,Ongoing Rescreen,Dow Jones Risk,N,,,N,,N,,,,N,0,No Hit
SCR000627,C00251,2025-01-03,Ongoing Rescreen,LexisNexis Bridger,N,,,N,,N,,,,N,0,No Hit
SCR000628,C00251,2025-07-02,Ongoing Rescreen,Dow Jones Risk,N,,,N,,N,,,,N,0,No Hit
SCR000629,C00251,2025-12-29,Ongoing Rescreen,World-Check,N,,,N,,N,,,,N,0,No Hit
SCR000630,C00252,2024-06-21,Initial,World-Check,N,,,N,,N,,,,N,0,No Hit
SCR000631,C00252,2024-12-18,Ongoing Rescreen,Dow Jones Risk,N,,,N,,N,,,,N,0,No Hit
SCR000632,C00252,2025-06-16,Ongoing Rescreen,LexisNexis Bridger,N,,,N,,N,,,,N,0,No Hit
SCR000633,C00252,2025-12-13,Ongoing Rescreen,Dow Jones Risk,N,,,N,,Y,Money Laundering,National News,N,Y,1,Cleared - False Positive
SCR000634,C00253,2024-03-15,Initial,World-Check,N,,,N,,N,,,,N,0,No Hit
SCR000635,C00253,2024-09-11,Ongoing Rescreen,World-Check,N,,,N,,Y,Bribery & Corruption,Online Blog,N,Y,3,Cleared - False Positive
SCR000636,C00253,2025-03-10,Ongoing Rescreen,Dow Jones Risk,N,,,N,,N,,,,N,0,No Hit
SCR000637,C00253,2025-09-06,Ongoing Rescreen,Dow Jones Risk,N,,,N,,N,,,,N,0,No Hit
SCR000638,C00254,2025-02-09,Initial,Dow Jones Risk,N,,,N,,N,,,,N,0,No Hit
SCR000639,C00254,2025-08-08,Ongoing Rescreen,Dow Jones Risk,N,,,N,,N,,,,N,0,No Hit
SCR000640,C00255,2025-07-24,Initial,World-Check,N,,,N,,N,,,,N,0,No Hit
SCR000641,C00256,2024-10-31,Initial,LexisNexis Bridger,N,,,N,,N,,,,N,0,No Hit
SCR000642,C00256,2025-04-29,Ongoing Rescreen,Dow Jones Risk,N,,,N,,N,,,,N,0,No Hit
SCR000643,C00256,2025-10-26,Ongoing Rescreen,World-Check,N,,,N,,N,,,,N,0,No Hit
SCR000644,C00257,2025-01-25,Initial,Dow Jones Risk,N,,,N,,N,,,,N,0,No Hit
SCR000645,C00257,2025-07-24,Ongoing Rescreen,LexisNexis Bridger,N,,,N,,N,,,,N,0,No Hit
SCR000646,C00258,2025-04-12,Initial,World-Check,N,,,N,,N,,,,N,0,No Hit
SCR000647,C00258,2025-10-09,Ongoing Rescreen,LexisNexis Bridger,N,,,N,,N,,,,N,0,No Hit
SCR000648,C00259,2024-11-28,Initial,Dow Jones Risk,N,,,N,,N,,,,N,0,No Hit
SCR000649,C00259,2025-05-27,Ongoing Rescreen,LexisNexis Bridger,N,,,N,,N,,,,N,0,No Hit
SCR000650,C00259,2025-11-23,Ongoing Rescreen,Dow Jones Risk,N,,,N,,N,,,,N,0,No Hit
SCR000651,C00260,2025-07-04,Initial,LexisNexis Bridger,N,,,N,,N,,,,N,0,No Hit
SCR000652,C00260,2025-12-31,Ongoing Rescreen,LexisNexis Bridger,N,,,N,,N,,,,N,0,No Hit
SCR000653,C00261,2024-07-26,Initial,World-Check,N,,,N,,N,,,,N,0,No Hit
SCR000654,C00261,2025-01-22,Ongoing Rescreen,World-Check,N,,,N,,N,,,,N,0,No Hit
SCR000655,C00261,2025-07-21,Ongoing Rescreen,Dow Jones Risk,N,,,N,,N,,,,N,0,No Hit
SCR000656,C00262,2024-05-06,Initial,LexisNexis Bridger,N,,,N,,N,,,,N,0,No Hit
SCR000657,C00262,2024-11-02,Ongoing Rescreen,World-Check,Y,OFAC SDN,N,N,,N,,,,Y,4,Cleared - False Positive
SCR000658,C00262,2025-05-01,Ongoing Rescreen,Dow Jones Risk,N,,,N,,N,,,,N,0,No Hit
SCR000659,C00262,2025-10-28,Ongoing Rescreen,LexisNexis Bridger,N,,,N,,N,,,,N,0,No Hit
SCR000660,C00263,2024-05-16,Initial,LexisNexis Bridger,N,,,N,,N,,,,N,0,No Hit
SCR000661,C00263,2024-11-12,Ongoing Rescreen,World-Check,N,,,N,,N,,,,N,0,No Hit
SCR000662,C00263,2025-05-11,Ongoing Rescreen,World-Check,N,,,N,,N,,,,N,0,No Hit
SCR000663,C00263,2025-11-07,Ongoing Rescreen,LexisNexis Bridger,N,,,N,,N,,,,N,0,No Hit
SCR000664,C00264,2024-05-07,Initial,LexisNexis Bridger,N,,,N,,N,,,,N,0,No Hit
SCR000665,C00264,2024-11-03,Ongoing Rescreen,LexisNexis Bridger,N,,,N,,N,,,,N,0,No Hit
SCR000666,C00264,2025-05-02,Ongoing Rescreen,Dow Jones Risk,N,,,N,,N,,,,N,0,No Hit
SCR000667,C00264,2025-10-29,Ongoing Rescreen,Dow Jones Risk,N,,,N,,N,,,,N,0,No Hit
SCR000668,C00265,2024-01-28,Initial,LexisNexis Bridger,N,,,Y,Close Associate,Y,Organised Crime,Online Blog,N,Y,1,Cleared - False Positive
SCR000669,C00265,2024-07-26,Ongoing Rescreen,Dow Jones Risk,N,,,Y,Close Associate,N,,,,Y,4,Cleared - False Positive
SCR000670,C00265,2025-01-22,Ongoing Rescreen,LexisNexis Bridger,N,,,Y,Family Member,Y,Organised Crime,Online Blog,Y,Y,5,Escalate to EDD
SCR000671,C00265,2025-07-21,Ongoing Rescreen,Dow Jones Risk,N,,,Y,Close Associate,N,,,,Y,15,Cleared - False Positive
SCR000672,C00266,2024-02-01,Initial,Dow Jones Risk,N,,,N,,N,,,,N,0,No Hit
SCR000673,C00266,2024-07-30,Ongoing Rescreen,World-Check,N,,,N,,N,,,,N,0,No Hit
SCR000674,C00266,2025-01-26,Ongoing Rescreen,LexisNexis Bridger,N,,,N,,N,,,,N,0,No Hit
SCR000675,C00266,2025-07-25,Ongoing Rescreen,World-Check,N,,,N,,N,,,,N,0,No Hit
SCR000676,C00267,2024-02-08,Initial,LexisNexis Bridger,N,,,N,,N,,,,N,0,No Hit
SCR000677,C00267,2024-08-06,Ongoing Rescreen,World-Check,N,,,N,,N,,,,N,0,No Hit
SCR000678,C00267,2025-02-02,Ongoing Rescreen,LexisNexis Bridger,N,,,N,,N,,,,N,0,No Hit
SCR000679,C00267,2025-08-01,Ongoing Rescreen,LexisNexis Bridger,N,,,N,,N,,,,N,0,No Hit
SCR000680,C00268,2024-04-24,Initial,World-Check,N,,,N,,N,,,,N,0,No Hit
SCR000681,C00268,2024-10-21,Ongoing Rescreen,Dow Jones Risk,N,,,N,,N,,,,N,0,No Hit
SCR000682,C00268,2025-04-19,Ongoing Rescreen,LexisNexis Bridger,N,,,Y,Domestic PEP,N,,,,Y,3,Cleared - False Positive
SCR000683,C00268,2025-10-16,Ongoing Rescreen,LexisNexis Bridger,N,,,N,,N,,,,N,0,No Hit
SCR000684,C00269,2025-04-08,Initial,Dow Jones Risk,N,,,N,,N,,,,N,0,No Hit
SCR000685,C00269,2025-10-05,Ongoing Rescreen,Dow Jones Risk,N,,,N,,N,,,,N,0,No Hit
SCR000686,C00270,2024-06-24,Initial,World-Check,N,,,N,,N,,,,N,0,No Hit
SCR000687,C00270,2024-12-21,Ongoing Rescreen,Dow Jones Risk,N,,,N,,N,,,,N,0,No Hit
SCR000688,C00270,2025-06-19,Ongoing Rescreen,World-Check,N,,,N,,N,,,,N,0,No Hit
SCR000689,C00270,2025-12-16,Ongoing Rescreen,Dow Jones Risk,N,,,N,,N,,,,N,0,No Hit
SCR000690,C00271,2025-03-03,Initial,World-Check,Y,OFAC SDN,N,N,,N,,,,Y,5,Cleared - False Positive
SCR000691,C00271,2025-08-30,Ongoing Rescreen,World-Check,N,,,N,,N,,,,N,0,No Hit
SCR000692,C00272,2024-02-23,Initial,Dow Jones Risk,N,,,N,,N,,,,N,0,No Hit
SCR000693,C00272,2024-08-21,Ongoing Rescreen,LexisNexis Bridger,N,,,N,,N,,,,N,0,No Hit
SCR000694,C00272,2025-02-17,Ongoing Rescreen,World-Check,N,,,N,,N,,,,N,0,No Hit
SCR000695,C00272,2025-08-16,Ongoing Rescreen,LexisNexis Bridger,N,,,N,,N,,,,N,0,No Hit
SCR000696,C00273,2025-08-08,Initial,Dow Jones Risk,N,,,N,,N,,,,N,0,No Hit
SCR000697,C00274,2024-09-17,Initial,Dow Jones Risk,N,,,N,,N,,,,N,0,No Hit
SCR000698,C00274,2025-03-16,Ongoing Rescreen,Dow Jones Risk,N,,,N,,N,,,,N,0,No Hit
SCR000699,C00274,2025-09-12,Ongoing Rescreen,LexisNexis Bridger,N,,,N,,N,,,,N,0,No Hit
SCR000700,C00275,2024-11-18,Initial,World-Check,N,,,N,,N,,,,N,0,No Hit
SCR000701,C00275,2025-05-17,Ongoing Rescreen,LexisNexis Bridger,N,,,N,,N,,,,N,0,No Hit
SCR000702,C00275,2025-11-13,Ongoing Rescreen,Dow Jones Risk,N,,,N,,N,,,,N,0,No Hit
SCR000703,C00276,2025-05-08,Initial,World-Check,N,,,N,,N,,,,N,0,No Hit
SCR000704,C00276,2025-11-04,Ongoing Rescreen,World-Check,N,,,N,,N,,,,N,0,No Hit
SCR000705,C00277,2025-12-30,Initial,Dow Jones Risk,N,,,N,,N,,,,N,0,No Hit
SCR000706,C00278,2025-08-02,Initial,Dow Jones Risk,N,,,N,,N,,,,N,0,No Hit
SCR000707,C00279,2024-10-20,Initial,LexisNexis Bridger,N,,,Y,Foreign PEP,N,,,,Y,1,Cleared - False Positive
SCR000708,C00279,2025-04-18,Ongoing Rescreen,LexisNexis Bridger,N,,,N,,N,,,,N,0,No Hit
SCR000709,C00279,2025-10-15,Ongoing Rescreen,LexisNexis Bridger,N,,,N,,N,,,,N,0,No Hit
SCR000710,C00280,2024-09-09,Initial,LexisNexis Bridger,N,,,N,,N,,,,N,0,No Hit
SCR000711,C00280,2025-03-08,Ongoing Rescreen,World-Check,N,,,N,,N,,,,N,0,No Hit
SCR000712,C00280,2025-09-04,Ongoing Rescreen,LexisNexis Bridger,N,,,N,,N,,,,N,0,No Hit
SCR000713,C00281,2024-09-04,Initial,Dow Jones Risk,N,,,N,,N,,,,N,0,No Hit
SCR000714,C00281,2025-03-03,Ongoing Rescreen,Dow Jones Risk,N,,,N,,N,,,,N,0,No Hit
SCR000715,C00281,2025-08-30,Ongoing Rescreen,Dow Jones Risk,N,,,N,,Y,Regulatory Fine,Court Records,N,Y,4,Cleared - False Positive
SCR000716,C00282,2024-03-02,Initial,Dow Jones Risk,N,,,N,,N,,,,N,0,No Hit
SCR000717,C00282,2024-08-29,Ongoing Rescreen,LexisNexis Bridger,N,,,N,,N,,,,N,0,No Hit
SCR000718,C00282,2025-02-25,Ongoing Rescreen,Dow Jones Risk,N,,,N,,N,,,,N,0,No Hit
SCR000719,C00282,2025-08-24,Ongoing Rescreen,Dow Jones Risk,N,,,N,,N,,,,N,0,No Hit
SCR000720,C00283,2024-09-03,Initial,World-Check,N,,,N,,N,,,,N,0,No Hit
SCR000721,C00283,2025-03-02,Ongoing Rescreen,LexisNexis Bridger,N,,,N,,N,,,,N,0,No Hit
SCR000722,C00283,2025-08-29,Ongoing Rescreen,World-Check,N,,,N,,N,,,,N,0,No Hit
SCR000723,C00284,2025-07-09,Initial,LexisNexis Bridger,N,,,N,,N,,,,N,0,No Hit
SCR000724,C00285,2024-07-20,Initial,World-Check,N,,,N,,N,,,,N,0,No Hit
SCR000725,C00285,2025-01-16,Ongoing Rescreen,World-Check,N,,,N,,N,,,,N,0,No Hit
SCR000726,C00285,2025-07-15,Ongoing Rescreen,LexisNexis Bridger,N,,,N,,N,,,,N,0,No Hit
SCR000727,C00286,2024-10-12,Initial,LexisNexis Bridger,N,,,N,,N,,,,N,0,No Hit
SCR000728,C00286,2025-04-10,Ongoing Rescreen,Dow Jones Risk,N,,,N,,N,,,,N,0,No Hit
SCR000729,C00286,2025-10-07,Ongoing Rescreen,LexisNexis Bridger,N,,,N,,N,,,,N,0,No Hit
SCR000730,C00287,2024-02-20,Initial,Dow Jones Risk,N,,,N,,Y,Organised Crime,Court Records,N,Y,1,Cleared - False Positive
SCR000731,C00287,2024-08-18,Ongoing Rescreen,World-Check,N,,,N,,N,,,,N,0,No Hit
SCR000732,C00287,2025-02-14,Ongoing Rescreen,World-Check,N,,,N,,N,,,,N,0,No Hit
SCR000733,C00287,2025-08-13,Ongoing Rescreen,LexisNexis Bridger,N,,,N,,N,,,,N,0,No Hit
SCR000734,C00288,2024-07-02,Initial,LexisNexis Bridger,N,,,N,,N,,,,N,0,No Hit
SCR000735,C00288,2024-12-29,Ongoing Rescreen,Dow Jones Risk,N,,,N,,N,,,,N,0,No Hit
SCR000736,C00288,2025-06-27,Ongoing Rescreen,World-Check,N,,,N,,N,,,,N,0,No Hit
SCR000737,C00288,2025-12-24,Ongoing Rescreen,Dow Jones Risk,N,,,N,,N,,,,N,0,No Hit
SCR000738,C00289,2024-02-20,Initial,Dow Jones Risk,N,,,N,,N,,,,N,0,No Hit
SCR000739,C00289,2024-08-18,Ongoing Rescreen,World-Check,N,,,N,,N,,,,N,0,No Hit
SCR000740,C00289,2025-02-14,Ongoing Rescreen,World-Check,N,,,N,,N,,,,N,0,No Hit
SCR000741,C00289,2025-08-13,Ongoing Rescreen,Dow Jones Risk,N,,,N,,N,,,,N,0,No Hit
SCR000742,C00290,2024-12-10,Initial,Dow Jones Risk,N,,,N,,N,,,,N,0,No Hit
SCR000743,C00290,2025-06-08,Ongoing Rescreen,Dow Jones Risk,N,,,N,,N,,,,N,0,No Hit
SCR000744,C00290,2025-12-05,Ongoing Rescreen,World-Check,N,,,N,,N,,,,N,0,No Hit
SCR000745,C00291,2024-08-05,Initial,Dow Jones Risk,N,,,N,,N,,,,N,0,No Hit
SCR000746,C00291,2025-02-01,Ongoing Rescreen,Dow Jones Risk,N,,,N,,N,,,,N,0,No Hit
SCR000747,C00291,2025-07-31,Ongoing Rescreen,LexisNexis Bridger,N,,,N,,N,,,,N,0,No Hit
SCR000748,C00292,2025-12-09,Initial,Dow Jones Risk,N,,,N,,N,,,,N,0,No Hit
SCR000749,C00293,2025-03-07,Initial,Dow Jones Risk,N,,,N,,N,,,,N,0,No Hit
SCR000750,C00293,2025-09-03,Ongoing Rescreen,Dow Jones Risk,N,,,N,,N,,,,N,0,No Hit
SCR000751,C00294,2024-09-29,Initial,Dow Jones Risk,N,,,N,,N,,,,N,0,No Hit
SCR000752,C00294,2025-03-28,Ongoing Rescreen,LexisNexis Bridger,N,,,N,,N,,,,N,0,No Hit
SCR000753,C00294,2025-09-24,Ongoing Rescreen,LexisNexis Bridger,N,,,N,,N,,,,N,0,No Hit
SCR000754,C00295,2025-01-27,Initial,World-Check,N,,,N,,N,,,,N,0,No Hit
SCR000755,C00295,2025-07-26,Ongoing Rescreen,LexisNexis Bridger,N,,,N,,N,,,,N,0,No Hit
SCR000756,C00296,2025-12-02,Initial,Dow Jones Risk,N,,,N,,N,,,,N,0,No Hit
SCR000757,C00297,2024-05-11,Initial,World-Check,N,,,N,,N,,,,N,0,No Hit
SCR000758,C00297,2024-11-07,Ongoing Rescreen,LexisNexis Bridger,N,,,N,,N,,,,N,0,No Hit
SCR000759,C00297,2025-05-06,Ongoing Rescreen,World-Check,N,,,N,,N,,,,N,0,No Hit
SCR000760,C00297,2025-11-02,Ongoing Rescreen,Dow Jones Risk,N,,,N,,N,,,,N,0,No Hit
SCR000761,C00298,2024-07-04,Initial,Dow Jones Risk,N,,,N,,N,,,,N,0,No Hit
SCR000762,C00298,2024-12-31,Ongoing Rescreen,World-Check,N,,,N,,N,,,,N,0,No Hit
SCR000763,C00298,2025-06-29,Ongoing Rescreen,LexisNexis Bridger,N,,,N,,N,,,,N,0,No Hit
SCR000764,C00298,2025-12-26,Ongoing Rescreen,World-Check,N,,,N,,N,,,,N,0,No Hit
SCR000765,C00299,2025-02-02,Initial,Dow Jones Risk,N,,,N,,N,,,,N,0,No Hit
SCR000766,C00299,2025-08-01,Ongoing Rescreen,LexisNexis Bridger,N,,,N,,N,,,,N,0,No Hit
SCR000767,C00300,2024-03-18,Initial,Dow Jones Risk,N,,,N,,N,,,,N,0,No Hit
SCR000768,C00300,2024-09-14,Ongoing Rescreen,LexisNexis Bridger,N,,,N,,N,,,,N,0,No Hit
SCR000769,C00300,2025-03-13,Ongoing Rescreen,Dow Jones Risk,N,,,N,,N,,,,N,0,No Hit
SCR000770,C00300,2025-09-09,Ongoing Rescreen,LexisNexis Bridger,N,,,N,,N,,,,N,0,No Hit
SCR000771,C00301,2025-01-14,Initial,LexisNexis Bridger,N,,,N,,N,,,,N,0,No Hit
SCR000772,C00301,2025-07-13,Ongoing Rescreen,LexisNexis Bridger,N,,,N,,N,,,,N,0,No Hit
SCR000773,C00302,2024-04-24,Initial,Dow Jones Risk,N,,,N,,N,,,,N,0,No Hit
SCR000774,C00302,2024-10-21,Ongoing Rescreen,LexisNexis Bridger,N,,,N,,N,,,,N,0,No Hit
SCR000775,C00302,2025-04-19,Ongoing Rescreen,Dow Jones Risk,N,,,N,,N,,,,N,0,No Hit
SCR000776,C00302,2025-10-16,Ongoing Rescreen,World-Check,N,,,N,,N,,,,N,0,No Hit
SCR000777,C00303,2025-09-23,Initial,World-Check,N,,,N,,N,,,,N,0,No Hit
SCR000778,C00304,2025-07-19,Initial,LexisNexis Bridger,N,,,N,,N,,,,N,0,No Hit
SCR000779,C00305,2024-02-05,Initial,LexisNexis Bridger,N,,,N,,N,,,,N,0,No Hit
SCR000780,C00305,2024-08-03,Ongoing Rescreen,World-Check,N,,,N,,N,,,,N,0,No Hit
SCR000781,C00305,2025-01-30,Ongoing Rescreen,Dow Jones Risk,N,,,N,,N,,,,N,0,No Hit
SCR000782,C00305,2025-07-29,Ongoing Rescreen,World-Check,N,,,N,,N,,,,N,0,No Hit
SCR000783,C00306,2025-01-27,Initial,LexisNexis Bridger,N,,,N,,N,,,,N,0,No Hit
SCR000784,C00306,2025-07-26,Ongoing Rescreen,World-Check,N,,,N,,N,,,,N,0,No Hit
SCR000785,C00307,2024-06-02,Initial,World-Check,N,,,N,,N,,,,N,0,No Hit
SCR000786,C00307,2024-11-29,Ongoing Rescreen,LexisNexis Bridger,N,,,N,,N,,,,N,0,No Hit
SCR000787,C00307,2025-05-28,Ongoing Rescreen,World-Check,N,,,N,,N,,,,N,0,No Hit
SCR000788,C00307,2025-11-24,Ongoing Rescreen,LexisNexis Bridger,N,,,N,,N,,,,N,0,No Hit
SCR000789,C00308,2025-03-01,Initial,World-Check,N,,,N,,Y,Regulatory Fine,Regulator Notice,N,Y,2,Cleared - False Positive
SCR000790,C00308,2025-08-28,Ongoing Rescreen,LexisNexis Bridger,N,,,N,,N,,,,N,0,No Hit
SCR000791,C00309,2025-02-02,Initial,World-Check,N,,,N,,N,,,,N,0,No Hit
SCR000792,C00309,2025-08-01,Ongoing Rescreen,LexisNexis Bridger,N,,,N,,N,,,,N,0,No Hit
SCR000793,C00310,2025-12-08,Initial,LexisNexis Bridger,N,,,N,,N,,,,N,0,No Hit
SCR000794,C00311,2024-05-09,Initial,World-Check,N,,,N,,N,,,,N,0,No Hit
SCR000795,C00311,2024-11-05,Ongoing Rescreen,Dow Jones Risk,N,,,N,,N,,,,N,0,No Hit
SCR000796,C00311,2025-05-04,Ongoing Rescreen,World-Check,N,,,N,,N,,,,N,0,No Hit
SCR000797,C00311,2025-10-31,Ongoing Rescreen,World-Check,N,,,N,,N,,,,N,0,No Hit
SCR000798,C00312,2025-01-04,Initial,World-Check,N,,,N,,N,,,,N,0,No Hit
SCR000799,C00312,2025-07-03,Ongoing Rescreen,Dow Jones Risk,N,,,N,,N,,,,N,0,No Hit
SCR000800,C00312,2025-12-30,Ongoing Rescreen,Dow Jones Risk,N,,,N,,N,,,,N,0,No Hit
SCR000801,C00313,2025-12-06,Initial,World-Check,N,,,N,,N,,,,N,0,No Hit
SCR000802,C00314,2024-03-26,Initial,LexisNexis Bridger,N,,,N,,N,,,,N,0,No Hit
SCR000803,C00314,2024-09-22,Ongoing Rescreen,World-Check,N,,,N,,N,,,,N,0,No Hit
SCR000804,C00314,2025-03-21,Ongoing Rescreen,World-Check,N,,,N,,N,,,,N,0,No Hit
SCR000805,C00314,2025-09-17,Ongoing Rescreen,LexisNexis Bridger,N,,,N,,N,,,,N,0,No Hit
SCR000806,C00315,2024-07-04,Initial,Dow Jones Risk,N,,,N,,N,,,,N,0,No Hit
SCR000807,C00315,2024-12-31,Ongoing Rescreen,Dow Jones Risk,N,,,N,,N,,,,N,0,No Hit
SCR000808,C00315,2025-06-29,Ongoing Rescreen,World-Check,N,,,N,,N,,,,N,0,No Hit
SCR000809,C00315,2025-12-26,Ongoing Rescreen,World-Check,N,,,N,,N,,,,N,0,No Hit
SCR000810,C00316,2025-06-09,Initial,LexisNexis Bridger,N,,,N,,N,,,,N,0,No Hit
SCR000811,C00316,2025-12-06,Ongoing Rescreen,LexisNexis Bridger,N,,,N,,N,,,,N,0,No Hit
SCR000812,C00317,2024-03-20,Initial,World-Check,N,,,N,,N,,,,N,0,No Hit
SCR000813,C00317,2024-09-16,Ongoing Rescreen,World-Check,N,,,N,,N,,,,N,0,No Hit
SCR000814,C00317,2025-03-15,Ongoing Rescreen,Dow Jones Risk,N,,,N,,N,,,,N,0,No Hit
SCR000815,C00317,2025-09-11,Ongoing Rescreen,Dow Jones Risk,N,,,N,,N,,,,N,0,No Hit
SCR000816,C00318,2024-05-31,Initial,World-Check,N,,,N,,N,,,,Y,0,No Hit
SCR000817,C00318,2024-11-27,Ongoing Rescreen,World-Check,N,,,N,,N,,,,Y,0,No Hit
SCR000818,C00318,2025-05-26,Ongoing Rescreen,Dow Jones Risk,N,,,N,,N,,,,Y,0,No Hit
SCR000819,C00318,2025-11-22,Ongoing Rescreen,LexisNexis Bridger,N,,,N,,N,,,,Y,0,No Hit
SCR000820,C00319,2025-11-30,Initial,LexisNexis Bridger,N,,,N,,N,,,,N,0,No Hit
SCR000821,C00320,2025-03-01,Initial,Dow Jones Risk,N,,,N,,N,,,,N,0,No Hit
SCR000822,C00320,2025-08-28,Ongoing Rescreen,World-Check,N,,,N,,N,,,,N,0,No Hit
SCR000823,C00321,2024-02-11,Initial,World-Check,N,,,N,,N,,,,N,0,No Hit
SCR000824,C00321,2024-08-09,Ongoing Rescreen,LexisNexis Bridger,N,,,N,,N,,,,N,0,No Hit
SCR000825,C00321,2025-02-05,Ongoing Rescreen,World-Check,N,,,N,,N,,,,N,0,No Hit
SCR000826,C00321,2025-08-04,Ongoing Rescreen,World-Check,N,,,N,,N,,,,N,0,No Hit
SCR000827,C00322,2025-09-16,Initial,LexisNexis Bridger,N,,,N,,N,,,,N,0,No Hit
SCR000828,C00323,2025-01-17,Initial,LexisNexis Bridger,N,,,N,,N,,,,N,0,No Hit
SCR000829,C00323,2025-07-16,Ongoing Rescreen,World-Check,N,,,N,,Y,Money Laundering,Regional News,N,Y,3,Cleared - False Positive
SCR000830,C00324,2024-12-14,Initial,Dow Jones Risk,N,,,N,,N,,,,N,0,No Hit
SCR000831,C00324,2025-06-12,Ongoing Rescreen,LexisNexis Bridger,N,,,N,,N,,,,N,0,No Hit
SCR000832,C00324,2025-12-09,Ongoing Rescreen,World-Check,N,,,N,,N,,,,N,0,No Hit
SCR000833,C00325,2025-12-26,Initial,Dow Jones Risk,N,,,N,,N,,,,N,0,No Hit
SCR000834,C00326,2024-08-17,Initial,LexisNexis Bridger,N,,,N,,N,,,,N,0,No Hit
SCR000835,C00326,2025-02-13,Ongoing Rescreen,Dow Jones Risk,N,,,N,,N,,,,N,0,No Hit
SCR000836,C00326,2025-08-12,Ongoing Rescreen,World-Check,N,,,N,,N,,,,N,0,No Hit
SCR000837,C00327,2024-10-03,Initial,World-Check,N,,,N,,N,,,,N,0,No Hit
SCR000838,C00327,2025-04-01,Ongoing Rescreen,World-Check,N,,,N,,N,,,,N,0,No Hit
SCR000839,C00327,2025-09-28,Ongoing Rescreen,World-Check,N,,,N,,N,,,,N,0,No Hit
SCR000840,C00328,2025-02-24,Initial,LexisNexis Bridger,N,,,N,,N,,,,N,0,No Hit
SCR000841,C00328,2025-08-23,Ongoing Rescreen,Dow Jones Risk,N,,,N,,N,,,,N,0,No Hit
SCR000842,C00329,2024-06-25,Initial,Dow Jones Risk,N,,,N,,N,,,,N,0,No Hit
SCR000843,C00329,2024-12-22,Ongoing Rescreen,LexisNexis Bridger,N,,,N,,N,,,,N,0,No Hit
SCR000844,C00329,2025-06-20,Ongoing Rescreen,Dow Jones Risk,N,,,N,,N,,,,N,0,No Hit
SCR000845,C00329,2025-12-17,Ongoing Rescreen,World-Check,N,,,N,,N,,,,N,0,No Hit
SCR000846,C00330,2024-04-02,Initial,World-Check,N,,,N,,N,,,,Y,0,No Hit
SCR000847,C00330,2024-09-29,Ongoing Rescreen,World-Check,N,,,N,,Y,Bribery & Corruption,Regulator Notice,N,Y,9,Cleared - False Positive
SCR000848,C00330,2025-03-28,Ongoing Rescreen,LexisNexis Bridger,N,,,N,,Y,Fraud,Court Records,N,Y,18,Cleared - False Positive
SCR000849,C00330,2025-09-24,Ongoing Rescreen,World-Check,N,,,N,,N,,,,Y,0,No Hit
SCR000850,C00331,2024-04-10,Initial,LexisNexis Bridger,N,,,N,,N,,,,N,0,No Hit
SCR000851,C00331,2024-10-07,Ongoing Rescreen,Dow Jones Risk,N,,,N,,N,,,,N,0,No Hit
SCR000852,C00331,2025-04-05,Ongoing Rescreen,LexisNexis Bridger,Y,UN Consolidated,N,N,,N,,,,Y,3,Cleared - False Positive
SCR000853,C00331,2025-10-02,Ongoing Rescreen,World-Check,N,,,N,,N,,,,N,0,No Hit
SCR000854,C00332,2024-08-12,Initial,World-Check,N,,,N,,N,,,,Y,0,No Hit
SCR000855,C00332,2025-02-08,Ongoing Rescreen,World-Check,N,,,N,,N,,,,Y,0,No Hit
SCR000856,C00332,2025-08-07,Ongoing Rescreen,Dow Jones Risk,N,,,N,,N,,,,Y,0,No Hit
SCR000857,C00333,2024-02-28,Initial,World-Check,N,,,N,,N,,,,N,0,No Hit
SCR000858,C00333,2024-08-26,Ongoing Rescreen,World-Check,N,,,Y,Foreign PEP,N,,,,Y,7,Cleared - False Positive
SCR000859,C00333,2025-02-22,Ongoing Rescreen,World-Check,N,,,N,,N,,,,N,0,No Hit
SCR000860,C00333,2025-08-21,Ongoing Rescreen,World-Check,N,,,N,,Y,Tax Evasion,Regional News,N,Y,1,Cleared - False Positive
SCR000861,C00334,2025-01-03,Initial,Dow Jones Risk,N,,,N,,N,,,,N,0,No Hit
SCR000862,C00334,2025-07-02,Ongoing Rescreen,World-Check,N,,,N,,N,,,,N,0,No Hit
SCR000863,C00334,2025-12-29,Ongoing Rescreen,LexisNexis Bridger,N,,,N,,N,,,,N,0,No Hit
SCR000864,C00335,2025-12-27,Initial,Dow Jones Risk,N,,,N,,N,,,,N,0,No Hit
SCR000865,C00336,2024-07-04,Initial,Dow Jones Risk,N,,,N,,N,,,,N,0,No Hit
SCR000866,C00336,2024-12-31,Ongoing Rescreen,Dow Jones Risk,N,,,N,,N,,,,N,0,No Hit
SCR000867,C00336,2025-06-29,Ongoing Rescreen,World-Check,N,,,N,,N,,,,N,0,No Hit
SCR000868,C00336,2025-12-26,Ongoing Rescreen,Dow Jones Risk,N,,,N,,N,,,,N,0,No Hit
SCR000869,C00337,2024-01-30,Initial,Dow Jones Risk,N,,,N,,N,,,,N,0,No Hit
SCR000870,C00337,2024-07-28,Ongoing Rescreen,World-Check,N,,,N,,N,,,,N,0,No Hit
SCR000871,C00337,2025-01-24,Ongoing Rescreen,Dow Jones Risk,N,,,N,,N,,,,N,0,No Hit
SCR000872,C00337,2025-07-23,Ongoing Rescreen,Dow Jones Risk,N,,,N,,N,,,,N,0,No Hit
SCR000873,C00338,2024-01-29,Initial,World-Check,N,,,N,,N,,,,N,0,No Hit
SCR000874,C00338,2024-07-27,Ongoing Rescreen,LexisNexis Bridger,N,,,N,,N,,,,N,0,No Hit
SCR000875,C00338,2025-01-23,Ongoing Rescreen,LexisNexis Bridger,N,,,N,,N,,,,N,0,No Hit
SCR000876,C00338,2025-07-22,Ongoing Rescreen,World-Check,N,,,N,,N,,,,N,0,No Hit
SCR000877,C00339,2024-05-01,Initial,LexisNexis Bridger,N,,,N,,N,,,,N,0,No Hit
SCR000878,C00339,2024-10-28,Ongoing Rescreen,Dow Jones Risk,N,,,N,,N,,,,N,0,No Hit
SCR000879,C00339,2025-04-26,Ongoing Rescreen,Dow Jones Risk,N,,,N,,N,,,,N,0,No Hit
SCR000880,C00339,2025-10-23,Ongoing Rescreen,Dow Jones Risk,N,,,N,,N,,,,N,0,No Hit
SCR000881,C00340,2025-03-03,Initial,Dow Jones Risk,N,,,N,,N,,,,N,0,No Hit
SCR000882,C00340,2025-08-30,Ongoing Rescreen,World-Check,N,,,N,,N,,,,N,0,No Hit
SCR000883,C00341,2024-12-10,Initial,LexisNexis Bridger,N,,,N,,N,,,,N,0,No Hit
SCR000884,C00341,2025-06-08,Ongoing Rescreen,Dow Jones Risk,N,,,N,,N,,,,N,0,No Hit
SCR000885,C00341,2025-12-05,Ongoing Rescreen,World-Check,N,,,N,,N,,,,N,0,No Hit
SCR000886,C00342,2024-10-20,Initial,LexisNexis Bridger,N,,,N,,N,,,,N,0,No Hit
SCR000887,C00342,2025-04-18,Ongoing Rescreen,Dow Jones Risk,N,,,N,,N,,,,N,0,No Hit
SCR000888,C00342,2025-10-15,Ongoing Rescreen,LexisNexis Bridger,N,,,N,,N,,,,N,0,No Hit
SCR000889,C00343,2025-07-05,Initial,World-Check,Y,OFAC SDN,N,N,,N,,,,Y,8,Cleared - False Positive
SCR000890,C00344,2024-10-12,Initial,Dow Jones Risk,N,,,N,,N,,,,N,0,No Hit
SCR000891,C00344,2025-04-10,Ongoing Rescreen,Dow Jones Risk,N,,,N,,N,,,,N,0,No Hit
SCR000892,C00344,2025-10-07,Ongoing Rescreen,Dow Jones Risk,N,,,N,,N,,,,N,0,No Hit
SCR000893,C00345,2025-03-26,Initial,Dow Jones Risk,N,,,N,,N,,,,N,0,No Hit
SCR000894,C00345,2025-09-22,Ongoing Rescreen,Dow Jones Risk,N,,,N,,N,,,,N,0,No Hit
SCR000895,C00346,2025-12-29,Initial,World-Check,N,,,N,,N,,,,N,0,No Hit
SCR000896,C00347,2024-05-03,Initial,Dow Jones Risk,N,,,N,,N,,,,N,0,No Hit
SCR000897,C00347,2024-10-30,Ongoing Rescreen,LexisNexis Bridger,N,,,N,,N,,,,N,0,No Hit
SCR000898,C00347,2025-04-28,Ongoing Rescreen,Dow Jones Risk,N,,,N,,N,,,,N,0,No Hit
SCR000899,C00347,2025-10-25,Ongoing Rescreen,Dow Jones Risk,N,,,N,,N,,,,N,0,No Hit
SCR000900,C00348,2024-03-22,Initial,LexisNexis Bridger,N,,,N,,N,,,,N,0,No Hit
SCR000901,C00348,2024-09-18,Ongoing Rescreen,LexisNexis Bridger,N,,,N,,N,,,,N,0,No Hit
SCR000902,C00348,2025-03-17,Ongoing Rescreen,World-Check,N,,,N,,N,,,,N,0,No Hit
SCR000903,C00348,2025-09-13,Ongoing Rescreen,Dow Jones Risk,N,,,N,,N,,,,N,0,No Hit
SCR000904,C00349,2024-06-08,Initial,World-Check,N,,,N,,N,,,,N,0,No Hit
SCR000905,C00349,2024-12-05,Ongoing Rescreen,Dow Jones Risk,N,,,N,,N,,,,N,0,No Hit
SCR000906,C00349,2025-06-03,Ongoing Rescreen,Dow Jones Risk,N,,,N,,N,,,,N,0,No Hit
SCR000907,C00349,2025-11-30,Ongoing Rescreen,World-Check,N,,,N,,N,,,,N,0,No Hit
SCR000908,C00350,2024-04-22,Initial,World-Check,N,,,N,,N,,,,N,0,No Hit
SCR000909,C00350,2024-10-19,Ongoing Rescreen,World-Check,N,,,N,,N,,,,N,0,No Hit
SCR000910,C00350,2025-04-17,Ongoing Rescreen,LexisNexis Bridger,N,,,N,,Y,Tax Evasion,National News,N,Y,4,Cleared - False Positive
SCR000911,C00350,2025-10-14,Ongoing Rescreen,World-Check,N,,,N,,N,,,,N,0,No Hit
SCR000912,C00351,2025-08-29,Initial,Dow Jones Risk,N,,,N,,N,,,,N,0,No Hit
SCR000913,C00352,2025-10-02,Initial,LexisNexis Bridger,N,,,N,,N,,,,Y,0,No Hit
SCR000914,C00353,2025-02-13,Initial,LexisNexis Bridger,N,,,N,,N,,,,Y,0,No Hit
SCR000915,C00353,2025-08-12,Ongoing Rescreen,World-Check,N,,,N,,Y,Bribery & Corruption,Regulator Notice,Y,Y,6,Escalate to EDD
SCR000916,C00354,2024-04-05,Initial,World-Check,N,,,N,,N,,,,N,0,No Hit
SCR000917,C00354,2024-10-02,Ongoing Rescreen,Dow Jones Risk,Y,UN Consolidated,N,N,,N,,,,Y,6,Cleared - False Positive
SCR000918,C00354,2025-03-31,Ongoing Rescreen,Dow Jones Risk,N,,,N,,N,,,,N,0,No Hit
SCR000919,C00354,2025-09-27,Ongoing Rescreen,World-Check,N,,,N,,N,,,,N,0,No Hit
SCR000920,C00355,2025-09-14,Initial,Dow Jones Risk,N,,,N,,N,,,,N,0,No Hit
SCR000921,C00356,2025-11-01,Initial,LexisNexis Bridger,N,,,N,,N,,,,N,0,No Hit
SCR000922,C00357,2024-10-25,Initial,World-Check,N,,,N,,N,,,,Y,0,No Hit
SCR000923,C00357,2025-04-23,Ongoing Rescreen,LexisNexis Bridger,N,,,N,,N,,,,Y,0,No Hit
SCR000924,C00357,2025-10-20,Ongoing Rescreen,LexisNexis Bridger,N,,,N,,N,,,,Y,0,No Hit
SCR000925,C00358,2025-05-06,Initial,World-Check,N,,,Y,Close Associate,N,,,,Y,7,Cleared - False Positive
SCR000926,C00358,2025-11-02,Ongoing Rescreen,LexisNexis Bridger,N,,,Y,Family Member,N,,,,Y,5,Cleared - False Positive
SCR000927,C00359,2025-03-20,Initial,World-Check,N,,,N,,N,,,,N,0,No Hit
SCR000928,C00359,2025-09-16,Ongoing Rescreen,World-Check,N,,,N,,N,,,,N,0,No Hit
SCR000929,C00360,2025-01-21,Initial,World-Check,N,,,N,,N,,,,N,0,No Hit
SCR000930,C00360,2025-07-20,Ongoing Rescreen,Dow Jones Risk,N,,,N,,N,,,,N,0,No Hit
SCR000931,C00361,2024-09-15,Initial,LexisNexis Bridger,N,,,N,,N,,,,N,0,No Hit
SCR000932,C00361,2025-03-14,Ongoing Rescreen,World-Check,N,,,N,,N,,,,N,0,No Hit
SCR000933,C00361,2025-09-10,Ongoing Rescreen,LexisNexis Bridger,N,,,N,,N,,,,N,0,No Hit
SCR000934,C00362,2024-07-22,Initial,LexisNexis Bridger,N,,,N,,N,,,,N,0,No Hit
SCR000935,C00362,2025-01-18,Ongoing Rescreen,LexisNexis Bridger,N,,,N,,N,,,,N,0,No Hit
SCR000936,C00362,2025-07-17,Ongoing Rescreen,LexisNexis Bridger,N,,,N,,Y,Money Laundering,Court Records,N,Y,4,Cleared - False Positive
SCR000937,C00363,2024-07-20,Initial,World-Check,N,,,N,,Y,Organised Crime,Court Records,N,Y,1,Cleared - False Positive
SCR000938,C00363,2025-01-16,Ongoing Rescreen,LexisNexis Bridger,N,,,N,,N,,,,N,0,No Hit
SCR000939,C00363,2025-07-15,Ongoing Rescreen,World-Check,N,,,N,,N,,,,N,0,No Hit
SCR000940,C00364,2024-09-19,Initial,Dow Jones Risk,N,,,N,,N,,,,N,0,No Hit
SCR000941,C00364,2025-03-18,Ongoing Rescreen,LexisNexis Bridger,N,,,N,,N,,,,N,0,No Hit
SCR000942,C00364,2025-09-14,Ongoing Rescreen,LexisNexis Bridger,N,,,N,,N,,,,N,0,No Hit
SCR000943,C00365,2025-07-09,Initial,Dow Jones Risk,N,,,Y,Family Member,N,,,,Y,11,Cleared - False Positive
SCR000944,C00366,2025-08-26,Initial,LexisNexis Bridger,N,,,N,,N,,,,N,0,No Hit
SCR000945,C00367,2024-03-23,Initial,Dow Jones Risk,N,,,N,,Y,Fraud,Online Blog,Y,Y,14,Escalate to EDD
SCR000946,C00367,2024-09-19,Ongoing Rescreen,World-Check,N,,,N,,N,,,,N,0,No Hit
SCR000947,C00367,2025-03-18,Ongoing Rescreen,World-Check,N,,,N,,N,,,,N,0,No Hit
SCR000948,C00367,2025-09-14,Ongoing Rescreen,World-Check,N,,,N,,N,,,,N,0,No Hit
SCR000949,C00368,2024-02-12,Initial,Dow Jones Risk,N,,,N,,N,,,,N,0,No Hit
SCR000950,C00368,2024-08-10,Ongoing Rescreen,Dow Jones Risk,N,,,N,,N,,,,N,0,No Hit
SCR000951,C00368,2025-02-06,Ongoing Rescreen,LexisNexis Bridger,Y,UN Consolidated,N,N,,N,,,,Y,4,Cleared - False Positive
SCR000952,C00368,2025-08-05,Ongoing Rescreen,Dow Jones Risk,N,,,N,,N,,,,N,0,No Hit
SCR000953,C00369,2024-12-15,Initial,LexisNexis Bridger,N,,,N,,N,,,,N,0,No Hit
SCR000954,C00369,2025-06-13,Ongoing Rescreen,Dow Jones Risk,N,,,N,,N,,,,N,0,No Hit
SCR000955,C00369,2025-12-10,Ongoing Rescreen,Dow Jones Risk,N,,,N,,N,,,,N,0,No Hit
SCR000956,C00370,2025-07-15,Initial,World-Check,N,,,N,,N,,,,N,0,No Hit
SCR000957,C00371,2025-02-14,Initial,Dow Jones Risk,N,,,N,,N,,,,N,0,No Hit
SCR000958,C00371,2025-08-13,Ongoing Rescreen,World-Check,N,,,N,,N,,,,N,0,No Hit
SCR000959,C00372,2025-08-28,Initial,Dow Jones Risk,N,,,N,,N,,,,N,0,No Hit
SCR000960,C00373,2025-06-05,Initial,Dow Jones Risk,N,,,N,,N,,,,N,0,No Hit
SCR000961,C00373,2025-12-02,Ongoing Rescreen,LexisNexis Bridger,N,,,N,,N,,,,N,0,No Hit
SCR000962,C00374,2025-05-31,Initial,World-Check,N,,,N,,N,,,,N,0,No Hit
SCR000963,C00374,2025-11-27,Ongoing Rescreen,Dow Jones Risk,N,,,N,,N,,,,N,0,No Hit
SCR000964,C00375,2025-01-28,Initial,World-Check,N,,,N,,N,,,,N,0,No Hit
SCR000965,C00375,2025-07-27,Ongoing Rescreen,LexisNexis Bridger,N,,,N,,N,,,,N,0,No Hit
SCR000966,C00376,2024-02-09,Initial,LexisNexis Bridger,N,,,N,,N,,,,N,0,No Hit
SCR000967,C00376,2024-08-07,Ongoing Rescreen,LexisNexis Bridger,N,,,N,,N,,,,N,0,No Hit
SCR000968,C00376,2025-02-03,Ongoing Rescreen,Dow Jones Risk,Y,UK HMT/OFSI,N,N,,N,,,,Y,3,Cleared - False Positive
SCR000969,C00376,2025-08-02,Ongoing Rescreen,Dow Jones Risk,Y,EU Consolidated,N,N,,N,,,,Y,2,Cleared - False Positive
SCR000970,C00377,2024-05-11,Initial,World-Check,N,,,N,,N,,,,N,0,No Hit
SCR000971,C00377,2024-11-07,Ongoing Rescreen,World-Check,N,,,N,,N,,,,N,0,No Hit
SCR000972,C00377,2025-05-06,Ongoing Rescreen,LexisNexis Bridger,N,,,N,,N,,,,N,0,No Hit
SCR000973,C00377,2025-11-02,Ongoing Rescreen,LexisNexis Bridger,N,,,N,,Y,Regulatory Fine,Online Blog,N,Y,7,Cleared - False Positive
SCR000974,C00378,2025-06-26,Initial,World-Check,N,,,N,,N,,,,N,0,No Hit
SCR000975,C00378,2025-12-23,Ongoing Rescreen,LexisNexis Bridger,N,,,N,,N,,,,N,0,No Hit
SCR000976,C00379,2024-08-13,Initial,Dow Jones Risk,N,,,N,,N,,,,N,0,No Hit
SCR000977,C00379,2025-02-09,Ongoing Rescreen,Dow Jones Risk,N,,,N,,N,,,,N,0,No Hit
SCR000978,C00379,2025-08-08,Ongoing Rescreen,World-Check,N,,,N,,N,,,,N,0,No Hit
SCR000979,C00380,2025-06-12,Initial,Dow Jones Risk,N,,,N,,N,,,,N,0,No Hit
SCR000980,C00380,2025-12-09,Ongoing Rescreen,LexisNexis Bridger,N,,,N,,N,,,,N,0,No Hit
SCR000981,C00381,2024-09-05,Initial,World-Check,N,,,N,,N,,,,N,0,No Hit
SCR000982,C00381,2025-03-04,Ongoing Rescreen,World-Check,N,,,N,,N,,,,N,0,No Hit
SCR000983,C00381,2025-08-31,Ongoing Rescreen,Dow Jones Risk,N,,,N,,N,,,,N,0,No Hit
SCR000984,C00382,2024-01-10,Initial,LexisNexis Bridger,N,,,N,,N,,,,N,0,No Hit
SCR000985,C00382,2024-07-08,Ongoing Rescreen,LexisNexis Bridger,N,,,N,,N,,,,N,0,No Hit
SCR000986,C00382,2025-01-04,Ongoing Rescreen,LexisNexis Bridger,N,,,N,,N,,,,N,0,No Hit
SCR000987,C00382,2025-07-03,Ongoing Rescreen,LexisNexis Bridger,N,,,N,,N,,,,N,0,No Hit
SCR000988,C00382,2025-12-30,Ongoing Rescreen,LexisNexis Bridger,N,,,N,,N,,,,N,0,No Hit
SCR000989,C00383,2025-05-09,Initial,World-Check,N,,,N,,N,,,,N,0,No Hit
SCR000990,C00383,2025-11-05,Ongoing Rescreen,World-Check,N,,,N,,N,,,,N,0,No Hit
SCR000991,C00384,2025-10-14,Initial,World-Check,N,,,N,,N,,,,N,0,No Hit
SCR000992,C00385,2024-11-22,Initial,World-Check,Y,OFAC SDN,N,N,,N,,,,Y,5,Cleared - False Positive
SCR000993,C00385,2025-05-21,Ongoing Rescreen,World-Check,N,,,N,,N,,,,N,0,No Hit
SCR000994,C00385,2025-11-17,Ongoing Rescreen,Dow Jones Risk,N,,,N,,N,,,,N,0,No Hit
SCR000995,C00386,2024-04-06,Initial,LexisNexis Bridger,N,,,N,,N,,,,N,0,No Hit
SCR000996,C00386,2024-10-03,Ongoing Rescreen,World-Check,N,,,N,,N,,,,N,0,No Hit
SCR000997,C00386,2025-04-01,Ongoing Rescreen,LexisNexis Bridger,N,,,N,,N,,,,N,0,No Hit
SCR000998,C00386,2025-09-28,Ongoing Rescreen,Dow Jones Risk,N,,,N,,N,,,,N,0,No Hit
SCR000999,C00387,2024-10-30,Initial,World-Check,N,,,N,,N,,,,N,0,No Hit
SCR001000,C00387,2025-04-28,Ongoing Rescreen,World-Check,N,,,N,,N,,,,N,0,No Hit
SCR001001,C00387,2025-10-25,Ongoing Rescreen,Dow Jones Risk,N,,,N,,N,,,,N,0,No Hit
SCR001002,C00388,2025-12-03,Initial,LexisNexis Bridger,N,,,N,,N,,,,N,0,No Hit
SCR001003,C00389,2024-08-20,Initial,LexisNexis Bridger,N,,,N,,N,,,,N,0,No Hit
SCR001004,C00389,2025-02-16,Ongoing Rescreen,LexisNexis Bridger,N,,,N,,N,,,,N,0,No Hit
SCR001005,C00389,2025-08-15,Ongoing Rescreen,Dow Jones Risk,N,,,N,,N,,,,N,0,No Hit
SCR001006,C00390,2024-02-21,Initial,Dow Jones Risk,Y,UN Consolidated,N,N,,N,,,,Y,5,Cleared - False Positive
SCR001007,C00390,2024-08-19,Ongoing Rescreen,Dow Jones Risk,N,,,N,,N,,,,N,0,No Hit
SCR001008,C00390,2025-02-15,Ongoing Rescreen,Dow Jones Risk,N,,,N,,N,,,,N,0,No Hit
SCR001009,C00390,2025-08-14,Ongoing Rescreen,World-Check,N,,,N,,N,,,,N,0,No Hit
SCR001010,C00391,2025-07-15,Initial,Dow Jones Risk,N,,,N,,N,,,,N,0,No Hit
SCR001011,C00392,2024-06-23,Initial,World-Check,N,,,N,,N,,,,N,0,No Hit
SCR001012,C00392,2024-12-20,Ongoing Rescreen,Dow Jones Risk,N,,,N,,Y,Bribery & Corruption,Court Records,Y,Y,7,Escalate to EDD
SCR001013,C00392,2025-06-18,Ongoing Rescreen,World-Check,N,,,N,,N,,,,N,0,No Hit
SCR001014,C00392,2025-12-15,Ongoing Rescreen,LexisNexis Bridger,N,,,N,,N,,,,N,0,No Hit
SCR001015,C00393,2024-01-28,Initial,LexisNexis Bridger,N,,,N,,N,,,,N,0,No Hit
SCR001016,C00393,2024-07-26,Ongoing Rescreen,Dow Jones Risk,N,,,N,,N,,,,N,0,No Hit
SCR001017,C00393,2025-01-22,Ongoing Rescreen,Dow Jones Risk,N,,,N,,N,,,,N,0,No Hit
SCR001018,C00393,2025-07-21,Ongoing Rescreen,World-Check,N,,,N,,N,,,,N,0,No Hit
SCR001019,C00394,2025-05-19,Initial,World-Check,N,,,N,,N,,,,N,0,No Hit
SCR001020,C00394,2025-11-15,Ongoing Rescreen,Dow Jones Risk,N,,,N,,N,,,,N,0,No Hit
SCR001021,C00395,2024-09-04,Initial,Dow Jones Risk,N,,,N,,Y,Regulatory Fine,Online Blog,N,Y,4,Cleared - False Positive
SCR001022,C00395,2025-03-03,Ongoing Rescreen,LexisNexis Bridger,N,,,N,,N,,,,N,0,No Hit
SCR001023,C00395,2025-08-30,Ongoing Rescreen,World-Check,N,,,N,,N,,,,N,0,No Hit
SCR001024,C00396,2024-04-10,Initial,World-Check,N,,,N,,N,,,,N,0,No Hit
SCR001025,C00396,2024-10-07,Ongoing Rescreen,Dow Jones Risk,N,,,N,,N,,,,N,0,No Hit
SCR001026,C00396,2025-04-05,Ongoing Rescreen,World-Check,N,,,N,,N,,,,N,0,No Hit
SCR001027,C00396,2025-10-02,Ongoing Rescreen,LexisNexis Bridger,N,,,N,,N,,,,N,0,No Hit
SCR001028,C00397,2024-02-09,Initial,Dow Jones Risk,N,,,N,,N,,,,N,0,No Hit
SCR001029,C00397,2024-08-07,Ongoing Rescreen,World-Check,N,,,N,,N,,,,N,0,No Hit
SCR001030,C00397,2025-02-03,Ongoing Rescreen,World-Check,N,,,N,,N,,,,N,0,No Hit
SCR001031,C00397,2025-08-02,Ongoing Rescreen,Dow Jones Risk,N,,,N,,N,,,,N,0,No Hit
SCR001032,C00398,2024-05-15,Initial,LexisNexis Bridger,N,,,N,,N,,,,N,0,No Hit
SCR001033,C00398,2024-11-11,Ongoing Rescreen,Dow Jones Risk,N,,,N,,N,,,,N,0,No Hit
SCR001034,C00398,2025-05-10,Ongoing Rescreen,Dow Jones Risk,N,,,N,,N,,,,N,0,No Hit
SCR001035,C00398,2025-11-06,Ongoing Rescreen,Dow Jones Risk,N,,,N,,N,,,,N,0,No Hit
SCR001036,C00399,2024-04-19,Initial,Dow Jones Risk,N,,,N,,N,,,,N,0,No Hit
SCR001037,C00399,2024-10-16,Ongoing Rescreen,World-Check,N,,,Y,Foreign PEP,N,,,,Y,4,Cleared - False Positive
SCR001038,C00399,2025-04-14,Ongoing Rescreen,World-Check,N,,,N,,N,,,,N,0,No Hit
SCR001039,C00399,2025-10-11,Ongoing Rescreen,LexisNexis Bridger,N,,,N,,N,,,,N,0,No Hit
SCR001040,C00400,2024-01-09,Initial,World-Check,N,,,N,,N,,,,N,0,No Hit
SCR001041,C00400,2024-07-07,Ongoing Rescreen,LexisNexis Bridger,N,,,N,,N,,,,N,0,No Hit
SCR001042,C00400,2025-01-03,Ongoing Rescreen,Dow Jones Risk,N,,,N,,N,,,,N,0,No Hit
SCR001043,C00400,2025-07-02,Ongoing Rescreen,Dow Jones Risk,N,,,N,,N,,,,N,0,No Hit
SCR001044,C00400,2025-12-29,Ongoing Rescreen,LexisNexis Bridger,N,,,N,,N,,,,N,0,No Hit
SCR001045,C00401,2024-09-27,Initial,LexisNexis Bridger,N,,,N,,N,,,,N,0,No Hit
SCR001046,C00401,2025-03-26,Ongoing Rescreen,LexisNexis Bridger,N,,,N,,Y,Organised Crime,Regulator Notice,N,Y,3,Cleared - False Positive
SCR001047,C00401,2025-09-22,Ongoing Rescreen,Dow Jones Risk,N,,,N,,N,,,,N,0,No Hit
SCR001048,C00402,2025-08-27,Initial,Dow Jones Risk,N,,,N,,Y,Tax Evasion,Court Records,N,Y,10,Cleared - False Positive
SCR001049,C00403,2024-10-16,Initial,World-Check,N,,,N,,N,,,,N,0,No Hit
SCR001050,C00403,2025-04-14,Ongoing Rescreen,Dow Jones Risk,N,,,N,,N,,,,N,0,No Hit
SCR001051,C00403,2025-10-11,Ongoing Rescreen,Dow Jones Risk,N,,,N,,N,,,,N,0,No Hit
SCR001052,C00404,2024-01-28,Initial,World-Check,N,,,N,,N,,,,N,0,No Hit
SCR001053,C00404,2024-07-26,Ongoing Rescreen,Dow Jones Risk,N,,,N,,N,,,,N,0,No Hit
SCR001054,C00404,2025-01-22,Ongoing Rescreen,Dow Jones Risk,N,,,N,,N,,,,N,0,No Hit
SCR001055,C00404,2025-07-21,Ongoing Rescreen,LexisNexis Bridger,N,,,N,,N,,,,N,0,No Hit
SCR001056,C00405,2025-10-06,Initial,Dow Jones Risk,N,,,N,,N,,,,N,0,No Hit
SCR001057,C00406,2025-04-07,Initial,Dow Jones Risk,N,,,N,,N,,,,N,0,No Hit
SCR001058,C00406,2025-10-04,Ongoing Rescreen,Dow Jones Risk,N,,,N,,N,,,,N,0,No Hit
SCR001059,C00407,2025-12-05,Initial,LexisNexis Bridger,N,,,N,,N,,,,N,0,No Hit
SCR001060,C00408,2025-03-01,Initial,World-Check,N,,,N,,N,,,,N,0,No Hit
SCR001061,C00408,2025-08-28,Ongoing Rescreen,LexisNexis Bridger,N,,,N,,N,,,,N,0,No Hit
SCR001062,C00409,2024-12-14,Initial,LexisNexis Bridger,N,,,N,,N,,,,N,0,No Hit
SCR001063,C00409,2025-06-12,Ongoing Rescreen,World-Check,N,,,N,,N,,,,N,0,No Hit
SCR001064,C00409,2025-12-09,Ongoing Rescreen,World-Check,N,,,N,,N,,,,N,0,No Hit
SCR001065,C00410,2025-01-08,Initial,LexisNexis Bridger,N,,,N,,N,,,,N,0,No Hit
SCR001066,C00410,2025-07-07,Ongoing Rescreen,Dow Jones Risk,N,,,N,,N,,,,N,0,No Hit
SCR001067,C00411,2024-01-05,Initial,LexisNexis Bridger,N,,,N,,N,,,,N,0,No Hit
SCR001068,C00411,2024-07-03,Ongoing Rescreen,LexisNexis Bridger,N,,,N,,N,,,,N,0,No Hit
SCR001069,C00411,2024-12-30,Ongoing Rescreen,Dow Jones Risk,N,,,N,,N,,,,N,0,No Hit
SCR001070,C00411,2025-06-28,Ongoing Rescreen,LexisNexis Bridger,N,,,N,,N,,,,N,0,No Hit
SCR001071,C00411,2025-12-25,Ongoing Rescreen,World-Check,N,,,N,,N,,,,N,0,No Hit
SCR001072,C00412,2024-10-01,Initial,World-Check,N,,,N,,N,,,,N,0,No Hit
SCR001073,C00412,2025-03-30,Ongoing Rescreen,Dow Jones Risk,N,,,N,,N,,,,N,0,No Hit
SCR001074,C00412,2025-09-26,Ongoing Rescreen,LexisNexis Bridger,N,,,N,,N,,,,N,0,No Hit
SCR001075,C00413,2024-11-19,Initial,LexisNexis Bridger,N,,,N,,N,,,,N,0,No Hit
SCR001076,C00413,2025-05-18,Ongoing Rescreen,LexisNexis Bridger,Y,EU Consolidated,N,Y,Foreign PEP,N,,,,Y,3,Cleared - False Positive
SCR001077,C00413,2025-11-14,Ongoing Rescreen,LexisNexis Bridger,N,,,N,,N,,,,N,0,No Hit
SCR001078,C00414,2024-08-06,Initial,Dow Jones Risk,N,,,N,,N,,,,N,0,No Hit
SCR001079,C00414,2025-02-02,Ongoing Rescreen,Dow Jones Risk,N,,,N,,N,,,,N,0,No Hit
SCR001080,C00414,2025-08-01,Ongoing Rescreen,LexisNexis Bridger,N,,,N,,N,,,,N,0,No Hit
SCR001081,C00415,2025-09-03,Initial,LexisNexis Bridger,N,,,N,,N,,,,N,0,No Hit
SCR001082,C00416,2025-11-30,Initial,World-Check,N,,,N,,N,,,,N,0,No Hit
SCR001083,C00417,2024-12-15,Initial,LexisNexis Bridger,N,,,N,,N,,,,N,0,No Hit
SCR001084,C00417,2025-06-13,Ongoing Rescreen,LexisNexis Bridger,N,,,N,,N,,,,N,0,No Hit
SCR001085,C00417,2025-12-10,Ongoing Rescreen,LexisNexis Bridger,N,,,N,,N,,,,N,0,No Hit
SCR001086,C00418,2025-07-28,Initial,Dow Jones Risk,N,,,N,,N,,,,N,0,No Hit
SCR001087,C00419,2024-06-12,Initial,World-Check,N,,,N,,N,,,,N,0,No Hit
SCR001088,C00419,2024-12-09,Ongoing Rescreen,Dow Jones Risk,N,,,N,,N,,,,N,0,No Hit
SCR001089,C00419,2025-06-07,Ongoing Rescreen,Dow Jones Risk,N,,,N,,N,,,,N,0,No Hit
SCR001090,C00419,2025-12-04,Ongoing Rescreen,LexisNexis Bridger,N,,,N,,N,,,,N,0,No Hit
SCR001091,C00420,2025-11-05,Initial,Dow Jones Risk,N,,,N,,N,,,,Y,0,No Hit
SCR001092,C00421,2025-05-29,Initial,LexisNexis Bridger,N,,,N,,N,,,,N,0,No Hit
SCR001093,C00421,2025-11-25,Ongoing Rescreen,LexisNexis Bridger,N,,,N,,N,,,,N,0,No Hit
SCR001094,C00422,2025-06-20,Initial,LexisNexis Bridger,N,,,N,,N,,,,N,0,No Hit
SCR001095,C00422,2025-12-17,Ongoing Rescreen,World-Check,N,,,N,,N,,,,N,0,No Hit
SCR001096,C00423,2025-03-10,Initial,LexisNexis Bridger,N,,,N,,N,,,,N,0,No Hit
SCR001097,C00423,2025-09-06,Ongoing Rescreen,World-Check,N,,,N,,N,,,,N,0,No Hit
SCR001098,C00424,2025-08-29,Initial,LexisNexis Bridger,N,,,N,,N,,,,N,0,No Hit
SCR001099,C00425,2025-01-25,Initial,World-Check,N,,,N,,N,,,,N,0,No Hit
SCR001100,C00425,2025-07-24,Ongoing Rescreen,World-Check,N,,,N,,N,,,,N,0,No Hit
SCR001101,C00426,2025-12-05,Initial,World-Check,N,,,N,,N,,,,N,0,No Hit
SCR001102,C00427,2025-04-29,Initial,Dow Jones Risk,N,,,N,,N,,,,N,0,No Hit
SCR001103,C00427,2025-10-26,Ongoing Rescreen,Dow Jones Risk,N,,,N,,N,,,,N,0,No Hit
SCR001104,C00428,2024-11-27,Initial,World-Check,N,,,N,,N,,,,N,0,No Hit
SCR001105,C00428,2025-05-26,Ongoing Rescreen,LexisNexis Bridger,N,,,N,,N,,,,N,0,No Hit
SCR001106,C00428,2025-11-22,Ongoing Rescreen,Dow Jones Risk,N,,,N,,N,,,,N,0,No Hit
SCR001107,C00429,2024-06-01,Initial,World-Check,N,,,N,,Y,Money Laundering,Regulator Notice,N,Y,2,Cleared - False Positive
SCR001108,C00429,2024-11-28,Ongoing Rescreen,Dow Jones Risk,N,,,N,,N,,,,N,0,No Hit
SCR001109,C00429,2025-05-27,Ongoing Rescreen,LexisNexis Bridger,N,,,N,,N,,,,N,0,No Hit
SCR001110,C00429,2025-11-23,Ongoing Rescreen,Dow Jones Risk,N,,,N,,N,,,,N,0,No Hit
SCR001111,C00430,2025-10-24,Initial,LexisNexis Bridger,N,,,N,,N,,,,N,0,No Hit
SCR001112,C00431,2024-02-11,Initial,World-Check,N,,,N,,N,,,,N,0,No Hit
SCR001113,C00431,2024-08-09,Ongoing Rescreen,LexisNexis Bridger,N,,,N,,N,,,,N,0,No Hit
SCR001114,C00431,2025-02-05,Ongoing Rescreen,Dow Jones Risk,N,,,N,,N,,,,N,0,No Hit
SCR001115,C00431,2025-08-04,Ongoing Rescreen,LexisNexis Bridger,N,,,N,,N,,,,N,0,No Hit
SCR001116,C00432,2024-02-01,Initial,World-Check,N,,,N,,N,,,,N,0,No Hit
SCR001117,C00432,2024-07-30,Ongoing Rescreen,LexisNexis Bridger,Y,UK HMT/OFSI,N,N,,N,,,,Y,3,Cleared - False Positive
SCR001118,C00432,2025-01-26,Ongoing Rescreen,World-Check,N,,,N,,N,,,,N,0,No Hit
SCR001119,C00432,2025-07-25,Ongoing Rescreen,LexisNexis Bridger,N,,,N,,N,,,,N,0,No Hit
SCR001120,C00433,2024-01-23,Initial,LexisNexis Bridger,N,,,N,,N,,,,N,0,No Hit
SCR001121,C00433,2024-07-21,Ongoing Rescreen,Dow Jones Risk,N,,,N,,Y,Bribery & Corruption,Online Blog,N,Y,1,Cleared - False Positive
SCR001122,C00433,2025-01-17,Ongoing Rescreen,World-Check,N,,,N,,N,,,,N,0,No Hit
SCR001123,C00433,2025-07-16,Ongoing Rescreen,World-Check,N,,,N,,N,,,,N,0,No Hit
SCR001124,C00434,2024-03-19,Initial,LexisNexis Bridger,N,,,N,,N,,,,N,0,No Hit
SCR001125,C00434,2024-09-15,Ongoing Rescreen,Dow Jones Risk,N,,,N,,N,,,,N,0,No Hit
SCR001126,C00434,2025-03-14,Ongoing Rescreen,World-Check,N,,,N,,N,,,,N,0,No Hit
SCR001127,C00434,2025-09-10,Ongoing Rescreen,World-Check,N,,,N,,N,,,,N,0,No Hit
SCR001128,C00435,2024-06-29,Initial,Dow Jones Risk,N,,,N,,N,,,,N,0,No Hit
SCR001129,C00435,2024-12-26,Ongoing Rescreen,World-Check,N,,,N,,N,,,,N,0,No Hit
SCR001130,C00435,2025-06-24,Ongoing Rescreen,Dow Jones Risk,N,,,N,,N,,,,N,0,No Hit
SCR001131,C00435,2025-12-21,Ongoing Rescreen,World-Check,N,,,N,,N,,,,N,0,No Hit
SCR001132,C00436,2024-12-24,Initial,LexisNexis Bridger,N,,,N,,N,,,,N,0,No Hit
SCR001133,C00436,2025-06-22,Ongoing Rescreen,World-Check,N,,,N,,N,,,,N,0,No Hit
SCR001134,C00436,2025-12-19,Ongoing Rescreen,World-Check,N,,,N,,N,,,,N,0,No Hit
SCR001135,C00437,2024-07-21,Initial,World-Check,N,,,N,,N,,,,N,0,No Hit
SCR001136,C00437,2025-01-17,Ongoing Rescreen,LexisNexis Bridger,N,,,N,,Y,Bribery & Corruption,Regional News,N,Y,3,Cleared - False Positive
SCR001137,C00437,2025-07-16,Ongoing Rescreen,Dow Jones Risk,N,,,N,,N,,,,N,0,No Hit
SCR001138,C00438,2024-11-27,Initial,Dow Jones Risk,N,,,N,,N,,,,N,0,No Hit
SCR001139,C00438,2025-05-26,Ongoing Rescreen,World-Check,N,,,N,,N,,,,N,0,No Hit
SCR001140,C00438,2025-11-22,Ongoing Rescreen,Dow Jones Risk,N,,,N,,N,,,,N,0,No Hit
SCR001141,C00439,2024-11-23,Initial,Dow Jones Risk,N,,,N,,N,,,,N,0,No Hit
SCR001142,C00439,2025-05-22,Ongoing Rescreen,World-Check,N,,,N,,N,,,,N,0,No Hit
SCR001143,C00439,2025-11-18,Ongoing Rescreen,Dow Jones Risk,N,,,N,,N,,,,N,0,No Hit
SCR001144,C00440,2024-11-16,Initial,World-Check,N,,,N,,N,,,,Y,0,No Hit
SCR001145,C00440,2025-05-15,Ongoing Rescreen,World-Check,N,,,N,,N,,,,Y,0,No Hit
SCR001146,C00440,2025-11-11,Ongoing Rescreen,Dow Jones Risk,N,,,N,,N,,,,Y,0,No Hit
SCR001147,C00441,2024-02-13,Initial,World-Check,N,,,N,,N,,,,Y,0,No Hit
SCR001148,C00441,2024-08-11,Ongoing Rescreen,World-Check,N,,,N,,N,,,,Y,0,No Hit
SCR001149,C00441,2025-02-07,Ongoing Rescreen,World-Check,N,,,N,,N,,,,Y,0,No Hit
SCR001150,C00441,2025-08-06,Ongoing Rescreen,World-Check,N,,,N,,N,,,,Y,0,No Hit
SCR001151,C00442,2025-01-27,Initial,Dow Jones Risk,N,,,N,,N,,,,N,0,No Hit
SCR001152,C00442,2025-07-26,Ongoing Rescreen,Dow Jones Risk,N,,,N,,N,,,,N,0,No Hit
SCR001153,C00443,2024-08-07,Initial,World-Check,N,,,N,,N,,,,N,0,No Hit
SCR001154,C00443,2025-02-03,Ongoing Rescreen,LexisNexis Bridger,N,,,N,,N,,,,N,0,No Hit
SCR001155,C00443,2025-08-02,Ongoing Rescreen,Dow Jones Risk,N,,,N,,N,,,,N,0,No Hit
SCR001156,C00444,2025-01-28,Initial,World-Check,N,,,N,,N,,,,Y,0,No Hit
SCR001157,C00444,2025-07-27,Ongoing Rescreen,World-Check,N,,,N,,N,,,,Y,0,No Hit
SCR001158,C00445,2024-02-14,Initial,Dow Jones Risk,N,,,N,,N,,,,N,0,No Hit
SCR001159,C00445,2024-08-12,Ongoing Rescreen,World-Check,N,,,N,,N,,,,N,0,No Hit
SCR001160,C00445,2025-02-08,Ongoing Rescreen,Dow Jones Risk,N,,,N,,N,,,,N,0,No Hit
SCR001161,C00445,2025-08-07,Ongoing Rescreen,Dow Jones Risk,N,,,N,,N,,,,N,0,No Hit
SCR001162,C00446,2025-09-28,Initial,LexisNexis Bridger,N,,,N,,N,,,,N,0,No Hit
SCR001163,C00447,2025-06-11,Initial,Dow Jones Risk,N,,,N,,N,,,,N,0,No Hit
SCR001164,C00447,2025-12-08,Ongoing Rescreen,Dow Jones Risk,N,,,N,,N,,,,N,0,No Hit
SCR001165,C00448,2024-09-09,Initial,Dow Jones Risk,N,,,N,,N,,,,N,0,No Hit
SCR001166,C00448,2025-03-08,Ongoing Rescreen,Dow Jones Risk,N,,,N,,N,,,,N,0,No Hit
SCR001167,C00448,2025-09-04,Ongoing Rescreen,LexisNexis Bridger,N,,,N,,N,,,,N,0,No Hit
SCR001168,C00449,2024-09-19,Initial,LexisNexis Bridger,N,,,N,,N,,,,N,0,No Hit
SCR001169,C00449,2025-03-18,Ongoing Rescreen,LexisNexis Bridger,N,,,N,,N,,,,N,0,No Hit
SCR001170,C00449,2025-09-14,Ongoing Rescreen,World-Check,N,,,N,,N,,,,N,0,No Hit
SCR001171,C00450,2024-08-19,Initial,LexisNexis Bridger,N,,,N,,N,,,,N,0,No Hit
SCR001172,C00450,2025-02-15,Ongoing Rescreen,World-Check,N,,,N,,N,,,,N,0,No Hit
SCR001173,C00450,2025-08-14,Ongoing Rescreen,World-Check,N,,,N,,N,,,,N,0,No Hit
SCR001174,C00451,2025-12-25,Initial,Dow Jones Risk,N,,,N,,N,,,,N,0,No Hit
SCR001175,C00452,2025-05-28,Initial,Dow Jones Risk,N,,,N,,N,,,,N,0,No Hit
SCR001176,C00452,2025-11-24,Ongoing Rescreen,Dow Jones Risk,N,,,N,,N,,,,N,0,No Hit
SCR001177,C00453,2024-12-02,Initial,World-Check,N,,,N,,N,,,,N,0,No Hit
SCR001178,C00453,2025-05-31,Ongoing Rescreen,LexisNexis Bridger,N,,,N,,N,,,,N,0,No Hit
SCR001179,C00453,2025-11-27,Ongoing Rescreen,Dow Jones Risk,N,,,N,,N,,,,N,0,No Hit
SCR001180,C00454,2025-04-19,Initial,Dow Jones Risk,N,,,N,,N,,,,N,0,No Hit
SCR001181,C00454,2025-10-16,Ongoing Rescreen,World-Check,N,,,N,,N,,,,N,0,No Hit
SCR001182,C00455,2024-02-17,Initial,Dow Jones Risk,N,,,N,,N,,,,N,0,No Hit
SCR001183,C00455,2024-08-15,Ongoing Rescreen,Dow Jones Risk,N,,,N,,N,,,,N,0,No Hit
SCR001184,C00455,2025-02-11,Ongoing Rescreen,World-Check,N,,,N,,N,,,,N,0,No Hit
SCR001185,C00455,2025-08-10,Ongoing Rescreen,LexisNexis Bridger,N,,,N,,Y,Bribery & Corruption,Online Blog,N,Y,13,Cleared - False Positive
SCR001186,C00456,2025-08-29,Initial,World-Check,N,,,N,,N,,,,N,0,No Hit
SCR001187,C00457,2025-03-11,Initial,Dow Jones Risk,N,,,N,,N,,,,N,0,No Hit
SCR001188,C00457,2025-09-07,Ongoing Rescreen,World-Check,N,,,N,,N,,,,N,0,No Hit
SCR001189,C00458,2024-08-14,Initial,Dow Jones Risk,N,,,N,,N,,,,N,0,No Hit
SCR001190,C00458,2025-02-10,Ongoing Rescreen,World-Check,Y,OFAC SDN,N,N,,N,,,,Y,5,Cleared - False Positive
SCR001191,C00458,2025-08-09,Ongoing Rescreen,LexisNexis Bridger,N,,,N,,N,,,,N,0,No Hit
SCR001192,C00459,2025-05-21,Initial,Dow Jones Risk,N,,,N,,N,,,,N,0,No Hit
SCR001193,C00459,2025-11-17,Ongoing Rescreen,World-Check,N,,,N,,N,,,,N,0,No Hit
SCR001194,C00460,2024-01-05,Initial,LexisNexis Bridger,N,,,N,,N,,,,N,0,No Hit
SCR001195,C00460,2024-07-03,Ongoing Rescreen,Dow Jones Risk,N,,,N,,N,,,,N,0,No Hit
SCR001196,C00460,2024-12-30,Ongoing Rescreen,LexisNexis Bridger,N,,,N,,N,,,,N,0,No Hit
SCR001197,C00460,2025-06-28,Ongoing Rescreen,World-Check,N,,,N,,N,,,,N,0,No Hit
SCR001198,C00460,2025-12-25,Ongoing Rescreen,LexisNexis Bridger,N,,,N,,N,,,,N,0,No Hit
SCR001199,C00461,2024-12-24,Initial,World-Check,N,,,N,,N,,,,N,0,No Hit
SCR001200,C00461,2025-06-22,Ongoing Rescreen,World-Check,N,,,N,,N,,,,N,0,No Hit
SCR001201,C00461,2025-12-19,Ongoing Rescreen,LexisNexis Bridger,N,,,N,,N,,,,N,0,No Hit
SCR001202,C00462,2025-11-21,Initial,Dow Jones Risk,N,,,N,,N,,,,N,0,No Hit
SCR001203,C00463,2025-07-09,Initial,LexisNexis Bridger,N,,,N,,N,,,,Y,0,No Hit
SCR001204,C00464,2024-02-02,Initial,LexisNexis Bridger,N,,,N,,N,,,,N,0,No Hit
SCR001205,C00464,2024-07-31,Ongoing Rescreen,Dow Jones Risk,N,,,N,,N,,,,N,0,No Hit
SCR001206,C00464,2025-01-27,Ongoing Rescreen,Dow Jones Risk,N,,,N,,N,,,,N,0,No Hit
SCR001207,C00464,2025-07-26,Ongoing Rescreen,Dow Jones Risk,N,,,N,,N,,,,N,0,No Hit
SCR001208,C00465,2025-03-07,Initial,World-Check,N,,,N,,N,,,,N,0,No Hit
SCR001209,C00465,2025-09-03,Ongoing Rescreen,LexisNexis Bridger,N,,,N,,N,,,,N,0,No Hit
SCR001210,C00466,2025-05-12,Initial,Dow Jones Risk,N,,,N,,N,,,,N,0,No Hit
SCR001211,C00466,2025-11-08,Ongoing Rescreen,World-Check,N,,,N,,N,,,,N,0,No Hit
SCR001212,C00467,2025-01-19,Initial,LexisNexis Bridger,N,,,N,,N,,,,N,0,No Hit
SCR001213,C00467,2025-07-18,Ongoing Rescreen,LexisNexis Bridger,N,,,N,,N,,,,N,0,No Hit
SCR001214,C00468,2024-08-23,Initial,Dow Jones Risk,N,,,N,,N,,,,N,0,No Hit
SCR001215,C00468,2025-02-19,Ongoing Rescreen,Dow Jones Risk,N,,,N,,N,,,,N,0,No Hit
SCR001216,C00468,2025-08-18,Ongoing Rescreen,Dow Jones Risk,N,,,N,,N,,,,N,0,No Hit
SCR001217,C00469,2025-05-11,Initial,LexisNexis Bridger,N,,,N,,N,,,,N,0,No Hit
SCR001218,C00469,2025-11-07,Ongoing Rescreen,LexisNexis Bridger,N,,,N,,N,,,,N,0,No Hit
SCR001219,C00470,2024-11-05,Initial,LexisNexis Bridger,N,,,N,,N,,,,N,0,No Hit
SCR001220,C00470,2025-05-04,Ongoing Rescreen,Dow Jones Risk,N,,,N,,N,,,,N,0,No Hit
SCR001221,C00470,2025-10-31,Ongoing Rescreen,LexisNexis Bridger,N,,,N,,N,,,,N,0,No Hit
SCR001222,C00471,2025-11-24,Initial,World-Check,N,,,N,,N,,,,N,0,No Hit
SCR001223,C00472,2025-09-04,Initial,Dow Jones Risk,N,,,N,,N,,,,N,0,No Hit
SCR001224,C00473,2025-10-26,Initial,LexisNexis Bridger,N,,,N,,N,,,,N,0,No Hit
SCR001225,C00474,2024-11-02,Initial,Dow Jones Risk,N,,,N,,N,,,,N,0,No Hit
SCR001226,C00474,2025-05-01,Ongoing Rescreen,World-Check,N,,,N,,N,,,,N,0,No Hit
SCR001227,C00474,2025-10-28,Ongoing Rescreen,World-Check,N,,,N,,N,,,,N,0,No Hit
SCR001228,C00475,2025-05-10,Initial,LexisNexis Bridger,N,,,N,,N,,,,N,0,No Hit
SCR001229,C00475,2025-11-06,Ongoing Rescreen,World-Check,N,,,N,,N,,,,N,0,No Hit
SCR001230,C00476,2024-04-15,Initial,World-Check,N,,,N,,N,,,,N,0,No Hit
SCR001231,C00476,2024-10-12,Ongoing Rescreen,Dow Jones Risk,N,,,N,,N,,,,N,0,No Hit
SCR001232,C00476,2025-04-10,Ongoing Rescreen,World-Check,N,,,N,,N,,,,N,0,No Hit
SCR001233,C00476,2025-10-07,Ongoing Rescreen,LexisNexis Bridger,N,,,N,,N,,,,N,0,No Hit
SCR001234,C00477,2025-07-04,Initial,World-Check,N,,,N,,N,,,,N,0,No Hit
SCR001235,C00477,2025-12-31,Ongoing Rescreen,LexisNexis Bridger,N,,,N,,N,,,,N,0,No Hit
SCR001236,C00478,2025-07-05,Initial,LexisNexis Bridger,N,,,N,,N,,,,N,0,No Hit
SCR001237,C00479,2025-07-20,Initial,Dow Jones Risk,N,,,N,,N,,,,N,0,No Hit
SCR001238,C00480,2024-01-15,Initial,LexisNexis Bridger,N,,,N,,N,,,,N,0,No Hit
SCR001239,C00480,2024-07-13,Ongoing Rescreen,LexisNexis Bridger,N,,,N,,N,,,,N,0,No Hit
SCR001240,C00480,2025-01-09,Ongoing Rescreen,Dow Jones Risk,N,,,N,,N,,,,N,0,No Hit
SCR001241,C00480,2025-07-08,Ongoing Rescreen,Dow Jones Risk,N,,,N,,N,,,,N,0,No Hit
SCR001242,C00481,2024-11-29,Initial,World-Check,N,,,Y,Close Associate,N,,,,Y,16,Cleared - False Positive
SCR001243,C00481,2025-05-28,Ongoing Rescreen,World-Check,N,,,Y,Domestic PEP,N,,,,Y,14,Cleared - False Positive
SCR001244,C00481,2025-11-24,Ongoing Rescreen,Dow Jones Risk,N,,,Y,Domestic PEP,N,,,,Y,10,Cleared - False Positive
SCR001245,C00482,2024-07-19,Initial,Dow Jones Risk,N,,,Y,Domestic PEP,N,,,,Y,6,Cleared - False Positive
SCR001246,C00482,2025-01-15,Ongoing Rescreen,LexisNexis Bridger,N,,,Y,Close Associate,N,,,,Y,10,Cleared - False Positive
SCR001247,C00482,2025-07-14,Ongoing Rescreen,Dow Jones Risk,N,,,Y,Close Associate,N,,,,Y,5,Cleared - False Positive
SCR001248,C00483,2025-10-30,Initial,Dow Jones Risk,N,,,N,,N,,,,N,0,No Hit
SCR001249,C00484,2025-01-28,Initial,Dow Jones Risk,N,,,N,,N,,,,N,0,No Hit
SCR001250,C00484,2025-07-27,Ongoing Rescreen,World-Check,N,,,N,,N,,,,N,0,No Hit
SCR001251,C00485,2025-03-22,Initial,LexisNexis Bridger,N,,,N,,N,,,,Y,0,No Hit
SCR001252,C00485,2025-09-18,Ongoing Rescreen,Dow Jones Risk,N,,,N,,Y,Regulatory Fine,Regional News,Y,Y,7,Escalate to EDD
SCR001253,C00486,2024-11-16,Initial,World-Check,Y,OFAC SDN,N,Y,Foreign PEP,N,,,,Y,2,Cleared - False Positive
SCR001254,C00486,2025-05-15,Ongoing Rescreen,Dow Jones Risk,N,,,Y,Close Associate,N,,,,Y,3,Cleared - False Positive
SCR001255,C00486,2025-11-11,Ongoing Rescreen,LexisNexis Bridger,N,,,Y,Family Member,N,,,,Y,7,Cleared - False Positive
SCR001256,C00487,2024-03-24,Initial,Dow Jones Risk,N,,,N,,N,,,,N,0,No Hit
SCR001257,C00487,2024-09-20,Ongoing Rescreen,World-Check,N,,,N,,N,,,,N,0,No Hit
SCR001258,C00487,2025-03-19,Ongoing Rescreen,LexisNexis Bridger,N,,,N,,N,,,,N,0,No Hit
SCR001259,C00487,2025-09-15,Ongoing Rescreen,Dow Jones Risk,N,,,N,,N,,,,N,0,No Hit
SCR001260,C00488,2025-03-29,Initial,Dow Jones Risk,N,,,N,,N,,,,N,0,No Hit
SCR001261,C00488,2025-09-25,Ongoing Rescreen,World-Check,N,,,N,,N,,,,N,0,No Hit
SCR001262,C00489,2025-03-22,Initial,World-Check,N,,,N,,N,,,,N,0,No Hit
SCR001263,C00489,2025-09-18,Ongoing Rescreen,LexisNexis Bridger,N,,,N,,N,,,,N,0,No Hit
SCR001264,C00490,2024-10-05,Initial,Dow Jones Risk,N,,,N,,N,,,,N,0,No Hit
SCR001265,C00490,2025-04-03,Ongoing Rescreen,Dow Jones Risk,N,,,N,,N,,,,N,0,No Hit
SCR001266,C00490,2025-09-30,Ongoing Rescreen,Dow Jones Risk,N,,,N,,N,,,,N,0,No Hit
SCR001267,C00491,2025-04-05,Initial,Dow Jones Risk,N,,,N,,N,,,,N,0,No Hit
SCR001268,C00491,2025-10-02,Ongoing Rescreen,Dow Jones Risk,N,,,N,,N,,,,N,0,No Hit
SCR001269,C00492,2024-10-12,Initial,World-Check,N,,,N,,N,,,,N,0,No Hit
SCR001270,C00492,2025-04-10,Ongoing Rescreen,LexisNexis Bridger,N,,,N,,N,,,,N,0,No Hit
SCR001271,C00492,2025-10-07,Ongoing Rescreen,Dow Jones Risk,N,,,N,,N,,,,N,0,No Hit
SCR001272,C00493,2025-04-27,Initial,Dow Jones Risk,Y,OFAC SDN,N,N,,N,,,,Y,6,Cleared - False Positive
SCR001273,C00493,2025-10-24,Ongoing Rescreen,LexisNexis Bridger,N,,,N,,N,,,,N,0,No Hit
SCR001274,C00494,2024-09-11,Initial,Dow Jones Risk,N,,,N,,N,,,,N,0,No Hit
SCR001275,C00494,2025-03-10,Ongoing Rescreen,World-Check,N,,,N,,N,,,,N,0,No Hit
SCR001276,C00494,2025-09-06,Ongoing Rescreen,LexisNexis Bridger,N,,,N,,N,,,,N,0,No Hit
SCR001277,C00495,2025-07-19,Initial,LexisNexis Bridger,N,,,N,,N,,,,N,0,No Hit
SCR001278,C00496,2025-10-10,Initial,LexisNexis Bridger,N,,,Y,Family Member,N,,,,Y,6,Cleared - False Positive
SCR001279,C00497,2024-12-20,Initial,Dow Jones Risk,N,,,N,,N,,,,N,0,No Hit
SCR001280,C00497,2025-06-18,Ongoing Rescreen,LexisNexis Bridger,N,,,N,,N,,,,N,0,No Hit
SCR001281,C00497,2025-12-15,Ongoing Rescreen,World-Check,N,,,N,,N,,,,N,0,No Hit
SCR001282,C00498,2024-01-13,Initial,Dow Jones Risk,N,,,N,,N,,,,N,0,No Hit
SCR001283,C00498,2024-07-11,Ongoing Rescreen,LexisNexis Bridger,N,,,N,,N,,,,N,0,No Hit
SCR001284,C00498,2025-01-07,Ongoing Rescreen,World-Check,N,,,N,,N,,,,N,0,No Hit
SCR001285,C00498,2025-07-06,Ongoing Rescreen,World-Check,N,,,N,,N,,,,N,0,No Hit
SCR001286,C00499,2025-05-13,Initial,Dow Jones Risk,N,,,N,,N,,,,N,0,No Hit
SCR001287,C00499,2025-11-09,Ongoing Rescreen,Dow Jones Risk,N,,,N,,N,,,,N,0,No Hit
SCR001288,C00500,2025-11-17,Initial,LexisNexis Bridger,N,,,N,,N,,,,N,0,No Hit
SCR001289,C00501,2025-06-02,Initial,Dow Jones Risk,N,,,N,,N,,,,N,0,No Hit
SCR001290,C00501,2025-11-29,Ongoing Rescreen,World-Check,N,,,N,,N,,,,N,0,No Hit
SCR001291,C00502,2024-09-18,Initial,World-Check,N,,,N,,N,,,,N,0,No Hit
SCR001292,C00502,2025-03-17,Ongoing Rescreen,LexisNexis Bridger,N,,,N,,N,,,,N,0,No Hit
SCR001293,C00502,2025-09-13,Ongoing Rescreen,Dow Jones Risk,N,,,Y,Close Associate,Y,Organised Crime,Regional News,N,Y,2,Cleared - False Positive
SCR001294,C00503,2025-02-16,Initial,LexisNexis Bridger,N,,,N,,N,,,,N,0,No Hit
SCR001295,C00503,2025-08-15,Ongoing Rescreen,LexisNexis Bridger,N,,,N,,N,,,,N,0,No Hit
SCR001296,C00504,2024-09-23,Initial,World-Check,N,,,N,,N,,,,N,0,No Hit
SCR001297,C00504,2025-03-22,Ongoing Rescreen,Dow Jones Risk,N,,,N,,N,,,,N,0,No Hit
SCR001298,C00504,2025-09-18,Ongoing Rescreen,LexisNexis Bridger,N,,,N,,N,,,,N,0,No Hit
SCR001299,C00505,2025-07-19,Initial,Dow Jones Risk,N,,,N,,N,,,,N,0,No Hit
SCR001300,C00506,2025-06-14,Initial,World-Check,N,,,N,,N,,,,N,0,No Hit
SCR001301,C00506,2025-12-11,Ongoing Rescreen,World-Check,N,,,N,,N,,,,N,0,No Hit
SCR001302,C00507,2025-04-01,Initial,LexisNexis Bridger,N,,,N,,N,,,,N,0,No Hit
SCR001303,C00507,2025-09-28,Ongoing Rescreen,World-Check,N,,,N,,N,,,,N,0,No Hit
SCR001304,C00508,2024-10-10,Initial,World-Check,N,,,N,,N,,,,N,0,No Hit
SCR001305,C00508,2025-04-08,Ongoing Rescreen,Dow Jones Risk,N,,,N,,N,,,,N,0,No Hit
SCR001306,C00508,2025-10-05,Ongoing Rescreen,World-Check,N,,,N,,N,,,,N,0,No Hit
SCR001307,C00509,2024-05-06,Initial,LexisNexis Bridger,N,,,N,,N,,,,N,0,No Hit
SCR001308,C00509,2024-11-02,Ongoing Rescreen,Dow Jones Risk,N,,,N,,N,,,,N,0,No Hit
SCR001309,C00509,2025-05-01,Ongoing Rescreen,Dow Jones Risk,N,,,N,,N,,,,N,0,No Hit
SCR001310,C00509,2025-10-28,Ongoing Rescreen,LexisNexis Bridger,N,,,N,,N,,,,N,0,No Hit
SCR001311,C00510,2025-03-26,Initial,World-Check,N,,,N,,N,,,,N,0,No Hit
SCR001312,C00510,2025-09-22,Ongoing Rescreen,LexisNexis Bridger,N,,,N,,N,,,,N,0,No Hit
SCR001313,C00511,2024-09-03,Initial,World-Check,N,,,N,,N,,,,N,0,No Hit
SCR001314,C00511,2025-03-02,Ongoing Rescreen,World-Check,N,,,N,,N,,,,N,0,No Hit
SCR001315,C00511,2025-08-29,Ongoing Rescreen,LexisNexis Bridger,N,,,N,,N,,,,N,0,No Hit
SCR001316,C00512,2025-10-22,Initial,Dow Jones Risk,N,,,N,,N,,,,N,0,No Hit
SCR001317,C00513,2024-02-16,Initial,LexisNexis Bridger,N,,,N,,N,,,,Y,0,No Hit
SCR001318,C00513,2024-08-14,Ongoing Rescreen,Dow Jones Risk,N,,,N,,N,,,,Y,0,No Hit
SCR001319,C00513,2025-02-10,Ongoing Rescreen,World-Check,N,,,N,,N,,,,Y,0,No Hit
SCR001320,C00513,2025-08-09,Ongoing Rescreen,Dow Jones Risk,N,,,N,,Y,Bribery & Corruption,Court Records,N,Y,1,Cleared - False Positive
SCR001321,C00514,2025-09-10,Initial,LexisNexis Bridger,N,,,N,,N,,,,N,0,No Hit
SCR001322,C00515,2025-07-23,Initial,LexisNexis Bridger,N,,,N,,N,,,,N,0,No Hit
SCR001323,C00516,2025-01-11,Initial,Dow Jones Risk,N,,,N,,N,,,,N,0,No Hit
SCR001324,C00516,2025-07-10,Ongoing Rescreen,Dow Jones Risk,N,,,N,,N,,,,N,0,No Hit
SCR001325,C00517,2025-12-27,Initial,LexisNexis Bridger,N,,,Y,Foreign PEP,N,,,,Y,21,Cleared - False Positive
SCR001326,C00518,2025-06-07,Initial,Dow Jones Risk,N,,,N,,N,,,,N,0,No Hit
SCR001327,C00518,2025-12-04,Ongoing Rescreen,Dow Jones Risk,N,,,N,,N,,,,N,0,No Hit
SCR001328,C00519,2024-01-31,Initial,World-Check,N,,,N,,N,,,,N,0,No Hit
SCR001329,C00519,2024-07-29,Ongoing Rescreen,World-Check,N,,,N,,N,,,,N,0,No Hit
SCR001330,C00519,2025-01-25,Ongoing Rescreen,World-Check,N,,,N,,N,,,,N,0,No Hit
SCR001331,C00519,2025-07-24,Ongoing Rescreen,World-Check,N,,,N,,N,,,,N,0,No Hit
SCR001332,C00520,2024-10-13,Initial,LexisNexis Bridger,N,,,N,,N,,,,N,0,No Hit
SCR001333,C00520,2025-04-11,Ongoing Rescreen,LexisNexis Bridger,N,,,N,,N,,,,N,0,No Hit
SCR001334,C00520,2025-10-08,Ongoing Rescreen,Dow Jones Risk,N,,,N,,N,,,,N,0,No Hit
SCR001335,C00521,2025-09-06,Initial,World-Check,N,,,N,,N,,,,N,0,No Hit
SCR001336,C00522,2025-07-21,Initial,World-Check,N,,,N,,N,,,,N,0,No Hit
SCR001337,C00523,2024-04-27,Initial,LexisNexis Bridger,N,,,N,,N,,,,N,0,No Hit
SCR001338,C00523,2024-10-24,Ongoing Rescreen,World-Check,N,,,N,,N,,,,N,0,No Hit
SCR001339,C00523,2025-04-22,Ongoing Rescreen,World-Check,N,,,N,,N,,,,N,0,No Hit
SCR001340,C00523,2025-10-19,Ongoing Rescreen,LexisNexis Bridger,N,,,N,,N,,,,N,0,No Hit
SCR001341,C00524,2024-05-04,Initial,World-Check,N,,,N,,N,,,,N,0,No Hit
SCR001342,C00524,2024-10-31,Ongoing Rescreen,LexisNexis Bridger,N,,,N,,N,,,,N,0,No Hit
SCR001343,C00524,2025-04-29,Ongoing Rescreen,World-Check,N,,,N,,N,,,,N,0,No Hit
SCR001344,C00524,2025-10-26,Ongoing Rescreen,Dow Jones Risk,N,,,N,,Y,Regulatory Fine,Regulator Notice,N,Y,1,Cleared - False Positive
SCR001345,C00525,2025-11-06,Initial,LexisNexis Bridger,N,,,N,,N,,,,N,0,No Hit
SCR001346,C00526,2024-02-03,Initial,LexisNexis Bridger,N,,,N,,N,,,,N,0,No Hit
SCR001347,C00526,2024-08-01,Ongoing Rescreen,LexisNexis Bridger,N,,,N,,N,,,,N,0,No Hit
SCR001348,C00526,2025-01-28,Ongoing Rescreen,Dow Jones Risk,Y,OFAC SDN,N,N,,N,,,,Y,5,Cleared - False Positive
SCR001349,C00526,2025-07-27,Ongoing Rescreen,Dow Jones Risk,N,,,N,,N,,,,N,0,No Hit
SCR001350,C00527,2025-11-25,Initial,World-Check,N,,,N,,N,,,,N,0,No Hit
SCR001351,C00528,2025-01-30,Initial,Dow Jones Risk,N,,,N,,N,,,,N,0,No Hit
SCR001352,C00528,2025-07-29,Ongoing Rescreen,LexisNexis Bridger,N,,,N,,N,,,,N,0,No Hit
SCR001353,C00529,2025-08-13,Initial,Dow Jones Risk,N,,,N,,N,,,,N,0,No Hit
SCR001354,C00530,2024-06-06,Initial,Dow Jones Risk,N,,,N,,N,,,,Y,0,No Hit
SCR001355,C00530,2024-12-03,Ongoing Rescreen,World-Check,N,,,N,,N,,,,Y,0,No Hit
SCR001356,C00530,2025-06-01,Ongoing Rescreen,LexisNexis Bridger,N,,,N,,Y,Tax Evasion,National News,Y,Y,10,Escalate to EDD
SCR001357,C00530,2025-11-28,Ongoing Rescreen,Dow Jones Risk,N,,,N,,N,,,,Y,0,No Hit
SCR001358,C00531,2024-09-08,Initial,Dow Jones Risk,N,,,N,,N,,,,N,0,No Hit
SCR001359,C00531,2025-03-07,Ongoing Rescreen,World-Check,N,,,N,,N,,,,N,0,No Hit
SCR001360,C00531,2025-09-03,Ongoing Rescreen,Dow Jones Risk,N,,,N,,N,,,,N,0,No Hit
SCR001361,C00532,2025-06-16,Initial,World-Check,N,,,N,,N,,,,N,0,No Hit
SCR001362,C00532,2025-12-13,Ongoing Rescreen,World-Check,N,,,Y,Close Associate,N,,,,Y,6,Cleared - False Positive
SCR001363,C00533,2024-04-28,Initial,LexisNexis Bridger,N,,,N,,N,,,,N,0,No Hit
SCR001364,C00533,2024-10-25,Ongoing Rescreen,LexisNexis Bridger,N,,,N,,N,,,,N,0,No Hit
SCR001365,C00533,2025-04-23,Ongoing Rescreen,LexisNexis Bridger,N,,,N,,N,,,,N,0,No Hit
SCR001366,C00533,2025-10-20,Ongoing Rescreen,Dow Jones Risk,N,,,N,,N,,,,N,0,No Hit
SCR001367,C00534,2024-03-15,Initial,World-Check,N,,,N,,N,,,,N,0,No Hit
SCR001368,C00534,2024-09-11,Ongoing Rescreen,LexisNexis Bridger,N,,,N,,N,,,,N,0,No Hit
SCR001369,C00534,2025-03-10,Ongoing Rescreen,World-Check,N,,,N,,N,,,,N,0,No Hit
SCR001370,C00534,2025-09-06,Ongoing Rescreen,LexisNexis Bridger,N,,,N,,N,,,,N,0,No Hit
SCR001371,C00535,2025-03-21,Initial,World-Check,N,,,N,,N,,,,N,0,No Hit
SCR001372,C00535,2025-09-17,Ongoing Rescreen,LexisNexis Bridger,N,,,N,,N,,,,N,0,No Hit
SCR001373,C00536,2024-01-07,Initial,LexisNexis Bridger,N,,,N,,N,,,,N,0,No Hit
SCR001374,C00536,2024-07-05,Ongoing Rescreen,Dow Jones Risk,N,,,N,,N,,,,N,0,No Hit
SCR001375,C00536,2025-01-01,Ongoing Rescreen,World-Check,N,,,N,,N,,,,N,0,No Hit
SCR001376,C00536,2025-06-30,Ongoing Rescreen,World-Check,N,,,N,,N,,,,N,0,No Hit
SCR001377,C00536,2025-12-27,Ongoing Rescreen,Dow Jones Risk,N,,,N,,N,,,,N,0,No Hit
SCR001378,C00537,2025-11-17,Initial,World-Check,N,,,N,,N,,,,N,0,No Hit
SCR001379,C00538,2025-05-08,Initial,World-Check,N,,,N,,N,,,,N,0,No Hit
SCR001380,C00538,2025-11-04,Ongoing Rescreen,Dow Jones Risk,N,,,N,,N,,,,N,0,No Hit
SCR001381,C00539,2025-06-05,Initial,LexisNexis Bridger,N,,,N,,N,,,,Y,0,No Hit
SCR001382,C00539,2025-12-02,Ongoing Rescreen,LexisNexis Bridger,N,,,N,,N,,,,Y,0,No Hit
SCR001383,C00540,2025-01-01,Initial,Dow Jones Risk,N,,,N,,N,,,,N,0,No Hit
SCR001384,C00540,2025-06-30,Ongoing Rescreen,Dow Jones Risk,N,,,N,,N,,,,N,0,No Hit
SCR001385,C00540,2025-12-27,Ongoing Rescreen,LexisNexis Bridger,N,,,N,,N,,,,N,0,No Hit
SCR001386,C00541,2025-03-31,Initial,World-Check,N,,,N,,N,,,,N,0,No Hit
SCR001387,C00541,2025-09-27,Ongoing Rescreen,Dow Jones Risk,N,,,N,,N,,,,N,0,No Hit
SCR001388,C00542,2025-11-26,Initial,Dow Jones Risk,N,,,N,,N,,,,N,0,No Hit
SCR001389,C00543,2024-01-04,Initial,Dow Jones Risk,N,,,N,,N,,,,N,0,No Hit
SCR001390,C00543,2024-07-02,Ongoing Rescreen,LexisNexis Bridger,N,,,N,,N,,,,N,0,No Hit
SCR001391,C00543,2024-12-29,Ongoing Rescreen,Dow Jones Risk,N,,,N,,N,,,,N,0,No Hit
SCR001392,C00543,2025-06-27,Ongoing Rescreen,Dow Jones Risk,N,,,N,,N,,,,N,0,No Hit
SCR001393,C00543,2025-12-24,Ongoing Rescreen,Dow Jones Risk,N,,,N,,N,,,,N,0,No Hit
SCR001394,C00544,2024-06-29,Initial,LexisNexis Bridger,N,,,N,,N,,,,N,0,No Hit
SCR001395,C00544,2024-12-26,Ongoing Rescreen,World-Check,N,,,N,,N,,,,N,0,No Hit
SCR001396,C00544,2025-06-24,Ongoing Rescreen,Dow Jones Risk,N,,,N,,N,,,,N,0,No Hit
SCR001397,C00544,2025-12-21,Ongoing Rescreen,LexisNexis Bridger,N,,,N,,N,,,,N,0,No Hit
SCR001398,C00545,2025-05-24,Initial,World-Check,N,,,N,,N,,,,N,0,No Hit
SCR001399,C00545,2025-11-20,Ongoing Rescreen,Dow Jones Risk,N,,,N,,N,,,,N,0,No Hit
SCR001400,C00546,2024-03-31,Initial,Dow Jones Risk,N,,,N,,N,,,,N,0,No Hit
SCR001401,C00546,2024-09-27,Ongoing Rescreen,Dow Jones Risk,N,,,N,,N,,,,N,0,No Hit
SCR001402,C00546,2025-03-26,Ongoing Rescreen,World-Check,N,,,N,,N,,,,N,0,No Hit
SCR001403,C00546,2025-09-22,Ongoing Rescreen,Dow Jones Risk,N,,,N,,N,,,,N,0,No Hit
SCR001404,C00547,2024-06-28,Initial,World-Check,N,,,N,,N,,,,N,0,No Hit
SCR001405,C00547,2024-12-25,Ongoing Rescreen,Dow Jones Risk,N,,,N,,N,,,,N,0,No Hit
SCR001406,C00547,2025-06-23,Ongoing Rescreen,LexisNexis Bridger,N,,,N,,N,,,,N,0,No Hit
SCR001407,C00547,2025-12-20,Ongoing Rescreen,Dow Jones Risk,N,,,N,,N,,,,N,0,No Hit
SCR001408,C00548,2024-01-17,Initial,Dow Jones Risk,N,,,N,,N,,,,N,0,No Hit
SCR001409,C00548,2024-07-15,Ongoing Rescreen,Dow Jones Risk,N,,,N,,Y,Regulatory Fine,Court Records,N,Y,1,Cleared - False Positive
SCR001410,C00548,2025-01-11,Ongoing Rescreen,Dow Jones Risk,N,,,N,,N,,,,N,0,No Hit
SCR001411,C00548,2025-07-10,Ongoing Rescreen,World-Check,N,,,N,,N,,,,N,0,No Hit
SCR001412,C00549,2024-02-10,Initial,Dow Jones Risk,N,,,N,,N,,,,N,0,No Hit
SCR001413,C00549,2024-08-08,Ongoing Rescreen,Dow Jones Risk,N,,,N,,N,,,,N,0,No Hit
SCR001414,C00549,2025-02-04,Ongoing Rescreen,Dow Jones Risk,N,,,N,,N,,,,N,0,No Hit
SCR001415,C00549,2025-08-03,Ongoing Rescreen,World-Check,N,,,N,,N,,,,N,0,No Hit
SCR001416,C00550,2024-11-20,Initial,World-Check,N,,,N,,N,,,,N,0,No Hit
SCR001417,C00550,2025-05-19,Ongoing Rescreen,Dow Jones Risk,N,,,N,,N,,,,N,0,No Hit
SCR001418,C00550,2025-11-15,Ongoing Rescreen,Dow Jones Risk,N,,,N,,N,,,,N,0,No Hit
SCR001419,C00551,2025-04-27,Initial,Dow Jones Risk,N,,,N,,Y,Tax Evasion,National News,N,Y,3,Cleared - False Positive
SCR001420,C00551,2025-10-24,Ongoing Rescreen,LexisNexis Bridger,N,,,N,,N,,,,N,0,No Hit
SCR001421,C00552,2024-03-14,Initial,World-Check,N,,,N,,N,,,,N,0,No Hit
SCR001422,C00552,2024-09-10,Ongoing Rescreen,LexisNexis Bridger,N,,,N,,N,,,,N,0,No Hit
SCR001423,C00552,2025-03-09,Ongoing Rescreen,World-Check,N,,,N,,N,,,,N,0,No Hit
SCR001424,C00552,2025-09-05,Ongoing Rescreen,Dow Jones Risk,N,,,N,,N,,,,N,0,No Hit
SCR001425,C00553,2025-12-19,Initial,LexisNexis Bridger,N,,,N,,N,,,,N,0,No Hit
SCR001426,C00554,2025-07-20,Initial,Dow Jones Risk,N,,,N,,N,,,,N,0,No Hit
SCR001427,C00555,2025-04-29,Initial,LexisNexis Bridger,N,,,N,,N,,,,N,0,No Hit
SCR001428,C00555,2025-10-26,Ongoing Rescreen,Dow Jones Risk,N,,,N,,N,,,,N,0,No Hit
SCR001429,C00556,2024-02-22,Initial,Dow Jones Risk,N,,,N,,N,,,,N,0,No Hit
SCR001430,C00556,2024-08-20,Ongoing Rescreen,World-Check,N,,,N,,N,,,,N,0,No Hit
SCR001431,C00556,2025-02-16,Ongoing Rescreen,LexisNexis Bridger,N,,,N,,N,,,,N,0,No Hit
SCR001432,C00556,2025-08-15,Ongoing Rescreen,Dow Jones Risk,N,,,N,,N,,,,N,0,No Hit
SCR001433,C00557,2025-01-14,Initial,Dow Jones Risk,N,,,N,,N,,,,N,0,No Hit
SCR001434,C00557,2025-07-13,Ongoing Rescreen,Dow Jones Risk,N,,,N,,N,,,,N,0,No Hit
SCR001435,C00558,2025-11-04,Initial,LexisNexis Bridger,N,,,N,,N,,,,N,0,No Hit
SCR001436,C00559,2024-06-22,Initial,World-Check,N,,,N,,N,,,,N,0,No Hit
SCR001437,C00559,2024-12-19,Ongoing Rescreen,LexisNexis Bridger,N,,,Y,Foreign PEP,N,,,,Y,5,Cleared - False Positive
SCR001438,C00559,2025-06-17,Ongoing Rescreen,Dow Jones Risk,N,,,N,,N,,,,N,0,No Hit
SCR001439,C00559,2025-12-14,Ongoing Rescreen,Dow Jones Risk,N,,,N,,N,,,,N,0,No Hit
SCR001440,C00560,2025-01-30,Initial,Dow Jones Risk,N,,,N,,N,,,,N,0,No Hit
SCR001441,C00560,2025-07-29,Ongoing Rescreen,LexisNexis Bridger,N,,,N,,N,,,,N,0,No Hit
SCR001442,C00561,2025-02-16,Initial,World-Check,N,,,N,,N,,,,N,0,No Hit
SCR001443,C00561,2025-08-15,Ongoing Rescreen,LexisNexis Bridger,N,,,N,,N,,,,N,0,No Hit
SCR001444,C00562,2025-05-24,Initial,Dow Jones Risk,N,,,N,,N,,,,N,0,No Hit
SCR001445,C00562,2025-11-20,Ongoing Rescreen,LexisNexis Bridger,N,,,N,,N,,,,N,0,No Hit
SCR001446,C00563,2025-11-02,Initial,LexisNexis Bridger,N,,,N,,N,,,,N,0,No Hit
SCR001447,C00564,2024-04-05,Initial,LexisNexis Bridger,N,,,N,,N,,,,N,0,No Hit
SCR001448,C00564,2024-10-02,Ongoing Rescreen,World-Check,N,,,N,,N,,,,N,0,No Hit
SCR001449,C00564,2025-03-31,Ongoing Rescreen,World-Check,Y,UN Consolidated,N,N,,N,,,,Y,2,Cleared - False Positive
SCR001450,C00564,2025-09-27,Ongoing Rescreen,Dow Jones Risk,N,,,N,,N,,,,N,0,No Hit
SCR001451,C00565,2024-02-15,Initial,LexisNexis Bridger,N,,,N,,N,,,,N,0,No Hit
SCR001452,C00565,2024-08-13,Ongoing Rescreen,World-Check,N,,,N,,N,,,,N,0,No Hit
SCR001453,C00565,2025-02-09,Ongoing Rescreen,LexisNexis Bridger,N,,,N,,N,,,,N,0,No Hit
SCR001454,C00565,2025-08-08,Ongoing Rescreen,Dow Jones Risk,N,,,N,,N,,,,N,0,No Hit
SCR001455,C00566,2024-03-06,Initial,LexisNexis Bridger,N,,,N,,N,,,,N,0,No Hit
SCR001456,C00566,2024-09-02,Ongoing Rescreen,World-Check,N,,,N,,N,,,,N,0,No Hit
SCR001457,C00566,2025-03-01,Ongoing Rescreen,LexisNexis Bridger,N,,,N,,N,,,,N,0,No Hit
SCR001458,C00566,2025-08-28,Ongoing Rescreen,Dow Jones Risk,N,,,N,,N,,,,N,0,No Hit
SCR001459,C00567,2024-07-14,Initial,World-Check,N,,,N,,N,,,,N,0,No Hit
SCR001460,C00567,2025-01-10,Ongoing Rescreen,Dow Jones Risk,N,,,N,,N,,,,N,0,No Hit
SCR001461,C00567,2025-07-09,Ongoing Rescreen,World-Check,N,,,N,,N,,,,N,0,No Hit
SCR001462,C00568,2024-09-15,Initial,World-Check,N,,,N,,N,,,,N,0,No Hit
SCR001463,C00568,2025-03-14,Ongoing Rescreen,LexisNexis Bridger,N,,,N,,N,,,,N,0,No Hit
SCR001464,C00568,2025-09-10,Ongoing Rescreen,World-Check,N,,,N,,N,,,,N,0,No Hit
SCR001465,C00569,2025-10-04,Initial,LexisNexis Bridger,N,,,N,,N,,,,N,0,No Hit
SCR001466,C00570,2025-01-15,Initial,World-Check,N,,,N,,N,,,,N,0,No Hit
SCR001467,C00570,2025-07-14,Ongoing Rescreen,LexisNexis Bridger,N,,,N,,N,,,,N,0,No Hit
SCR001468,C00571,2025-06-28,Initial,Dow Jones Risk,N,,,N,,N,,,,N,0,No Hit
SCR001469,C00571,2025-12-25,Ongoing Rescreen,Dow Jones Risk,N,,,N,,N,,,,N,0,No Hit
SCR001470,C00572,2025-02-24,Initial,LexisNexis Bridger,N,,,N,,N,,,,N,0,No Hit
SCR001471,C00572,2025-08-23,Ongoing Rescreen,World-Check,N,,,N,,N,,,,N,0,No Hit
SCR001472,C00573,2025-11-27,Initial,World-Check,N,,,N,,N,,,,Y,0,No Hit
SCR001473,C00574,2024-08-29,Initial,LexisNexis Bridger,N,,,N,,N,,,,Y,0,No Hit
SCR001474,C00574,2025-02-25,Ongoing Rescreen,World-Check,N,,,N,,N,,,,Y,0,No Hit
SCR001475,C00574,2025-08-24,Ongoing Rescreen,World-Check,N,,,N,,N,,,,Y,0,No Hit
SCR001476,C00575,2025-05-04,Initial,Dow Jones Risk,N,,,N,,N,,,,N,0,No Hit
SCR001477,C00575,2025-10-31,Ongoing Rescreen,World-Check,N,,,N,,N,,,,N,0,No Hit
SCR001478,C00576,2024-07-18,Initial,Dow Jones Risk,N,,,N,,N,,,,N,0,No Hit
SCR001479,C00576,2025-01-14,Ongoing Rescreen,Dow Jones Risk,N,,,N,,N,,,,N,0,No Hit
SCR001480,C00576,2025-07-13,Ongoing Rescreen,Dow Jones Risk,N,,,N,,N,,,,N,0,No Hit
SCR001481,C00577,2024-06-19,Initial,LexisNexis Bridger,N,,,N,,N,,,,N,0,No Hit
SCR001482,C00577,2024-12-16,Ongoing Rescreen,LexisNexis Bridger,N,,,N,,N,,,,N,0,No Hit
SCR001483,C00577,2025-06-14,Ongoing Rescreen,World-Check,N,,,N,,N,,,,N,0,No Hit
SCR001484,C00577,2025-12-11,Ongoing Rescreen,LexisNexis Bridger,N,,,N,,N,,,,N,0,No Hit
SCR001485,C00578,2025-12-18,Initial,Dow Jones Risk,N,,,N,,N,,,,N,0,No Hit
SCR001486,C00579,2024-01-18,Initial,LexisNexis Bridger,N,,,N,,N,,,,N,0,No Hit
SCR001487,C00579,2024-07-16,Ongoing Rescreen,World-Check,N,,,N,,N,,,,N,0,No Hit
SCR001488,C00579,2025-01-12,Ongoing Rescreen,World-Check,N,,,N,,N,,,,N,0,No Hit
SCR001489,C00579,2025-07-11,Ongoing Rescreen,Dow Jones Risk,N,,,N,,N,,,,N,0,No Hit
SCR001490,C00580,2024-07-18,Initial,LexisNexis Bridger,N,,,N,,N,,,,N,0,No Hit
SCR001491,C00580,2025-01-14,Ongoing Rescreen,Dow Jones Risk,N,,,N,,N,,,,N,0,No Hit
SCR001492,C00580,2025-07-13,Ongoing Rescreen,LexisNexis Bridger,N,,,N,,N,,,,N,0,No Hit
SCR001493,C00581,2024-10-09,Initial,Dow Jones Risk,N,,,N,,N,,,,N,0,No Hit
SCR001494,C00581,2025-04-07,Ongoing Rescreen,Dow Jones Risk,N,,,N,,N,,,,N,0,No Hit
SCR001495,C00581,2025-10-04,Ongoing Rescreen,World-Check,N,,,N,,N,,,,N,0,No Hit
SCR001496,C00582,2024-04-10,Initial,World-Check,N,,,N,,N,,,,N,0,No Hit
SCR001497,C00582,2024-10-07,Ongoing Rescreen,World-Check,N,,,N,,N,,,,N,0,No Hit
SCR001498,C00582,2025-04-05,Ongoing Rescreen,LexisNexis Bridger,N,,,N,,N,,,,N,0,No Hit
SCR001499,C00582,2025-10-02,Ongoing Rescreen,LexisNexis Bridger,N,,,N,,N,,,,N,0,No Hit
SCR001500,C00583,2025-07-18,Initial,Dow Jones Risk,N,,,N,,N,,,,N,0,No Hit
SCR001501,C00584,2024-09-19,Initial,Dow Jones Risk,N,,,N,,N,,,,N,0,No Hit
SCR001502,C00584,2025-03-18,Ongoing Rescreen,Dow Jones Risk,N,,,N,,N,,,,N,0,No Hit
SCR001503,C00584,2025-09-14,Ongoing Rescreen,World-Check,N,,,N,,N,,,,N,0,No Hit
SCR001504,C00585,2024-12-01,Initial,World-Check,N,,,N,,N,,,,N,0,No Hit
SCR001505,C00585,2025-05-30,Ongoing Rescreen,Dow Jones Risk,N,,,N,,N,,,,N,0,No Hit
SCR001506,C00585,2025-11-26,Ongoing Rescreen,LexisNexis Bridger,N,,,N,,N,,,,N,0,No Hit
SCR001507,C00586,2024-08-10,Initial,LexisNexis Bridger,N,,,N,,N,,,,N,0,No Hit
SCR001508,C00586,2025-02-06,Ongoing Rescreen,LexisNexis Bridger,N,,,N,,N,,,,N,0,No Hit
SCR001509,C00586,2025-08-05,Ongoing Rescreen,LexisNexis Bridger,N,,,N,,N,,,,N,0,No Hit
SCR001510,C00587,2025-10-13,Initial,LexisNexis Bridger,N,,,N,,N,,,,N,0,No Hit
SCR001511,C00588,2024-11-04,Initial,World-Check,N,,,N,,N,,,,N,0,No Hit
SCR001512,C00588,2025-05-03,Ongoing Rescreen,LexisNexis Bridger,N,,,N,,N,,,,N,0,No Hit
SCR001513,C00588,2025-10-30,Ongoing Rescreen,LexisNexis Bridger,N,,,N,,N,,,,N,0,No Hit
SCR001514,C00589,2025-07-29,Initial,Dow Jones Risk,N,,,N,,N,,,,N,0,No Hit
SCR001515,C00590,2025-03-31,Initial,World-Check,N,,,N,,N,,,,N,0,No Hit
SCR001516,C00590,2025-09-27,Ongoing Rescreen,LexisNexis Bridger,N,,,N,,N,,,,N,0,No Hit
SCR001517,C00591,2025-11-29,Initial,World-Check,N,,,N,,N,,,,N,0,No Hit
SCR001518,C00592,2025-03-16,Initial,Dow Jones Risk,N,,,N,,N,,,,N,0,No Hit
SCR001519,C00592,2025-09-12,Ongoing Rescreen,Dow Jones Risk,Y,UK HMT/OFSI,N,N,,N,,,,Y,3,Cleared - False Positive
SCR001520,C00593,2025-12-21,Initial,World-Check,N,,,Y,Foreign PEP,N,,,,Y,14,Cleared - False Positive
SCR001521,C00594,2025-05-25,Initial,LexisNexis Bridger,N,,,N,,N,,,,N,0,No Hit
SCR001522,C00594,2025-11-21,Ongoing Rescreen,Dow Jones Risk,N,,,N,,N,,,,N,0,No Hit
SCR001523,C00595,2024-02-13,Initial,LexisNexis Bridger,N,,,N,,N,,,,N,0,No Hit
SCR001524,C00595,2024-08-11,Ongoing Rescreen,Dow Jones Risk,N,,,N,,N,,,,N,0,No Hit
SCR001525,C00595,2025-02-07,Ongoing Rescreen,Dow Jones Risk,N,,,N,,N,,,,N,0,No Hit
SCR001526,C00595,2025-08-06,Ongoing Rescreen,World-Check,N,,,N,,N,,,,N,0,No Hit
SCR001527,C00596,2024-04-24,Initial,LexisNexis Bridger,N,,,N,,N,,,,N,0,No Hit
SCR001528,C00596,2024-10-21,Ongoing Rescreen,LexisNexis Bridger,N,,,N,,N,,,,N,0,No Hit
SCR001529,C00596,2025-04-19,Ongoing Rescreen,Dow Jones Risk,N,,,N,,N,,,,N,0,No Hit
SCR001530,C00596,2025-10-16,Ongoing Rescreen,LexisNexis Bridger,N,,,N,,N,,,,N,0,No Hit
SCR001531,C00597,2025-07-31,Initial,Dow Jones Risk,N,,,N,,N,,,,N,0,No Hit
SCR001532,C00598,2024-02-03,Initial,World-Check,N,,,N,,N,,,,N,0,No Hit
SCR001533,C00598,2024-08-01,Ongoing Rescreen,World-Check,N,,,N,,N,,,,N,0,No Hit
SCR001534,C00598,2025-01-28,Ongoing Rescreen,LexisNexis Bridger,Y,UK HMT/OFSI,N,N,,N,,,,Y,5,Cleared - False Positive
SCR001535,C00598,2025-07-27,Ongoing Rescreen,LexisNexis Bridger,N,,,N,,N,,,,N,0,No Hit
SCR001536,C00599,2024-05-18,Initial,LexisNexis Bridger,N,,,N,,Y,Tax Evasion,Regulator Notice,N,Y,3,Cleared - False Positive
SCR001537,C00599,2024-11-14,Ongoing Rescreen,LexisNexis Bridger,N,,,N,,N,,,,N,0,No Hit
SCR001538,C00599,2025-05-13,Ongoing Rescreen,World-Check,N,,,N,,N,,,,N,0,No Hit
SCR001539,C00599,2025-11-09,Ongoing Rescreen,World-Check,N,,,N,,N,,,,N,0,No Hit
SCR001540,C00600,2025-08-01,Initial,LexisNexis Bridger,N,,,N,,N,,,,N,0,No Hit
SCR001541,C00601,2024-09-16,Initial,LexisNexis Bridger,N,,,N,,N,,,,N,0,No Hit
SCR001542,C00601,2025-03-15,Ongoing Rescreen,Dow Jones Risk,N,,,N,,N,,,,N,0,No Hit
SCR001543,C00601,2025-09-11,Ongoing Rescreen,World-Check,N,,,N,,N,,,,N,0,No Hit
SCR001544,C00602,2024-06-07,Initial,LexisNexis Bridger,N,,,N,,N,,,,N,0,No Hit
SCR001545,C00602,2024-12-04,Ongoing Rescreen,LexisNexis Bridger,N,,,N,,N,,,,N,0,No Hit
SCR001546,C00602,2025-06-02,Ongoing Rescreen,Dow Jones Risk,N,,,N,,N,,,,N,0,No Hit
SCR001547,C00602,2025-11-29,Ongoing Rescreen,LexisNexis Bridger,N,,,N,,N,,,,N,0,No Hit
SCR001548,C00603,2024-05-24,Initial,Dow Jones Risk,N,,,N,,N,,,,N,0,No Hit
SCR001549,C00603,2024-11-20,Ongoing Rescreen,Dow Jones Risk,N,,,N,,N,,,,N,0,No Hit
SCR001550,C00603,2025-05-19,Ongoing Rescreen,Dow Jones Risk,N,,,N,,N,,,,N,0,No Hit
SCR001551,C00603,2025-11-15,Ongoing Rescreen,LexisNexis Bridger,N,,,N,,N,,,,N,0,No Hit
SCR001552,C00604,2024-08-18,Initial,LexisNexis Bridger,N,,,N,,N,,,,N,0,No Hit
SCR001553,C00604,2025-02-14,Ongoing Rescreen,World-Check,N,,,N,,N,,,,N,0,No Hit
SCR001554,C00604,2025-08-13,Ongoing Rescreen,World-Check,N,,,N,,N,,,,N,0,No Hit
SCR001555,C00605,2025-09-04,Initial,Dow Jones Risk,N,,,N,,N,,,,N,0,No Hit
SCR001556,C00606,2024-11-29,Initial,Dow Jones Risk,N,,,N,,N,,,,N,0,No Hit
SCR001557,C00606,2025-05-28,Ongoing Rescreen,LexisNexis Bridger,N,,,N,,N,,,,N,0,No Hit
SCR001558,C00606,2025-11-24,Ongoing Rescreen,LexisNexis Bridger,N,,,N,,N,,,,N,0,No Hit
SCR001559,C00607,2025-11-28,Initial,LexisNexis Bridger,N,,,Y,Domestic PEP,Y,Regulatory Fine,Online Blog,N,Y,3,Cleared - False Positive
SCR001560,C00608,2025-06-07,Initial,Dow Jones Risk,N,,,N,,N,,,,N,0,No Hit
SCR001561,C00608,2025-12-04,Ongoing Rescreen,LexisNexis Bridger,N,,,N,,N,,,,N,0,No Hit
SCR001562,C00609,2024-07-15,Initial,World-Check,N,,,N,,N,,,,N,0,No Hit
SCR001563,C00609,2025-01-11,Ongoing Rescreen,World-Check,N,,,N,,N,,,,N,0,No Hit
SCR001564,C00609,2025-07-10,Ongoing Rescreen,LexisNexis Bridger,N,,,N,,N,,,,N,0,No Hit
SCR001565,C00610,2024-04-29,Initial,World-Check,N,,,N,,N,,,,N,0,No Hit
SCR001566,C00610,2024-10-26,Ongoing Rescreen,World-Check,N,,,N,,N,,,,N,0,No Hit
SCR001567,C00610,2025-04-24,Ongoing Rescreen,Dow Jones Risk,N,,,N,,Y,Money Laundering,Court Records,N,Y,7,Cleared - False Positive
SCR001568,C00610,2025-10-21,Ongoing Rescreen,Dow Jones Risk,N,,,N,,N,,,,N,0,No Hit
SCR001569,C00611,2025-11-20,Initial,World-Check,N,,,N,,N,,,,Y,0,No Hit
SCR001570,C00612,2025-10-21,Initial,LexisNexis Bridger,N,,,N,,N,,,,N,0,No Hit
SCR001571,C00613,2024-03-30,Initial,World-Check,N,,,N,,N,,,,N,0,No Hit
SCR001572,C00613,2024-09-26,Ongoing Rescreen,Dow Jones Risk,N,,,N,,N,,,,N,0,No Hit
SCR001573,C00613,2025-03-25,Ongoing Rescreen,Dow Jones Risk,N,,,N,,N,,,,N,0,No Hit
SCR001574,C00613,2025-09-21,Ongoing Rescreen,LexisNexis Bridger,N,,,N,,N,,,,N,0,No Hit
SCR001575,C00614,2024-08-23,Initial,Dow Jones Risk,N,,,N,,N,,,,N,0,No Hit
SCR001576,C00614,2025-02-19,Ongoing Rescreen,Dow Jones Risk,N,,,N,,N,,,,N,0,No Hit
SCR001577,C00614,2025-08-18,Ongoing Rescreen,World-Check,N,,,N,,N,,,,N,0,No Hit
SCR001578,C00615,2025-06-27,Initial,World-Check,N,,,N,,N,,,,N,0,No Hit
SCR001579,C00615,2025-12-24,Ongoing Rescreen,World-Check,N,,,N,,N,,,,N,0,No Hit
SCR001580,C00616,2025-12-19,Initial,World-Check,N,,,N,,N,,,,N,0,No Hit
SCR001581,C00617,2025-10-22,Initial,LexisNexis Bridger,N,,,N,,N,,,,N,0,No Hit
SCR001582,C00618,2024-07-27,Initial,LexisNexis Bridger,N,,,Y,Close Associate,N,,,,Y,4,Cleared - False Positive
SCR001583,C00618,2025-01-23,Ongoing Rescreen,World-Check,N,,,Y,Domestic PEP,N,,,,Y,13,Cleared - False Positive
SCR001584,C00618,2025-07-22,Ongoing Rescreen,Dow Jones Risk,N,,,Y,Domestic PEP,N,,,,Y,5,Cleared - False Positive
SCR001585,C00619,2025-10-17,Initial,LexisNexis Bridger,N,,,N,,N,,,,N,0,No Hit
SCR001586,C00620,2025-06-14,Initial,World-Check,N,,,N,,N,,,,N,0,No Hit
SCR001587,C00620,2025-12-11,Ongoing Rescreen,Dow Jones Risk,N,,,N,,N,,,,N,0,No Hit
SCR001588,C00621,2024-12-04,Initial,Dow Jones Risk,N,,,N,,N,,,,N,0,No Hit
SCR001589,C00621,2025-06-02,Ongoing Rescreen,Dow Jones Risk,N,,,N,,N,,,,N,0,No Hit
SCR001590,C00621,2025-11-29,Ongoing Rescreen,LexisNexis Bridger,N,,,N,,N,,,,N,0,No Hit
SCR001591,C00622,2024-10-02,Initial,LexisNexis Bridger,N,,,N,,N,,,,N,0,No Hit
SCR001592,C00622,2025-03-31,Ongoing Rescreen,World-Check,N,,,N,,N,,,,N,0,No Hit
SCR001593,C00622,2025-09-27,Ongoing Rescreen,LexisNexis Bridger,N,,,N,,N,,,,N,0,No Hit
SCR001594,C00623,2025-08-17,Initial,LexisNexis Bridger,N,,,N,,N,,,,N,0,No Hit
SCR001595,C00624,2025-09-03,Initial,Dow Jones Risk,N,,,N,,N,,,,N,0,No Hit
SCR001596,C00625,2025-10-30,Initial,LexisNexis Bridger,N,,,N,,N,,,,N,0,No Hit
SCR001597,C00626,2024-12-04,Initial,Dow Jones Risk,N,,,N,,N,,,,N,0,No Hit
SCR001598,C00626,2025-06-02,Ongoing Rescreen,LexisNexis Bridger,N,,,N,,Y,Money Laundering,Regulator Notice,N,Y,1,Cleared - False Positive
SCR001599,C00626,2025-11-29,Ongoing Rescreen,World-Check,N,,,N,,N,,,,N,0,No Hit
SCR001600,C00627,2024-07-13,Initial,LexisNexis Bridger,N,,,N,,N,,,,N,0,No Hit
SCR001601,C00627,2025-01-09,Ongoing Rescreen,World-Check,N,,,N,,N,,,,N,0,No Hit
SCR001602,C00627,2025-07-08,Ongoing Rescreen,World-Check,N,,,N,,N,,,,N,0,No Hit
SCR001603,C00628,2025-09-28,Initial,LexisNexis Bridger,N,,,N,,N,,,,N,0,No Hit
SCR001604,C00629,2024-08-09,Initial,LexisNexis Bridger,N,,,N,,N,,,,N,0,No Hit
SCR001605,C00629,2025-02-05,Ongoing Rescreen,Dow Jones Risk,N,,,N,,N,,,,N,0,No Hit
SCR001606,C00629,2025-08-04,Ongoing Rescreen,World-Check,N,,,N,,N,,,,N,0,No Hit
SCR001607,C00630,2025-07-05,Initial,LexisNexis Bridger,N,,,N,,N,,,,N,0,No Hit
SCR001608,C00631,2025-01-07,Initial,Dow Jones Risk,N,,,N,,N,,,,N,0,No Hit
SCR001609,C00631,2025-07-06,Ongoing Rescreen,World-Check,N,,,N,,N,,,,N,0,No Hit
SCR001610,C00632,2025-03-04,Initial,LexisNexis Bridger,N,,,N,,N,,,,N,0,No Hit
SCR001611,C00632,2025-08-31,Ongoing Rescreen,World-Check,N,,,N,,N,,,,N,0,No Hit
SCR001612,C00633,2024-06-02,Initial,LexisNexis Bridger,N,,,N,,N,,,,N,0,No Hit
SCR001613,C00633,2024-11-29,Ongoing Rescreen,Dow Jones Risk,N,,,N,,N,,,,N,0,No Hit
SCR001614,C00633,2025-05-28,Ongoing Rescreen,Dow Jones Risk,N,,,N,,N,,,,N,0,No Hit
SCR001615,C00633,2025-11-24,Ongoing Rescreen,World-Check,N,,,N,,N,,,,N,0,No Hit
SCR001616,C00634,2024-07-01,Initial,World-Check,N,,,N,,N,,,,N,0,No Hit
SCR001617,C00634,2024-12-28,Ongoing Rescreen,LexisNexis Bridger,N,,,N,,N,,,,N,0,No Hit
SCR001618,C00634,2025-06-26,Ongoing Rescreen,Dow Jones Risk,N,,,N,,N,,,,N,0,No Hit
SCR001619,C00634,2025-12-23,Ongoing Rescreen,LexisNexis Bridger,N,,,N,,N,,,,N,0,No Hit
SCR001620,C00635,2025-04-22,Initial,LexisNexis Bridger,N,,,N,,N,,,,N,0,No Hit
SCR001621,C00635,2025-10-19,Ongoing Rescreen,LexisNexis Bridger,N,,,N,,N,,,,N,0,No Hit
SCR001622,C00636,2024-07-08,Initial,LexisNexis Bridger,N,,,N,,N,,,,N,0,No Hit
SCR001623,C00636,2025-01-04,Ongoing Rescreen,World-Check,N,,,N,,N,,,,N,0,No Hit
SCR001624,C00636,2025-07-03,Ongoing Rescreen,LexisNexis Bridger,N,,,N,,N,,,,N,0,No Hit
SCR001625,C00636,2025-12-30,Ongoing Rescreen,World-Check,N,,,N,,N,,,,N,0,No Hit
SCR001626,C00637,2025-05-04,Initial,LexisNexis Bridger,N,,,N,,N,,,,N,0,No Hit
SCR001627,C00637,2025-10-31,Ongoing Rescreen,Dow Jones Risk,N,,,N,,N,,,,N,0,No Hit
SCR001628,C00638,2025-12-25,Initial,World-Check,N,,,N,,N,,,,N,0,No Hit
SCR001629,C00639,2024-03-01,Initial,LexisNexis Bridger,N,,,N,,N,,,,N,0,No Hit
SCR001630,C00639,2024-08-28,Ongoing Rescreen,World-Check,N,,,N,,N,,,,N,0,No Hit
SCR001631,C00639,2025-02-24,Ongoing Rescreen,World-Check,N,,,N,,N,,,,N,0,No Hit
SCR001632,C00639,2025-08-23,Ongoing Rescreen,World-Check,N,,,N,,N,,,,N,0,No Hit
SCR001633,C00640,2025-11-07,Initial,World-Check,N,,,N,,N,,,,N,0,No Hit
SCR001634,C00641,2024-05-05,Initial,World-Check,N,,,N,,N,,,,N,0,No Hit
SCR001635,C00641,2024-11-01,Ongoing Rescreen,World-Check,N,,,N,,N,,,,N,0,No Hit
SCR001636,C00641,2025-04-30,Ongoing Rescreen,LexisNexis Bridger,N,,,N,,N,,,,N,0,No Hit
SCR001637,C00641,2025-10-27,Ongoing Rescreen,LexisNexis Bridger,N,,,N,,N,,,,N,0,No Hit
SCR001638,C00642,2024-04-11,Initial,Dow Jones Risk,N,,,N,,N,,,,N,0,No Hit
SCR001639,C00642,2024-10-08,Ongoing Rescreen,World-Check,N,,,N,,N,,,,N,0,No Hit
SCR001640,C00642,2025-04-06,Ongoing Rescreen,World-Check,N,,,N,,N,,,,N,0,No Hit
SCR001641,C00642,2025-10-03,Ongoing Rescreen,LexisNexis Bridger,N,,,N,,N,,,,N,0,No Hit
SCR001642,C00643,2025-09-01,Initial,Dow Jones Risk,N,,,N,,N,,,,Y,0,No Hit
SCR001643,C00644,2024-05-29,Initial,World-Check,N,,,N,,Y,Bribery & Corruption,National News,N,Y,2,Cleared - False Positive
SCR001644,C00644,2024-11-25,Ongoing Rescreen,LexisNexis Bridger,N,,,N,,N,,,,N,0,No Hit
SCR001645,C00644,2025-05-24,Ongoing Rescreen,LexisNexis Bridger,N,,,N,,N,,,,N,0,No Hit
SCR001646,C00644,2025-11-20,Ongoing Rescreen,Dow Jones Risk,N,,,N,,N,,,,N,0,No Hit
SCR001647,C00645,2025-04-18,Initial,World-Check,N,,,N,,N,,,,N,0,No Hit
SCR001648,C00645,2025-10-15,Ongoing Rescreen,Dow Jones Risk,N,,,N,,N,,,,N,0,No Hit
SCR001649,C00646,2024-03-19,Initial,World-Check,N,,,N,,N,,,,N,0,No Hit
SCR001650,C00646,2024-09-15,Ongoing Rescreen,LexisNexis Bridger,N,,,N,,N,,,,N,0,No Hit
SCR001651,C00646,2025-03-14,Ongoing Rescreen,Dow Jones Risk,N,,,N,,N,,,,N,0,No Hit
SCR001652,C00646,2025-09-10,Ongoing Rescreen,LexisNexis Bridger,N,,,N,,N,,,,N,0,No Hit
SCR001653,C00647,2024-03-04,Initial,World-Check,N,,,N,,Y,Bribery & Corruption,National News,N,Y,6,Cleared - False Positive
SCR001654,C00647,2024-08-31,Ongoing Rescreen,LexisNexis Bridger,N,,,N,,N,,,,N,0,No Hit
SCR001655,C00647,2025-02-27,Ongoing Rescreen,World-Check,N,,,N,,N,,,,N,0,No Hit
SCR001656,C00647,2025-08-26,Ongoing Rescreen,LexisNexis Bridger,N,,,N,,N,,,,N,0,No Hit
SCR001657,C00648,2024-05-27,Initial,LexisNexis Bridger,N,,,N,,N,,,,N,0,No Hit
SCR001658,C00648,2024-11-23,Ongoing Rescreen,Dow Jones Risk,N,,,N,,N,,,,N,0,No Hit
SCR001659,C00648,2025-05-22,Ongoing Rescreen,Dow Jones Risk,N,,,N,,N,,,,N,0,No Hit
SCR001660,C00648,2025-11-18,Ongoing Rescreen,Dow Jones Risk,N,,,N,,N,,,,N,0,No Hit
SCR001661,C00649,2025-01-15,Initial,LexisNexis Bridger,N,,,N,,N,,,,Y,0,No Hit
SCR001662,C00649,2025-07-14,Ongoing Rescreen,LexisNexis Bridger,N,,,N,,N,,,,Y,0,No Hit
SCR001663,C00650,2024-07-31,Initial,Dow Jones Risk,N,,,N,,N,,,,Y,0,No Hit
SCR001664,C00650,2025-01-27,Ongoing Rescreen,Dow Jones Risk,N,,,N,,N,,,,Y,0,No Hit
SCR001665,C00650,2025-07-26,Ongoing Rescreen,Dow Jones Risk,N,,,N,,N,,,,Y,0,No Hit
SCR001666,C00651,2024-06-12,Initial,World-Check,N,,,Y,Domestic PEP,N,,,,Y,2,Cleared - False Positive
SCR001667,C00651,2024-12-09,Ongoing Rescreen,LexisNexis Bridger,N,,,Y,Domestic PEP,N,,,,Y,3,Cleared - False Positive
SCR001668,C00651,2025-06-07,Ongoing Rescreen,World-Check,N,,,Y,Domestic PEP,N,,,,Y,4,Cleared - False Positive
SCR001669,C00651,2025-12-04,Ongoing Rescreen,LexisNexis Bridger,N,,,Y,Domestic PEP,N,,,,Y,4,Cleared - False Positive
SCR001670,C00652,2025-09-04,Initial,World-Check,N,,,N,,N,,,,N,0,No Hit
SCR001671,C00653,2024-05-07,Initial,Dow Jones Risk,N,,,N,,N,,,,N,0,No Hit
SCR001672,C00653,2024-11-03,Ongoing Rescreen,World-Check,N,,,N,,N,,,,N,0,No Hit
SCR001673,C00653,2025-05-02,Ongoing Rescreen,Dow Jones Risk,N,,,N,,N,,,,N,0,No Hit
SCR001674,C00653,2025-10-29,Ongoing Rescreen,Dow Jones Risk,N,,,N,,N,,,,N,0,No Hit
SCR001675,C00654,2024-03-10,Initial,LexisNexis Bridger,N,,,Y,Foreign PEP,N,,,,Y,10,Cleared - False Positive
SCR001676,C00654,2024-09-06,Ongoing Rescreen,World-Check,N,,,Y,Foreign PEP,N,,,,Y,22,Cleared - False Positive
SCR001677,C00654,2025-03-05,Ongoing Rescreen,LexisNexis Bridger,N,,,Y,Close Associate,N,,,,Y,14,Cleared - False Positive
SCR001678,C00654,2025-09-01,Ongoing Rescreen,LexisNexis Bridger,N,,,Y,Domestic PEP,N,,,,Y,21,Cleared - False Positive
SCR001679,C00655,2024-03-21,Initial,World-Check,N,,,N,,N,,,,N,0,No Hit
SCR001680,C00655,2024-09-17,Ongoing Rescreen,World-Check,N,,,N,,N,,,,N,0,No Hit
SCR001681,C00655,2025-03-16,Ongoing Rescreen,LexisNexis Bridger,N,,,N,,N,,,,N,0,No Hit
SCR001682,C00655,2025-09-12,Ongoing Rescreen,LexisNexis Bridger,N,,,N,,N,,,,N,0,No Hit
SCR001683,C00656,2025-10-06,Initial,Dow Jones Risk,N,,,N,,N,,,,N,0,No Hit
SCR001684,C00657,2024-12-13,Initial,World-Check,N,,,N,,N,,,,N,0,No Hit
SCR001685,C00657,2025-06-11,Ongoing Rescreen,LexisNexis Bridger,N,,,N,,N,,,,N,0,No Hit
SCR001686,C00657,2025-12-08,Ongoing Rescreen,Dow Jones Risk,N,,,N,,N,,,,N,0,No Hit
SCR001687,C00658,2025-12-11,Initial,LexisNexis Bridger,N,,,N,,N,,,,N,0,No Hit
SCR001688,C00659,2025-08-13,Initial,Dow Jones Risk,N,,,N,,N,,,,N,0,No Hit
SCR001689,C00660,2024-07-24,Initial,Dow Jones Risk,N,,,Y,Domestic PEP,Y,Bribery & Corruption,Online Blog,Y,Y,1,Escalate to EDD
SCR001690,C00660,2025-01-20,Ongoing Rescreen,Dow Jones Risk,N,,,N,,N,,,,N,0,No Hit
SCR001691,C00660,2025-07-19,Ongoing Rescreen,World-Check,N,,,N,,N,,,,N,0,No Hit
SCR001692,C00661,2025-07-31,Initial,Dow Jones Risk,N,,,N,,N,,,,Y,0,No Hit
SCR001693,C00662,2024-11-29,Initial,LexisNexis Bridger,N,,,N,,N,,,,N,0,No Hit
SCR001694,C00662,2025-05-28,Ongoing Rescreen,World-Check,N,,,N,,N,,,,N,0,No Hit
SCR001695,C00662,2025-11-24,Ongoing Rescreen,Dow Jones Risk,N,,,N,,N,,,,N,0,No Hit
SCR001696,C00663,2025-02-13,Initial,World-Check,N,,,N,,N,,,,N,0,No Hit
SCR001697,C00663,2025-08-12,Ongoing Rescreen,World-Check,N,,,N,,N,,,,N,0,No Hit
SCR001698,C00664,2025-01-21,Initial,World-Check,N,,,N,,N,,,,N,0,No Hit
SCR001699,C00664,2025-07-20,Ongoing Rescreen,LexisNexis Bridger,N,,,N,,N,,,,N,0,No Hit
SCR001700,C00665,2025-07-08,Initial,LexisNexis Bridger,N,,,N,,N,,,,Y,0,No Hit
SCR001701,C00666,2024-05-30,Initial,Dow Jones Risk,N,,,N,,N,,,,N,0,No Hit
SCR001702,C00666,2024-11-26,Ongoing Rescreen,LexisNexis Bridger,N,,,N,,N,,,,N,0,No Hit
SCR001703,C00666,2025-05-25,Ongoing Rescreen,World-Check,N,,,N,,N,,,,N,0,No Hit
SCR001704,C00666,2025-11-21,Ongoing Rescreen,World-Check,N,,,N,,N,,,,N,0,No Hit
SCR001705,C00667,2024-02-13,Initial,Dow Jones Risk,N,,,N,,N,,,,N,0,No Hit
SCR001706,C00667,2024-08-11,Ongoing Rescreen,Dow Jones Risk,N,,,N,,N,,,,N,0,No Hit
SCR001707,C00667,2025-02-07,Ongoing Rescreen,World-Check,N,,,N,,N,,,,N,0,No Hit
SCR001708,C00667,2025-08-06,Ongoing Rescreen,LexisNexis Bridger,N,,,N,,N,,,,N,0,No Hit
SCR001709,C00668,2025-06-18,Initial,LexisNexis Bridger,N,,,N,,N,,,,N,0,No Hit
SCR001710,C00668,2025-12-15,Ongoing Rescreen,Dow Jones Risk,N,,,N,,N,,,,N,0,No Hit
SCR001711,C00669,2025-11-28,Initial,Dow Jones Risk,N,,,N,,N,,,,N,0,No Hit
SCR001712,C00670,2025-02-27,Initial,LexisNexis Bridger,N,,,N,,N,,,,N,0,No Hit
SCR001713,C00670,2025-08-26,Ongoing Rescreen,World-Check,N,,,Y,Close Associate,N,,,,Y,5,Cleared - False Positive
SCR001714,C00671,2024-03-26,Initial,Dow Jones Risk,N,,,N,,N,,,,N,0,No Hit
SCR001715,C00671,2024-09-22,Ongoing Rescreen,World-Check,N,,,N,,N,,,,N,0,No Hit
SCR001716,C00671,2025-03-21,Ongoing Rescreen,LexisNexis Bridger,N,,,N,,N,,,,N,0,No Hit
SCR001717,C00671,2025-09-17,Ongoing Rescreen,World-Check,N,,,N,,N,,,,N,0,No Hit
SCR001718,C00672,2024-03-23,Initial,World-Check,N,,,N,,N,,,,N,0,No Hit
SCR001719,C00672,2024-09-19,Ongoing Rescreen,World-Check,N,,,N,,N,,,,N,0,No Hit
SCR001720,C00672,2025-03-18,Ongoing Rescreen,World-Check,N,,,N,,N,,,,N,0,No Hit
SCR001721,C00672,2025-09-14,Ongoing Rescreen,Dow Jones Risk,N,,,N,,N,,,,N,0,No Hit
SCR001722,C00673,2025-02-02,Initial,Dow Jones Risk,N,,,N,,N,,,,N,0,No Hit
SCR001723,C00673,2025-08-01,Ongoing Rescreen,World-Check,N,,,N,,N,,,,N,0,No Hit
SCR001724,C00674,2025-10-16,Initial,World-Check,N,,,N,,N,,,,N,0,No Hit
SCR001725,C00675,2025-03-24,Initial,Dow Jones Risk,N,,,N,,N,,,,N,0,No Hit
SCR001726,C00675,2025-09-20,Ongoing Rescreen,Dow Jones Risk,N,,,N,,N,,,,N,0,No Hit
SCR001727,C00676,2024-08-08,Initial,LexisNexis Bridger,N,,,N,,N,,,,N,0,No Hit
SCR001728,C00676,2025-02-04,Ongoing Rescreen,LexisNexis Bridger,N,,,N,,N,,,,N,0,No Hit
SCR001729,C00676,2025-08-03,Ongoing Rescreen,World-Check,N,,,N,,Y,Fraud,Online Blog,N,Y,6,Cleared - False Positive
SCR001730,C00677,2025-03-29,Initial,Dow Jones Risk,N,,,N,,N,,,,N,0,No Hit
SCR001731,C00677,2025-09-25,Ongoing Rescreen,World-Check,N,,,N,,N,,,,N,0,No Hit
SCR001732,C00678,2024-04-24,Initial,LexisNexis Bridger,N,,,N,,N,,,,N,0,No Hit
SCR001733,C00678,2024-10-21,Ongoing Rescreen,World-Check,N,,,N,,N,,,,N,0,No Hit
SCR001734,C00678,2025-04-19,Ongoing Rescreen,World-Check,N,,,N,,N,,,,N,0,No Hit
SCR001735,C00678,2025-10-16,Ongoing Rescreen,LexisNexis Bridger,N,,,N,,N,,,,N,0,No Hit
SCR001736,C00679,2024-12-16,Initial,World-Check,N,,,N,,N,,,,N,0,No Hit
SCR001737,C00679,2025-06-14,Ongoing Rescreen,Dow Jones Risk,N,,,N,,N,,,,N,0,No Hit
SCR001738,C00679,2025-12-11,Ongoing Rescreen,World-Check,N,,,N,,N,,,,N,0,No Hit
SCR001739,C00680,2025-12-18,Initial,LexisNexis Bridger,N,,,N,,N,,,,N,0,No Hit
SCR001740,C00681,2025-04-05,Initial,World-Check,N,,,N,,N,,,,N,0,No Hit
SCR001741,C00681,2025-10-02,Ongoing Rescreen,World-Check,N,,,N,,N,,,,N,0,No Hit
SCR001742,C00682,2024-03-16,Initial,Dow Jones Risk,N,,,N,,N,,,,N,0,No Hit
SCR001743,C00682,2024-09-12,Ongoing Rescreen,LexisNexis Bridger,N,,,N,,N,,,,N,0,No Hit
SCR001744,C00682,2025-03-11,Ongoing Rescreen,World-Check,N,,,N,,N,,,,N,0,No Hit
SCR001745,C00682,2025-09-07,Ongoing Rescreen,Dow Jones Risk,N,,,N,,N,,,,N,0,No Hit
SCR001746,C00683,2024-05-27,Initial,World-Check,N,,,N,,N,,,,N,0,No Hit
SCR001747,C00683,2024-11-23,Ongoing Rescreen,LexisNexis Bridger,N,,,N,,N,,,,N,0,No Hit
SCR001748,C00683,2025-05-22,Ongoing Rescreen,LexisNexis Bridger,N,,,N,,Y,Organised Crime,Court Records,N,Y,3,Cleared - False Positive
SCR001749,C00683,2025-11-18,Ongoing Rescreen,Dow Jones Risk,N,,,N,,N,,,,N,0,No Hit
SCR001750,C00684,2024-02-13,Initial,World-Check,N,,,N,,N,,,,N,0,No Hit
SCR001751,C00684,2024-08-11,Ongoing Rescreen,Dow Jones Risk,N,,,N,,N,,,,N,0,No Hit
SCR001752,C00684,2025-02-07,Ongoing Rescreen,World-Check,N,,,N,,N,,,,N,0,No Hit
SCR001753,C00684,2025-08-06,Ongoing Rescreen,Dow Jones Risk,N,,,N,,Y,Tax Evasion,Online Blog,N,Y,2,Cleared - False Positive
SCR001754,C00685,2024-10-20,Initial,Dow Jones Risk,N,,,N,,N,,,,Y,0,No Hit
SCR001755,C00685,2025-04-18,Ongoing Rescreen,LexisNexis Bridger,N,,,N,,N,,,,Y,0,No Hit
SCR001756,C00685,2025-10-15,Ongoing Rescreen,LexisNexis Bridger,N,,,N,,N,,,,Y,0,No Hit
SCR001757,C00686,2024-06-22,Initial,LexisNexis Bridger,N,,,N,,N,,,,N,0,No Hit
SCR001758,C00686,2024-12-19,Ongoing Rescreen,World-Check,N,,,N,,N,,,,N,0,No Hit
SCR001759,C00686,2025-06-17,Ongoing Rescreen,World-Check,N,,,N,,N,,,,N,0,No Hit
SCR001760,C00686,2025-12-14,Ongoing Rescreen,LexisNexis Bridger,N,,,N,,N,,,,N,0,No Hit
SCR001761,C00687,2025-12-17,Initial,LexisNexis Bridger,N,,,N,,N,,,,N,0,No Hit
SCR001762,C00688,2024-08-21,Initial,LexisNexis Bridger,N,,,N,,N,,,,N,0,No Hit
SCR001763,C00688,2025-02-17,Ongoing Rescreen,LexisNexis Bridger,N,,,N,,Y,Regulatory Fine,Court Records,N,Y,6,Cleared - False Positive
SCR001764,C00688,2025-08-16,Ongoing Rescreen,World-Check,N,,,N,,N,,,,N,0,No Hit
SCR001765,C00689,2024-01-26,Initial,LexisNexis Bridger,N,,,N,,N,,,,N,0,No Hit
SCR001766,C00689,2024-07-24,Ongoing Rescreen,LexisNexis Bridger,N,,,N,,N,,,,N,0,No Hit
SCR001767,C00689,2025-01-20,Ongoing Rescreen,LexisNexis Bridger,N,,,N,,N,,,,N,0,No Hit
SCR001768,C00689,2025-07-19,Ongoing Rescreen,Dow Jones Risk,N,,,N,,N,,,,N,0,No Hit
SCR001769,C00690,2024-11-13,Initial,World-Check,N,,,N,,N,,,,N,0,No Hit
SCR001770,C00690,2025-05-12,Ongoing Rescreen,Dow Jones Risk,N,,,N,,N,,,,N,0,No Hit
SCR001771,C00690,2025-11-08,Ongoing Rescreen,World-Check,N,,,N,,N,,,,N,0,No Hit
SCR001772,C00691,2025-06-22,Initial,World-Check,N,,,N,,N,,,,N,0,No Hit
SCR001773,C00691,2025-12-19,Ongoing Rescreen,World-Check,N,,,N,,N,,,,N,0,No Hit
SCR001774,C00692,2025-05-15,Initial,World-Check,N,,,N,,N,,,,N,0,No Hit
SCR001775,C00692,2025-11-11,Ongoing Rescreen,Dow Jones Risk,N,,,N,,N,,,,N,0,No Hit
SCR001776,C00693,2025-12-15,Initial,World-Check,N,,,N,,N,,,,N,0,No Hit
SCR001777,C00694,2024-09-24,Initial,Dow Jones Risk,N,,,N,,N,,,,N,0,No Hit
SCR001778,C00694,2025-03-23,Ongoing Rescreen,Dow Jones Risk,N,,,N,,N,,,,N,0,No Hit
SCR001779,C00694,2025-09-19,Ongoing Rescreen,World-Check,N,,,N,,N,,,,N,0,No Hit
SCR001780,C00695,2025-01-17,Initial,Dow Jones Risk,N,,,N,,N,,,,N,0,No Hit
SCR001781,C00695,2025-07-16,Ongoing Rescreen,LexisNexis Bridger,N,,,N,,N,,,,N,0,No Hit
SCR001782,C00696,2025-02-12,Initial,LexisNexis Bridger,N,,,N,,N,,,,N,0,No Hit
SCR001783,C00696,2025-08-11,Ongoing Rescreen,LexisNexis Bridger,N,,,N,,N,,,,N,0,No Hit
SCR001784,C00697,2024-01-18,Initial,World-Check,N,,,N,,N,,,,N,0,No Hit
SCR001785,C00697,2024-07-16,Ongoing Rescreen,LexisNexis Bridger,N,,,N,,N,,,,N,0,No Hit
SCR001786,C00697,2025-01-12,Ongoing Rescreen,World-Check,N,,,N,,N,,,,N,0,No Hit
SCR001787,C00697,2025-07-11,Ongoing Rescreen,LexisNexis Bridger,N,,,N,,N,,,,N,0,No Hit
SCR001788,C00698,2024-01-05,Initial,LexisNexis Bridger,N,,,N,,N,,,,N,0,No Hit
SCR001789,C00698,2024-07-03,Ongoing Rescreen,Dow Jones Risk,N,,,N,,N,,,,N,0,No Hit
SCR001790,C00698,2024-12-30,Ongoing Rescreen,World-Check,N,,,N,,N,,,,N,0,No Hit
SCR001791,C00698,2025-06-28,Ongoing Rescreen,Dow Jones Risk,N,,,N,,N,,,,N,0,No Hit
SCR001792,C00698,2025-12-25,Ongoing Rescreen,World-Check,N,,,N,,N,,,,N,0,No Hit
SCR001793,C00699,2025-08-04,Initial,Dow Jones Risk,N,,,N,,N,,,,N,0,No Hit
SCR001794,C00700,2024-10-08,Initial,Dow Jones Risk,N,,,N,,N,,,,Y,0,No Hit
SCR001795,C00700,2025-04-06,Ongoing Rescreen,World-Check,Y,UK HMT/OFSI,N,N,,N,,,,Y,7,Cleared - False Positive
SCR001796,C00700,2025-10-03,Ongoing Rescreen,LexisNexis Bridger,N,,,N,,N,,,,Y,0,No Hit
SCR001797,C00701,2025-05-18,Initial,Dow Jones Risk,N,,,N,,N,,,,N,0,No Hit
SCR001798,C00701,2025-11-14,Ongoing Rescreen,World-Check,N,,,N,,N,,,,N,0,No Hit
SCR001799,C00702,2025-11-21,Initial,World-Check,N,,,Y,Domestic PEP,N,,,,Y,2,Cleared - False Positive
SCR001800,C00703,2024-06-27,Initial,LexisNexis Bridger,N,,,N,,N,,,,N,0,No Hit
SCR001801,C00703,2024-12-24,Ongoing Rescreen,LexisNexis Bridger,N,,,N,,N,,,,N,0,No Hit
SCR001802,C00703,2025-06-22,Ongoing Rescreen,World-Check,N,,,N,,N,,,,N,0,No Hit
SCR001803,C00703,2025-12-19,Ongoing Rescreen,Dow Jones Risk,N,,,N,,N,,,,N,0,No Hit
SCR001804,C00704,2025-07-20,Initial,LexisNexis Bridger,N,,,N,,N,,,,N,0,No Hit
SCR001805,C00705,2024-06-05,Initial,LexisNexis Bridger,N,,,N,,N,,,,N,0,No Hit
SCR001806,C00705,2024-12-02,Ongoing Rescreen,LexisNexis Bridger,N,,,N,,N,,,,N,0,No Hit
SCR001807,C00705,2025-05-31,Ongoing Rescreen,World-Check,N,,,N,,N,,,,N,0,No Hit
SCR001808,C00705,2025-11-27,Ongoing Rescreen,LexisNexis Bridger,N,,,N,,N,,,,N,0,No Hit
SCR001809,C00706,2025-06-25,Initial,World-Check,N,,,N,,N,,,,N,0,No Hit
SCR001810,C00706,2025-12-22,Ongoing Rescreen,Dow Jones Risk,N,,,N,,N,,,,N,0,No Hit
SCR001811,C00707,2024-04-26,Initial,World-Check,N,,,N,,N,,,,N,0,No Hit
SCR001812,C00707,2024-10-23,Ongoing Rescreen,Dow Jones Risk,N,,,N,,N,,,,N,0,No Hit
SCR001813,C00707,2025-04-21,Ongoing Rescreen,World-Check,N,,,N,,N,,,,N,0,No Hit
SCR001814,C00707,2025-10-18,Ongoing Rescreen,LexisNexis Bridger,N,,,N,,N,,,,N,0,No Hit
SCR001815,C00708,2024-08-10,Initial,Dow Jones Risk,N,,,N,,N,,,,N,0,No Hit
SCR001816,C00708,2025-02-06,Ongoing Rescreen,Dow Jones Risk,N,,,N,,N,,,,N,0,No Hit
SCR001817,C00708,2025-08-05,Ongoing Rescreen,Dow Jones Risk,N,,,N,,N,,,,N,0,No Hit
SCR001818,C00709,2024-12-09,Initial,World-Check,N,,,N,,N,,,,N,0,No Hit
SCR001819,C00709,2025-06-07,Ongoing Rescreen,LexisNexis Bridger,N,,,N,,N,,,,N,0,No Hit
SCR001820,C00709,2025-12-04,Ongoing Rescreen,World-Check,N,,,N,,N,,,,N,0,No Hit
SCR001821,C00710,2024-12-22,Initial,World-Check,N,,,N,,N,,,,N,0,No Hit
SCR001822,C00710,2025-06-20,Ongoing Rescreen,LexisNexis Bridger,N,,,N,,N,,,,N,0,No Hit
SCR001823,C00710,2025-12-17,Ongoing Rescreen,Dow Jones Risk,N,,,N,,N,,,,N,0,No Hit
SCR001824,C00711,2024-01-23,Initial,Dow Jones Risk,N,,,N,,N,,,,N,0,No Hit
SCR001825,C00711,2024-07-21,Ongoing Rescreen,LexisNexis Bridger,N,,,N,,N,,,,N,0,No Hit
SCR001826,C00711,2025-01-17,Ongoing Rescreen,LexisNexis Bridger,N,,,N,,N,,,,N,0,No Hit
SCR001827,C00711,2025-07-16,Ongoing Rescreen,Dow Jones Risk,N,,,N,,N,,,,N,0,No Hit
SCR001828,C00712,2025-09-09,Initial,World-Check,N,,,N,,N,,,,N,0,No Hit
SCR001829,C00713,2024-01-05,Initial,Dow Jones Risk,N,,,N,,N,,,,N,0,No Hit
SCR001830,C00713,2024-07-03,Ongoing Rescreen,Dow Jones Risk,N,,,N,,N,,,,N,0,No Hit
SCR001831,C00713,2024-12-30,Ongoing Rescreen,World-Check,N,,,N,,N,,,,N,0,No Hit
SCR001832,C00713,2025-06-28,Ongoing Rescreen,LexisNexis Bridger,N,,,N,,N,,,,N,0,No Hit
SCR001833,C00713,2025-12-25,Ongoing Rescreen,Dow Jones Risk,N,,,N,,N,,,,N,0,No Hit
SCR001834,C00714,2025-10-05,Initial,World-Check,N,,,N,,N,,,,N,0,No Hit
SCR001835,C00715,2024-05-30,Initial,Dow Jones Risk,N,,,N,,N,,,,N,0,No Hit
SCR001836,C00715,2024-11-26,Ongoing Rescreen,World-Check,N,,,N,,N,,,,N,0,No Hit
SCR001837,C00715,2025-05-25,Ongoing Rescreen,World-Check,N,,,N,,N,,,,N,0,No Hit
SCR001838,C00715,2025-11-21,Ongoing Rescreen,Dow Jones Risk,N,,,N,,N,,,,N,0,No Hit
SCR001839,C00716,2025-06-03,Initial,LexisNexis Bridger,N,,,N,,N,,,,Y,0,No Hit
SCR001840,C00716,2025-11-30,Ongoing Rescreen,World-Check,N,,,N,,N,,,,Y,0,No Hit
SCR001841,C00717,2025-06-04,Initial,Dow Jones Risk,N,,,N,,N,,,,N,0,No Hit
SCR001842,C00717,2025-12-01,Ongoing Rescreen,LexisNexis Bridger,N,,,N,,N,,,,N,0,No Hit
SCR001843,C00718,2024-11-29,Initial,LexisNexis Bridger,N,,,N,,N,,,,N,0,No Hit
SCR001844,C00718,2025-05-28,Ongoing Rescreen,World-Check,N,,,N,,N,,,,N,0,No Hit
SCR001845,C00718,2025-11-24,Ongoing Rescreen,LexisNexis Bridger,N,,,N,,N,,,,N,0,No Hit
SCR001846,C00719,2025-01-27,Initial,World-Check,N,,,N,,N,,,,N,0,No Hit
SCR001847,C00719,2025-07-26,Ongoing Rescreen,LexisNexis Bridger,N,,,N,,N,,,,N,0,No Hit
SCR001848,C00720,2024-02-23,Initial,LexisNexis Bridger,N,,,N,,N,,,,N,0,No Hit
SCR001849,C00720,2024-08-21,Ongoing Rescreen,Dow Jones Risk,N,,,N,,N,,,,N,0,No Hit
SCR001850,C00720,2025-02-17,Ongoing Rescreen,World-Check,N,,,N,,N,,,,N,0,No Hit
SCR001851,C00720,2025-08-16,Ongoing Rescreen,World-Check,N,,,N,,N,,,,N,0,No Hit
SCR001852,C00721,2025-10-20,Initial,LexisNexis Bridger,N,,,N,,N,,,,N,0,No Hit
SCR001853,C00722,2024-03-28,Initial,LexisNexis Bridger,N,,,N,,N,,,,N,0,No Hit
SCR001854,C00722,2024-09-24,Ongoing Rescreen,Dow Jones Risk,N,,,N,,N,,,,N,0,No Hit
SCR001855,C00722,2025-03-23,Ongoing Rescreen,Dow Jones Risk,N,,,N,,N,,,,N,0,No Hit
SCR001856,C00722,2025-09-19,Ongoing Rescreen,Dow Jones Risk,N,,,N,,N,,,,N,0,No Hit
SCR001857,C00723,2025-04-26,Initial,LexisNexis Bridger,N,,,N,,N,,,,N,0,No Hit
SCR001858,C00723,2025-10-23,Ongoing Rescreen,LexisNexis Bridger,N,,,N,,N,,,,N,0,No Hit
SCR001859,C00724,2024-01-01,Initial,Dow Jones Risk,N,,,N,,N,,,,N,0,No Hit
SCR001860,C00724,2024-06-29,Ongoing Rescreen,LexisNexis Bridger,N,,,N,,N,,,,N,0,No Hit
SCR001861,C00724,2024-12-26,Ongoing Rescreen,Dow Jones Risk,N,,,N,,N,,,,N,0,No Hit
SCR001862,C00724,2025-06-24,Ongoing Rescreen,World-Check,N,,,N,,N,,,,N,0,No Hit
SCR001863,C00724,2025-12-21,Ongoing Rescreen,Dow Jones Risk,N,,,N,,N,,,,N,0,No Hit
SCR001864,C00725,2025-06-29,Initial,LexisNexis Bridger,N,,,N,,N,,,,N,0,No Hit
SCR001865,C00725,2025-12-26,Ongoing Rescreen,World-Check,N,,,N,,N,,,,N,0,No Hit
SCR001866,C00726,2024-09-19,Initial,Dow Jones Risk,N,,,N,,N,,,,N,0,No Hit
SCR001867,C00726,2025-03-18,Ongoing Rescreen,Dow Jones Risk,N,,,N,,N,,,,N,0,No Hit
SCR001868,C00726,2025-09-14,Ongoing Rescreen,World-Check,N,,,N,,N,,,,N,0,No Hit
SCR001869,C00727,2024-12-18,Initial,Dow Jones Risk,N,,,N,,Y,Regulatory Fine,National News,N,Y,7,Cleared - False Positive
SCR001870,C00727,2025-06-16,Ongoing Rescreen,LexisNexis Bridger,N,,,N,,N,,,,N,0,No Hit
SCR001871,C00727,2025-12-13,Ongoing Rescreen,LexisNexis Bridger,N,,,N,,N,,,,N,0,No Hit
SCR001872,C00728,2024-01-18,Initial,LexisNexis Bridger,N,,,N,,N,,,,N,0,No Hit
SCR001873,C00728,2024-07-16,Ongoing Rescreen,LexisNexis Bridger,N,,,N,,N,,,,N,0,No Hit
SCR001874,C00728,2025-01-12,Ongoing Rescreen,World-Check,N,,,N,,N,,,,N,0,No Hit
SCR001875,C00728,2025-07-11,Ongoing Rescreen,LexisNexis Bridger,N,,,N,,N,,,,N,0,No Hit
SCR001876,C00729,2024-06-09,Initial,World-Check,N,,,N,,Y,Fraud,Court Records,Y,Y,10,Escalate to EDD
SCR001877,C00729,2024-12-06,Ongoing Rescreen,LexisNexis Bridger,Y,EU Consolidated,N,N,,N,,,,Y,2,Cleared - False Positive
SCR001878,C00729,2025-06-04,Ongoing Rescreen,LexisNexis Bridger,N,,,N,,N,,,,Y,0,No Hit
SCR001879,C00729,2025-12-01,Ongoing Rescreen,Dow Jones Risk,N,,,N,,N,,,,Y,0,No Hit
SCR001880,C00730,2024-11-14,Initial,World-Check,N,,,N,,N,,,,N,0,No Hit
SCR001881,C00730,2025-05-13,Ongoing Rescreen,LexisNexis Bridger,N,,,N,,N,,,,N,0,No Hit
SCR001882,C00730,2025-11-09,Ongoing Rescreen,Dow Jones Risk,N,,,N,,N,,,,N,0,No Hit
SCR001883,C00731,2025-06-08,Initial,World-Check,N,,,N,,N,,,,N,0,No Hit
SCR001884,C00731,2025-12-05,Ongoing Rescreen,Dow Jones Risk,N,,,N,,N,,,,N,0,No Hit
SCR001885,C00732,2025-03-12,Initial,Dow Jones Risk,N,,,Y,Domestic PEP,N,,,,Y,13,Cleared - False Positive
SCR001886,C00732,2025-09-08,Ongoing Rescreen,World-Check,Y,EU Consolidated,N,Y,Close Associate,N,,,,Y,5,Cleared - False Positive
SCR001887,C00733,2024-07-09,Initial,Dow Jones Risk,N,,,Y,Foreign PEP,N,,,,Y,4,Cleared - False Positive
SCR001888,C00733,2025-01-05,Ongoing Rescreen,World-Check,N,,,Y,Domestic PEP,N,,,,Y,3,Cleared - False Positive
SCR001889,C00733,2025-07-04,Ongoing Rescreen,Dow Jones Risk,N,,,Y,Domestic PEP,N,,,,Y,4,Cleared - False Positive
SCR001890,C00733,2025-12-31,Ongoing Rescreen,Dow Jones Risk,N,,,Y,Domestic PEP,N,,,,Y,1,Cleared - False Positive
SCR001891,C00734,2025-03-11,Initial,World-Check,N,,,N,,N,,,,N,0,No Hit
SCR001892,C00734,2025-09-07,Ongoing Rescreen,LexisNexis Bridger,N,,,N,,N,,,,N,0,No Hit
SCR001893,C00735,2024-06-12,Initial,Dow Jones Risk,N,,,N,,N,,,,N,0,No Hit
SCR001894,C00735,2024-12-09,Ongoing Rescreen,Dow Jones Risk,N,,,N,,N,,,,N,0,No Hit
SCR001895,C00735,2025-06-07,Ongoing Rescreen,World-Check,N,,,N,,N,,,,N,0,No Hit
SCR001896,C00735,2025-12-04,Ongoing Rescreen,LexisNexis Bridger,N,,,N,,N,,,,N,0,No Hit
SCR001897,C00736,2025-02-09,Initial,Dow Jones Risk,N,,,N,,N,,,,N,0,No Hit
SCR001898,C00736,2025-08-08,Ongoing Rescreen,World-Check,N,,,N,,N,,,,N,0,No Hit
SCR001899,C00737,2025-01-30,Initial,LexisNexis Bridger,N,,,Y,Foreign PEP,N,,,,Y,12,Cleared - False Positive
SCR001900,C00737,2025-07-29,Ongoing Rescreen,LexisNexis Bridger,N,,,Y,Foreign PEP,N,,,,Y,10,Cleared - False Positive
SCR001901,C00738,2024-06-14,Initial,LexisNexis Bridger,N,,,N,,N,,,,N,0,No Hit
SCR001902,C00738,2024-12-11,Ongoing Rescreen,Dow Jones Risk,N,,,N,,N,,,,N,0,No Hit
SCR001903,C00738,2025-06-09,Ongoing Rescreen,Dow Jones Risk,N,,,N,,N,,,,N,0,No Hit
SCR001904,C00738,2025-12-06,Ongoing Rescreen,LexisNexis Bridger,N,,,N,,N,,,,N,0,No Hit
SCR001905,C00739,2024-05-26,Initial,LexisNexis Bridger,N,,,N,,N,,,,N,0,No Hit
SCR001906,C00739,2024-11-22,Ongoing Rescreen,Dow Jones Risk,N,,,N,,N,,,,N,0,No Hit
SCR001907,C00739,2025-05-21,Ongoing Rescreen,LexisNexis Bridger,N,,,N,,Y,Fraud,National News,Y,Y,6,Escalate to EDD
SCR001908,C00739,2025-11-17,Ongoing Rescreen,LexisNexis Bridger,N,,,N,,N,,,,N,0,No Hit
SCR001909,C00740,2025-01-14,Initial,LexisNexis Bridger,N,,,N,,N,,,,N,0,No Hit
SCR001910,C00740,2025-07-13,Ongoing Rescreen,LexisNexis Bridger,N,,,N,,N,,,,N,0,No Hit
SCR001911,C00741,2025-03-05,Initial,Dow Jones Risk,N,,,N,,N,,,,N,0,No Hit
SCR001912,C00741,2025-09-01,Ongoing Rescreen,World-Check,N,,,N,,N,,,,N,0,No Hit
SCR001913,C00742,2025-12-17,Initial,LexisNexis Bridger,N,,,N,,N,,,,Y,0,No Hit
SCR001914,C00743,2024-12-28,Initial,World-Check,N,,,N,,N,,,,N,0,No Hit
SCR001915,C00743,2025-06-26,Ongoing Rescreen,World-Check,N,,,N,,N,,,,N,0,No Hit
SCR001916,C00743,2025-12-23,Ongoing Rescreen,LexisNexis Bridger,Y,UK HMT/OFSI,N,N,,N,,,,Y,6,Cleared - False Positive
SCR001917,C00744,2024-11-21,Initial,World-Check,N,,,N,,N,,,,N,0,No Hit
SCR001918,C00744,2025-05-20,Ongoing Rescreen,World-Check,N,,,N,,N,,,,N,0,No Hit
SCR001919,C00744,2025-11-16,Ongoing Rescreen,Dow Jones Risk,N,,,N,,N,,,,N,0,No Hit
SCR001920,C00745,2024-12-13,Initial,Dow Jones Risk,N,,,N,,N,,,,N,0,No Hit
SCR001921,C00745,2025-06-11,Ongoing Rescreen,LexisNexis Bridger,N,,,N,,N,,,,N,0,No Hit
SCR001922,C00745,2025-12-08,Ongoing Rescreen,LexisNexis Bridger,N,,,N,,N,,,,N,0,No Hit
SCR001923,C00746,2025-10-01,Initial,LexisNexis Bridger,N,,,N,,N,,,,N,0,No Hit
SCR001924,C00747,2024-08-12,Initial,Dow Jones Risk,N,,,N,,N,,,,N,0,No Hit
SCR001925,C00747,2025-02-08,Ongoing Rescreen,World-Check,N,,,N,,N,,,,N,0,No Hit
SCR001926,C00747,2025-08-07,Ongoing Rescreen,Dow Jones Risk,N,,,N,,N,,,,N,0,No Hit
SCR001927,C00748,2024-10-05,Initial,World-Check,N,,,N,,N,,,,N,0,No Hit
SCR001928,C00748,2025-04-03,Ongoing Rescreen,LexisNexis Bridger,N,,,N,,N,,,,N,0,No Hit
SCR001929,C00748,2025-09-30,Ongoing Rescreen,World-Check,N,,,N,,N,,,,N,0,No Hit
SCR001930,C00749,2024-09-26,Initial,LexisNexis Bridger,N,,,N,,N,,,,N,0,No Hit
SCR001931,C00749,2025-03-25,Ongoing Rescreen,Dow Jones Risk,N,,,N,,N,,,,N,0,No Hit
SCR001932,C00749,2025-09-21,Ongoing Rescreen,LexisNexis Bridger,N,,,N,,N,,,,N,0,No Hit
SCR001933,C00750,2025-03-31,Initial,Dow Jones Risk,N,,,N,,N,,,,N,0,No Hit
SCR001934,C00750,2025-09-27,Ongoing Rescreen,LexisNexis Bridger,N,,,N,,N,,,,N,0,No Hit
SCR001935,C00751,2025-05-26,Initial,Dow Jones Risk,N,,,N,,N,,,,N,0,No Hit
SCR001936,C00751,2025-11-22,Ongoing Rescreen,LexisNexis Bridger,N,,,N,,N,,,,N,0,No Hit
SCR001937,C00752,2024-12-18,Initial,World-Check,N,,,N,,N,,,,N,0,No Hit
SCR001938,C00752,2025-06-16,Ongoing Rescreen,LexisNexis Bridger,N,,,N,,N,,,,N,0,No Hit
SCR001939,C00752,2025-12-13,Ongoing Rescreen,LexisNexis Bridger,N,,,N,,N,,,,N,0,No Hit
SCR001940,C00753,2024-07-11,Initial,World-Check,N,,,N,,N,,,,Y,0,No Hit
SCR001941,C00753,2025-01-07,Ongoing Rescreen,LexisNexis Bridger,N,,,N,,N,,,,Y,0,No Hit
SCR001942,C00753,2025-07-06,Ongoing Rescreen,World-Check,N,,,N,,N,,,,Y,0,No Hit
SCR001943,C00754,2025-05-18,Initial,World-Check,N,,,N,,N,,,,N,0,No Hit
SCR001944,C00754,2025-11-14,Ongoing Rescreen,Dow Jones Risk,N,,,N,,N,,,,N,0,No Hit
SCR001945,C00755,2024-07-20,Initial,Dow Jones Risk,N,,,N,,N,,,,N,0,No Hit
SCR001946,C00755,2025-01-16,Ongoing Rescreen,World-Check,N,,,N,,N,,,,N,0,No Hit
SCR001947,C00755,2025-07-15,Ongoing Rescreen,LexisNexis Bridger,N,,,N,,N,,,,N,0,No Hit
SCR001948,C00756,2025-10-17,Initial,World-Check,N,,,N,,N,,,,N,0,No Hit
SCR001949,C00757,2025-04-01,Initial,Dow Jones Risk,N,,,N,,N,,,,N,0,No Hit
SCR001950,C00757,2025-09-28,Ongoing Rescreen,LexisNexis Bridger,N,,,N,,N,,,,N,0,No Hit
SCR001951,C00758,2024-11-18,Initial,World-Check,N,,,N,,N,,,,N,0,No Hit
SCR001952,C00758,2025-05-17,Ongoing Rescreen,Dow Jones Risk,N,,,N,,N,,,,N,0,No Hit
SCR001953,C00758,2025-11-13,Ongoing Rescreen,World-Check,N,,,N,,N,,,,N,0,No Hit
SCR001954,C00759,2024-06-19,Initial,Dow Jones Risk,N,,,N,,N,,,,N,0,No Hit
SCR001955,C00759,2024-12-16,Ongoing Rescreen,LexisNexis Bridger,N,,,N,,N,,,,N,0,No Hit
SCR001956,C00759,2025-06-14,Ongoing Rescreen,LexisNexis Bridger,N,,,N,,N,,,,N,0,No Hit
SCR001957,C00759,2025-12-11,Ongoing Rescreen,LexisNexis Bridger,N,,,N,,N,,,,N,0,No Hit
SCR001958,C00760,2025-07-07,Initial,World-Check,N,,,N,,N,,,,N,0,No Hit
SCR001959,C00761,2025-03-21,Initial,World-Check,N,,,N,,N,,,,N,0,No Hit
SCR001960,C00761,2025-09-17,Ongoing Rescreen,Dow Jones Risk,N,,,N,,N,,,,N,0,No Hit
SCR001961,C00762,2025-10-07,Initial,LexisNexis Bridger,N,,,N,,N,,,,Y,0,No Hit
SCR001962,C00763,2025-05-31,Initial,Dow Jones Risk,N,,,N,,N,,,,Y,0,No Hit
SCR001963,C00763,2025-11-27,Ongoing Rescreen,LexisNexis Bridger,N,,,N,,N,,,,Y,0,No Hit
SCR001964,C00764,2025-07-31,Initial,Dow Jones Risk,N,,,N,,N,,,,N,0,No Hit
SCR001965,C00765,2024-03-08,Initial,World-Check,N,,,N,,N,,,,N,0,No Hit
SCR001966,C00765,2024-09-04,Ongoing Rescreen,LexisNexis Bridger,N,,,N,,N,,,,N,0,No Hit
SCR001967,C00765,2025-03-03,Ongoing Rescreen,World-Check,N,,,N,,N,,,,N,0,No Hit
SCR001968,C00765,2025-08-30,Ongoing Rescreen,Dow Jones Risk,N,,,N,,N,,,,N,0,No Hit
SCR001969,C00766,2024-01-18,Initial,Dow Jones Risk,N,,,N,,Y,Organised Crime,Online Blog,N,Y,1,Cleared - False Positive
SCR001970,C00766,2024-07-16,Ongoing Rescreen,Dow Jones Risk,N,,,N,,N,,,,N,0,No Hit
SCR001971,C00766,2025-01-12,Ongoing Rescreen,LexisNexis Bridger,N,,,N,,N,,,,N,0,No Hit
SCR001972,C00766,2025-07-11,Ongoing Rescreen,LexisNexis Bridger,N,,,N,,N,,,,N,0,No Hit
SCR001973,C00767,2025-04-26,Initial,Dow Jones Risk,N,,,N,,N,,,,N,0,No Hit
SCR001974,C00767,2025-10-23,Ongoing Rescreen,World-Check,N,,,N,,N,,,,N,0,No Hit
SCR001975,C00768,2024-01-01,Initial,Dow Jones Risk,N,,,N,,N,,,,N,0,No Hit
SCR001976,C00768,2024-06-29,Ongoing Rescreen,Dow Jones Risk,N,,,N,,N,,,,N,0,No Hit
SCR001977,C00768,2024-12-26,Ongoing Rescreen,LexisNexis Bridger,N,,,N,,Y,Fraud,Regulator Notice,N,Y,6,Cleared - False Positive
SCR001978,C00768,2025-06-24,Ongoing Rescreen,World-Check,N,,,N,,N,,,,N,0,No Hit
SCR001979,C00768,2025-12-21,Ongoing Rescreen,Dow Jones Risk,N,,,N,,N,,,,N,0,No Hit
SCR001980,C00769,2025-10-13,Initial,Dow Jones Risk,N,,,N,,N,,,,N,0,No Hit
SCR001981,C00770,2025-10-07,Initial,LexisNexis Bridger,N,,,N,,N,,,,N,0,No Hit
SCR001982,C00771,2025-03-03,Initial,World-Check,N,,,N,,N,,,,N,0,No Hit
SCR001983,C00771,2025-08-30,Ongoing Rescreen,Dow Jones Risk,N,,,N,,N,,,,N,0,No Hit
SCR001984,C00772,2025-06-17,Initial,Dow Jones Risk,N,,,N,,N,,,,N,0,No Hit
SCR001985,C00772,2025-12-14,Ongoing Rescreen,LexisNexis Bridger,N,,,N,,N,,,,N,0,No Hit
SCR001986,C00773,2024-11-04,Initial,Dow Jones Risk,N,,,N,,N,,,,N,0,No Hit
SCR001987,C00773,2025-05-03,Ongoing Rescreen,World-Check,N,,,Y,Family Member,N,,,,Y,6,Cleared - False Positive
SCR001988,C00773,2025-10-30,Ongoing Rescreen,LexisNexis Bridger,N,,,N,,N,,,,N,0,No Hit
SCR001989,C00774,2025-12-01,Initial,World-Check,N,,,N,,N,,,,N,0,No Hit
SCR001990,C00775,2024-01-27,Initial,LexisNexis Bridger,N,,,N,,N,,,,N,0,No Hit
SCR001991,C00775,2024-07-25,Ongoing Rescreen,LexisNexis Bridger,N,,,N,,N,,,,N,0,No Hit
SCR001992,C00775,2025-01-21,Ongoing Rescreen,World-Check,N,,,N,,N,,,,N,0,No Hit
SCR001993,C00775,2025-07-20,Ongoing Rescreen,LexisNexis Bridger,N,,,N,,N,,,,N,0,No Hit
SCR001994,C00776,2024-08-01,Initial,Dow Jones Risk,N,,,N,,N,,,,N,0,No Hit
SCR001995,C00776,2025-01-28,Ongoing Rescreen,World-Check,N,,,N,,N,,,,N,0,No Hit
SCR001996,C00776,2025-07-27,Ongoing Rescreen,World-Check,N,,,N,,N,,,,N,0,No Hit
SCR001997,C00777,2025-05-25,Initial,LexisNexis Bridger,N,,,N,,N,,,,N,0,No Hit
SCR001998,C00777,2025-11-21,Ongoing Rescreen,Dow Jones Risk,N,,,N,,N,,,,N,0,No Hit
SCR001999,C00778,2025-07-30,Initial,Dow Jones Risk,N,,,N,,N,,,,N,0,No Hit
SCR002000,C00779,2024-06-26,Initial,LexisNexis Bridger,N,,,N,,N,,,,N,0,No Hit
SCR002001,C00779,2024-12-23,Ongoing Rescreen,Dow Jones Risk,N,,,N,,N,,,,N,0,No Hit
SCR002002,C00779,2025-06-21,Ongoing Rescreen,Dow Jones Risk,N,,,N,,N,,,,N,0,No Hit
SCR002003,C00779,2025-12-18,Ongoing Rescreen,World-Check,N,,,N,,N,,,,N,0,No Hit
SCR002004,C00780,2025-08-08,Initial,Dow Jones Risk,N,,,N,,N,,,,N,0,No Hit
SCR002005,C00781,2024-12-02,Initial,World-Check,N,,,N,,N,,,,N,0,No Hit
SCR002006,C00781,2025-05-31,Ongoing Rescreen,LexisNexis Bridger,Y,EU Consolidated,N,N,,N,,,,Y,1,Cleared - False Positive
SCR002007,C00781,2025-11-27,Ongoing Rescreen,Dow Jones Risk,N,,,N,,N,,,,N,0,No Hit
SCR002008,C00782,2025-09-18,Initial,LexisNexis Bridger,N,,,N,,Y,Bribery & Corruption,Online Blog,N,Y,2,Cleared - False Positive
SCR002009,C00783,2024-07-14,Initial,Dow Jones Risk,N,,,N,,N,,,,N,0,No Hit
SCR002010,C00783,2025-01-10,Ongoing Rescreen,World-Check,N,,,N,,N,,,,N,0,No Hit
SCR002011,C00783,2025-07-09,Ongoing Rescreen,Dow Jones Risk,N,,,N,,N,,,,N,0,No Hit
SCR002012,C00784,2025-05-20,Initial,LexisNexis Bridger,N,,,N,,N,,,,N,0,No Hit
SCR002013,C00784,2025-11-16,Ongoing Rescreen,Dow Jones Risk,N,,,N,,N,,,,N,0,No Hit
SCR002014,C00785,2024-05-31,Initial,World-Check,N,,,N,,N,,,,N,0,No Hit
SCR002015,C00785,2024-11-27,Ongoing Rescreen,LexisNexis Bridger,N,,,N,,N,,,,N,0,No Hit
SCR002016,C00785,2025-05-26,Ongoing Rescreen,LexisNexis Bridger,N,,,N,,N,,,,N,0,No Hit
SCR002017,C00785,2025-11-22,Ongoing Rescreen,World-Check,N,,,N,,N,,,,N,0,No Hit
SCR002018,C00786,2024-04-11,Initial,Dow Jones Risk,N,,,N,,N,,,,N,0,No Hit
SCR002019,C00786,2024-10-08,Ongoing Rescreen,Dow Jones Risk,N,,,N,,N,,,,N,0,No Hit
SCR002020,C00786,2025-04-06,Ongoing Rescreen,World-Check,N,,,N,,N,,,,N,0,No Hit
SCR002021,C00786,2025-10-03,Ongoing Rescreen,World-Check,N,,,N,,N,,,,N,0,No Hit
SCR002022,C00787,2025-05-30,Initial,Dow Jones Risk,N,,,N,,N,,,,N,0,No Hit
SCR002023,C00787,2025-11-26,Ongoing Rescreen,LexisNexis Bridger,N,,,N,,Y,Regulatory Fine,Court Records,N,Y,3,Cleared - False Positive
SCR002024,C00788,2025-05-12,Initial,LexisNexis Bridger,N,,,N,,N,,,,N,0,No Hit
SCR002025,C00788,2025-11-08,Ongoing Rescreen,LexisNexis Bridger,N,,,N,,N,,,,N,0,No Hit
SCR002026,C00789,2024-08-02,Initial,LexisNexis Bridger,N,,,N,,N,,,,N,0,No Hit
SCR002027,C00789,2025-01-29,Ongoing Rescreen,LexisNexis Bridger,N,,,N,,N,,,,N,0,No Hit
SCR002028,C00789,2025-07-28,Ongoing Rescreen,LexisNexis Bridger,N,,,N,,N,,,,N,0,No Hit
SCR002029,C00790,2025-03-17,Initial,Dow Jones Risk,N,,,N,,N,,,,N,0,No Hit
SCR002030,C00790,2025-09-13,Ongoing Rescreen,LexisNexis Bridger,N,,,N,,N,,,,N,0,No Hit
SCR002031,C00791,2025-11-19,Initial,LexisNexis Bridger,N,,,N,,N,,,,N,0,No Hit
SCR002032,C00792,2024-08-31,Initial,Dow Jones Risk,N,,,N,,N,,,,N,0,No Hit
SCR002033,C00792,2025-02-27,Ongoing Rescreen,Dow Jones Risk,N,,,N,,N,,,,N,0,No Hit
SCR002034,C00792,2025-08-26,Ongoing Rescreen,World-Check,N,,,N,,N,,,,N,0,No Hit
SCR002035,C00793,2025-01-01,Initial,Dow Jones Risk,N,,,N,,N,,,,N,0,No Hit
SCR002036,C00793,2025-06-30,Ongoing Rescreen,LexisNexis Bridger,N,,,N,,N,,,,N,0,No Hit
SCR002037,C00793,2025-12-27,Ongoing Rescreen,World-Check,N,,,N,,N,,,,N,0,No Hit
SCR002038,C00794,2024-06-01,Initial,World-Check,N,,,N,,N,,,,N,0,No Hit
SCR002039,C00794,2024-11-28,Ongoing Rescreen,World-Check,N,,,N,,N,,,,N,0,No Hit
SCR002040,C00794,2025-05-27,Ongoing Rescreen,World-Check,N,,,N,,N,,,,N,0,No Hit
SCR002041,C00794,2025-11-23,Ongoing Rescreen,Dow Jones Risk,N,,,N,,N,,,,N,0,No Hit
SCR002042,C00795,2025-01-13,Initial,World-Check,N,,,N,,N,,,,N,0,No Hit
SCR002043,C00795,2025-07-12,Ongoing Rescreen,Dow Jones Risk,N,,,N,,N,,,,N,0,No Hit
SCR002044,C00796,2025-10-09,Initial,World-Check,N,,,N,,N,,,,N,0,No Hit
SCR002045,C00797,2025-04-09,Initial,World-Check,N,,,N,,N,,,,N,0,No Hit
SCR002046,C00797,2025-10-06,Ongoing Rescreen,Dow Jones Risk,N,,,N,,N,,,,N,0,No Hit
SCR002047,C00798,2024-04-13,Initial,LexisNexis Bridger,N,,,N,,N,,,,N,0,No Hit
SCR002048,C00798,2024-10-10,Ongoing Rescreen,Dow Jones Risk,N,,,N,,N,,,,N,0,No Hit
SCR002049,C00798,2025-04-08,Ongoing Rescreen,LexisNexis Bridger,N,,,N,,N,,,,N,0,No Hit
SCR002050,C00798,2025-10-05,Ongoing Rescreen,Dow Jones Risk,N,,,N,,N,,,,N,0,No Hit
SCR002051,C00799,2025-06-25,Initial,LexisNexis Bridger,N,,,N,,N,,,,N,0,No Hit
SCR002052,C00799,2025-12-22,Ongoing Rescreen,World-Check,N,,,N,,N,,,,N,0,No Hit
SCR002053,C00800,2024-11-04,Initial,LexisNexis Bridger,N,,,N,,N,,,,N,0,No Hit
SCR002054,C00800,2025-05-03,Ongoing Rescreen,LexisNexis Bridger,N,,,N,,N,,,,N,0,No Hit
SCR002055,C00800,2025-10-30,Ongoing Rescreen,Dow Jones Risk,N,,,N,,N,,,,N,0,No Hit
SCR002056,C00801,2024-01-14,Initial,LexisNexis Bridger,N,,,N,,N,,,,N,0,No Hit
SCR002057,C00801,2024-07-12,Ongoing Rescreen,Dow Jones Risk,N,,,N,,N,,,,N,0,No Hit
SCR002058,C00801,2025-01-08,Ongoing Rescreen,Dow Jones Risk,N,,,N,,N,,,,N,0,No Hit
SCR002059,C00801,2025-07-07,Ongoing Rescreen,World-Check,N,,,N,,N,,,,N,0,No Hit
SCR002060,C00802,2025-03-31,Initial,World-Check,N,,,N,,N,,,,N,0,No Hit
SCR002061,C00802,2025-09-27,Ongoing Rescreen,World-Check,N,,,N,,N,,,,N,0,No Hit
SCR002062,C00803,2024-08-06,Initial,World-Check,N,,,N,,N,,,,N,0,No Hit
SCR002063,C00803,2025-02-02,Ongoing Rescreen,LexisNexis Bridger,N,,,N,,N,,,,N,0,No Hit
SCR002064,C00803,2025-08-01,Ongoing Rescreen,LexisNexis Bridger,N,,,N,,N,,,,N,0,No Hit
SCR002065,C00804,2025-12-11,Initial,World-Check,N,,,N,,N,,,,N,0,No Hit
SCR002066,C00805,2025-12-28,Initial,World-Check,N,,,N,,N,,,,N,0,No Hit
SCR002067,C00806,2025-05-05,Initial,LexisNexis Bridger,N,,,N,,N,,,,N,0,No Hit
SCR002068,C00806,2025-11-01,Ongoing Rescreen,LexisNexis Bridger,N,,,N,,N,,,,N,0,No Hit
SCR002069,C00807,2025-04-06,Initial,World-Check,N,,,N,,N,,,,N,0,No Hit
SCR002070,C00807,2025-10-03,Ongoing Rescreen,LexisNexis Bridger,N,,,N,,N,,,,N,0,No Hit
SCR002071,C00808,2024-08-10,Initial,Dow Jones Risk,N,,,N,,N,,,,N,0,No Hit
SCR002072,C00808,2025-02-06,Ongoing Rescreen,World-Check,N,,,N,,N,,,,N,0,No Hit
SCR002073,C00808,2025-08-05,Ongoing Rescreen,World-Check,N,,,N,,N,,,,N,0,No Hit
SCR002074,C00809,2024-02-21,Initial,LexisNexis Bridger,N,,,N,,N,,,,N,0,No Hit
SCR002075,C00809,2024-08-19,Ongoing Rescreen,LexisNexis Bridger,N,,,N,,N,,,,N,0,No Hit
SCR002076,C00809,2025-02-15,Ongoing Rescreen,Dow Jones Risk,N,,,N,,N,,,,N,0,No Hit
SCR002077,C00809,2025-08-14,Ongoing Rescreen,LexisNexis Bridger,N,,,N,,N,,,,N,0,No Hit
SCR002078,C00810,2024-02-14,Initial,World-Check,N,,,N,,N,,,,N,0,No Hit
SCR002079,C00810,2024-08-12,Ongoing Rescreen,Dow Jones Risk,N,,,N,,N,,,,N,0,No Hit
SCR002080,C00810,2025-02-08,Ongoing Rescreen,World-Check,N,,,N,,N,,,,N,0,No Hit
SCR002081,C00810,2025-08-07,Ongoing Rescreen,World-Check,N,,,N,,N,,,,N,0,No Hit
SCR002082,C00811,2024-12-05,Initial,Dow Jones Risk,Y,UN Consolidated,N,N,,N,,,,Y,10,Cleared - False Positive
SCR002083,C00811,2025-06-03,Ongoing Rescreen,Dow Jones Risk,N,,,N,,N,,,,N,0,No Hit
SCR002084,C00811,2025-11-30,Ongoing Rescreen,LexisNexis Bridger,N,,,N,,N,,,,N,0,No Hit
SCR002085,C00812,2024-08-20,Initial,World-Check,N,,,N,,N,,,,Y,0,No Hit
SCR002086,C00812,2025-02-16,Ongoing Rescreen,Dow Jones Risk,N,,,N,,N,,,,Y,0,No Hit
SCR002087,C00812,2025-08-15,Ongoing Rescreen,LexisNexis Bridger,N,,,N,,N,,,,Y,0,No Hit
SCR002088,C00813,2025-12-03,Initial,World-Check,N,,,N,,N,,,,N,0,No Hit
SCR002089,C00814,2024-08-02,Initial,World-Check,N,,,N,,N,,,,N,0,No Hit
SCR002090,C00814,2025-01-29,Ongoing Rescreen,Dow Jones Risk,N,,,N,,N,,,,N,0,No Hit
SCR002091,C00814,2025-07-28,Ongoing Rescreen,LexisNexis Bridger,N,,,N,,N,,,,N,0,No Hit
SCR002092,C00815,2024-06-05,Initial,Dow Jones Risk,N,,,N,,N,,,,N,0,No Hit
SCR002093,C00815,2024-12-02,Ongoing Rescreen,Dow Jones Risk,N,,,N,,N,,,,N,0,No Hit
SCR002094,C00815,2025-05-31,Ongoing Rescreen,World-Check,N,,,N,,N,,,,N,0,No Hit
SCR002095,C00815,2025-11-27,Ongoing Rescreen,Dow Jones Risk,N,,,Y,Family Member,N,,,,Y,6,Cleared - False Positive
SCR002096,C00816,2025-08-21,Initial,LexisNexis Bridger,N,,,N,,N,,,,N,0,No Hit
SCR002097,C00817,2025-09-02,Initial,LexisNexis Bridger,N,,,N,,N,,,,N,0,No Hit
SCR002098,C00818,2024-10-02,Initial,World-Check,N,,,N,,N,,,,N,0,No Hit
SCR002099,C00818,2025-03-31,Ongoing Rescreen,World-Check,N,,,N,,N,,,,N,0,No Hit
SCR002100,C00818,2025-09-27,Ongoing Rescreen,World-Check,N,,,N,,N,,,,N,0,No Hit
SCR002101,C00819,2024-02-29,Initial,LexisNexis Bridger,N,,,N,,N,,,,N,0,No Hit
SCR002102,C00819,2024-08-27,Ongoing Rescreen,Dow Jones Risk,N,,,N,,N,,,,N,0,No Hit
SCR002103,C00819,2025-02-23,Ongoing Rescreen,World-Check,N,,,N,,N,,,,N,0,No Hit
SCR002104,C00819,2025-08-22,Ongoing Rescreen,World-Check,N,,,N,,N,,,,N,0,No Hit
SCR002105,C00820,2024-03-12,Initial,Dow Jones Risk,N,,,N,,N,,,,N,0,No Hit
SCR002106,C00820,2024-09-08,Ongoing Rescreen,World-Check,N,,,N,,N,,,,N,0,No Hit
SCR002107,C00820,2025-03-07,Ongoing Rescreen,Dow Jones Risk,N,,,N,,N,,,,N,0,No Hit
SCR002108,C00820,2025-09-03,Ongoing Rescreen,LexisNexis Bridger,N,,,N,,N,,,,N,0,No Hit
SCR002109,C00821,2025-01-15,Initial,Dow Jones Risk,N,,,N,,N,,,,N,0,No Hit
SCR002110,C00821,2025-07-14,Ongoing Rescreen,World-Check,N,,,N,,N,,,,N,0,No Hit
SCR002111,C00822,2025-09-27,Initial,Dow Jones Risk,N,,,N,,N,,,,Y,0,No Hit
SCR002112,C00823,2024-10-09,Initial,LexisNexis Bridger,N,,,Y,Foreign PEP,N,,,,Y,7,Cleared - False Positive
SCR002113,C00823,2025-04-07,Ongoing Rescreen,Dow Jones Risk,N,,,N,,N,,,,N,0,No Hit
SCR002114,C00823,2025-10-04,Ongoing Rescreen,LexisNexis Bridger,N,,,N,,N,,,,N,0,No Hit
SCR002115,C00824,2024-01-14,Initial,World-Check,N,,,N,,N,,,,N,0,No Hit
SCR002116,C00824,2024-07-12,Ongoing Rescreen,World-Check,N,,,N,,N,,,,N,0,No Hit
SCR002117,C00824,2025-01-08,Ongoing Rescreen,World-Check,N,,,N,,N,,,,N,0,No Hit
SCR002118,C00824,2025-07-07,Ongoing Rescreen,LexisNexis Bridger,N,,,N,,N,,,,N,0,No Hit
SCR002119,C00825,2024-10-01,Initial,Dow Jones Risk,N,,,N,,N,,,,N,0,No Hit
SCR002120,C00825,2025-03-30,Ongoing Rescreen,LexisNexis Bridger,N,,,N,,N,,,,N,0,No Hit
SCR002121,C00825,2025-09-26,Ongoing Rescreen,World-Check,N,,,N,,N,,,,N,0,No Hit
SCR002122,C00826,2024-01-03,Initial,LexisNexis Bridger,N,,,N,,N,,,,N,0,No Hit
SCR002123,C00826,2024-07-01,Ongoing Rescreen,LexisNexis Bridger,N,,,N,,N,,,,N,0,No Hit
SCR002124,C00826,2024-12-28,Ongoing Rescreen,Dow Jones Risk,N,,,N,,N,,,,N,0,No Hit
SCR002125,C00826,2025-06-26,Ongoing Rescreen,Dow Jones Risk,N,,,N,,N,,,,N,0,No Hit
SCR002126,C00826,2025-12-23,Ongoing Rescreen,LexisNexis Bridger,N,,,N,,N,,,,N,0,No Hit
SCR002127,C00827,2024-11-05,Initial,LexisNexis Bridger,N,,,N,,N,,,,N,0,No Hit
SCR002128,C00827,2025-05-04,Ongoing Rescreen,LexisNexis Bridger,N,,,N,,N,,,,N,0,No Hit
SCR002129,C00827,2025-10-31,Ongoing Rescreen,LexisNexis Bridger,N,,,N,,N,,,,N,0,No Hit
SCR002130,C00828,2024-12-13,Initial,World-Check,Y,UN Consolidated,N,N,,N,,,,Y,9,Cleared - False Positive
SCR002131,C00828,2025-06-11,Ongoing Rescreen,LexisNexis Bridger,N,,,N,,N,,,,Y,0,No Hit
SCR002132,C00828,2025-12-08,Ongoing Rescreen,Dow Jones Risk,N,,,N,,N,,,,Y,0,No Hit
SCR002133,C00829,2025-06-18,Initial,LexisNexis Bridger,N,,,N,,N,,,,N,0,No Hit
SCR002134,C00829,2025-12-15,Ongoing Rescreen,LexisNexis Bridger,N,,,N,,N,,,,N,0,No Hit
SCR002135,C00830,2024-02-20,Initial,LexisNexis Bridger,N,,,N,,N,,,,N,0,No Hit
SCR002136,C00830,2024-08-18,Ongoing Rescreen,World-Check,N,,,N,,N,,,,N,0,No Hit
SCR002137,C00830,2025-02-14,Ongoing Rescreen,World-Check,Y,UK HMT/OFSI,N,N,,N,,,,Y,6,Cleared - False Positive
SCR002138,C00830,2025-08-13,Ongoing Rescreen,LexisNexis Bridger,N,,,N,,N,,,,N,0,No Hit
SCR002139,C00831,2024-12-17,Initial,World-Check,N,,,N,,N,,,,N,0,No Hit
SCR002140,C00831,2025-06-15,Ongoing Rescreen,Dow Jones Risk,N,,,N,,N,,,,N,0,No Hit
SCR002141,C00831,2025-12-12,Ongoing Rescreen,Dow Jones Risk,N,,,N,,Y,Fraud,Court Records,N,Y,3,Cleared - False Positive
SCR002142,C00832,2024-05-09,Initial,World-Check,N,,,N,,N,,,,N,0,No Hit
SCR002143,C00832,2024-11-05,Ongoing Rescreen,LexisNexis Bridger,N,,,N,,N,,,,N,0,No Hit
SCR002144,C00832,2025-05-04,Ongoing Rescreen,World-Check,N,,,N,,N,,,,N,0,No Hit
SCR002145,C00832,2025-10-31,Ongoing Rescreen,Dow Jones Risk,N,,,N,,N,,,,N,0,No Hit
SCR002146,C00833,2024-12-06,Initial,Dow Jones Risk,Y,UN Consolidated,N,Y,Foreign PEP,N,,,,Y,5,Cleared - False Positive
SCR002147,C00833,2025-06-04,Ongoing Rescreen,LexisNexis Bridger,N,,,N,,N,,,,N,0,No Hit
SCR002148,C00833,2025-12-01,Ongoing Rescreen,World-Check,N,,,N,,N,,,,N,0,No Hit
SCR002149,C00834,2025-12-21,Initial,LexisNexis Bridger,N,,,N,,N,,,,N,0,No Hit
SCR002150,C00835,2025-06-25,Initial,LexisNexis Bridger,N,,,N,,N,,,,N,0,No Hit
SCR002151,C00835,2025-12-22,Ongoing Rescreen,LexisNexis Bridger,N,,,N,,N,,,,N,0,No Hit
SCR002152,C00836,2025-09-09,Initial,Dow Jones Risk,N,,,N,,N,,,,N,0,No Hit
SCR002153,C00837,2024-01-29,Initial,World-Check,N,,,N,,N,,,,N,0,No Hit
SCR002154,C00837,2024-07-27,Ongoing Rescreen,World-Check,N,,,N,,N,,,,N,0,No Hit
SCR002155,C00837,2025-01-23,Ongoing Rescreen,World-Check,N,,,N,,N,,,,N,0,No Hit
SCR002156,C00837,2025-07-22,Ongoing Rescreen,World-Check,N,,,N,,N,,,,N,0,No Hit
SCR002157,C00838,2025-07-12,Initial,Dow Jones Risk,N,,,N,,N,,,,N,0,No Hit
SCR002158,C00839,2025-09-25,Initial,World-Check,N,,,N,,N,,,,Y,0,No Hit
SCR002159,C00840,2025-05-05,Initial,Dow Jones Risk,N,,,N,,N,,,,N,0,No Hit
SCR002160,C00840,2025-11-01,Ongoing Rescreen,LexisNexis Bridger,N,,,N,,N,,,,N,0,No Hit
SCR002161,C00841,2025-07-25,Initial,LexisNexis Bridger,N,,,N,,N,,,,N,0,No Hit
SCR002162,C00842,2024-02-04,Initial,World-Check,N,,,N,,N,,,,N,0,No Hit
SCR002163,C00842,2024-08-02,Ongoing Rescreen,Dow Jones Risk,N,,,N,,N,,,,N,0,No Hit
SCR002164,C00842,2025-01-29,Ongoing Rescreen,LexisNexis Bridger,N,,,N,,N,,,,N,0,No Hit
SCR002165,C00842,2025-07-28,Ongoing Rescreen,LexisNexis Bridger,N,,,N,,N,,,,N,0,No Hit
SCR002166,C00843,2025-06-24,Initial,World-Check,N,,,N,,Y,Money Laundering,Online Blog,N,Y,8,Cleared - False Positive
SCR002167,C00843,2025-12-21,Ongoing Rescreen,Dow Jones Risk,N,,,N,,N,,,,N,0,No Hit
SCR002168,C00844,2025-09-03,Initial,World-Check,N,,,N,,N,,,,N,0,No Hit
SCR002169,C00845,2024-06-17,Initial,World-Check,N,,,N,,N,,,,N,0,No Hit
SCR002170,C00845,2024-12-14,Ongoing Rescreen,Dow Jones Risk,N,,,N,,N,,,,N,0,No Hit
SCR002171,C00845,2025-06-12,Ongoing Rescreen,Dow Jones Risk,N,,,N,,N,,,,N,0,No Hit
SCR002172,C00845,2025-12-09,Ongoing Rescreen,World-Check,N,,,N,,N,,,,N,0,No Hit
SCR002173,C00846,2024-12-10,Initial,LexisNexis Bridger,N,,,N,,N,,,,N,0,No Hit
SCR002174,C00846,2025-06-08,Ongoing Rescreen,LexisNexis Bridger,N,,,N,,N,,,,N,0,No Hit
SCR002175,C00846,2025-12-05,Ongoing Rescreen,LexisNexis Bridger,Y,UN Consolidated,N,N,,N,,,,Y,3,Cleared - False Positive
SCR002176,C00847,2024-11-04,Initial,Dow Jones Risk,N,,,N,,N,,,,N,0,No Hit
SCR002177,C00847,2025-05-03,Ongoing Rescreen,LexisNexis Bridger,N,,,N,,N,,,,N,0,No Hit
SCR002178,C00847,2025-10-30,Ongoing Rescreen,LexisNexis Bridger,N,,,N,,N,,,,N,0,No Hit
SCR002179,C00848,2024-03-12,Initial,LexisNexis Bridger,N,,,N,,N,,,,Y,0,No Hit
SCR002180,C00848,2024-09-08,Ongoing Rescreen,World-Check,N,,,N,,N,,,,Y,0,No Hit
SCR002181,C00848,2025-03-07,Ongoing Rescreen,World-Check,N,,,N,,Y,Bribery & Corruption,National News,N,Y,3,Cleared - False Positive
SCR002182,C00848,2025-09-03,Ongoing Rescreen,World-Check,N,,,N,,N,,,,Y,0,No Hit
SCR002183,C00849,2024-04-03,Initial,Dow Jones Risk,N,,,N,,N,,,,Y,0,No Hit
SCR002184,C00849,2024-09-30,Ongoing Rescreen,Dow Jones Risk,N,,,N,,Y,Fraud,Regional News,N,Y,2,Cleared - False Positive
SCR002185,C00849,2025-03-29,Ongoing Rescreen,World-Check,N,,,N,,N,,,,Y,0,No Hit
SCR002186,C00849,2025-09-25,Ongoing Rescreen,Dow Jones Risk,N,,,N,,N,,,,Y,0,No Hit
SCR002187,C00850,2024-08-07,Initial,Dow Jones Risk,N,,,N,,N,,,,N,0,No Hit
SCR002188,C00850,2025-02-03,Ongoing Rescreen,Dow Jones Risk,N,,,N,,N,,,,N,0,No Hit
SCR002189,C00850,2025-08-02,Ongoing Rescreen,World-Check,N,,,N,,N,,,,N,0,No Hit
SCR002190,C00851,2024-03-20,Initial,LexisNexis Bridger,N,,,N,,N,,,,N,0,No Hit
SCR002191,C00851,2024-09-16,Ongoing Rescreen,LexisNexis Bridger,N,,,N,,N,,,,N,0,No Hit
SCR002192,C00851,2025-03-15,Ongoing Rescreen,LexisNexis Bridger,N,,,N,,N,,,,N,0,No Hit
SCR002193,C00851,2025-09-11,Ongoing Rescreen,LexisNexis Bridger,N,,,N,,N,,,,N,0,No Hit
SCR002194,C00852,2025-01-01,Initial,LexisNexis Bridger,N,,,N,,N,,,,N,0,No Hit
SCR002195,C00852,2025-06-30,Ongoing Rescreen,Dow Jones Risk,N,,,N,,N,,,,N,0,No Hit
SCR002196,C00852,2025-12-27,Ongoing Rescreen,Dow Jones Risk,N,,,N,,N,,,,N,0,No Hit
SCR002197,C00853,2024-02-10,Initial,Dow Jones Risk,N,,,N,,N,,,,N,0,No Hit
SCR002198,C00853,2024-08-08,Ongoing Rescreen,Dow Jones Risk,N,,,N,,N,,,,N,0,No Hit
SCR002199,C00853,2025-02-04,Ongoing Rescreen,LexisNexis Bridger,N,,,N,,N,,,,N,0,No Hit
SCR002200,C00853,2025-08-03,Ongoing Rescreen,Dow Jones Risk,N,,,N,,N,,,,N,0,No Hit
SCR002201,C00854,2024-01-11,Initial,World-Check,N,,,N,,N,,,,N,0,No Hit
SCR002202,C00854,2024-07-09,Ongoing Rescreen,Dow Jones Risk,N,,,N,,N,,,,N,0,No Hit
SCR002203,C00854,2025-01-05,Ongoing Rescreen,Dow Jones Risk,N,,,N,,N,,,,N,0,No Hit
SCR002204,C00854,2025-07-04,Ongoing Rescreen,World-Check,N,,,N,,N,,,,N,0,No Hit
SCR002205,C00854,2025-12-31,Ongoing Rescreen,LexisNexis Bridger,N,,,N,,N,,,,N,0,No Hit
SCR002206,C00855,2025-04-04,Initial,Dow Jones Risk,N,,,N,,N,,,,N,0,No Hit
SCR002207,C00855,2025-10-01,Ongoing Rescreen,World-Check,N,,,N,,N,,,,N,0,No Hit
SCR002208,C00856,2024-07-03,Initial,Dow Jones Risk,Y,OFAC SDN,N,N,,N,,,,Y,2,Cleared - False Positive
SCR002209,C00856,2024-12-30,Ongoing Rescreen,World-Check,N,,,N,,N,,,,Y,0,No Hit
SCR002210,C00856,2025-06-28,Ongoing Rescreen,Dow Jones Risk,N,,,N,,N,,,,Y,0,No Hit
SCR002211,C00856,2025-12-25,Ongoing Rescreen,World-Check,N,,,N,,N,,,,Y,0,No Hit
SCR002212,C00857,2024-10-03,Initial,LexisNexis Bridger,N,,,N,,N,,,,N,0,No Hit
SCR002213,C00857,2025-04-01,Ongoing Rescreen,LexisNexis Bridger,N,,,N,,N,,,,N,0,No Hit
SCR002214,C00857,2025-09-28,Ongoing Rescreen,World-Check,N,,,N,,N,,,,N,0,No Hit
SCR002215,C00858,2024-09-02,Initial,Dow Jones Risk,N,,,N,,N,,,,N,0,No Hit
SCR002216,C00858,2025-03-01,Ongoing Rescreen,Dow Jones Risk,N,,,N,,N,,,,N,0,No Hit
SCR002217,C00858,2025-08-28,Ongoing Rescreen,Dow Jones Risk,N,,,N,,N,,,,N,0,No Hit
SCR002218,C00859,2024-12-08,Initial,World-Check,N,,,N,,N,,,,N,0,No Hit
SCR002219,C00859,2025-06-06,Ongoing Rescreen,World-Check,N,,,N,,N,,,,N,0,No Hit
SCR002220,C00859,2025-12-03,Ongoing Rescreen,Dow Jones Risk,Y,UN Consolidated,N,N,,N,,,,Y,2,Cleared - False Positive
SCR002221,C00860,2024-12-05,Initial,LexisNexis Bridger,N,,,N,,N,,,,N,0,No Hit
SCR002222,C00860,2025-06-03,Ongoing Rescreen,Dow Jones Risk,N,,,N,,N,,,,N,0,No Hit
SCR002223,C00860,2025-11-30,Ongoing Rescreen,Dow Jones Risk,N,,,N,,N,,,,N,0,No Hit
SCR002224,C00861,2024-04-07,Initial,LexisNexis Bridger,Y,UK HMT/OFSI,N,N,,N,,,,Y,3,Cleared - False Positive
SCR002225,C00861,2024-10-04,Ongoing Rescreen,LexisNexis Bridger,N,,,N,,N,,,,N,0,No Hit
SCR002226,C00861,2025-04-02,Ongoing Rescreen,World-Check,N,,,N,,N,,,,N,0,No Hit
SCR002227,C00861,2025-09-29,Ongoing Rescreen,LexisNexis Bridger,N,,,N,,N,,,,N,0,No Hit
SCR002228,C00862,2024-01-02,Initial,LexisNexis Bridger,N,,,N,,N,,,,N,0,No Hit
SCR002229,C00862,2024-06-30,Ongoing Rescreen,LexisNexis Bridger,N,,,N,,N,,,,N,0,No Hit
SCR002230,C00862,2024-12-27,Ongoing Rescreen,World-Check,N,,,N,,N,,,,N,0,No Hit
SCR002231,C00862,2025-06-25,Ongoing Rescreen,LexisNexis Bridger,N,,,N,,N,,,,N,0,No Hit
SCR002232,C00862,2025-12-22,Ongoing Rescreen,LexisNexis Bridger,N,,,N,,N,,,,N,0,No Hit
SCR002233,C00863,2024-11-19,Initial,World-Check,N,,,N,,N,,,,N,0,No Hit
SCR002234,C00863,2025-05-18,Ongoing Rescreen,World-Check,N,,,N,,N,,,,N,0,No Hit
SCR002235,C00863,2025-11-14,Ongoing Rescreen,Dow Jones Risk,N,,,N,,N,,,,N,0,No Hit
SCR002236,C00864,2025-02-17,Initial,LexisNexis Bridger,N,,,N,,N,,,,N,0,No Hit
SCR002237,C00864,2025-08-16,Ongoing Rescreen,World-Check,N,,,N,,N,,,,N,0,No Hit
SCR002238,C00865,2025-07-15,Initial,LexisNexis Bridger,N,,,N,,N,,,,Y,0,No Hit
SCR002239,C00866,2024-05-24,Initial,Dow Jones Risk,N,,,Y,Domestic PEP,N,,,,Y,5,Cleared - False Positive
SCR002240,C00866,2024-11-20,Ongoing Rescreen,Dow Jones Risk,N,,,N,,N,,,,N,0,No Hit
SCR002241,C00866,2025-05-19,Ongoing Rescreen,World-Check,N,,,N,,N,,,,N,0,No Hit
SCR002242,C00866,2025-11-15,Ongoing Rescreen,LexisNexis Bridger,N,,,N,,N,,,,N,0,No Hit
SCR002243,C00867,2024-03-02,Initial,LexisNexis Bridger,N,,,N,,N,,,,N,0,No Hit
SCR002244,C00867,2024-08-29,Ongoing Rescreen,LexisNexis Bridger,N,,,N,,N,,,,N,0,No Hit
SCR002245,C00867,2025-02-25,Ongoing Rescreen,World-Check,N,,,N,,N,,,,N,0,No Hit
SCR002246,C00867,2025-08-24,Ongoing Rescreen,LexisNexis Bridger,N,,,N,,N,,,,N,0,No Hit
SCR002247,C00868,2025-03-12,Initial,World-Check,N,,,N,,N,,,,N,0,No Hit
SCR002248,C00868,2025-09-08,Ongoing Rescreen,Dow Jones Risk,N,,,N,,N,,,,N,0,No Hit
SCR002249,C00869,2025-10-21,Initial,World-Check,N,,,N,,N,,,,N,0,No Hit
SCR002250,C00870,2024-06-23,Initial,World-Check,N,,,N,,N,,,,N,0,No Hit
SCR002251,C00870,2024-12-20,Ongoing Rescreen,LexisNexis Bridger,N,,,N,,N,,,,N,0,No Hit
SCR002252,C00870,2025-06-18,Ongoing Rescreen,LexisNexis Bridger,N,,,N,,N,,,,N,0,No Hit
SCR002253,C00870,2025-12-15,Ongoing Rescreen,World-Check,N,,,N,,N,,,,N,0,No Hit
SCR002254,C00871,2024-03-03,Initial,Dow Jones Risk,N,,,N,,N,,,,N,0,No Hit
SCR002255,C00871,2024-08-30,Ongoing Rescreen,LexisNexis Bridger,N,,,N,,N,,,,N,0,No Hit
SCR002256,C00871,2025-02-26,Ongoing Rescreen,World-Check,N,,,N,,N,,,,N,0,No Hit
SCR002257,C00871,2025-08-25,Ongoing Rescreen,LexisNexis Bridger,N,,,N,,N,,,,N,0,No Hit
SCR002258,C00872,2024-10-21,Initial,World-Check,N,,,N,,N,,,,N,0,No Hit
SCR002259,C00872,2025-04-19,Ongoing Rescreen,Dow Jones Risk,N,,,N,,N,,,,N,0,No Hit
SCR002260,C00872,2025-10-16,Ongoing Rescreen,Dow Jones Risk,N,,,N,,N,,,,N,0,No Hit
SCR002261,C00873,2025-02-13,Initial,LexisNexis Bridger,N,,,N,,N,,,,N,0,No Hit
SCR002262,C00873,2025-08-12,Ongoing Rescreen,LexisNexis Bridger,N,,,N,,N,,,,N,0,No Hit
SCR002263,C00874,2025-03-31,Initial,Dow Jones Risk,N,,,N,,N,,,,N,0,No Hit
SCR002264,C00874,2025-09-27,Ongoing Rescreen,LexisNexis Bridger,N,,,N,,N,,,,N,0,No Hit
SCR002265,C00875,2024-03-23,Initial,World-Check,N,,,N,,N,,,,N,0,No Hit
SCR002266,C00875,2024-09-19,Ongoing Rescreen,Dow Jones Risk,N,,,N,,N,,,,N,0,No Hit
SCR002267,C00875,2025-03-18,Ongoing Rescreen,Dow Jones Risk,Y,OFAC SDN,N,N,,N,,,,Y,2,Cleared - False Positive
SCR002268,C00875,2025-09-14,Ongoing Rescreen,World-Check,N,,,N,,N,,,,N,0,No Hit
SCR002269,C00876,2025-04-24,Initial,LexisNexis Bridger,N,,,N,,N,,,,N,0,No Hit
SCR002270,C00876,2025-10-21,Ongoing Rescreen,Dow Jones Risk,N,,,N,,N,,,,N,0,No Hit
SCR002271,C00877,2024-09-07,Initial,World-Check,N,,,N,,N,,,,N,0,No Hit
SCR002272,C00877,2025-03-06,Ongoing Rescreen,LexisNexis Bridger,N,,,N,,N,,,,N,0,No Hit
SCR002273,C00877,2025-09-02,Ongoing Rescreen,Dow Jones Risk,N,,,N,,N,,,,N,0,No Hit
SCR002274,C00878,2024-01-23,Initial,Dow Jones Risk,N,,,N,,N,,,,N,0,No Hit
SCR002275,C00878,2024-07-21,Ongoing Rescreen,Dow Jones Risk,N,,,N,,N,,,,N,0,No Hit
SCR002276,C00878,2025-01-17,Ongoing Rescreen,Dow Jones Risk,N,,,N,,N,,,,N,0,No Hit
SCR002277,C00878,2025-07-16,Ongoing Rescreen,LexisNexis Bridger,N,,,N,,N,,,,N,0,No Hit
SCR002278,C00879,2025-11-05,Initial,World-Check,N,,,N,,N,,,,N,0,No Hit
SCR002279,C00880,2025-01-26,Initial,LexisNexis Bridger,N,,,N,,N,,,,N,0,No Hit
SCR002280,C00880,2025-07-25,Ongoing Rescreen,Dow Jones Risk,N,,,N,,N,,,,N,0,No Hit
SCR002281,C00881,2024-08-11,Initial,Dow Jones Risk,N,,,N,,N,,,,N,0,No Hit
SCR002282,C00881,2025-02-07,Ongoing Rescreen,Dow Jones Risk,N,,,N,,N,,,,N,0,No Hit
SCR002283,C00881,2025-08-06,Ongoing Rescreen,LexisNexis Bridger,N,,,N,,N,,,,N,0,No Hit
SCR002284,C00882,2025-08-19,Initial,World-Check,N,,,N,,N,,,,N,0,No Hit
SCR002285,C00883,2025-08-05,Initial,Dow Jones Risk,N,,,N,,N,,,,N,0,No Hit
SCR002286,C00884,2024-05-30,Initial,Dow Jones Risk,N,,,N,,N,,,,N,0,No Hit
SCR002287,C00884,2024-11-26,Ongoing Rescreen,LexisNexis Bridger,N,,,N,,N,,,,N,0,No Hit
SCR002288,C00884,2025-05-25,Ongoing Rescreen,LexisNexis Bridger,N,,,N,,N,,,,N,0,No Hit
SCR002289,C00884,2025-11-21,Ongoing Rescreen,LexisNexis Bridger,N,,,N,,N,,,,N,0,No Hit
SCR002290,C00885,2025-12-03,Initial,World-Check,N,,,N,,N,,,,N,0,No Hit
SCR002291,C00886,2025-01-23,Initial,World-Check,N,,,N,,N,,,,Y,0,No Hit
SCR002292,C00886,2025-07-22,Ongoing Rescreen,LexisNexis Bridger,N,,,N,,N,,,,Y,0,No Hit
SCR002293,C00887,2024-07-10,Initial,Dow Jones Risk,N,,,N,,N,,,,N,0,No Hit
SCR002294,C00887,2025-01-06,Ongoing Rescreen,World-Check,N,,,N,,N,,,,N,0,No Hit
SCR002295,C00887,2025-07-05,Ongoing Rescreen,World-Check,N,,,N,,N,,,,N,0,No Hit
SCR002296,C00888,2024-11-23,Initial,World-Check,N,,,N,,N,,,,N,0,No Hit
SCR002297,C00888,2025-05-22,Ongoing Rescreen,World-Check,N,,,N,,N,,,,N,0,No Hit
SCR002298,C00888,2025-11-18,Ongoing Rescreen,Dow Jones Risk,N,,,N,,N,,,,N,0,No Hit
SCR002299,C00889,2024-05-17,Initial,LexisNexis Bridger,N,,,N,,N,,,,N,0,No Hit
SCR002300,C00889,2024-11-13,Ongoing Rescreen,LexisNexis Bridger,N,,,N,,N,,,,N,0,No Hit
SCR002301,C00889,2025-05-12,Ongoing Rescreen,World-Check,N,,,N,,N,,,,N,0,No Hit
SCR002302,C00889,2025-11-08,Ongoing Rescreen,Dow Jones Risk,N,,,N,,N,,,,N,0,No Hit
SCR002303,C00890,2025-09-13,Initial,World-Check,N,,,N,,N,,,,N,0,No Hit
SCR002304,C00891,2024-07-15,Initial,Dow Jones Risk,N,,,N,,N,,,,N,0,No Hit
SCR002305,C00891,2025-01-11,Ongoing Rescreen,World-Check,N,,,N,,N,,,,N,0,No Hit
SCR002306,C00891,2025-07-10,Ongoing Rescreen,World-Check,N,,,N,,N,,,,N,0,No Hit
SCR002307,C00892,2024-11-16,Initial,World-Check,N,,,N,,N,,,,N,0,No Hit
SCR002308,C00892,2025-05-15,Ongoing Rescreen,World-Check,N,,,N,,N,,,,N,0,No Hit
SCR002309,C00892,2025-11-11,Ongoing Rescreen,World-Check,N,,,N,,N,,,,N,0,No Hit
SCR002310,C00893,2024-02-20,Initial,World-Check,N,,,N,,N,,,,N,0,No Hit
SCR002311,C00893,2024-08-18,Ongoing Rescreen,LexisNexis Bridger,N,,,N,,N,,,,N,0,No Hit
SCR002312,C00893,2025-02-14,Ongoing Rescreen,LexisNexis Bridger,Y,UN Consolidated,N,N,,N,,,,Y,3,Cleared - False Positive
SCR002313,C00893,2025-08-13,Ongoing Rescreen,Dow Jones Risk,N,,,N,,N,,,,N,0,No Hit
SCR002314,C00894,2025-11-20,Initial,World-Check,N,,,N,,N,,,,N,0,No Hit
SCR002315,C00895,2024-08-09,Initial,LexisNexis Bridger,N,,,N,,N,,,,N,0,No Hit
SCR002316,C00895,2025-02-05,Ongoing Rescreen,Dow Jones Risk,N,,,N,,N,,,,N,0,No Hit
SCR002317,C00895,2025-08-04,Ongoing Rescreen,World-Check,N,,,N,,N,,,,N,0,No Hit
SCR002318,C00896,2025-04-21,Initial,Dow Jones Risk,N,,,N,,N,,,,N,0,No Hit
SCR002319,C00896,2025-10-18,Ongoing Rescreen,Dow Jones Risk,N,,,N,,N,,,,N,0,No Hit
SCR002320,C00897,2024-09-15,Initial,World-Check,Y,UK HMT/OFSI,N,Y,Foreign PEP,Y,Bribery & Corruption,Regulator Notice,Y,Y,4,Escalate to EDD
SCR002321,C00897,2025-03-14,Ongoing Rescreen,World-Check,N,,,Y,Close Associate,N,,,,Y,5,Cleared - False Positive
SCR002322,C00897,2025-09-10,Ongoing Rescreen,LexisNexis Bridger,N,,,Y,Family Member,N,,,,Y,7,Cleared - False Positive
SCR002323,C00898,2025-02-14,Initial,Dow Jones Risk,N,,,N,,N,,,,N,0,No Hit
SCR002324,C00898,2025-08-13,Ongoing Rescreen,LexisNexis Bridger,N,,,N,,N,,,,N,0,No Hit
SCR002325,C00899,2025-02-13,Initial,World-Check,N,,,N,,N,,,,N,0,No Hit
SCR002326,C00899,2025-08-12,Ongoing Rescreen,LexisNexis Bridger,N,,,N,,N,,,,N,0,No Hit
SCR002327,C00900,2024-08-01,Initial,Dow Jones Risk,N,,,N,,N,,,,N,0,No Hit
SCR002328,C00900,2025-01-28,Ongoing Rescreen,LexisNexis Bridger,N,,,N,,N,,,,N,0,No Hit
SCR002329,C00900,2025-07-27,Ongoing Rescreen,Dow Jones Risk,N,,,N,,N,,,,N,0,No Hit
SCR002330,C00901,2024-11-11,Initial,Dow Jones Risk,N,,,N,,N,,,,N,0,No Hit
SCR002331,C00901,2025-05-10,Ongoing Rescreen,LexisNexis Bridger,N,,,N,,N,,,,N,0,No Hit
SCR002332,C00901,2025-11-06,Ongoing Rescreen,LexisNexis Bridger,N,,,N,,N,,,,N,0,No Hit
SCR002333,C00902,2025-03-12,Initial,Dow Jones Risk,N,,,N,,N,,,,N,0,No Hit
SCR002334,C00902,2025-09-08,Ongoing Rescreen,LexisNexis Bridger,N,,,N,,N,,,,N,0,No Hit
SCR002335,C00903,2024-06-07,Initial,World-Check,N,,,N,,N,,,,N,0,No Hit
SCR002336,C00903,2024-12-04,Ongoing Rescreen,World-Check,N,,,N,,N,,,,N,0,No Hit
SCR002337,C00903,2025-06-02,Ongoing Rescreen,LexisNexis Bridger,N,,,N,,N,,,,N,0,No Hit
SCR002338,C00903,2025-11-29,Ongoing Rescreen,Dow Jones Risk,N,,,N,,N,,,,N,0,No Hit
SCR002339,C00904,2024-04-05,Initial,World-Check,N,,,N,,Y,Regulatory Fine,National News,N,Y,2,Cleared - False Positive
SCR002340,C00904,2024-10-02,Ongoing Rescreen,LexisNexis Bridger,N,,,N,,N,,,,N,0,No Hit
SCR002341,C00904,2025-03-31,Ongoing Rescreen,Dow Jones Risk,N,,,N,,N,,,,N,0,No Hit
SCR002342,C00904,2025-09-27,Ongoing Rescreen,World-Check,N,,,N,,N,,,,N,0,No Hit
SCR002343,C00905,2024-05-10,Initial,LexisNexis Bridger,N,,,N,,N,,,,N,0,No Hit
SCR002344,C00905,2024-11-06,Ongoing Rescreen,World-Check,N,,,N,,N,,,,N,0,No Hit
SCR002345,C00905,2025-05-05,Ongoing Rescreen,Dow Jones Risk,N,,,N,,N,,,,N,0,No Hit
SCR002346,C00905,2025-11-01,Ongoing Rescreen,World-Check,N,,,N,,N,,,,N,0,No Hit
SCR002347,C00906,2024-10-31,Initial,Dow Jones Risk,N,,,N,,N,,,,N,0,No Hit
SCR002348,C00906,2025-04-29,Ongoing Rescreen,World-Check,N,,,N,,N,,,,N,0,No Hit
SCR002349,C00906,2025-10-26,Ongoing Rescreen,Dow Jones Risk,N,,,N,,N,,,,N,0,No Hit
SCR002350,C00907,2024-06-05,Initial,World-Check,N,,,N,,Y,Fraud,Online Blog,Y,Y,13,Escalate to EDD
SCR002351,C00907,2024-12-02,Ongoing Rescreen,World-Check,N,,,N,,N,,,,Y,0,No Hit
SCR002352,C00907,2025-05-31,Ongoing Rescreen,World-Check,N,,,N,,N,,,,Y,0,No Hit
SCR002353,C00907,2025-11-27,Ongoing Rescreen,Dow Jones Risk,N,,,N,,N,,,,Y,0,No Hit
SCR002354,C00908,2024-07-26,Initial,World-Check,N,,,N,,N,,,,N,0,No Hit
SCR002355,C00908,2025-01-22,Ongoing Rescreen,World-Check,N,,,N,,N,,,,N,0,No Hit
SCR002356,C00908,2025-07-21,Ongoing Rescreen,World-Check,N,,,N,,N,,,,N,0,No Hit
SCR002357,C00909,2025-05-16,Initial,LexisNexis Bridger,N,,,N,,N,,,,N,0,No Hit
SCR002358,C00909,2025-11-12,Ongoing Rescreen,World-Check,N,,,N,,N,,,,N,0,No Hit
SCR002359,C00910,2025-05-04,Initial,Dow Jones Risk,N,,,N,,N,,,,N,0,No Hit
SCR002360,C00910,2025-10-31,Ongoing Rescreen,World-Check,N,,,N,,N,,,,N,0,No Hit
SCR002361,C00911,2025-11-20,Initial,World-Check,N,,,N,,N,,,,N,0,No Hit
SCR002362,C00912,2025-07-12,Initial,LexisNexis Bridger,N,,,N,,N,,,,N,0,No Hit
SCR002363,C00913,2024-11-06,Initial,World-Check,N,,,N,,N,,,,N,0,No Hit
SCR002364,C00913,2025-05-05,Ongoing Rescreen,LexisNexis Bridger,N,,,N,,N,,,,N,0,No Hit
SCR002365,C00913,2025-11-01,Ongoing Rescreen,Dow Jones Risk,N,,,N,,N,,,,N,0,No Hit
SCR002366,C00914,2025-11-09,Initial,Dow Jones Risk,N,,,N,,N,,,,N,0,No Hit
SCR002367,C00915,2025-11-04,Initial,Dow Jones Risk,N,,,N,,N,,,,N,0,No Hit
SCR002368,C00916,2024-06-11,Initial,Dow Jones Risk,N,,,N,,N,,,,N,0,No Hit
SCR002369,C00916,2024-12-08,Ongoing Rescreen,World-Check,N,,,N,,N,,,,N,0,No Hit
SCR002370,C00916,2025-06-06,Ongoing Rescreen,LexisNexis Bridger,N,,,N,,N,,,,N,0,No Hit
SCR002371,C00916,2025-12-03,Ongoing Rescreen,World-Check,N,,,N,,N,,,,N,0,No Hit
SCR002372,C00917,2024-05-05,Initial,World-Check,N,,,N,,N,,,,N,0,No Hit
SCR002373,C00917,2024-11-01,Ongoing Rescreen,LexisNexis Bridger,N,,,N,,N,,,,N,0,No Hit
SCR002374,C00917,2025-04-30,Ongoing Rescreen,LexisNexis Bridger,N,,,N,,N,,,,N,0,No Hit
SCR002375,C00917,2025-10-27,Ongoing Rescreen,LexisNexis Bridger,N,,,N,,N,,,,N,0,No Hit
SCR002376,C00918,2025-10-08,Initial,World-Check,N,,,N,,N,,,,Y,0,No Hit
SCR002377,C00919,2025-10-12,Initial,World-Check,N,,,N,,N,,,,N,0,No Hit
SCR002378,C00920,2025-09-10,Initial,LexisNexis Bridger,N,,,N,,N,,,,N,0,No Hit
SCR002379,C00921,2024-12-02,Initial,World-Check,N,,,N,,N,,,,N,0,No Hit
SCR002380,C00921,2025-05-31,Ongoing Rescreen,LexisNexis Bridger,N,,,N,,N,,,,N,0,No Hit
SCR002381,C00921,2025-11-27,Ongoing Rescreen,LexisNexis Bridger,N,,,N,,N,,,,N,0,No Hit
SCR002382,C00922,2025-09-22,Initial,Dow Jones Risk,N,,,N,,N,,,,N,0,No Hit
SCR002383,C00923,2025-07-16,Initial,LexisNexis Bridger,N,,,N,,N,,,,N,0,No Hit
SCR002384,C00924,2025-06-25,Initial,World-Check,Y,EU Consolidated,N,N,,N,,,,Y,6,Cleared - False Positive
SCR002385,C00924,2025-12-22,Ongoing Rescreen,Dow Jones Risk,N,,,N,,N,,,,N,0,No Hit
SCR002386,C00925,2025-03-16,Initial,World-Check,N,,,Y,Family Member,N,,,,Y,3,Cleared - False Positive
SCR002387,C00925,2025-09-12,Ongoing Rescreen,World-Check,N,,,Y,Foreign PEP,N,,,,Y,1,Cleared - False Positive
SCR002388,C00926,2024-07-14,Initial,World-Check,N,,,N,,N,,,,N,0,No Hit
SCR002389,C00926,2025-01-10,Ongoing Rescreen,World-Check,N,,,N,,N,,,,N,0,No Hit
SCR002390,C00926,2025-07-09,Ongoing Rescreen,Dow Jones Risk,N,,,N,,N,,,,N,0,No Hit
SCR002391,C00927,2025-06-30,Initial,World-Check,N,,,N,,N,,,,N,0,No Hit
SCR002392,C00927,2025-12-27,Ongoing Rescreen,World-Check,N,,,N,,N,,,,N,0,No Hit
SCR002393,C00928,2025-10-03,Initial,Dow Jones Risk,N,,,N,,N,,,,N,0,No Hit
SCR002394,C00929,2025-10-08,Initial,LexisNexis Bridger,N,,,N,,N,,,,N,0,No Hit
SCR002395,C00930,2025-03-14,Initial,LexisNexis Bridger,N,,,N,,N,,,,N,0,No Hit
SCR002396,C00930,2025-09-10,Ongoing Rescreen,LexisNexis Bridger,N,,,N,,N,,,,N,0,No Hit
SCR002397,C00931,2024-01-29,Initial,Dow Jones Risk,N,,,N,,N,,,,N,0,No Hit
SCR002398,C00931,2024-07-27,Ongoing Rescreen,World-Check,N,,,N,,N,,,,N,0,No Hit
SCR002399,C00931,2025-01-23,Ongoing Rescreen,Dow Jones Risk,N,,,N,,N,,,,N,0,No Hit
SCR002400,C00931,2025-07-22,Ongoing Rescreen,Dow Jones Risk,N,,,N,,N,,,,N,0,No Hit
SCR002401,C00932,2025-06-25,Initial,World-Check,N,,,N,,N,,,,N,0,No Hit
SCR002402,C00932,2025-12-22,Ongoing Rescreen,World-Check,N,,,N,,N,,,,N,0,No Hit
SCR002403,C00933,2024-07-04,Initial,LexisNexis Bridger,N,,,N,,N,,,,N,0,No Hit
SCR002404,C00933,2024-12-31,Ongoing Rescreen,LexisNexis Bridger,N,,,N,,N,,,,N,0,No Hit
SCR002405,C00933,2025-06-29,Ongoing Rescreen,LexisNexis Bridger,N,,,N,,N,,,,N,0,No Hit
SCR002406,C00933,2025-12-26,Ongoing Rescreen,Dow Jones Risk,N,,,N,,N,,,,N,0,No Hit
SCR002407,C00934,2024-05-30,Initial,Dow Jones Risk,N,,,N,,N,,,,N,0,No Hit
SCR002408,C00934,2024-11-26,Ongoing Rescreen,Dow Jones Risk,Y,UK HMT/OFSI,N,N,,N,,,,Y,6,Cleared - False Positive
SCR002409,C00934,2025-05-25,Ongoing Rescreen,Dow Jones Risk,N,,,N,,N,,,,N,0,No Hit
SCR002410,C00934,2025-11-21,Ongoing Rescreen,World-Check,N,,,N,,N,,,,N,0,No Hit
SCR002411,C00935,2024-02-27,Initial,Dow Jones Risk,N,,,N,,N,,,,N,0,No Hit
SCR002412,C00935,2024-08-25,Ongoing Rescreen,Dow Jones Risk,N,,,N,,N,,,,N,0,No Hit
SCR002413,C00935,2025-02-21,Ongoing Rescreen,World-Check,N,,,N,,N,,,,N,0,No Hit
SCR002414,C00935,2025-08-20,Ongoing Rescreen,LexisNexis Bridger,N,,,N,,N,,,,N,0,No Hit
SCR002415,C00936,2024-04-25,Initial,Dow Jones Risk,N,,,N,,N,,,,N,0,No Hit
SCR002416,C00936,2024-10-22,Ongoing Rescreen,LexisNexis Bridger,N,,,N,,N,,,,N,0,No Hit
SCR002417,C00936,2025-04-20,Ongoing Rescreen,World-Check,N,,,N,,N,,,,N,0,No Hit
SCR002418,C00936,2025-10-17,Ongoing Rescreen,Dow Jones Risk,N,,,N,,N,,,,N,0,No Hit
SCR002419,C00937,2024-12-24,Initial,LexisNexis Bridger,N,,,N,,N,,,,N,0,No Hit
SCR002420,C00937,2025-06-22,Ongoing Rescreen,LexisNexis Bridger,N,,,N,,N,,,,N,0,No Hit
SCR002421,C00937,2025-12-19,Ongoing Rescreen,LexisNexis Bridger,N,,,N,,N,,,,N,0,No Hit
SCR002422,C00938,2024-07-21,Initial,LexisNexis Bridger,N,,,N,,N,,,,N,0,No Hit
SCR002423,C00938,2025-01-17,Ongoing Rescreen,Dow Jones Risk,N,,,N,,N,,,,N,0,No Hit
SCR002424,C00938,2025-07-16,Ongoing Rescreen,LexisNexis Bridger,N,,,N,,N,,,,N,0,No Hit
SCR002425,C00939,2024-10-06,Initial,Dow Jones Risk,N,,,N,,N,,,,N,0,No Hit
SCR002426,C00939,2025-04-04,Ongoing Rescreen,LexisNexis Bridger,N,,,N,,N,,,,N,0,No Hit
SCR002427,C00939,2025-10-01,Ongoing Rescreen,World-Check,N,,,N,,N,,,,N,0,No Hit
SCR002428,C00940,2025-01-08,Initial,LexisNexis Bridger,N,,,N,,N,,,,N,0,No Hit
SCR002429,C00940,2025-07-07,Ongoing Rescreen,LexisNexis Bridger,N,,,N,,N,,,,N,0,No Hit
SCR002430,C00941,2025-01-20,Initial,Dow Jones Risk,N,,,N,,N,,,,N,0,No Hit
SCR002431,C00941,2025-07-19,Ongoing Rescreen,World-Check,N,,,N,,N,,,,N,0,No Hit
SCR002432,C00942,2024-10-31,Initial,LexisNexis Bridger,N,,,N,,N,,,,N,0,No Hit
SCR002433,C00942,2025-04-29,Ongoing Rescreen,World-Check,N,,,N,,N,,,,N,0,No Hit
SCR002434,C00942,2025-10-26,Ongoing Rescreen,Dow Jones Risk,N,,,N,,Y,Fraud,Online Blog,N,Y,3,Cleared - False Positive
SCR002435,C00943,2024-11-27,Initial,LexisNexis Bridger,N,,,N,,N,,,,N,0,No Hit
SCR002436,C00943,2025-05-26,Ongoing Rescreen,LexisNexis Bridger,N,,,N,,N,,,,N,0,No Hit
SCR002437,C00943,2025-11-22,Ongoing Rescreen,LexisNexis Bridger,N,,,N,,N,,,,N,0,No Hit
SCR002438,C00944,2025-10-10,Initial,Dow Jones Risk,N,,,N,,N,,,,N,0,No Hit
SCR002439,C00945,2024-07-25,Initial,Dow Jones Risk,N,,,N,,N,,,,N,0,No Hit
SCR002440,C00945,2025-01-21,Ongoing Rescreen,World-Check,N,,,N,,N,,,,N,0,No Hit
SCR002441,C00945,2025-07-20,Ongoing Rescreen,Dow Jones Risk,N,,,N,,N,,,,N,0,No Hit
SCR002442,C00946,2024-01-10,Initial,Dow Jones Risk,N,,,N,,N,,,,N,0,No Hit
SCR002443,C00946,2024-07-08,Ongoing Rescreen,Dow Jones Risk,N,,,N,,N,,,,N,0,No Hit
SCR002444,C00946,2025-01-04,Ongoing Rescreen,Dow Jones Risk,N,,,N,,N,,,,N,0,No Hit
SCR002445,C00946,2025-07-03,Ongoing Rescreen,Dow Jones Risk,N,,,N,,N,,,,N,0,No Hit
SCR002446,C00946,2025-12-30,Ongoing Rescreen,Dow Jones Risk,N,,,N,,N,,,,N,0,No Hit
SCR002447,C00947,2025-08-07,Initial,LexisNexis Bridger,N,,,N,,N,,,,N,0,No Hit
SCR002448,C00948,2024-02-28,Initial,Dow Jones Risk,N,,,N,,N,,,,N,0,No Hit
SCR002449,C00948,2024-08-26,Ongoing Rescreen,LexisNexis Bridger,N,,,N,,N,,,,N,0,No Hit
SCR002450,C00948,2025-02-22,Ongoing Rescreen,Dow Jones Risk,N,,,N,,N,,,,N,0,No Hit
SCR002451,C00948,2025-08-21,Ongoing Rescreen,World-Check,N,,,N,,N,,,,N,0,No Hit
SCR002452,C00949,2025-07-20,Initial,LexisNexis Bridger,N,,,N,,Y,Organised Crime,National News,Y,Y,12,Escalate to EDD
SCR002453,C00950,2024-08-25,Initial,Dow Jones Risk,N,,,N,,Y,Organised Crime,Court Records,N,Y,7,Cleared - False Positive
SCR002454,C00950,2025-02-21,Ongoing Rescreen,LexisNexis Bridger,N,,,N,,N,,,,N,0,No Hit
SCR002455,C00950,2025-08-20,Ongoing Rescreen,LexisNexis Bridger,N,,,N,,N,,,,N,0,No Hit
SCR002456,C00951,2025-09-07,Initial,Dow Jones Risk,N,,,N,,N,,,,N,0,No Hit
SCR002457,C00952,2024-05-02,Initial,LexisNexis Bridger,N,,,N,,N,,,,N,0,No Hit
SCR002458,C00952,2024-10-29,Ongoing Rescreen,Dow Jones Risk,N,,,N,,Y,Organised Crime,National News,N,Y,6,Cleared - False Positive
SCR002459,C00952,2025-04-27,Ongoing Rescreen,World-Check,N,,,N,,N,,,,N,0,No Hit
SCR002460,C00952,2025-10-24,Ongoing Rescreen,LexisNexis Bridger,N,,,N,,N,,,,N,0,No Hit
SCR002461,C00953,2024-04-30,Initial,LexisNexis Bridger,N,,,N,,N,,,,N,0,No Hit
SCR002462,C00953,2024-10-27,Ongoing Rescreen,LexisNexis Bridger,N,,,N,,N,,,,N,0,No Hit
SCR002463,C00953,2025-04-25,Ongoing Rescreen,World-Check,N,,,N,,N,,,,N,0,No Hit
SCR002464,C00953,2025-10-22,Ongoing Rescreen,LexisNexis Bridger,N,,,N,,N,,,,N,0,No Hit
SCR002465,C00954,2024-10-24,Initial,Dow Jones Risk,N,,,N,,N,,,,N,0,No Hit
SCR002466,C00954,2025-04-22,Ongoing Rescreen,Dow Jones Risk,N,,,N,,N,,,,N,0,No Hit
SCR002467,C00954,2025-10-19,Ongoing Rescreen,World-Check,N,,,N,,N,,,,N,0,No Hit
SCR002468,C00955,2024-11-02,Initial,World-Check,N,,,N,,N,,,,N,0,No Hit
SCR002469,C00955,2025-05-01,Ongoing Rescreen,World-Check,N,,,N,,N,,,,N,0,No Hit
SCR002470,C00955,2025-10-28,Ongoing Rescreen,World-Check,N,,,N,,N,,,,N,0,No Hit
SCR002471,C00956,2025-06-08,Initial,LexisNexis Bridger,N,,,N,,N,,,,N,0,No Hit
SCR002472,C00956,2025-12-05,Ongoing Rescreen,World-Check,N,,,N,,N,,,,N,0,No Hit
SCR002473,C00957,2025-04-18,Initial,Dow Jones Risk,N,,,N,,N,,,,N,0,No Hit
SCR002474,C00957,2025-10-15,Ongoing Rescreen,World-Check,N,,,N,,N,,,,N,0,No Hit
SCR002475,C00958,2025-12-27,Initial,World-Check,N,,,N,,N,,,,N,0,No Hit
SCR002476,C00959,2025-05-10,Initial,LexisNexis Bridger,N,,,N,,N,,,,N,0,No Hit
SCR002477,C00959,2025-11-06,Ongoing Rescreen,LexisNexis Bridger,N,,,N,,N,,,,N,0,No Hit
SCR002478,C00960,2024-05-27,Initial,World-Check,N,,,N,,N,,,,N,0,No Hit
SCR002479,C00960,2024-11-23,Ongoing Rescreen,Dow Jones Risk,Y,UN Consolidated,N,N,,N,,,,Y,4,Cleared - False Positive
SCR002480,C00960,2025-05-22,Ongoing Rescreen,LexisNexis Bridger,N,,,N,,N,,,,N,0,No Hit
SCR002481,C00960,2025-11-18,Ongoing Rescreen,World-Check,N,,,N,,N,,,,N,0,No Hit
SCR002482,C00961,2024-03-05,Initial,World-Check,N,,,N,,N,,,,N,0,No Hit
SCR002483,C00961,2024-09-01,Ongoing Rescreen,Dow Jones Risk,N,,,N,,N,,,,N,0,No Hit
SCR002484,C00961,2025-02-28,Ongoing Rescreen,LexisNexis Bridger,N,,,N,,N,,,,N,0,No Hit
SCR002485,C00961,2025-08-27,Ongoing Rescreen,World-Check,N,,,N,,N,,,,N,0,No Hit
SCR002486,C00962,2024-07-13,Initial,Dow Jones Risk,N,,,N,,N,,,,N,0,No Hit
SCR002487,C00962,2025-01-09,Ongoing Rescreen,LexisNexis Bridger,N,,,N,,N,,,,N,0,No Hit
SCR002488,C00962,2025-07-08,Ongoing Rescreen,World-Check,N,,,N,,N,,,,N,0,No Hit
SCR002489,C00963,2025-12-19,Initial,LexisNexis Bridger,N,,,N,,N,,,,N,0,No Hit
SCR002490,C00964,2025-07-15,Initial,Dow Jones Risk,N,,,N,,N,,,,N,0,No Hit
SCR002491,C00965,2025-06-25,Initial,Dow Jones Risk,N,,,N,,N,,,,N,0,No Hit
SCR002492,C00965,2025-12-22,Ongoing Rescreen,World-Check,N,,,N,,N,,,,N,0,No Hit
SCR002493,C00966,2024-07-17,Initial,World-Check,N,,,N,,N,,,,N,0,No Hit
SCR002494,C00966,2025-01-13,Ongoing Rescreen,LexisNexis Bridger,N,,,N,,N,,,,N,0,No Hit
SCR002495,C00966,2025-07-12,Ongoing Rescreen,Dow Jones Risk,N,,,N,,N,,,,N,0,No Hit
SCR002496,C00967,2024-12-08,Initial,World-Check,N,,,N,,N,,,,N,0,No Hit
SCR002497,C00967,2025-06-06,Ongoing Rescreen,LexisNexis Bridger,N,,,N,,N,,,,N,0,No Hit
SCR002498,C00967,2025-12-03,Ongoing Rescreen,World-Check,N,,,N,,N,,,,N,0,No Hit
SCR002499,C00968,2025-05-29,Initial,World-Check,N,,,N,,N,,,,N,0,No Hit
SCR002500,C00968,2025-11-25,Ongoing Rescreen,LexisNexis Bridger,N,,,N,,N,,,,N,0,No Hit
SCR002501,C00969,2025-11-23,Initial,LexisNexis Bridger,N,,,N,,N,,,,N,0,No Hit
SCR002502,C00970,2025-03-02,Initial,Dow Jones Risk,N,,,Y,Domestic PEP,N,,,,Y,7,Cleared - False Positive
SCR002503,C00970,2025-08-29,Ongoing Rescreen,Dow Jones Risk,N,,,Y,Foreign PEP,N,,,,Y,3,Cleared - False Positive
SCR002504,C00971,2024-01-16,Initial,World-Check,N,,,N,,N,,,,N,0,No Hit
SCR002505,C00971,2024-07-14,Ongoing Rescreen,LexisNexis Bridger,N,,,N,,N,,,,N,0,No Hit
SCR002506,C00971,2025-01-10,Ongoing Rescreen,Dow Jones Risk,N,,,N,,N,,,,N,0,No Hit
SCR002507,C00971,2025-07-09,Ongoing Rescreen,LexisNexis Bridger,N,,,N,,N,,,,N,0,No Hit
SCR002508,C00972,2025-09-16,Initial,Dow Jones Risk,N,,,N,,N,,,,N,0,No Hit
SCR002509,C00973,2025-11-13,Initial,World-Check,N,,,N,,N,,,,N,0,No Hit
SCR002510,C00974,2024-01-25,Initial,World-Check,N,,,N,,N,,,,N,0,No Hit
SCR002511,C00974,2024-07-23,Ongoing Rescreen,LexisNexis Bridger,N,,,N,,N,,,,N,0,No Hit
SCR002512,C00974,2025-01-19,Ongoing Rescreen,LexisNexis Bridger,N,,,N,,N,,,,N,0,No Hit
SCR002513,C00974,2025-07-18,Ongoing Rescreen,Dow Jones Risk,N,,,N,,N,,,,N,0,No Hit
SCR002514,C00975,2024-10-13,Initial,Dow Jones Risk,N,,,N,,N,,,,Y,0,No Hit
SCR002515,C00975,2025-04-11,Ongoing Rescreen,Dow Jones Risk,N,,,N,,N,,,,Y,0,No Hit
SCR002516,C00975,2025-10-08,Ongoing Rescreen,World-Check,N,,,N,,N,,,,Y,0,No Hit
SCR002517,C00976,2025-12-17,Initial,World-Check,N,,,N,,N,,,,N,0,No Hit
SCR002518,C00977,2025-11-28,Initial,Dow Jones Risk,N,,,N,,N,,,,N,0,No Hit
SCR002519,C00978,2025-12-05,Initial,World-Check,N,,,N,,N,,,,N,0,No Hit
SCR002520,C00979,2025-12-14,Initial,Dow Jones Risk,N,,,N,,N,,,,N,0,No Hit
SCR002521,C00980,2024-01-17,Initial,World-Check,N,,,N,,N,,,,N,0,No Hit
SCR002522,C00980,2024-07-15,Ongoing Rescreen,World-Check,N,,,N,,N,,,,N,0,No Hit
SCR002523,C00980,2025-01-11,Ongoing Rescreen,Dow Jones Risk,N,,,N,,N,,,,N,0,No Hit
SCR002524,C00980,2025-07-10,Ongoing Rescreen,Dow Jones Risk,N,,,N,,N,,,,N,0,No Hit
SCR002525,C00981,2024-04-20,Initial,Dow Jones Risk,N,,,N,,N,,,,N,0,No Hit
SCR002526,C00981,2024-10-17,Ongoing Rescreen,LexisNexis Bridger,N,,,N,,N,,,,N,0,No Hit
SCR002527,C00981,2025-04-15,Ongoing Rescreen,LexisNexis Bridger,N,,,N,,N,,,,N,0,No Hit
SCR002528,C00981,2025-10-12,Ongoing Rescreen,LexisNexis Bridger,N,,,N,,N,,,,N,0,No Hit
SCR002529,C00982,2024-12-31,Initial,World-Check,N,,,N,,N,,,,N,0,No Hit
SCR002530,C00982,2025-06-29,Ongoing Rescreen,LexisNexis Bridger,N,,,N,,N,,,,N,0,No Hit
SCR002531,C00982,2025-12-26,Ongoing Rescreen,LexisNexis Bridger,N,,,N,,Y,Money Laundering,National News,N,Y,5,Cleared - False Positive
SCR002532,C00983,2025-03-16,Initial,World-Check,N,,,N,,N,,,,Y,0,No Hit
SCR002533,C00983,2025-09-12,Ongoing Rescreen,Dow Jones Risk,N,,,N,,N,,,,Y,0,No Hit
SCR002534,C00984,2024-10-20,Initial,LexisNexis Bridger,Y,OFAC SDN,N,N,,N,,,,Y,9,Cleared - False Positive
SCR002535,C00984,2025-04-18,Ongoing Rescreen,LexisNexis Bridger,N,,,N,,N,,,,Y,0,No Hit
SCR002536,C00984,2025-10-15,Ongoing Rescreen,World-Check,N,,,N,,N,,,,Y,0,No Hit
SCR002537,C00985,2024-07-14,Initial,World-Check,N,,,N,,N,,,,Y,0,No Hit
SCR002538,C00985,2025-01-10,Ongoing Rescreen,Dow Jones Risk,N,,,N,,N,,,,Y,0,No Hit
SCR002539,C00985,2025-07-09,Ongoing Rescreen,World-Check,N,,,N,,N,,,,Y,0,No Hit
SCR002540,C00986,2024-07-04,Initial,World-Check,N,,,N,,Y,Fraud,Regulator Notice,N,Y,13,Cleared - False Positive
SCR002541,C00986,2024-12-31,Ongoing Rescreen,LexisNexis Bridger,N,,,N,,N,,,,Y,0,No Hit
SCR002542,C00986,2025-06-29,Ongoing Rescreen,Dow Jones Risk,N,,,N,,N,,,,Y,0,No Hit
SCR002543,C00986,2025-12-26,Ongoing Rescreen,LexisNexis Bridger,N,,,N,,Y,Regulatory Fine,Online Blog,Y,Y,7,Escalate to EDD
SCR002544,C00987,2025-03-17,Initial,LexisNexis Bridger,N,,,N,,N,,,,N,0,No Hit
SCR002545,C00987,2025-09-13,Ongoing Rescreen,LexisNexis Bridger,N,,,N,,N,,,,N,0,No Hit
SCR002546,C00988,2025-12-15,Initial,World-Check,N,,,N,,N,,,,N,0,No Hit
SCR002547,C00989,2025-08-26,Initial,World-Check,N,,,N,,N,,,,N,0,No Hit
SCR002548,C00990,2024-05-07,Initial,Dow Jones Risk,N,,,N,,N,,,,N,0,No Hit
SCR002549,C00990,2024-11-03,Ongoing Rescreen,Dow Jones Risk,N,,,N,,N,,,,N,0,No Hit
SCR002550,C00990,2025-05-02,Ongoing Rescreen,World-Check,N,,,N,,N,,,,N,0,No Hit
SCR002551,C00990,2025-10-29,Ongoing Rescreen,LexisNexis Bridger,N,,,N,,N,,,,N,0,No Hit
SCR002552,C00991,2024-04-18,Initial,World-Check,N,,,N,,N,,,,N,0,No Hit
SCR002553,C00991,2024-10-15,Ongoing Rescreen,World-Check,N,,,N,,N,,,,N,0,No Hit
SCR002554,C00991,2025-04-13,Ongoing Rescreen,LexisNexis Bridger,N,,,N,,N,,,,N,0,No Hit
SCR002555,C00991,2025-10-10,Ongoing Rescreen,World-Check,N,,,N,,N,,,,N,0,No Hit
SCR002556,C00992,2024-07-11,Initial,Dow Jones Risk,N,,,N,,N,,,,N,0,No Hit
SCR002557,C00992,2025-01-07,Ongoing Rescreen,LexisNexis Bridger,N,,,N,,N,,,,N,0,No Hit
SCR002558,C00992,2025-07-06,Ongoing Rescreen,World-Check,N,,,N,,N,,,,N,0,No Hit
SCR002559,C00993,2025-06-19,Initial,LexisNexis Bridger,N,,,N,,N,,,,N,0,No Hit
SCR002560,C00993,2025-12-16,Ongoing Rescreen,Dow Jones Risk,N,,,N,,N,,,,N,0,No Hit
SCR002561,C00994,2024-01-07,Initial,LexisNexis Bridger,N,,,N,,N,,,,N,0,No Hit
SCR002562,C00994,2024-07-05,Ongoing Rescreen,Dow Jones Risk,N,,,N,,N,,,,N,0,No Hit
SCR002563,C00994,2025-01-01,Ongoing Rescreen,Dow Jones Risk,Y,EU Consolidated,N,N,,N,,,,Y,4,Cleared - False Positive
SCR002564,C00994,2025-06-30,Ongoing Rescreen,Dow Jones Risk,N,,,N,,N,,,,N,0,No Hit
SCR002565,C00994,2025-12-27,Ongoing Rescreen,World-Check,N,,,N,,N,,,,N,0,No Hit
SCR002566,C00995,2025-05-29,Initial,Dow Jones Risk,N,,,N,,N,,,,N,0,No Hit
SCR002567,C00995,2025-11-25,Ongoing Rescreen,Dow Jones Risk,N,,,N,,N,,,,N,0,No Hit
SCR002568,C00996,2025-02-28,Initial,World-Check,N,,,N,,N,,,,N,0,No Hit
SCR002569,C00996,2025-08-27,Ongoing Rescreen,LexisNexis Bridger,N,,,N,,N,,,,N,0,No Hit
SCR002570,C00997,2025-04-27,Initial,Dow Jones Risk,N,,,N,,N,,,,N,0,No Hit
SCR002571,C00997,2025-10-24,Ongoing Rescreen,Dow Jones Risk,N,,,N,,N,,,,N,0,No Hit
SCR002572,C00998,2025-09-21,Initial,Dow Jones Risk,N,,,N,,N,,,,Y,0,No Hit
SCR002573,C00999,2025-03-08,Initial,LexisNexis Bridger,N,,,N,,N,,,,N,0,No Hit
SCR002574,C00999,2025-09-04,Ongoing Rescreen,World-Check,N,,,N,,N,,,,N,0,No Hit
SCR002575,C01000,2025-03-30,Initial,World-Check,N,,,N,,N,,,,N,0,No Hit
SCR002576,C01000,2025-09-26,Ongoing Rescreen,Dow Jones Risk,N,,,N,,N,,,,N,0,No Hit
SCR002577,C01001,2024-12-17,Initial,World-Check,N,,,N,,N,,,,N,0,No Hit
SCR002578,C01001,2025-06-15,Ongoing Rescreen,LexisNexis Bridger,N,,,N,,N,,,,N,0,No Hit
SCR002579,C01001,2025-12-12,Ongoing Rescreen,Dow Jones Risk,N,,,N,,N,,,,N,0,No Hit
SCR002580,C01002,2025-04-21,Initial,LexisNexis Bridger,N,,,N,,N,,,,N,0,No Hit
SCR002581,C01002,2025-10-18,Ongoing Rescreen,World-Check,N,,,N,,N,,,,N,0,No Hit
SCR002582,C01003,2024-10-05,Initial,World-Check,N,,,N,,N,,,,N,0,No Hit
SCR002583,C01003,2025-04-03,Ongoing Rescreen,World-Check,N,,,N,,N,,,,N,0,No Hit
SCR002584,C01003,2025-09-30,Ongoing Rescreen,World-Check,N,,,N,,N,,,,N,0,No Hit
SCR002585,C01004,2024-02-18,Initial,World-Check,N,,,N,,N,,,,N,0,No Hit
SCR002586,C01004,2024-08-16,Ongoing Rescreen,LexisNexis Bridger,N,,,N,,Y,Fraud,Online Blog,N,Y,5,Cleared - False Positive
SCR002587,C01004,2025-02-12,Ongoing Rescreen,World-Check,N,,,N,,N,,,,N,0,No Hit
SCR002588,C01004,2025-08-11,Ongoing Rescreen,LexisNexis Bridger,N,,,N,,N,,,,N,0,No Hit
SCR002589,C01005,2024-01-19,Initial,World-Check,N,,,N,,N,,,,N,0,No Hit
SCR002590,C01005,2024-07-17,Ongoing Rescreen,Dow Jones Risk,N,,,N,,N,,,,N,0,No Hit
SCR002591,C01005,2025-01-13,Ongoing Rescreen,LexisNexis Bridger,N,,,N,,N,,,,N,0,No Hit
SCR002592,C01005,2025-07-12,Ongoing Rescreen,LexisNexis Bridger,N,,,N,,N,,,,N,0,No Hit
SCR002593,C01006,2025-06-06,Initial,LexisNexis Bridger,N,,,N,,N,,,,N,0,No Hit
SCR002594,C01006,2025-12-03,Ongoing Rescreen,LexisNexis Bridger,N,,,N,,N,,,,N,0,No Hit
SCR002595,C01007,2025-04-10,Initial,Dow Jones Risk,N,,,N,,N,,,,N,0,No Hit
SCR002596,C01007,2025-10-07,Ongoing Rescreen,World-Check,N,,,N,,N,,,,N,0,No Hit
SCR002597,C01008,2024-10-25,Initial,Dow Jones Risk,N,,,N,,N,,,,N,0,No Hit
SCR002598,C01008,2025-04-23,Ongoing Rescreen,LexisNexis Bridger,N,,,N,,N,,,,N,0,No Hit
SCR002599,C01008,2025-10-20,Ongoing Rescreen,World-Check,N,,,N,,N,,,,N,0,No Hit
SCR002600,C01009,2025-06-29,Initial,LexisNexis Bridger,N,,,N,,N,,,,N,0,No Hit
SCR002601,C01009,2025-12-26,Ongoing Rescreen,Dow Jones Risk,N,,,N,,N,,,,N,0,No Hit
SCR002602,C01010,2024-12-12,Initial,LexisNexis Bridger,N,,,N,,N,,,,N,0,No Hit
SCR002603,C01010,2025-06-10,Ongoing Rescreen,LexisNexis Bridger,N,,,N,,N,,,,N,0,No Hit
SCR002604,C01010,2025-12-07,Ongoing Rescreen,LexisNexis Bridger,N,,,N,,N,,,,N,0,No Hit
SCR002605,C01011,2024-07-05,Initial,World-Check,N,,,N,,N,,,,N,0,No Hit
SCR002606,C01011,2025-01-01,Ongoing Rescreen,LexisNexis Bridger,N,,,N,,N,,,,N,0,No Hit
SCR002607,C01011,2025-06-30,Ongoing Rescreen,LexisNexis Bridger,N,,,N,,N,,,,N,0,No Hit
SCR002608,C01011,2025-12-27,Ongoing Rescreen,Dow Jones Risk,N,,,N,,N,,,,N,0,No Hit
SCR002609,C01012,2025-03-03,Initial,LexisNexis Bridger,N,,,N,,N,,,,N,0,No Hit
SCR002610,C01012,2025-08-30,Ongoing Rescreen,World-Check,N,,,N,,N,,,,N,0,No Hit
SCR002611,C01013,2024-10-03,Initial,World-Check,N,,,N,,N,,,,N,0,No Hit
SCR002612,C01013,2025-04-01,Ongoing Rescreen,Dow Jones Risk,N,,,N,,N,,,,N,0,No Hit
SCR002613,C01013,2025-09-28,Ongoing Rescreen,Dow Jones Risk,N,,,N,,N,,,,N,0,No Hit
SCR002614,C01014,2025-12-13,Initial,LexisNexis Bridger,N,,,N,,N,,,,N,0,No Hit
SCR002615,C01015,2025-06-11,Initial,Dow Jones Risk,N,,,N,,N,,,,Y,0,No Hit
SCR002616,C01015,2025-12-08,Ongoing Rescreen,LexisNexis Bridger,N,,,N,,Y,Fraud,National News,N,Y,23,Cleared - False Positive
SCR002617,C01016,2025-06-30,Initial,LexisNexis Bridger,N,,,N,,N,,,,N,0,No Hit
SCR002618,C01016,2025-12-27,Ongoing Rescreen,Dow Jones Risk,N,,,N,,N,,,,N,0,No Hit
SCR002619,C01017,2025-05-17,Initial,World-Check,N,,,N,,N,,,,N,0,No Hit
SCR002620,C01017,2025-11-13,Ongoing Rescreen,World-Check,N,,,N,,N,,,,N,0,No Hit
SCR002621,C01018,2025-05-14,Initial,Dow Jones Risk,N,,,N,,N,,,,N,0,No Hit
SCR002622,C01018,2025-11-10,Ongoing Rescreen,World-Check,N,,,N,,N,,,,N,0,No Hit
SCR002623,C01019,2025-07-19,Initial,LexisNexis Bridger,N,,,N,,N,,,,N,0,No Hit
SCR002624,C01020,2024-11-11,Initial,World-Check,N,,,N,,N,,,,N,0,No Hit
SCR002625,C01020,2025-05-10,Ongoing Rescreen,Dow Jones Risk,N,,,N,,N,,,,N,0,No Hit
SCR002626,C01020,2025-11-06,Ongoing Rescreen,World-Check,N,,,N,,N,,,,N,0,No Hit
SCR002627,C01021,2025-08-23,Initial,LexisNexis Bridger,N,,,N,,N,,,,N,0,No Hit
SCR002628,C01022,2024-01-26,Initial,LexisNexis Bridger,N,,,N,,N,,,,N,0,No Hit
SCR002629,C01022,2024-07-24,Ongoing Rescreen,World-Check,N,,,N,,N,,,,N,0,No Hit
SCR002630,C01022,2025-01-20,Ongoing Rescreen,World-Check,N,,,N,,N,,,,N,0,No Hit
SCR002631,C01022,2025-07-19,Ongoing Rescreen,LexisNexis Bridger,N,,,N,,N,,,,N,0,No Hit
SCR002632,C01023,2025-05-02,Initial,World-Check,N,,,N,,N,,,,N,0,No Hit
SCR002633,C01023,2025-10-29,Ongoing Rescreen,LexisNexis Bridger,N,,,N,,N,,,,N,0,No Hit
SCR002634,C01024,2025-01-28,Initial,LexisNexis Bridger,N,,,N,,N,,,,N,0,No Hit
SCR002635,C01024,2025-07-27,Ongoing Rescreen,Dow Jones Risk,N,,,N,,N,,,,N,0,No Hit
SCR002636,C01025,2024-01-07,Initial,LexisNexis Bridger,N,,,N,,N,,,,N,0,No Hit
SCR002637,C01025,2024-07-05,Ongoing Rescreen,Dow Jones Risk,N,,,N,,N,,,,N,0,No Hit
SCR002638,C01025,2025-01-01,Ongoing Rescreen,Dow Jones Risk,N,,,N,,N,,,,N,0,No Hit
SCR002639,C01025,2025-06-30,Ongoing Rescreen,World-Check,N,,,N,,N,,,,N,0,No Hit
SCR002640,C01025,2025-12-27,Ongoing Rescreen,LexisNexis Bridger,N,,,N,,N,,,,N,0,No Hit
SCR002641,C01026,2025-04-28,Initial,World-Check,N,,,N,,N,,,,N,0,No Hit
SCR002642,C01026,2025-10-25,Ongoing Rescreen,LexisNexis Bridger,N,,,N,,N,,,,N,0,No Hit
SCR002643,C01027,2024-01-02,Initial,LexisNexis Bridger,N,,,N,,N,,,,N,0,No Hit
SCR002644,C01027,2024-06-30,Ongoing Rescreen,LexisNexis Bridger,N,,,N,,N,,,,N,0,No Hit
SCR002645,C01027,2024-12-27,Ongoing Rescreen,Dow Jones Risk,N,,,N,,N,,,,N,0,No Hit
SCR002646,C01027,2025-06-25,Ongoing Rescreen,World-Check,N,,,N,,N,,,,N,0,No Hit
SCR002647,C01027,2025-12-22,Ongoing Rescreen,Dow Jones Risk,N,,,N,,N,,,,N,0,No Hit
SCR002648,C01028,2025-05-29,Initial,LexisNexis Bridger,N,,,N,,N,,,,N,0,No Hit
SCR002649,C01028,2025-11-25,Ongoing Rescreen,Dow Jones Risk,N,,,Y,Close Associate,N,,,,Y,2,Cleared - False Positive
SCR002650,C01029,2025-01-18,Initial,World-Check,N,,,N,,N,,,,N,0,No Hit
SCR002651,C01029,2025-07-17,Ongoing Rescreen,LexisNexis Bridger,N,,,N,,N,,,,N,0,No Hit
SCR002652,C01030,2025-03-20,Initial,Dow Jones Risk,N,,,N,,N,,,,N,0,No Hit
SCR002653,C01030,2025-09-16,Ongoing Rescreen,LexisNexis Bridger,N,,,N,,N,,,,N,0,No Hit
SCR002654,C01031,2025-03-21,Initial,Dow Jones Risk,N,,,N,,N,,,,N,0,No Hit
SCR002655,C01031,2025-09-17,Ongoing Rescreen,Dow Jones Risk,N,,,Y,Close Associate,N,,,,Y,10,Cleared - False Positive
SCR002656,C01032,2024-08-07,Initial,Dow Jones Risk,N,,,N,,N,,,,N,0,No Hit
SCR002657,C01032,2025-02-03,Ongoing Rescreen,World-Check,N,,,N,,N,,,,N,0,No Hit
SCR002658,C01032,2025-08-02,Ongoing Rescreen,World-Check,N,,,N,,N,,,,N,0,No Hit
SCR002659,C01033,2025-03-30,Initial,LexisNexis Bridger,N,,,N,,N,,,,N,0,No Hit
SCR002660,C01033,2025-09-26,Ongoing Rescreen,Dow Jones Risk,N,,,N,,N,,,,N,0,No Hit
SCR002661,C01034,2024-06-10,Initial,World-Check,N,,,N,,Y,Tax Evasion,National News,N,Y,3,Cleared - False Positive
SCR002662,C01034,2024-12-07,Ongoing Rescreen,World-Check,N,,,N,,N,,,,N,0,No Hit
SCR002663,C01034,2025-06-05,Ongoing Rescreen,Dow Jones Risk,N,,,N,,N,,,,N,0,No Hit
SCR002664,C01034,2025-12-02,Ongoing Rescreen,Dow Jones Risk,N,,,N,,N,,,,N,0,No Hit
SCR002665,C01035,2025-07-08,Initial,World-Check,N,,,N,,N,,,,N,0,No Hit
SCR002666,C01036,2024-03-06,Initial,World-Check,N,,,N,,N,,,,N,0,No Hit
SCR002667,C01036,2024-09-02,Ongoing Rescreen,World-Check,N,,,N,,N,,,,N,0,No Hit
SCR002668,C01036,2025-03-01,Ongoing Rescreen,World-Check,N,,,N,,N,,,,N,0,No Hit
SCR002669,C01036,2025-08-28,Ongoing Rescreen,LexisNexis Bridger,N,,,N,,Y,Bribery & Corruption,Regulator Notice,N,Y,2,Cleared - False Positive
SCR002670,C01037,2024-04-13,Initial,World-Check,N,,,N,,N,,,,N,0,No Hit
SCR002671,C01037,2024-10-10,Ongoing Rescreen,World-Check,N,,,N,,N,,,,N,0,No Hit
SCR002672,C01037,2025-04-08,Ongoing Rescreen,World-Check,Y,EU Consolidated,N,N,,N,,,,Y,3,Cleared - False Positive
SCR002673,C01037,2025-10-05,Ongoing Rescreen,LexisNexis Bridger,N,,,N,,N,,,,N,0,No Hit
SCR002674,C01038,2025-05-28,Initial,LexisNexis Bridger,N,,,N,,N,,,,N,0,No Hit
SCR002675,C01038,2025-11-24,Ongoing Rescreen,LexisNexis Bridger,N,,,N,,N,,,,N,0,No Hit
SCR002676,C01039,2024-02-12,Initial,World-Check,N,,,N,,N,,,,N,0,No Hit
SCR002677,C01039,2024-08-10,Ongoing Rescreen,World-Check,N,,,N,,N,,,,N,0,No Hit
SCR002678,C01039,2025-02-06,Ongoing Rescreen,World-Check,N,,,N,,N,,,,N,0,No Hit
SCR002679,C01039,2025-08-05,Ongoing Rescreen,LexisNexis Bridger,N,,,N,,N,,,,N,0,No Hit
SCR002680,C01040,2025-12-10,Initial,Dow Jones Risk,N,,,N,,Y,Tax Evasion,Court Records,N,Y,3,Cleared - False Positive
SCR002681,C01041,2024-01-23,Initial,World-Check,N,,,N,,N,,,,N,0,No Hit
SCR002682,C01041,2024-07-21,Ongoing Rescreen,LexisNexis Bridger,N,,,N,,N,,,,N,0,No Hit
SCR002683,C01041,2025-01-17,Ongoing Rescreen,LexisNexis Bridger,N,,,N,,N,,,,N,0,No Hit
SCR002684,C01041,2025-07-16,Ongoing Rescreen,Dow Jones Risk,N,,,N,,N,,,,N,0,No Hit
SCR002685,C01042,2025-01-18,Initial,World-Check,N,,,N,,N,,,,N,0,No Hit
SCR002686,C01042,2025-07-17,Ongoing Rescreen,World-Check,N,,,N,,N,,,,N,0,No Hit
SCR002687,C01043,2025-12-20,Initial,LexisNexis Bridger,N,,,N,,N,,,,N,0,No Hit
SCR002688,C01044,2025-05-07,Initial,LexisNexis Bridger,Y,OFAC SDN,Y,N,,N,,,,Y,11,Exit Relationship
SCR002689,C01044,2025-11-03,Ongoing Rescreen,World-Check,N,,,N,,N,,,,N,0,No Hit
SCR002690,C01045,2025-04-07,Initial,World-Check,N,,,Y,Close Associate,N,,,,Y,6,Cleared - False Positive
SCR002691,C01045,2025-10-04,Ongoing Rescreen,LexisNexis Bridger,N,,,Y,Domestic PEP,N,,,,Y,7,Cleared - False Positive
SCR002692,C01046,2025-05-21,Initial,World-Check,N,,,N,,N,,,,N,0,No Hit
SCR002693,C01046,2025-11-17,Ongoing Rescreen,LexisNexis Bridger,N,,,N,,N,,,,N,0,No Hit
SCR002694,C01047,2025-05-31,Initial,LexisNexis Bridger,N,,,N,,N,,,,Y,0,No Hit
SCR002695,C01047,2025-11-27,Ongoing Rescreen,Dow Jones Risk,N,,,N,,N,,,,Y,0,No Hit
SCR002696,C01048,2024-04-28,Initial,LexisNexis Bridger,N,,,N,,N,,,,N,0,No Hit
SCR002697,C01048,2024-10-25,Ongoing Rescreen,Dow Jones Risk,N,,,N,,N,,,,N,0,No Hit
SCR002698,C01048,2025-04-23,Ongoing Rescreen,Dow Jones Risk,N,,,N,,N,,,,N,0,No Hit
SCR002699,C01048,2025-10-20,Ongoing Rescreen,Dow Jones Risk,N,,,N,,N,,,,N,0,No Hit
SCR002700,C01049,2024-08-13,Initial,World-Check,N,,,N,,N,,,,N,0,No Hit
SCR002701,C01049,2025-02-09,Ongoing Rescreen,LexisNexis Bridger,N,,,N,,N,,,,N,0,No Hit
SCR002702,C01049,2025-08-08,Ongoing Rescreen,World-Check,N,,,N,,N,,,,N,0,No Hit
SCR002703,C01050,2024-05-20,Initial,Dow Jones Risk,N,,,N,,N,,,,N,0,No Hit
SCR002704,C01050,2024-11-16,Ongoing Rescreen,LexisNexis Bridger,N,,,N,,N,,,,N,0,No Hit
SCR002705,C01050,2025-05-15,Ongoing Rescreen,LexisNexis Bridger,N,,,N,,N,,,,N,0,No Hit
SCR002706,C01050,2025-11-11,Ongoing Rescreen,World-Check,N,,,N,,N,,,,N,0,No Hit
SCR002707,C01051,2024-06-03,Initial,Dow Jones Risk,N,,,N,,N,,,,N,0,No Hit
SCR002708,C01051,2024-11-30,Ongoing Rescreen,World-Check,N,,,N,,N,,,,N,0,No Hit
SCR002709,C01051,2025-05-29,Ongoing Rescreen,LexisNexis Bridger,N,,,N,,N,,,,N,0,No Hit
SCR002710,C01051,2025-11-25,Ongoing Rescreen,World-Check,N,,,N,,N,,,,N,0,No Hit
SCR002711,C01052,2024-06-01,Initial,World-Check,N,,,N,,N,,,,N,0,No Hit
SCR002712,C01052,2024-11-28,Ongoing Rescreen,Dow Jones Risk,N,,,N,,N,,,,N,0,No Hit
SCR002713,C01052,2025-05-27,Ongoing Rescreen,World-Check,N,,,N,,N,,,,N,0,No Hit
SCR002714,C01052,2025-11-23,Ongoing Rescreen,Dow Jones Risk,N,,,N,,N,,,,N,0,No Hit
SCR002715,C01053,2025-04-11,Initial,LexisNexis Bridger,N,,,N,,N,,,,N,0,No Hit
SCR002716,C01053,2025-10-08,Ongoing Rescreen,LexisNexis Bridger,N,,,N,,N,,,,N,0,No Hit
SCR002717,C01054,2025-11-12,Initial,LexisNexis Bridger,N,,,N,,N,,,,N,0,No Hit
SCR002718,C01055,2025-02-12,Initial,World-Check,N,,,Y,Family Member,Y,Money Laundering,National News,N,Y,2,Cleared - False Positive
SCR002719,C01055,2025-08-11,Ongoing Rescreen,World-Check,N,,,N,,N,,,,N,0,No Hit
SCR002720,C01056,2024-01-12,Initial,Dow Jones Risk,N,,,N,,N,,,,N,0,No Hit
SCR002721,C01056,2024-07-10,Ongoing Rescreen,Dow Jones Risk,N,,,N,,N,,,,N,0,No Hit
SCR002722,C01056,2025-01-06,Ongoing Rescreen,Dow Jones Risk,N,,,N,,N,,,,N,0,No Hit
SCR002723,C01056,2025-07-05,Ongoing Rescreen,World-Check,N,,,N,,N,,,,N,0,No Hit
SCR002724,C01057,2025-05-21,Initial,World-Check,N,,,N,,N,,,,N,0,No Hit
SCR002725,C01057,2025-11-17,Ongoing Rescreen,World-Check,N,,,N,,Y,Money Laundering,Regional News,N,Y,4,Cleared - False Positive
SCR002726,C01058,2025-01-30,Initial,Dow Jones Risk,N,,,N,,N,,,,N,0,No Hit
SCR002727,C01058,2025-07-29,Ongoing Rescreen,World-Check,N,,,N,,N,,,,N,0,No Hit
SCR002728,C01059,2025-07-22,Initial,World-Check,N,,,N,,N,,,,N,0,No Hit
SCR002729,C01060,2024-10-02,Initial,World-Check,N,,,N,,N,,,,N,0,No Hit
SCR002730,C01060,2025-03-31,Ongoing Rescreen,LexisNexis Bridger,N,,,N,,N,,,,N,0,No Hit
SCR002731,C01060,2025-09-27,Ongoing Rescreen,LexisNexis Bridger,N,,,N,,N,,,,N,0,No Hit
SCR002732,C01061,2024-11-09,Initial,Dow Jones Risk,N,,,N,,N,,,,N,0,No Hit
SCR002733,C01061,2025-05-08,Ongoing Rescreen,Dow Jones Risk,N,,,N,,N,,,,N,0,No Hit
SCR002734,C01061,2025-11-04,Ongoing Rescreen,World-Check,N,,,N,,Y,Tax Evasion,Court Records,N,Y,2,Cleared - False Positive
SCR002735,C01062,2025-04-26,Initial,World-Check,N,,,N,,N,,,,N,0,No Hit
SCR002736,C01062,2025-10-23,Ongoing Rescreen,World-Check,N,,,N,,N,,,,N,0,No Hit
SCR002737,C01063,2025-06-01,Initial,LexisNexis Bridger,N,,,N,,N,,,,Y,0,No Hit
SCR002738,C01063,2025-11-28,Ongoing Rescreen,World-Check,N,,,N,,N,,,,Y,0,No Hit
SCR002739,C01064,2024-06-10,Initial,Dow Jones Risk,N,,,N,,N,,,,N,0,No Hit
SCR002740,C01064,2024-12-07,Ongoing Rescreen,LexisNexis Bridger,N,,,N,,N,,,,N,0,No Hit
SCR002741,C01064,2025-06-05,Ongoing Rescreen,World-Check,N,,,N,,N,,,,N,0,No Hit
SCR002742,C01064,2025-12-02,Ongoing Rescreen,World-Check,N,,,N,,N,,,,N,0,No Hit
SCR002743,C01065,2025-03-04,Initial,LexisNexis Bridger,N,,,N,,N,,,,N,0,No Hit
SCR002744,C01065,2025-08-31,Ongoing Rescreen,LexisNexis Bridger,N,,,N,,N,,,,N,0,No Hit
SCR002745,C01066,2025-12-03,Initial,World-Check,N,,,N,,N,,,,N,0,No Hit
SCR002746,C01067,2024-02-17,Initial,LexisNexis Bridger,N,,,N,,N,,,,N,0,No Hit
SCR002747,C01067,2024-08-15,Ongoing Rescreen,World-Check,N,,,N,,N,,,,N,0,No Hit
SCR002748,C01067,2025-02-11,Ongoing Rescreen,LexisNexis Bridger,N,,,N,,N,,,,N,0,No Hit
SCR002749,C01067,2025-08-10,Ongoing Rescreen,Dow Jones Risk,N,,,N,,Y,Money Laundering,Court Records,Y,Y,6,Escalate to EDD
SCR002750,C01068,2024-08-30,Initial,Dow Jones Risk,N,,,N,,N,,,,N,0,No Hit
SCR002751,C01068,2025-02-26,Ongoing Rescreen,LexisNexis Bridger,N,,,N,,N,,,,N,0,No Hit
SCR002752,C01068,2025-08-25,Ongoing Rescreen,Dow Jones Risk,N,,,N,,N,,,,N,0,No Hit
SCR002753,C01069,2025-01-25,Initial,LexisNexis Bridger,N,,,N,,N,,,,N,0,No Hit
SCR002754,C01069,2025-07-24,Ongoing Rescreen,Dow Jones Risk,N,,,N,,N,,,,N,0,No Hit
SCR002755,C01070,2025-11-07,Initial,Dow Jones Risk,N,,,N,,N,,,,N,0,No Hit
SCR002756,C01071,2025-12-08,Initial,Dow Jones Risk,N,,,N,,N,,,,N,0,No Hit
SCR002757,C01072,2025-03-06,Initial,Dow Jones Risk,N,,,N,,N,,,,Y,0,No Hit
SCR002758,C01072,2025-09-02,Ongoing Rescreen,World-Check,N,,,N,,N,,,,Y,0,No Hit
SCR002759,C01073,2025-02-03,Initial,LexisNexis Bridger,N,,,N,,N,,,,N,0,No Hit
SCR002760,C01073,2025-08-02,Ongoing Rescreen,LexisNexis Bridger,N,,,N,,N,,,,N,0,No Hit
SCR002761,C01074,2024-10-29,Initial,Dow Jones Risk,N,,,N,,N,,,,N,0,No Hit
SCR002762,C01074,2025-04-27,Ongoing Rescreen,LexisNexis Bridger,N,,,N,,N,,,,N,0,No Hit
SCR002763,C01074,2025-10-24,Ongoing Rescreen,World-Check,N,,,N,,N,,,,N,0,No Hit
SCR002764,C01075,2024-11-21,Initial,World-Check,N,,,Y,Family Member,N,,,,Y,7,Cleared - False Positive
SCR002765,C01075,2025-05-20,Ongoing Rescreen,World-Check,N,,,N,,N,,,,N,0,No Hit
SCR002766,C01075,2025-11-16,Ongoing Rescreen,LexisNexis Bridger,N,,,N,,N,,,,N,0,No Hit
SCR002767,C01076,2025-06-20,Initial,Dow Jones Risk,N,,,N,,N,,,,N,0,No Hit
SCR002768,C01076,2025-12-17,Ongoing Rescreen,LexisNexis Bridger,N,,,N,,N,,,,N,0,No Hit
SCR002769,C01077,2025-02-01,Initial,Dow Jones Risk,N,,,N,,N,,,,N,0,No Hit
SCR002770,C01077,2025-07-31,Ongoing Rescreen,LexisNexis Bridger,N,,,N,,N,,,,N,0,No Hit
SCR002771,C01078,2025-02-08,Initial,Dow Jones Risk,N,,,Y,Domestic PEP,N,,,,Y,5,Cleared - False Positive
SCR002772,C01078,2025-08-07,Ongoing Rescreen,Dow Jones Risk,Y,UN Consolidated,N,Y,Domestic PEP,N,,,,Y,32,Cleared - False Positive
SCR002773,C01079,2025-09-08,Initial,Dow Jones Risk,N,,,N,,N,,,,N,0,No Hit
SCR002774,C01080,2024-04-11,Initial,World-Check,N,,,N,,N,,,,N,0,No Hit
SCR002775,C01080,2024-10-08,Ongoing Rescreen,Dow Jones Risk,N,,,N,,N,,,,N,0,No Hit
SCR002776,C01080,2025-04-06,Ongoing Rescreen,Dow Jones Risk,N,,,N,,N,,,,N,0,No Hit
SCR002777,C01080,2025-10-03,Ongoing Rescreen,World-Check,N,,,N,,N,,,,N,0,No Hit
SCR002778,C01081,2025-12-01,Initial,LexisNexis Bridger,N,,,N,,N,,,,N,0,No Hit
SCR002779,C01082,2025-05-29,Initial,World-Check,N,,,N,,N,,,,N,0,No Hit
SCR002780,C01082,2025-11-25,Ongoing Rescreen,LexisNexis Bridger,N,,,N,,N,,,,N,0,No Hit
SCR002781,C01083,2025-03-04,Initial,Dow Jones Risk,N,,,Y,Domestic PEP,Y,Money Laundering,Online Blog,N,Y,2,Cleared - False Positive
SCR002782,C01083,2025-08-31,Ongoing Rescreen,Dow Jones Risk,N,,,Y,Domestic PEP,N,,,,Y,4,Cleared - False Positive
SCR002783,C01084,2025-02-27,Initial,World-Check,N,,,N,,N,,,,N,0,No Hit
SCR002784,C01084,2025-08-26,Ongoing Rescreen,World-Check,N,,,N,,N,,,,N,0,No Hit
SCR002785,C01085,2025-02-25,Initial,World-Check,N,,,N,,N,,,,N,0,No Hit
SCR002786,C01085,2025-08-24,Ongoing Rescreen,World-Check,N,,,N,,N,,,,N,0,No Hit
SCR002787,C01086,2025-02-17,Initial,LexisNexis Bridger,N,,,N,,N,,,,Y,0,No Hit
SCR002788,C01086,2025-08-16,Ongoing Rescreen,Dow Jones Risk,N,,,N,,N,,,,Y,0,No Hit
SCR002789,C01087,2024-09-13,Initial,LexisNexis Bridger,N,,,N,,N,,,,N,0,No Hit
SCR002790,C01087,2025-03-12,Ongoing Rescreen,Dow Jones Risk,N,,,N,,N,,,,N,0,No Hit
SCR002791,C01087,2025-09-08,Ongoing Rescreen,World-Check,N,,,N,,N,,,,N,0,No Hit
SCR002792,C01088,2025-06-23,Initial,LexisNexis Bridger,N,,,N,,N,,,,Y,0,No Hit
SCR002793,C01088,2025-12-20,Ongoing Rescreen,Dow Jones Risk,N,,,N,,N,,,,Y,0,No Hit
SCR002794,C01089,2024-07-03,Initial,LexisNexis Bridger,N,,,N,,N,,,,N,0,No Hit
SCR002795,C01089,2024-12-30,Ongoing Rescreen,LexisNexis Bridger,N,,,N,,N,,,,N,0,No Hit
SCR002796,C01089,2025-06-28,Ongoing Rescreen,World-Check,N,,,N,,Y,Regulatory Fine,Online Blog,N,Y,3,Cleared - False Positive
SCR002797,C01089,2025-12-25,Ongoing Rescreen,World-Check,N,,,N,,N,,,,N,0,No Hit
SCR002798,C01090,2025-04-22,Initial,World-Check,N,,,N,,N,,,,N,0,No Hit
SCR002799,C01090,2025-10-19,Ongoing Rescreen,LexisNexis Bridger,N,,,N,,N,,,,N,0,No Hit
SCR002800,C01091,2025-01-19,Initial,Dow Jones Risk,N,,,N,,N,,,,N,0,No Hit
SCR002801,C01091,2025-07-18,Ongoing Rescreen,World-Check,N,,,N,,N,,,,N,0,No Hit
SCR002802,C01092,2024-09-24,Initial,Dow Jones Risk,N,,,N,,N,,,,N,0,No Hit
SCR002803,C01092,2025-03-23,Ongoing Rescreen,World-Check,N,,,N,,N,,,,N,0,No Hit
SCR002804,C01092,2025-09-19,Ongoing Rescreen,Dow Jones Risk,N,,,N,,N,,,,N,0,No Hit
SCR002805,C01093,2025-08-10,Initial,World-Check,N,,,Y,Family Member,N,,,,Y,6,Cleared - False Positive
SCR002806,C01094,2024-08-20,Initial,World-Check,N,,,N,,N,,,,N,0,No Hit
SCR002807,C01094,2025-02-16,Ongoing Rescreen,World-Check,N,,,N,,N,,,,N,0,No Hit
SCR002808,C01094,2025-08-15,Ongoing Rescreen,World-Check,N,,,N,,N,,,,N,0,No Hit
SCR002809,C01095,2025-04-27,Initial,World-Check,N,,,N,,N,,,,N,0,No Hit
SCR002810,C01095,2025-10-24,Ongoing Rescreen,LexisNexis Bridger,N,,,N,,N,,,,N,0,No Hit
SCR002811,C01096,2024-07-02,Initial,LexisNexis Bridger,N,,,N,,N,,,,N,0,No Hit
SCR002812,C01096,2024-12-29,Ongoing Rescreen,Dow Jones Risk,N,,,N,,N,,,,N,0,No Hit
SCR002813,C01096,2025-06-27,Ongoing Rescreen,Dow Jones Risk,N,,,N,,N,,,,N,0,No Hit
SCR002814,C01096,2025-12-24,Ongoing Rescreen,Dow Jones Risk,N,,,N,,Y,Money Laundering,Online Blog,N,Y,6,Cleared - False Positive
SCR002815,C01097,2024-05-26,Initial,LexisNexis Bridger,N,,,Y,Family Member,N,,,,Y,3,Cleared - False Positive
SCR002816,C01097,2024-11-22,Ongoing Rescreen,LexisNexis Bridger,N,,,Y,Close Associate,N,,,,Y,4,Cleared - False Positive
SCR002817,C01097,2025-05-21,Ongoing Rescreen,Dow Jones Risk,N,,,Y,Domestic PEP,N,,,,Y,5,Cleared - False Positive
SCR002818,C01097,2025-11-17,Ongoing Rescreen,World-Check,N,,,Y,Close Associate,N,,,,Y,8,Cleared - False Positive
SCR002819,C01098,2025-02-24,Initial,Dow Jones Risk,N,,,N,,N,,,,N,0,No Hit
SCR002820,C01098,2025-08-23,Ongoing Rescreen,Dow Jones Risk,N,,,N,,N,,,,N,0,No Hit
SCR002821,C01099,2025-12-14,Initial,World-Check,N,,,N,,N,,,,N,0,No Hit
SCR002822,C01100,2024-08-07,Initial,Dow Jones Risk,N,,,N,,N,,,,N,0,No Hit
SCR002823,C01100,2025-02-03,Ongoing Rescreen,Dow Jones Risk,N,,,N,,N,,,,N,0,No Hit
SCR002824,C01100,2025-08-02,Ongoing Rescreen,LexisNexis Bridger,N,,,N,,N,,,,N,0,No Hit
SCR002825,C01101,2024-03-24,Initial,World-Check,N,,,N,,N,,,,N,0,No Hit
SCR002826,C01101,2024-09-20,Ongoing Rescreen,LexisNexis Bridger,N,,,N,,N,,,,N,0,No Hit
SCR002827,C01101,2025-03-19,Ongoing Rescreen,World-Check,N,,,N,,N,,,,N,0,No Hit
SCR002828,C01101,2025-09-15,Ongoing Rescreen,World-Check,N,,,N,,N,,,,N,0,No Hit
SCR002829,C01102,2024-03-29,Initial,LexisNexis Bridger,N,,,N,,N,,,,N,0,No Hit
SCR002830,C01102,2024-09-25,Ongoing Rescreen,LexisNexis Bridger,Y,UK HMT/OFSI,N,N,,N,,,,Y,3,Cleared - False Positive
SCR002831,C01102,2025-03-24,Ongoing Rescreen,Dow Jones Risk,N,,,N,,N,,,,N,0,No Hit
SCR002832,C01102,2025-09-20,Ongoing Rescreen,LexisNexis Bridger,N,,,N,,N,,,,N,0,No Hit
SCR002833,C01103,2024-12-25,Initial,World-Check,N,,,N,,N,,,,N,0,No Hit
SCR002834,C01103,2025-06-23,Ongoing Rescreen,World-Check,N,,,N,,N,,,,N,0,No Hit
SCR002835,C01103,2025-12-20,Ongoing Rescreen,Dow Jones Risk,N,,,N,,N,,,,N,0,No Hit
SCR002836,C01104,2025-07-26,Initial,LexisNexis Bridger,N,,,N,,N,,,,N,0,No Hit
SCR002837,C01105,2025-06-04,Initial,Dow Jones Risk,N,,,N,,N,,,,N,0,No Hit
SCR002838,C01105,2025-12-01,Ongoing Rescreen,World-Check,N,,,N,,Y,Money Laundering,Court Records,Y,Y,3,Escalate to EDD
SCR002839,C01106,2024-06-01,Initial,World-Check,N,,,N,,N,,,,N,0,No Hit
SCR002840,C01106,2024-11-28,Ongoing Rescreen,LexisNexis Bridger,N,,,N,,N,,,,N,0,No Hit
SCR002841,C01106,2025-05-27,Ongoing Rescreen,LexisNexis Bridger,N,,,N,,N,,,,N,0,No Hit
SCR002842,C01106,2025-11-23,Ongoing Rescreen,World-Check,N,,,N,,N,,,,N,0,No Hit
SCR002843,C01107,2025-09-02,Initial,Dow Jones Risk,N,,,N,,N,,,,N,0,No Hit
SCR002844,C01108,2024-04-30,Initial,Dow Jones Risk,N,,,N,,N,,,,N,0,No Hit
SCR002845,C01108,2024-10-27,Ongoing Rescreen,Dow Jones Risk,N,,,N,,N,,,,N,0,No Hit
SCR002846,C01108,2025-04-25,Ongoing Rescreen,LexisNexis Bridger,N,,,N,,N,,,,N,0,No Hit
SCR002847,C01108,2025-10-22,Ongoing Rescreen,LexisNexis Bridger,N,,,N,,N,,,,N,0,No Hit
SCR002848,C01109,2025-02-12,Initial,Dow Jones Risk,N,,,N,,N,,,,N,0,No Hit
SCR002849,C01109,2025-08-11,Ongoing Rescreen,Dow Jones Risk,N,,,N,,N,,,,N,0,No Hit
SCR002850,C01110,2025-09-12,Initial,Dow Jones Risk,N,,,N,,N,,,,N,0,No Hit
SCR002851,C01111,2025-08-13,Initial,Dow Jones Risk,N,,,N,,N,,,,N,0,No Hit
SCR002852,C01112,2025-05-28,Initial,World-Check,N,,,N,,N,,,,N,0,No Hit
SCR002853,C01112,2025-11-24,Ongoing Rescreen,World-Check,N,,,N,,N,,,,N,0,No Hit
SCR002854,C01113,2024-08-29,Initial,LexisNexis Bridger,N,,,N,,Y,Bribery & Corruption,Online Blog,N,Y,6,Cleared - False Positive
SCR002855,C01113,2025-02-25,Ongoing Rescreen,World-Check,N,,,N,,N,,,,N,0,No Hit
SCR002856,C01113,2025-08-24,Ongoing Rescreen,LexisNexis Bridger,N,,,N,,N,,,,N,0,No Hit
SCR002857,C01114,2025-07-14,Initial,World-Check,N,,,N,,N,,,,N,0,No Hit
SCR002858,C01115,2024-10-09,Initial,Dow Jones Risk,N,,,N,,N,,,,N,0,No Hit
SCR002859,C01115,2025-04-07,Ongoing Rescreen,LexisNexis Bridger,N,,,N,,N,,,,N,0,No Hit
SCR002860,C01115,2025-10-04,Ongoing Rescreen,World-Check,N,,,N,,N,,,,N,0,No Hit
SCR002861,C01116,2024-09-13,Initial,LexisNexis Bridger,N,,,N,,N,,,,N,0,No Hit
SCR002862,C01116,2025-03-12,Ongoing Rescreen,World-Check,N,,,N,,N,,,,N,0,No Hit
SCR002863,C01116,2025-09-08,Ongoing Rescreen,Dow Jones Risk,N,,,N,,N,,,,N,0,No Hit
SCR002864,C01117,2025-01-24,Initial,LexisNexis Bridger,N,,,N,,N,,,,N,0,No Hit
SCR002865,C01117,2025-07-23,Ongoing Rescreen,World-Check,N,,,N,,N,,,,N,0,No Hit
SCR002866,C01118,2025-03-27,Initial,Dow Jones Risk,N,,,N,,N,,,,N,0,No Hit
SCR002867,C01118,2025-09-23,Ongoing Rescreen,LexisNexis Bridger,N,,,N,,N,,,,N,0,No Hit
SCR002868,C01119,2024-06-01,Initial,Dow Jones Risk,N,,,N,,N,,,,N,0,No Hit
SCR002869,C01119,2024-11-28,Ongoing Rescreen,Dow Jones Risk,N,,,N,,N,,,,N,0,No Hit
SCR002870,C01119,2025-05-27,Ongoing Rescreen,LexisNexis Bridger,Y,EU Consolidated,N,N,,N,,,,Y,2,Cleared - False Positive
SCR002871,C01119,2025-11-23,Ongoing Rescreen,World-Check,N,,,N,,N,,,,N,0,No Hit
SCR002872,C01120,2025-11-12,Initial,LexisNexis Bridger,N,,,N,,N,,,,N,0,No Hit
SCR002873,C01121,2025-09-25,Initial,World-Check,N,,,N,,N,,,,N,0,No Hit
SCR002874,C01122,2024-07-25,Initial,World-Check,N,,,N,,N,,,,N,0,No Hit
SCR002875,C01122,2025-01-21,Ongoing Rescreen,World-Check,N,,,N,,N,,,,N,0,No Hit
SCR002876,C01122,2025-07-20,Ongoing Rescreen,Dow Jones Risk,N,,,N,,N,,,,N,0,No Hit
SCR002877,C01123,2024-06-25,Initial,World-Check,N,,,N,,Y,Fraud,Regional News,N,Y,18,Cleared - False Positive
SCR002878,C01123,2024-12-22,Ongoing Rescreen,World-Check,N,,,N,,Y,Tax Evasion,Regulator Notice,N,Y,5,Cleared - False Positive
SCR002879,C01123,2025-06-20,Ongoing Rescreen,LexisNexis Bridger,N,,,N,,N,,,,Y,0,No Hit
SCR002880,C01123,2025-12-17,Ongoing Rescreen,World-Check,N,,,N,,N,,,,Y,0,No Hit
SCR002881,C01124,2024-02-20,Initial,Dow Jones Risk,N,,,N,,N,,,,N,0,No Hit
SCR002882,C01124,2024-08-18,Ongoing Rescreen,LexisNexis Bridger,N,,,N,,N,,,,N,0,No Hit
SCR002883,C01124,2025-02-14,Ongoing Rescreen,Dow Jones Risk,N,,,N,,N,,,,N,0,No Hit
SCR002884,C01124,2025-08-13,Ongoing Rescreen,LexisNexis Bridger,N,,,N,,N,,,,N,0,No Hit
SCR002885,C01125,2024-10-23,Initial,LexisNexis Bridger,N,,,N,,N,,,,N,0,No Hit
SCR002886,C01125,2025-04-21,Ongoing Rescreen,LexisNexis Bridger,N,,,N,,N,,,,N,0,No Hit
SCR002887,C01125,2025-10-18,Ongoing Rescreen,World-Check,N,,,N,,N,,,,N,0,No Hit
SCR002888,C01126,2024-05-04,Initial,World-Check,N,,,N,,N,,,,N,0,No Hit
SCR002889,C01126,2024-10-31,Ongoing Rescreen,LexisNexis Bridger,N,,,N,,N,,,,N,0,No Hit
SCR002890,C01126,2025-04-29,Ongoing Rescreen,Dow Jones Risk,N,,,N,,N,,,,N,0,No Hit
SCR002891,C01126,2025-10-26,Ongoing Rescreen,World-Check,N,,,N,,N,,,,N,0,No Hit
SCR002892,C01127,2025-11-11,Initial,LexisNexis Bridger,N,,,N,,N,,,,N,0,No Hit
SCR002893,C01128,2025-10-18,Initial,Dow Jones Risk,N,,,N,,N,,,,N,0,No Hit
SCR002894,C01129,2025-08-28,Initial,Dow Jones Risk,N,,,N,,N,,,,N,0,No Hit
SCR002895,C01130,2024-07-24,Initial,LexisNexis Bridger,N,,,N,,N,,,,N,0,No Hit
SCR002896,C01130,2025-01-20,Ongoing Rescreen,World-Check,N,,,N,,N,,,,N,0,No Hit
SCR002897,C01130,2025-07-19,Ongoing Rescreen,Dow Jones Risk,N,,,N,,N,,,,N,0,No Hit
SCR002898,C01131,2025-05-19,Initial,Dow Jones Risk,N,,,N,,N,,,,N,0,No Hit
SCR002899,C01131,2025-11-15,Ongoing Rescreen,Dow Jones Risk,N,,,N,,N,,,,N,0,No Hit
SCR002900,C01132,2024-12-25,Initial,Dow Jones Risk,N,,,N,,N,,,,N,0,No Hit
SCR002901,C01132,2025-06-23,Ongoing Rescreen,LexisNexis Bridger,N,,,N,,N,,,,N,0,No Hit
SCR002902,C01132,2025-12-20,Ongoing Rescreen,LexisNexis Bridger,N,,,N,,N,,,,N,0,No Hit
SCR002903,C01133,2024-07-18,Initial,World-Check,N,,,N,,N,,,,N,0,No Hit
SCR002904,C01133,2025-01-14,Ongoing Rescreen,LexisNexis Bridger,N,,,N,,N,,,,N,0,No Hit
SCR002905,C01133,2025-07-13,Ongoing Rescreen,LexisNexis Bridger,N,,,N,,N,,,,N,0,No Hit
SCR002906,C01134,2025-01-25,Initial,Dow Jones Risk,N,,,N,,N,,,,N,0,No Hit
SCR002907,C01134,2025-07-24,Ongoing Rescreen,World-Check,N,,,N,,N,,,,N,0,No Hit
SCR002908,C01135,2024-04-30,Initial,World-Check,Y,EU Consolidated,N,N,,N,,,,Y,9,Cleared - False Positive
SCR002909,C01135,2024-10-27,Ongoing Rescreen,LexisNexis Bridger,N,,,N,,N,,,,N,0,No Hit
SCR002910,C01135,2025-04-25,Ongoing Rescreen,Dow Jones Risk,N,,,N,,N,,,,N,0,No Hit
SCR002911,C01135,2025-10-22,Ongoing Rescreen,World-Check,N,,,N,,N,,,,N,0,No Hit
SCR002912,C01136,2025-12-02,Initial,LexisNexis Bridger,N,,,N,,N,,,,N,0,No Hit
SCR002913,C01137,2024-04-29,Initial,World-Check,N,,,N,,N,,,,N,0,No Hit
SCR002914,C01137,2024-10-26,Ongoing Rescreen,Dow Jones Risk,N,,,N,,N,,,,N,0,No Hit
SCR002915,C01137,2025-04-24,Ongoing Rescreen,Dow Jones Risk,N,,,N,,N,,,,N,0,No Hit
SCR002916,C01137,2025-10-21,Ongoing Rescreen,LexisNexis Bridger,N,,,N,,N,,,,N,0,No Hit
SCR002917,C01138,2024-08-08,Initial,LexisNexis Bridger,N,,,N,,N,,,,N,0,No Hit
SCR002918,C01138,2025-02-04,Ongoing Rescreen,Dow Jones Risk,N,,,N,,N,,,,N,0,No Hit
SCR002919,C01138,2025-08-03,Ongoing Rescreen,World-Check,N,,,N,,N,,,,N,0,No Hit
SCR002920,C01139,2024-06-10,Initial,World-Check,N,,,N,,N,,,,N,0,No Hit
SCR002921,C01139,2024-12-07,Ongoing Rescreen,World-Check,N,,,N,,N,,,,N,0,No Hit
SCR002922,C01139,2025-06-05,Ongoing Rescreen,LexisNexis Bridger,N,,,N,,N,,,,N,0,No Hit
SCR002923,C01139,2025-12-02,Ongoing Rescreen,LexisNexis Bridger,N,,,N,,N,,,,N,0,No Hit
SCR002924,C01140,2025-01-16,Initial,World-Check,N,,,N,,N,,,,N,0,No Hit
SCR002925,C01140,2025-07-15,Ongoing Rescreen,Dow Jones Risk,N,,,N,,N,,,,N,0,No Hit
SCR002926,C01141,2025-05-06,Initial,LexisNexis Bridger,N,,,N,,N,,,,N,0,No Hit
SCR002927,C01141,2025-11-02,Ongoing Rescreen,Dow Jones Risk,N,,,N,,N,,,,N,0,No Hit
SCR002928,C01142,2025-12-01,Initial,World-Check,N,,,N,,N,,,,N,0,No Hit
SCR002929,C01143,2024-10-11,Initial,LexisNexis Bridger,N,,,N,,N,,,,N,0,No Hit
SCR002930,C01143,2025-04-09,Ongoing Rescreen,Dow Jones Risk,N,,,N,,N,,,,N,0,No Hit
SCR002931,C01143,2025-10-06,Ongoing Rescreen,Dow Jones Risk,N,,,N,,N,,,,N,0,No Hit
SCR002932,C01144,2024-05-27,Initial,World-Check,N,,,N,,N,,,,N,0,No Hit
SCR002933,C01144,2024-11-23,Ongoing Rescreen,World-Check,N,,,N,,N,,,,N,0,No Hit
SCR002934,C01144,2025-05-22,Ongoing Rescreen,World-Check,N,,,N,,N,,,,N,0,No Hit
SCR002935,C01144,2025-11-18,Ongoing Rescreen,LexisNexis Bridger,N,,,N,,N,,,,N,0,No Hit
SCR002936,C01145,2024-01-16,Initial,Dow Jones Risk,N,,,N,,N,,,,N,0,No Hit
SCR002937,C01145,2024-07-14,Ongoing Rescreen,Dow Jones Risk,N,,,N,,N,,,,N,0,No Hit
SCR002938,C01145,2025-01-10,Ongoing Rescreen,Dow Jones Risk,N,,,N,,N,,,,N,0,No Hit
SCR002939,C01145,2025-07-09,Ongoing Rescreen,LexisNexis Bridger,N,,,N,,N,,,,N,0,No Hit
SCR002940,C01146,2025-03-13,Initial,LexisNexis Bridger,N,,,N,,N,,,,N,0,No Hit
SCR002941,C01146,2025-09-09,Ongoing Rescreen,LexisNexis Bridger,N,,,N,,N,,,,N,0,No Hit
SCR002942,C01147,2025-12-16,Initial,LexisNexis Bridger,N,,,N,,N,,,,N,0,No Hit
SCR002943,C01148,2024-02-16,Initial,Dow Jones Risk,N,,,N,,N,,,,N,0,No Hit
SCR002944,C01148,2024-08-14,Ongoing Rescreen,World-Check,N,,,N,,N,,,,N,0,No Hit
SCR002945,C01148,2025-02-10,Ongoing Rescreen,Dow Jones Risk,N,,,N,,N,,,,N,0,No Hit
SCR002946,C01148,2025-08-09,Ongoing Rescreen,World-Check,N,,,N,,N,,,,N,0,No Hit
SCR002947,C01149,2025-12-29,Initial,Dow Jones Risk,N,,,N,,N,,,,N,0,No Hit
SCR002948,C01150,2024-07-11,Initial,World-Check,N,,,N,,N,,,,N,0,No Hit
SCR002949,C01150,2025-01-07,Ongoing Rescreen,Dow Jones Risk,N,,,N,,N,,,,N,0,No Hit
SCR002950,C01150,2025-07-06,Ongoing Rescreen,LexisNexis Bridger,N,,,N,,N,,,,N,0,No Hit
SCR002951,C01151,2025-10-26,Initial,World-Check,N,,,Y,Family Member,N,,,,Y,2,Cleared - False Positive
SCR002952,C01152,2024-02-20,Initial,Dow Jones Risk,N,,,N,,N,,,,N,0,No Hit
SCR002953,C01152,2024-08-18,Ongoing Rescreen,Dow Jones Risk,N,,,N,,N,,,,N,0,No Hit
SCR002954,C01152,2025-02-14,Ongoing Rescreen,LexisNexis Bridger,N,,,N,,N,,,,N,0,No Hit
SCR002955,C01152,2025-08-13,Ongoing Rescreen,Dow Jones Risk,N,,,N,,N,,,,N,0,No Hit
SCR002956,C01153,2025-10-13,Initial,LexisNexis Bridger,N,,,N,,N,,,,N,0,No Hit
SCR002957,C01154,2024-08-29,Initial,LexisNexis Bridger,N,,,N,,N,,,,N,0,No Hit
SCR002958,C01154,2025-02-25,Ongoing Rescreen,Dow Jones Risk,N,,,N,,N,,,,N,0,No Hit
SCR002959,C01154,2025-08-24,Ongoing Rescreen,LexisNexis Bridger,N,,,N,,N,,,,N,0,No Hit
SCR002960,C01155,2024-07-19,Initial,Dow Jones Risk,N,,,N,,N,,,,N,0,No Hit
SCR002961,C01155,2025-01-15,Ongoing Rescreen,Dow Jones Risk,N,,,N,,N,,,,N,0,No Hit
SCR002962,C01155,2025-07-14,Ongoing Rescreen,World-Check,N,,,N,,N,,,,N,0,No Hit
SCR002963,C01156,2024-05-30,Initial,Dow Jones Risk,N,,,N,,N,,,,N,0,No Hit
SCR002964,C01156,2024-11-26,Ongoing Rescreen,Dow Jones Risk,N,,,N,,N,,,,N,0,No Hit
SCR002965,C01156,2025-05-25,Ongoing Rescreen,LexisNexis Bridger,N,,,N,,N,,,,N,0,No Hit
SCR002966,C01156,2025-11-21,Ongoing Rescreen,World-Check,N,,,N,,N,,,,N,0,No Hit
SCR002967,C01157,2024-04-07,Initial,LexisNexis Bridger,N,,,N,,N,,,,N,0,No Hit
SCR002968,C01157,2024-10-04,Ongoing Rescreen,Dow Jones Risk,N,,,N,,N,,,,N,0,No Hit
SCR002969,C01157,2025-04-02,Ongoing Rescreen,LexisNexis Bridger,N,,,N,,N,,,,N,0,No Hit
SCR002970,C01157,2025-09-29,Ongoing Rescreen,Dow Jones Risk,N,,,N,,N,,,,N,0,No Hit
SCR002971,C01158,2025-08-06,Initial,World-Check,N,,,N,,N,,,,N,0,No Hit
SCR002972,C01159,2024-02-20,Initial,Dow Jones Risk,N,,,N,,N,,,,N,0,No Hit
SCR002973,C01159,2024-08-18,Ongoing Rescreen,World-Check,N,,,N,,N,,,,N,0,No Hit
SCR002974,C01159,2025-02-14,Ongoing Rescreen,Dow Jones Risk,N,,,N,,N,,,,N,0,No Hit
SCR002975,C01159,2025-08-13,Ongoing Rescreen,Dow Jones Risk,N,,,N,,N,,,,N,0,No Hit
SCR002976,C01160,2024-12-04,Initial,Dow Jones Risk,N,,,N,,N,,,,N,0,No Hit
SCR002977,C01160,2025-06-02,Ongoing Rescreen,World-Check,N,,,N,,N,,,,N,0,No Hit
SCR002978,C01160,2025-11-29,Ongoing Rescreen,Dow Jones Risk,N,,,N,,N,,,,N,0,No Hit
SCR002979,C01161,2025-11-24,Initial,Dow Jones Risk,N,,,N,,N,,,,N,0,No Hit
SCR002980,C01162,2024-10-23,Initial,Dow Jones Risk,N,,,N,,N,,,,N,0,No Hit
SCR002981,C01162,2025-04-21,Ongoing Rescreen,LexisNexis Bridger,N,,,N,,N,,,,N,0,No Hit
SCR002982,C01162,2025-10-18,Ongoing Rescreen,LexisNexis Bridger,N,,,N,,N,,,,N,0,No Hit
SCR002983,C01163,2025-08-27,Initial,World-Check,N,,,N,,N,,,,N,0,No Hit
SCR002984,C01164,2025-05-21,Initial,Dow Jones Risk,N,,,N,,N,,,,N,0,No Hit
SCR002985,C01164,2025-11-17,Ongoing Rescreen,World-Check,N,,,N,,N,,,,N,0,No Hit
SCR002986,C01165,2025-08-04,Initial,World-Check,N,,,N,,N,,,,N,0,No Hit
SCR002987,C01166,2025-11-23,Initial,World-Check,N,,,N,,N,,,,N,0,No Hit
SCR002988,C01167,2024-03-12,Initial,World-Check,N,,,N,,N,,,,N,0,No Hit
SCR002989,C01167,2024-09-08,Ongoing Rescreen,World-Check,N,,,N,,N,,,,N,0,No Hit
SCR002990,C01167,2025-03-07,Ongoing Rescreen,LexisNexis Bridger,N,,,N,,N,,,,N,0,No Hit
SCR002991,C01167,2025-09-03,Ongoing Rescreen,LexisNexis Bridger,N,,,N,,N,,,,N,0,No Hit
SCR002992,C01168,2024-08-08,Initial,Dow Jones Risk,N,,,N,,N,,,,N,0,No Hit
SCR002993,C01168,2025-02-04,Ongoing Rescreen,LexisNexis Bridger,N,,,N,,N,,,,N,0,No Hit
SCR002994,C01168,2025-08-03,Ongoing Rescreen,Dow Jones Risk,N,,,N,,N,,,,N,0,No Hit
SCR002995,C01169,2024-08-22,Initial,World-Check,N,,,Y,Close Associate,N,,,,Y,2,Cleared - False Positive
SCR002996,C01169,2025-02-18,Ongoing Rescreen,Dow Jones Risk,N,,,N,,N,,,,N,0,No Hit
SCR002997,C01169,2025-08-17,Ongoing Rescreen,Dow Jones Risk,N,,,N,,N,,,,N,0,No Hit
SCR002998,C01170,2024-02-18,Initial,LexisNexis Bridger,N,,,N,,N,,,,N,0,No Hit
SCR002999,C01170,2024-08-16,Ongoing Rescreen,LexisNexis Bridger,N,,,N,,N,,,,N,0,No Hit
SCR003000,C01170,2025-02-12,Ongoing Rescreen,LexisNexis Bridger,N,,,N,,N,,,,N,0,No Hit
SCR003001,C01170,2025-08-11,Ongoing Rescreen,World-Check,N,,,N,,Y,Regulatory Fine,Regional News,N,Y,5,Cleared - False Positive
SCR003002,C01171,2024-03-18,Initial,LexisNexis Bridger,N,,,N,,N,,,,N,0,No Hit
SCR003003,C01171,2024-09-14,Ongoing Rescreen,World-Check,N,,,N,,N,,,,N,0,No Hit
SCR003004,C01171,2025-03-13,Ongoing Rescreen,Dow Jones Risk,N,,,N,,N,,,,N,0,No Hit
SCR003005,C01171,2025-09-09,Ongoing Rescreen,LexisNexis Bridger,N,,,N,,N,,,,N,0,No Hit
SCR003006,C01172,2024-03-21,Initial,LexisNexis Bridger,N,,,N,,N,,,,N,0,No Hit
SCR003007,C01172,2024-09-17,Ongoing Rescreen,LexisNexis Bridger,N,,,N,,N,,,,N,0,No Hit
SCR003008,C01172,2025-03-16,Ongoing Rescreen,Dow Jones Risk,N,,,N,,N,,,,N,0,No Hit
SCR003009,C01172,2025-09-12,Ongoing Rescreen,LexisNexis Bridger,N,,,N,,N,,,,N,0,No Hit
SCR003010,C01173,2025-11-25,Initial,Dow Jones Risk,N,,,N,,N,,,,N,0,No Hit
SCR003011,C01174,2025-09-18,Initial,LexisNexis Bridger,N,,,N,,N,,,,N,0,No Hit
SCR003012,C01175,2025-03-06,Initial,LexisNexis Bridger,N,,,Y,Domestic PEP,N,,,,Y,11,Cleared - False Positive
SCR003013,C01175,2025-09-02,Ongoing Rescreen,LexisNexis Bridger,Y,EU Consolidated,N,Y,Family Member,N,,,,Y,9,Cleared - False Positive
SCR003014,C01176,2025-09-10,Initial,World-Check,N,,,N,,N,,,,N,0,No Hit
SCR003015,C01177,2024-09-08,Initial,World-Check,N,,,N,,N,,,,N,0,No Hit
SCR003016,C01177,2025-03-07,Ongoing Rescreen,World-Check,N,,,N,,N,,,,N,0,No Hit
SCR003017,C01177,2025-09-03,Ongoing Rescreen,LexisNexis Bridger,N,,,N,,Y,Fraud,Court Records,N,Y,5,Cleared - False Positive
SCR003018,C01178,2024-12-13,Initial,Dow Jones Risk,N,,,N,,N,,,,N,0,No Hit
SCR003019,C01178,2025-06-11,Ongoing Rescreen,World-Check,N,,,N,,N,,,,N,0,No Hit
SCR003020,C01178,2025-12-08,Ongoing Rescreen,LexisNexis Bridger,N,,,N,,N,,,,N,0,No Hit
SCR003021,C01179,2025-10-07,Initial,World-Check,N,,,N,,N,,,,N,0,No Hit
SCR003022,C01180,2024-04-17,Initial,World-Check,N,,,N,,N,,,,N,0,No Hit
SCR003023,C01180,2024-10-14,Ongoing Rescreen,LexisNexis Bridger,N,,,N,,N,,,,N,0,No Hit
SCR003024,C01180,2025-04-12,Ongoing Rescreen,World-Check,N,,,N,,N,,,,N,0,No Hit
SCR003025,C01180,2025-10-09,Ongoing Rescreen,LexisNexis Bridger,N,,,N,,N,,,,N,0,No Hit
SCR003026,C01181,2024-04-16,Initial,LexisNexis Bridger,N,,,N,,Y,Tax Evasion,Regional News,N,Y,7,Cleared - False Positive
SCR003027,C01181,2024-10-13,Ongoing Rescreen,World-Check,N,,,N,,N,,,,N,0,No Hit
SCR003028,C01181,2025-04-11,Ongoing Rescreen,World-Check,N,,,N,,N,,,,N,0,No Hit
SCR003029,C01181,2025-10-08,Ongoing Rescreen,LexisNexis Bridger,N,,,N,,N,,,,N,0,No Hit
SCR003030,C01182,2025-01-19,Initial,World-Check,N,,,N,,N,,,,N,0,No Hit
SCR003031,C01182,2025-07-18,Ongoing Rescreen,Dow Jones Risk,N,,,N,,N,,,,N,0,No Hit
SCR003032,C01183,2024-07-03,Initial,Dow Jones Risk,N,,,N,,N,,,,N,0,No Hit
SCR003033,C01183,2024-12-30,Ongoing Rescreen,Dow Jones Risk,N,,,N,,N,,,,N,0,No Hit
SCR003034,C01183,2025-06-28,Ongoing Rescreen,LexisNexis Bridger,N,,,N,,N,,,,N,0,No Hit
SCR003035,C01183,2025-12-25,Ongoing Rescreen,LexisNexis Bridger,N,,,N,,N,,,,N,0,No Hit
SCR003036,C01184,2025-05-03,Initial,Dow Jones Risk,N,,,N,,N,,,,N,0,No Hit
SCR003037,C01184,2025-10-30,Ongoing Rescreen,LexisNexis Bridger,N,,,N,,Y,Organised Crime,National News,N,Y,6,Cleared - False Positive
SCR003038,C01185,2025-04-09,Initial,Dow Jones Risk,N,,,N,,N,,,,N,0,No Hit
SCR003039,C01185,2025-10-06,Ongoing Rescreen,Dow Jones Risk,N,,,N,,N,,,,N,0,No Hit
SCR003040,C01186,2024-08-30,Initial,World-Check,N,,,N,,N,,,,N,0,No Hit
SCR003041,C01186,2025-02-26,Ongoing Rescreen,Dow Jones Risk,N,,,N,,N,,,,N,0,No Hit
SCR003042,C01186,2025-08-25,Ongoing Rescreen,LexisNexis Bridger,N,,,N,,N,,,,N,0,No Hit
SCR003043,C01187,2024-03-25,Initial,LexisNexis Bridger,N,,,N,,N,,,,N,0,No Hit
SCR003044,C01187,2024-09-21,Ongoing Rescreen,World-Check,N,,,N,,N,,,,N,0,No Hit
SCR003045,C01187,2025-03-20,Ongoing Rescreen,LexisNexis Bridger,N,,,N,,N,,,,N,0,No Hit
SCR003046,C01187,2025-09-16,Ongoing Rescreen,LexisNexis Bridger,N,,,N,,N,,,,N,0,No Hit
SCR003047,C01188,2024-03-01,Initial,World-Check,N,,,N,,N,,,,N,0,No Hit
SCR003048,C01188,2024-08-28,Ongoing Rescreen,LexisNexis Bridger,N,,,N,,N,,,,N,0,No Hit
SCR003049,C01188,2025-02-24,Ongoing Rescreen,World-Check,N,,,N,,N,,,,N,0,No Hit
SCR003050,C01188,2025-08-23,Ongoing Rescreen,LexisNexis Bridger,N,,,N,,N,,,,N,0,No Hit
SCR003051,C01189,2024-11-19,Initial,World-Check,N,,,N,,N,,,,N,0,No Hit
SCR003052,C01189,2025-05-18,Ongoing Rescreen,World-Check,N,,,N,,N,,,,N,0,No Hit
SCR003053,C01189,2025-11-14,Ongoing Rescreen,World-Check,N,,,N,,N,,,,N,0,No Hit
SCR003054,C01190,2024-08-23,Initial,World-Check,N,,,N,,N,,,,N,0,No Hit
SCR003055,C01190,2025-02-19,Ongoing Rescreen,World-Check,N,,,N,,N,,,,N,0,No Hit
SCR003056,C01190,2025-08-18,Ongoing Rescreen,Dow Jones Risk,N,,,N,,N,,,,N,0,No Hit
SCR003057,C01191,2024-01-25,Initial,World-Check,N,,,N,,N,,,,N,0,No Hit
SCR003058,C01191,2024-07-23,Ongoing Rescreen,World-Check,N,,,N,,Y,Money Laundering,Court Records,Y,Y,6,Escalate to EDD
SCR003059,C01191,2025-01-19,Ongoing Rescreen,Dow Jones Risk,N,,,N,,N,,,,N,0,No Hit
SCR003060,C01191,2025-07-18,Ongoing Rescreen,Dow Jones Risk,N,,,N,,N,,,,N,0,No Hit
SCR003061,C01192,2025-05-19,Initial,World-Check,N,,,N,,N,,,,N,0,No Hit
SCR003062,C01192,2025-11-15,Ongoing Rescreen,World-Check,N,,,N,,N,,,,N,0,No Hit
SCR003063,C01193,2025-11-30,Initial,Dow Jones Risk,N,,,N,,N,,,,N,0,No Hit
SCR003064,C01194,2025-12-16,Initial,Dow Jones Risk,N,,,N,,N,,,,N,0,No Hit
SCR003065,C01195,2024-03-27,Initial,Dow Jones Risk,N,,,N,,N,,,,N,0,No Hit
SCR003066,C01195,2024-09-23,Ongoing Rescreen,Dow Jones Risk,N,,,N,,N,,,,N,0,No Hit
SCR003067,C01195,2025-03-22,Ongoing Rescreen,Dow Jones Risk,N,,,N,,N,,,,N,0,No Hit
SCR003068,C01195,2025-09-18,Ongoing Rescreen,LexisNexis Bridger,N,,,N,,N,,,,N,0,No Hit
SCR003069,C01196,2024-05-18,Initial,Dow Jones Risk,N,,,N,,N,,,,N,0,No Hit
SCR003070,C01196,2024-11-14,Ongoing Rescreen,LexisNexis Bridger,N,,,N,,N,,,,N,0,No Hit
SCR003071,C01196,2025-05-13,Ongoing Rescreen,LexisNexis Bridger,N,,,N,,N,,,,N,0,No Hit
SCR003072,C01196,2025-11-09,Ongoing Rescreen,World-Check,N,,,N,,N,,,,N,0,No Hit
SCR003073,C01197,2024-11-11,Initial,LexisNexis Bridger,N,,,N,,N,,,,N,0,No Hit
SCR003074,C01197,2025-05-10,Ongoing Rescreen,LexisNexis Bridger,N,,,Y,Family Member,N,,,,Y,6,Cleared - False Positive
SCR003075,C01197,2025-11-06,Ongoing Rescreen,Dow Jones Risk,N,,,N,,N,,,,N,0,No Hit
SCR003076,C01198,2025-10-30,Initial,World-Check,N,,,N,,N,,,,N,0,No Hit
SCR003077,C01199,2025-02-24,Initial,World-Check,N,,,N,,N,,,,N,0,No Hit
SCR003078,C01199,2025-08-23,Ongoing Rescreen,LexisNexis Bridger,N,,,N,,N,,,,N,0,No Hit
SCR003079,C01200,2024-11-29,Initial,LexisNexis Bridger,N,,,N,,N,,,,N,0,No Hit
SCR003080,C01200,2025-05-28,Ongoing Rescreen,World-Check,N,,,N,,N,,,,N,0,No Hit
SCR003081,C01200,2025-11-24,Ongoing Rescreen,World-Check,N,,,N,,N,,,,N,0,No Hit
SCR003082,C01201,2025-11-07,Initial,LexisNexis Bridger,N,,,N,,N,,,,N,0,No Hit
SCR003083,C01202,2025-04-29,Initial,Dow Jones Risk,N,,,N,,N,,,,N,0,No Hit
SCR003084,C01202,2025-10-26,Ongoing Rescreen,Dow Jones Risk,N,,,N,,N,,,,N,0,No Hit
SCR003085,C01203,2025-12-20,Initial,Dow Jones Risk,N,,,N,,N,,,,N,0,No Hit
SCR003086,C01204,2025-09-23,Initial,LexisNexis Bridger,N,,,N,,N,,,,N,0,No Hit
SCR003087,C01205,2025-12-30,Initial,LexisNexis Bridger,N,,,N,,Y,Tax Evasion,National News,N,Y,2,Cleared - False Positive
SCR003088,C01206,2025-02-11,Initial,LexisNexis Bridger,N,,,N,,N,,,,N,0,No Hit
SCR003089,C01206,2025-08-10,Ongoing Rescreen,World-Check,N,,,N,,Y,Money Laundering,National News,N,Y,4,Cleared - False Positive
SCR003090,C01207,2024-09-30,Initial,World-Check,N,,,N,,N,,,,N,0,No Hit
SCR003091,C01207,2025-03-29,Ongoing Rescreen,Dow Jones Risk,N,,,N,,N,,,,N,0,No Hit
SCR003092,C01207,2025-09-25,Ongoing Rescreen,Dow Jones Risk,N,,,N,,N,,,,N,0,No Hit
SCR003093,C01208,2024-02-14,Initial,LexisNexis Bridger,N,,,N,,N,,,,N,0,No Hit
SCR003094,C01208,2024-08-12,Ongoing Rescreen,LexisNexis Bridger,N,,,N,,N,,,,N,0,No Hit
SCR003095,C01208,2025-02-08,Ongoing Rescreen,World-Check,N,,,N,,N,,,,N,0,No Hit
SCR003096,C01208,2025-08-07,Ongoing Rescreen,Dow Jones Risk,N,,,N,,N,,,,N,0,No Hit
SCR003097,C01209,2025-06-17,Initial,Dow Jones Risk,N,,,N,,N,,,,N,0,No Hit
SCR003098,C01209,2025-12-14,Ongoing Rescreen,World-Check,N,,,N,,N,,,,N,0,No Hit
SCR003099,C01210,2024-07-13,Initial,Dow Jones Risk,N,,,N,,N,,,,Y,0,No Hit
SCR003100,C01210,2025-01-09,Ongoing Rescreen,World-Check,N,,,N,,N,,,,Y,0,No Hit
SCR003101,C01210,2025-07-08,Ongoing Rescreen,World-Check,N,,,N,,N,,,,Y,0,No Hit
SCR003102,C01211,2024-01-09,Initial,World-Check,N,,,N,,Y,Fraud,National News,N,Y,7,Cleared - False Positive
SCR003103,C01211,2024-07-07,Ongoing Rescreen,World-Check,N,,,N,,N,,,,N,0,No Hit
SCR003104,C01211,2025-01-03,Ongoing Rescreen,LexisNexis Bridger,N,,,N,,N,,,,N,0,No Hit
SCR003105,C01211,2025-07-02,Ongoing Rescreen,World-Check,N,,,N,,N,,,,N,0,No Hit
SCR003106,C01211,2025-12-29,Ongoing Rescreen,World-Check,N,,,N,,N,,,,N,0,No Hit
SCR003107,C01212,2025-08-09,Initial,Dow Jones Risk,N,,,N,,N,,,,N,0,No Hit
SCR003108,C01213,2024-11-06,Initial,Dow Jones Risk,N,,,N,,N,,,,N,0,No Hit
SCR003109,C01213,2025-05-05,Ongoing Rescreen,LexisNexis Bridger,N,,,N,,N,,,,N,0,No Hit
SCR003110,C01213,2025-11-01,Ongoing Rescreen,LexisNexis Bridger,N,,,N,,N,,,,N,0,No Hit
SCR003111,C01214,2025-02-08,Initial,LexisNexis Bridger,N,,,N,,N,,,,N,0,No Hit
SCR003112,C01214,2025-08-07,Ongoing Rescreen,LexisNexis Bridger,N,,,N,,N,,,,N,0,No Hit
SCR003113,C01215,2025-07-27,Initial,LexisNexis Bridger,N,,,N,,N,,,,N,0,No Hit
SCR003114,C01216,2024-08-28,Initial,Dow Jones Risk,N,,,N,,N,,,,N,0,No Hit
SCR003115,C01216,2025-02-24,Ongoing Rescreen,LexisNexis Bridger,N,,,N,,N,,,,N,0,No Hit
SCR003116,C01216,2025-08-23,Ongoing Rescreen,Dow Jones Risk,N,,,N,,N,,,,N,0,No Hit
SCR003117,C01217,2025-08-20,Initial,LexisNexis Bridger,N,,,N,,N,,,,N,0,No Hit
SCR003118,C01218,2025-03-02,Initial,LexisNexis Bridger,N,,,N,,N,,,,N,0,No Hit
SCR003119,C01218,2025-08-29,Ongoing Rescreen,Dow Jones Risk,N,,,N,,N,,,,N,0,No Hit
SCR003120,C01219,2025-02-18,Initial,LexisNexis Bridger,N,,,N,,N,,,,Y,0,No Hit
SCR003121,C01219,2025-08-17,Ongoing Rescreen,World-Check,N,,,N,,N,,,,Y,0,No Hit
SCR003122,C01220,2024-07-15,Initial,LexisNexis Bridger,N,,,N,,N,,,,N,0,No Hit
SCR003123,C01220,2025-01-11,Ongoing Rescreen,LexisNexis Bridger,N,,,N,,N,,,,N,0,No Hit
SCR003124,C01220,2025-07-10,Ongoing Rescreen,Dow Jones Risk,N,,,N,,N,,,,N,0,No Hit
SCR003125,C01221,2025-07-30,Initial,LexisNexis Bridger,N,,,N,,N,,,,N,0,No Hit
SCR003126,C01222,2024-06-25,Initial,LexisNexis Bridger,N,,,Y,Close Associate,N,,,,Y,9,Cleared - False Positive
SCR003127,C01222,2024-12-22,Ongoing Rescreen,Dow Jones Risk,N,,,Y,Domestic PEP,N,,,,Y,15,Cleared - False Positive
SCR003128,C01222,2025-06-20,Ongoing Rescreen,World-Check,N,,,Y,Family Member,N,,,,Y,12,Cleared - False Positive
SCR003129,C01222,2025-12-17,Ongoing Rescreen,Dow Jones Risk,N,,,Y,Family Member,N,,,,Y,3,Cleared - False Positive
SCR003130,C01223,2025-03-28,Initial,Dow Jones Risk,N,,,N,,N,,,,N,0,No Hit
SCR003131,C01223,2025-09-24,Ongoing Rescreen,World-Check,N,,,N,,N,,,,N,0,No Hit
SCR003132,C01224,2025-08-28,Initial,Dow Jones Risk,N,,,N,,N,,,,Y,0,No Hit
SCR003133,C01225,2024-03-26,Initial,LexisNexis Bridger,N,,,N,,N,,,,N,0,No Hit
SCR003134,C01225,2024-09-22,Ongoing Rescreen,LexisNexis Bridger,N,,,N,,N,,,,N,0,No Hit
SCR003135,C01225,2025-03-21,Ongoing Rescreen,World-Check,N,,,N,,N,,,,N,0,No Hit
SCR003136,C01225,2025-09-17,Ongoing Rescreen,World-Check,N,,,N,,N,,,,N,0,No Hit
SCR003137,C01226,2024-10-19,Initial,World-Check,N,,,N,,N,,,,N,0,No Hit
SCR003138,C01226,2025-04-17,Ongoing Rescreen,Dow Jones Risk,N,,,N,,N,,,,N,0,No Hit
SCR003139,C01226,2025-10-14,Ongoing Rescreen,LexisNexis Bridger,N,,,N,,N,,,,N,0,No Hit
SCR003140,C01227,2025-05-10,Initial,LexisNexis Bridger,N,,,N,,N,,,,N,0,No Hit
SCR003141,C01227,2025-11-06,Ongoing Rescreen,LexisNexis Bridger,N,,,N,,N,,,,N,0,No Hit
SCR003142,C01228,2024-07-19,Initial,World-Check,N,,,N,,N,,,,N,0,No Hit
SCR003143,C01228,2025-01-15,Ongoing Rescreen,LexisNexis Bridger,N,,,N,,N,,,,N,0,No Hit
SCR003144,C01228,2025-07-14,Ongoing Rescreen,LexisNexis Bridger,N,,,N,,N,,,,N,0,No Hit
SCR003145,C01229,2024-01-21,Initial,LexisNexis Bridger,N,,,N,,N,,,,N,0,No Hit
SCR003146,C01229,2024-07-19,Ongoing Rescreen,LexisNexis Bridger,N,,,N,,N,,,,N,0,No Hit
SCR003147,C01229,2025-01-15,Ongoing Rescreen,Dow Jones Risk,N,,,N,,N,,,,N,0,No Hit
SCR003148,C01229,2025-07-14,Ongoing Rescreen,World-Check,N,,,N,,N,,,,N,0,No Hit
SCR003149,C01230,2024-10-26,Initial,World-Check,N,,,N,,N,,,,N,0,No Hit
SCR003150,C01230,2025-04-24,Ongoing Rescreen,LexisNexis Bridger,N,,,N,,N,,,,N,0,No Hit
SCR003151,C01230,2025-10-21,Ongoing Rescreen,Dow Jones Risk,N,,,N,,N,,,,N,0,No Hit
SCR003152,C01231,2024-12-29,Initial,LexisNexis Bridger,N,,,N,,Y,Organised Crime,Regulator Notice,N,Y,3,Cleared - False Positive
SCR003153,C01231,2025-06-27,Ongoing Rescreen,World-Check,N,,,N,,N,,,,N,0,No Hit
SCR003154,C01231,2025-12-24,Ongoing Rescreen,LexisNexis Bridger,N,,,N,,N,,,,N,0,No Hit
SCR003155,C01232,2025-11-03,Initial,LexisNexis Bridger,N,,,N,,N,,,,N,0,No Hit
SCR003156,C01233,2025-08-13,Initial,LexisNexis Bridger,N,,,N,,N,,,,N,0,No Hit
SCR003157,C01234,2024-05-12,Initial,Dow Jones Risk,N,,,N,,N,,,,N,0,No Hit
SCR003158,C01234,2024-11-08,Ongoing Rescreen,LexisNexis Bridger,N,,,N,,N,,,,N,0,No Hit
SCR003159,C01234,2025-05-07,Ongoing Rescreen,LexisNexis Bridger,N,,,N,,N,,,,N,0,No Hit
SCR003160,C01234,2025-11-03,Ongoing Rescreen,LexisNexis Bridger,N,,,N,,N,,,,N,0,No Hit
SCR003161,C01235,2024-07-21,Initial,LexisNexis Bridger,N,,,N,,N,,,,N,0,No Hit
SCR003162,C01235,2025-01-17,Ongoing Rescreen,LexisNexis Bridger,N,,,N,,N,,,,N,0,No Hit
SCR003163,C01235,2025-07-16,Ongoing Rescreen,Dow Jones Risk,N,,,N,,N,,,,N,0,No Hit
SCR003164,C01236,2024-05-15,Initial,LexisNexis Bridger,N,,,N,,N,,,,Y,0,No Hit
SCR003165,C01236,2024-11-11,Ongoing Rescreen,World-Check,N,,,N,,N,,,,Y,0,No Hit
SCR003166,C01236,2025-05-10,Ongoing Rescreen,LexisNexis Bridger,N,,,N,,N,,,,Y,0,No Hit
SCR003167,C01236,2025-11-06,Ongoing Rescreen,World-Check,N,,,N,,N,,,,Y,0,No Hit
SCR003168,C01237,2025-10-27,Initial,World-Check,N,,,N,,N,,,,N,0,No Hit
SCR003169,C01238,2024-09-15,Initial,LexisNexis Bridger,N,,,N,,N,,,,N,0,No Hit
SCR003170,C01238,2025-03-14,Ongoing Rescreen,LexisNexis Bridger,N,,,N,,N,,,,N,0,No Hit
SCR003171,C01238,2025-09-10,Ongoing Rescreen,World-Check,N,,,N,,N,,,,N,0,No Hit
SCR003172,C01239,2025-10-13,Initial,World-Check,N,,,N,,N,,,,N,0,No Hit
SCR003173,C01240,2024-02-14,Initial,LexisNexis Bridger,N,,,N,,N,,,,N,0,No Hit
SCR003174,C01240,2024-08-12,Ongoing Rescreen,LexisNexis Bridger,N,,,N,,N,,,,N,0,No Hit
SCR003175,C01240,2025-02-08,Ongoing Rescreen,Dow Jones Risk,N,,,N,,N,,,,N,0,No Hit
SCR003176,C01240,2025-08-07,Ongoing Rescreen,LexisNexis Bridger,N,,,N,,N,,,,N,0,No Hit
SCR003177,C01241,2025-02-12,Initial,LexisNexis Bridger,N,,,N,,N,,,,N,0,No Hit
SCR003178,C01241,2025-08-11,Ongoing Rescreen,World-Check,N,,,N,,N,,,,N,0,No Hit
SCR003179,C01242,2024-02-24,Initial,World-Check,N,,,N,,N,,,,N,0,No Hit
SCR003180,C01242,2024-08-22,Ongoing Rescreen,Dow Jones Risk,N,,,N,,N,,,,N,0,No Hit
SCR003181,C01242,2025-02-18,Ongoing Rescreen,World-Check,N,,,N,,N,,,,N,0,No Hit
SCR003182,C01242,2025-08-17,Ongoing Rescreen,Dow Jones Risk,N,,,N,,N,,,,N,0,No Hit
SCR003183,C01243,2025-02-09,Initial,World-Check,N,,,N,,N,,,,N,0,No Hit
SCR003184,C01243,2025-08-08,Ongoing Rescreen,Dow Jones Risk,N,,,N,,N,,,,N,0,No Hit
SCR003185,C01244,2024-01-09,Initial,World-Check,N,,,N,,N,,,,N,0,No Hit
SCR003186,C01244,2024-07-07,Ongoing Rescreen,Dow Jones Risk,N,,,N,,N,,,,N,0,No Hit
SCR003187,C01244,2025-01-03,Ongoing Rescreen,Dow Jones Risk,N,,,N,,N,,,,N,0,No Hit
SCR003188,C01244,2025-07-02,Ongoing Rescreen,Dow Jones Risk,N,,,N,,N,,,,N,0,No Hit
SCR003189,C01244,2025-12-29,Ongoing Rescreen,Dow Jones Risk,N,,,N,,N,,,,N,0,No Hit
SCR003190,C01245,2024-04-24,Initial,LexisNexis Bridger,N,,,N,,N,,,,N,0,No Hit
SCR003191,C01245,2024-10-21,Ongoing Rescreen,Dow Jones Risk,N,,,N,,N,,,,N,0,No Hit
SCR003192,C01245,2025-04-19,Ongoing Rescreen,World-Check,N,,,N,,N,,,,N,0,No Hit
SCR003193,C01245,2025-10-16,Ongoing Rescreen,Dow Jones Risk,N,,,N,,N,,,,N,0,No Hit
SCR003194,C01246,2024-04-16,Initial,Dow Jones Risk,N,,,N,,N,,,,N,0,No Hit
SCR003195,C01246,2024-10-13,Ongoing Rescreen,World-Check,N,,,N,,N,,,,N,0,No Hit
SCR003196,C01246,2025-04-11,Ongoing Rescreen,World-Check,N,,,N,,N,,,,N,0,No Hit
SCR003197,C01246,2025-10-08,Ongoing Rescreen,Dow Jones Risk,N,,,N,,N,,,,N,0,No Hit
SCR003198,C01247,2025-06-02,Initial,LexisNexis Bridger,N,,,N,,N,,,,N,0,No Hit
SCR003199,C01247,2025-11-29,Ongoing Rescreen,Dow Jones Risk,N,,,N,,Y,Money Laundering,Regional News,N,Y,1,Cleared - False Positive
SCR003200,C01248,2025-04-13,Initial,Dow Jones Risk,N,,,N,,N,,,,N,0,No Hit
SCR003201,C01248,2025-10-10,Ongoing Rescreen,LexisNexis Bridger,N,,,N,,N,,,,N,0,No Hit
SCR003202,C01249,2025-02-12,Initial,LexisNexis Bridger,N,,,N,,N,,,,N,0,No Hit
SCR003203,C01249,2025-08-11,Ongoing Rescreen,World-Check,N,,,N,,N,,,,N,0,No Hit
SCR003204,C01250,2024-05-23,Initial,LexisNexis Bridger,N,,,N,,N,,,,N,0,No Hit
SCR003205,C01250,2024-11-19,Ongoing Rescreen,Dow Jones Risk,N,,,N,,N,,,,N,0,No Hit
SCR003206,C01250,2025-05-18,Ongoing Rescreen,World-Check,N,,,N,,N,,,,N,0,No Hit
SCR003207,C01250,2025-11-14,Ongoing Rescreen,World-Check,N,,,N,,N,,,,N,0,No Hit
SCR003208,C01251,2024-07-13,Initial,Dow Jones Risk,N,,,N,,N,,,,N,0,No Hit
SCR003209,C01251,2025-01-09,Ongoing Rescreen,Dow Jones Risk,N,,,N,,N,,,,N,0,No Hit
SCR003210,C01251,2025-07-08,Ongoing Rescreen,LexisNexis Bridger,N,,,N,,N,,,,N,0,No Hit
SCR003211,C01252,2024-10-03,Initial,Dow Jones Risk,N,,,N,,Y,Tax Evasion,Regional News,N,Y,5,Cleared - False Positive
SCR003212,C01252,2025-04-01,Ongoing Rescreen,LexisNexis Bridger,N,,,N,,N,,,,Y,0,No Hit
SCR003213,C01252,2025-09-28,Ongoing Rescreen,Dow Jones Risk,N,,,N,,N,,,,Y,0,No Hit
SCR003214,C01253,2025-12-16,Initial,Dow Jones Risk,N,,,N,,N,,,,N,0,No Hit
SCR003215,C01254,2025-05-30,Initial,LexisNexis Bridger,N,,,N,,N,,,,N,0,No Hit
SCR003216,C01254,2025-11-26,Ongoing Rescreen,World-Check,N,,,N,,N,,,,N,0,No Hit
SCR003217,C01255,2024-01-24,Initial,World-Check,N,,,N,,N,,,,N,0,No Hit
SCR003218,C01255,2024-07-22,Ongoing Rescreen,Dow Jones Risk,N,,,N,,N,,,,N,0,No Hit
SCR003219,C01255,2025-01-18,Ongoing Rescreen,Dow Jones Risk,N,,,N,,N,,,,N,0,No Hit
SCR003220,C01255,2025-07-17,Ongoing Rescreen,LexisNexis Bridger,N,,,N,,N,,,,N,0,No Hit
SCR003221,C01256,2024-01-24,Initial,LexisNexis Bridger,N,,,N,,N,,,,N,0,No Hit
SCR003222,C01256,2024-07-22,Ongoing Rescreen,LexisNexis Bridger,N,,,N,,N,,,,N,0,No Hit
SCR003223,C01256,2025-01-18,Ongoing Rescreen,LexisNexis Bridger,N,,,N,,N,,,,N,0,No Hit
SCR003224,C01256,2025-07-17,Ongoing Rescreen,LexisNexis Bridger,N,,,N,,N,,,,N,0,No Hit
SCR003225,C01257,2024-09-11,Initial,Dow Jones Risk,N,,,N,,N,,,,N,0,No Hit
SCR003226,C01257,2025-03-10,Ongoing Rescreen,LexisNexis Bridger,N,,,N,,N,,,,N,0,No Hit
SCR003227,C01257,2025-09-06,Ongoing Rescreen,World-Check,N,,,N,,N,,,,N,0,No Hit
SCR003228,C01258,2024-06-01,Initial,Dow Jones Risk,N,,,N,,Y,Regulatory Fine,Court Records,N,Y,5,Cleared - False Positive
SCR003229,C01258,2024-11-28,Ongoing Rescreen,World-Check,N,,,N,,N,,,,N,0,No Hit
SCR003230,C01258,2025-05-27,Ongoing Rescreen,Dow Jones Risk,N,,,N,,N,,,,N,0,No Hit
SCR003231,C01258,2025-11-23,Ongoing Rescreen,LexisNexis Bridger,N,,,N,,N,,,,N,0,No Hit
SCR003232,C01259,2024-10-24,Initial,World-Check,N,,,N,,N,,,,N,0,No Hit
SCR003233,C01259,2025-04-22,Ongoing Rescreen,Dow Jones Risk,N,,,N,,N,,,,N,0,No Hit
SCR003234,C01259,2025-10-19,Ongoing Rescreen,Dow Jones Risk,N,,,N,,N,,,,N,0,No Hit
SCR003235,C01260,2025-12-28,Initial,Dow Jones Risk,N,,,N,,N,,,,N,0,No Hit
SCR003236,C01261,2024-05-23,Initial,Dow Jones Risk,N,,,N,,N,,,,N,0,No Hit
SCR003237,C01261,2024-11-19,Ongoing Rescreen,Dow Jones Risk,N,,,N,,N,,,,N,0,No Hit
SCR003238,C01261,2025-05-18,Ongoing Rescreen,LexisNexis Bridger,N,,,N,,N,,,,N,0,No Hit
SCR003239,C01261,2025-11-14,Ongoing Rescreen,Dow Jones Risk,N,,,N,,N,,,,N,0,No Hit
SCR003240,C01262,2025-03-12,Initial,Dow Jones Risk,N,,,N,,N,,,,N,0,No Hit
SCR003241,C01262,2025-09-08,Ongoing Rescreen,World-Check,N,,,N,,N,,,,N,0,No Hit
SCR003242,C01263,2024-12-18,Initial,Dow Jones Risk,N,,,N,,N,,,,N,0,No Hit
SCR003243,C01263,2025-06-16,Ongoing Rescreen,World-Check,N,,,N,,N,,,,N,0,No Hit
SCR003244,C01263,2025-12-13,Ongoing Rescreen,LexisNexis Bridger,N,,,N,,N,,,,N,0,No Hit
SCR003245,C01264,2025-04-27,Initial,LexisNexis Bridger,N,,,N,,N,,,,N,0,No Hit
SCR003246,C01264,2025-10-24,Ongoing Rescreen,LexisNexis Bridger,N,,,N,,N,,,,N,0,No Hit
SCR003247,C01265,2025-02-03,Initial,World-Check,N,,,N,,N,,,,N,0,No Hit
SCR003248,C01265,2025-08-02,Ongoing Rescreen,LexisNexis Bridger,N,,,N,,N,,,,N,0,No Hit
SCR003249,C01266,2025-01-12,Initial,LexisNexis Bridger,N,,,N,,N,,,,N,0,No Hit
SCR003250,C01266,2025-07-11,Ongoing Rescreen,LexisNexis Bridger,N,,,N,,N,,,,N,0,No Hit
SCR003251,C01267,2024-07-20,Initial,Dow Jones Risk,N,,,N,,N,,,,N,0,No Hit
SCR003252,C01267,2025-01-16,Ongoing Rescreen,Dow Jones Risk,N,,,N,,N,,,,N,0,No Hit
SCR003253,C01267,2025-07-15,Ongoing Rescreen,LexisNexis Bridger,N,,,N,,N,,,,N,0,No Hit
SCR003254,C01268,2025-12-07,Initial,Dow Jones Risk,N,,,N,,N,,,,N,0,No Hit
SCR003255,C01269,2024-07-14,Initial,LexisNexis Bridger,N,,,N,,N,,,,N,0,No Hit
SCR003256,C01269,2025-01-10,Ongoing Rescreen,World-Check,N,,,Y,Domestic PEP,N,,,,Y,7,Cleared - False Positive
SCR003257,C01269,2025-07-09,Ongoing Rescreen,LexisNexis Bridger,N,,,N,,N,,,,N,0,No Hit
SCR003258,C01270,2024-04-15,Initial,World-Check,N,,,N,,N,,,,N,0,No Hit
SCR003259,C01270,2024-10-12,Ongoing Rescreen,LexisNexis Bridger,N,,,N,,N,,,,N,0,No Hit
SCR003260,C01270,2025-04-10,Ongoing Rescreen,Dow Jones Risk,N,,,N,,Y,Money Laundering,Online Blog,N,Y,2,Cleared - False Positive
SCR003261,C01270,2025-10-07,Ongoing Rescreen,LexisNexis Bridger,N,,,N,,N,,,,N,0,No Hit
SCR003262,C01271,2024-03-11,Initial,LexisNexis Bridger,N,,,N,,N,,,,N,0,No Hit
SCR003263,C01271,2024-09-07,Ongoing Rescreen,World-Check,N,,,N,,N,,,,N,0,No Hit
SCR003264,C01271,2025-03-06,Ongoing Rescreen,LexisNexis Bridger,N,,,N,,N,,,,N,0,No Hit
SCR003265,C01271,2025-09-02,Ongoing Rescreen,World-Check,N,,,N,,N,,,,N,0,No Hit
SCR003266,C01272,2024-02-19,Initial,Dow Jones Risk,N,,,N,,N,,,,Y,0,No Hit
SCR003267,C01272,2024-08-17,Ongoing Rescreen,Dow Jones Risk,N,,,N,,N,,,,Y,0,No Hit
SCR003268,C01272,2025-02-13,Ongoing Rescreen,Dow Jones Risk,N,,,N,,N,,,,Y,0,No Hit
SCR003269,C01272,2025-08-12,Ongoing Rescreen,LexisNexis Bridger,N,,,N,,N,,,,Y,0,No Hit
SCR003270,C01273,2024-09-15,Initial,World-Check,N,,,N,,N,,,,N,0,No Hit
SCR003271,C01273,2025-03-14,Ongoing Rescreen,Dow Jones Risk,N,,,N,,N,,,,N,0,No Hit
SCR003272,C01273,2025-09-10,Ongoing Rescreen,World-Check,N,,,N,,N,,,,N,0,No Hit
SCR003273,C01274,2025-08-19,Initial,Dow Jones Risk,N,,,N,,Y,Tax Evasion,National News,N,Y,11,Cleared - False Positive
SCR003274,C01275,2024-04-23,Initial,Dow Jones Risk,N,,,N,,N,,,,N,0,No Hit
SCR003275,C01275,2024-10-20,Ongoing Rescreen,LexisNexis Bridger,N,,,N,,N,,,,N,0,No Hit
SCR003276,C01275,2025-04-18,Ongoing Rescreen,World-Check,N,,,N,,N,,,,N,0,No Hit
SCR003277,C01275,2025-10-15,Ongoing Rescreen,Dow Jones Risk,N,,,N,,N,,,,N,0,No Hit
SCR003278,C01276,2024-01-03,Initial,Dow Jones Risk,N,,,N,,N,,,,N,0,No Hit
SCR003279,C01276,2024-07-01,Ongoing Rescreen,LexisNexis Bridger,N,,,N,,N,,,,N,0,No Hit
SCR003280,C01276,2024-12-28,Ongoing Rescreen,World-Check,N,,,N,,N,,,,N,0,No Hit
SCR003281,C01276,2025-06-26,Ongoing Rescreen,LexisNexis Bridger,N,,,N,,N,,,,N,0,No Hit
SCR003282,C01276,2025-12-23,Ongoing Rescreen,Dow Jones Risk,N,,,N,,N,,,,N,0,No Hit
SCR003283,C01277,2025-01-22,Initial,LexisNexis Bridger,N,,,N,,Y,Bribery & Corruption,National News,N,Y,2,Cleared - False Positive
SCR003284,C01277,2025-07-21,Ongoing Rescreen,World-Check,N,,,Y,Foreign PEP,N,,,,Y,5,Cleared - False Positive
SCR003285,C01278,2025-02-14,Initial,World-Check,N,,,Y,Foreign PEP,N,,,,Y,2,Cleared - False Positive
SCR003286,C01278,2025-08-13,Ongoing Rescreen,Dow Jones Risk,N,,,N,,N,,,,N,0,No Hit
SCR003287,C01279,2025-02-15,Initial,LexisNexis Bridger,N,,,N,,N,,,,N,0,No Hit
SCR003288,C01279,2025-08-14,Ongoing Rescreen,World-Check,N,,,N,,N,,,,N,0,No Hit
SCR003289,C01280,2024-01-02,Initial,LexisNexis Bridger,N,,,N,,N,,,,N,0,No Hit
SCR003290,C01280,2024-06-30,Ongoing Rescreen,Dow Jones Risk,N,,,N,,N,,,,N,0,No Hit
SCR003291,C01280,2024-12-27,Ongoing Rescreen,LexisNexis Bridger,N,,,N,,N,,,,N,0,No Hit
SCR003292,C01280,2025-06-25,Ongoing Rescreen,World-Check,N,,,Y,Domestic PEP,N,,,,Y,3,Cleared - False Positive
SCR003293,C01280,2025-12-22,Ongoing Rescreen,LexisNexis Bridger,N,,,N,,N,,,,N,0,No Hit
SCR003294,C01281,2024-05-28,Initial,World-Check,N,,,N,,N,,,,N,0,No Hit
SCR003295,C01281,2024-11-24,Ongoing Rescreen,World-Check,N,,,N,,N,,,,N,0,No Hit
SCR003296,C01281,2025-05-23,Ongoing Rescreen,World-Check,N,,,N,,N,,,,N,0,No Hit
SCR003297,C01281,2025-11-19,Ongoing Rescreen,Dow Jones Risk,N,,,N,,N,,,,N,0,No Hit
SCR003298,C01282,2024-09-11,Initial,World-Check,N,,,N,,N,,,,N,0,No Hit
SCR003299,C01282,2025-03-10,Ongoing Rescreen,Dow Jones Risk,N,,,N,,N,,,,N,0,No Hit
SCR003300,C01282,2025-09-06,Ongoing Rescreen,LexisNexis Bridger,N,,,N,,N,,,,N,0,No Hit
SCR003301,C01283,2025-06-24,Initial,World-Check,N,,,N,,N,,,,N,0,No Hit
SCR003302,C01283,2025-12-21,Ongoing Rescreen,World-Check,N,,,N,,N,,,,N,0,No Hit
SCR003303,C01284,2025-04-20,Initial,Dow Jones Risk,N,,,N,,N,,,,N,0,No Hit
SCR003304,C01284,2025-10-17,Ongoing Rescreen,World-Check,N,,,Y,Family Member,N,,,,Y,3,Cleared - False Positive
SCR003305,C01285,2025-08-18,Initial,LexisNexis Bridger,N,,,N,,N,,,,Y,0,No Hit
SCR003306,C01286,2025-02-04,Initial,World-Check,N,,,N,,N,,,,N,0,No Hit
SCR003307,C01286,2025-08-03,Ongoing Rescreen,Dow Jones Risk,N,,,N,,N,,,,N,0,No Hit
SCR003308,C01287,2024-10-21,Initial,Dow Jones Risk,N,,,N,,N,,,,N,0,No Hit
SCR003309,C01287,2025-04-19,Ongoing Rescreen,World-Check,N,,,N,,N,,,,N,0,No Hit
SCR003310,C01287,2025-10-16,Ongoing Rescreen,World-Check,N,,,N,,N,,,,N,0,No Hit
SCR003311,C01288,2025-02-13,Initial,Dow Jones Risk,N,,,N,,N,,,,N,0,No Hit
SCR003312,C01288,2025-08-12,Ongoing Rescreen,LexisNexis Bridger,N,,,N,,N,,,,N,0,No Hit
SCR003313,C01289,2024-10-08,Initial,LexisNexis Bridger,N,,,N,,N,,,,N,0,No Hit
SCR003314,C01289,2025-04-06,Ongoing Rescreen,Dow Jones Risk,N,,,N,,N,,,,N,0,No Hit
SCR003315,C01289,2025-10-03,Ongoing Rescreen,LexisNexis Bridger,N,,,N,,N,,,,N,0,No Hit
SCR003316,C01290,2024-04-25,Initial,World-Check,N,,,N,,N,,,,N,0,No Hit
SCR003317,C01290,2024-10-22,Ongoing Rescreen,LexisNexis Bridger,N,,,N,,N,,,,N,0,No Hit
SCR003318,C01290,2025-04-20,Ongoing Rescreen,World-Check,N,,,N,,N,,,,N,0,No Hit
SCR003319,C01290,2025-10-17,Ongoing Rescreen,LexisNexis Bridger,N,,,N,,N,,,,N,0,No Hit
SCR003320,C01291,2025-02-24,Initial,Dow Jones Risk,N,,,N,,N,,,,N,0,No Hit
SCR003321,C01291,2025-08-23,Ongoing Rescreen,World-Check,N,,,N,,N,,,,N,0,No Hit
SCR003322,C01292,2024-08-03,Initial,World-Check,N,,,Y,Foreign PEP,Y,Regulatory Fine,Regulator Notice,N,Y,27,Cleared - False Positive
SCR003323,C01292,2025-01-30,Ongoing Rescreen,World-Check,N,,,Y,Family Member,N,,,,Y,12,Cleared - False Positive
SCR003324,C01292,2025-07-29,Ongoing Rescreen,LexisNexis Bridger,N,,,Y,Domestic PEP,Y,Money Laundering,Regional News,N,Y,4,Cleared - False Positive
SCR003325,C01293,2024-07-12,Initial,LexisNexis Bridger,N,,,N,,N,,,,N,0,No Hit
SCR003326,C01293,2025-01-08,Ongoing Rescreen,World-Check,N,,,N,,N,,,,N,0,No Hit
SCR003327,C01293,2025-07-07,Ongoing Rescreen,LexisNexis Bridger,N,,,N,,N,,,,N,0,No Hit
SCR003328,C01294,2025-06-03,Initial,LexisNexis Bridger,N,,,N,,N,,,,N,0,No Hit
SCR003329,C01294,2025-11-30,Ongoing Rescreen,LexisNexis Bridger,N,,,N,,N,,,,N,0,No Hit
SCR003330,C01295,2024-02-18,Initial,World-Check,N,,,N,,Y,Bribery & Corruption,Regulator Notice,N,Y,5,Cleared - False Positive
SCR003331,C01295,2024-08-16,Ongoing Rescreen,World-Check,N,,,N,,N,,,,N,0,No Hit
SCR003332,C01295,2025-02-12,Ongoing Rescreen,LexisNexis Bridger,N,,,N,,N,,,,N,0,No Hit
SCR003333,C01295,2025-08-11,Ongoing Rescreen,Dow Jones Risk,N,,,N,,N,,,,N,0,No Hit
SCR003334,C01296,2024-01-18,Initial,LexisNexis Bridger,N,,,N,,N,,,,N,0,No Hit
SCR003335,C01296,2024-07-16,Ongoing Rescreen,Dow Jones Risk,N,,,N,,N,,,,N,0,No Hit
SCR003336,C01296,2025-01-12,Ongoing Rescreen,World-Check,N,,,N,,N,,,,N,0,No Hit
SCR003337,C01296,2025-07-11,Ongoing Rescreen,World-Check,N,,,N,,N,,,,N,0,No Hit
SCR003338,C01297,2024-09-17,Initial,World-Check,N,,,N,,N,,,,N,0,No Hit
SCR003339,C01297,2025-03-16,Ongoing Rescreen,LexisNexis Bridger,N,,,N,,Y,Tax Evasion,Online Blog,N,Y,3,Cleared - False Positive
SCR003340,C01297,2025-09-12,Ongoing Rescreen,LexisNexis Bridger,N,,,N,,N,,,,N,0,No Hit
SCR003341,C01298,2025-03-11,Initial,Dow Jones Risk,N,,,N,,N,,,,Y,0,No Hit
SCR003342,C01298,2025-09-07,Ongoing Rescreen,LexisNexis Bridger,N,,,N,,N,,,,Y,0,No Hit
SCR003343,C01299,2025-09-05,Initial,Dow Jones Risk,N,,,N,,Y,Bribery & Corruption,National News,N,Y,6,Cleared - False Positive
SCR003344,C01300,2025-01-12,Initial,LexisNexis Bridger,N,,,Y,Domestic PEP,N,,,,Y,3,Cleared - False Positive
SCR003345,C01300,2025-07-11,Ongoing Rescreen,LexisNexis Bridger,N,,,Y,Domestic PEP,Y,Money Laundering,National News,N,Y,4,Cleared - False Positive
SCR003346,C01301,2024-07-08,Initial,LexisNexis Bridger,N,,,N,,N,,,,N,0,No Hit
SCR003347,C01301,2025-01-04,Ongoing Rescreen,LexisNexis Bridger,N,,,N,,N,,,,N,0,No Hit
SCR003348,C01301,2025-07-03,Ongoing Rescreen,Dow Jones Risk,N,,,N,,N,,,,N,0,No Hit
SCR003349,C01301,2025-12-30,Ongoing Rescreen,Dow Jones Risk,N,,,N,,N,,,,N,0,No Hit
SCR003350,C01302,2024-09-08,Initial,World-Check,N,,,N,,N,,,,N,0,No Hit
SCR003351,C01302,2025-03-07,Ongoing Rescreen,Dow Jones Risk,N,,,N,,N,,,,N,0,No Hit
SCR003352,C01302,2025-09-03,Ongoing Rescreen,Dow Jones Risk,N,,,N,,N,,,,N,0,No Hit
SCR003353,C01303,2024-10-03,Initial,World-Check,N,,,N,,N,,,,N,0,No Hit
SCR003354,C01303,2025-04-01,Ongoing Rescreen,World-Check,N,,,N,,N,,,,N,0,No Hit
SCR003355,C01303,2025-09-28,Ongoing Rescreen,World-Check,N,,,N,,N,,,,N,0,No Hit
SCR003356,C01304,2024-09-01,Initial,World-Check,N,,,N,,N,,,,N,0,No Hit
SCR003357,C01304,2025-02-28,Ongoing Rescreen,Dow Jones Risk,N,,,N,,N,,,,N,0,No Hit
SCR003358,C01304,2025-08-27,Ongoing Rescreen,LexisNexis Bridger,N,,,N,,N,,,,N,0,No Hit
SCR003359,C01305,2025-05-03,Initial,Dow Jones Risk,N,,,N,,N,,,,N,0,No Hit
SCR003360,C01305,2025-10-30,Ongoing Rescreen,LexisNexis Bridger,N,,,N,,N,,,,N,0,No Hit
SCR003361,C01306,2025-08-07,Initial,LexisNexis Bridger,N,,,N,,N,,,,N,0,No Hit
SCR003362,C01307,2025-06-02,Initial,World-Check,N,,,N,,N,,,,Y,0,No Hit
SCR003363,C01307,2025-11-29,Ongoing Rescreen,Dow Jones Risk,N,,,N,,N,,,,Y,0,No Hit
SCR003364,C01308,2024-10-06,Initial,LexisNexis Bridger,N,,,N,,N,,,,N,0,No Hit
SCR003365,C01308,2025-04-04,Ongoing Rescreen,Dow Jones Risk,N,,,N,,N,,,,N,0,No Hit
SCR003366,C01308,2025-10-01,Ongoing Rescreen,World-Check,N,,,N,,N,,,,N,0,No Hit
SCR003367,C01309,2024-07-29,Initial,LexisNexis Bridger,N,,,N,,N,,,,N,0,No Hit
SCR003368,C01309,2025-01-25,Ongoing Rescreen,Dow Jones Risk,N,,,N,,N,,,,N,0,No Hit
SCR003369,C01309,2025-07-24,Ongoing Rescreen,World-Check,N,,,N,,N,,,,N,0,No Hit
SCR003370,C01310,2024-02-28,Initial,LexisNexis Bridger,N,,,N,,N,,,,N,0,No Hit
SCR003371,C01310,2024-08-26,Ongoing Rescreen,World-Check,N,,,N,,N,,,,N,0,No Hit
SCR003372,C01310,2025-02-22,Ongoing Rescreen,Dow Jones Risk,N,,,N,,N,,,,N,0,No Hit
SCR003373,C01310,2025-08-21,Ongoing Rescreen,LexisNexis Bridger,N,,,N,,N,,,,N,0,No Hit
SCR003374,C01311,2025-08-06,Initial,LexisNexis Bridger,N,,,N,,N,,,,N,0,No Hit
SCR003375,C01312,2025-12-04,Initial,LexisNexis Bridger,N,,,N,,N,,,,N,0,No Hit
SCR003376,C01313,2024-02-10,Initial,Dow Jones Risk,N,,,N,,N,,,,N,0,No Hit
SCR003377,C01313,2024-08-08,Ongoing Rescreen,LexisNexis Bridger,N,,,N,,N,,,,N,0,No Hit
SCR003378,C01313,2025-02-04,Ongoing Rescreen,LexisNexis Bridger,N,,,N,,Y,Fraud,Regulator Notice,N,Y,5,Cleared - False Positive
SCR003379,C01313,2025-08-03,Ongoing Rescreen,World-Check,N,,,N,,Y,Bribery & Corruption,Online Blog,N,Y,8,Cleared - False Positive
SCR003380,C01314,2024-04-05,Initial,Dow Jones Risk,N,,,N,,N,,,,Y,0,No Hit
SCR003381,C01314,2024-10-02,Ongoing Rescreen,Dow Jones Risk,N,,,N,,N,,,,Y,0,No Hit
SCR003382,C01314,2025-03-31,Ongoing Rescreen,World-Check,N,,,N,,N,,,,Y,0,No Hit
SCR003383,C01314,2025-09-27,Ongoing Rescreen,LexisNexis Bridger,N,,,N,,N,,,,Y,0,No Hit
SCR003384,C01315,2024-06-05,Initial,LexisNexis Bridger,N,,,N,,N,,,,N,0,No Hit
SCR003385,C01315,2024-12-02,Ongoing Rescreen,Dow Jones Risk,N,,,Y,Foreign PEP,N,,,,Y,5,Cleared - False Positive
SCR003386,C01315,2025-05-31,Ongoing Rescreen,LexisNexis Bridger,N,,,N,,N,,,,N,0,No Hit
SCR003387,C01315,2025-11-27,Ongoing Rescreen,Dow Jones Risk,N,,,N,,N,,,,N,0,No Hit
SCR003388,C01316,2025-08-05,Initial,Dow Jones Risk,N,,,N,,N,,,,N,0,No Hit
SCR003389,C01317,2024-06-07,Initial,LexisNexis Bridger,N,,,N,,N,,,,N,0,No Hit
SCR003390,C01317,2024-12-04,Ongoing Rescreen,LexisNexis Bridger,N,,,N,,N,,,,N,0,No Hit
SCR003391,C01317,2025-06-02,Ongoing Rescreen,Dow Jones Risk,N,,,N,,N,,,,N,0,No Hit
SCR003392,C01317,2025-11-29,Ongoing Rescreen,Dow Jones Risk,N,,,N,,N,,,,N,0,No Hit
SCR003393,C01318,2024-01-11,Initial,Dow Jones Risk,N,,,N,,N,,,,N,0,No Hit
SCR003394,C01318,2024-07-09,Ongoing Rescreen,World-Check,N,,,N,,N,,,,N,0,No Hit
SCR003395,C01318,2025-01-05,Ongoing Rescreen,World-Check,N,,,N,,N,,,,N,0,No Hit
SCR003396,C01318,2025-07-04,Ongoing Rescreen,LexisNexis Bridger,N,,,N,,N,,,,N,0,No Hit
SCR003397,C01318,2025-12-31,Ongoing Rescreen,LexisNexis Bridger,N,,,N,,N,,,,N,0,No Hit
SCR003398,C01319,2024-09-02,Initial,Dow Jones Risk,N,,,N,,N,,,,N,0,No Hit
SCR003399,C01319,2025-03-01,Ongoing Rescreen,Dow Jones Risk,N,,,N,,N,,,,N,0,No Hit
SCR003400,C01319,2025-08-28,Ongoing Rescreen,LexisNexis Bridger,N,,,N,,N,,,,N,0,No Hit
SCR003401,C01320,2024-09-23,Initial,World-Check,N,,,N,,N,,,,N,0,No Hit
SCR003402,C01320,2025-03-22,Ongoing Rescreen,LexisNexis Bridger,N,,,N,,N,,,,N,0,No Hit
SCR003403,C01320,2025-09-18,Ongoing Rescreen,World-Check,N,,,N,,N,,,,N,0,No Hit
SCR003404,C01321,2024-10-15,Initial,World-Check,N,,,N,,N,,,,N,0,No Hit
SCR003405,C01321,2025-04-13,Ongoing Rescreen,World-Check,N,,,N,,N,,,,N,0,No Hit
SCR003406,C01321,2025-10-10,Ongoing Rescreen,LexisNexis Bridger,N,,,N,,N,,,,N,0,No Hit
SCR003407,C01322,2025-01-11,Initial,World-Check,N,,,N,,N,,,,N,0,No Hit
SCR003408,C01322,2025-07-10,Ongoing Rescreen,LexisNexis Bridger,N,,,N,,N,,,,N,0,No Hit
SCR003409,C01323,2024-06-25,Initial,World-Check,N,,,N,,N,,,,N,0,No Hit
SCR003410,C01323,2024-12-22,Ongoing Rescreen,World-Check,N,,,N,,N,,,,N,0,No Hit
SCR003411,C01323,2025-06-20,Ongoing Rescreen,World-Check,N,,,N,,N,,,,N,0,No Hit
SCR003412,C01323,2025-12-17,Ongoing Rescreen,World-Check,N,,,N,,Y,Regulatory Fine,Online Blog,N,Y,4,Cleared - False Positive
SCR003413,C01324,2024-01-22,Initial,LexisNexis Bridger,N,,,N,,N,,,,N,0,No Hit
SCR003414,C01324,2024-07-20,Ongoing Rescreen,Dow Jones Risk,N,,,N,,N,,,,N,0,No Hit
SCR003415,C01324,2025-01-16,Ongoing Rescreen,Dow Jones Risk,N,,,N,,N,,,,N,0,No Hit
SCR003416,C01324,2025-07-15,Ongoing Rescreen,World-Check,N,,,N,,N,,,,N,0,No Hit
SCR003417,C01325,2024-03-19,Initial,Dow Jones Risk,N,,,N,,N,,,,N,0,No Hit
SCR003418,C01325,2024-09-15,Ongoing Rescreen,World-Check,N,,,N,,N,,,,N,0,No Hit
SCR003419,C01325,2025-03-14,Ongoing Rescreen,Dow Jones Risk,N,,,N,,N,,,,N,0,No Hit
SCR003420,C01325,2025-09-10,Ongoing Rescreen,Dow Jones Risk,N,,,N,,N,,,,N,0,No Hit
SCR003421,C01326,2025-06-20,Initial,World-Check,N,,,N,,N,,,,N,0,No Hit
SCR003422,C01326,2025-12-17,Ongoing Rescreen,World-Check,N,,,N,,N,,,,N,0,No Hit
SCR003423,C01327,2025-04-27,Initial,Dow Jones Risk,N,,,N,,N,,,,N,0,No Hit
SCR003424,C01327,2025-10-24,Ongoing Rescreen,LexisNexis Bridger,N,,,N,,N,,,,N,0,No Hit
SCR003425,C01328,2024-07-09,Initial,Dow Jones Risk,N,,,N,,N,,,,N,0,No Hit
SCR003426,C01328,2025-01-05,Ongoing Rescreen,Dow Jones Risk,N,,,N,,N,,,,N,0,No Hit
SCR003427,C01328,2025-07-04,Ongoing Rescreen,Dow Jones Risk,N,,,N,,N,,,,N,0,No Hit
SCR003428,C01328,2025-12-31,Ongoing Rescreen,LexisNexis Bridger,N,,,N,,N,,,,N,0,No Hit
SCR003429,C01329,2025-11-18,Initial,Dow Jones Risk,N,,,N,,N,,,,N,0,No Hit
SCR003430,C01330,2025-01-30,Initial,LexisNexis Bridger,N,,,Y,Domestic PEP,N,,,,Y,1,Cleared - False Positive
SCR003431,C01330,2025-07-29,Ongoing Rescreen,LexisNexis Bridger,N,,,Y,Foreign PEP,N,,,,Y,4,Cleared - False Positive
SCR003432,C01331,2025-08-05,Initial,LexisNexis Bridger,N,,,N,,N,,,,N,0,No Hit
SCR003433,C01332,2025-08-02,Initial,LexisNexis Bridger,N,,,N,,N,,,,N,0,No Hit
SCR003434,C01333,2024-08-07,Initial,LexisNexis Bridger,N,,,N,,N,,,,N,0,No Hit
SCR003435,C01333,2025-02-03,Ongoing Rescreen,Dow Jones Risk,N,,,N,,N,,,,N,0,No Hit
SCR003436,C01333,2025-08-02,Ongoing Rescreen,Dow Jones Risk,N,,,N,,N,,,,N,0,No Hit
SCR003437,C01334,2025-03-08,Initial,World-Check,N,,,N,,N,,,,N,0,No Hit
SCR003438,C01334,2025-09-04,Ongoing Rescreen,World-Check,N,,,N,,N,,,,N,0,No Hit
SCR003439,C01335,2025-03-09,Initial,Dow Jones Risk,N,,,N,,N,,,,N,0,No Hit
SCR003440,C01335,2025-09-05,Ongoing Rescreen,World-Check,N,,,N,,N,,,,N,0,No Hit
SCR003441,C01336,2024-11-29,Initial,World-Check,N,,,N,,N,,,,N,0,No Hit
SCR003442,C01336,2025-05-28,Ongoing Rescreen,LexisNexis Bridger,N,,,N,,N,,,,N,0,No Hit
SCR003443,C01336,2025-11-24,Ongoing Rescreen,World-Check,N,,,N,,N,,,,N,0,No Hit
SCR003444,C01337,2025-04-09,Initial,Dow Jones Risk,N,,,N,,N,,,,N,0,No Hit
SCR003445,C01337,2025-10-06,Ongoing Rescreen,World-Check,N,,,N,,N,,,,N,0,No Hit
SCR003446,C01338,2024-09-02,Initial,World-Check,Y,UN Consolidated,N,N,,N,,,,Y,7,Cleared - False Positive
SCR003447,C01338,2025-03-01,Ongoing Rescreen,Dow Jones Risk,N,,,N,,N,,,,N,0,No Hit
SCR003448,C01338,2025-08-28,Ongoing Rescreen,LexisNexis Bridger,N,,,N,,N,,,,N,0,No Hit
SCR003449,C01339,2024-03-12,Initial,Dow Jones Risk,N,,,N,,N,,,,N,0,No Hit
SCR003450,C01339,2024-09-08,Ongoing Rescreen,Dow Jones Risk,N,,,N,,N,,,,N,0,No Hit
SCR003451,C01339,2025-03-07,Ongoing Rescreen,World-Check,N,,,N,,N,,,,N,0,No Hit
SCR003452,C01339,2025-09-03,Ongoing Rescreen,Dow Jones Risk,N,,,N,,N,,,,N,0,No Hit
SCR003453,C01340,2024-02-02,Initial,World-Check,N,,,N,,N,,,,N,0,No Hit
SCR003454,C01340,2024-07-31,Ongoing Rescreen,LexisNexis Bridger,N,,,N,,N,,,,N,0,No Hit
SCR003455,C01340,2025-01-27,Ongoing Rescreen,Dow Jones Risk,N,,,N,,N,,,,N,0,No Hit
SCR003456,C01340,2025-07-26,Ongoing Rescreen,World-Check,Y,OFAC SDN,N,N,,N,,,,Y,6,Cleared - False Positive
SCR003457,C01341,2024-11-22,Initial,World-Check,N,,,N,,N,,,,N,0,No Hit
SCR003458,C01341,2025-05-21,Ongoing Rescreen,Dow Jones Risk,N,,,N,,N,,,,N,0,No Hit
SCR003459,C01341,2025-11-17,Ongoing Rescreen,LexisNexis Bridger,N,,,N,,N,,,,N,0,No Hit
SCR003460,C01342,2025-10-29,Initial,LexisNexis Bridger,N,,,N,,N,,,,N,0,No Hit
SCR003461,C01343,2024-06-05,Initial,World-Check,N,,,N,,N,,,,N,0,No Hit
SCR003462,C01343,2024-12-02,Ongoing Rescreen,Dow Jones Risk,N,,,N,,N,,,,N,0,No Hit
SCR003463,C01343,2025-05-31,Ongoing Rescreen,World-Check,N,,,N,,N,,,,N,0,No Hit
SCR003464,C01343,2025-11-27,Ongoing Rescreen,Dow Jones Risk,N,,,N,,N,,,,N,0,No Hit
SCR003465,C01344,2025-03-08,Initial,Dow Jones Risk,N,,,N,,N,,,,N,0,No Hit
SCR003466,C01344,2025-09-04,Ongoing Rescreen,Dow Jones Risk,N,,,N,,N,,,,N,0,No Hit
SCR003467,C01345,2024-04-29,Initial,LexisNexis Bridger,N,,,N,,N,,,,N,0,No Hit
SCR003468,C01345,2024-10-26,Ongoing Rescreen,Dow Jones Risk,N,,,N,,N,,,,N,0,No Hit
SCR003469,C01345,2025-04-24,Ongoing Rescreen,Dow Jones Risk,N,,,N,,N,,,,N,0,No Hit
SCR003470,C01345,2025-10-21,Ongoing Rescreen,LexisNexis Bridger,N,,,N,,N,,,,N,0,No Hit
SCR003471,C01346,2025-04-06,Initial,World-Check,N,,,N,,N,,,,N,0,No Hit
SCR003472,C01346,2025-10-03,Ongoing Rescreen,World-Check,N,,,N,,N,,,,N,0,No Hit
SCR003473,C01347,2024-05-14,Initial,Dow Jones Risk,N,,,N,,N,,,,N,0,No Hit
SCR003474,C01347,2024-11-10,Ongoing Rescreen,Dow Jones Risk,N,,,N,,N,,,,N,0,No Hit
SCR003475,C01347,2025-05-09,Ongoing Rescreen,Dow Jones Risk,N,,,N,,N,,,,N,0,No Hit
SCR003476,C01347,2025-11-05,Ongoing Rescreen,Dow Jones Risk,N,,,N,,N,,,,N,0,No Hit
SCR003477,C01348,2024-11-18,Initial,World-Check,N,,,N,,N,,,,N,0,No Hit
SCR003478,C01348,2025-05-17,Ongoing Rescreen,LexisNexis Bridger,N,,,N,,N,,,,N,0,No Hit
SCR003479,C01348,2025-11-13,Ongoing Rescreen,LexisNexis Bridger,N,,,N,,N,,,,N,0,No Hit
SCR003480,C01349,2025-08-13,Initial,World-Check,N,,,N,,N,,,,N,0,No Hit
SCR003481,C01350,2024-09-29,Initial,Dow Jones Risk,N,,,N,,Y,Regulatory Fine,Regional News,Y,Y,4,Escalate to EDD
SCR003482,C01350,2025-03-28,Ongoing Rescreen,Dow Jones Risk,N,,,N,,N,,,,N,0,No Hit
SCR003483,C01350,2025-09-24,Ongoing Rescreen,World-Check,N,,,N,,Y,Money Laundering,Regional News,N,Y,2,Cleared - False Positive
SCR003484,C01351,2025-11-13,Initial,World-Check,N,,,N,,N,,,,N,0,No Hit
SCR003485,C01352,2024-02-04,Initial,LexisNexis Bridger,N,,,N,,N,,,,N,0,No Hit
SCR003486,C01352,2024-08-02,Ongoing Rescreen,Dow Jones Risk,N,,,N,,N,,,,N,0,No Hit
SCR003487,C01352,2025-01-29,Ongoing Rescreen,World-Check,N,,,N,,N,,,,N,0,No Hit
SCR003488,C01352,2025-07-28,Ongoing Rescreen,World-Check,N,,,N,,N,,,,N,0,No Hit
SCR003489,C01353,2024-03-02,Initial,LexisNexis Bridger,Y,UN Consolidated,N,N,,Y,Bribery & Corruption,Regulator Notice,N,Y,4,Cleared - False Positive
SCR003490,C01353,2024-08-29,Ongoing Rescreen,LexisNexis Bridger,N,,,N,,N,,,,N,0,No Hit
SCR003491,C01353,2025-02-25,Ongoing Rescreen,World-Check,N,,,N,,N,,,,N,0,No Hit
SCR003492,C01353,2025-08-24,Ongoing Rescreen,LexisNexis Bridger,N,,,N,,N,,,,N,0,No Hit
SCR003493,C01354,2024-05-03,Initial,World-Check,N,,,N,,N,,,,N,0,No Hit
SCR003494,C01354,2024-10-30,Ongoing Rescreen,LexisNexis Bridger,N,,,N,,N,,,,N,0,No Hit
SCR003495,C01354,2025-04-28,Ongoing Rescreen,World-Check,N,,,N,,N,,,,N,0,No Hit
SCR003496,C01354,2025-10-25,Ongoing Rescreen,World-Check,N,,,N,,N,,,,N,0,No Hit
SCR003497,C01355,2024-06-27,Initial,Dow Jones Risk,N,,,N,,N,,,,N,0,No Hit
SCR003498,C01355,2024-12-24,Ongoing Rescreen,World-Check,N,,,N,,N,,,,N,0,No Hit
SCR003499,C01355,2025-06-22,Ongoing Rescreen,Dow Jones Risk,N,,,N,,N,,,,N,0,No Hit
SCR003500,C01355,2025-12-19,Ongoing Rescreen,Dow Jones Risk,N,,,N,,N,,,,N,0,No Hit
SCR003501,C01356,2024-11-07,Initial,Dow Jones Risk,N,,,N,,N,,,,N,0,No Hit
SCR003502,C01356,2025-05-06,Ongoing Rescreen,LexisNexis Bridger,N,,,N,,N,,,,N,0,No Hit
SCR003503,C01356,2025-11-02,Ongoing Rescreen,Dow Jones Risk,N,,,N,,N,,,,N,0,No Hit
SCR003504,C01357,2025-10-30,Initial,LexisNexis Bridger,N,,,N,,N,,,,N,0,No Hit
SCR003505,C01358,2024-06-25,Initial,World-Check,N,,,N,,N,,,,N,0,No Hit
SCR003506,C01358,2024-12-22,Ongoing Rescreen,LexisNexis Bridger,N,,,N,,N,,,,N,0,No Hit
SCR003507,C01358,2025-06-20,Ongoing Rescreen,World-Check,N,,,N,,N,,,,N,0,No Hit
SCR003508,C01358,2025-12-17,Ongoing Rescreen,Dow Jones Risk,N,,,N,,N,,,,N,0,No Hit
SCR003509,C01359,2024-09-17,Initial,LexisNexis Bridger,N,,,N,,N,,,,Y,0,No Hit
SCR003510,C01359,2025-03-16,Ongoing Rescreen,World-Check,N,,,N,,N,,,,Y,0,No Hit
SCR003511,C01359,2025-09-12,Ongoing Rescreen,Dow Jones Risk,N,,,N,,N,,,,Y,0,No Hit
SCR003512,C01360,2024-02-02,Initial,World-Check,N,,,N,,N,,,,N,0,No Hit
SCR003513,C01360,2024-07-31,Ongoing Rescreen,World-Check,N,,,N,,N,,,,N,0,No Hit
SCR003514,C01360,2025-01-27,Ongoing Rescreen,LexisNexis Bridger,N,,,Y,Family Member,N,,,,Y,5,Cleared - False Positive
SCR003515,C01360,2025-07-26,Ongoing Rescreen,LexisNexis Bridger,N,,,N,,N,,,,N,0,No Hit
SCR003516,C01361,2025-06-06,Initial,LexisNexis Bridger,N,,,N,,N,,,,Y,0,No Hit
SCR003517,C01361,2025-12-03,Ongoing Rescreen,LexisNexis Bridger,N,,,N,,N,,,,Y,0,No Hit
SCR003518,C01362,2025-02-03,Initial,LexisNexis Bridger,N,,,N,,N,,,,N,0,No Hit
SCR003519,C01362,2025-08-02,Ongoing Rescreen,Dow Jones Risk,N,,,N,,N,,,,N,0,No Hit
SCR003520,C01363,2024-02-02,Initial,LexisNexis Bridger,Y,OFAC SDN,N,N,,N,,,,Y,3,Cleared - False Positive
SCR003521,C01363,2024-07-31,Ongoing Rescreen,World-Check,N,,,N,,N,,,,N,0,No Hit
SCR003522,C01363,2025-01-27,Ongoing Rescreen,LexisNexis Bridger,N,,,N,,N,,,,N,0,No Hit
SCR003523,C01363,2025-07-26,Ongoing Rescreen,World-Check,N,,,N,,N,,,,N,0,No Hit
SCR003524,C01364,2024-12-05,Initial,LexisNexis Bridger,N,,,N,,N,,,,N,0,No Hit
SCR003525,C01364,2025-06-03,Ongoing Rescreen,LexisNexis Bridger,N,,,N,,N,,,,N,0,No Hit
SCR003526,C01364,2025-11-30,Ongoing Rescreen,LexisNexis Bridger,N,,,N,,N,,,,N,0,No Hit
SCR003527,C01365,2024-06-08,Initial,Dow Jones Risk,N,,,N,,N,,,,N,0,No Hit
SCR003528,C01365,2024-12-05,Ongoing Rescreen,LexisNexis Bridger,Y,UN Consolidated,N,N,,N,,,,Y,4,Cleared - False Positive
SCR003529,C01365,2025-06-03,Ongoing Rescreen,World-Check,N,,,N,,N,,,,N,0,No Hit
SCR003530,C01365,2025-11-30,Ongoing Rescreen,LexisNexis Bridger,N,,,N,,N,,,,N,0,No Hit
SCR003531,C01366,2024-11-04,Initial,Dow Jones Risk,N,,,N,,N,,,,N,0,No Hit
SCR003532,C01366,2025-05-03,Ongoing Rescreen,Dow Jones Risk,N,,,N,,N,,,,N,0,No Hit
SCR003533,C01366,2025-10-30,Ongoing Rescreen,World-Check,N,,,N,,N,,,,N,0,No Hit
SCR003534,C01367,2024-07-26,Initial,LexisNexis Bridger,N,,,N,,N,,,,N,0,No Hit
SCR003535,C01367,2025-01-22,Ongoing Rescreen,World-Check,N,,,N,,N,,,,N,0,No Hit
SCR003536,C01367,2025-07-21,Ongoing Rescreen,Dow Jones Risk,N,,,N,,N,,,,N,0,No Hit
SCR003537,C01368,2025-07-27,Initial,Dow Jones Risk,N,,,N,,N,,,,N,0,No Hit
SCR003538,C01369,2024-02-12,Initial,World-Check,N,,,N,,N,,,,N,0,No Hit
SCR003539,C01369,2024-08-10,Ongoing Rescreen,LexisNexis Bridger,N,,,N,,N,,,,N,0,No Hit
SCR003540,C01369,2025-02-06,Ongoing Rescreen,LexisNexis Bridger,N,,,N,,N,,,,N,0,No Hit
SCR003541,C01369,2025-08-05,Ongoing Rescreen,LexisNexis Bridger,N,,,N,,Y,Tax Evasion,National News,N,Y,3,Cleared - False Positive
SCR003542,C01370,2025-03-14,Initial,World-Check,N,,,N,,N,,,,N,0,No Hit
SCR003543,C01370,2025-09-10,Ongoing Rescreen,Dow Jones Risk,N,,,N,,N,,,,N,0,No Hit
SCR003544,C01371,2025-08-02,Initial,World-Check,N,,,N,,N,,,,N,0,No Hit
SCR003545,C01372,2024-01-02,Initial,World-Check,N,,,N,,N,,,,N,0,No Hit
SCR003546,C01372,2024-06-30,Ongoing Rescreen,Dow Jones Risk,N,,,N,,N,,,,N,0,No Hit
SCR003547,C01372,2024-12-27,Ongoing Rescreen,World-Check,N,,,N,,N,,,,N,0,No Hit
SCR003548,C01372,2025-06-25,Ongoing Rescreen,Dow Jones Risk,N,,,N,,N,,,,N,0,No Hit
SCR003549,C01372,2025-12-22,Ongoing Rescreen,World-Check,N,,,N,,N,,,,N,0,No Hit
SCR003550,C01373,2025-10-23,Initial,Dow Jones Risk,N,,,N,,N,,,,N,0,No Hit
SCR003551,C01374,2025-07-10,Initial,World-Check,N,,,Y,Foreign PEP,N,,,,Y,6,Cleared - False Positive
SCR003552,C01375,2024-07-23,Initial,Dow Jones Risk,N,,,N,,N,,,,N,0,No Hit
SCR003553,C01375,2025-01-19,Ongoing Rescreen,LexisNexis Bridger,N,,,N,,N,,,,N,0,No Hit
SCR003554,C01375,2025-07-18,Ongoing Rescreen,LexisNexis Bridger,N,,,N,,N,,,,N,0,No Hit
SCR003555,C01376,2024-12-18,Initial,World-Check,N,,,N,,N,,,,N,0,No Hit
SCR003556,C01376,2025-06-16,Ongoing Rescreen,LexisNexis Bridger,N,,,N,,Y,Organised Crime,Regulator Notice,N,Y,2,Cleared - False Positive
SCR003557,C01376,2025-12-13,Ongoing Rescreen,Dow Jones Risk,N,,,N,,N,,,,N,0,No Hit
SCR003558,C01377,2025-05-12,Initial,LexisNexis Bridger,N,,,N,,N,,,,N,0,No Hit
SCR003559,C01377,2025-11-08,Ongoing Rescreen,Dow Jones Risk,N,,,N,,Y,Bribery & Corruption,Regional News,N,Y,5,Cleared - False Positive
SCR003560,C01378,2025-01-12,Initial,World-Check,N,,,N,,N,,,,N,0,No Hit
SCR003561,C01378,2025-07-11,Ongoing Rescreen,LexisNexis Bridger,N,,,N,,N,,,,N,0,No Hit
SCR003562,C01379,2025-07-07,Initial,LexisNexis Bridger,N,,,N,,N,,,,N,0,No Hit
SCR003563,C01380,2025-10-12,Initial,World-Check,N,,,N,,N,,,,N,0,No Hit
SCR003564,C01381,2024-09-18,Initial,LexisNexis Bridger,N,,,N,,N,,,,N,0,No Hit
SCR003565,C01381,2025-03-17,Ongoing Rescreen,World-Check,N,,,N,,N,,,,N,0,No Hit
SCR003566,C01381,2025-09-13,Ongoing Rescreen,Dow Jones Risk,N,,,N,,N,,,,N,0,No Hit
SCR003567,C01382,2024-03-20,Initial,LexisNexis Bridger,N,,,N,,N,,,,N,0,No Hit
SCR003568,C01382,2024-09-16,Ongoing Rescreen,LexisNexis Bridger,N,,,N,,N,,,,N,0,No Hit
SCR003569,C01382,2025-03-15,Ongoing Rescreen,LexisNexis Bridger,N,,,N,,N,,,,N,0,No Hit
SCR003570,C01382,2025-09-11,Ongoing Rescreen,Dow Jones Risk,N,,,N,,N,,,,N,0,No Hit
SCR003571,C01383,2024-11-11,Initial,Dow Jones Risk,N,,,N,,N,,,,N,0,No Hit
SCR003572,C01383,2025-05-10,Ongoing Rescreen,World-Check,N,,,N,,N,,,,N,0,No Hit
SCR003573,C01383,2025-11-06,Ongoing Rescreen,Dow Jones Risk,N,,,N,,N,,,,N,0,No Hit
SCR003574,C01384,2025-03-14,Initial,Dow Jones Risk,N,,,N,,N,,,,N,0,No Hit
SCR003575,C01384,2025-09-10,Ongoing Rescreen,World-Check,N,,,N,,N,,,,N,0,No Hit
SCR003576,C01385,2025-07-20,Initial,World-Check,N,,,N,,N,,,,N,0,No Hit
SCR003577,C01386,2024-07-25,Initial,Dow Jones Risk,N,,,N,,N,,,,N,0,No Hit
SCR003578,C01386,2025-01-21,Ongoing Rescreen,World-Check,N,,,N,,N,,,,N,0,No Hit
SCR003579,C01386,2025-07-20,Ongoing Rescreen,Dow Jones Risk,N,,,N,,N,,,,N,0,No Hit
SCR003580,C01387,2025-11-09,Initial,LexisNexis Bridger,N,,,N,,N,,,,N,0,No Hit
SCR003581,C01388,2024-01-27,Initial,Dow Jones Risk,N,,,N,,N,,,,N,0,No Hit
SCR003582,C01388,2024-07-25,Ongoing Rescreen,Dow Jones Risk,N,,,N,,N,,,,N,0,No Hit
SCR003583,C01388,2025-01-21,Ongoing Rescreen,World-Check,N,,,N,,N,,,,N,0,No Hit
SCR003584,C01388,2025-07-20,Ongoing Rescreen,Dow Jones Risk,N,,,N,,N,,,,N,0,No Hit
SCR003585,C01389,2025-02-28,Initial,Dow Jones Risk,N,,,N,,N,,,,N,0,No Hit
SCR003586,C01389,2025-08-27,Ongoing Rescreen,World-Check,N,,,N,,N,,,,N,0,No Hit
SCR003587,C01390,2024-11-15,Initial,Dow Jones Risk,N,,,N,,N,,,,N,0,No Hit
SCR003588,C01390,2025-05-14,Ongoing Rescreen,World-Check,N,,,N,,N,,,,N,0,No Hit
SCR003589,C01390,2025-11-10,Ongoing Rescreen,LexisNexis Bridger,N,,,N,,N,,,,N,0,No Hit
SCR003590,C01391,2025-05-22,Initial,World-Check,N,,,N,,N,,,,N,0,No Hit
SCR003591,C01391,2025-11-18,Ongoing Rescreen,World-Check,N,,,N,,N,,,,N,0,No Hit
SCR003592,C01392,2024-07-26,Initial,World-Check,N,,,N,,N,,,,N,0,No Hit
SCR003593,C01392,2025-01-22,Ongoing Rescreen,World-Check,N,,,N,,N,,,,N,0,No Hit
SCR003594,C01392,2025-07-21,Ongoing Rescreen,World-Check,N,,,N,,N,,,,N,0,No Hit
SCR003595,C01393,2025-11-12,Initial,World-Check,N,,,N,,N,,,,N,0,No Hit
SCR003596,C01394,2024-01-02,Initial,LexisNexis Bridger,N,,,N,,N,,,,N,0,No Hit
SCR003597,C01394,2024-06-30,Ongoing Rescreen,Dow Jones Risk,N,,,N,,N,,,,N,0,No Hit
SCR003598,C01394,2024-12-27,Ongoing Rescreen,Dow Jones Risk,N,,,N,,N,,,,N,0,No Hit
SCR003599,C01394,2025-06-25,Ongoing Rescreen,LexisNexis Bridger,N,,,N,,N,,,,N,0,No Hit
SCR003600,C01394,2025-12-22,Ongoing Rescreen,Dow Jones Risk,N,,,N,,N,,,,N,0,No Hit
SCR003601,C01395,2025-08-19,Initial,World-Check,N,,,N,,N,,,,N,0,No Hit
SCR003602,C01396,2024-12-26,Initial,Dow Jones Risk,N,,,N,,N,,,,N,0,No Hit
SCR003603,C01396,2025-06-24,Ongoing Rescreen,World-Check,N,,,N,,N,,,,N,0,No Hit
SCR003604,C01396,2025-12-21,Ongoing Rescreen,World-Check,N,,,N,,N,,,,N,0,No Hit
SCR003605,C01397,2025-01-12,Initial,World-Check,N,,,N,,N,,,,Y,0,No Hit
SCR003606,C01397,2025-07-11,Ongoing Rescreen,World-Check,N,,,N,,N,,,,Y,0,No Hit
SCR003607,C01398,2024-08-15,Initial,World-Check,N,,,N,,N,,,,N,0,No Hit
SCR003608,C01398,2025-02-11,Ongoing Rescreen,Dow Jones Risk,N,,,N,,N,,,,N,0,No Hit
SCR003609,C01398,2025-08-10,Ongoing Rescreen,World-Check,N,,,N,,N,,,,N,0,No Hit
SCR003610,C01399,2024-10-13,Initial,World-Check,N,,,N,,N,,,,N,0,No Hit
SCR003611,C01399,2025-04-11,Ongoing Rescreen,Dow Jones Risk,N,,,N,,N,,,,N,0,No Hit
SCR003612,C01399,2025-10-08,Ongoing Rescreen,LexisNexis Bridger,N,,,N,,N,,,,N,0,No Hit
SCR003613,C01400,2024-11-13,Initial,World-Check,N,,,N,,N,,,,N,0,No Hit
SCR003614,C01400,2025-05-12,Ongoing Rescreen,World-Check,N,,,N,,N,,,,N,0,No Hit
SCR003615,C01400,2025-11-08,Ongoing Rescreen,Dow Jones Risk,N,,,N,,N,,,,N,0,No Hit
SCR003616,C01401,2024-08-15,Initial,LexisNexis Bridger,N,,,N,,N,,,,N,0,No Hit
SCR003617,C01401,2025-02-11,Ongoing Rescreen,LexisNexis Bridger,N,,,N,,N,,,,N,0,No Hit
SCR003618,C01401,2025-08-10,Ongoing Rescreen,World-Check,N,,,N,,Y,Money Laundering,Regional News,Y,Y,4,Escalate to EDD
SCR003619,C01402,2024-01-09,Initial,Dow Jones Risk,N,,,N,,N,,,,Y,0,No Hit
SCR003620,C01402,2024-07-07,Ongoing Rescreen,World-Check,N,,,Y,Domestic PEP,Y,Organised Crime,National News,Y,Y,9,Escalate to EDD
SCR003621,C01402,2025-01-03,Ongoing Rescreen,World-Check,N,,,N,,N,,,,Y,0,No Hit
SCR003622,C01402,2025-07-02,Ongoing Rescreen,World-Check,Y,EU Consolidated,N,N,,N,,,,Y,7,Cleared - False Positive
SCR003623,C01402,2025-12-29,Ongoing Rescreen,Dow Jones Risk,N,,,N,,N,,,,Y,0,No Hit
SCR003624,C01403,2024-10-19,Initial,LexisNexis Bridger,N,,,N,,N,,,,N,0,No Hit
SCR003625,C01403,2025-04-17,Ongoing Rescreen,LexisNexis Bridger,N,,,N,,N,,,,N,0,No Hit
SCR003626,C01403,2025-10-14,Ongoing Rescreen,Dow Jones Risk,N,,,N,,N,,,,N,0,No Hit
SCR003627,C01404,2024-10-20,Initial,LexisNexis Bridger,N,,,N,,N,,,,N,0,No Hit
SCR003628,C01404,2025-04-18,Ongoing Rescreen,World-Check,N,,,N,,N,,,,N,0,No Hit
SCR003629,C01404,2025-10-15,Ongoing Rescreen,World-Check,N,,,N,,N,,,,N,0,No Hit
SCR003630,C01405,2025-06-11,Initial,LexisNexis Bridger,N,,,N,,N,,,,Y,0,No Hit
SCR003631,C01405,2025-12-08,Ongoing Rescreen,Dow Jones Risk,N,,,N,,Y,Tax Evasion,National News,N,Y,7,Cleared - False Positive
SCR003632,C01406,2024-12-09,Initial,Dow Jones Risk,N,,,N,,N,,,,N,0,No Hit
SCR003633,C01406,2025-06-07,Ongoing Rescreen,LexisNexis Bridger,N,,,N,,N,,,,N,0,No Hit
SCR003634,C01406,2025-12-04,Ongoing Rescreen,World-Check,N,,,N,,N,,,,N,0,No Hit
SCR003635,C01407,2025-02-05,Initial,World-Check,N,,,N,,N,,,,N,0,No Hit
SCR003636,C01407,2025-08-04,Ongoing Rescreen,Dow Jones Risk,N,,,N,,N,,,,N,0,No Hit
SCR003637,C01408,2024-12-06,Initial,Dow Jones Risk,N,,,N,,N,,,,N,0,No Hit
SCR003638,C01408,2025-06-04,Ongoing Rescreen,World-Check,N,,,N,,N,,,,N,0,No Hit
SCR003639,C01408,2025-12-01,Ongoing Rescreen,World-Check,N,,,N,,N,,,,N,0,No Hit
SCR003640,C01409,2024-11-05,Initial,Dow Jones Risk,N,,,N,,N,,,,N,0,No Hit
SCR003641,C01409,2025-05-04,Ongoing Rescreen,World-Check,N,,,N,,N,,,,N,0,No Hit
SCR003642,C01409,2025-10-31,Ongoing Rescreen,World-Check,N,,,N,,N,,,,N,0,No Hit
SCR003643,C01410,2025-06-08,Initial,World-Check,N,,,N,,N,,,,Y,0,No Hit
SCR003644,C01410,2025-12-05,Ongoing Rescreen,Dow Jones Risk,N,,,N,,N,,,,Y,0,No Hit
SCR003645,C01411,2025-05-08,Initial,LexisNexis Bridger,N,,,N,,N,,,,N,0,No Hit
SCR003646,C01411,2025-11-04,Ongoing Rescreen,Dow Jones Risk,N,,,N,,N,,,,N,0,No Hit
SCR003647,C01412,2025-12-25,Initial,World-Check,N,,,N,,N,,,,N,0,No Hit
SCR003648,C01413,2024-12-29,Initial,World-Check,N,,,N,,N,,,,N,0,No Hit
SCR003649,C01413,2025-06-27,Ongoing Rescreen,Dow Jones Risk,N,,,N,,N,,,,N,0,No Hit
SCR003650,C01413,2025-12-24,Ongoing Rescreen,World-Check,N,,,N,,N,,,,N,0,No Hit
SCR003651,C01414,2024-01-21,Initial,Dow Jones Risk,N,,,Y,Close Associate,N,,,,Y,6,Cleared - False Positive
SCR003652,C01414,2024-07-19,Ongoing Rescreen,LexisNexis Bridger,N,,,N,,N,,,,N,0,No Hit
SCR003653,C01414,2025-01-15,Ongoing Rescreen,Dow Jones Risk,N,,,N,,N,,,,N,0,No Hit
SCR003654,C01414,2025-07-14,Ongoing Rescreen,LexisNexis Bridger,N,,,N,,N,,,,N,0,No Hit
SCR003655,C01415,2025-03-03,Initial,World-Check,N,,,N,,Y,Money Laundering,Court Records,N,Y,8,Cleared - False Positive
SCR003656,C01415,2025-08-30,Ongoing Rescreen,LexisNexis Bridger,N,,,N,,N,,,,N,0,No Hit
SCR003657,C01416,2024-10-16,Initial,World-Check,N,,,N,,N,,,,N,0,No Hit
SCR003658,C01416,2025-04-14,Ongoing Rescreen,World-Check,N,,,N,,N,,,,N,0,No Hit
SCR003659,C01416,2025-10-11,Ongoing Rescreen,World-Check,N,,,N,,N,,,,N,0,No Hit
SCR003660,C01417,2024-03-11,Initial,LexisNexis Bridger,N,,,Y,Foreign PEP,Y,Bribery & Corruption,National News,N,Y,21,Cleared - False Positive
SCR003661,C01417,2024-09-07,Ongoing Rescreen,LexisNexis Bridger,N,,,Y,Domestic PEP,N,,,,Y,15,Cleared - False Positive
SCR003662,C01417,2025-03-06,Ongoing Rescreen,LexisNexis Bridger,Y,UN Consolidated,N,Y,Foreign PEP,N,,,,Y,3,Cleared - False Positive
SCR003663,C01417,2025-09-02,Ongoing Rescreen,Dow Jones Risk,N,,,Y,Family Member,N,,,,Y,1,Cleared - False Positive
SCR003664,C01418,2025-09-18,Initial,Dow Jones Risk,N,,,N,,N,,,,N,0,No Hit
SCR003665,C01419,2025-04-07,Initial,World-Check,N,,,N,,N,,,,N,0,No Hit
SCR003666,C01419,2025-10-04,Ongoing Rescreen,Dow Jones Risk,N,,,N,,N,,,,N,0,No Hit
SCR003667,C01420,2025-04-02,Initial,LexisNexis Bridger,N,,,N,,N,,,,N,0,No Hit
SCR003668,C01420,2025-09-29,Ongoing Rescreen,LexisNexis Bridger,N,,,N,,N,,,,N,0,No Hit
SCR003669,C01421,2025-04-10,Initial,World-Check,N,,,N,,N,,,,N,0,No Hit
SCR003670,C01421,2025-10-07,Ongoing Rescreen,Dow Jones Risk,N,,,N,,N,,,,N,0,No Hit
SCR003671,C01422,2025-12-20,Initial,World-Check,N,,,N,,N,,,,N,0,No Hit
SCR003672,C01423,2025-05-17,Initial,LexisNexis Bridger,N,,,N,,N,,,,N,0,No Hit
SCR003673,C01423,2025-11-13,Ongoing Rescreen,Dow Jones Risk,N,,,N,,N,,,,N,0,No Hit
SCR003674,C01424,2025-06-05,Initial,Dow Jones Risk,N,,,N,,N,,,,N,0,No Hit
SCR003675,C01424,2025-12-02,Ongoing Rescreen,World-Check,N,,,N,,N,,,,N,0,No Hit
SCR003676,C01425,2025-07-02,Initial,World-Check,N,,,N,,N,,,,N,0,No Hit
SCR003677,C01425,2025-12-29,Ongoing Rescreen,World-Check,N,,,N,,N,,,,N,0,No Hit
SCR003678,C01426,2025-06-13,Initial,Dow Jones Risk,N,,,Y,Foreign PEP,N,,,,Y,5,Cleared - False Positive
SCR003679,C01426,2025-12-10,Ongoing Rescreen,World-Check,N,,,N,,N,,,,N,0,No Hit
SCR003680,C01427,2025-05-29,Initial,LexisNexis Bridger,N,,,N,,N,,,,N,0,No Hit
SCR003681,C01427,2025-11-25,Ongoing Rescreen,World-Check,N,,,N,,N,,,,N,0,No Hit
SCR003682,C01428,2024-02-25,Initial,Dow Jones Risk,N,,,N,,N,,,,N,0,No Hit
SCR003683,C01428,2024-08-23,Ongoing Rescreen,World-Check,N,,,N,,N,,,,N,0,No Hit
SCR003684,C01428,2025-02-19,Ongoing Rescreen,Dow Jones Risk,N,,,N,,N,,,,N,0,No Hit
SCR003685,C01428,2025-08-18,Ongoing Rescreen,LexisNexis Bridger,N,,,N,,N,,,,N,0,No Hit
SCR003686,C01429,2024-10-21,Initial,World-Check,N,,,N,,N,,,,N,0,No Hit
SCR003687,C01429,2025-04-19,Ongoing Rescreen,LexisNexis Bridger,N,,,N,,N,,,,N,0,No Hit
SCR003688,C01429,2025-10-16,Ongoing Rescreen,World-Check,N,,,N,,N,,,,N,0,No Hit
SCR003689,C01430,2024-07-20,Initial,LexisNexis Bridger,N,,,N,,N,,,,N,0,No Hit
SCR003690,C01430,2025-01-16,Ongoing Rescreen,Dow Jones Risk,N,,,N,,N,,,,N,0,No Hit
SCR003691,C01430,2025-07-15,Ongoing Rescreen,World-Check,N,,,N,,Y,Organised Crime,Online Blog,Y,Y,6,Escalate to EDD
SCR003692,C01431,2025-10-13,Initial,Dow Jones Risk,N,,,N,,N,,,,N,0,No Hit
SCR003693,C01432,2025-03-02,Initial,Dow Jones Risk,N,,,N,,N,,,,N,0,No Hit
SCR003694,C01432,2025-08-29,Ongoing Rescreen,LexisNexis Bridger,N,,,N,,N,,,,N,0,No Hit
SCR003695,C01433,2025-01-12,Initial,World-Check,N,,,N,,N,,,,N,0,No Hit
SCR003696,C01433,2025-07-11,Ongoing Rescreen,World-Check,N,,,N,,N,,,,N,0,No Hit
SCR003697,C01434,2025-01-16,Initial,Dow Jones Risk,N,,,N,,N,,,,N,0,No Hit
SCR003698,C01434,2025-07-15,Ongoing Rescreen,Dow Jones Risk,N,,,N,,N,,,,N,0,No Hit
SCR003699,C01435,2025-05-13,Initial,LexisNexis Bridger,N,,,Y,Foreign PEP,Y,Regulatory Fine,Online Blog,N,Y,10,Cleared - False Positive
SCR003700,C01435,2025-11-09,Ongoing Rescreen,World-Check,N,,,Y,Domestic PEP,N,,,,Y,8,Cleared - False Positive
SCR003701,C01436,2025-07-11,Initial,World-Check,N,,,N,,N,,,,N,0,No Hit
SCR003702,C01437,2024-05-27,Initial,LexisNexis Bridger,N,,,N,,N,,,,Y,0,No Hit
SCR003703,C01437,2024-11-23,Ongoing Rescreen,World-Check,N,,,N,,Y,Regulatory Fine,Online Blog,N,Y,4,Cleared - False Positive
SCR003704,C01437,2025-05-22,Ongoing Rescreen,Dow Jones Risk,N,,,N,,N,,,,Y,0,No Hit
SCR003705,C01437,2025-11-18,Ongoing Rescreen,World-Check,N,,,N,,N,,,,Y,0,No Hit
SCR003706,C01438,2025-12-27,Initial,Dow Jones Risk,N,,,N,,N,,,,N,0,No Hit
SCR003707,C01439,2025-07-10,Initial,World-Check,N,,,N,,N,,,,Y,0,No Hit
SCR003708,C01440,2024-05-31,Initial,Dow Jones Risk,N,,,N,,N,,,,N,0,No Hit
SCR003709,C01440,2024-11-27,Ongoing Rescreen,LexisNexis Bridger,N,,,N,,N,,,,N,0,No Hit
SCR003710,C01440,2025-05-26,Ongoing Rescreen,LexisNexis Bridger,N,,,N,,N,,,,N,0,No Hit
SCR003711,C01440,2025-11-22,Ongoing Rescreen,LexisNexis Bridger,N,,,N,,N,,,,N,0,No Hit
SCR003712,C01441,2025-03-18,Initial,LexisNexis Bridger,N,,,N,,N,,,,N,0,No Hit
SCR003713,C01441,2025-09-14,Ongoing Rescreen,LexisNexis Bridger,N,,,N,,N,,,,N,0,No Hit
SCR003714,C01442,2024-11-09,Initial,LexisNexis Bridger,N,,,N,,N,,,,N,0,No Hit
SCR003715,C01442,2025-05-08,Ongoing Rescreen,Dow Jones Risk,N,,,N,,N,,,,N,0,No Hit
SCR003716,C01442,2025-11-04,Ongoing Rescreen,Dow Jones Risk,N,,,N,,N,,,,N,0,No Hit
SCR003717,C01443,2024-10-02,Initial,Dow Jones Risk,N,,,N,,N,,,,N,0,No Hit
SCR003718,C01443,2025-03-31,Ongoing Rescreen,Dow Jones Risk,N,,,N,,N,,,,N,0,No Hit
SCR003719,C01443,2025-09-27,Ongoing Rescreen,Dow Jones Risk,N,,,N,,N,,,,N,0,No Hit
SCR003720,C01444,2025-09-25,Initial,LexisNexis Bridger,N,,,N,,N,,,,N,0,No Hit
SCR003721,C01445,2024-07-27,Initial,LexisNexis Bridger,N,,,N,,N,,,,N,0,No Hit
SCR003722,C01445,2025-01-23,Ongoing Rescreen,LexisNexis Bridger,N,,,N,,N,,,,N,0,No Hit
SCR003723,C01445,2025-07-22,Ongoing Rescreen,World-Check,N,,,N,,N,,,,N,0,No Hit
SCR003724,C01446,2025-09-04,Initial,Dow Jones Risk,N,,,N,,N,,,,N,0,No Hit
SCR003725,C01447,2025-04-10,Initial,Dow Jones Risk,N,,,N,,N,,,,N,0,No Hit
SCR003726,C01447,2025-10-07,Ongoing Rescreen,LexisNexis Bridger,N,,,N,,N,,,,N,0,No Hit
SCR003727,C01448,2025-08-20,Initial,World-Check,N,,,N,,N,,,,N,0,No Hit
SCR003728,C01449,2025-06-28,Initial,LexisNexis Bridger,N,,,N,,N,,,,N,0,No Hit
SCR003729,C01449,2025-12-25,Ongoing Rescreen,LexisNexis Bridger,N,,,Y,Close Associate,N,,,,Y,4,Cleared - False Positive
SCR003730,C01450,2025-03-29,Initial,LexisNexis Bridger,N,,,N,,N,,,,N,0,No Hit
SCR003731,C01450,2025-09-25,Ongoing Rescreen,World-Check,N,,,N,,Y,Fraud,Court Records,N,Y,4,Cleared - False Positive
SCR003732,C01451,2024-05-19,Initial,LexisNexis Bridger,N,,,N,,N,,,,N,0,No Hit
SCR003733,C01451,2024-11-15,Ongoing Rescreen,Dow Jones Risk,N,,,N,,N,,,,N,0,No Hit
SCR003734,C01451,2025-05-14,Ongoing Rescreen,Dow Jones Risk,N,,,N,,N,,,,N,0,No Hit
SCR003735,C01451,2025-11-10,Ongoing Rescreen,World-Check,N,,,N,,N,,,,N,0,No Hit
SCR003736,C01452,2025-12-27,Initial,World-Check,N,,,N,,N,,,,N,0,No Hit
SCR003737,C01453,2025-04-14,Initial,World-Check,N,,,N,,N,,,,N,0,No Hit
SCR003738,C01453,2025-10-11,Ongoing Rescreen,Dow Jones Risk,N,,,N,,N,,,,N,0,No Hit
SCR003739,C01454,2024-09-18,Initial,LexisNexis Bridger,N,,,N,,N,,,,N,0,No Hit
SCR003740,C01454,2025-03-17,Ongoing Rescreen,Dow Jones Risk,N,,,N,,N,,,,N,0,No Hit
SCR003741,C01454,2025-09-13,Ongoing Rescreen,World-Check,N,,,N,,N,,,,N,0,No Hit
SCR003742,C01455,2024-07-06,Initial,LexisNexis Bridger,N,,,Y,Domestic PEP,N,,,,Y,3,Cleared - False Positive
SCR003743,C01455,2025-01-02,Ongoing Rescreen,LexisNexis Bridger,N,,,Y,Close Associate,N,,,,Y,3,Cleared - False Positive
SCR003744,C01455,2025-07-01,Ongoing Rescreen,LexisNexis Bridger,N,,,Y,Foreign PEP,N,,,,Y,4,Cleared - False Positive
SCR003745,C01455,2025-12-28,Ongoing Rescreen,World-Check,N,,,Y,Domestic PEP,N,,,,Y,5,Cleared - False Positive
SCR003746,C01456,2024-03-26,Initial,World-Check,N,,,N,,N,,,,Y,0,No Hit
SCR003747,C01456,2024-09-22,Ongoing Rescreen,Dow Jones Risk,N,,,N,,N,,,,Y,0,No Hit
SCR003748,C01456,2025-03-21,Ongoing Rescreen,World-Check,N,,,N,,N,,,,Y,0,No Hit
SCR003749,C01456,2025-09-17,Ongoing Rescreen,Dow Jones Risk,N,,,N,,N,,,,Y,0,No Hit
SCR003750,C01457,2024-08-18,Initial,World-Check,N,,,N,,N,,,,N,0,No Hit
SCR003751,C01457,2025-02-14,Ongoing Rescreen,Dow Jones Risk,N,,,N,,N,,,,N,0,No Hit
SCR003752,C01457,2025-08-13,Ongoing Rescreen,World-Check,N,,,N,,N,,,,N,0,No Hit
SCR003753,C01458,2024-04-06,Initial,World-Check,N,,,N,,N,,,,N,0,No Hit
SCR003754,C01458,2024-10-03,Ongoing Rescreen,LexisNexis Bridger,N,,,N,,N,,,,N,0,No Hit
SCR003755,C01458,2025-04-01,Ongoing Rescreen,World-Check,N,,,N,,N,,,,N,0,No Hit
SCR003756,C01458,2025-09-28,Ongoing Rescreen,Dow Jones Risk,N,,,N,,N,,,,N,0,No Hit
SCR003757,C01459,2025-10-11,Initial,LexisNexis Bridger,N,,,N,,N,,,,N,0,No Hit
SCR003758,C01460,2024-11-14,Initial,World-Check,N,,,Y,Foreign PEP,Y,Fraud,National News,N,Y,2,Cleared - False Positive
SCR003759,C01460,2025-05-13,Ongoing Rescreen,LexisNexis Bridger,N,,,Y,Domestic PEP,N,,,,Y,4,Cleared - False Positive
SCR003760,C01460,2025-11-09,Ongoing Rescreen,World-Check,N,,,Y,Close Associate,N,,,,Y,18,Cleared - False Positive
SCR003761,C01461,2025-04-02,Initial,World-Check,N,,,N,,N,,,,N,0,No Hit
SCR003762,C01461,2025-09-29,Ongoing Rescreen,World-Check,N,,,N,,N,,,,N,0,No Hit
SCR003763,C01462,2025-08-11,Initial,LexisNexis Bridger,N,,,N,,N,,,,N,0,No Hit
SCR003764,C01463,2025-12-03,Initial,Dow Jones Risk,N,,,N,,N,,,,N,0,No Hit
SCR003765,C01464,2024-11-27,Initial,Dow Jones Risk,N,,,N,,N,,,,N,0,No Hit
SCR003766,C01464,2025-05-26,Ongoing Rescreen,World-Check,Y,UK HMT/OFSI,N,N,,N,,,,Y,5,Cleared - False Positive
SCR003767,C01464,2025-11-22,Ongoing Rescreen,World-Check,N,,,N,,N,,,,N,0,No Hit
SCR003768,C01465,2024-02-08,Initial,LexisNexis Bridger,N,,,N,,N,,,,N,0,No Hit
SCR003769,C01465,2024-08-06,Ongoing Rescreen,Dow Jones Risk,N,,,N,,N,,,,N,0,No Hit
SCR003770,C01465,2025-02-02,Ongoing Rescreen,LexisNexis Bridger,N,,,N,,N,,,,N,0,No Hit
SCR003771,C01465,2025-08-01,Ongoing Rescreen,World-Check,N,,,N,,N,,,,N,0,No Hit
SCR003772,C01466,2025-03-22,Initial,Dow Jones Risk,N,,,N,,N,,,,N,0,No Hit
SCR003773,C01466,2025-09-18,Ongoing Rescreen,World-Check,N,,,N,,N,,,,N,0,No Hit
SCR003774,C01467,2025-11-23,Initial,LexisNexis Bridger,N,,,N,,N,,,,N,0,No Hit
SCR003775,C01468,2024-09-18,Initial,Dow Jones Risk,N,,,N,,N,,,,N,0,No Hit
SCR003776,C01468,2025-03-17,Ongoing Rescreen,World-Check,N,,,N,,Y,Money Laundering,Online Blog,N,Y,4,Cleared - False Positive
SCR003777,C01468,2025-09-13,Ongoing Rescreen,Dow Jones Risk,N,,,N,,N,,,,N,0,No Hit
SCR003778,C01469,2024-03-15,Initial,Dow Jones Risk,N,,,N,,N,,,,N,0,No Hit
SCR003779,C01469,2024-09-11,Ongoing Rescreen,LexisNexis Bridger,N,,,N,,N,,,,N,0,No Hit
SCR003780,C01469,2025-03-10,Ongoing Rescreen,LexisNexis Bridger,N,,,N,,N,,,,N,0,No Hit
SCR003781,C01469,2025-09-06,Ongoing Rescreen,World-Check,N,,,N,,N,,,,N,0,No Hit
SCR003782,C01470,2025-06-06,Initial,World-Check,N,,,N,,N,,,,N,0,No Hit
SCR003783,C01470,2025-12-03,Ongoing Rescreen,LexisNexis Bridger,N,,,N,,N,,,,N,0,No Hit
SCR003784,C01471,2025-03-29,Initial,LexisNexis Bridger,N,,,N,,N,,,,N,0,No Hit
SCR003785,C01471,2025-09-25,Ongoing Rescreen,Dow Jones Risk,N,,,N,,N,,,,N,0,No Hit
SCR003786,C01472,2024-04-21,Initial,LexisNexis Bridger,N,,,N,,N,,,,N,0,No Hit
SCR003787,C01472,2024-10-18,Ongoing Rescreen,LexisNexis Bridger,N,,,N,,N,,,,N,0,No Hit
SCR003788,C01472,2025-04-16,Ongoing Rescreen,LexisNexis Bridger,N,,,N,,N,,,,N,0,No Hit
SCR003789,C01472,2025-10-13,Ongoing Rescreen,LexisNexis Bridger,N,,,N,,N,,,,N,0,No Hit
SCR003790,C01473,2024-01-03,Initial,LexisNexis Bridger,N,,,Y,Foreign PEP,Y,Tax Evasion,Court Records,N,Y,2,Cleared - False Positive
SCR003791,C01473,2024-07-01,Ongoing Rescreen,Dow Jones Risk,N,,,N,,N,,,,N,0,No Hit
SCR003792,C01473,2024-12-28,Ongoing Rescreen,World-Check,N,,,N,,N,,,,N,0,No Hit
SCR003793,C01473,2025-06-26,Ongoing Rescreen,World-Check,N,,,N,,N,,,,N,0,No Hit
SCR003794,C01473,2025-12-23,Ongoing Rescreen,World-Check,N,,,N,,N,,,,N,0,No Hit
SCR003795,C01474,2025-01-15,Initial,World-Check,N,,,N,,N,,,,N,0,No Hit
SCR003796,C01474,2025-07-14,Ongoing Rescreen,LexisNexis Bridger,N,,,N,,N,,,,N,0,No Hit
SCR003797,C01475,2024-04-18,Initial,Dow Jones Risk,N,,,N,,N,,,,N,0,No Hit
SCR003798,C01475,2024-10-15,Ongoing Rescreen,World-Check,N,,,N,,N,,,,N,0,No Hit
SCR003799,C01475,2025-04-13,Ongoing Rescreen,Dow Jones Risk,N,,,N,,N,,,,N,0,No Hit
SCR003800,C01475,2025-10-10,Ongoing Rescreen,World-Check,N,,,N,,N,,,,N,0,No Hit
SCR003801,C01476,2024-05-15,Initial,LexisNexis Bridger,N,,,N,,N,,,,N,0,No Hit
SCR003802,C01476,2024-11-11,Ongoing Rescreen,World-Check,N,,,N,,N,,,,N,0,No Hit
SCR003803,C01476,2025-05-10,Ongoing Rescreen,Dow Jones Risk,N,,,N,,N,,,,N,0,No Hit
SCR003804,C01476,2025-11-06,Ongoing Rescreen,LexisNexis Bridger,N,,,N,,N,,,,N,0,No Hit
SCR003805,C01477,2024-08-13,Initial,World-Check,N,,,N,,N,,,,N,0,No Hit
SCR003806,C01477,2025-02-09,Ongoing Rescreen,Dow Jones Risk,N,,,N,,N,,,,N,0,No Hit
SCR003807,C01477,2025-08-08,Ongoing Rescreen,LexisNexis Bridger,N,,,N,,N,,,,N,0,No Hit
SCR003808,C01478,2024-12-08,Initial,World-Check,N,,,N,,N,,,,N,0,No Hit
SCR003809,C01478,2025-06-06,Ongoing Rescreen,LexisNexis Bridger,N,,,N,,N,,,,N,0,No Hit
SCR003810,C01478,2025-12-03,Ongoing Rescreen,LexisNexis Bridger,N,,,N,,N,,,,N,0,No Hit
SCR003811,C01479,2025-08-20,Initial,LexisNexis Bridger,N,,,N,,N,,,,N,0,No Hit
SCR003812,C01480,2024-11-10,Initial,Dow Jones Risk,N,,,N,,N,,,,N,0,No Hit
SCR003813,C01480,2025-05-09,Ongoing Rescreen,World-Check,N,,,N,,N,,,,N,0,No Hit
SCR003814,C01480,2025-11-05,Ongoing Rescreen,Dow Jones Risk,N,,,N,,N,,,,N,0,No Hit
SCR003815,C01481,2025-09-03,Initial,Dow Jones Risk,N,,,N,,N,,,,N,0,No Hit
SCR003816,C01482,2025-03-17,Initial,World-Check,N,,,N,,N,,,,N,0,No Hit
SCR003817,C01482,2025-09-13,Ongoing Rescreen,Dow Jones Risk,N,,,N,,N,,,,N,0,No Hit
SCR003818,C01483,2024-10-14,Initial,Dow Jones Risk,N,,,N,,N,,,,N,0,No Hit
SCR003819,C01483,2025-04-12,Ongoing Rescreen,LexisNexis Bridger,N,,,N,,N,,,,N,0,No Hit
SCR003820,C01483,2025-10-09,Ongoing Rescreen,Dow Jones Risk,N,,,N,,N,,,,N,0,No Hit
SCR003821,C01484,2025-01-07,Initial,LexisNexis Bridger,N,,,N,,N,,,,N,0,No Hit
SCR003822,C01484,2025-07-06,Ongoing Rescreen,LexisNexis Bridger,N,,,N,,N,,,,N,0,No Hit
SCR003823,C01485,2024-04-13,Initial,Dow Jones Risk,N,,,N,,N,,,,N,0,No Hit
SCR003824,C01485,2024-10-10,Ongoing Rescreen,LexisNexis Bridger,N,,,N,,N,,,,N,0,No Hit
SCR003825,C01485,2025-04-08,Ongoing Rescreen,World-Check,N,,,N,,N,,,,N,0,No Hit
SCR003826,C01485,2025-10-05,Ongoing Rescreen,LexisNexis Bridger,N,,,N,,N,,,,N,0,No Hit
SCR003827,C01486,2025-12-14,Initial,Dow Jones Risk,N,,,N,,N,,,,N,0,No Hit
SCR003828,C01487,2024-08-08,Initial,World-Check,N,,,N,,N,,,,N,0,No Hit
SCR003829,C01487,2025-02-04,Ongoing Rescreen,Dow Jones Risk,N,,,N,,N,,,,N,0,No Hit
SCR003830,C01487,2025-08-03,Ongoing Rescreen,World-Check,N,,,N,,N,,,,N,0,No Hit
SCR003831,C01488,2025-10-20,Initial,World-Check,N,,,N,,N,,,,N,0,No Hit
SCR003832,C01489,2025-04-16,Initial,Dow Jones Risk,N,,,N,,N,,,,N,0,No Hit
SCR003833,C01489,2025-10-13,Ongoing Rescreen,World-Check,N,,,N,,N,,,,N,0,No Hit
SCR003834,C01490,2024-08-02,Initial,LexisNexis Bridger,N,,,N,,N,,,,N,0,No Hit
SCR003835,C01490,2025-01-29,Ongoing Rescreen,Dow Jones Risk,N,,,N,,N,,,,N,0,No Hit
SCR003836,C01490,2025-07-28,Ongoing Rescreen,World-Check,N,,,N,,N,,,,N,0,No Hit
SCR003837,C01491,2024-12-21,Initial,World-Check,N,,,N,,N,,,,N,0,No Hit
SCR003838,C01491,2025-06-19,Ongoing Rescreen,Dow Jones Risk,N,,,N,,N,,,,N,0,No Hit
SCR003839,C01491,2025-12-16,Ongoing Rescreen,LexisNexis Bridger,N,,,N,,N,,,,N,0,No Hit
SCR003840,C01492,2024-03-29,Initial,Dow Jones Risk,N,,,Y,Domestic PEP,Y,Organised Crime,Regulator Notice,N,Y,11,Cleared - False Positive
SCR003841,C01492,2024-09-25,Ongoing Rescreen,Dow Jones Risk,N,,,Y,Family Member,N,,,,Y,12,Cleared - False Positive
SCR003842,C01492,2025-03-24,Ongoing Rescreen,Dow Jones Risk,N,,,Y,Domestic PEP,N,,,,Y,9,Cleared - False Positive
SCR003843,C01492,2025-09-20,Ongoing Rescreen,LexisNexis Bridger,N,,,Y,Domestic PEP,Y,Regulatory Fine,Online Blog,N,Y,14,Cleared - False Positive
SCR003844,C01493,2025-03-26,Initial,World-Check,N,,,N,,N,,,,N,0,No Hit
SCR003845,C01493,2025-09-22,Ongoing Rescreen,Dow Jones Risk,N,,,N,,N,,,,N,0,No Hit
SCR003846,C01494,2024-02-17,Initial,LexisNexis Bridger,N,,,N,,N,,,,N,0,No Hit
SCR003847,C01494,2024-08-15,Ongoing Rescreen,Dow Jones Risk,N,,,N,,Y,Bribery & Corruption,Regulator Notice,N,Y,2,Cleared - False Positive
SCR003848,C01494,2025-02-11,Ongoing Rescreen,World-Check,N,,,N,,N,,,,N,0,No Hit
SCR003849,C01494,2025-08-10,Ongoing Rescreen,LexisNexis Bridger,N,,,N,,N,,,,N,0,No Hit
SCR003850,C01495,2025-04-12,Initial,World-Check,N,,,N,,N,,,,N,0,No Hit
SCR003851,C01495,2025-10-09,Ongoing Rescreen,Dow Jones Risk,N,,,N,,N,,,,N,0,No Hit
SCR003852,C01496,2024-05-24,Initial,World-Check,N,,,N,,N,,,,N,0,No Hit
SCR003853,C01496,2024-11-20,Ongoing Rescreen,Dow Jones Risk,N,,,N,,N,,,,N,0,No Hit
SCR003854,C01496,2025-05-19,Ongoing Rescreen,Dow Jones Risk,N,,,N,,N,,,,N,0,No Hit
SCR003855,C01496,2025-11-15,Ongoing Rescreen,Dow Jones Risk,N,,,N,,N,,,,N,0,No Hit
SCR003856,C01497,2024-04-03,Initial,Dow Jones Risk,N,,,N,,N,,,,N,0,No Hit
SCR003857,C01497,2024-09-30,Ongoing Rescreen,World-Check,N,,,N,,N,,,,N,0,No Hit
SCR003858,C01497,2025-03-29,Ongoing Rescreen,World-Check,N,,,N,,N,,,,N,0,No Hit
SCR003859,C01497,2025-09-25,Ongoing Rescreen,World-Check,N,,,N,,N,,,,N,0,No Hit
SCR003860,C01498,2024-06-11,Initial,Dow Jones Risk,N,,,N,,N,,,,N,0,No Hit
SCR003861,C01498,2024-12-08,Ongoing Rescreen,World-Check,N,,,N,,N,,,,N,0,No Hit
SCR003862,C01498,2025-06-06,Ongoing Rescreen,World-Check,N,,,N,,N,,,,N,0,No Hit
SCR003863,C01498,2025-12-03,Ongoing Rescreen,Dow Jones Risk,N,,,N,,N,,,,N,0,No Hit
SCR003864,C01499,2024-03-06,Initial,LexisNexis Bridger,N,,,N,,N,,,,N,0,No Hit
SCR003865,C01499,2024-09-02,Ongoing Rescreen,Dow Jones Risk,N,,,N,,N,,,,N,0,No Hit
SCR003866,C01499,2025-03-01,Ongoing Rescreen,Dow Jones Risk,N,,,N,,N,,,,N,0,No Hit
SCR003867,C01499,2025-08-28,Ongoing Rescreen,LexisNexis Bridger,N,,,N,,N,,,,N,0,No Hit
SCR003868,C01500,2025-10-11,Initial,LexisNexis Bridger,N,,,N,,N,,,,N,0,No Hit
SCR003869,C01501,2025-11-15,Initial,LexisNexis Bridger,N,,,N,,N,,,,Y,0,No Hit
SCR003870,C01502,2025-11-07,Initial,LexisNexis Bridger,N,,,N,,N,,,,N,0,No Hit
SCR003871,C01503,2025-06-09,Initial,World-Check,N,,,N,,N,,,,N,0,No Hit
SCR003872,C01503,2025-12-06,Ongoing Rescreen,World-Check,N,,,N,,N,,,,N,0,No Hit
SCR003873,C01504,2024-06-17,Initial,LexisNexis Bridger,N,,,N,,N,,,,N,0,No Hit
SCR003874,C01504,2024-12-14,Ongoing Rescreen,World-Check,N,,,N,,N,,,,N,0,No Hit
SCR003875,C01504,2025-06-12,Ongoing Rescreen,LexisNexis Bridger,N,,,N,,Y,Regulatory Fine,Online Blog,N,Y,4,Cleared - False Positive
SCR003876,C01504,2025-12-09,Ongoing Rescreen,World-Check,N,,,N,,N,,,,N,0,No Hit
SCR003877,C01505,2025-07-08,Initial,Dow Jones Risk,N,,,N,,N,,,,N,0,No Hit
SCR003878,C01506,2025-07-08,Initial,LexisNexis Bridger,N,,,N,,N,,,,N,0,No Hit
SCR003879,C01507,2024-06-21,Initial,LexisNexis Bridger,N,,,N,,N,,,,Y,0,No Hit
SCR003880,C01507,2024-12-18,Ongoing Rescreen,Dow Jones Risk,N,,,N,,N,,,,Y,0,No Hit
SCR003881,C01507,2025-06-16,Ongoing Rescreen,Dow Jones Risk,N,,,N,,N,,,,Y,0,No Hit
SCR003882,C01507,2025-12-13,Ongoing Rescreen,World-Check,N,,,N,,N,,,,Y,0,No Hit
SCR003883,C01508,2025-09-02,Initial,LexisNexis Bridger,N,,,N,,N,,,,N,0,No Hit
SCR003884,C01509,2025-12-29,Initial,LexisNexis Bridger,N,,,N,,N,,,,N,0,No Hit
SCR003885,C01510,2024-10-02,Initial,World-Check,N,,,N,,N,,,,N,0,No Hit
SCR003886,C01510,2025-03-31,Ongoing Rescreen,LexisNexis Bridger,N,,,N,,N,,,,N,0,No Hit
SCR003887,C01510,2025-09-27,Ongoing Rescreen,LexisNexis Bridger,N,,,N,,N,,,,N,0,No Hit
SCR003888,C01511,2025-03-06,Initial,World-Check,N,,,N,,N,,,,N,0,No Hit
SCR003889,C01511,2025-09-02,Ongoing Rescreen,Dow Jones Risk,N,,,N,,N,,,,N,0,No Hit
SCR003890,C01512,2025-09-29,Initial,World-Check,N,,,N,,N,,,,N,0,No Hit
SCR003891,C01513,2024-07-10,Initial,World-Check,N,,,N,,N,,,,N,0,No Hit
SCR003892,C01513,2025-01-06,Ongoing Rescreen,World-Check,N,,,N,,N,,,,N,0,No Hit
SCR003893,C01513,2025-07-05,Ongoing Rescreen,World-Check,N,,,N,,N,,,,N,0,No Hit
SCR003894,C01514,2025-12-23,Initial,Dow Jones Risk,N,,,N,,N,,,,N,0,No Hit
SCR003895,C01515,2024-08-09,Initial,LexisNexis Bridger,N,,,N,,N,,,,N,0,No Hit
SCR003896,C01515,2025-02-05,Ongoing Rescreen,LexisNexis Bridger,N,,,N,,N,,,,N,0,No Hit
SCR003897,C01515,2025-08-04,Ongoing Rescreen,Dow Jones Risk,N,,,N,,N,,,,N,0,No Hit
SCR003898,C01516,2025-12-08,Initial,LexisNexis Bridger,N,,,N,,N,,,,N,0,No Hit
SCR003899,C01517,2024-06-20,Initial,Dow Jones Risk,N,,,N,,N,,,,N,0,No Hit
SCR003900,C01517,2024-12-17,Ongoing Rescreen,LexisNexis Bridger,N,,,N,,N,,,,N,0,No Hit
SCR003901,C01517,2025-06-15,Ongoing Rescreen,World-Check,N,,,N,,N,,,,N,0,No Hit
SCR003902,C01517,2025-12-12,Ongoing Rescreen,World-Check,N,,,N,,N,,,,N,0,No Hit
SCR003903,C01518,2025-06-26,Initial,Dow Jones Risk,N,,,N,,N,,,,N,0,No Hit
SCR003904,C01518,2025-12-23,Ongoing Rescreen,World-Check,N,,,N,,N,,,,N,0,No Hit
SCR003905,C01519,2025-01-19,Initial,World-Check,N,,,N,,N,,,,N,0,No Hit
SCR003906,C01519,2025-07-18,Ongoing Rescreen,Dow Jones Risk,N,,,N,,N,,,,N,0,No Hit
SCR003907,C01520,2024-09-28,Initial,LexisNexis Bridger,N,,,N,,Y,Regulatory Fine,Court Records,N,Y,3,Cleared - False Positive
SCR003908,C01520,2025-03-27,Ongoing Rescreen,World-Check,N,,,N,,N,,,,N,0,No Hit
SCR003909,C01520,2025-09-23,Ongoing Rescreen,LexisNexis Bridger,N,,,N,,N,,,,N,0,No Hit
SCR003910,C01521,2024-11-16,Initial,Dow Jones Risk,Y,EU Consolidated,N,N,,N,,,,Y,2,Cleared - False Positive
SCR003911,C01521,2025-05-15,Ongoing Rescreen,Dow Jones Risk,N,,,N,,N,,,,N,0,No Hit
SCR003912,C01521,2025-11-11,Ongoing Rescreen,LexisNexis Bridger,N,,,N,,N,,,,N,0,No Hit
SCR003913,C01522,2024-06-14,Initial,LexisNexis Bridger,N,,,N,,N,,,,N,0,No Hit
SCR003914,C01522,2024-12-11,Ongoing Rescreen,World-Check,N,,,N,,N,,,,N,0,No Hit
SCR003915,C01522,2025-06-09,Ongoing Rescreen,World-Check,N,,,N,,N,,,,N,0,No Hit
SCR003916,C01522,2025-12-06,Ongoing Rescreen,LexisNexis Bridger,N,,,N,,N,,,,N,0,No Hit
SCR003917,C01523,2025-05-06,Initial,Dow Jones Risk,N,,,N,,N,,,,N,0,No Hit
SCR003918,C01523,2025-11-02,Ongoing Rescreen,LexisNexis Bridger,N,,,N,,N,,,,N,0,No Hit
SCR003919,C01524,2025-12-26,Initial,World-Check,N,,,N,,Y,Regulatory Fine,Regional News,N,Y,4,Cleared - False Positive
SCR003920,C01525,2025-03-04,Initial,LexisNexis Bridger,N,,,N,,N,,,,N,0,No Hit
SCR003921,C01525,2025-08-31,Ongoing Rescreen,LexisNexis Bridger,N,,,N,,N,,,,N,0,No Hit
SCR003922,C01526,2024-07-20,Initial,Dow Jones Risk,N,,,N,,N,,,,N,0,No Hit
SCR003923,C01526,2025-01-16,Ongoing Rescreen,LexisNexis Bridger,N,,,N,,N,,,,N,0,No Hit
SCR003924,C01526,2025-07-15,Ongoing Rescreen,Dow Jones Risk,N,,,N,,N,,,,N,0,No Hit
SCR003925,C01527,2025-05-04,Initial,Dow Jones Risk,N,,,N,,N,,,,N,0,No Hit
SCR003926,C01527,2025-10-31,Ongoing Rescreen,Dow Jones Risk,N,,,N,,N,,,,N,0,No Hit
SCR003927,C01528,2024-11-16,Initial,Dow Jones Risk,N,,,N,,N,,,,N,0,No Hit
SCR003928,C01528,2025-05-15,Ongoing Rescreen,LexisNexis Bridger,N,,,N,,N,,,,N,0,No Hit
SCR003929,C01528,2025-11-11,Ongoing Rescreen,Dow Jones Risk,N,,,N,,N,,,,N,0,No Hit
SCR003930,C01529,2025-11-04,Initial,World-Check,N,,,N,,N,,,,N,0,No Hit
SCR003931,C01530,2024-07-12,Initial,World-Check,N,,,N,,N,,,,N,0,No Hit
SCR003932,C01530,2025-01-08,Ongoing Rescreen,World-Check,N,,,N,,N,,,,N,0,No Hit
SCR003933,C01530,2025-07-07,Ongoing Rescreen,Dow Jones Risk,N,,,N,,N,,,,N,0,No Hit
SCR003934,C01531,2025-01-13,Initial,World-Check,N,,,N,,N,,,,N,0,No Hit
SCR003935,C01531,2025-07-12,Ongoing Rescreen,Dow Jones Risk,N,,,N,,N,,,,N,0,No Hit
SCR003936,C01532,2024-12-28,Initial,World-Check,N,,,N,,N,,,,Y,0,No Hit
SCR003937,C01532,2025-06-26,Ongoing Rescreen,Dow Jones Risk,N,,,N,,N,,,,Y,0,No Hit
SCR003938,C01532,2025-12-23,Ongoing Rescreen,World-Check,N,,,N,,N,,,,Y,0,No Hit
SCR003939,C01533,2025-10-09,Initial,LexisNexis Bridger,N,,,N,,N,,,,N,0,No Hit
SCR003940,C01534,2024-03-21,Initial,Dow Jones Risk,N,,,N,,N,,,,N,0,No Hit
SCR003941,C01534,2024-09-17,Ongoing Rescreen,World-Check,N,,,N,,N,,,,N,0,No Hit
SCR003942,C01534,2025-03-16,Ongoing Rescreen,LexisNexis Bridger,N,,,N,,N,,,,N,0,No Hit
SCR003943,C01534,2025-09-12,Ongoing Rescreen,World-Check,N,,,N,,N,,,,N,0,No Hit
SCR003944,C01535,2025-03-27,Initial,World-Check,N,,,N,,N,,,,N,0,No Hit
SCR003945,C01535,2025-09-23,Ongoing Rescreen,World-Check,N,,,N,,N,,,,N,0,No Hit
SCR003946,C01536,2025-08-14,Initial,World-Check,N,,,N,,N,,,,N,0,No Hit
SCR003947,C01537,2024-09-21,Initial,Dow Jones Risk,N,,,N,,N,,,,N,0,No Hit
SCR003948,C01537,2025-03-20,Ongoing Rescreen,World-Check,N,,,N,,N,,,,N,0,No Hit
SCR003949,C01537,2025-09-16,Ongoing Rescreen,LexisNexis Bridger,N,,,N,,N,,,,N,0,No Hit
SCR003950,C01538,2025-01-04,Initial,Dow Jones Risk,N,,,N,,N,,,,N,0,No Hit
SCR003951,C01538,2025-07-03,Ongoing Rescreen,LexisNexis Bridger,N,,,N,,N,,,,N,0,No Hit
SCR003952,C01538,2025-12-30,Ongoing Rescreen,World-Check,N,,,N,,N,,,,N,0,No Hit
SCR003953,C01539,2024-08-03,Initial,Dow Jones Risk,N,,,N,,N,,,,N,0,No Hit
SCR003954,C01539,2025-01-30,Ongoing Rescreen,World-Check,N,,,N,,N,,,,N,0,No Hit
SCR003955,C01539,2025-07-29,Ongoing Rescreen,Dow Jones Risk,N,,,N,,N,,,,N,0,No Hit
SCR003956,C01540,2024-11-02,Initial,World-Check,N,,,N,,N,,,,N,0,No Hit
SCR003957,C01540,2025-05-01,Ongoing Rescreen,LexisNexis Bridger,N,,,N,,Y,Regulatory Fine,Court Records,N,Y,3,Cleared - False Positive
SCR003958,C01540,2025-10-28,Ongoing Rescreen,Dow Jones Risk,Y,OFAC SDN,N,N,,N,,,,Y,1,Cleared - False Positive
SCR003959,C01541,2025-11-25,Initial,World-Check,N,,,N,,N,,,,Y,0,No Hit
SCR003960,C01542,2024-09-22,Initial,Dow Jones Risk,N,,,N,,N,,,,N,0,No Hit
SCR003961,C01542,2025-03-21,Ongoing Rescreen,World-Check,N,,,N,,N,,,,N,0,No Hit
SCR003962,C01542,2025-09-17,Ongoing Rescreen,World-Check,N,,,N,,N,,,,N,0,No Hit
SCR003963,C01543,2024-05-27,Initial,Dow Jones Risk,N,,,N,,N,,,,N,0,No Hit
SCR003964,C01543,2024-11-23,Ongoing Rescreen,LexisNexis Bridger,N,,,N,,N,,,,N,0,No Hit
SCR003965,C01543,2025-05-22,Ongoing Rescreen,World-Check,N,,,N,,N,,,,N,0,No Hit
SCR003966,C01543,2025-11-18,Ongoing Rescreen,LexisNexis Bridger,N,,,N,,N,,,,N,0,No Hit
SCR003967,C01544,2025-02-27,Initial,Dow Jones Risk,N,,,N,,N,,,,N,0,No Hit
SCR003968,C01544,2025-08-26,Ongoing Rescreen,Dow Jones Risk,N,,,N,,N,,,,N,0,No Hit
SCR003969,C01545,2024-12-09,Initial,World-Check,N,,,N,,N,,,,N,0,No Hit
SCR003970,C01545,2025-06-07,Ongoing Rescreen,World-Check,N,,,N,,N,,,,N,0,No Hit
SCR003971,C01545,2025-12-04,Ongoing Rescreen,LexisNexis Bridger,N,,,N,,N,,,,N,0,No Hit
SCR003972,C01546,2025-07-24,Initial,World-Check,N,,,N,,N,,,,N,0,No Hit
SCR003973,C01547,2024-01-27,Initial,Dow Jones Risk,N,,,N,,N,,,,N,0,No Hit
SCR003974,C01547,2024-07-25,Ongoing Rescreen,Dow Jones Risk,N,,,N,,N,,,,N,0,No Hit
SCR003975,C01547,2025-01-21,Ongoing Rescreen,World-Check,N,,,N,,N,,,,N,0,No Hit
SCR003976,C01547,2025-07-20,Ongoing Rescreen,World-Check,N,,,N,,N,,,,N,0,No Hit
SCR003977,C01548,2025-10-21,Initial,Dow Jones Risk,N,,,N,,N,,,,Y,0,No Hit
SCR003978,C01549,2025-05-28,Initial,Dow Jones Risk,N,,,N,,N,,,,N,0,No Hit
SCR003979,C01549,2025-11-24,Ongoing Rescreen,LexisNexis Bridger,N,,,N,,N,,,,N,0,No Hit
SCR003980,C01550,2025-09-07,Initial,Dow Jones Risk,N,,,Y,Domestic PEP,N,,,,Y,3,Cleared - False Positive
SCR003981,C01551,2024-10-24,Initial,LexisNexis Bridger,N,,,N,,N,,,,N,0,No Hit
SCR003982,C01551,2025-04-22,Ongoing Rescreen,Dow Jones Risk,N,,,N,,N,,,,N,0,No Hit
SCR003983,C01551,2025-10-19,Ongoing Rescreen,World-Check,N,,,N,,N,,,,N,0,No Hit
SCR003984,C01552,2024-11-21,Initial,Dow Jones Risk,N,,,N,,N,,,,N,0,No Hit
SCR003985,C01552,2025-05-20,Ongoing Rescreen,LexisNexis Bridger,N,,,N,,N,,,,N,0,No Hit
SCR003986,C01552,2025-11-16,Ongoing Rescreen,LexisNexis Bridger,N,,,N,,N,,,,N,0,No Hit
SCR003987,C01553,2024-09-01,Initial,Dow Jones Risk,N,,,N,,N,,,,N,0,No Hit
SCR003988,C01553,2025-02-28,Ongoing Rescreen,LexisNexis Bridger,N,,,N,,N,,,,N,0,No Hit
SCR003989,C01553,2025-08-27,Ongoing Rescreen,Dow Jones Risk,N,,,N,,N,,,,N,0,No Hit
SCR003990,C01554,2025-09-01,Initial,Dow Jones Risk,N,,,N,,N,,,,N,0,No Hit
SCR003991,C01555,2024-02-21,Initial,Dow Jones Risk,N,,,N,,N,,,,N,0,No Hit
SCR003992,C01555,2024-08-19,Ongoing Rescreen,World-Check,N,,,N,,N,,,,N,0,No Hit
SCR003993,C01555,2025-02-15,Ongoing Rescreen,LexisNexis Bridger,N,,,N,,N,,,,N,0,No Hit
SCR003994,C01555,2025-08-14,Ongoing Rescreen,Dow Jones Risk,N,,,N,,N,,,,N,0,No Hit
SCR003995,C01556,2025-01-21,Initial,LexisNexis Bridger,N,,,Y,Close Associate,N,,,,Y,5,Cleared - False Positive
SCR003996,C01556,2025-07-20,Ongoing Rescreen,Dow Jones Risk,N,,,Y,Close Associate,N,,,,Y,3,Cleared - False Positive
SCR003997,C01557,2024-07-08,Initial,LexisNexis Bridger,N,,,N,,N,,,,N,0,No Hit
SCR003998,C01557,2025-01-04,Ongoing Rescreen,Dow Jones Risk,N,,,N,,N,,,,N,0,No Hit
SCR003999,C01557,2025-07-03,Ongoing Rescreen,World-Check,N,,,N,,N,,,,N,0,No Hit
SCR004000,C01557,2025-12-30,Ongoing Rescreen,World-Check,N,,,N,,N,,,,N,0,No Hit
SCR004001,C01558,2025-04-11,Initial,LexisNexis Bridger,N,,,N,,N,,,,N,0,No Hit
SCR004002,C01558,2025-10-08,Ongoing Rescreen,LexisNexis Bridger,N,,,N,,N,,,,N,0,No Hit
SCR004003,C01559,2025-12-05,Initial,LexisNexis Bridger,N,,,N,,N,,,,N,0,No Hit
SCR004004,C01560,2025-05-08,Initial,Dow Jones Risk,N,,,N,,N,,,,N,0,No Hit
SCR004005,C01560,2025-11-04,Ongoing Rescreen,LexisNexis Bridger,N,,,N,,N,,,,N,0,No Hit
SCR004006,C01561,2024-02-02,Initial,LexisNexis Bridger,N,,,N,,N,,,,N,0,No Hit
SCR004007,C01561,2024-07-31,Ongoing Rescreen,LexisNexis Bridger,N,,,N,,N,,,,N,0,No Hit
SCR004008,C01561,2025-01-27,Ongoing Rescreen,Dow Jones Risk,N,,,N,,N,,,,N,0,No Hit
SCR004009,C01561,2025-07-26,Ongoing Rescreen,LexisNexis Bridger,N,,,N,,N,,,,N,0,No Hit
SCR004010,C01562,2024-10-19,Initial,Dow Jones Risk,N,,,N,,N,,,,N,0,No Hit
SCR004011,C01562,2025-04-17,Ongoing Rescreen,LexisNexis Bridger,N,,,N,,N,,,,N,0,No Hit
SCR004012,C01562,2025-10-14,Ongoing Rescreen,Dow Jones Risk,N,,,N,,N,,,,N,0,No Hit
SCR004013,C01563,2024-01-23,Initial,LexisNexis Bridger,N,,,N,,N,,,,N,0,No Hit
SCR004014,C01563,2024-07-21,Ongoing Rescreen,Dow Jones Risk,N,,,N,,N,,,,N,0,No Hit
SCR004015,C01563,2025-01-17,Ongoing Rescreen,World-Check,N,,,N,,N,,,,N,0,No Hit
SCR004016,C01563,2025-07-16,Ongoing Rescreen,LexisNexis Bridger,N,,,N,,N,,,,N,0,No Hit
SCR004017,C01564,2024-12-21,Initial,LexisNexis Bridger,N,,,N,,N,,,,N,0,No Hit
SCR004018,C01564,2025-06-19,Ongoing Rescreen,LexisNexis Bridger,N,,,N,,N,,,,N,0,No Hit
SCR004019,C01564,2025-12-16,Ongoing Rescreen,LexisNexis Bridger,N,,,N,,N,,,,N,0,No Hit
SCR004020,C01565,2024-05-07,Initial,World-Check,N,,,N,,Y,Money Laundering,Regional News,N,Y,13,Cleared - False Positive
SCR004021,C01565,2024-11-03,Ongoing Rescreen,World-Check,N,,,N,,N,,,,Y,0,No Hit
SCR004022,C01565,2025-05-02,Ongoing Rescreen,World-Check,N,,,N,,N,,,,Y,0,No Hit
SCR004023,C01565,2025-10-29,Ongoing Rescreen,LexisNexis Bridger,N,,,N,,N,,,,Y,0,No Hit
SCR004024,C01566,2025-05-21,Initial,LexisNexis Bridger,N,,,N,,N,,,,N,0,No Hit
SCR004025,C01566,2025-11-17,Ongoing Rescreen,LexisNexis Bridger,N,,,N,,N,,,,N,0,No Hit
SCR004026,C01567,2025-01-25,Initial,Dow Jones Risk,N,,,N,,N,,,,Y,0,No Hit
SCR004027,C01567,2025-07-24,Ongoing Rescreen,LexisNexis Bridger,N,,,N,,N,,,,Y,0,No Hit
SCR004028,C01568,2024-08-13,Initial,Dow Jones Risk,N,,,N,,N,,,,N,0,No Hit
SCR004029,C01568,2025-02-09,Ongoing Rescreen,LexisNexis Bridger,N,,,N,,N,,,,N,0,No Hit
SCR004030,C01568,2025-08-08,Ongoing Rescreen,LexisNexis Bridger,N,,,N,,N,,,,N,0,No Hit
SCR004031,C01569,2025-09-18,Initial,Dow Jones Risk,N,,,N,,N,,,,N,0,No Hit
SCR004032,C01570,2025-06-29,Initial,World-Check,N,,,N,,N,,,,Y,0,No Hit
SCR004033,C01570,2025-12-26,Ongoing Rescreen,World-Check,N,,,N,,N,,,,Y,0,No Hit
SCR004034,C01571,2025-04-03,Initial,Dow Jones Risk,N,,,N,,N,,,,N,0,No Hit
SCR004035,C01571,2025-09-30,Ongoing Rescreen,World-Check,N,,,N,,N,,,,N,0,No Hit
SCR004036,C01572,2024-09-15,Initial,Dow Jones Risk,N,,,N,,N,,,,N,0,No Hit
SCR004037,C01572,2025-03-14,Ongoing Rescreen,World-Check,N,,,N,,N,,,,N,0,No Hit
SCR004038,C01572,2025-09-10,Ongoing Rescreen,World-Check,N,,,N,,N,,,,N,0,No Hit
SCR004039,C01573,2024-07-18,Initial,Dow Jones Risk,N,,,N,,N,,,,N,0,No Hit
SCR004040,C01573,2025-01-14,Ongoing Rescreen,Dow Jones Risk,N,,,N,,N,,,,N,0,No Hit
SCR004041,C01573,2025-07-13,Ongoing Rescreen,Dow Jones Risk,N,,,N,,N,,,,N,0,No Hit
SCR004042,C01574,2025-03-03,Initial,Dow Jones Risk,N,,,N,,N,,,,N,0,No Hit
SCR004043,C01574,2025-08-30,Ongoing Rescreen,LexisNexis Bridger,N,,,N,,N,,,,N,0,No Hit
SCR004044,C01575,2025-07-31,Initial,LexisNexis Bridger,N,,,N,,N,,,,N,0,No Hit
SCR004045,C01576,2025-09-04,Initial,LexisNexis Bridger,N,,,N,,N,,,,N,0,No Hit
SCR004046,C01577,2025-07-22,Initial,Dow Jones Risk,N,,,N,,N,,,,N,0,No Hit
SCR004047,C01578,2024-01-17,Initial,Dow Jones Risk,N,,,N,,N,,,,N,0,No Hit
SCR004048,C01578,2024-07-15,Ongoing Rescreen,LexisNexis Bridger,N,,,N,,N,,,,N,0,No Hit
SCR004049,C01578,2025-01-11,Ongoing Rescreen,World-Check,N,,,N,,N,,,,N,0,No Hit
SCR004050,C01578,2025-07-10,Ongoing Rescreen,LexisNexis Bridger,N,,,N,,N,,,,N,0,No Hit
SCR004051,C01579,2025-12-20,Initial,LexisNexis Bridger,N,,,N,,N,,,,N,0,No Hit
SCR004052,C01580,2024-06-24,Initial,World-Check,N,,,N,,N,,,,N,0,No Hit
SCR004053,C01580,2024-12-21,Ongoing Rescreen,LexisNexis Bridger,N,,,N,,N,,,,N,0,No Hit
SCR004054,C01580,2025-06-19,Ongoing Rescreen,World-Check,N,,,N,,N,,,,N,0,No Hit
SCR004055,C01580,2025-12-16,Ongoing Rescreen,Dow Jones Risk,N,,,N,,N,,,,N,0,No Hit
SCR004056,C01581,2024-01-08,Initial,LexisNexis Bridger,N,,,N,,N,,,,Y,0,No Hit
SCR004057,C01581,2024-07-06,Ongoing Rescreen,World-Check,N,,,N,,N,,,,Y,0,No Hit
SCR004058,C01581,2025-01-02,Ongoing Rescreen,Dow Jones Risk,N,,,N,,N,,,,Y,0,No Hit
SCR004059,C01581,2025-07-01,Ongoing Rescreen,Dow Jones Risk,N,,,N,,N,,,,Y,0,No Hit
SCR004060,C01581,2025-12-28,Ongoing Rescreen,LexisNexis Bridger,N,,,N,,N,,,,Y,0,No Hit
SCR004061,C01582,2025-02-14,Initial,LexisNexis Bridger,N,,,N,,N,,,,N,0,No Hit
SCR004062,C01582,2025-08-13,Ongoing Rescreen,World-Check,N,,,N,,N,,,,N,0,No Hit
SCR004063,C01583,2024-11-28,Initial,Dow Jones Risk,N,,,N,,N,,,,N,0,No Hit
SCR004064,C01583,2025-05-27,Ongoing Rescreen,World-Check,N,,,N,,N,,,,N,0,No Hit
SCR004065,C01583,2025-11-23,Ongoing Rescreen,Dow Jones Risk,N,,,N,,N,,,,N,0,No Hit
SCR004066,C01584,2024-03-18,Initial,World-Check,Y,UN Consolidated,N,N,,N,,,,Y,2,Cleared - False Positive
SCR004067,C01584,2024-09-14,Ongoing Rescreen,LexisNexis Bridger,N,,,N,,N,,,,N,0,No Hit
SCR004068,C01584,2025-03-13,Ongoing Rescreen,Dow Jones Risk,N,,,N,,N,,,,N,0,No Hit
SCR004069,C01584,2025-09-09,Ongoing Rescreen,Dow Jones Risk,N,,,N,,N,,,,N,0,No Hit
SCR004070,C01585,2024-06-05,Initial,LexisNexis Bridger,N,,,N,,N,,,,N,0,No Hit
SCR004071,C01585,2024-12-02,Ongoing Rescreen,World-Check,N,,,N,,N,,,,N,0,No Hit
SCR004072,C01585,2025-05-31,Ongoing Rescreen,World-Check,N,,,N,,N,,,,N,0,No Hit
SCR004073,C01585,2025-11-27,Ongoing Rescreen,World-Check,N,,,N,,Y,Regulatory Fine,Regulator Notice,N,Y,3,Cleared - False Positive
SCR004074,C01586,2024-05-30,Initial,LexisNexis Bridger,N,,,N,,N,,,,N,0,No Hit
SCR004075,C01586,2024-11-26,Ongoing Rescreen,Dow Jones Risk,N,,,N,,N,,,,N,0,No Hit
SCR004076,C01586,2025-05-25,Ongoing Rescreen,LexisNexis Bridger,N,,,N,,N,,,,N,0,No Hit
SCR004077,C01586,2025-11-21,Ongoing Rescreen,LexisNexis Bridger,N,,,N,,N,,,,N,0,No Hit
SCR004078,C01587,2024-11-17,Initial,LexisNexis Bridger,N,,,N,,N,,,,N,0,No Hit
SCR004079,C01587,2025-05-16,Ongoing Rescreen,LexisNexis Bridger,N,,,N,,N,,,,N,0,No Hit
SCR004080,C01587,2025-11-12,Ongoing Rescreen,LexisNexis Bridger,N,,,N,,N,,,,N,0,No Hit
SCR004081,C01588,2025-07-01,Initial,Dow Jones Risk,N,,,N,,N,,,,N,0,No Hit
SCR004082,C01588,2025-12-28,Ongoing Rescreen,LexisNexis Bridger,N,,,N,,N,,,,N,0,No Hit
SCR004083,C01589,2025-05-13,Initial,Dow Jones Risk,N,,,N,,N,,,,N,0,No Hit
SCR004084,C01589,2025-11-09,Ongoing Rescreen,LexisNexis Bridger,N,,,N,,N,,,,N,0,No Hit
SCR004085,C01590,2024-01-19,Initial,Dow Jones Risk,N,,,N,,N,,,,N,0,No Hit
SCR004086,C01590,2024-07-17,Ongoing Rescreen,World-Check,N,,,N,,N,,,,N,0,No Hit
SCR004087,C01590,2025-01-13,Ongoing Rescreen,LexisNexis Bridger,N,,,N,,N,,,,N,0,No Hit
SCR004088,C01590,2025-07-12,Ongoing Rescreen,Dow Jones Risk,N,,,N,,N,,,,N,0,No Hit
SCR004089,C01591,2024-05-07,Initial,LexisNexis Bridger,N,,,N,,N,,,,N,0,No Hit
SCR004090,C01591,2024-11-03,Ongoing Rescreen,Dow Jones Risk,N,,,N,,N,,,,N,0,No Hit
SCR004091,C01591,2025-05-02,Ongoing Rescreen,LexisNexis Bridger,N,,,N,,N,,,,N,0,No Hit
SCR004092,C01591,2025-10-29,Ongoing Rescreen,Dow Jones Risk,N,,,N,,N,,,,N,0,No Hit
SCR004093,C01592,2025-03-21,Initial,LexisNexis Bridger,N,,,N,,N,,,,N,0,No Hit
SCR004094,C01592,2025-09-17,Ongoing Rescreen,Dow Jones Risk,N,,,N,,N,,,,N,0,No Hit
SCR004095,C01593,2025-08-09,Initial,Dow Jones Risk,N,,,N,,N,,,,N,0,No Hit
SCR004096,C01594,2024-01-25,Initial,LexisNexis Bridger,N,,,N,,N,,,,Y,0,No Hit
SCR004097,C01594,2024-07-23,Ongoing Rescreen,LexisNexis Bridger,N,,,N,,N,,,,Y,0,No Hit
SCR004098,C01594,2025-01-19,Ongoing Rescreen,Dow Jones Risk,N,,,N,,N,,,,Y,0,No Hit
SCR004099,C01594,2025-07-18,Ongoing Rescreen,World-Check,N,,,N,,N,,,,Y,0,No Hit
SCR004100,C01595,2024-09-02,Initial,Dow Jones Risk,N,,,N,,N,,,,N,0,No Hit
SCR004101,C01595,2025-03-01,Ongoing Rescreen,LexisNexis Bridger,N,,,N,,N,,,,N,0,No Hit
SCR004102,C01595,2025-08-28,Ongoing Rescreen,LexisNexis Bridger,N,,,N,,N,,,,N,0,No Hit
SCR004103,C01596,2024-03-25,Initial,Dow Jones Risk,N,,,N,,N,,,,N,0,No Hit
SCR004104,C01596,2024-09-21,Ongoing Rescreen,LexisNexis Bridger,N,,,N,,N,,,,N,0,No Hit
SCR004105,C01596,2025-03-20,Ongoing Rescreen,LexisNexis Bridger,N,,,N,,N,,,,N,0,No Hit
SCR004106,C01596,2025-09-16,Ongoing Rescreen,Dow Jones Risk,N,,,N,,N,,,,N,0,No Hit
SCR004107,C01597,2024-12-20,Initial,LexisNexis Bridger,N,,,N,,N,,,,N,0,No Hit
SCR004108,C01597,2025-06-18,Ongoing Rescreen,World-Check,N,,,N,,N,,,,N,0,No Hit
SCR004109,C01597,2025-12-15,Ongoing Rescreen,LexisNexis Bridger,N,,,N,,N,,,,N,0,No Hit
SCR004110,C01598,2024-10-12,Initial,Dow Jones Risk,N,,,N,,N,,,,N,0,No Hit
SCR004111,C01598,2025-04-10,Ongoing Rescreen,World-Check,N,,,N,,N,,,,N,0,No Hit
SCR004112,C01598,2025-10-07,Ongoing Rescreen,LexisNexis Bridger,N,,,N,,N,,,,N,0,No Hit
SCR004113,C01599,2024-05-07,Initial,Dow Jones Risk,N,,,N,,N,,,,Y,0,No Hit
SCR004114,C01599,2024-11-03,Ongoing Rescreen,World-Check,N,,,N,,N,,,,Y,0,No Hit
SCR004115,C01599,2025-05-02,Ongoing Rescreen,Dow Jones Risk,N,,,N,,Y,Money Laundering,Regional News,N,Y,2,Cleared - False Positive
SCR004116,C01599,2025-10-29,Ongoing Rescreen,World-Check,N,,,N,,Y,Regulatory Fine,Online Blog,Y,Y,4,Escalate to EDD
SCR004117,C01600,2025-12-06,Initial,Dow Jones Risk,Y,OFAC SDN,N,N,,N,,,,Y,3,Cleared - False Positive
SCR004118,C01601,2025-07-11,Initial,LexisNexis Bridger,N,,,N,,Y,Bribery & Corruption,Regulator Notice,N,Y,4,Cleared - False Positive
SCR004119,C01602,2025-02-03,Initial,World-Check,N,,,N,,N,,,,N,0,No Hit
SCR004120,C01602,2025-08-02,Ongoing Rescreen,Dow Jones Risk,N,,,N,,N,,,,N,0,No Hit
SCR004121,C01603,2025-07-13,Initial,World-Check,N,,,N,,N,,,,N,0,No Hit
SCR004122,C01604,2024-08-16,Initial,World-Check,N,,,N,,N,,,,N,0,No Hit
SCR004123,C01604,2025-02-12,Ongoing Rescreen,Dow Jones Risk,N,,,N,,N,,,,N,0,No Hit
SCR004124,C01604,2025-08-11,Ongoing Rescreen,Dow Jones Risk,N,,,N,,N,,,,N,0,No Hit
SCR004125,C01605,2025-11-14,Initial,LexisNexis Bridger,N,,,N,,N,,,,N,0,No Hit
SCR004126,C01606,2024-10-27,Initial,Dow Jones Risk,N,,,N,,N,,,,N,0,No Hit
SCR004127,C01606,2025-04-25,Ongoing Rescreen,World-Check,N,,,N,,N,,,,N,0,No Hit
SCR004128,C01606,2025-10-22,Ongoing Rescreen,Dow Jones Risk,N,,,N,,N,,,,N,0,No Hit
SCR004129,C01607,2024-10-09,Initial,Dow Jones Risk,N,,,N,,N,,,,N,0,No Hit
SCR004130,C01607,2025-04-07,Ongoing Rescreen,World-Check,N,,,N,,N,,,,N,0,No Hit
SCR004131,C01607,2025-10-04,Ongoing Rescreen,Dow Jones Risk,N,,,N,,N,,,,N,0,No Hit
SCR004132,C01608,2025-02-19,Initial,Dow Jones Risk,N,,,N,,N,,,,N,0,No Hit
SCR004133,C01608,2025-08-18,Ongoing Rescreen,World-Check,N,,,N,,N,,,,N,0,No Hit
SCR004134,C01609,2025-02-26,Initial,World-Check,N,,,N,,N,,,,N,0,No Hit
SCR004135,C01609,2025-08-25,Ongoing Rescreen,World-Check,N,,,N,,N,,,,N,0,No Hit
SCR004136,C01610,2025-03-28,Initial,Dow Jones Risk,N,,,N,,N,,,,N,0,No Hit
SCR004137,C01610,2025-09-24,Ongoing Rescreen,LexisNexis Bridger,N,,,N,,N,,,,N,0,No Hit
SCR004138,C01611,2025-08-31,Initial,Dow Jones Risk,N,,,N,,N,,,,N,0,No Hit
SCR004139,C01612,2024-07-14,Initial,World-Check,N,,,N,,N,,,,N,0,No Hit
SCR004140,C01612,2025-01-10,Ongoing Rescreen,LexisNexis Bridger,N,,,N,,N,,,,N,0,No Hit
SCR004141,C01612,2025-07-09,Ongoing Rescreen,World-Check,N,,,N,,N,,,,N,0,No Hit
SCR004142,C01613,2025-05-31,Initial,World-Check,N,,,N,,N,,,,Y,0,No Hit
SCR004143,C01613,2025-11-27,Ongoing Rescreen,LexisNexis Bridger,N,,,N,,N,,,,Y,0,No Hit
SCR004144,C01614,2024-05-24,Initial,Dow Jones Risk,N,,,N,,N,,,,Y,0,No Hit
SCR004145,C01614,2024-11-20,Ongoing Rescreen,LexisNexis Bridger,N,,,N,,N,,,,Y,0,No Hit
SCR004146,C01614,2025-05-19,Ongoing Rescreen,LexisNexis Bridger,N,,,N,,Y,Fraud,Regulator Notice,N,Y,1,Cleared - False Positive
SCR004147,C01614,2025-11-15,Ongoing Rescreen,LexisNexis Bridger,N,,,N,,Y,Money Laundering,National News,N,Y,12,Cleared - False Positive
SCR004148,C01615,2024-06-24,Initial,LexisNexis Bridger,N,,,N,,N,,,,N,0,No Hit
SCR004149,C01615,2024-12-21,Ongoing Rescreen,Dow Jones Risk,N,,,N,,N,,,,N,0,No Hit
SCR004150,C01615,2025-06-19,Ongoing Rescreen,World-Check,N,,,N,,N,,,,N,0,No Hit
SCR004151,C01615,2025-12-16,Ongoing Rescreen,Dow Jones Risk,N,,,N,,N,,,,N,0,No Hit
SCR004152,C01616,2024-12-28,Initial,World-Check,N,,,N,,N,,,,N,0,No Hit
SCR004153,C01616,2025-06-26,Ongoing Rescreen,Dow Jones Risk,N,,,N,,N,,,,N,0,No Hit
SCR004154,C01616,2025-12-23,Ongoing Rescreen,Dow Jones Risk,N,,,N,,N,,,,N,0,No Hit
SCR004155,C01617,2025-01-18,Initial,World-Check,N,,,N,,N,,,,N,0,No Hit
SCR004156,C01617,2025-07-17,Ongoing Rescreen,LexisNexis Bridger,N,,,N,,N,,,,N,0,No Hit
SCR004157,C01618,2025-04-16,Initial,World-Check,N,,,N,,N,,,,N,0,No Hit
SCR004158,C01618,2025-10-13,Ongoing Rescreen,World-Check,N,,,N,,N,,,,N,0,No Hit
SCR004159,C01619,2024-04-11,Initial,LexisNexis Bridger,N,,,N,,N,,,,N,0,No Hit
SCR004160,C01619,2024-10-08,Ongoing Rescreen,Dow Jones Risk,N,,,N,,Y,Money Laundering,Regional News,N,Y,6,Cleared - False Positive
SCR004161,C01619,2025-04-06,Ongoing Rescreen,Dow Jones Risk,N,,,N,,N,,,,N,0,No Hit
SCR004162,C01619,2025-10-03,Ongoing Rescreen,Dow Jones Risk,N,,,N,,N,,,,N,0,No Hit
SCR004163,C01620,2025-08-19,Initial,LexisNexis Bridger,N,,,N,,N,,,,Y,0,No Hit
SCR004164,C01621,2025-02-11,Initial,World-Check,N,,,N,,N,,,,N,0,No Hit
SCR004165,C01621,2025-08-10,Ongoing Rescreen,Dow Jones Risk,N,,,N,,N,,,,N,0,No Hit
SCR004166,C01622,2025-03-09,Initial,Dow Jones Risk,N,,,N,,N,,,,N,0,No Hit
SCR004167,C01622,2025-09-05,Ongoing Rescreen,World-Check,N,,,N,,N,,,,N,0,No Hit
SCR004168,C01623,2025-06-30,Initial,LexisNexis Bridger,N,,,N,,N,,,,N,0,No Hit
SCR004169,C01623,2025-12-27,Ongoing Rescreen,Dow Jones Risk,N,,,N,,N,,,,N,0,No Hit
SCR004170,C01624,2025-05-21,Initial,LexisNexis Bridger,N,,,N,,N,,,,N,0,No Hit
SCR004171,C01624,2025-11-17,Ongoing Rescreen,World-Check,N,,,N,,N,,,,N,0,No Hit
SCR004172,C01625,2024-11-09,Initial,World-Check,N,,,N,,N,,,,N,0,No Hit
SCR004173,C01625,2025-05-08,Ongoing Rescreen,LexisNexis Bridger,N,,,N,,N,,,,N,0,No Hit
SCR004174,C01625,2025-11-04,Ongoing Rescreen,Dow Jones Risk,N,,,N,,N,,,,N,0,No Hit
SCR004175,C01626,2024-12-19,Initial,Dow Jones Risk,Y,UK HMT/OFSI,N,N,,N,,,,Y,1,Cleared - False Positive
SCR004176,C01626,2025-06-17,Ongoing Rescreen,LexisNexis Bridger,N,,,N,,N,,,,N,0,No Hit
SCR004177,C01626,2025-12-14,Ongoing Rescreen,Dow Jones Risk,N,,,N,,N,,,,N,0,No Hit
SCR004178,C01627,2024-06-19,Initial,LexisNexis Bridger,N,,,N,,N,,,,N,0,No Hit
SCR004179,C01627,2024-12-16,Ongoing Rescreen,Dow Jones Risk,N,,,N,,N,,,,N,0,No Hit
SCR004180,C01627,2025-06-14,Ongoing Rescreen,Dow Jones Risk,N,,,N,,N,,,,N,0,No Hit
SCR004181,C01627,2025-12-11,Ongoing Rescreen,Dow Jones Risk,N,,,N,,N,,,,N,0,No Hit
SCR004182,C01628,2025-02-18,Initial,Dow Jones Risk,Y,UN Consolidated,N,N,,N,,,,Y,18,Cleared - False Positive
SCR004183,C01628,2025-08-17,Ongoing Rescreen,LexisNexis Bridger,N,,,N,,N,,,,Y,0,No Hit
SCR004184,C01629,2024-05-28,Initial,Dow Jones Risk,N,,,N,,N,,,,N,0,No Hit
SCR004185,C01629,2024-11-24,Ongoing Rescreen,World-Check,N,,,N,,N,,,,N,0,No Hit
SCR004186,C01629,2025-05-23,Ongoing Rescreen,Dow Jones Risk,N,,,N,,N,,,,N,0,No Hit
SCR004187,C01629,2025-11-19,Ongoing Rescreen,LexisNexis Bridger,N,,,N,,N,,,,N,0,No Hit
SCR004188,C01630,2025-04-09,Initial,LexisNexis Bridger,N,,,N,,N,,,,N,0,No Hit
SCR004189,C01630,2025-10-06,Ongoing Rescreen,LexisNexis Bridger,N,,,N,,N,,,,N,0,No Hit
SCR004190,C01631,2024-11-01,Initial,Dow Jones Risk,N,,,N,,N,,,,N,0,No Hit
SCR004191,C01631,2025-04-30,Ongoing Rescreen,World-Check,N,,,N,,N,,,,N,0,No Hit
SCR004192,C01631,2025-10-27,Ongoing Rescreen,LexisNexis Bridger,N,,,N,,N,,,,N,0,No Hit
SCR004193,C01632,2024-06-21,Initial,Dow Jones Risk,N,,,N,,N,,,,N,0,No Hit
SCR004194,C01632,2024-12-18,Ongoing Rescreen,Dow Jones Risk,N,,,N,,N,,,,N,0,No Hit
SCR004195,C01632,2025-06-16,Ongoing Rescreen,LexisNexis Bridger,Y,OFAC SDN,N,N,,N,,,,Y,8,Cleared - False Positive
SCR004196,C01632,2025-12-13,Ongoing Rescreen,World-Check,N,,,N,,N,,,,N,0,No Hit
SCR004197,C01633,2024-12-13,Initial,Dow Jones Risk,N,,,N,,N,,,,N,0,No Hit
SCR004198,C01633,2025-06-11,Ongoing Rescreen,LexisNexis Bridger,N,,,N,,N,,,,N,0,No Hit
SCR004199,C01633,2025-12-08,Ongoing Rescreen,World-Check,N,,,N,,N,,,,N,0,No Hit
SCR004200,C01634,2025-11-13,Initial,World-Check,N,,,N,,N,,,,N,0,No Hit
SCR004201,C01635,2025-02-14,Initial,World-Check,N,,,N,,N,,,,Y,0,No Hit
SCR004202,C01635,2025-08-13,Ongoing Rescreen,World-Check,N,,,N,,N,,,,Y,0,No Hit
SCR004203,C01636,2024-09-09,Initial,LexisNexis Bridger,N,,,N,,N,,,,N,0,No Hit
SCR004204,C01636,2025-03-08,Ongoing Rescreen,LexisNexis Bridger,N,,,N,,N,,,,N,0,No Hit
SCR004205,C01636,2025-09-04,Ongoing Rescreen,World-Check,N,,,N,,N,,,,N,0,No Hit
SCR004206,C01637,2024-11-25,Initial,LexisNexis Bridger,N,,,N,,N,,,,N,0,No Hit
SCR004207,C01637,2025-05-24,Ongoing Rescreen,LexisNexis Bridger,N,,,N,,N,,,,N,0,No Hit
SCR004208,C01637,2025-11-20,Ongoing Rescreen,Dow Jones Risk,N,,,N,,N,,,,N,0,No Hit
SCR004209,C01638,2025-03-18,Initial,World-Check,N,,,N,,Y,Tax Evasion,Court Records,N,Y,4,Cleared - False Positive
SCR004210,C01638,2025-09-14,Ongoing Rescreen,Dow Jones Risk,N,,,N,,N,,,,N,0,No Hit
SCR004211,C01639,2024-04-22,Initial,LexisNexis Bridger,N,,,N,,N,,,,N,0,No Hit
SCR004212,C01639,2024-10-19,Ongoing Rescreen,LexisNexis Bridger,N,,,N,,N,,,,N,0,No Hit
SCR004213,C01639,2025-04-17,Ongoing Rescreen,LexisNexis Bridger,N,,,N,,N,,,,N,0,No Hit
SCR004214,C01639,2025-10-14,Ongoing Rescreen,LexisNexis Bridger,N,,,N,,N,,,,N,0,No Hit
SCR004215,C01640,2025-02-14,Initial,World-Check,N,,,N,,Y,Regulatory Fine,Regional News,N,Y,9,Cleared - False Positive
SCR004216,C01640,2025-08-13,Ongoing Rescreen,Dow Jones Risk,N,,,N,,N,,,,Y,0,No Hit
SCR004217,C01641,2024-01-25,Initial,World-Check,N,,,N,,N,,,,N,0,No Hit
SCR004218,C01641,2024-07-23,Ongoing Rescreen,LexisNexis Bridger,N,,,N,,N,,,,N,0,No Hit
SCR004219,C01641,2025-01-19,Ongoing Rescreen,LexisNexis Bridger,N,,,N,,N,,,,N,0,No Hit
SCR004220,C01641,2025-07-18,Ongoing Rescreen,World-Check,N,,,N,,N,,,,N,0,No Hit
SCR004221,C01642,2025-09-15,Initial,World-Check,N,,,N,,N,,,,N,0,No Hit
SCR004222,C01643,2025-03-21,Initial,World-Check,N,,,N,,N,,,,N,0,No Hit
SCR004223,C01643,2025-09-17,Ongoing Rescreen,LexisNexis Bridger,N,,,N,,N,,,,N,0,No Hit
SCR004224,C01644,2024-03-24,Initial,Dow Jones Risk,N,,,N,,N,,,,N,0,No Hit
SCR004225,C01644,2024-09-20,Ongoing Rescreen,World-Check,N,,,N,,N,,,,N,0,No Hit
SCR004226,C01644,2025-03-19,Ongoing Rescreen,LexisNexis Bridger,N,,,N,,N,,,,N,0,No Hit
SCR004227,C01644,2025-09-15,Ongoing Rescreen,LexisNexis Bridger,N,,,N,,N,,,,N,0,No Hit
SCR004228,C01645,2024-12-06,Initial,World-Check,N,,,N,,N,,,,N,0,No Hit
SCR004229,C01645,2025-06-04,Ongoing Rescreen,LexisNexis Bridger,N,,,N,,N,,,,N,0,No Hit
SCR004230,C01645,2025-12-01,Ongoing Rescreen,Dow Jones Risk,N,,,N,,N,,,,N,0,No Hit
SCR004231,C01646,2025-10-08,Initial,Dow Jones Risk,N,,,N,,N,,,,N,0,No Hit
SCR004232,C01647,2025-12-06,Initial,LexisNexis Bridger,N,,,N,,N,,,,N,0,No Hit
SCR004233,C01648,2024-04-10,Initial,LexisNexis Bridger,N,,,N,,Y,Bribery & Corruption,Regional News,N,Y,4,Cleared - False Positive
SCR004234,C01648,2024-10-07,Ongoing Rescreen,Dow Jones Risk,N,,,N,,Y,Regulatory Fine,National News,N,Y,10,Cleared - False Positive
SCR004235,C01648,2025-04-05,Ongoing Rescreen,Dow Jones Risk,N,,,N,,N,,,,N,0,No Hit
SCR004236,C01648,2025-10-02,Ongoing Rescreen,World-Check,N,,,N,,N,,,,N,0,No Hit
SCR004237,C01649,2024-07-16,Initial,World-Check,N,,,N,,N,,,,N,0,No Hit
SCR004238,C01649,2025-01-12,Ongoing Rescreen,World-Check,N,,,N,,N,,,,N,0,No Hit
SCR004239,C01649,2025-07-11,Ongoing Rescreen,Dow Jones Risk,N,,,N,,N,,,,N,0,No Hit
SCR004240,C01650,2024-04-15,Initial,World-Check,N,,,N,,N,,,,N,0,No Hit
SCR004241,C01650,2024-10-12,Ongoing Rescreen,Dow Jones Risk,N,,,N,,N,,,,N,0,No Hit
SCR004242,C01650,2025-04-10,Ongoing Rescreen,World-Check,N,,,N,,N,,,,N,0,No Hit
SCR004243,C01650,2025-10-07,Ongoing Rescreen,World-Check,N,,,N,,N,,,,N,0,No Hit
SCR004244,C01651,2024-09-26,Initial,World-Check,N,,,N,,N,,,,N,0,No Hit
SCR004245,C01651,2025-03-25,Ongoing Rescreen,World-Check,N,,,N,,N,,,,N,0,No Hit
SCR004246,C01651,2025-09-21,Ongoing Rescreen,Dow Jones Risk,N,,,N,,N,,,,N,0,No Hit
SCR004247,C01652,2025-09-22,Initial,LexisNexis Bridger,N,,,N,,N,,,,N,0,No Hit
SCR004248,C01653,2025-05-31,Initial,LexisNexis Bridger,N,,,Y,Foreign PEP,N,,,,Y,9,Cleared - False Positive
SCR004249,C01653,2025-11-27,Ongoing Rescreen,LexisNexis Bridger,N,,,N,,N,,,,N,0,No Hit
SCR004250,C01654,2024-07-06,Initial,World-Check,N,,,N,,N,,,,N,0,No Hit
SCR004251,C01654,2025-01-02,Ongoing Rescreen,Dow Jones Risk,N,,,N,,N,,,,N,0,No Hit
SCR004252,C01654,2025-07-01,Ongoing Rescreen,Dow Jones Risk,N,,,N,,N,,,,N,0,No Hit
SCR004253,C01654,2025-12-28,Ongoing Rescreen,Dow Jones Risk,N,,,N,,N,,,,N,0,No Hit
SCR004254,C01655,2024-08-25,Initial,LexisNexis Bridger,N,,,N,,N,,,,N,0,No Hit
SCR004255,C01655,2025-02-21,Ongoing Rescreen,World-Check,N,,,N,,N,,,,N,0,No Hit
SCR004256,C01655,2025-08-20,Ongoing Rescreen,World-Check,N,,,N,,N,,,,N,0,No Hit
SCR004257,C01656,2025-03-23,Initial,Dow Jones Risk,N,,,N,,N,,,,N,0,No Hit
SCR004258,C01656,2025-09-19,Ongoing Rescreen,Dow Jones Risk,N,,,N,,N,,,,N,0,No Hit
SCR004259,C01657,2025-03-12,Initial,LexisNexis Bridger,N,,,N,,N,,,,N,0,No Hit
SCR004260,C01657,2025-09-08,Ongoing Rescreen,LexisNexis Bridger,N,,,N,,N,,,,N,0,No Hit
SCR004261,C01658,2024-12-04,Initial,LexisNexis Bridger,N,,,N,,N,,,,N,0,No Hit
SCR004262,C01658,2025-06-02,Ongoing Rescreen,World-Check,Y,UN Consolidated,N,N,,N,,,,Y,5,Cleared - False Positive
SCR004263,C01658,2025-11-29,Ongoing Rescreen,LexisNexis Bridger,N,,,N,,N,,,,N,0,No Hit
SCR004264,C01659,2024-11-03,Initial,LexisNexis Bridger,N,,,Y,Close Associate,Y,Fraud,Online Blog,N,Y,3,Cleared - False Positive
SCR004265,C01659,2025-05-02,Ongoing Rescreen,LexisNexis Bridger,N,,,N,,Y,Organised Crime,Online Blog,Y,Y,1,Escalate to EDD
SCR004266,C01659,2025-10-29,Ongoing Rescreen,Dow Jones Risk,N,,,N,,N,,,,N,0,No Hit
SCR004267,C01660,2025-11-13,Initial,LexisNexis Bridger,N,,,N,,N,,,,N,0,No Hit
SCR004268,C01661,2025-01-02,Initial,LexisNexis Bridger,N,,,N,,N,,,,N,0,No Hit
SCR004269,C01661,2025-07-01,Ongoing Rescreen,World-Check,N,,,N,,N,,,,N,0,No Hit
SCR004270,C01661,2025-12-28,Ongoing Rescreen,LexisNexis Bridger,N,,,N,,N,,,,N,0,No Hit
SCR004271,C01662,2025-07-25,Initial,Dow Jones Risk,N,,,Y,Close Associate,N,,,,Y,23,Cleared - False Positive
SCR004272,C01663,2025-12-02,Initial,World-Check,N,,,N,,N,,,,N,0,No Hit
SCR004273,C01664,2024-09-01,Initial,World-Check,N,,,N,,N,,,,N,0,No Hit
SCR004274,C01664,2025-02-28,Ongoing Rescreen,Dow Jones Risk,N,,,N,,N,,,,N,0,No Hit
SCR004275,C01664,2025-08-27,Ongoing Rescreen,LexisNexis Bridger,N,,,N,,N,,,,N,0,No Hit
SCR004276,C01665,2025-07-23,Initial,World-Check,N,,,N,,N,,,,N,0,No Hit
SCR004277,C01666,2025-08-17,Initial,Dow Jones Risk,N,,,N,,N,,,,N,0,No Hit
SCR004278,C01667,2024-06-09,Initial,Dow Jones Risk,N,,,N,,N,,,,Y,0,No Hit
SCR004279,C01667,2024-12-06,Ongoing Rescreen,Dow Jones Risk,N,,,N,,N,,,,Y,0,No Hit
SCR004280,C01667,2025-06-04,Ongoing Rescreen,World-Check,N,,,N,,N,,,,Y,0,No Hit
SCR004281,C01667,2025-12-01,Ongoing Rescreen,LexisNexis Bridger,N,,,N,,N,,,,Y,0,No Hit
SCR004282,C01668,2024-06-14,Initial,World-Check,N,,,N,,N,,,,N,0,No Hit
SCR004283,C01668,2024-12-11,Ongoing Rescreen,LexisNexis Bridger,N,,,N,,N,,,,N,0,No Hit
SCR004284,C01668,2025-06-09,Ongoing Rescreen,LexisNexis Bridger,N,,,N,,N,,,,N,0,No Hit
SCR004285,C01668,2025-12-06,Ongoing Rescreen,World-Check,N,,,N,,N,,,,N,0,No Hit
SCR004286,C01669,2024-04-28,Initial,LexisNexis Bridger,N,,,N,,N,,,,N,0,No Hit
SCR004287,C01669,2024-10-25,Ongoing Rescreen,World-Check,N,,,N,,N,,,,N,0,No Hit
SCR004288,C01669,2025-04-23,Ongoing Rescreen,Dow Jones Risk,N,,,N,,N,,,,N,0,No Hit
SCR004289,C01669,2025-10-20,Ongoing Rescreen,World-Check,N,,,N,,N,,,,N,0,No Hit
SCR004290,C01670,2025-03-25,Initial,LexisNexis Bridger,N,,,N,,N,,,,N,0,No Hit
SCR004291,C01670,2025-09-21,Ongoing Rescreen,World-Check,N,,,N,,N,,,,N,0,No Hit
SCR004292,C01671,2025-07-10,Initial,LexisNexis Bridger,N,,,N,,N,,,,N,0,No Hit
SCR004293,C01672,2025-07-03,Initial,Dow Jones Risk,N,,,N,,N,,,,N,0,No Hit
SCR004294,C01672,2025-12-30,Ongoing Rescreen,LexisNexis Bridger,N,,,N,,N,,,,N,0,No Hit
SCR004295,C01673,2024-10-10,Initial,World-Check,N,,,N,,N,,,,N,0,No Hit
SCR004296,C01673,2025-04-08,Ongoing Rescreen,LexisNexis Bridger,N,,,N,,N,,,,N,0,No Hit
SCR004297,C01673,2025-10-05,Ongoing Rescreen,LexisNexis Bridger,N,,,N,,N,,,,N,0,No Hit
SCR004298,C01674,2025-05-29,Initial,World-Check,N,,,N,,N,,,,Y,0,No Hit
SCR004299,C01674,2025-11-25,Ongoing Rescreen,LexisNexis Bridger,N,,,N,,N,,,,Y,0,No Hit
SCR004300,C01675,2024-01-22,Initial,World-Check,N,,,N,,N,,,,N,0,No Hit
SCR004301,C01675,2024-07-20,Ongoing Rescreen,Dow Jones Risk,N,,,N,,N,,,,N,0,No Hit
SCR004302,C01675,2025-01-16,Ongoing Rescreen,Dow Jones Risk,N,,,N,,N,,,,N,0,No Hit
SCR004303,C01675,2025-07-15,Ongoing Rescreen,World-Check,N,,,N,,N,,,,N,0,No Hit
SCR004304,C01676,2025-04-25,Initial,LexisNexis Bridger,N,,,N,,N,,,,N,0,No Hit
SCR004305,C01676,2025-10-22,Ongoing Rescreen,World-Check,N,,,N,,N,,,,N,0,No Hit
SCR004306,C01677,2024-12-12,Initial,Dow Jones Risk,N,,,N,,N,,,,N,0,No Hit
SCR004307,C01677,2025-06-10,Ongoing Rescreen,World-Check,N,,,N,,N,,,,N,0,No Hit
SCR004308,C01677,2025-12-07,Ongoing Rescreen,World-Check,N,,,N,,N,,,,N,0,No Hit
SCR004309,C01678,2025-08-29,Initial,LexisNexis Bridger,N,,,N,,N,,,,N,0,No Hit
SCR004310,C01679,2025-12-08,Initial,World-Check,N,,,N,,N,,,,N,0,No Hit
SCR004311,C01680,2025-02-10,Initial,World-Check,N,,,N,,N,,,,N,0,No Hit
SCR004312,C01680,2025-08-09,Ongoing Rescreen,LexisNexis Bridger,N,,,N,,N,,,,N,0,No Hit
SCR004313,C01681,2025-03-30,Initial,LexisNexis Bridger,N,,,N,,N,,,,N,0,No Hit
SCR004314,C01681,2025-09-26,Ongoing Rescreen,Dow Jones Risk,N,,,N,,N,,,,N,0,No Hit
SCR004315,C01682,2025-11-09,Initial,World-Check,N,,,Y,Family Member,N,,,,Y,9,Cleared - False Positive
SCR004316,C01683,2024-09-07,Initial,Dow Jones Risk,N,,,N,,N,,,,N,0,No Hit
SCR004317,C01683,2025-03-06,Ongoing Rescreen,Dow Jones Risk,N,,,N,,N,,,,N,0,No Hit
SCR004318,C01683,2025-09-02,Ongoing Rescreen,LexisNexis Bridger,N,,,N,,N,,,,N,0,No Hit
SCR004319,C01684,2024-04-15,Initial,Dow Jones Risk,N,,,N,,N,,,,N,0,No Hit
SCR004320,C01684,2024-10-12,Ongoing Rescreen,World-Check,N,,,N,,N,,,,N,0,No Hit
SCR004321,C01684,2025-04-10,Ongoing Rescreen,LexisNexis Bridger,N,,,N,,N,,,,N,0,No Hit
SCR004322,C01684,2025-10-07,Ongoing Rescreen,LexisNexis Bridger,N,,,N,,N,,,,N,0,No Hit
SCR004323,C01685,2025-01-05,Initial,World-Check,N,,,N,,N,,,,N,0,No Hit
SCR004324,C01685,2025-07-04,Ongoing Rescreen,World-Check,N,,,N,,N,,,,N,0,No Hit
SCR004325,C01685,2025-12-31,Ongoing Rescreen,LexisNexis Bridger,N,,,N,,N,,,,N,0,No Hit
SCR004326,C01686,2024-09-17,Initial,Dow Jones Risk,Y,UK HMT/OFSI,N,N,,N,,,,Y,18,Cleared - False Positive
SCR004327,C01686,2025-03-16,Ongoing Rescreen,LexisNexis Bridger,N,,,N,,N,,,,Y,0,No Hit
SCR004328,C01686,2025-09-12,Ongoing Rescreen,Dow Jones Risk,Y,UN Consolidated,N,N,,N,,,,Y,3,Cleared - False Positive
SCR004329,C01687,2025-04-09,Initial,Dow Jones Risk,N,,,N,,N,,,,N,0,No Hit
SCR004330,C01687,2025-10-06,Ongoing Rescreen,Dow Jones Risk,N,,,N,,N,,,,N,0,No Hit
SCR004331,C01688,2025-07-26,Initial,LexisNexis Bridger,N,,,N,,N,,,,N,0,No Hit
SCR004332,C01689,2025-01-03,Initial,LexisNexis Bridger,N,,,N,,N,,,,N,0,No Hit
SCR004333,C01689,2025-07-02,Ongoing Rescreen,LexisNexis Bridger,N,,,N,,N,,,,N,0,No Hit
SCR004334,C01689,2025-12-29,Ongoing Rescreen,LexisNexis Bridger,N,,,N,,N,,,,N,0,No Hit
SCR004335,C01690,2024-08-13,Initial,Dow Jones Risk,N,,,N,,N,,,,N,0,No Hit
SCR004336,C01690,2025-02-09,Ongoing Rescreen,LexisNexis Bridger,N,,,N,,N,,,,N,0,No Hit
SCR004337,C01690,2025-08-08,Ongoing Rescreen,World-Check,N,,,N,,N,,,,N,0,No Hit
SCR004338,C01691,2025-02-16,Initial,LexisNexis Bridger,N,,,N,,N,,,,N,0,No Hit
SCR004339,C01691,2025-08-15,Ongoing Rescreen,World-Check,N,,,N,,N,,,,N,0,No Hit
SCR004340,C01692,2024-11-19,Initial,Dow Jones Risk,N,,,N,,N,,,,N,0,No Hit
SCR004341,C01692,2025-05-18,Ongoing Rescreen,LexisNexis Bridger,N,,,N,,N,,,,N,0,No Hit
SCR004342,C01692,2025-11-14,Ongoing Rescreen,Dow Jones Risk,N,,,N,,N,,,,N,0,No Hit
SCR004343,C01693,2024-05-15,Initial,World-Check,N,,,N,,N,,,,N,0,No Hit
SCR004344,C01693,2024-11-11,Ongoing Rescreen,Dow Jones Risk,N,,,N,,N,,,,N,0,No Hit
SCR004345,C01693,2025-05-10,Ongoing Rescreen,World-Check,N,,,N,,N,,,,N,0,No Hit
SCR004346,C01693,2025-11-06,Ongoing Rescreen,LexisNexis Bridger,N,,,N,,N,,,,N,0,No Hit
SCR004347,C01694,2025-07-18,Initial,Dow Jones Risk,N,,,N,,N,,,,N,0,No Hit
SCR004348,C01695,2024-08-30,Initial,Dow Jones Risk,N,,,N,,Y,Bribery & Corruption,Regional News,N,Y,9,Cleared - False Positive
SCR004349,C01695,2025-02-26,Ongoing Rescreen,World-Check,N,,,N,,N,,,,Y,0,No Hit
SCR004350,C01695,2025-08-25,Ongoing Rescreen,LexisNexis Bridger,N,,,N,,N,,,,Y,0,No Hit
SCR004351,C01696,2025-01-28,Initial,LexisNexis Bridger,N,,,N,,N,,,,N,0,No Hit
SCR004352,C01696,2025-07-27,Ongoing Rescreen,World-Check,N,,,N,,N,,,,N,0,No Hit
SCR004353,C01697,2025-10-26,Initial,Dow Jones Risk,N,,,N,,N,,,,N,0,No Hit
SCR004354,C01698,2024-05-17,Initial,LexisNexis Bridger,N,,,N,,N,,,,N,0,No Hit
SCR004355,C01698,2024-11-13,Ongoing Rescreen,LexisNexis Bridger,N,,,N,,N,,,,N,0,No Hit
SCR004356,C01698,2025-05-12,Ongoing Rescreen,LexisNexis Bridger,N,,,N,,N,,,,N,0,No Hit
SCR004357,C01698,2025-11-08,Ongoing Rescreen,World-Check,N,,,N,,N,,,,N,0,No Hit
SCR004358,C01699,2024-11-08,Initial,World-Check,N,,,N,,N,,,,N,0,No Hit
SCR004359,C01699,2025-05-07,Ongoing Rescreen,LexisNexis Bridger,N,,,N,,N,,,,N,0,No Hit
SCR004360,C01699,2025-11-03,Ongoing Rescreen,World-Check,N,,,N,,N,,,,N,0,No Hit
SCR004361,C01700,2024-05-07,Initial,World-Check,N,,,N,,N,,,,N,0,No Hit
SCR004362,C01700,2024-11-03,Ongoing Rescreen,World-Check,N,,,N,,N,,,,N,0,No Hit
SCR004363,C01700,2025-05-02,Ongoing Rescreen,LexisNexis Bridger,N,,,N,,N,,,,N,0,No Hit
SCR004364,C01700,2025-10-29,Ongoing Rescreen,Dow Jones Risk,N,,,N,,N,,,,N,0,No Hit
SCR004365,C01701,2024-11-15,Initial,World-Check,N,,,N,,Y,Fraud,Regulator Notice,N,Y,5,Cleared - False Positive
SCR004366,C01701,2025-05-14,Ongoing Rescreen,Dow Jones Risk,N,,,N,,N,,,,N,0,No Hit
SCR004367,C01701,2025-11-10,Ongoing Rescreen,World-Check,N,,,N,,N,,,,N,0,No Hit
SCR004368,C01702,2024-08-08,Initial,World-Check,N,,,N,,N,,,,N,0,No Hit
SCR004369,C01702,2025-02-04,Ongoing Rescreen,World-Check,N,,,N,,N,,,,N,0,No Hit
SCR004370,C01702,2025-08-03,Ongoing Rescreen,World-Check,N,,,N,,N,,,,N,0,No Hit
SCR004371,C01703,2025-10-31,Initial,Dow Jones Risk,N,,,N,,N,,,,N,0,No Hit
SCR004372,C01704,2024-08-09,Initial,World-Check,N,,,N,,N,,,,N,0,No Hit
SCR004373,C01704,2025-02-05,Ongoing Rescreen,LexisNexis Bridger,N,,,N,,N,,,,N,0,No Hit
SCR004374,C01704,2025-08-04,Ongoing Rescreen,Dow Jones Risk,N,,,N,,N,,,,N,0,No Hit
SCR004375,C01705,2025-03-24,Initial,Dow Jones Risk,N,,,N,,N,,,,N,0,No Hit
SCR004376,C01705,2025-09-20,Ongoing Rescreen,World-Check,N,,,N,,N,,,,N,0,No Hit
SCR004377,C01706,2024-04-09,Initial,Dow Jones Risk,N,,,N,,N,,,,N,0,No Hit
SCR004378,C01706,2024-10-06,Ongoing Rescreen,World-Check,N,,,N,,N,,,,N,0,No Hit
SCR004379,C01706,2025-04-04,Ongoing Rescreen,LexisNexis Bridger,N,,,N,,N,,,,N,0,No Hit
SCR004380,C01706,2025-10-01,Ongoing Rescreen,World-Check,N,,,N,,N,,,,N,0,No Hit
SCR004381,C01707,2024-11-29,Initial,World-Check,N,,,N,,N,,,,N,0,No Hit
SCR004382,C01707,2025-05-28,Ongoing Rescreen,LexisNexis Bridger,N,,,N,,N,,,,N,0,No Hit
SCR004383,C01707,2025-11-24,Ongoing Rescreen,World-Check,Y,EU Consolidated,N,N,,N,,,,Y,3,Cleared - False Positive
SCR004384,C01708,2025-09-02,Initial,World-Check,N,,,N,,N,,,,N,0,No Hit
SCR004385,C01709,2025-05-06,Initial,Dow Jones Risk,N,,,N,,N,,,,N,0,No Hit
SCR004386,C01709,2025-11-02,Ongoing Rescreen,World-Check,N,,,N,,N,,,,N,0,No Hit
SCR004387,C01710,2024-07-25,Initial,Dow Jones Risk,N,,,Y,Close Associate,N,,,,Y,6,Cleared - False Positive
SCR004388,C01710,2025-01-21,Ongoing Rescreen,LexisNexis Bridger,N,,,Y,Foreign PEP,N,,,,Y,3,Cleared - False Positive
SCR004389,C01710,2025-07-20,Ongoing Rescreen,World-Check,N,,,Y,Domestic PEP,N,,,,Y,2,Cleared - False Positive
SCR004390,C01711,2025-12-11,Initial,World-Check,N,,,N,,N,,,,N,0,No Hit
SCR004391,C01712,2025-08-09,Initial,LexisNexis Bridger,N,,,N,,N,,,,N,0,No Hit
SCR004392,C01713,2024-10-21,Initial,LexisNexis Bridger,N,,,N,,N,,,,N,0,No Hit
SCR004393,C01713,2025-04-19,Ongoing Rescreen,World-Check,N,,,N,,N,,,,N,0,No Hit
SCR004394,C01713,2025-10-16,Ongoing Rescreen,LexisNexis Bridger,N,,,N,,N,,,,N,0,No Hit
SCR004395,C01714,2025-12-12,Initial,Dow Jones Risk,N,,,N,,N,,,,N,0,No Hit
SCR004396,C01715,2024-05-16,Initial,Dow Jones Risk,N,,,N,,N,,,,N,0,No Hit
SCR004397,C01715,2024-11-12,Ongoing Rescreen,LexisNexis Bridger,N,,,N,,N,,,,N,0,No Hit
SCR004398,C01715,2025-05-11,Ongoing Rescreen,World-Check,N,,,N,,N,,,,N,0,No Hit
SCR004399,C01715,2025-11-07,Ongoing Rescreen,LexisNexis Bridger,N,,,N,,N,,,,N,0,No Hit
SCR004400,C01716,2024-08-30,Initial,LexisNexis Bridger,N,,,N,,N,,,,N,0,No Hit
SCR004401,C01716,2025-02-26,Ongoing Rescreen,LexisNexis Bridger,N,,,N,,Y,Tax Evasion,Regional News,N,Y,1,Cleared - False Positive
SCR004402,C01716,2025-08-25,Ongoing Rescreen,LexisNexis Bridger,N,,,N,,N,,,,N,0,No Hit
SCR004403,C01717,2025-11-11,Initial,LexisNexis Bridger,N,,,N,,N,,,,N,0,No Hit
SCR004404,C01718,2025-12-10,Initial,Dow Jones Risk,N,,,N,,N,,,,N,0,No Hit
SCR004405,C01719,2025-08-24,Initial,LexisNexis Bridger,N,,,Y,Foreign PEP,N,,,,Y,10,Cleared - False Positive
SCR004406,C01720,2024-05-19,Initial,LexisNexis Bridger,N,,,N,,N,,,,N,0,No Hit
SCR004407,C01720,2024-11-15,Ongoing Rescreen,Dow Jones Risk,N,,,N,,N,,,,N,0,No Hit
SCR004408,C01720,2025-05-14,Ongoing Rescreen,LexisNexis Bridger,N,,,N,,Y,Bribery & Corruption,Regional News,N,Y,2,Cleared - False Positive
SCR004409,C01720,2025-11-10,Ongoing Rescreen,World-Check,N,,,N,,N,,,,N,0,No Hit
SCR004410,C01721,2024-06-08,Initial,LexisNexis Bridger,N,,,N,,N,,,,N,0,No Hit
SCR004411,C01721,2024-12-05,Ongoing Rescreen,LexisNexis Bridger,N,,,N,,N,,,,N,0,No Hit
SCR004412,C01721,2025-06-03,Ongoing Rescreen,World-Check,N,,,N,,N,,,,N,0,No Hit
SCR004413,C01721,2025-11-30,Ongoing Rescreen,Dow Jones Risk,N,,,N,,N,,,,N,0,No Hit
SCR004414,C01722,2025-04-18,Initial,LexisNexis Bridger,N,,,N,,N,,,,N,0,No Hit
SCR004415,C01722,2025-10-15,Ongoing Rescreen,Dow Jones Risk,N,,,N,,N,,,,N,0,No Hit
SCR004416,C01723,2024-02-10,Initial,Dow Jones Risk,N,,,N,,N,,,,N,0,No Hit
SCR004417,C01723,2024-08-08,Ongoing Rescreen,World-Check,N,,,N,,N,,,,N,0,No Hit
SCR004418,C01723,2025-02-04,Ongoing Rescreen,Dow Jones Risk,N,,,N,,N,,,,N,0,No Hit
SCR004419,C01723,2025-08-03,Ongoing Rescreen,LexisNexis Bridger,N,,,N,,N,,,,N,0,No Hit
SCR004420,C01724,2025-12-25,Initial,World-Check,N,,,N,,N,,,,N,0,No Hit
SCR004421,C01725,2025-11-19,Initial,Dow Jones Risk,N,,,N,,N,,,,N,0,No Hit
SCR004422,C01726,2025-08-13,Initial,LexisNexis Bridger,N,,,N,,N,,,,N,0,No Hit
SCR004423,C01727,2025-12-08,Initial,World-Check,N,,,Y,Foreign PEP,N,,,,Y,3,Cleared - False Positive
SCR004424,C01728,2024-06-16,Initial,World-Check,N,,,N,,N,,,,N,0,No Hit
SCR004425,C01728,2024-12-13,Ongoing Rescreen,World-Check,N,,,N,,N,,,,N,0,No Hit
SCR004426,C01728,2025-06-11,Ongoing Rescreen,Dow Jones Risk,N,,,N,,N,,,,N,0,No Hit
SCR004427,C01728,2025-12-08,Ongoing Rescreen,Dow Jones Risk,N,,,N,,Y,Regulatory Fine,Regulator Notice,N,Y,9,Cleared - False Positive
SCR004428,C01729,2025-10-06,Initial,World-Check,N,,,N,,Y,Regulatory Fine,Regulator Notice,N,Y,1,Cleared - False Positive
SCR004429,C01730,2024-07-07,Initial,LexisNexis Bridger,N,,,N,,N,,,,N,0,No Hit
SCR004430,C01730,2025-01-03,Ongoing Rescreen,LexisNexis Bridger,N,,,N,,N,,,,N,0,No Hit
SCR004431,C01730,2025-07-02,Ongoing Rescreen,LexisNexis Bridger,N,,,N,,N,,,,N,0,No Hit
SCR004432,C01730,2025-12-29,Ongoing Rescreen,Dow Jones Risk,N,,,N,,N,,,,N,0,No Hit
SCR004433,C01731,2024-03-29,Initial,Dow Jones Risk,N,,,N,,N,,,,N,0,No Hit
SCR004434,C01731,2024-09-25,Ongoing Rescreen,Dow Jones Risk,N,,,N,,Y,Money Laundering,National News,N,Y,3,Cleared - False Positive
SCR004435,C01731,2025-03-24,Ongoing Rescreen,World-Check,N,,,N,,N,,,,N,0,No Hit
SCR004436,C01731,2025-09-20,Ongoing Rescreen,Dow Jones Risk,N,,,N,,N,,,,N,0,No Hit
SCR004437,C01732,2024-07-10,Initial,World-Check,N,,,N,,N,,,,N,0,No Hit
SCR004438,C01732,2025-01-06,Ongoing Rescreen,LexisNexis Bridger,N,,,N,,N,,,,N,0,No Hit
SCR004439,C01732,2025-07-05,Ongoing Rescreen,LexisNexis Bridger,N,,,N,,N,,,,N,0,No Hit
SCR004440,C01733,2025-07-20,Initial,Dow Jones Risk,N,,,N,,N,,,,N,0,No Hit
SCR004441,C01734,2025-11-20,Initial,LexisNexis Bridger,N,,,N,,N,,,,N,0,No Hit
SCR004442,C01735,2025-03-23,Initial,World-Check,N,,,N,,N,,,,N,0,No Hit
SCR004443,C01735,2025-09-19,Ongoing Rescreen,World-Check,N,,,N,,N,,,,N,0,No Hit
SCR004444,C01736,2024-06-28,Initial,World-Check,N,,,N,,N,,,,N,0,No Hit
SCR004445,C01736,2024-12-25,Ongoing Rescreen,Dow Jones Risk,N,,,N,,N,,,,N,0,No Hit
SCR004446,C01736,2025-06-23,Ongoing Rescreen,LexisNexis Bridger,N,,,N,,N,,,,N,0,No Hit
SCR004447,C01736,2025-12-20,Ongoing Rescreen,Dow Jones Risk,N,,,N,,N,,,,N,0,No Hit
SCR004448,C01737,2025-03-15,Initial,Dow Jones Risk,N,,,N,,N,,,,N,0,No Hit
SCR004449,C01737,2025-09-11,Ongoing Rescreen,LexisNexis Bridger,N,,,N,,N,,,,N,0,No Hit
SCR004450,C01738,2025-01-07,Initial,LexisNexis Bridger,N,,,N,,N,,,,N,0,No Hit
SCR004451,C01738,2025-07-06,Ongoing Rescreen,LexisNexis Bridger,N,,,N,,N,,,,N,0,No Hit
SCR004452,C01739,2025-01-13,Initial,Dow Jones Risk,N,,,N,,N,,,,N,0,No Hit
SCR004453,C01739,2025-07-12,Ongoing Rescreen,World-Check,N,,,N,,N,,,,N,0,No Hit
SCR004454,C01740,2024-09-12,Initial,Dow Jones Risk,N,,,N,,N,,,,N,0,No Hit
SCR004455,C01740,2025-03-11,Ongoing Rescreen,World-Check,N,,,N,,N,,,,N,0,No Hit
SCR004456,C01740,2025-09-07,Ongoing Rescreen,Dow Jones Risk,N,,,N,,N,,,,N,0,No Hit
SCR004457,C01741,2024-04-11,Initial,LexisNexis Bridger,N,,,N,,N,,,,N,0,No Hit
SCR004458,C01741,2024-10-08,Ongoing Rescreen,Dow Jones Risk,N,,,N,,N,,,,N,0,No Hit
SCR004459,C01741,2025-04-06,Ongoing Rescreen,LexisNexis Bridger,N,,,N,,N,,,,N,0,No Hit
SCR004460,C01741,2025-10-03,Ongoing Rescreen,World-Check,N,,,N,,N,,,,N,0,No Hit
SCR004461,C01742,2024-09-21,Initial,Dow Jones Risk,N,,,N,,N,,,,N,0,No Hit
SCR004462,C01742,2025-03-20,Ongoing Rescreen,World-Check,N,,,N,,N,,,,N,0,No Hit
SCR004463,C01742,2025-09-16,Ongoing Rescreen,Dow Jones Risk,N,,,N,,N,,,,N,0,No Hit
SCR004464,C01743,2025-10-12,Initial,Dow Jones Risk,N,,,N,,N,,,,N,0,No Hit
SCR004465,C01744,2024-10-25,Initial,World-Check,N,,,N,,N,,,,N,0,No Hit
SCR004466,C01744,2025-04-23,Ongoing Rescreen,Dow Jones Risk,N,,,N,,N,,,,N,0,No Hit
SCR004467,C01744,2025-10-20,Ongoing Rescreen,World-Check,N,,,N,,N,,,,N,0,No Hit
SCR004468,C01745,2024-01-16,Initial,Dow Jones Risk,N,,,N,,N,,,,N,0,No Hit
SCR004469,C01745,2024-07-14,Ongoing Rescreen,LexisNexis Bridger,N,,,N,,Y,Regulatory Fine,Regional News,N,Y,7,Cleared - False Positive
SCR004470,C01745,2025-01-10,Ongoing Rescreen,World-Check,N,,,N,,N,,,,N,0,No Hit
SCR004471,C01745,2025-07-09,Ongoing Rescreen,LexisNexis Bridger,N,,,N,,N,,,,N,0,No Hit
SCR004472,C01746,2024-09-09,Initial,World-Check,N,,,N,,N,,,,N,0,No Hit
SCR004473,C01746,2025-03-08,Ongoing Rescreen,Dow Jones Risk,N,,,N,,N,,,,N,0,No Hit
SCR004474,C01746,2025-09-04,Ongoing Rescreen,Dow Jones Risk,N,,,N,,N,,,,N,0,No Hit
SCR004475,C01747,2024-12-02,Initial,World-Check,N,,,N,,N,,,,N,0,No Hit
SCR004476,C01747,2025-05-31,Ongoing Rescreen,Dow Jones Risk,N,,,N,,N,,,,N,0,No Hit
SCR004477,C01747,2025-11-27,Ongoing Rescreen,World-Check,N,,,N,,N,,,,N,0,No Hit
SCR004478,C01748,2025-03-14,Initial,LexisNexis Bridger,N,,,N,,N,,,,N,0,No Hit
SCR004479,C01748,2025-09-10,Ongoing Rescreen,Dow Jones Risk,N,,,N,,N,,,,N,0,No Hit
SCR004480,C01749,2025-04-14,Initial,LexisNexis Bridger,N,,,N,,N,,,,N,0,No Hit
SCR004481,C01749,2025-10-11,Ongoing Rescreen,Dow Jones Risk,N,,,N,,N,,,,N,0,No Hit
SCR004482,C01750,2024-11-07,Initial,LexisNexis Bridger,N,,,N,,N,,,,Y,0,No Hit
SCR004483,C01750,2025-05-06,Ongoing Rescreen,Dow Jones Risk,N,,,N,,N,,,,Y,0,No Hit
SCR004484,C01750,2025-11-02,Ongoing Rescreen,Dow Jones Risk,N,,,N,,N,,,,Y,0,No Hit
SCR004485,C01751,2024-04-14,Initial,LexisNexis Bridger,N,,,N,,N,,,,N,0,No Hit
SCR004486,C01751,2024-10-11,Ongoing Rescreen,Dow Jones Risk,N,,,N,,N,,,,N,0,No Hit
SCR004487,C01751,2025-04-09,Ongoing Rescreen,LexisNexis Bridger,N,,,N,,N,,,,N,0,No Hit
SCR004488,C01751,2025-10-06,Ongoing Rescreen,World-Check,N,,,N,,N,,,,N,0,No Hit
SCR004489,C01752,2024-11-18,Initial,LexisNexis Bridger,N,,,N,,N,,,,N,0,No Hit
SCR004490,C01752,2025-05-17,Ongoing Rescreen,World-Check,N,,,N,,N,,,,N,0,No Hit
SCR004491,C01752,2025-11-13,Ongoing Rescreen,World-Check,N,,,N,,N,,,,N,0,No Hit
SCR004492,C01753,2024-01-03,Initial,Dow Jones Risk,N,,,N,,N,,,,N,0,No Hit
SCR004493,C01753,2024-07-01,Ongoing Rescreen,LexisNexis Bridger,N,,,N,,N,,,,N,0,No Hit
SCR004494,C01753,2024-12-28,Ongoing Rescreen,LexisNexis Bridger,N,,,N,,N,,,,N,0,No Hit
SCR004495,C01753,2025-06-26,Ongoing Rescreen,LexisNexis Bridger,N,,,N,,N,,,,N,0,No Hit
SCR004496,C01753,2025-12-23,Ongoing Rescreen,World-Check,N,,,N,,N,,,,N,0,No Hit
SCR004497,C01754,2025-01-04,Initial,LexisNexis Bridger,N,,,N,,N,,,,N,0,No Hit
SCR004498,C01754,2025-07-03,Ongoing Rescreen,LexisNexis Bridger,N,,,N,,N,,,,N,0,No Hit
SCR004499,C01754,2025-12-30,Ongoing Rescreen,World-Check,N,,,N,,N,,,,N,0,No Hit
SCR004500,C01755,2024-11-21,Initial,LexisNexis Bridger,N,,,N,,N,,,,N,0,No Hit
SCR004501,C01755,2025-05-20,Ongoing Rescreen,World-Check,N,,,N,,N,,,,N,0,No Hit
SCR004502,C01755,2025-11-16,Ongoing Rescreen,Dow Jones Risk,N,,,N,,N,,,,N,0,No Hit
SCR004503,C01756,2024-09-17,Initial,LexisNexis Bridger,N,,,Y,Domestic PEP,N,,,,Y,6,Cleared - False Positive
SCR004504,C01756,2025-03-16,Ongoing Rescreen,LexisNexis Bridger,Y,UK HMT/OFSI,N,N,,N,,,,Y,3,Cleared - False Positive
SCR004505,C01756,2025-09-12,Ongoing Rescreen,LexisNexis Bridger,N,,,N,,N,,,,N,0,No Hit
SCR004506,C01757,2025-04-28,Initial,Dow Jones Risk,N,,,N,,N,,,,N,0,No Hit
SCR004507,C01757,2025-10-25,Ongoing Rescreen,LexisNexis Bridger,N,,,N,,N,,,,N,0,No Hit
SCR004508,C01758,2025-07-05,Initial,LexisNexis Bridger,N,,,N,,N,,,,N,0,No Hit
SCR004509,C01759,2024-07-11,Initial,LexisNexis Bridger,N,,,N,,N,,,,N,0,No Hit
SCR004510,C01759,2025-01-07,Ongoing Rescreen,LexisNexis Bridger,N,,,N,,N,,,,N,0,No Hit
SCR004511,C01759,2025-07-06,Ongoing Rescreen,Dow Jones Risk,N,,,N,,N,,,,N,0,No Hit
SCR004512,C01760,2025-01-03,Initial,Dow Jones Risk,N,,,N,,N,,,,N,0,No Hit
SCR004513,C01760,2025-07-02,Ongoing Rescreen,World-Check,N,,,N,,N,,,,N,0,No Hit
SCR004514,C01760,2025-12-29,Ongoing Rescreen,Dow Jones Risk,N,,,N,,N,,,,N,0,No Hit
SCR004515,C01761,2025-01-07,Initial,World-Check,N,,,N,,N,,,,N,0,No Hit
SCR004516,C01761,2025-07-06,Ongoing Rescreen,LexisNexis Bridger,N,,,N,,N,,,,N,0,No Hit
SCR004517,C01762,2025-01-07,Initial,Dow Jones Risk,N,,,N,,N,,,,N,0,No Hit
SCR004518,C01762,2025-07-06,Ongoing Rescreen,LexisNexis Bridger,Y,EU Consolidated,N,N,,N,,,,Y,2,Cleared - False Positive
SCR004519,C01763,2024-10-21,Initial,Dow Jones Risk,N,,,N,,N,,,,N,0,No Hit
SCR004520,C01763,2025-04-19,Ongoing Rescreen,LexisNexis Bridger,N,,,N,,N,,,,N,0,No Hit
SCR004521,C01763,2025-10-16,Ongoing Rescreen,LexisNexis Bridger,N,,,N,,N,,,,N,0,No Hit
SCR004522,C01764,2024-06-02,Initial,Dow Jones Risk,N,,,N,,N,,,,N,0,No Hit
SCR004523,C01764,2024-11-29,Ongoing Rescreen,World-Check,N,,,N,,N,,,,N,0,No Hit
SCR004524,C01764,2025-05-28,Ongoing Rescreen,LexisNexis Bridger,N,,,N,,N,,,,N,0,No Hit
SCR004525,C01764,2025-11-24,Ongoing Rescreen,LexisNexis Bridger,N,,,N,,N,,,,N,0,No Hit
SCR004526,C01765,2024-05-05,Initial,World-Check,N,,,N,,N,,,,N,0,No Hit
SCR004527,C01765,2024-11-01,Ongoing Rescreen,LexisNexis Bridger,Y,EU Consolidated,N,N,,N,,,,Y,2,Cleared - False Positive
SCR004528,C01765,2025-04-30,Ongoing Rescreen,World-Check,N,,,N,,N,,,,N,0,No Hit
SCR004529,C01765,2025-10-27,Ongoing Rescreen,World-Check,N,,,N,,N,,,,N,0,No Hit
SCR004530,C01766,2024-01-23,Initial,World-Check,N,,,N,,N,,,,N,0,No Hit
SCR004531,C01766,2024-07-21,Ongoing Rescreen,LexisNexis Bridger,N,,,N,,N,,,,N,0,No Hit
SCR004532,C01766,2025-01-17,Ongoing Rescreen,World-Check,N,,,N,,N,,,,N,0,No Hit
SCR004533,C01766,2025-07-16,Ongoing Rescreen,Dow Jones Risk,N,,,N,,N,,,,N,0,No Hit
SCR004534,C01767,2024-02-08,Initial,World-Check,N,,,N,,N,,,,N,0,No Hit
SCR004535,C01767,2024-08-06,Ongoing Rescreen,World-Check,N,,,N,,N,,,,N,0,No Hit
SCR004536,C01767,2025-02-02,Ongoing Rescreen,LexisNexis Bridger,N,,,N,,N,,,,N,0,No Hit
SCR004537,C01767,2025-08-01,Ongoing Rescreen,World-Check,N,,,N,,N,,,,N,0,No Hit
SCR004538,C01768,2025-08-14,Initial,Dow Jones Risk,N,,,N,,N,,,,N,0,No Hit
SCR004539,C01769,2024-02-21,Initial,Dow Jones Risk,N,,,N,,N,,,,N,0,No Hit
SCR004540,C01769,2024-08-19,Ongoing Rescreen,Dow Jones Risk,N,,,N,,Y,Tax Evasion,Online Blog,N,Y,5,Cleared - False Positive
SCR004541,C01769,2025-02-15,Ongoing Rescreen,World-Check,N,,,N,,N,,,,N,0,No Hit
SCR004542,C01769,2025-08-14,Ongoing Rescreen,Dow Jones Risk,N,,,N,,N,,,,N,0,No Hit
SCR004543,C01770,2025-09-17,Initial,LexisNexis Bridger,N,,,N,,N,,,,Y,0,No Hit
SCR004544,C01771,2025-10-17,Initial,LexisNexis Bridger,N,,,N,,N,,,,N,0,No Hit
SCR004545,C01772,2024-06-25,Initial,Dow Jones Risk,N,,,N,,N,,,,N,0,No Hit
SCR004546,C01772,2024-12-22,Ongoing Rescreen,LexisNexis Bridger,N,,,N,,N,,,,N,0,No Hit
SCR004547,C01772,2025-06-20,Ongoing Rescreen,Dow Jones Risk,N,,,N,,N,,,,N,0,No Hit
SCR004548,C01772,2025-12-17,Ongoing Rescreen,LexisNexis Bridger,N,,,N,,N,,,,N,0,No Hit
SCR004549,C01773,2024-11-19,Initial,World-Check,N,,,N,,N,,,,N,0,No Hit
SCR004550,C01773,2025-05-18,Ongoing Rescreen,Dow Jones Risk,N,,,N,,N,,,,N,0,No Hit
SCR004551,C01773,2025-11-14,Ongoing Rescreen,LexisNexis Bridger,N,,,N,,N,,,,N,0,No Hit
SCR004552,C01774,2024-09-20,Initial,LexisNexis Bridger,N,,,N,,N,,,,Y,0,No Hit
SCR004553,C01774,2025-03-19,Ongoing Rescreen,LexisNexis Bridger,N,,,N,,N,,,,Y,0,No Hit
SCR004554,C01774,2025-09-15,Ongoing Rescreen,Dow Jones Risk,N,,,N,,N,,,,Y,0,No Hit
SCR004555,C01775,2024-10-14,Initial,LexisNexis Bridger,N,,,N,,N,,,,N,0,No Hit
SCR004556,C01775,2025-04-12,Ongoing Rescreen,World-Check,N,,,N,,N,,,,N,0,No Hit
SCR004557,C01775,2025-10-09,Ongoing Rescreen,LexisNexis Bridger,N,,,N,,N,,,,N,0,No Hit
SCR004558,C01776,2024-09-18,Initial,World-Check,N,,,N,,N,,,,N,0,No Hit
SCR004559,C01776,2025-03-17,Ongoing Rescreen,World-Check,N,,,N,,N,,,,N,0,No Hit
SCR004560,C01776,2025-09-13,Ongoing Rescreen,World-Check,N,,,N,,N,,,,N,0,No Hit
SCR004561,C01777,2024-09-07,Initial,LexisNexis Bridger,N,,,N,,N,,,,N,0,No Hit
SCR004562,C01777,2025-03-06,Ongoing Rescreen,LexisNexis Bridger,N,,,N,,N,,,,N,0,No Hit
SCR004563,C01777,2025-09-02,Ongoing Rescreen,LexisNexis Bridger,N,,,N,,N,,,,N,0,No Hit
SCR004564,C01778,2025-05-15,Initial,LexisNexis Bridger,N,,,N,,N,,,,N,0,No Hit
SCR004565,C01778,2025-11-11,Ongoing Rescreen,Dow Jones Risk,N,,,N,,N,,,,N,0,No Hit
SCR004566,C01779,2024-10-28,Initial,LexisNexis Bridger,N,,,N,,N,,,,N,0,No Hit
SCR004567,C01779,2025-04-26,Ongoing Rescreen,LexisNexis Bridger,N,,,N,,N,,,,N,0,No Hit
SCR004568,C01779,2025-10-23,Ongoing Rescreen,Dow Jones Risk,N,,,N,,N,,,,N,0,No Hit
SCR004569,C01780,2024-05-16,Initial,LexisNexis Bridger,N,,,N,,N,,,,N,0,No Hit
SCR004570,C01780,2024-11-12,Ongoing Rescreen,LexisNexis Bridger,N,,,N,,N,,,,N,0,No Hit
SCR004571,C01780,2025-05-11,Ongoing Rescreen,LexisNexis Bridger,N,,,N,,N,,,,N,0,No Hit
SCR004572,C01780,2025-11-07,Ongoing Rescreen,World-Check,Y,OFAC SDN,N,N,,N,,,,Y,2,Cleared - False Positive
SCR004573,C01781,2024-10-03,Initial,LexisNexis Bridger,N,,,N,,N,,,,N,0,No Hit
SCR004574,C01781,2025-04-01,Ongoing Rescreen,World-Check,N,,,N,,N,,,,N,0,No Hit
SCR004575,C01781,2025-09-28,Ongoing Rescreen,World-Check,N,,,N,,N,,,,N,0,No Hit
SCR004576,C01782,2025-12-16,Initial,LexisNexis Bridger,N,,,N,,N,,,,N,0,No Hit
SCR004577,C01783,2025-12-23,Initial,Dow Jones Risk,N,,,N,,N,,,,N,0,No Hit
SCR004578,C01784,2024-02-15,Initial,LexisNexis Bridger,N,,,N,,N,,,,N,0,No Hit
SCR004579,C01784,2024-08-13,Ongoing Rescreen,Dow Jones Risk,N,,,N,,N,,,,N,0,No Hit
SCR004580,C01784,2025-02-09,Ongoing Rescreen,Dow Jones Risk,N,,,N,,N,,,,N,0,No Hit
SCR004581,C01784,2025-08-08,Ongoing Rescreen,LexisNexis Bridger,N,,,N,,N,,,,N,0,No Hit
SCR004582,C01785,2025-02-24,Initial,World-Check,N,,,N,,N,,,,N,0,No Hit
SCR004583,C01785,2025-08-23,Ongoing Rescreen,Dow Jones Risk,N,,,N,,N,,,,N,0,No Hit
SCR004584,C01786,2025-12-12,Initial,World-Check,N,,,N,,N,,,,N,0,No Hit
SCR004585,C01787,2024-05-21,Initial,World-Check,N,,,N,,N,,,,N,0,No Hit
SCR004586,C01787,2024-11-17,Ongoing Rescreen,LexisNexis Bridger,N,,,N,,N,,,,N,0,No Hit
SCR004587,C01787,2025-05-16,Ongoing Rescreen,World-Check,Y,UN Consolidated,N,N,,N,,,,Y,2,Cleared - False Positive
SCR004588,C01787,2025-11-12,Ongoing Rescreen,World-Check,N,,,N,,N,,,,N,0,No Hit
SCR004589,C01788,2024-02-20,Initial,LexisNexis Bridger,N,,,N,,N,,,,N,0,No Hit
SCR004590,C01788,2024-08-18,Ongoing Rescreen,World-Check,N,,,N,,N,,,,N,0,No Hit
SCR004591,C01788,2025-02-14,Ongoing Rescreen,Dow Jones Risk,N,,,N,,N,,,,N,0,No Hit
SCR004592,C01788,2025-08-13,Ongoing Rescreen,Dow Jones Risk,N,,,N,,N,,,,N,0,No Hit
SCR004593,C01789,2024-06-03,Initial,World-Check,Y,UK HMT/OFSI,N,N,,N,,,,Y,2,Cleared - False Positive
SCR004594,C01789,2024-11-30,Ongoing Rescreen,LexisNexis Bridger,N,,,N,,N,,,,N,0,No Hit
SCR004595,C01789,2025-05-29,Ongoing Rescreen,LexisNexis Bridger,N,,,N,,Y,Regulatory Fine,Regulator Notice,N,Y,3,Cleared - False Positive
SCR004596,C01789,2025-11-25,Ongoing Rescreen,LexisNexis Bridger,N,,,N,,N,,,,N,0,No Hit
SCR004597,C01790,2024-08-20,Initial,Dow Jones Risk,N,,,N,,N,,,,N,0,No Hit
SCR004598,C01790,2025-02-16,Ongoing Rescreen,LexisNexis Bridger,N,,,N,,N,,,,N,0,No Hit
SCR004599,C01790,2025-08-15,Ongoing Rescreen,Dow Jones Risk,N,,,N,,N,,,,N,0,No Hit
SCR004600,C01791,2025-11-14,Initial,LexisNexis Bridger,N,,,N,,N,,,,N,0,No Hit
SCR004601,C01792,2024-07-02,Initial,Dow Jones Risk,N,,,N,,N,,,,N,0,No Hit
SCR004602,C01792,2024-12-29,Ongoing Rescreen,LexisNexis Bridger,N,,,N,,N,,,,N,0,No Hit
SCR004603,C01792,2025-06-27,Ongoing Rescreen,World-Check,N,,,N,,N,,,,N,0,No Hit
SCR004604,C01792,2025-12-24,Ongoing Rescreen,World-Check,N,,,N,,N,,,,N,0,No Hit
SCR004605,C01793,2024-08-30,Initial,LexisNexis Bridger,N,,,N,,N,,,,N,0,No Hit
SCR004606,C01793,2025-02-26,Ongoing Rescreen,LexisNexis Bridger,N,,,N,,N,,,,N,0,No Hit
SCR004607,C01793,2025-08-25,Ongoing Rescreen,World-Check,N,,,N,,N,,,,N,0,No Hit
SCR004608,C01794,2024-07-08,Initial,World-Check,N,,,N,,N,,,,N,0,No Hit
SCR004609,C01794,2025-01-04,Ongoing Rescreen,LexisNexis Bridger,N,,,N,,N,,,,N,0,No Hit
SCR004610,C01794,2025-07-03,Ongoing Rescreen,World-Check,N,,,N,,Y,Money Laundering,Court Records,Y,Y,2,Escalate to EDD
SCR004611,C01794,2025-12-30,Ongoing Rescreen,LexisNexis Bridger,N,,,N,,N,,,,N,0,No Hit
SCR004612,C01795,2024-10-13,Initial,LexisNexis Bridger,N,,,N,,N,,,,N,0,No Hit
SCR004613,C01795,2025-04-11,Ongoing Rescreen,World-Check,N,,,N,,N,,,,N,0,No Hit
SCR004614,C01795,2025-10-08,Ongoing Rescreen,Dow Jones Risk,N,,,N,,N,,,,N,0,No Hit
SCR004615,C01796,2025-12-28,Initial,Dow Jones Risk,Y,UK HMT/OFSI,N,N,,N,,,,Y,6,Cleared - False Positive
SCR004616,C01797,2024-03-02,Initial,World-Check,N,,,N,,N,,,,N,0,No Hit
SCR004617,C01797,2024-08-29,Ongoing Rescreen,Dow Jones Risk,N,,,N,,N,,,,N,0,No Hit
SCR004618,C01797,2025-02-25,Ongoing Rescreen,LexisNexis Bridger,N,,,N,,N,,,,N,0,No Hit
SCR004619,C01797,2025-08-24,Ongoing Rescreen,World-Check,N,,,N,,N,,,,N,0,No Hit
SCR004620,C01798,2024-12-01,Initial,World-Check,N,,,N,,N,,,,N,0,No Hit
SCR004621,C01798,2025-05-30,Ongoing Rescreen,Dow Jones Risk,N,,,N,,N,,,,N,0,No Hit
SCR004622,C01798,2025-11-26,Ongoing Rescreen,Dow Jones Risk,N,,,N,,N,,,,N,0,No Hit
SCR004623,C01799,2025-03-24,Initial,LexisNexis Bridger,N,,,N,,N,,,,N,0,No Hit
SCR004624,C01799,2025-09-20,Ongoing Rescreen,World-Check,Y,UK HMT/OFSI,N,N,,N,,,,Y,15,Cleared - False Positive
SCR004625,C01800,2024-03-28,Initial,World-Check,N,,,N,,N,,,,N,0,No Hit
SCR004626,C01800,2024-09-24,Ongoing Rescreen,Dow Jones Risk,N,,,N,,N,,,,N,0,No Hit
SCR004627,C01800,2025-03-23,Ongoing Rescreen,LexisNexis Bridger,N,,,N,,N,,,,N,0,No Hit
SCR004628,C01800,2025-09-19,Ongoing Rescreen,World-Check,N,,,N,,N,,,,N,0,No Hit
SCR004629,C01801,2024-02-02,Initial,LexisNexis Bridger,N,,,N,,N,,,,N,0,No Hit
SCR004630,C01801,2024-07-31,Ongoing Rescreen,World-Check,N,,,N,,N,,,,N,0,No Hit
SCR004631,C01801,2025-01-27,Ongoing Rescreen,Dow Jones Risk,N,,,N,,N,,,,N,0,No Hit
SCR004632,C01801,2025-07-26,Ongoing Rescreen,Dow Jones Risk,N,,,N,,N,,,,N,0,No Hit
SCR004633,C01802,2025-12-19,Initial,World-Check,N,,,N,,N,,,,N,0,No Hit
SCR004634,C01803,2024-07-15,Initial,Dow Jones Risk,N,,,N,,N,,,,Y,0,No Hit
SCR004635,C01803,2025-01-11,Ongoing Rescreen,LexisNexis Bridger,N,,,N,,N,,,,Y,0,No Hit
SCR004636,C01803,2025-07-10,Ongoing Rescreen,World-Check,N,,,N,,N,,,,Y,0,No Hit
SCR004637,C01804,2024-06-26,Initial,LexisNexis Bridger,N,,,N,,N,,,,N,0,No Hit
SCR004638,C01804,2024-12-23,Ongoing Rescreen,LexisNexis Bridger,N,,,N,,N,,,,N,0,No Hit
SCR004639,C01804,2025-06-21,Ongoing Rescreen,Dow Jones Risk,N,,,N,,N,,,,N,0,No Hit
SCR004640,C01804,2025-12-18,Ongoing Rescreen,Dow Jones Risk,N,,,N,,N,,,,N,0,No Hit
SCR004641,C01805,2024-09-11,Initial,World-Check,Y,OFAC SDN,N,N,,N,,,,Y,2,Cleared - False Positive
SCR004642,C01805,2025-03-10,Ongoing Rescreen,Dow Jones Risk,N,,,N,,N,,,,N,0,No Hit
SCR004643,C01805,2025-09-06,Ongoing Rescreen,Dow Jones Risk,N,,,N,,N,,,,N,0,No Hit
SCR004644,C01806,2024-02-23,Initial,World-Check,N,,,N,,N,,,,N,0,No Hit
SCR004645,C01806,2024-08-21,Ongoing Rescreen,World-Check,N,,,Y,Family Member,N,,,,Y,2,Cleared - False Positive
SCR004646,C01806,2025-02-17,Ongoing Rescreen,LexisNexis Bridger,N,,,N,,N,,,,N,0,No Hit
SCR004647,C01806,2025-08-16,Ongoing Rescreen,World-Check,N,,,N,,N,,,,N,0,No Hit
SCR004648,C01807,2024-04-17,Initial,LexisNexis Bridger,N,,,N,,N,,,,N,0,No Hit
SCR004649,C01807,2024-10-14,Ongoing Rescreen,World-Check,N,,,N,,N,,,,N,0,No Hit
SCR004650,C01807,2025-04-12,Ongoing Rescreen,LexisNexis Bridger,N,,,N,,N,,,,N,0,No Hit
SCR004651,C01807,2025-10-09,Ongoing Rescreen,World-Check,N,,,N,,N,,,,N,0,No Hit
SCR004652,C01808,2024-01-18,Initial,World-Check,N,,,Y,Domestic PEP,N,,,,Y,15,Cleared - False Positive
SCR004653,C01808,2024-07-16,Ongoing Rescreen,LexisNexis Bridger,N,,,Y,Domestic PEP,Y,Regulatory Fine,Online Blog,N,Y,12,Cleared - False Positive
SCR004654,C01808,2025-01-12,Ongoing Rescreen,World-Check,N,,,Y,Family Member,N,,,,Y,9,Cleared - False Positive
SCR004655,C01808,2025-07-11,Ongoing Rescreen,LexisNexis Bridger,N,,,Y,Close Associate,Y,Fraud,Online Blog,Y,Y,2,Escalate to EDD
SCR004656,C01809,2025-01-25,Initial,Dow Jones Risk,N,,,N,,N,,,,N,0,No Hit
SCR004657,C01809,2025-07-24,Ongoing Rescreen,World-Check,N,,,N,,N,,,,N,0,No Hit
SCR004658,C01810,2024-12-04,Initial,World-Check,N,,,N,,Y,Regulatory Fine,Court Records,N,Y,3,Cleared - False Positive
SCR004659,C01810,2025-06-02,Ongoing Rescreen,World-Check,N,,,N,,N,,,,N,0,No Hit
SCR004660,C01810,2025-11-29,Ongoing Rescreen,World-Check,N,,,N,,N,,,,N,0,No Hit
SCR004661,C01811,2024-07-19,Initial,World-Check,N,,,N,,N,,,,N,0,No Hit
SCR004662,C01811,2025-01-15,Ongoing Rescreen,World-Check,N,,,N,,N,,,,N,0,No Hit
SCR004663,C01811,2025-07-14,Ongoing Rescreen,LexisNexis Bridger,N,,,N,,N,,,,N,0,No Hit
SCR004664,C01812,2025-11-02,Initial,Dow Jones Risk,N,,,N,,N,,,,N,0,No Hit
SCR004665,C01813,2024-08-11,Initial,World-Check,N,,,N,,Y,Tax Evasion,Online Blog,Y,Y,2,Escalate to EDD
SCR004666,C01813,2025-02-07,Ongoing Rescreen,World-Check,N,,,N,,N,,,,N,0,No Hit
SCR004667,C01813,2025-08-06,Ongoing Rescreen,World-Check,N,,,N,,N,,,,N,0,No Hit
SCR004668,C01814,2024-01-13,Initial,World-Check,N,,,N,,N,,,,N,0,No Hit
SCR004669,C01814,2024-07-11,Ongoing Rescreen,Dow Jones Risk,N,,,N,,N,,,,N,0,No Hit
SCR004670,C01814,2025-01-07,Ongoing Rescreen,Dow Jones Risk,N,,,N,,N,,,,N,0,No Hit
SCR004671,C01814,2025-07-06,Ongoing Rescreen,World-Check,N,,,N,,N,,,,N,0,No Hit
SCR004672,C01815,2024-03-13,Initial,Dow Jones Risk,N,,,N,,N,,,,N,0,No Hit
SCR004673,C01815,2024-09-09,Ongoing Rescreen,LexisNexis Bridger,N,,,N,,N,,,,N,0,No Hit
SCR004674,C01815,2025-03-08,Ongoing Rescreen,LexisNexis Bridger,N,,,N,,N,,,,N,0,No Hit
SCR004675,C01815,2025-09-04,Ongoing Rescreen,LexisNexis Bridger,N,,,N,,N,,,,N,0,No Hit
SCR004676,C01816,2025-06-14,Initial,LexisNexis Bridger,N,,,N,,N,,,,N,0,No Hit
SCR004677,C01816,2025-12-11,Ongoing Rescreen,World-Check,N,,,N,,N,,,,N,0,No Hit
SCR004678,C01817,2025-01-24,Initial,Dow Jones Risk,N,,,N,,N,,,,N,0,No Hit
SCR004679,C01817,2025-07-23,Ongoing Rescreen,Dow Jones Risk,N,,,N,,N,,,,N,0,No Hit
SCR004680,C01818,2024-07-09,Initial,Dow Jones Risk,N,,,N,,N,,,,N,0,No Hit
SCR004681,C01818,2025-01-05,Ongoing Rescreen,Dow Jones Risk,N,,,N,,N,,,,N,0,No Hit
SCR004682,C01818,2025-07-04,Ongoing Rescreen,LexisNexis Bridger,N,,,N,,N,,,,N,0,No Hit
SCR004683,C01818,2025-12-31,Ongoing Rescreen,World-Check,N,,,N,,N,,,,N,0,No Hit
SCR004684,C01819,2024-06-29,Initial,World-Check,N,,,N,,N,,,,N,0,No Hit
SCR004685,C01819,2024-12-26,Ongoing Rescreen,World-Check,N,,,N,,N,,,,N,0,No Hit
SCR004686,C01819,2025-06-24,Ongoing Rescreen,LexisNexis Bridger,N,,,N,,N,,,,N,0,No Hit
SCR004687,C01819,2025-12-21,Ongoing Rescreen,LexisNexis Bridger,N,,,N,,N,,,,N,0,No Hit
SCR004688,C01820,2024-06-09,Initial,World-Check,N,,,N,,N,,,,N,0,No Hit
SCR004689,C01820,2024-12-06,Ongoing Rescreen,LexisNexis Bridger,N,,,N,,N,,,,N,0,No Hit
SCR004690,C01820,2025-06-04,Ongoing Rescreen,Dow Jones Risk,N,,,N,,N,,,,N,0,No Hit
SCR004691,C01820,2025-12-01,Ongoing Rescreen,LexisNexis Bridger,N,,,N,,N,,,,N,0,No Hit
SCR004692,C01821,2024-11-04,Initial,Dow Jones Risk,N,,,N,,N,,,,N,0,No Hit
SCR004693,C01821,2025-05-03,Ongoing Rescreen,World-Check,N,,,N,,Y,Organised Crime,National News,N,Y,3,Cleared - False Positive
SCR004694,C01821,2025-10-30,Ongoing Rescreen,Dow Jones Risk,N,,,N,,N,,,,N,0,No Hit
SCR004695,C01822,2025-05-29,Initial,Dow Jones Risk,N,,,Y,Domestic PEP,N,,,,Y,19,Cleared - False Positive
SCR004696,C01822,2025-11-25,Ongoing Rescreen,Dow Jones Risk,N,,,Y,Domestic PEP,N,,,,Y,11,Cleared - False Positive
SCR004697,C01823,2025-04-11,Initial,World-Check,N,,,Y,Close Associate,N,,,,Y,18,Cleared - False Positive
SCR004698,C01823,2025-10-08,Ongoing Rescreen,Dow Jones Risk,N,,,Y,Foreign PEP,N,,,,Y,12,Cleared - False Positive
SCR004699,C01824,2025-06-30,Initial,LexisNexis Bridger,N,,,N,,N,,,,N,0,No Hit
SCR004700,C01824,2025-12-27,Ongoing Rescreen,Dow Jones Risk,N,,,N,,N,,,,N,0,No Hit
SCR004701,C01825,2024-01-31,Initial,LexisNexis Bridger,N,,,N,,N,,,,N,0,No Hit
SCR004702,C01825,2024-07-29,Ongoing Rescreen,World-Check,N,,,N,,N,,,,N,0,No Hit
SCR004703,C01825,2025-01-25,Ongoing Rescreen,Dow Jones Risk,N,,,N,,N,,,,N,0,No Hit
SCR004704,C01825,2025-07-24,Ongoing Rescreen,Dow Jones Risk,N,,,N,,N,,,,N,0,No Hit
SCR004705,C01826,2025-02-12,Initial,LexisNexis Bridger,N,,,N,,N,,,,N,0,No Hit
SCR004706,C01826,2025-08-11,Ongoing Rescreen,LexisNexis Bridger,N,,,N,,N,,,,N,0,No Hit
SCR004707,C01827,2025-07-12,Initial,World-Check,N,,,N,,N,,,,N,0,No Hit
SCR004708,C01828,2024-05-27,Initial,LexisNexis Bridger,N,,,N,,N,,,,N,0,No Hit
SCR004709,C01828,2024-11-23,Ongoing Rescreen,LexisNexis Bridger,N,,,N,,N,,,,N,0,No Hit
SCR004710,C01828,2025-05-22,Ongoing Rescreen,Dow Jones Risk,N,,,N,,N,,,,N,0,No Hit
SCR004711,C01828,2025-11-18,Ongoing Rescreen,World-Check,N,,,N,,N,,,,N,0,No Hit
SCR004712,C01829,2025-03-02,Initial,Dow Jones Risk,N,,,N,,N,,,,N,0,No Hit
SCR004713,C01829,2025-08-29,Ongoing Rescreen,LexisNexis Bridger,N,,,N,,N,,,,N,0,No Hit
SCR004714,C01830,2024-01-05,Initial,LexisNexis Bridger,N,,,N,,N,,,,N,0,No Hit
SCR004715,C01830,2024-07-03,Ongoing Rescreen,World-Check,N,,,N,,N,,,,N,0,No Hit
SCR004716,C01830,2024-12-30,Ongoing Rescreen,LexisNexis Bridger,N,,,N,,N,,,,N,0,No Hit
SCR004717,C01830,2025-06-28,Ongoing Rescreen,World-Check,N,,,N,,N,,,,N,0,No Hit
SCR004718,C01830,2025-12-25,Ongoing Rescreen,World-Check,N,,,N,,N,,,,N,0,No Hit
SCR004719,C01831,2025-10-27,Initial,Dow Jones Risk,N,,,N,,N,,,,N,0,No Hit
SCR004720,C01832,2025-06-22,Initial,World-Check,N,,,N,,N,,,,N,0,No Hit
SCR004721,C01832,2025-12-19,Ongoing Rescreen,World-Check,N,,,N,,N,,,,N,0,No Hit
SCR004722,C01833,2025-03-31,Initial,World-Check,N,,,N,,N,,,,N,0,No Hit
SCR004723,C01833,2025-09-27,Ongoing Rescreen,LexisNexis Bridger,N,,,N,,N,,,,N,0,No Hit
SCR004724,C01834,2025-03-14,Initial,LexisNexis Bridger,N,,,N,,N,,,,N,0,No Hit
SCR004725,C01834,2025-09-10,Ongoing Rescreen,World-Check,N,,,N,,N,,,,N,0,No Hit
SCR004726,C01835,2025-05-04,Initial,Dow Jones Risk,N,,,N,,N,,,,N,0,No Hit
SCR004727,C01835,2025-10-31,Ongoing Rescreen,World-Check,N,,,N,,N,,,,N,0,No Hit
SCR004728,C01836,2024-11-04,Initial,World-Check,N,,,N,,N,,,,N,0,No Hit
SCR004729,C01836,2025-05-03,Ongoing Rescreen,LexisNexis Bridger,N,,,N,,N,,,,N,0,No Hit
SCR004730,C01836,2025-10-30,Ongoing Rescreen,World-Check,N,,,N,,N,,,,N,0,No Hit
SCR004731,C01837,2025-12-07,Initial,Dow Jones Risk,N,,,N,,N,,,,N,0,No Hit
SCR004732,C01838,2024-06-05,Initial,Dow Jones Risk,N,,,N,,N,,,,N,0,No Hit
SCR004733,C01838,2024-12-02,Ongoing Rescreen,World-Check,N,,,N,,N,,,,N,0,No Hit
SCR004734,C01838,2025-05-31,Ongoing Rescreen,LexisNexis Bridger,N,,,N,,N,,,,N,0,No Hit
SCR004735,C01838,2025-11-27,Ongoing Rescreen,World-Check,N,,,N,,N,,,,N,0,No Hit
SCR004736,C01839,2025-08-15,Initial,LexisNexis Bridger,N,,,N,,N,,,,N,0,No Hit
SCR004737,C01840,2025-07-10,Initial,Dow Jones Risk,N,,,N,,N,,,,N,0,No Hit
SCR004738,C01841,2025-09-04,Initial,World-Check,N,,,N,,N,,,,N,0,No Hit
SCR004739,C01842,2024-02-21,Initial,Dow Jones Risk,N,,,N,,N,,,,N,0,No Hit
SCR004740,C01842,2024-08-19,Ongoing Rescreen,Dow Jones Risk,N,,,N,,N,,,,N,0,No Hit
SCR004741,C01842,2025-02-15,Ongoing Rescreen,LexisNexis Bridger,N,,,N,,N,,,,N,0,No Hit
SCR004742,C01842,2025-08-14,Ongoing Rescreen,World-Check,N,,,N,,N,,,,N,0,No Hit
SCR004743,C01843,2024-11-21,Initial,LexisNexis Bridger,N,,,N,,N,,,,N,0,No Hit
SCR004744,C01843,2025-05-20,Ongoing Rescreen,Dow Jones Risk,N,,,N,,N,,,,N,0,No Hit
SCR004745,C01843,2025-11-16,Ongoing Rescreen,Dow Jones Risk,N,,,N,,N,,,,N,0,No Hit
SCR004746,C01844,2025-04-14,Initial,World-Check,N,,,N,,N,,,,N,0,No Hit
SCR004747,C01844,2025-10-11,Ongoing Rescreen,World-Check,N,,,N,,N,,,,N,0,No Hit
SCR004748,C01845,2025-03-28,Initial,Dow Jones Risk,N,,,N,,N,,,,N,0,No Hit
SCR004749,C01845,2025-09-24,Ongoing Rescreen,World-Check,N,,,N,,N,,,,N,0,No Hit
SCR004750,C01846,2025-05-18,Initial,World-Check,N,,,N,,N,,,,N,0,No Hit
SCR004751,C01846,2025-11-14,Ongoing Rescreen,World-Check,N,,,N,,N,,,,N,0,No Hit
SCR004752,C01847,2025-04-08,Initial,LexisNexis Bridger,N,,,N,,N,,,,N,0,No Hit
SCR004753,C01847,2025-10-05,Ongoing Rescreen,World-Check,Y,EU Consolidated,N,N,,N,,,,Y,3,Cleared - False Positive
SCR004754,C01848,2024-06-12,Initial,World-Check,N,,,N,,N,,,,N,0,No Hit
SCR004755,C01848,2024-12-09,Ongoing Rescreen,World-Check,N,,,N,,N,,,,N,0,No Hit
SCR004756,C01848,2025-06-07,Ongoing Rescreen,World-Check,N,,,N,,N,,,,N,0,No Hit
SCR004757,C01848,2025-12-04,Ongoing Rescreen,LexisNexis Bridger,N,,,N,,N,,,,N,0,No Hit
SCR004758,C01849,2025-08-28,Initial,LexisNexis Bridger,N,,,N,,N,,,,N,0,No Hit
SCR004759,C01850,2024-12-19,Initial,Dow Jones Risk,N,,,N,,N,,,,Y,0,No Hit
SCR004760,C01850,2025-06-17,Ongoing Rescreen,LexisNexis Bridger,N,,,N,,N,,,,Y,0,No Hit
SCR004761,C01850,2025-12-14,Ongoing Rescreen,LexisNexis Bridger,N,,,N,,N,,,,Y,0,No Hit
SCR004762,C01851,2025-12-10,Initial,World-Check,Y,OFAC SDN,N,N,,N,,,,Y,4,Cleared - False Positive
SCR004763,C01852,2025-01-15,Initial,LexisNexis Bridger,N,,,N,,N,,,,N,0,No Hit
SCR004764,C01852,2025-07-14,Ongoing Rescreen,Dow Jones Risk,N,,,N,,N,,,,N,0,No Hit
SCR004765,C01853,2025-01-27,Initial,LexisNexis Bridger,N,,,N,,N,,,,N,0,No Hit
SCR004766,C01853,2025-07-26,Ongoing Rescreen,World-Check,N,,,N,,N,,,,N,0,No Hit
SCR004767,C01854,2025-03-08,Initial,Dow Jones Risk,N,,,N,,N,,,,Y,0,No Hit
SCR004768,C01854,2025-09-04,Ongoing Rescreen,LexisNexis Bridger,N,,,N,,N,,,,Y,0,No Hit
SCR004769,C01855,2025-09-28,Initial,LexisNexis Bridger,N,,,N,,N,,,,N,0,No Hit
SCR004770,C01856,2025-10-20,Initial,Dow Jones Risk,N,,,N,,N,,,,N,0,No Hit
SCR004771,C01857,2025-03-03,Initial,Dow Jones Risk,N,,,N,,N,,,,N,0,No Hit
SCR004772,C01857,2025-08-30,Ongoing Rescreen,LexisNexis Bridger,N,,,N,,N,,,,N,0,No Hit
SCR004773,C01858,2025-02-03,Initial,Dow Jones Risk,N,,,N,,N,,,,N,0,No Hit
SCR004774,C01858,2025-08-02,Ongoing Rescreen,LexisNexis Bridger,N,,,N,,N,,,,N,0,No Hit
SCR004775,C01859,2024-02-09,Initial,World-Check,N,,,N,,N,,,,N,0,No Hit
SCR004776,C01859,2024-08-07,Ongoing Rescreen,LexisNexis Bridger,N,,,N,,N,,,,N,0,No Hit
SCR004777,C01859,2025-02-03,Ongoing Rescreen,LexisNexis Bridger,N,,,N,,N,,,,N,0,No Hit
SCR004778,C01859,2025-08-02,Ongoing Rescreen,Dow Jones Risk,N,,,N,,N,,,,N,0,No Hit
SCR004779,C01860,2024-02-19,Initial,LexisNexis Bridger,N,,,N,,N,,,,N,0,No Hit
SCR004780,C01860,2024-08-17,Ongoing Rescreen,World-Check,N,,,N,,N,,,,N,0,No Hit
SCR004781,C01860,2025-02-13,Ongoing Rescreen,LexisNexis Bridger,N,,,N,,N,,,,N,0,No Hit
SCR004782,C01860,2025-08-12,Ongoing Rescreen,Dow Jones Risk,N,,,N,,N,,,,N,0,No Hit
SCR004783,C01861,2025-06-22,Initial,World-Check,N,,,N,,N,,,,N,0,No Hit
SCR004784,C01861,2025-12-19,Ongoing Rescreen,World-Check,N,,,N,,N,,,,N,0,No Hit
SCR004785,C01862,2024-09-09,Initial,Dow Jones Risk,N,,,N,,N,,,,N,0,No Hit
SCR004786,C01862,2025-03-08,Ongoing Rescreen,Dow Jones Risk,N,,,N,,Y,Fraud,Regulator Notice,N,Y,3,Cleared - False Positive
SCR004787,C01862,2025-09-04,Ongoing Rescreen,World-Check,N,,,N,,N,,,,N,0,No Hit
SCR004788,C01863,2024-11-15,Initial,World-Check,N,,,N,,N,,,,N,0,No Hit
SCR004789,C01863,2025-05-14,Ongoing Rescreen,Dow Jones Risk,N,,,N,,N,,,,N,0,No Hit
SCR004790,C01863,2025-11-10,Ongoing Rescreen,LexisNexis Bridger,N,,,N,,N,,,,N,0,No Hit
SCR004791,C01864,2025-04-04,Initial,Dow Jones Risk,N,,,N,,N,,,,N,0,No Hit
SCR004792,C01864,2025-10-01,Ongoing Rescreen,Dow Jones Risk,N,,,N,,N,,,,N,0,No Hit
SCR004793,C01865,2024-06-11,Initial,World-Check,N,,,N,,N,,,,Y,0,No Hit
SCR004794,C01865,2024-12-08,Ongoing Rescreen,LexisNexis Bridger,N,,,N,,N,,,,Y,0,No Hit
SCR004795,C01865,2025-06-06,Ongoing Rescreen,World-Check,N,,,N,,N,,,,Y,0,No Hit
SCR004796,C01865,2025-12-03,Ongoing Rescreen,Dow Jones Risk,N,,,N,,N,,,,Y,0,No Hit
SCR004797,C01866,2024-08-31,Initial,Dow Jones Risk,N,,,N,,N,,,,N,0,No Hit
SCR004798,C01866,2025-02-27,Ongoing Rescreen,LexisNexis Bridger,N,,,N,,N,,,,N,0,No Hit
SCR004799,C01866,2025-08-26,Ongoing Rescreen,Dow Jones Risk,N,,,N,,N,,,,N,0,No Hit
SCR004800,C01867,2024-02-01,Initial,World-Check,N,,,N,,N,,,,N,0,No Hit
SCR004801,C01867,2024-07-30,Ongoing Rescreen,LexisNexis Bridger,Y,OFAC SDN,N,N,,N,,,,Y,1,Cleared - False Positive
SCR004802,C01867,2025-01-26,Ongoing Rescreen,World-Check,N,,,N,,N,,,,N,0,No Hit
SCR004803,C01867,2025-07-25,Ongoing Rescreen,Dow Jones Risk,Y,UK HMT/OFSI,N,N,,N,,,,Y,5,Cleared - False Positive
SCR004804,C01868,2025-07-15,Initial,LexisNexis Bridger,N,,,N,,N,,,,N,0,No Hit
SCR004805,C01869,2025-01-06,Initial,LexisNexis Bridger,N,,,N,,N,,,,N,0,No Hit
SCR004806,C01869,2025-07-05,Ongoing Rescreen,LexisNexis Bridger,N,,,N,,N,,,,N,0,No Hit
SCR004807,C01870,2024-05-18,Initial,World-Check,N,,,N,,N,,,,N,0,No Hit
SCR004808,C01870,2024-11-14,Ongoing Rescreen,LexisNexis Bridger,N,,,N,,N,,,,N,0,No Hit
SCR004809,C01870,2025-05-13,Ongoing Rescreen,World-Check,N,,,N,,N,,,,N,0,No Hit
SCR004810,C01870,2025-11-09,Ongoing Rescreen,LexisNexis Bridger,N,,,N,,Y,Organised Crime,Regulator Notice,N,Y,1,Cleared - False Positive
SCR004811,C01871,2025-03-11,Initial,LexisNexis Bridger,N,,,N,,N,,,,N,0,No Hit
SCR004812,C01871,2025-09-07,Ongoing Rescreen,World-Check,N,,,N,,N,,,,N,0,No Hit
SCR004813,C01872,2024-04-14,Initial,Dow Jones Risk,N,,,N,,N,,,,N,0,No Hit
SCR004814,C01872,2024-10-11,Ongoing Rescreen,Dow Jones Risk,N,,,N,,N,,,,N,0,No Hit
SCR004815,C01872,2025-04-09,Ongoing Rescreen,World-Check,N,,,N,,N,,,,N,0,No Hit
SCR004816,C01872,2025-10-06,Ongoing Rescreen,World-Check,N,,,N,,N,,,,N,0,No Hit
SCR004817,C01873,2025-07-24,Initial,World-Check,N,,,N,,N,,,,N,0,No Hit
SCR004818,C01874,2024-06-17,Initial,World-Check,N,,,N,,N,,,,N,0,No Hit
SCR004819,C01874,2024-12-14,Ongoing Rescreen,World-Check,N,,,N,,N,,,,N,0,No Hit
SCR004820,C01874,2025-06-12,Ongoing Rescreen,World-Check,N,,,N,,N,,,,N,0,No Hit
SCR004821,C01874,2025-12-09,Ongoing Rescreen,Dow Jones Risk,N,,,N,,N,,,,N,0,No Hit
SCR004822,C01875,2024-07-16,Initial,LexisNexis Bridger,N,,,Y,Domestic PEP,N,,,,Y,5,Cleared - False Positive
SCR004823,C01875,2025-01-12,Ongoing Rescreen,Dow Jones Risk,N,,,Y,Foreign PEP,N,,,,Y,4,Cleared - False Positive
SCR004824,C01875,2025-07-11,Ongoing Rescreen,LexisNexis Bridger,N,,,Y,Close Associate,N,,,,Y,7,Cleared - False Positive
SCR004825,C01876,2025-10-02,Initial,Dow Jones Risk,N,,,N,,N,,,,N,0,No Hit
SCR004826,C01877,2025-06-27,Initial,World-Check,N,,,N,,N,,,,N,0,No Hit
SCR004827,C01877,2025-12-24,Ongoing Rescreen,Dow Jones Risk,N,,,N,,N,,,,N,0,No Hit
SCR004828,C01878,2025-05-12,Initial,World-Check,N,,,N,,N,,,,Y,0,No Hit
SCR004829,C01878,2025-11-08,Ongoing Rescreen,LexisNexis Bridger,N,,,N,,N,,,,Y,0,No Hit
SCR004830,C01879,2025-03-15,Initial,World-Check,N,,,N,,N,,,,N,0,No Hit
SCR004831,C01879,2025-09-11,Ongoing Rescreen,World-Check,N,,,N,,N,,,,N,0,No Hit
SCR004832,C01880,2025-01-15,Initial,Dow Jones Risk,N,,,N,,N,,,,N,0,No Hit
SCR004833,C01880,2025-07-14,Ongoing Rescreen,LexisNexis Bridger,N,,,N,,N,,,,N,0,No Hit
SCR004834,C01881,2024-05-20,Initial,Dow Jones Risk,N,,,N,,N,,,,Y,0,No Hit
SCR004835,C01881,2024-11-16,Ongoing Rescreen,Dow Jones Risk,N,,,N,,N,,,,Y,0,No Hit
SCR004836,C01881,2025-05-15,Ongoing Rescreen,Dow Jones Risk,N,,,Y,Foreign PEP,N,,,,Y,3,Cleared - False Positive
SCR004837,C01881,2025-11-11,Ongoing Rescreen,World-Check,N,,,N,,Y,Bribery & Corruption,Court Records,Y,Y,2,Escalate to EDD
SCR004838,C01882,2024-08-07,Initial,World-Check,N,,,N,,N,,,,N,0,No Hit
SCR004839,C01882,2025-02-03,Ongoing Rescreen,World-Check,N,,,N,,N,,,,N,0,No Hit
SCR004840,C01882,2025-08-02,Ongoing Rescreen,World-Check,N,,,N,,N,,,,N,0,No Hit
SCR004841,C01883,2025-12-04,Initial,World-Check,N,,,Y,Family Member,N,,,,Y,16,Cleared - False Positive
SCR004842,C01884,2025-11-02,Initial,Dow Jones Risk,N,,,N,,N,,,,N,0,No Hit
SCR004843,C01885,2025-06-14,Initial,LexisNexis Bridger,Y,OFAC SDN,N,Y,Domestic PEP,N,,,,Y,8,Cleared - False Positive
SCR004844,C01885,2025-12-11,Ongoing Rescreen,Dow Jones Risk,N,,,Y,Family Member,N,,,,Y,8,Cleared - False Positive
SCR004845,C01886,2025-10-11,Initial,Dow Jones Risk,N,,,N,,N,,,,N,0,No Hit
SCR004846,C01887,2025-08-10,Initial,World-Check,N,,,N,,N,,,,N,0,No Hit
SCR004847,C01888,2024-10-18,Initial,Dow Jones Risk,N,,,N,,N,,,,N,0,No Hit
SCR004848,C01888,2025-04-16,Ongoing Rescreen,LexisNexis Bridger,N,,,N,,N,,,,N,0,No Hit
SCR004849,C01888,2025-10-13,Ongoing Rescreen,LexisNexis Bridger,N,,,N,,N,,,,N,0,No Hit
SCR004850,C01889,2025-06-07,Initial,World-Check,N,,,N,,N,,,,N,0,No Hit
SCR004851,C01889,2025-12-04,Ongoing Rescreen,Dow Jones Risk,N,,,N,,N,,,,N,0,No Hit
SCR004852,C01890,2025-07-04,Initial,Dow Jones Risk,N,,,N,,N,,,,N,0,No Hit
SCR004853,C01890,2025-12-31,Ongoing Rescreen,LexisNexis Bridger,N,,,N,,N,,,,N,0,No Hit
SCR004854,C01891,2024-04-11,Initial,World-Check,N,,,N,,N,,,,N,0,No Hit
SCR004855,C01891,2024-10-08,Ongoing Rescreen,Dow Jones Risk,N,,,N,,N,,,,N,0,No Hit
SCR004856,C01891,2025-04-06,Ongoing Rescreen,Dow Jones Risk,N,,,N,,N,,,,N,0,No Hit
SCR004857,C01891,2025-10-03,Ongoing Rescreen,Dow Jones Risk,N,,,N,,N,,,,N,0,No Hit
SCR004858,C01892,2025-10-29,Initial,LexisNexis Bridger,N,,,N,,N,,,,N,0,No Hit
SCR004859,C01893,2024-12-26,Initial,Dow Jones Risk,N,,,N,,N,,,,N,0,No Hit
SCR004860,C01893,2025-06-24,Ongoing Rescreen,LexisNexis Bridger,N,,,N,,N,,,,N,0,No Hit
SCR004861,C01893,2025-12-21,Ongoing Rescreen,World-Check,N,,,N,,N,,,,N,0,No Hit
SCR004862,C01894,2024-08-17,Initial,Dow Jones Risk,N,,,N,,N,,,,N,0,No Hit
SCR004863,C01894,2025-02-13,Ongoing Rescreen,Dow Jones Risk,N,,,N,,N,,,,N,0,No Hit
SCR004864,C01894,2025-08-12,Ongoing Rescreen,World-Check,N,,,N,,N,,,,N,0,No Hit
SCR004865,C01895,2024-12-12,Initial,LexisNexis Bridger,N,,,N,,N,,,,N,0,No Hit
SCR004866,C01895,2025-06-10,Ongoing Rescreen,Dow Jones Risk,N,,,N,,N,,,,N,0,No Hit
SCR004867,C01895,2025-12-07,Ongoing Rescreen,World-Check,N,,,N,,N,,,,N,0,No Hit
SCR004868,C01896,2024-08-28,Initial,LexisNexis Bridger,N,,,N,,N,,,,Y,0,No Hit
SCR004869,C01896,2025-02-24,Ongoing Rescreen,Dow Jones Risk,N,,,N,,N,,,,Y,0,No Hit
SCR004870,C01896,2025-08-23,Ongoing Rescreen,LexisNexis Bridger,N,,,N,,N,,,,Y,0,No Hit
SCR004871,C01897,2024-08-31,Initial,LexisNexis Bridger,N,,,Y,Domestic PEP,N,,,,Y,3,Cleared - False Positive
SCR004872,C01897,2025-02-27,Ongoing Rescreen,LexisNexis Bridger,N,,,N,,N,,,,N,0,No Hit
SCR004873,C01897,2025-08-26,Ongoing Rescreen,World-Check,N,,,N,,N,,,,N,0,No Hit
SCR004874,C01898,2025-02-02,Initial,World-Check,N,,,N,,N,,,,N,0,No Hit
SCR004875,C01898,2025-08-01,Ongoing Rescreen,LexisNexis Bridger,N,,,N,,Y,Organised Crime,National News,N,Y,8,Cleared - False Positive
SCR004876,C01899,2025-12-30,Initial,World-Check,N,,,N,,N,,,,N,0,No Hit
SCR004877,C01900,2024-10-25,Initial,LexisNexis Bridger,N,,,N,,N,,,,N,0,No Hit
SCR004878,C01900,2025-04-23,Ongoing Rescreen,Dow Jones Risk,N,,,N,,N,,,,N,0,No Hit
SCR004879,C01900,2025-10-20,Ongoing Rescreen,World-Check,N,,,N,,N,,,,N,0,No Hit
SCR004880,C01901,2024-06-05,Initial,Dow Jones Risk,N,,,N,,Y,Bribery & Corruption,Court Records,Y,Y,3,Escalate to EDD
SCR004881,C01901,2024-12-02,Ongoing Rescreen,LexisNexis Bridger,N,,,N,,N,,,,N,0,No Hit
SCR004882,C01901,2025-05-31,Ongoing Rescreen,LexisNexis Bridger,N,,,N,,N,,,,N,0,No Hit
SCR004883,C01901,2025-11-27,Ongoing Rescreen,LexisNexis Bridger,N,,,N,,N,,,,N,0,No Hit
SCR004884,C01902,2025-07-10,Initial,World-Check,N,,,N,,N,,,,N,0,No Hit
SCR004885,C01903,2024-08-03,Initial,Dow Jones Risk,N,,,N,,N,,,,N,0,No Hit
SCR004886,C01903,2025-01-30,Ongoing Rescreen,LexisNexis Bridger,N,,,N,,N,,,,N,0,No Hit
SCR004887,C01903,2025-07-29,Ongoing Rescreen,LexisNexis Bridger,N,,,N,,N,,,,N,0,No Hit
SCR004888,C01904,2025-01-27,Initial,LexisNexis Bridger,N,,,Y,Domestic PEP,N,,,,Y,20,Cleared - False Positive
SCR004889,C01904,2025-07-26,Ongoing Rescreen,LexisNexis Bridger,N,,,Y,Close Associate,N,,,,Y,4,Cleared - False Positive
SCR004890,C01905,2024-07-04,Initial,World-Check,N,,,N,,N,,,,N,0,No Hit
SCR004891,C01905,2024-12-31,Ongoing Rescreen,Dow Jones Risk,N,,,N,,N,,,,N,0,No Hit
SCR004892,C01905,2025-06-29,Ongoing Rescreen,World-Check,N,,,N,,N,,,,N,0,No Hit
SCR004893,C01905,2025-12-26,Ongoing Rescreen,World-Check,N,,,N,,N,,,,N,0,No Hit
SCR004894,C01906,2024-06-03,Initial,LexisNexis Bridger,N,,,N,,N,,,,N,0,No Hit
SCR004895,C01906,2024-11-30,Ongoing Rescreen,Dow Jones Risk,N,,,N,,N,,,,N,0,No Hit
SCR004896,C01906,2025-05-29,Ongoing Rescreen,World-Check,N,,,N,,N,,,,N,0,No Hit
SCR004897,C01906,2025-11-25,Ongoing Rescreen,World-Check,N,,,N,,N,,,,N,0,No Hit
SCR004898,C01907,2024-07-03,Initial,Dow Jones Risk,N,,,N,,N,,,,N,0,No Hit
SCR004899,C01907,2024-12-30,Ongoing Rescreen,Dow Jones Risk,N,,,N,,N,,,,N,0,No Hit
SCR004900,C01907,2025-06-28,Ongoing Rescreen,World-Check,N,,,N,,N,,,,N,0,No Hit
SCR004901,C01907,2025-12-25,Ongoing Rescreen,World-Check,N,,,N,,N,,,,N,0,No Hit
SCR004902,C01908,2024-09-17,Initial,Dow Jones Risk,N,,,N,,N,,,,N,0,No Hit
SCR004903,C01908,2025-03-16,Ongoing Rescreen,World-Check,N,,,N,,N,,,,N,0,No Hit
SCR004904,C01908,2025-09-12,Ongoing Rescreen,LexisNexis Bridger,N,,,N,,N,,,,N,0,No Hit
SCR004905,C01909,2025-11-29,Initial,World-Check,N,,,N,,Y,Organised Crime,Court Records,N,Y,7,Cleared - False Positive
SCR004906,C01910,2025-05-05,Initial,World-Check,N,,,N,,N,,,,N,0,No Hit
SCR004907,C01910,2025-11-01,Ongoing Rescreen,World-Check,N,,,N,,N,,,,N,0,No Hit
SCR004908,C01911,2025-05-23,Initial,World-Check,N,,,N,,N,,,,N,0,No Hit
SCR004909,C01911,2025-11-19,Ongoing Rescreen,World-Check,N,,,N,,N,,,,N,0,No Hit
SCR004910,C01912,2024-02-09,Initial,Dow Jones Risk,N,,,N,,N,,,,N,0,No Hit
SCR004911,C01912,2024-08-07,Ongoing Rescreen,Dow Jones Risk,N,,,N,,N,,,,N,0,No Hit
SCR004912,C01912,2025-02-03,Ongoing Rescreen,LexisNexis Bridger,N,,,N,,N,,,,N,0,No Hit
SCR004913,C01912,2025-08-02,Ongoing Rescreen,LexisNexis Bridger,N,,,N,,N,,,,N,0,No Hit
SCR004914,C01913,2024-01-08,Initial,LexisNexis Bridger,N,,,N,,N,,,,N,0,No Hit
SCR004915,C01913,2024-07-06,Ongoing Rescreen,Dow Jones Risk,N,,,N,,N,,,,N,0,No Hit
SCR004916,C01913,2025-01-02,Ongoing Rescreen,World-Check,N,,,N,,N,,,,N,0,No Hit
SCR004917,C01913,2025-07-01,Ongoing Rescreen,Dow Jones Risk,N,,,N,,N,,,,N,0,No Hit
SCR004918,C01913,2025-12-28,Ongoing Rescreen,LexisNexis Bridger,N,,,N,,N,,,,N,0,No Hit
SCR004919,C01914,2024-09-07,Initial,LexisNexis Bridger,N,,,N,,N,,,,N,0,No Hit
SCR004920,C01914,2025-03-06,Ongoing Rescreen,Dow Jones Risk,N,,,N,,N,,,,N,0,No Hit
SCR004921,C01914,2025-09-02,Ongoing Rescreen,LexisNexis Bridger,N,,,N,,N,,,,N,0,No Hit
SCR004922,C01915,2025-10-10,Initial,Dow Jones Risk,N,,,N,,N,,,,N,0,No Hit
SCR004923,C01916,2024-01-12,Initial,Dow Jones Risk,N,,,N,,N,,,,N,0,No Hit
SCR004924,C01916,2024-07-10,Ongoing Rescreen,Dow Jones Risk,N,,,N,,N,,,,N,0,No Hit
SCR004925,C01916,2025-01-06,Ongoing Rescreen,World-Check,N,,,N,,N,,,,N,0,No Hit
SCR004926,C01916,2025-07-05,Ongoing Rescreen,Dow Jones Risk,N,,,N,,N,,,,N,0,No Hit
SCR004927,C01917,2025-07-14,Initial,World-Check,N,,,N,,N,,,,N,0,No Hit
SCR004928,C01918,2025-08-23,Initial,LexisNexis Bridger,N,,,N,,N,,,,N,0,No Hit
SCR004929,C01919,2024-07-22,Initial,Dow Jones Risk,N,,,N,,N,,,,N,0,No Hit
SCR004930,C01919,2025-01-18,Ongoing Rescreen,LexisNexis Bridger,N,,,N,,N,,,,N,0,No Hit
SCR004931,C01919,2025-07-17,Ongoing Rescreen,Dow Jones Risk,N,,,N,,N,,,,N,0,No Hit
SCR004932,C01920,2024-03-26,Initial,Dow Jones Risk,N,,,N,,N,,,,N,0,No Hit
SCR004933,C01920,2024-09-22,Ongoing Rescreen,Dow Jones Risk,N,,,N,,N,,,,N,0,No Hit
SCR004934,C01920,2025-03-21,Ongoing Rescreen,Dow Jones Risk,N,,,N,,N,,,,N,0,No Hit
SCR004935,C01920,2025-09-17,Ongoing Rescreen,World-Check,N,,,N,,N,,,,N,0,No Hit
SCR004936,C01921,2024-04-22,Initial,Dow Jones Risk,N,,,N,,N,,,,N,0,No Hit
SCR004937,C01921,2024-10-19,Ongoing Rescreen,LexisNexis Bridger,N,,,N,,N,,,,N,0,No Hit
SCR004938,C01921,2025-04-17,Ongoing Rescreen,Dow Jones Risk,N,,,N,,N,,,,N,0,No Hit
SCR004939,C01921,2025-10-14,Ongoing Rescreen,World-Check,N,,,N,,N,,,,N,0,No Hit
SCR004940,C01922,2024-02-26,Initial,Dow Jones Risk,N,,,N,,N,,,,N,0,No Hit
SCR004941,C01922,2024-08-24,Ongoing Rescreen,Dow Jones Risk,N,,,N,,N,,,,N,0,No Hit
SCR004942,C01922,2025-02-20,Ongoing Rescreen,Dow Jones Risk,N,,,N,,N,,,,N,0,No Hit
SCR004943,C01922,2025-08-19,Ongoing Rescreen,World-Check,N,,,N,,N,,,,N,0,No Hit
SCR004944,C01923,2025-09-08,Initial,LexisNexis Bridger,N,,,N,,N,,,,N,0,No Hit
SCR004945,C01924,2025-07-28,Initial,Dow Jones Risk,N,,,N,,N,,,,N,0,No Hit
SCR004946,C01925,2025-05-06,Initial,World-Check,N,,,N,,N,,,,N,0,No Hit
SCR004947,C01925,2025-11-02,Ongoing Rescreen,LexisNexis Bridger,N,,,N,,N,,,,N,0,No Hit
SCR004948,C01926,2024-03-06,Initial,World-Check,N,,,N,,N,,,,N,0,No Hit
SCR004949,C01926,2024-09-02,Ongoing Rescreen,World-Check,N,,,N,,N,,,,N,0,No Hit
SCR004950,C01926,2025-03-01,Ongoing Rescreen,LexisNexis Bridger,N,,,N,,N,,,,N,0,No Hit
SCR004951,C01926,2025-08-28,Ongoing Rescreen,World-Check,N,,,N,,N,,,,N,0,No Hit
SCR004952,C01927,2025-11-25,Initial,World-Check,N,,,N,,N,,,,Y,0,No Hit
SCR004953,C01928,2025-05-15,Initial,LexisNexis Bridger,N,,,N,,N,,,,N,0,No Hit
SCR004954,C01928,2025-11-11,Ongoing Rescreen,Dow Jones Risk,N,,,N,,N,,,,N,0,No Hit
SCR004955,C01929,2025-08-28,Initial,World-Check,Y,EU Consolidated,N,N,,N,,,,Y,11,Cleared - False Positive
SCR004956,C01930,2024-10-04,Initial,LexisNexis Bridger,N,,,N,,N,,,,N,0,No Hit
SCR004957,C01930,2025-04-02,Ongoing Rescreen,Dow Jones Risk,N,,,N,,N,,,,N,0,No Hit
SCR004958,C01930,2025-09-29,Ongoing Rescreen,LexisNexis Bridger,N,,,N,,N,,,,N,0,No Hit
SCR004959,C01931,2024-05-24,Initial,Dow Jones Risk,N,,,N,,N,,,,N,0,No Hit
SCR004960,C01931,2024-11-20,Ongoing Rescreen,LexisNexis Bridger,N,,,N,,N,,,,N,0,No Hit
SCR004961,C01931,2025-05-19,Ongoing Rescreen,LexisNexis Bridger,N,,,N,,N,,,,N,0,No Hit
SCR004962,C01931,2025-11-15,Ongoing Rescreen,LexisNexis Bridger,N,,,N,,N,,,,N,0,No Hit
SCR004963,C01932,2025-08-23,Initial,LexisNexis Bridger,N,,,N,,N,,,,N,0,No Hit
SCR004964,C01933,2024-02-07,Initial,World-Check,N,,,N,,N,,,,N,0,No Hit
SCR004965,C01933,2024-08-05,Ongoing Rescreen,World-Check,N,,,N,,N,,,,N,0,No Hit
SCR004966,C01933,2025-02-01,Ongoing Rescreen,Dow Jones Risk,N,,,N,,N,,,,N,0,No Hit
SCR004967,C01933,2025-07-31,Ongoing Rescreen,Dow Jones Risk,N,,,N,,N,,,,N,0,No Hit
SCR004968,C01934,2024-05-13,Initial,World-Check,N,,,N,,N,,,,N,0,No Hit
SCR004969,C01934,2024-11-09,Ongoing Rescreen,Dow Jones Risk,N,,,N,,N,,,,N,0,No Hit
SCR004970,C01934,2025-05-08,Ongoing Rescreen,Dow Jones Risk,N,,,N,,N,,,,N,0,No Hit
SCR004971,C01934,2025-11-04,Ongoing Rescreen,World-Check,N,,,N,,N,,,,N,0,No Hit
SCR004972,C01935,2024-04-22,Initial,World-Check,N,,,N,,N,,,,N,0,No Hit
SCR004973,C01935,2024-10-19,Ongoing Rescreen,LexisNexis Bridger,N,,,N,,N,,,,N,0,No Hit
SCR004974,C01935,2025-04-17,Ongoing Rescreen,World-Check,N,,,N,,N,,,,N,0,No Hit
SCR004975,C01935,2025-10-14,Ongoing Rescreen,World-Check,N,,,N,,N,,,,N,0,No Hit
SCR004976,C01936,2024-03-02,Initial,LexisNexis Bridger,N,,,N,,N,,,,N,0,No Hit
SCR004977,C01936,2024-08-29,Ongoing Rescreen,World-Check,N,,,N,,N,,,,N,0,No Hit
SCR004978,C01936,2025-02-25,Ongoing Rescreen,Dow Jones Risk,N,,,N,,N,,,,N,0,No Hit
SCR004979,C01936,2025-08-24,Ongoing Rescreen,World-Check,N,,,N,,N,,,,N,0,No Hit
SCR004980,C01937,2025-02-06,Initial,Dow Jones Risk,N,,,N,,N,,,,N,0,No Hit
SCR004981,C01937,2025-08-05,Ongoing Rescreen,Dow Jones Risk,N,,,N,,N,,,,N,0,No Hit
SCR004982,C01938,2024-06-15,Initial,LexisNexis Bridger,N,,,N,,N,,,,N,0,No Hit
SCR004983,C01938,2024-12-12,Ongoing Rescreen,World-Check,N,,,N,,N,,,,N,0,No Hit
SCR004984,C01938,2025-06-10,Ongoing Rescreen,World-Check,N,,,N,,N,,,,N,0,No Hit
SCR004985,C01938,2025-12-07,Ongoing Rescreen,LexisNexis Bridger,N,,,N,,N,,,,N,0,No Hit
SCR004986,C01939,2025-12-07,Initial,World-Check,N,,,N,,N,,,,N,0,No Hit
SCR004987,C01940,2025-11-12,Initial,World-Check,N,,,N,,N,,,,N,0,No Hit
SCR004988,C01941,2024-05-03,Initial,Dow Jones Risk,N,,,N,,N,,,,N,0,No Hit
SCR004989,C01941,2024-10-30,Ongoing Rescreen,LexisNexis Bridger,N,,,N,,N,,,,N,0,No Hit
SCR004990,C01941,2025-04-28,Ongoing Rescreen,Dow Jones Risk,N,,,N,,N,,,,N,0,No Hit
SCR004991,C01941,2025-10-25,Ongoing Rescreen,Dow Jones Risk,N,,,N,,N,,,,N,0,No Hit
SCR004992,C01942,2025-08-29,Initial,LexisNexis Bridger,N,,,N,,N,,,,N,0,No Hit
SCR004993,C01943,2024-01-29,Initial,LexisNexis Bridger,N,,,N,,N,,,,N,0,No Hit
SCR004994,C01943,2024-07-27,Ongoing Rescreen,World-Check,N,,,N,,N,,,,N,0,No Hit
SCR004995,C01943,2025-01-23,Ongoing Rescreen,World-Check,N,,,N,,N,,,,N,0,No Hit
SCR004996,C01943,2025-07-22,Ongoing Rescreen,World-Check,N,,,N,,N,,,,N,0,No Hit
SCR004997,C01944,2024-07-27,Initial,LexisNexis Bridger,N,,,N,,N,,,,Y,0,No Hit
SCR004998,C01944,2025-01-23,Ongoing Rescreen,LexisNexis Bridger,N,,,N,,N,,,,Y,0,No Hit
SCR004999,C01944,2025-07-22,Ongoing Rescreen,World-Check,N,,,N,,N,,,,Y,0,No Hit
SCR005000,C01945,2025-04-27,Initial,LexisNexis Bridger,N,,,N,,N,,,,N,0,No Hit
SCR005001,C01945,2025-10-24,Ongoing Rescreen,LexisNexis Bridger,N,,,N,,N,,,,N,0,No Hit
SCR005002,C01946,2024-05-30,Initial,LexisNexis Bridger,N,,,Y,Domestic PEP,N,,,,Y,1,Cleared - False Positive
SCR005003,C01946,2024-11-26,Ongoing Rescreen,World-Check,N,,,N,,N,,,,N,0,No Hit
SCR005004,C01946,2025-05-25,Ongoing Rescreen,LexisNexis Bridger,N,,,N,,N,,,,N,0,No Hit
SCR005005,C01946,2025-11-21,Ongoing Rescreen,LexisNexis Bridger,N,,,N,,N,,,,N,0,No Hit
SCR005006,C01947,2024-02-27,Initial,World-Check,N,,,N,,N,,,,N,0,No Hit
SCR005007,C01947,2024-08-25,Ongoing Rescreen,World-Check,N,,,N,,N,,,,N,0,No Hit
SCR005008,C01947,2025-02-21,Ongoing Rescreen,Dow Jones Risk,N,,,N,,N,,,,N,0,No Hit
SCR005009,C01947,2025-08-20,Ongoing Rescreen,Dow Jones Risk,N,,,N,,N,,,,N,0,No Hit
SCR005010,C01948,2024-04-24,Initial,Dow Jones Risk,N,,,N,,N,,,,N,0,No Hit
SCR005011,C01948,2024-10-21,Ongoing Rescreen,Dow Jones Risk,N,,,N,,N,,,,N,0,No Hit
SCR005012,C01948,2025-04-19,Ongoing Rescreen,World-Check,N,,,N,,N,,,,N,0,No Hit
SCR005013,C01948,2025-10-16,Ongoing Rescreen,Dow Jones Risk,N,,,Y,Family Member,N,,,,Y,5,Cleared - False Positive
SCR005014,C01949,2025-04-26,Initial,LexisNexis Bridger,N,,,N,,N,,,,N,0,No Hit
SCR005015,C01949,2025-10-23,Ongoing Rescreen,LexisNexis Bridger,N,,,N,,N,,,,N,0,No Hit
SCR005016,C01950,2024-06-10,Initial,World-Check,N,,,Y,Foreign PEP,N,,,,Y,2,Cleared - False Positive
SCR005017,C01950,2024-12-07,Ongoing Rescreen,World-Check,N,,,Y,Foreign PEP,N,,,,Y,10,Cleared - False Positive
SCR005018,C01950,2025-06-05,Ongoing Rescreen,LexisNexis Bridger,N,,,Y,Foreign PEP,N,,,,Y,9,Cleared - False Positive
SCR005019,C01950,2025-12-02,Ongoing Rescreen,LexisNexis Bridger,N,,,Y,Foreign PEP,N,,,,Y,4,Cleared - False Positive
SCR005020,C01951,2024-06-28,Initial,World-Check,N,,,N,,N,,,,N,0,No Hit
SCR005021,C01951,2024-12-25,Ongoing Rescreen,Dow Jones Risk,N,,,N,,N,,,,N,0,No Hit
SCR005022,C01951,2025-06-23,Ongoing Rescreen,Dow Jones Risk,N,,,N,,N,,,,N,0,No Hit
SCR005023,C01951,2025-12-20,Ongoing Rescreen,LexisNexis Bridger,N,,,N,,N,,,,N,0,No Hit
SCR005024,C01952,2024-05-29,Initial,World-Check,N,,,N,,N,,,,N,0,No Hit
SCR005025,C01952,2024-11-25,Ongoing Rescreen,Dow Jones Risk,N,,,N,,N,,,,N,0,No Hit
SCR005026,C01952,2025-05-24,Ongoing Rescreen,LexisNexis Bridger,N,,,N,,N,,,,N,0,No Hit
SCR005027,C01952,2025-11-20,Ongoing Rescreen,Dow Jones Risk,N,,,N,,N,,,,N,0,No Hit
SCR005028,C01953,2025-10-06,Initial,LexisNexis Bridger,N,,,N,,N,,,,N,0,No Hit
SCR005029,C01954,2025-10-11,Initial,LexisNexis Bridger,N,,,N,,N,,,,N,0,No Hit
SCR005030,C01955,2025-08-11,Initial,LexisNexis Bridger,N,,,N,,N,,,,N,0,No Hit
SCR005031,C01956,2024-01-15,Initial,LexisNexis Bridger,N,,,N,,N,,,,N,0,No Hit
SCR005032,C01956,2024-07-13,Ongoing Rescreen,World-Check,N,,,N,,Y,Bribery & Corruption,Online Blog,N,Y,2,Cleared - False Positive
SCR005033,C01956,2025-01-09,Ongoing Rescreen,Dow Jones Risk,N,,,N,,N,,,,N,0,No Hit
SCR005034,C01956,2025-07-08,Ongoing Rescreen,World-Check,N,,,N,,N,,,,N,0,No Hit
SCR005035,C01957,2024-07-02,Initial,LexisNexis Bridger,N,,,N,,N,,,,N,0,No Hit
SCR005036,C01957,2024-12-29,Ongoing Rescreen,LexisNexis Bridger,N,,,N,,N,,,,N,0,No Hit
SCR005037,C01957,2025-06-27,Ongoing Rescreen,LexisNexis Bridger,N,,,N,,N,,,,N,0,No Hit
SCR005038,C01957,2025-12-24,Ongoing Rescreen,LexisNexis Bridger,N,,,N,,N,,,,N,0,No Hit
SCR005039,C01958,2025-10-05,Initial,Dow Jones Risk,N,,,N,,N,,,,N,0,No Hit
SCR005040,C01959,2025-02-08,Initial,World-Check,N,,,N,,N,,,,N,0,No Hit
SCR005041,C01959,2025-08-07,Ongoing Rescreen,World-Check,N,,,N,,N,,,,N,0,No Hit
SCR005042,C01960,2024-01-31,Initial,LexisNexis Bridger,N,,,N,,N,,,,N,0,No Hit
SCR005043,C01960,2024-07-29,Ongoing Rescreen,World-Check,N,,,N,,N,,,,N,0,No Hit
SCR005044,C01960,2025-01-25,Ongoing Rescreen,LexisNexis Bridger,N,,,N,,N,,,,N,0,No Hit
SCR005045,C01960,2025-07-24,Ongoing Rescreen,LexisNexis Bridger,N,,,N,,N,,,,N,0,No Hit
SCR005046,C01961,2024-07-01,Initial,Dow Jones Risk,N,,,N,,N,,,,N,0,No Hit
SCR005047,C01961,2024-12-28,Ongoing Rescreen,LexisNexis Bridger,N,,,N,,N,,,,N,0,No Hit
SCR005048,C01961,2025-06-26,Ongoing Rescreen,LexisNexis Bridger,N,,,N,,N,,,,N,0,No Hit
SCR005049,C01961,2025-12-23,Ongoing Rescreen,LexisNexis Bridger,N,,,N,,N,,,,N,0,No Hit
SCR005050,C01962,2025-08-27,Initial,World-Check,N,,,N,,N,,,,N,0,No Hit
SCR005051,C01963,2025-10-04,Initial,LexisNexis Bridger,N,,,N,,N,,,,N,0,No Hit
SCR005052,C01964,2024-11-07,Initial,World-Check,N,,,N,,N,,,,N,0,No Hit
SCR005053,C01964,2025-05-06,Ongoing Rescreen,LexisNexis Bridger,N,,,N,,N,,,,N,0,No Hit
SCR005054,C01964,2025-11-02,Ongoing Rescreen,LexisNexis Bridger,N,,,N,,N,,,,N,0,No Hit
SCR005055,C01965,2024-04-20,Initial,World-Check,N,,,N,,N,,,,N,0,No Hit
SCR005056,C01965,2024-10-17,Ongoing Rescreen,LexisNexis Bridger,N,,,N,,N,,,,N,0,No Hit
SCR005057,C01965,2025-04-15,Ongoing Rescreen,World-Check,N,,,N,,N,,,,N,0,No Hit
SCR005058,C01965,2025-10-12,Ongoing Rescreen,LexisNexis Bridger,N,,,N,,N,,,,N,0,No Hit
SCR005059,C01966,2024-02-26,Initial,World-Check,N,,,N,,N,,,,N,0,No Hit
SCR005060,C01966,2024-08-24,Ongoing Rescreen,LexisNexis Bridger,N,,,N,,N,,,,N,0,No Hit
SCR005061,C01966,2025-02-20,Ongoing Rescreen,World-Check,N,,,N,,N,,,,N,0,No Hit
SCR005062,C01966,2025-08-19,Ongoing Rescreen,World-Check,N,,,N,,N,,,,N,0,No Hit
SCR005063,C01967,2024-06-13,Initial,LexisNexis Bridger,N,,,N,,N,,,,N,0,No Hit
SCR005064,C01967,2024-12-10,Ongoing Rescreen,LexisNexis Bridger,N,,,N,,N,,,,N,0,No Hit
SCR005065,C01967,2025-06-08,Ongoing Rescreen,LexisNexis Bridger,N,,,N,,N,,,,N,0,No Hit
SCR005066,C01967,2025-12-05,Ongoing Rescreen,World-Check,N,,,N,,N,,,,N,0,No Hit
SCR005067,C01968,2025-08-07,Initial,LexisNexis Bridger,N,,,N,,N,,,,N,0,No Hit
SCR005068,C01969,2025-08-27,Initial,World-Check,N,,,N,,N,,,,N,0,No Hit
SCR005069,C01970,2024-07-06,Initial,LexisNexis Bridger,N,,,Y,Domestic PEP,N,,,,Y,3,Cleared - False Positive
SCR005070,C01970,2025-01-02,Ongoing Rescreen,Dow Jones Risk,N,,,Y,Foreign PEP,N,,,,Y,4,Cleared - False Positive
SCR005071,C01970,2025-07-01,Ongoing Rescreen,World-Check,N,,,Y,Domestic PEP,N,,,,Y,2,Cleared - False Positive
SCR005072,C01970,2025-12-28,Ongoing Rescreen,LexisNexis Bridger,N,,,Y,Foreign PEP,N,,,,Y,7,Cleared - False Positive
SCR005073,C01971,2025-12-15,Initial,World-Check,N,,,N,,N,,,,Y,0,No Hit
SCR005074,C01972,2025-10-03,Initial,LexisNexis Bridger,N,,,N,,N,,,,N,0,No Hit
SCR005075,C01973,2025-12-22,Initial,LexisNexis Bridger,Y,UN Consolidated,N,N,,N,,,,Y,2,Cleared - False Positive
SCR005076,C01974,2025-07-03,Initial,World-Check,N,,,N,,N,,,,Y,0,No Hit
SCR005077,C01974,2025-12-30,Ongoing Rescreen,Dow Jones Risk,N,,,N,,N,,,,Y,0,No Hit
SCR005078,C01975,2025-02-22,Initial,Dow Jones Risk,N,,,N,,N,,,,N,0,No Hit
SCR005079,C01975,2025-08-21,Ongoing Rescreen,World-Check,N,,,N,,N,,,,N,0,No Hit
SCR005080,C01976,2025-12-18,Initial,LexisNexis Bridger,N,,,N,,N,,,,N,0,No Hit
SCR005081,C01977,2025-05-18,Initial,Dow Jones Risk,N,,,Y,Family Member,N,,,,Y,5,Cleared - False Positive
SCR005082,C01977,2025-11-14,Ongoing Rescreen,LexisNexis Bridger,N,,,N,,N,,,,N,0,No Hit
SCR005083,C01978,2025-08-31,Initial,World-Check,N,,,N,,N,,,,N,0,No Hit
SCR005084,C01979,2024-10-21,Initial,LexisNexis Bridger,N,,,N,,N,,,,N,0,No Hit
SCR005085,C01979,2025-04-19,Ongoing Rescreen,LexisNexis Bridger,N,,,N,,N,,,,N,0,No Hit
SCR005086,C01979,2025-10-16,Ongoing Rescreen,World-Check,N,,,N,,N,,,,N,0,No Hit
SCR005087,C01980,2024-06-25,Initial,LexisNexis Bridger,N,,,N,,N,,,,N,0,No Hit
SCR005088,C01980,2024-12-22,Ongoing Rescreen,World-Check,N,,,N,,N,,,,N,0,No Hit
SCR005089,C01980,2025-06-20,Ongoing Rescreen,Dow Jones Risk,N,,,N,,N,,,,N,0,No Hit
SCR005090,C01980,2025-12-17,Ongoing Rescreen,Dow Jones Risk,N,,,N,,N,,,,N,0,No Hit
SCR005091,C01981,2025-02-23,Initial,LexisNexis Bridger,N,,,N,,N,,,,N,0,No Hit
SCR005092,C01981,2025-08-22,Ongoing Rescreen,Dow Jones Risk,Y,EU Consolidated,N,N,,N,,,,Y,4,Cleared - False Positive
SCR005093,C01982,2024-10-26,Initial,Dow Jones Risk,N,,,N,,N,,,,N,0,No Hit
SCR005094,C01982,2025-04-24,Ongoing Rescreen,Dow Jones Risk,N,,,N,,N,,,,N,0,No Hit
SCR005095,C01982,2025-10-21,Ongoing Rescreen,World-Check,N,,,N,,N,,,,N,0,No Hit
SCR005096,C01983,2024-09-13,Initial,World-Check,N,,,N,,N,,,,N,0,No Hit
SCR005097,C01983,2025-03-12,Ongoing Rescreen,LexisNexis Bridger,N,,,N,,N,,,,N,0,No Hit
SCR005098,C01983,2025-09-08,Ongoing Rescreen,Dow Jones Risk,N,,,N,,N,,,,N,0,No Hit
SCR005099,C01984,2025-05-24,Initial,LexisNexis Bridger,N,,,N,,N,,,,N,0,No Hit
SCR005100,C01984,2025-11-20,Ongoing Rescreen,World-Check,N,,,N,,N,,,,N,0,No Hit
SCR005101,C01985,2025-03-22,Initial,World-Check,N,,,N,,N,,,,N,0,No Hit
SCR005102,C01985,2025-09-18,Ongoing Rescreen,LexisNexis Bridger,N,,,N,,N,,,,N,0,No Hit
SCR005103,C01986,2024-08-19,Initial,World-Check,N,,,N,,N,,,,N,0,No Hit
SCR005104,C01986,2025-02-15,Ongoing Rescreen,World-Check,N,,,N,,N,,,,N,0,No Hit
SCR005105,C01986,2025-08-14,Ongoing Rescreen,LexisNexis Bridger,N,,,N,,N,,,,N,0,No Hit
SCR005106,C01987,2024-06-25,Initial,Dow Jones Risk,N,,,N,,N,,,,N,0,No Hit
SCR005107,C01987,2024-12-22,Ongoing Rescreen,World-Check,N,,,N,,N,,,,N,0,No Hit
SCR005108,C01987,2025-06-20,Ongoing Rescreen,LexisNexis Bridger,N,,,N,,N,,,,N,0,No Hit
SCR005109,C01987,2025-12-17,Ongoing Rescreen,Dow Jones Risk,N,,,N,,N,,,,N,0,No Hit
SCR005110,C01988,2025-02-03,Initial,LexisNexis Bridger,N,,,N,,N,,,,N,0,No Hit
SCR005111,C01988,2025-08-02,Ongoing Rescreen,LexisNexis Bridger,N,,,N,,N,,,,N,0,No Hit
SCR005112,C01989,2024-08-27,Initial,LexisNexis Bridger,N,,,N,,N,,,,Y,0,No Hit
SCR005113,C01989,2025-02-23,Ongoing Rescreen,Dow Jones Risk,N,,,N,,N,,,,Y,0,No Hit
SCR005114,C01989,2025-08-22,Ongoing Rescreen,LexisNexis Bridger,N,,,N,,N,,,,Y,0,No Hit
SCR005115,C01990,2024-06-22,Initial,World-Check,N,,,N,,N,,,,N,0,No Hit
SCR005116,C01990,2024-12-19,Ongoing Rescreen,Dow Jones Risk,N,,,N,,N,,,,N,0,No Hit
SCR005117,C01990,2025-06-17,Ongoing Rescreen,Dow Jones Risk,N,,,N,,N,,,,N,0,No Hit
SCR005118,C01990,2025-12-14,Ongoing Rescreen,LexisNexis Bridger,N,,,N,,N,,,,N,0,No Hit
SCR005119,C01991,2024-06-11,Initial,World-Check,N,,,N,,N,,,,N,0,No Hit
SCR005120,C01991,2024-12-08,Ongoing Rescreen,LexisNexis Bridger,N,,,N,,N,,,,N,0,No Hit
SCR005121,C01991,2025-06-06,Ongoing Rescreen,World-Check,N,,,N,,N,,,,N,0,No Hit
SCR005122,C01991,2025-12-03,Ongoing Rescreen,LexisNexis Bridger,N,,,N,,N,,,,N,0,No Hit
SCR005123,C01992,2025-04-29,Initial,World-Check,N,,,N,,N,,,,N,0,No Hit
SCR005124,C01992,2025-10-26,Ongoing Rescreen,Dow Jones Risk,N,,,N,,N,,,,N,0,No Hit
SCR005125,C01993,2024-10-30,Initial,World-Check,N,,,N,,N,,,,N,0,No Hit
SCR005126,C01993,2025-04-28,Ongoing Rescreen,World-Check,N,,,N,,N,,,,N,0,No Hit
SCR005127,C01993,2025-10-25,Ongoing Rescreen,Dow Jones Risk,N,,,N,,N,,,,N,0,No Hit
SCR005128,C01994,2024-09-07,Initial,World-Check,N,,,N,,N,,,,N,0,No Hit
SCR005129,C01994,2025-03-06,Ongoing Rescreen,LexisNexis Bridger,N,,,N,,N,,,,N,0,No Hit
SCR005130,C01994,2025-09-02,Ongoing Rescreen,LexisNexis Bridger,N,,,N,,N,,,,N,0,No Hit
SCR005131,C01995,2024-03-25,Initial,LexisNexis Bridger,N,,,N,,N,,,,Y,0,No Hit
SCR005132,C01995,2024-09-21,Ongoing Rescreen,LexisNexis Bridger,N,,,N,,N,,,,Y,0,No Hit
SCR005133,C01995,2025-03-20,Ongoing Rescreen,World-Check,N,,,N,,N,,,,Y,0,No Hit
SCR005134,C01995,2025-09-16,Ongoing Rescreen,World-Check,N,,,N,,Y,Fraud,Regulator Notice,N,Y,20,Cleared - False Positive
SCR005135,C01996,2024-02-10,Initial,World-Check,N,,,N,,N,,,,N,0,No Hit
SCR005136,C01996,2024-08-08,Ongoing Rescreen,World-Check,N,,,N,,N,,,,N,0,No Hit
SCR005137,C01996,2025-02-04,Ongoing Rescreen,Dow Jones Risk,N,,,N,,N,,,,N,0,No Hit
SCR005138,C01996,2025-08-03,Ongoing Rescreen,Dow Jones Risk,N,,,N,,N,,,,N,0,No Hit
SCR005139,C01997,2025-05-22,Initial,World-Check,N,,,N,,N,,,,N,0,No Hit
SCR005140,C01997,2025-11-18,Ongoing Rescreen,LexisNexis Bridger,N,,,N,,N,,,,N,0,No Hit
SCR005141,C01998,2025-12-08,Initial,LexisNexis Bridger,N,,,N,,N,,,,N,0,No Hit
SCR005142,C01999,2024-08-25,Initial,World-Check,N,,,N,,N,,,,N,0,No Hit
SCR005143,C01999,2025-02-21,Ongoing Rescreen,Dow Jones Risk,N,,,N,,N,,,,N,0,No Hit
SCR005144,C01999,2025-08-20,Ongoing Rescreen,Dow Jones Risk,N,,,N,,N,,,,N,0,No Hit
SCR005145,C02000,2025-09-08,Initial,World-Check,N,,,N,,N,,,,N,0,No Hit
SCR005146,C02001,2025-03-15,Initial,Dow Jones Risk,N,,,N,,N,,,,N,0,No Hit
SCR005147,C02001,2025-09-11,Ongoing Rescreen,World-Check,N,,,N,,N,,,,N,0,No Hit
SCR005148,C02002,2024-08-10,Initial,Dow Jones Risk,N,,,N,,N,,,,N,0,No Hit
SCR005149,C02002,2025-02-06,Ongoing Rescreen,World-Check,N,,,N,,N,,,,N,0,No Hit
SCR005150,C02002,2025-08-05,Ongoing Rescreen,Dow Jones Risk,N,,,N,,N,,,,N,0,No Hit
SCR005151,C02003,2025-02-18,Initial,LexisNexis Bridger,N,,,N,,N,,,,N,0,No Hit
SCR005152,C02003,2025-08-17,Ongoing Rescreen,World-Check,N,,,N,,N,,,,N,0,No Hit
SCR005153,C02004,2024-04-04,Initial,World-Check,N,,,N,,N,,,,Y,0,No Hit
SCR005154,C02004,2024-10-01,Ongoing Rescreen,LexisNexis Bridger,N,,,N,,N,,,,Y,0,No Hit
SCR005155,C02004,2025-03-30,Ongoing Rescreen,LexisNexis Bridger,N,,,N,,N,,,,Y,0,No Hit
SCR005156,C02004,2025-09-26,Ongoing Rescreen,World-Check,N,,,N,,N,,,,Y,0,No Hit
SCR005157,C02005,2024-09-03,Initial,LexisNexis Bridger,N,,,N,,N,,,,N,0,No Hit
SCR005158,C02005,2025-03-02,Ongoing Rescreen,World-Check,N,,,N,,N,,,,N,0,No Hit
SCR005159,C02005,2025-08-29,Ongoing Rescreen,World-Check,N,,,N,,N,,,,N,0,No Hit
SCR005160,C02006,2025-06-21,Initial,LexisNexis Bridger,N,,,N,,N,,,,N,0,No Hit
SCR005161,C02006,2025-12-18,Ongoing Rescreen,Dow Jones Risk,N,,,N,,N,,,,N,0,No Hit
SCR005162,C02007,2025-09-14,Initial,Dow Jones Risk,N,,,N,,N,,,,N,0,No Hit
SCR005163,C02008,2024-06-10,Initial,World-Check,N,,,N,,Y,Tax Evasion,Regulator Notice,Y,Y,4,Escalate to EDD
SCR005164,C02008,2024-12-07,Ongoing Rescreen,LexisNexis Bridger,Y,UK HMT/OFSI,N,N,,N,,,,Y,8,Cleared - False Positive
SCR005165,C02008,2025-06-05,Ongoing Rescreen,Dow Jones Risk,N,,,N,,N,,,,Y,0,No Hit
SCR005166,C02008,2025-12-02,Ongoing Rescreen,World-Check,N,,,N,,N,,,,Y,0,No Hit
SCR005167,C02009,2025-10-27,Initial,Dow Jones Risk,N,,,N,,N,,,,N,0,No Hit
SCR005168,C02010,2025-03-18,Initial,LexisNexis Bridger,N,,,N,,Y,Regulatory Fine,Regulator Notice,N,Y,5,Cleared - False Positive
SCR005169,C02010,2025-09-14,Ongoing Rescreen,Dow Jones Risk,N,,,N,,N,,,,N,0,No Hit
SCR005170,C02011,2024-06-16,Initial,LexisNexis Bridger,N,,,N,,N,,,,N,0,No Hit
SCR005171,C02011,2024-12-13,Ongoing Rescreen,World-Check,N,,,N,,N,,,,N,0,No Hit
SCR005172,C02011,2025-06-11,Ongoing Rescreen,World-Check,N,,,N,,N,,,,N,0,No Hit
SCR005173,C02011,2025-12-08,Ongoing Rescreen,LexisNexis Bridger,N,,,N,,N,,,,N,0,No Hit
SCR005174,C02012,2025-07-23,Initial,World-Check,N,,,N,,N,,,,N,0,No Hit
SCR005175,C02013,2025-10-06,Initial,Dow Jones Risk,N,,,N,,N,,,,N,0,No Hit
SCR005176,C02014,2024-07-18,Initial,Dow Jones Risk,N,,,N,,N,,,,N,0,No Hit
SCR005177,C02014,2025-01-14,Ongoing Rescreen,LexisNexis Bridger,N,,,N,,N,,,,N,0,No Hit
SCR005178,C02014,2025-07-13,Ongoing Rescreen,Dow Jones Risk,N,,,N,,N,,,,N,0,No Hit
SCR005179,C02015,2024-03-18,Initial,World-Check,N,,,N,,N,,,,N,0,No Hit
SCR005180,C02015,2024-09-14,Ongoing Rescreen,World-Check,N,,,N,,N,,,,N,0,No Hit
SCR005181,C02015,2025-03-13,Ongoing Rescreen,LexisNexis Bridger,Y,UN Consolidated,N,N,,N,,,,Y,3,Cleared - False Positive
SCR005182,C02015,2025-09-09,Ongoing Rescreen,World-Check,N,,,N,,N,,,,N,0,No Hit
SCR005183,C02016,2024-07-27,Initial,LexisNexis Bridger,N,,,N,,N,,,,N,0,No Hit
SCR005184,C02016,2025-01-23,Ongoing Rescreen,Dow Jones Risk,N,,,N,,N,,,,N,0,No Hit
SCR005185,C02016,2025-07-22,Ongoing Rescreen,Dow Jones Risk,N,,,N,,N,,,,N,0,No Hit
SCR005186,C02017,2025-07-07,Initial,World-Check,N,,,N,,N,,,,N,0,No Hit
SCR005187,C02018,2024-02-15,Initial,LexisNexis Bridger,N,,,N,,N,,,,N,0,No Hit
SCR005188,C02018,2024-08-13,Ongoing Rescreen,LexisNexis Bridger,N,,,N,,N,,,,N,0,No Hit
SCR005189,C02018,2025-02-09,Ongoing Rescreen,Dow Jones Risk,N,,,N,,N,,,,N,0,No Hit
SCR005190,C02018,2025-08-08,Ongoing Rescreen,Dow Jones Risk,N,,,N,,N,,,,N,0,No Hit
SCR005191,C02019,2024-07-30,Initial,LexisNexis Bridger,N,,,N,,N,,,,N,0,No Hit
SCR005192,C02019,2025-01-26,Ongoing Rescreen,LexisNexis Bridger,N,,,N,,N,,,,N,0,No Hit
SCR005193,C02019,2025-07-25,Ongoing Rescreen,LexisNexis Bridger,N,,,N,,N,,,,N,0,No Hit
SCR005194,C02020,2024-08-21,Initial,Dow Jones Risk,N,,,N,,Y,Organised Crime,Court Records,N,Y,2,Cleared - False Positive
SCR005195,C02020,2025-02-17,Ongoing Rescreen,LexisNexis Bridger,N,,,N,,N,,,,N,0,No Hit
SCR005196,C02020,2025-08-16,Ongoing Rescreen,World-Check,N,,,N,,N,,,,N,0,No Hit
SCR005197,C02021,2024-01-13,Initial,Dow Jones Risk,N,,,N,,N,,,,N,0,No Hit
SCR005198,C02021,2024-07-11,Ongoing Rescreen,LexisNexis Bridger,N,,,N,,N,,,,N,0,No Hit
SCR005199,C02021,2025-01-07,Ongoing Rescreen,World-Check,N,,,N,,N,,,,N,0,No Hit
SCR005200,C02021,2025-07-06,Ongoing Rescreen,LexisNexis Bridger,N,,,N,,N,,,,N,0,No Hit
SCR005201,C02022,2025-03-12,Initial,LexisNexis Bridger,N,,,N,,Y,Bribery & Corruption,Regional News,Y,Y,3,Escalate to EDD
SCR005202,C02022,2025-09-08,Ongoing Rescreen,LexisNexis Bridger,N,,,N,,N,,,,N,0,No Hit
SCR005203,C02023,2025-08-12,Initial,Dow Jones Risk,N,,,N,,N,,,,N,0,No Hit
SCR005204,C02024,2024-04-23,Initial,Dow Jones Risk,N,,,N,,N,,,,N,0,No Hit
SCR005205,C02024,2024-10-20,Ongoing Rescreen,World-Check,N,,,N,,N,,,,N,0,No Hit
SCR005206,C02024,2025-04-18,Ongoing Rescreen,Dow Jones Risk,N,,,N,,N,,,,N,0,No Hit
SCR005207,C02024,2025-10-15,Ongoing Rescreen,World-Check,N,,,N,,N,,,,N,0,No Hit
SCR005208,C02025,2025-10-10,Initial,World-Check,N,,,N,,N,,,,N,0,No Hit
SCR005209,C02026,2025-11-27,Initial,LexisNexis Bridger,N,,,N,,N,,,,N,0,No Hit
SCR005210,C02027,2025-09-28,Initial,LexisNexis Bridger,N,,,N,,N,,,,N,0,No Hit
SCR005211,C02028,2025-06-12,Initial,Dow Jones Risk,N,,,N,,N,,,,N,0,No Hit
SCR005212,C02028,2025-12-09,Ongoing Rescreen,LexisNexis Bridger,N,,,N,,N,,,,N,0,No Hit
SCR005213,C02029,2024-11-23,Initial,Dow Jones Risk,N,,,N,,N,,,,N,0,No Hit
SCR005214,C02029,2025-05-22,Ongoing Rescreen,Dow Jones Risk,N,,,N,,N,,,,N,0,No Hit
SCR005215,C02029,2025-11-18,Ongoing Rescreen,World-Check,N,,,N,,N,,,,N,0,No Hit
SCR005216,C02030,2024-05-29,Initial,LexisNexis Bridger,N,,,N,,N,,,,N,0,No Hit
SCR005217,C02030,2024-11-25,Ongoing Rescreen,World-Check,N,,,N,,N,,,,N,0,No Hit
SCR005218,C02030,2025-05-24,Ongoing Rescreen,World-Check,N,,,N,,N,,,,N,0,No Hit
SCR005219,C02030,2025-11-20,Ongoing Rescreen,Dow Jones Risk,N,,,N,,N,,,,N,0,No Hit
SCR005220,C02031,2025-10-29,Initial,Dow Jones Risk,N,,,N,,N,,,,N,0,No Hit
SCR005221,C02032,2025-01-22,Initial,World-Check,N,,,N,,N,,,,N,0,No Hit
SCR005222,C02032,2025-07-21,Ongoing Rescreen,Dow Jones Risk,N,,,N,,Y,Fraud,National News,N,Y,4,Cleared - False Positive
SCR005223,C02033,2024-11-26,Initial,LexisNexis Bridger,N,,,N,,N,,,,N,0,No Hit
SCR005224,C02033,2025-05-25,Ongoing Rescreen,World-Check,N,,,N,,N,,,,N,0,No Hit
SCR005225,C02033,2025-11-21,Ongoing Rescreen,LexisNexis Bridger,N,,,N,,N,,,,N,0,No Hit
SCR005226,C02034,2024-10-13,Initial,World-Check,N,,,N,,N,,,,N,0,No Hit
SCR005227,C02034,2025-04-11,Ongoing Rescreen,Dow Jones Risk,N,,,N,,N,,,,N,0,No Hit
SCR005228,C02034,2025-10-08,Ongoing Rescreen,World-Check,N,,,N,,N,,,,N,0,No Hit
SCR005229,C02035,2024-06-08,Initial,World-Check,N,,,N,,N,,,,N,0,No Hit
SCR005230,C02035,2024-12-05,Ongoing Rescreen,Dow Jones Risk,N,,,N,,N,,,,N,0,No Hit
SCR005231,C02035,2025-06-03,Ongoing Rescreen,LexisNexis Bridger,N,,,N,,N,,,,N,0,No Hit
SCR005232,C02035,2025-11-30,Ongoing Rescreen,LexisNexis Bridger,N,,,N,,N,,,,N,0,No Hit
SCR005233,C02036,2024-10-06,Initial,LexisNexis Bridger,N,,,N,,N,,,,N,0,No Hit
SCR005234,C02036,2025-04-04,Ongoing Rescreen,World-Check,N,,,N,,N,,,,N,0,No Hit
SCR005235,C02036,2025-10-01,Ongoing Rescreen,Dow Jones Risk,N,,,N,,N,,,,N,0,No Hit
SCR005236,C02037,2025-08-06,Initial,World-Check,N,,,N,,N,,,,N,0,No Hit
SCR005237,C02038,2025-02-13,Initial,LexisNexis Bridger,N,,,N,,Y,Fraud,Regulator Notice,Y,Y,2,Escalate to EDD
SCR005238,C02038,2025-08-12,Ongoing Rescreen,World-Check,N,,,N,,Y,Money Laundering,Regional News,N,Y,5,Cleared - False Positive
SCR005239,C02039,2024-10-16,Initial,World-Check,N,,,N,,N,,,,N,0,No Hit
SCR005240,C02039,2025-04-14,Ongoing Rescreen,Dow Jones Risk,N,,,N,,N,,,,N,0,No Hit
SCR005241,C02039,2025-10-11,Ongoing Rescreen,LexisNexis Bridger,N,,,N,,N,,,,N,0,No Hit
SCR005242,C02040,2024-03-20,Initial,LexisNexis Bridger,N,,,N,,N,,,,N,0,No Hit
SCR005243,C02040,2024-09-16,Ongoing Rescreen,Dow Jones Risk,N,,,N,,N,,,,N,0,No Hit
SCR005244,C02040,2025-03-15,Ongoing Rescreen,Dow Jones Risk,Y,OFAC SDN,N,N,,N,,,,Y,7,Cleared - False Positive
SCR005245,C02040,2025-09-11,Ongoing Rescreen,Dow Jones Risk,N,,,N,,N,,,,N,0,No Hit
SCR005246,C02041,2024-10-30,Initial,LexisNexis Bridger,N,,,N,,N,,,,N,0,No Hit
SCR005247,C02041,2025-04-28,Ongoing Rescreen,Dow Jones Risk,N,,,N,,N,,,,N,0,No Hit
SCR005248,C02041,2025-10-25,Ongoing Rescreen,LexisNexis Bridger,N,,,N,,N,,,,N,0,No Hit
SCR005249,C02042,2024-06-06,Initial,Dow Jones Risk,N,,,N,,N,,,,N,0,No Hit
SCR005250,C02042,2024-12-03,Ongoing Rescreen,World-Check,N,,,N,,N,,,,N,0,No Hit
SCR005251,C02042,2025-06-01,Ongoing Rescreen,Dow Jones Risk,N,,,N,,N,,,,N,0,No Hit
SCR005252,C02042,2025-11-28,Ongoing Rescreen,LexisNexis Bridger,N,,,N,,N,,,,N,0,No Hit
SCR005253,C02043,2024-10-17,Initial,LexisNexis Bridger,N,,,N,,N,,,,N,0,No Hit
SCR005254,C02043,2025-04-15,Ongoing Rescreen,LexisNexis Bridger,N,,,N,,N,,,,N,0,No Hit
SCR005255,C02043,2025-10-12,Ongoing Rescreen,Dow Jones Risk,N,,,N,,N,,,,N,0,No Hit
SCR005256,C02044,2024-04-19,Initial,LexisNexis Bridger,N,,,N,,N,,,,N,0,No Hit
SCR005257,C02044,2024-10-16,Ongoing Rescreen,World-Check,N,,,N,,N,,,,N,0,No Hit
SCR005258,C02044,2025-04-14,Ongoing Rescreen,LexisNexis Bridger,N,,,N,,N,,,,N,0,No Hit
SCR005259,C02044,2025-10-11,Ongoing Rescreen,Dow Jones Risk,N,,,N,,N,,,,N,0,No Hit
SCR005260,C02045,2025-11-23,Initial,Dow Jones Risk,N,,,Y,Family Member,N,,,,Y,1,Cleared - False Positive
SCR005261,C02046,2024-05-07,Initial,Dow Jones Risk,N,,,N,,N,,,,N,0,No Hit
SCR005262,C02046,2024-11-03,Ongoing Rescreen,LexisNexis Bridger,N,,,N,,N,,,,N,0,No Hit
SCR005263,C02046,2025-05-02,Ongoing Rescreen,LexisNexis Bridger,N,,,N,,N,,,,N,0,No Hit
SCR005264,C02046,2025-10-29,Ongoing Rescreen,Dow Jones Risk,N,,,N,,N,,,,N,0,No Hit
SCR005265,C02047,2024-03-31,Initial,Dow Jones Risk,N,,,N,,N,,,,N,0,No Hit
SCR005266,C02047,2024-09-27,Ongoing Rescreen,World-Check,N,,,N,,N,,,,N,0,No Hit
SCR005267,C02047,2025-03-26,Ongoing Rescreen,LexisNexis Bridger,N,,,N,,N,,,,N,0,No Hit
SCR005268,C02047,2025-09-22,Ongoing Rescreen,LexisNexis Bridger,N,,,N,,N,,,,N,0,No Hit
SCR005269,C02048,2025-04-23,Initial,Dow Jones Risk,N,,,N,,N,,,,N,0,No Hit
SCR005270,C02048,2025-10-20,Ongoing Rescreen,LexisNexis Bridger,N,,,N,,N,,,,N,0,No Hit
SCR005271,C02049,2024-09-08,Initial,World-Check,N,,,N,,Y,Tax Evasion,Court Records,N,Y,8,Cleared - False Positive
SCR005272,C02049,2025-03-07,Ongoing Rescreen,LexisNexis Bridger,Y,UN Consolidated,N,N,,N,,,,Y,1,Cleared - False Positive
SCR005273,C02049,2025-09-03,Ongoing Rescreen,Dow Jones Risk,N,,,N,,N,,,,Y,0,No Hit
SCR005274,C02050,2025-12-29,Initial,Dow Jones Risk,N,,,N,,N,,,,N,0,No Hit
SCR005275,C02051,2024-10-22,Initial,World-Check,N,,,N,,N,,,,N,0,No Hit
SCR005276,C02051,2025-04-20,Ongoing Rescreen,Dow Jones Risk,N,,,N,,N,,,,N,0,No Hit
SCR005277,C02051,2025-10-17,Ongoing Rescreen,Dow Jones Risk,N,,,N,,N,,,,N,0,No Hit
SCR005278,C02052,2025-04-20,Initial,LexisNexis Bridger,N,,,N,,N,,,,N,0,No Hit
SCR005279,C02052,2025-10-17,Ongoing Rescreen,World-Check,N,,,N,,N,,,,N,0,No Hit
SCR005280,C02053,2025-09-01,Initial,World-Check,N,,,N,,N,,,,N,0,No Hit
SCR005281,C02054,2025-12-20,Initial,LexisNexis Bridger,N,,,N,,N,,,,N,0,No Hit
SCR005282,C02055,2025-08-14,Initial,World-Check,N,,,N,,N,,,,N,0,No Hit
SCR005283,C02056,2025-02-25,Initial,LexisNexis Bridger,N,,,N,,N,,,,N,0,No Hit
SCR005284,C02056,2025-08-24,Ongoing Rescreen,LexisNexis Bridger,N,,,N,,N,,,,N,0,No Hit
SCR005285,C02057,2025-08-18,Initial,LexisNexis Bridger,N,,,N,,N,,,,N,0,No Hit
SCR005286,C02058,2024-07-26,Initial,Dow Jones Risk,N,,,N,,N,,,,N,0,No Hit
SCR005287,C02058,2025-01-22,Ongoing Rescreen,Dow Jones Risk,N,,,N,,N,,,,N,0,No Hit
SCR005288,C02058,2025-07-21,Ongoing Rescreen,LexisNexis Bridger,N,,,N,,N,,,,N,0,No Hit
SCR005289,C02059,2025-09-28,Initial,World-Check,N,,,N,,N,,,,N,0,No Hit
SCR005290,C02060,2025-09-29,Initial,Dow Jones Risk,N,,,N,,N,,,,N,0,No Hit
SCR005291,C02061,2024-10-07,Initial,World-Check,N,,,N,,N,,,,N,0,No Hit
SCR005292,C02061,2025-04-05,Ongoing Rescreen,LexisNexis Bridger,N,,,N,,N,,,,N,0,No Hit
SCR005293,C02061,2025-10-02,Ongoing Rescreen,LexisNexis Bridger,N,,,N,,N,,,,N,0,No Hit
SCR005294,C02062,2024-02-19,Initial,Dow Jones Risk,N,,,N,,N,,,,N,0,No Hit
SCR005295,C02062,2024-08-17,Ongoing Rescreen,World-Check,N,,,N,,N,,,,N,0,No Hit
SCR005296,C02062,2025-02-13,Ongoing Rescreen,Dow Jones Risk,N,,,N,,N,,,,N,0,No Hit
SCR005297,C02062,2025-08-12,Ongoing Rescreen,Dow Jones Risk,N,,,N,,N,,,,N,0,No Hit
SCR005298,C02063,2025-05-15,Initial,World-Check,N,,,N,,N,,,,N,0,No Hit
SCR005299,C02063,2025-11-11,Ongoing Rescreen,LexisNexis Bridger,N,,,N,,N,,,,N,0,No Hit
SCR005300,C02064,2024-03-15,Initial,World-Check,N,,,N,,Y,Organised Crime,National News,Y,Y,17,Escalate to EDD
SCR005301,C02064,2024-09-11,Ongoing Rescreen,World-Check,N,,,N,,N,,,,N,0,No Hit
SCR005302,C02064,2025-03-10,Ongoing Rescreen,Dow Jones Risk,N,,,N,,N,,,,N,0,No Hit
SCR005303,C02064,2025-09-06,Ongoing Rescreen,Dow Jones Risk,N,,,N,,N,,,,N,0,No Hit
SCR005304,C02065,2024-01-13,Initial,World-Check,N,,,N,,N,,,,N,0,No Hit
SCR005305,C02065,2024-07-11,Ongoing Rescreen,Dow Jones Risk,N,,,N,,N,,,,N,0,No Hit
SCR005306,C02065,2025-01-07,Ongoing Rescreen,Dow Jones Risk,N,,,N,,N,,,,N,0,No Hit
SCR005307,C02065,2025-07-06,Ongoing Rescreen,LexisNexis Bridger,N,,,N,,N,,,,N,0,No Hit
SCR005308,C02066,2025-11-23,Initial,World-Check,N,,,N,,N,,,,N,0,No Hit
SCR005309,C02067,2025-02-18,Initial,Dow Jones Risk,N,,,N,,N,,,,N,0,No Hit
SCR005310,C02067,2025-08-17,Ongoing Rescreen,Dow Jones Risk,N,,,N,,N,,,,N,0,No Hit
SCR005311,C02068,2025-04-20,Initial,World-Check,N,,,N,,N,,,,N,0,No Hit
SCR005312,C02068,2025-10-17,Ongoing Rescreen,Dow Jones Risk,N,,,N,,N,,,,N,0,No Hit
SCR005313,C02069,2025-10-05,Initial,LexisNexis Bridger,N,,,N,,N,,,,N,0,No Hit
SCR005314,C02070,2025-11-10,Initial,LexisNexis Bridger,N,,,N,,N,,,,N,0,No Hit
SCR005315,C02071,2025-11-30,Initial,Dow Jones Risk,N,,,N,,N,,,,N,0,No Hit
SCR005316,C02072,2024-04-07,Initial,LexisNexis Bridger,N,,,N,,N,,,,N,0,No Hit
SCR005317,C02072,2024-10-04,Ongoing Rescreen,LexisNexis Bridger,N,,,N,,N,,,,N,0,No Hit
SCR005318,C02072,2025-04-02,Ongoing Rescreen,World-Check,N,,,N,,N,,,,N,0,No Hit
SCR005319,C02072,2025-09-29,Ongoing Rescreen,World-Check,N,,,N,,N,,,,N,0,No Hit
SCR005320,C02073,2024-08-24,Initial,World-Check,N,,,N,,N,,,,N,0,No Hit
SCR005321,C02073,2025-02-20,Ongoing Rescreen,LexisNexis Bridger,N,,,N,,N,,,,N,0,No Hit
SCR005322,C02073,2025-08-19,Ongoing Rescreen,Dow Jones Risk,N,,,N,,N,,,,N,0,No Hit
SCR005323,C02074,2025-07-15,Initial,LexisNexis Bridger,N,,,N,,N,,,,N,0,No Hit
SCR005324,C02075,2024-01-22,Initial,LexisNexis Bridger,N,,,N,,N,,,,N,0,No Hit
SCR005325,C02075,2024-07-20,Ongoing Rescreen,World-Check,N,,,N,,N,,,,N,0,No Hit
SCR005326,C02075,2025-01-16,Ongoing Rescreen,Dow Jones Risk,N,,,Y,Domestic PEP,N,,,,Y,3,Cleared - False Positive
SCR005327,C02075,2025-07-15,Ongoing Rescreen,Dow Jones Risk,N,,,N,,N,,,,N,0,No Hit
SCR005328,C02076,2024-06-20,Initial,LexisNexis Bridger,N,,,N,,N,,,,N,0,No Hit
SCR005329,C02076,2024-12-17,Ongoing Rescreen,Dow Jones Risk,N,,,N,,N,,,,N,0,No Hit
SCR005330,C02076,2025-06-15,Ongoing Rescreen,Dow Jones Risk,N,,,N,,N,,,,N,0,No Hit
SCR005331,C02076,2025-12-12,Ongoing Rescreen,World-Check,N,,,N,,N,,,,N,0,No Hit
SCR005332,C02077,2025-01-11,Initial,Dow Jones Risk,N,,,N,,N,,,,N,0,No Hit
SCR005333,C02077,2025-07-10,Ongoing Rescreen,LexisNexis Bridger,N,,,N,,N,,,,N,0,No Hit
SCR005334,C02078,2024-09-07,Initial,LexisNexis Bridger,N,,,N,,N,,,,N,0,No Hit
SCR005335,C02078,2025-03-06,Ongoing Rescreen,Dow Jones Risk,N,,,N,,N,,,,N,0,No Hit
SCR005336,C02078,2025-09-02,Ongoing Rescreen,Dow Jones Risk,N,,,N,,N,,,,N,0,No Hit
SCR005337,C02079,2024-05-06,Initial,LexisNexis Bridger,N,,,N,,N,,,,N,0,No Hit
SCR005338,C02079,2024-11-02,Ongoing Rescreen,Dow Jones Risk,N,,,N,,N,,,,N,0,No Hit
SCR005339,C02079,2025-05-01,Ongoing Rescreen,LexisNexis Bridger,N,,,N,,N,,,,N,0,No Hit
SCR005340,C02079,2025-10-28,Ongoing Rescreen,World-Check,N,,,N,,N,,,,N,0,No Hit
SCR005341,C02080,2025-10-19,Initial,Dow Jones Risk,N,,,N,,N,,,,N,0,No Hit
SCR005342,C02081,2024-11-23,Initial,World-Check,N,,,N,,N,,,,N,0,No Hit
SCR005343,C02081,2025-05-22,Ongoing Rescreen,Dow Jones Risk,N,,,N,,N,,,,N,0,No Hit
SCR005344,C02081,2025-11-18,Ongoing Rescreen,World-Check,N,,,N,,N,,,,N,0,No Hit
SCR005345,C02082,2024-10-27,Initial,World-Check,N,,,N,,N,,,,Y,0,No Hit
SCR005346,C02082,2025-04-25,Ongoing Rescreen,World-Check,N,,,N,,N,,,,Y,0,No Hit
SCR005347,C02082,2025-10-22,Ongoing Rescreen,Dow Jones Risk,N,,,N,,N,,,,Y,0,No Hit
SCR005348,C02083,2025-04-25,Initial,LexisNexis Bridger,N,,,N,,N,,,,N,0,No Hit
SCR005349,C02083,2025-10-22,Ongoing Rescreen,LexisNexis Bridger,N,,,N,,N,,,,N,0,No Hit
SCR005350,C02084,2025-05-05,Initial,World-Check,N,,,N,,N,,,,N,0,No Hit
SCR005351,C02084,2025-11-01,Ongoing Rescreen,World-Check,N,,,N,,N,,,,N,0,No Hit
SCR005352,C02085,2024-12-26,Initial,Dow Jones Risk,N,,,N,,N,,,,N,0,No Hit
SCR005353,C02085,2025-06-24,Ongoing Rescreen,LexisNexis Bridger,N,,,N,,N,,,,N,0,No Hit
SCR005354,C02085,2025-12-21,Ongoing Rescreen,Dow Jones Risk,N,,,N,,N,,,,N,0,No Hit
SCR005355,C02086,2025-10-10,Initial,LexisNexis Bridger,N,,,N,,N,,,,N,0,No Hit
SCR005356,C02087,2024-08-04,Initial,Dow Jones Risk,N,,,N,,N,,,,N,0,No Hit
SCR005357,C02087,2025-01-31,Ongoing Rescreen,World-Check,N,,,N,,N,,,,N,0,No Hit
SCR005358,C02087,2025-07-30,Ongoing Rescreen,Dow Jones Risk,N,,,N,,N,,,,N,0,No Hit
SCR005359,C02088,2025-09-28,Initial,LexisNexis Bridger,N,,,N,,N,,,,N,0,No Hit
SCR005360,C02089,2025-09-26,Initial,World-Check,N,,,N,,N,,,,N,0,No Hit
SCR005361,C02090,2024-01-07,Initial,World-Check,N,,,N,,N,,,,N,0,No Hit
SCR005362,C02090,2024-07-05,Ongoing Rescreen,World-Check,N,,,N,,N,,,,N,0,No Hit
SCR005363,C02090,2025-01-01,Ongoing Rescreen,Dow Jones Risk,N,,,N,,N,,,,N,0,No Hit
SCR005364,C02090,2025-06-30,Ongoing Rescreen,LexisNexis Bridger,N,,,N,,N,,,,N,0,No Hit
SCR005365,C02090,2025-12-27,Ongoing Rescreen,World-Check,N,,,N,,N,,,,N,0,No Hit
SCR005366,C02091,2025-07-05,Initial,LexisNexis Bridger,N,,,N,,N,,,,N,0,No Hit
SCR005367,C02092,2024-04-25,Initial,LexisNexis Bridger,N,,,N,,N,,,,N,0,No Hit
SCR005368,C02092,2024-10-22,Ongoing Rescreen,World-Check,N,,,N,,N,,,,N,0,No Hit
SCR005369,C02092,2025-04-20,Ongoing Rescreen,Dow Jones Risk,N,,,N,,N,,,,N,0,No Hit
SCR005370,C02092,2025-10-17,Ongoing Rescreen,Dow Jones Risk,N,,,N,,N,,,,N,0,No Hit
SCR005371,C02093,2024-12-20,Initial,Dow Jones Risk,N,,,N,,N,,,,N,0,No Hit
SCR005372,C02093,2025-06-18,Ongoing Rescreen,LexisNexis Bridger,N,,,N,,N,,,,N,0,No Hit
SCR005373,C02093,2025-12-15,Ongoing Rescreen,LexisNexis Bridger,N,,,N,,N,,,,N,0,No Hit
SCR005374,C02094,2025-11-02,Initial,LexisNexis Bridger,N,,,N,,N,,,,N,0,No Hit
SCR005375,C02095,2024-05-22,Initial,World-Check,N,,,N,,N,,,,N,0,No Hit
SCR005376,C02095,2024-11-18,Ongoing Rescreen,LexisNexis Bridger,N,,,N,,N,,,,N,0,No Hit
SCR005377,C02095,2025-05-17,Ongoing Rescreen,LexisNexis Bridger,Y,OFAC SDN,N,N,,N,,,,Y,8,Cleared - False Positive
SCR005378,C02095,2025-11-13,Ongoing Rescreen,Dow Jones Risk,N,,,N,,N,,,,N,0,No Hit
SCR005379,C02096,2025-02-15,Initial,LexisNexis Bridger,Y,OFAC SDN,N,N,,Y,Fraud,Online Blog,N,Y,5,Cleared - False Positive
SCR005380,C02096,2025-08-14,Ongoing Rescreen,World-Check,N,,,N,,N,,,,N,0,No Hit
SCR005381,C02097,2025-07-22,Initial,LexisNexis Bridger,N,,,N,,N,,,,N,0,No Hit
SCR005382,C02098,2024-12-17,Initial,Dow Jones Risk,N,,,N,,N,,,,N,0,No Hit
SCR005383,C02098,2025-06-15,Ongoing Rescreen,World-Check,N,,,N,,N,,,,N,0,No Hit
SCR005384,C02098,2025-12-12,Ongoing Rescreen,LexisNexis Bridger,N,,,N,,N,,,,N,0,No Hit
SCR005385,C02099,2024-02-27,Initial,World-Check,N,,,N,,N,,,,N,0,No Hit
SCR005386,C02099,2024-08-25,Ongoing Rescreen,World-Check,N,,,N,,N,,,,N,0,No Hit
SCR005387,C02099,2025-02-21,Ongoing Rescreen,LexisNexis Bridger,N,,,N,,N,,,,N,0,No Hit
SCR005388,C02099,2025-08-20,Ongoing Rescreen,LexisNexis Bridger,N,,,N,,N,,,,N,0,No Hit
SCR005389,C02100,2024-02-17,Initial,World-Check,N,,,N,,N,,,,N,0,No Hit
SCR005390,C02100,2024-08-15,Ongoing Rescreen,LexisNexis Bridger,N,,,N,,N,,,,N,0,No Hit
SCR005391,C02100,2025-02-11,Ongoing Rescreen,World-Check,N,,,N,,N,,,,N,0,No Hit
SCR005392,C02100,2025-08-10,Ongoing Rescreen,LexisNexis Bridger,N,,,N,,N,,,,N,0,No Hit
SCR005393,C02101,2025-01-13,Initial,Dow Jones Risk,N,,,N,,N,,,,N,0,No Hit
SCR005394,C02101,2025-07-12,Ongoing Rescreen,Dow Jones Risk,N,,,N,,N,,,,N,0,No Hit
SCR005395,C02102,2024-01-19,Initial,World-Check,N,,,N,,N,,,,N,0,No Hit
SCR005396,C02102,2024-07-17,Ongoing Rescreen,Dow Jones Risk,N,,,N,,N,,,,N,0,No Hit
SCR005397,C02102,2025-01-13,Ongoing Rescreen,Dow Jones Risk,N,,,N,,N,,,,N,0,No Hit
SCR005398,C02102,2025-07-12,Ongoing Rescreen,World-Check,N,,,N,,N,,,,N,0,No Hit
SCR005399,C02103,2024-01-12,Initial,World-Check,N,,,N,,Y,Fraud,Regulator Notice,N,Y,2,Cleared - False Positive
SCR005400,C02103,2024-07-10,Ongoing Rescreen,World-Check,N,,,N,,N,,,,Y,0,No Hit
SCR005401,C02103,2025-01-06,Ongoing Rescreen,Dow Jones Risk,N,,,N,,N,,,,Y,0,No Hit
SCR005402,C02103,2025-07-05,Ongoing Rescreen,LexisNexis Bridger,N,,,N,,Y,Regulatory Fine,Regional News,N,Y,8,Cleared - False Positive
SCR005403,C02104,2025-11-27,Initial,LexisNexis Bridger,N,,,N,,N,,,,N,0,No Hit
SCR005404,C02105,2025-01-24,Initial,Dow Jones Risk,N,,,N,,N,,,,N,0,No Hit
SCR005405,C02105,2025-07-23,Ongoing Rescreen,LexisNexis Bridger,N,,,N,,N,,,,N,0,No Hit
SCR005406,C02106,2024-12-12,Initial,Dow Jones Risk,N,,,N,,N,,,,N,0,No Hit
SCR005407,C02106,2025-06-10,Ongoing Rescreen,World-Check,Y,EU Consolidated,Y,N,,N,,,,Y,1,Exit Relationship
SCR005408,C02106,2025-12-07,Ongoing Rescreen,LexisNexis Bridger,N,,,N,,N,,,,N,0,No Hit
SCR005409,C02107,2024-03-14,Initial,Dow Jones Risk,N,,,N,,N,,,,N,0,No Hit
SCR005410,C02107,2024-09-10,Ongoing Rescreen,World-Check,N,,,N,,N,,,,N,0,No Hit
SCR005411,C02107,2025-03-09,Ongoing Rescreen,LexisNexis Bridger,N,,,N,,N,,,,N,0,No Hit
SCR005412,C02107,2025-09-05,Ongoing Rescreen,Dow Jones Risk,N,,,N,,N,,,,N,0,No Hit
SCR005413,C02108,2025-07-28,Initial,Dow Jones Risk,N,,,N,,N,,,,N,0,No Hit
SCR005414,C02109,2025-01-08,Initial,World-Check,N,,,N,,N,,,,N,0,No Hit
SCR005415,C02109,2025-07-07,Ongoing Rescreen,LexisNexis Bridger,Y,EU Consolidated,N,N,,N,,,,Y,3,Cleared - False Positive
SCR005416,C02110,2024-06-09,Initial,World-Check,N,,,N,,Y,Fraud,Court Records,N,Y,6,Cleared - False Positive
SCR005417,C02110,2024-12-06,Ongoing Rescreen,World-Check,N,,,N,,N,,,,N,0,No Hit
SCR005418,C02110,2025-06-04,Ongoing Rescreen,Dow Jones Risk,N,,,N,,N,,,,N,0,No Hit
SCR005419,C02110,2025-12-01,Ongoing Rescreen,Dow Jones Risk,N,,,N,,N,,,,N,0,No Hit
SCR005420,C02111,2025-07-04,Initial,World-Check,Y,EU Consolidated,N,N,,N,,,,Y,3,Cleared - False Positive
SCR005421,C02111,2025-12-31,Ongoing Rescreen,Dow Jones Risk,N,,,N,,N,,,,Y,0,No Hit
SCR005422,C02112,2024-06-22,Initial,World-Check,N,,,N,,N,,,,N,0,No Hit
SCR005423,C02112,2024-12-19,Ongoing Rescreen,Dow Jones Risk,N,,,N,,N,,,,N,0,No Hit
SCR005424,C02112,2025-06-17,Ongoing Rescreen,World-Check,N,,,N,,N,,,,N,0,No Hit
SCR005425,C02112,2025-12-14,Ongoing Rescreen,Dow Jones Risk,N,,,N,,N,,,,N,0,No Hit
SCR005426,C02113,2025-01-02,Initial,World-Check,N,,,N,,N,,,,N,0,No Hit
SCR005427,C02113,2025-07-01,Ongoing Rescreen,World-Check,N,,,N,,N,,,,N,0,No Hit
SCR005428,C02113,2025-12-28,Ongoing Rescreen,World-Check,N,,,N,,N,,,,N,0,No Hit
SCR005429,C02114,2025-02-13,Initial,Dow Jones Risk,N,,,N,,N,,,,N,0,No Hit
SCR005430,C02114,2025-08-12,Ongoing Rescreen,World-Check,N,,,N,,N,,,,N,0,No Hit
SCR005431,C02115,2024-07-22,Initial,World-Check,N,,,N,,N,,,,Y,0,No Hit
SCR005432,C02115,2025-01-18,Ongoing Rescreen,Dow Jones Risk,N,,,N,,N,,,,Y,0,No Hit
SCR005433,C02115,2025-07-17,Ongoing Rescreen,World-Check,N,,,N,,N,,,,Y,0,No Hit
SCR005434,C02116,2025-10-02,Initial,LexisNexis Bridger,N,,,N,,N,,,,N,0,No Hit
SCR005435,C02117,2025-05-29,Initial,Dow Jones Risk,N,,,N,,N,,,,N,0,No Hit
SCR005436,C02117,2025-11-25,Ongoing Rescreen,LexisNexis Bridger,N,,,N,,N,,,,N,0,No Hit
SCR005437,C02118,2024-07-29,Initial,World-Check,N,,,N,,N,,,,Y,0,No Hit
SCR005438,C02118,2025-01-25,Ongoing Rescreen,LexisNexis Bridger,N,,,Y,Family Member,N,,,,Y,3,Cleared - False Positive
SCR005439,C02118,2025-07-24,Ongoing Rescreen,Dow Jones Risk,N,,,N,,N,,,,Y,0,No Hit
SCR005440,C02119,2024-04-24,Initial,LexisNexis Bridger,N,,,N,,N,,,,N,0,No Hit
SCR005441,C02119,2024-10-21,Ongoing Rescreen,Dow Jones Risk,N,,,N,,N,,,,N,0,No Hit
SCR005442,C02119,2025-04-19,Ongoing Rescreen,Dow Jones Risk,N,,,N,,N,,,,N,0,No Hit
SCR005443,C02119,2025-10-16,Ongoing Rescreen,Dow Jones Risk,N,,,N,,N,,,,N,0,No Hit
SCR005444,C02120,2024-08-28,Initial,LexisNexis Bridger,N,,,N,,N,,,,N,0,No Hit
SCR005445,C02120,2025-02-24,Ongoing Rescreen,Dow Jones Risk,N,,,N,,N,,,,N,0,No Hit
SCR005446,C02120,2025-08-23,Ongoing Rescreen,LexisNexis Bridger,N,,,N,,N,,,,N,0,No Hit
SCR005447,C02121,2024-12-06,Initial,LexisNexis Bridger,N,,,N,,N,,,,N,0,No Hit
SCR005448,C02121,2025-06-04,Ongoing Rescreen,World-Check,N,,,N,,N,,,,N,0,No Hit
SCR005449,C02121,2025-12-01,Ongoing Rescreen,World-Check,N,,,N,,N,,,,N,0,No Hit
SCR005450,C02122,2025-02-06,Initial,World-Check,N,,,N,,N,,,,N,0,No Hit
SCR005451,C02122,2025-08-05,Ongoing Rescreen,LexisNexis Bridger,N,,,N,,N,,,,N,0,No Hit
SCR005452,C02123,2024-10-19,Initial,LexisNexis Bridger,N,,,N,,N,,,,N,0,No Hit
SCR005453,C02123,2025-04-17,Ongoing Rescreen,World-Check,N,,,N,,N,,,,N,0,No Hit
SCR005454,C02123,2025-10-14,Ongoing Rescreen,World-Check,N,,,N,,N,,,,N,0,No Hit
SCR005455,C02124,2024-01-30,Initial,World-Check,N,,,N,,N,,,,N,0,No Hit
SCR005456,C02124,2024-07-28,Ongoing Rescreen,Dow Jones Risk,N,,,N,,N,,,,N,0,No Hit
SCR005457,C02124,2025-01-24,Ongoing Rescreen,LexisNexis Bridger,N,,,N,,N,,,,N,0,No Hit
SCR005458,C02124,2025-07-23,Ongoing Rescreen,Dow Jones Risk,N,,,N,,N,,,,N,0,No Hit
SCR005459,C02125,2025-05-09,Initial,World-Check,N,,,N,,N,,,,N,0,No Hit
SCR005460,C02125,2025-11-05,Ongoing Rescreen,World-Check,N,,,N,,N,,,,N,0,No Hit
SCR005461,C02126,2024-10-03,Initial,LexisNexis Bridger,Y,UK HMT/OFSI,N,N,,N,,,,Y,5,Cleared - False Positive
SCR005462,C02126,2025-04-01,Ongoing Rescreen,LexisNexis Bridger,N,,,N,,N,,,,N,0,No Hit
SCR005463,C02126,2025-09-28,Ongoing Rescreen,LexisNexis Bridger,N,,,N,,N,,,,N,0,No Hit
SCR005464,C02127,2024-09-02,Initial,Dow Jones Risk,N,,,N,,N,,,,N,0,No Hit
SCR005465,C02127,2025-03-01,Ongoing Rescreen,LexisNexis Bridger,N,,,N,,N,,,,N,0,No Hit
SCR005466,C02127,2025-08-28,Ongoing Rescreen,LexisNexis Bridger,N,,,N,,N,,,,N,0,No Hit
SCR005467,C02128,2025-02-10,Initial,World-Check,N,,,N,,N,,,,N,0,No Hit
SCR005468,C02128,2025-08-09,Ongoing Rescreen,Dow Jones Risk,N,,,N,,N,,,,N,0,No Hit
SCR005469,C02129,2025-09-02,Initial,World-Check,N,,,N,,N,,,,N,0,No Hit
SCR005470,C02130,2024-01-04,Initial,World-Check,N,,,N,,N,,,,N,0,No Hit
SCR005471,C02130,2024-07-02,Ongoing Rescreen,Dow Jones Risk,N,,,N,,N,,,,N,0,No Hit
SCR005472,C02130,2024-12-29,Ongoing Rescreen,World-Check,N,,,N,,N,,,,N,0,No Hit
SCR005473,C02130,2025-06-27,Ongoing Rescreen,Dow Jones Risk,N,,,N,,N,,,,N,0,No Hit
SCR005474,C02130,2025-12-24,Ongoing Rescreen,Dow Jones Risk,N,,,N,,N,,,,N,0,No Hit
SCR005475,C02131,2025-12-03,Initial,Dow Jones Risk,N,,,N,,N,,,,N,0,No Hit
SCR005476,C02132,2025-04-11,Initial,Dow Jones Risk,N,,,N,,N,,,,N,0,No Hit
SCR005477,C02132,2025-10-08,Ongoing Rescreen,Dow Jones Risk,N,,,N,,N,,,,N,0,No Hit
SCR005478,C02133,2025-02-03,Initial,Dow Jones Risk,N,,,N,,N,,,,N,0,No Hit
SCR005479,C02133,2025-08-02,Ongoing Rescreen,World-Check,N,,,N,,N,,,,N,0,No Hit
SCR005480,C02134,2024-02-07,Initial,World-Check,N,,,N,,N,,,,Y,0,No Hit
SCR005481,C02134,2024-08-05,Ongoing Rescreen,LexisNexis Bridger,Y,EU Consolidated,N,N,,N,,,,Y,7,Cleared - False Positive
SCR005482,C02134,2025-02-01,Ongoing Rescreen,World-Check,N,,,N,,N,,,,Y,0,No Hit
SCR005483,C02134,2025-07-31,Ongoing Rescreen,World-Check,N,,,N,,N,,,,Y,0,No Hit
SCR005484,C02135,2025-06-03,Initial,LexisNexis Bridger,N,,,N,,Y,Tax Evasion,Court Records,N,Y,5,Cleared - False Positive
SCR005485,C02135,2025-11-30,Ongoing Rescreen,LexisNexis Bridger,N,,,N,,N,,,,Y,0,No Hit
SCR005486,C02136,2025-06-10,Initial,Dow Jones Risk,N,,,N,,N,,,,N,0,No Hit
SCR005487,C02136,2025-12-07,Ongoing Rescreen,Dow Jones Risk,N,,,N,,N,,,,N,0,No Hit
SCR005488,C02137,2025-02-13,Initial,World-Check,N,,,N,,N,,,,N,0,No Hit
SCR005489,C02137,2025-08-12,Ongoing Rescreen,World-Check,N,,,N,,N,,,,N,0,No Hit
SCR005490,C02138,2025-08-09,Initial,World-Check,N,,,N,,N,,,,N,0,No Hit
SCR005491,C02139,2025-09-05,Initial,Dow Jones Risk,N,,,N,,N,,,,N,0,No Hit
SCR005492,C02140,2025-09-05,Initial,Dow Jones Risk,N,,,N,,N,,,,N,0,No Hit
SCR005493,C02141,2024-08-26,Initial,World-Check,N,,,N,,Y,Organised Crime,National News,N,Y,7,Cleared - False Positive
SCR005494,C02141,2025-02-22,Ongoing Rescreen,LexisNexis Bridger,N,,,N,,N,,,,N,0,No Hit
SCR005495,C02141,2025-08-21,Ongoing Rescreen,LexisNexis Bridger,N,,,N,,N,,,,N,0,No Hit
SCR005496,C02142,2025-05-07,Initial,World-Check,N,,,N,,N,,,,N,0,No Hit
SCR005497,C02142,2025-11-03,Ongoing Rescreen,LexisNexis Bridger,N,,,N,,N,,,,N,0,No Hit
SCR005498,C02143,2024-02-11,Initial,Dow Jones Risk,N,,,N,,N,,,,N,0,No Hit
SCR005499,C02143,2024-08-09,Ongoing Rescreen,World-Check,N,,,N,,Y,Money Laundering,Regulator Notice,N,Y,2,Cleared - False Positive
SCR005500,C02143,2025-02-05,Ongoing Rescreen,World-Check,N,,,N,,N,,,,N,0,No Hit
SCR005501,C02143,2025-08-04,Ongoing Rescreen,Dow Jones Risk,N,,,N,,N,,,,N,0,No Hit
SCR005502,C02144,2025-02-14,Initial,LexisNexis Bridger,N,,,N,,N,,,,N,0,No Hit
SCR005503,C02144,2025-08-13,Ongoing Rescreen,World-Check,N,,,N,,Y,Bribery & Corruption,Regulator Notice,N,Y,3,Cleared - False Positive
SCR005504,C02145,2024-04-16,Initial,LexisNexis Bridger,N,,,N,,N,,,,N,0,No Hit
SCR005505,C02145,2024-10-13,Ongoing Rescreen,Dow Jones Risk,N,,,N,,N,,,,N,0,No Hit
SCR005506,C02145,2025-04-11,Ongoing Rescreen,World-Check,N,,,N,,N,,,,N,0,No Hit
SCR005507,C02145,2025-10-08,Ongoing Rescreen,World-Check,N,,,N,,N,,,,N,0,No Hit
SCR005508,C02146,2024-08-12,Initial,Dow Jones Risk,N,,,N,,N,,,,N,0,No Hit
SCR005509,C02146,2025-02-08,Ongoing Rescreen,Dow Jones Risk,N,,,N,,N,,,,N,0,No Hit
SCR005510,C02146,2025-08-07,Ongoing Rescreen,Dow Jones Risk,N,,,N,,N,,,,N,0,No Hit
SCR005511,C02147,2025-05-09,Initial,LexisNexis Bridger,N,,,N,,N,,,,N,0,No Hit
SCR005512,C02147,2025-11-05,Ongoing Rescreen,Dow Jones Risk,N,,,N,,N,,,,N,0,No Hit
SCR005513,C02148,2024-11-06,Initial,LexisNexis Bridger,N,,,N,,N,,,,N,0,No Hit
SCR005514,C02148,2025-05-05,Ongoing Rescreen,World-Check,N,,,N,,N,,,,N,0,No Hit
SCR005515,C02148,2025-11-01,Ongoing Rescreen,World-Check,N,,,N,,N,,,,N,0,No Hit
SCR005516,C02149,2025-09-23,Initial,World-Check,N,,,N,,N,,,,N,0,No Hit
SCR005517,C02150,2024-03-04,Initial,LexisNexis Bridger,N,,,N,,N,,,,N,0,No Hit
SCR005518,C02150,2024-08-31,Ongoing Rescreen,Dow Jones Risk,N,,,N,,N,,,,N,0,No Hit
SCR005519,C02150,2025-02-27,Ongoing Rescreen,LexisNexis Bridger,N,,,N,,N,,,,N,0,No Hit
SCR005520,C02150,2025-08-26,Ongoing Rescreen,Dow Jones Risk,N,,,N,,N,,,,N,0,No Hit
SCR005521,C02151,2025-12-11,Initial,LexisNexis Bridger,N,,,N,,N,,,,N,0,No Hit
SCR005522,C02152,2025-05-31,Initial,Dow Jones Risk,N,,,N,,N,,,,Y,0,No Hit
SCR005523,C02152,2025-11-27,Ongoing Rescreen,World-Check,N,,,N,,N,,,,Y,0,No Hit
SCR005524,C02153,2024-11-10,Initial,World-Check,N,,,N,,N,,,,N,0,No Hit
SCR005525,C02153,2025-05-09,Ongoing Rescreen,World-Check,N,,,N,,N,,,,N,0,No Hit
SCR005526,C02153,2025-11-05,Ongoing Rescreen,Dow Jones Risk,N,,,N,,N,,,,N,0,No Hit
SCR005527,C02154,2024-01-19,Initial,Dow Jones Risk,N,,,N,,N,,,,N,0,No Hit
SCR005528,C02154,2024-07-17,Ongoing Rescreen,World-Check,N,,,N,,N,,,,N,0,No Hit
SCR005529,C02154,2025-01-13,Ongoing Rescreen,World-Check,N,,,N,,N,,,,N,0,No Hit
SCR005530,C02154,2025-07-12,Ongoing Rescreen,LexisNexis Bridger,N,,,N,,N,,,,N,0,No Hit
SCR005531,C02155,2024-01-31,Initial,Dow Jones Risk,N,,,N,,N,,,,Y,0,No Hit
SCR005532,C02155,2024-07-29,Ongoing Rescreen,Dow Jones Risk,N,,,N,,N,,,,Y,0,No Hit
SCR005533,C02155,2025-01-25,Ongoing Rescreen,Dow Jones Risk,N,,,N,,N,,,,Y,0,No Hit
SCR005534,C02155,2025-07-24,Ongoing Rescreen,Dow Jones Risk,N,,,N,,N,,,,Y,0,No Hit
SCR005535,C02156,2024-10-29,Initial,LexisNexis Bridger,N,,,N,,N,,,,N,0,No Hit
SCR005536,C02156,2025-04-27,Ongoing Rescreen,World-Check,N,,,N,,N,,,,N,0,No Hit
SCR005537,C02156,2025-10-24,Ongoing Rescreen,World-Check,N,,,N,,N,,,,N,0,No Hit
SCR005538,C02157,2025-02-22,Initial,Dow Jones Risk,N,,,N,,N,,,,N,0,No Hit
SCR005539,C02157,2025-08-21,Ongoing Rescreen,LexisNexis Bridger,N,,,N,,N,,,,N,0,No Hit
SCR005540,C02158,2025-01-05,Initial,Dow Jones Risk,N,,,N,,N,,,,N,0,No Hit
SCR005541,C02158,2025-07-04,Ongoing Rescreen,World-Check,N,,,N,,N,,,,N,0,No Hit
SCR005542,C02158,2025-12-31,Ongoing Rescreen,World-Check,N,,,N,,N,,,,N,0,No Hit
SCR005543,C02159,2024-08-05,Initial,Dow Jones Risk,N,,,N,,N,,,,N,0,No Hit
SCR005544,C02159,2025-02-01,Ongoing Rescreen,Dow Jones Risk,N,,,N,,N,,,,N,0,No Hit
SCR005545,C02159,2025-07-31,Ongoing Rescreen,Dow Jones Risk,N,,,N,,N,,,,N,0,No Hit
SCR005546,C02160,2025-04-20,Initial,World-Check,N,,,N,,Y,Fraud,Court Records,N,Y,10,Cleared - False Positive
SCR005547,C02160,2025-10-17,Ongoing Rescreen,LexisNexis Bridger,N,,,N,,N,,,,N,0,No Hit
SCR005548,C02161,2025-03-25,Initial,LexisNexis Bridger,N,,,N,,N,,,,N,0,No Hit
SCR005549,C02161,2025-09-21,Ongoing Rescreen,LexisNexis Bridger,N,,,N,,N,,,,N,0,No Hit
SCR005550,C02162,2024-09-07,Initial,Dow Jones Risk,N,,,N,,N,,,,N,0,No Hit
SCR005551,C02162,2025-03-06,Ongoing Rescreen,World-Check,N,,,N,,N,,,,N,0,No Hit
SCR005552,C02162,2025-09-02,Ongoing Rescreen,World-Check,N,,,N,,N,,,,N,0,No Hit
SCR005553,C02163,2024-08-25,Initial,Dow Jones Risk,N,,,N,,N,,,,N,0,No Hit
SCR005554,C02163,2025-02-21,Ongoing Rescreen,LexisNexis Bridger,N,,,N,,N,,,,N,0,No Hit
SCR005555,C02163,2025-08-20,Ongoing Rescreen,LexisNexis Bridger,N,,,N,,Y,Fraud,Online Blog,N,Y,13,Cleared - False Positive
SCR005556,C02164,2024-11-19,Initial,Dow Jones Risk,N,,,N,,N,,,,N,0,No Hit
SCR005557,C02164,2025-05-18,Ongoing Rescreen,LexisNexis Bridger,N,,,N,,N,,,,N,0,No Hit
SCR005558,C02164,2025-11-14,Ongoing Rescreen,Dow Jones Risk,N,,,N,,N,,,,N,0,No Hit
SCR005559,C02165,2025-06-27,Initial,World-Check,N,,,N,,N,,,,N,0,No Hit
SCR005560,C02165,2025-12-24,Ongoing Rescreen,World-Check,N,,,N,,Y,Tax Evasion,National News,N,Y,3,Cleared - False Positive
SCR005561,C02166,2025-03-05,Initial,Dow Jones Risk,N,,,N,,N,,,,N,0,No Hit
SCR005562,C02166,2025-09-01,Ongoing Rescreen,Dow Jones Risk,Y,UN Consolidated,N,N,,Y,Money Laundering,Online Blog,N,Y,3,Cleared - False Positive
SCR005563,C02167,2024-04-02,Initial,World-Check,N,,,N,,Y,Bribery & Corruption,Court Records,N,Y,10,Cleared - False Positive
SCR005564,C02167,2024-09-29,Ongoing Rescreen,LexisNexis Bridger,N,,,N,,N,,,,Y,0,No Hit
SCR005565,C02167,2025-03-28,Ongoing Rescreen,Dow Jones Risk,N,,,N,,N,,,,Y,0,No Hit
SCR005566,C02167,2025-09-24,Ongoing Rescreen,World-Check,N,,,N,,Y,Organised Crime,National News,Y,Y,6,Escalate to EDD
SCR005567,C02168,2025-11-05,Initial,World-Check,N,,,N,,N,,,,N,0,No Hit
SCR005568,C02169,2024-05-27,Initial,World-Check,N,,,N,,N,,,,N,0,No Hit
SCR005569,C02169,2024-11-23,Ongoing Rescreen,LexisNexis Bridger,N,,,N,,N,,,,N,0,No Hit
SCR005570,C02169,2025-05-22,Ongoing Rescreen,LexisNexis Bridger,N,,,N,,N,,,,N,0,No Hit
SCR005571,C02169,2025-11-18,Ongoing Rescreen,World-Check,N,,,N,,N,,,,N,0,No Hit
SCR005572,C02170,2025-05-06,Initial,World-Check,N,,,N,,N,,,,N,0,No Hit
SCR005573,C02170,2025-11-02,Ongoing Rescreen,LexisNexis Bridger,N,,,N,,N,,,,N,0,No Hit
SCR005574,C02171,2024-01-13,Initial,Dow Jones Risk,N,,,N,,N,,,,N,0,No Hit
SCR005575,C02171,2024-07-11,Ongoing Rescreen,LexisNexis Bridger,N,,,N,,N,,,,N,0,No Hit
SCR005576,C02171,2025-01-07,Ongoing Rescreen,Dow Jones Risk,N,,,N,,N,,,,N,0,No Hit
SCR005577,C02171,2025-07-06,Ongoing Rescreen,LexisNexis Bridger,N,,,N,,N,,,,N,0,No Hit
SCR005578,C02172,2024-07-04,Initial,World-Check,N,,,N,,N,,,,N,0,No Hit
SCR005579,C02172,2024-12-31,Ongoing Rescreen,LexisNexis Bridger,N,,,N,,N,,,,N,0,No Hit
SCR005580,C02172,2025-06-29,Ongoing Rescreen,Dow Jones Risk,N,,,N,,N,,,,N,0,No Hit
SCR005581,C02172,2025-12-26,Ongoing Rescreen,LexisNexis Bridger,N,,,N,,N,,,,N,0,No Hit
SCR005582,C02173,2025-02-16,Initial,LexisNexis Bridger,N,,,N,,N,,,,Y,0,No Hit
SCR005583,C02173,2025-08-15,Ongoing Rescreen,World-Check,N,,,N,,N,,,,Y,0,No Hit
SCR005584,C02174,2025-09-11,Initial,Dow Jones Risk,N,,,N,,N,,,,N,0,No Hit
SCR005585,C02175,2025-02-15,Initial,Dow Jones Risk,N,,,N,,Y,Tax Evasion,National News,Y,Y,3,Escalate to EDD
SCR005586,C02175,2025-08-14,Ongoing Rescreen,World-Check,N,,,N,,N,,,,N,0,No Hit
SCR005587,C02176,2024-02-10,Initial,Dow Jones Risk,N,,,N,,N,,,,N,0,No Hit
SCR005588,C02176,2024-08-08,Ongoing Rescreen,LexisNexis Bridger,N,,,N,,N,,,,N,0,No Hit
SCR005589,C02176,2025-02-04,Ongoing Rescreen,Dow Jones Risk,N,,,N,,N,,,,N,0,No Hit
SCR005590,C02176,2025-08-03,Ongoing Rescreen,LexisNexis Bridger,N,,,Y,Domestic PEP,N,,,,Y,2,Cleared - False Positive
SCR005591,C02177,2025-11-29,Initial,Dow Jones Risk,N,,,N,,N,,,,N,0,No Hit
SCR005592,C02178,2024-07-18,Initial,World-Check,N,,,N,,N,,,,N,0,No Hit
SCR005593,C02178,2025-01-14,Ongoing Rescreen,Dow Jones Risk,N,,,N,,N,,,,N,0,No Hit
SCR005594,C02178,2025-07-13,Ongoing Rescreen,Dow Jones Risk,N,,,N,,N,,,,N,0,No Hit
SCR005595,C02179,2024-09-23,Initial,LexisNexis Bridger,N,,,N,,N,,,,N,0,No Hit
SCR005596,C02179,2025-03-22,Ongoing Rescreen,LexisNexis Bridger,N,,,N,,N,,,,N,0,No Hit
SCR005597,C02179,2025-09-18,Ongoing Rescreen,Dow Jones Risk,N,,,N,,N,,,,N,0,No Hit
SCR005598,C02180,2024-03-20,Initial,Dow Jones Risk,N,,,N,,N,,,,N,0,No Hit
SCR005599,C02180,2024-09-16,Ongoing Rescreen,LexisNexis Bridger,N,,,N,,N,,,,N,0,No Hit
SCR005600,C02180,2025-03-15,Ongoing Rescreen,Dow Jones Risk,N,,,N,,N,,,,N,0,No Hit
SCR005601,C02180,2025-09-11,Ongoing Rescreen,Dow Jones Risk,N,,,N,,N,,,,N,0,No Hit
SCR005602,C02181,2025-05-23,Initial,World-Check,N,,,N,,N,,,,N,0,No Hit
SCR005603,C02181,2025-11-19,Ongoing Rescreen,LexisNexis Bridger,N,,,N,,N,,,,N,0,No Hit
SCR005604,C02182,2024-11-22,Initial,LexisNexis Bridger,N,,,N,,N,,,,N,0,No Hit
SCR005605,C02182,2025-05-21,Ongoing Rescreen,World-Check,N,,,N,,N,,,,N,0,No Hit
SCR005606,C02182,2025-11-17,Ongoing Rescreen,Dow Jones Risk,N,,,N,,N,,,,N,0,No Hit
SCR005607,C02183,2024-06-09,Initial,World-Check,N,,,N,,N,,,,N,0,No Hit
SCR005608,C02183,2024-12-06,Ongoing Rescreen,Dow Jones Risk,N,,,N,,N,,,,N,0,No Hit
SCR005609,C02183,2025-06-04,Ongoing Rescreen,World-Check,N,,,N,,N,,,,N,0,No Hit
SCR005610,C02183,2025-12-01,Ongoing Rescreen,World-Check,N,,,N,,N,,,,N,0,No Hit
SCR005611,C02184,2025-04-10,Initial,World-Check,N,,,N,,N,,,,N,0,No Hit
SCR005612,C02184,2025-10-07,Ongoing Rescreen,Dow Jones Risk,N,,,N,,N,,,,N,0,No Hit
SCR005613,C02185,2024-05-23,Initial,Dow Jones Risk,N,,,N,,N,,,,N,0,No Hit
SCR005614,C02185,2024-11-19,Ongoing Rescreen,LexisNexis Bridger,N,,,N,,N,,,,N,0,No Hit
SCR005615,C02185,2025-05-18,Ongoing Rescreen,Dow Jones Risk,N,,,N,,N,,,,N,0,No Hit
SCR005616,C02185,2025-11-14,Ongoing Rescreen,World-Check,N,,,N,,N,,,,N,0,No Hit
SCR005617,C02186,2025-01-23,Initial,LexisNexis Bridger,N,,,N,,N,,,,N,0,No Hit
SCR005618,C02186,2025-07-22,Ongoing Rescreen,World-Check,N,,,N,,N,,,,N,0,No Hit
SCR005619,C02187,2025-04-30,Initial,LexisNexis Bridger,N,,,N,,N,,,,N,0,No Hit
SCR005620,C02187,2025-10-27,Ongoing Rescreen,Dow Jones Risk,N,,,N,,N,,,,N,0,No Hit
SCR005621,C02188,2025-08-16,Initial,Dow Jones Risk,N,,,N,,N,,,,N,0,No Hit
SCR005622,C02189,2025-05-22,Initial,Dow Jones Risk,N,,,N,,N,,,,N,0,No Hit
SCR005623,C02189,2025-11-18,Ongoing Rescreen,Dow Jones Risk,N,,,N,,N,,,,N,0,No Hit
SCR005624,C02190,2025-02-18,Initial,World-Check,N,,,N,,N,,,,N,0,No Hit
SCR005625,C02190,2025-08-17,Ongoing Rescreen,LexisNexis Bridger,N,,,N,,Y,Organised Crime,National News,N,Y,5,Cleared - False Positive
SCR005626,C02191,2024-01-25,Initial,World-Check,N,,,N,,N,,,,N,0,No Hit
SCR005627,C02191,2024-07-23,Ongoing Rescreen,Dow Jones Risk,N,,,N,,N,,,,N,0,No Hit
SCR005628,C02191,2025-01-19,Ongoing Rescreen,LexisNexis Bridger,N,,,N,,N,,,,N,0,No Hit
SCR005629,C02191,2025-07-18,Ongoing Rescreen,Dow Jones Risk,N,,,N,,N,,,,N,0,No Hit
SCR005630,C02192,2024-06-19,Initial,Dow Jones Risk,N,,,N,,N,,,,N,0,No Hit
SCR005631,C02192,2024-12-16,Ongoing Rescreen,World-Check,N,,,N,,N,,,,N,0,No Hit
SCR005632,C02192,2025-06-14,Ongoing Rescreen,LexisNexis Bridger,N,,,N,,N,,,,N,0,No Hit
SCR005633,C02192,2025-12-11,Ongoing Rescreen,World-Check,N,,,N,,N,,,,N,0,No Hit
SCR005634,C02193,2025-02-26,Initial,World-Check,N,,,N,,N,,,,N,0,No Hit
SCR005635,C02193,2025-08-25,Ongoing Rescreen,World-Check,N,,,N,,N,,,,N,0,No Hit
SCR005636,C02194,2025-01-27,Initial,World-Check,N,,,N,,N,,,,N,0,No Hit
SCR005637,C02194,2025-07-26,Ongoing Rescreen,LexisNexis Bridger,N,,,N,,N,,,,N,0,No Hit
SCR005638,C02195,2025-01-25,Initial,Dow Jones Risk,N,,,N,,N,,,,N,0,No Hit
SCR005639,C02195,2025-07-24,Ongoing Rescreen,World-Check,N,,,N,,N,,,,N,0,No Hit
SCR005640,C02196,2025-06-21,Initial,Dow Jones Risk,N,,,N,,N,,,,N,0,No Hit
SCR005641,C02196,2025-12-18,Ongoing Rescreen,World-Check,N,,,N,,N,,,,N,0,No Hit
SCR005642,C02197,2025-10-23,Initial,Dow Jones Risk,N,,,N,,N,,,,N,0,No Hit
SCR005643,C02198,2025-01-02,Initial,LexisNexis Bridger,N,,,N,,N,,,,N,0,No Hit
SCR005644,C02198,2025-07-01,Ongoing Rescreen,World-Check,N,,,N,,N,,,,N,0,No Hit
SCR005645,C02198,2025-12-28,Ongoing Rescreen,Dow Jones Risk,N,,,N,,N,,,,N,0,No Hit
SCR005646,C02199,2024-04-08,Initial,Dow Jones Risk,N,,,N,,Y,Bribery & Corruption,National News,N,Y,6,Cleared - False Positive
SCR005647,C02199,2024-10-05,Ongoing Rescreen,LexisNexis Bridger,N,,,N,,Y,Organised Crime,Online Blog,N,Y,3,Cleared - False Positive
SCR005648,C02199,2025-04-03,Ongoing Rescreen,Dow Jones Risk,N,,,N,,N,,,,N,0,No Hit
SCR005649,C02199,2025-09-30,Ongoing Rescreen,LexisNexis Bridger,N,,,N,,N,,,,N,0,No Hit
SCR005650,C02200,2024-11-19,Initial,World-Check,N,,,N,,Y,Bribery & Corruption,National News,N,Y,5,Cleared - False Positive
SCR005651,C02200,2025-05-18,Ongoing Rescreen,World-Check,N,,,N,,N,,,,Y,0,No Hit
SCR005652,C02200,2025-11-14,Ongoing Rescreen,LexisNexis Bridger,N,,,N,,N,,,,Y,0,No Hit
SCR005653,C02201,2024-07-03,Initial,LexisNexis Bridger,N,,,N,,N,,,,Y,0,No Hit
SCR005654,C02201,2024-12-30,Ongoing Rescreen,World-Check,N,,,N,,N,,,,Y,0,No Hit
SCR005655,C02201,2025-06-28,Ongoing Rescreen,LexisNexis Bridger,N,,,N,,N,,,,Y,0,No Hit
SCR005656,C02201,2025-12-25,Ongoing Rescreen,World-Check,N,,,N,,N,,,,Y,0,No Hit
SCR005657,C02202,2025-01-21,Initial,Dow Jones Risk,N,,,N,,N,,,,N,0,No Hit
SCR005658,C02202,2025-07-20,Ongoing Rescreen,World-Check,N,,,N,,N,,,,N,0,No Hit
SCR005659,C02203,2025-03-07,Initial,Dow Jones Risk,N,,,N,,N,,,,N,0,No Hit
SCR005660,C02203,2025-09-03,Ongoing Rescreen,Dow Jones Risk,N,,,N,,N,,,,N,0,No Hit
SCR005661,C02204,2025-02-04,Initial,World-Check,N,,,N,,N,,,,N,0,No Hit
SCR005662,C02204,2025-08-03,Ongoing Rescreen,Dow Jones Risk,N,,,N,,N,,,,N,0,No Hit
SCR005663,C02205,2025-03-01,Initial,Dow Jones Risk,N,,,N,,N,,,,N,0,No Hit
SCR005664,C02205,2025-08-28,Ongoing Rescreen,World-Check,N,,,N,,N,,,,N,0,No Hit
SCR005665,C02206,2024-08-15,Initial,World-Check,N,,,N,,N,,,,N,0,No Hit
SCR005666,C02206,2025-02-11,Ongoing Rescreen,World-Check,N,,,N,,N,,,,N,0,No Hit
SCR005667,C02206,2025-08-10,Ongoing Rescreen,Dow Jones Risk,N,,,N,,Y,Tax Evasion,Online Blog,N,Y,3,Cleared - False Positive
SCR005668,C02207,2024-05-09,Initial,World-Check,Y,UK HMT/OFSI,N,N,,N,,,,Y,10,Cleared - False Positive
SCR005669,C02207,2024-11-05,Ongoing Rescreen,LexisNexis Bridger,N,,,Y,Domestic PEP,N,,,,Y,5,Cleared - False Positive
SCR005670,C02207,2025-05-04,Ongoing Rescreen,World-Check,N,,,Y,Domestic PEP,N,,,,Y,3,Cleared - False Positive
SCR005671,C02207,2025-10-31,Ongoing Rescreen,LexisNexis Bridger,N,,,N,,N,,,,N,0,No Hit
SCR005672,C02208,2025-09-16,Initial,World-Check,N,,,N,,N,,,,N,0,No Hit
SCR005673,C02209,2024-10-20,Initial,Dow Jones Risk,N,,,N,,N,,,,N,0,No Hit
SCR005674,C02209,2025-04-18,Ongoing Rescreen,World-Check,N,,,N,,N,,,,N,0,No Hit
SCR005675,C02209,2025-10-15,Ongoing Rescreen,World-Check,N,,,N,,N,,,,N,0,No Hit
SCR005676,C02210,2024-05-31,Initial,Dow Jones Risk,N,,,N,,N,,,,Y,0,No Hit
SCR005677,C02210,2024-11-27,Ongoing Rescreen,LexisNexis Bridger,N,,,N,,N,,,,Y,0,No Hit
SCR005678,C02210,2025-05-26,Ongoing Rescreen,World-Check,N,,,N,,N,,,,Y,0,No Hit
SCR005679,C02210,2025-11-22,Ongoing Rescreen,World-Check,N,,,N,,N,,,,Y,0,No Hit
SCR005680,C02211,2025-12-28,Initial,World-Check,N,,,N,,N,,,,N,0,No Hit
SCR005681,C02212,2024-01-25,Initial,LexisNexis Bridger,N,,,N,,N,,,,N,0,No Hit
SCR005682,C02212,2024-07-23,Ongoing Rescreen,World-Check,N,,,N,,N,,,,N,0,No Hit
SCR005683,C02212,2025-01-19,Ongoing Rescreen,Dow Jones Risk,N,,,N,,N,,,,N,0,No Hit
SCR005684,C02212,2025-07-18,Ongoing Rescreen,LexisNexis Bridger,N,,,N,,N,,,,N,0,No Hit
SCR005685,C02213,2024-09-10,Initial,World-Check,N,,,N,,N,,,,N,0,No Hit
SCR005686,C02213,2025-03-09,Ongoing Rescreen,World-Check,N,,,N,,N,,,,N,0,No Hit
SCR005687,C02213,2025-09-05,Ongoing Rescreen,Dow Jones Risk,N,,,N,,N,,,,N,0,No Hit
SCR005688,C02214,2025-06-26,Initial,World-Check,N,,,N,,N,,,,N,0,No Hit
SCR005689,C02214,2025-12-23,Ongoing Rescreen,Dow Jones Risk,N,,,N,,N,,,,N,0,No Hit
SCR005690,C02215,2024-10-27,Initial,LexisNexis Bridger,N,,,N,,N,,,,N,0,No Hit
SCR005691,C02215,2025-04-25,Ongoing Rescreen,LexisNexis Bridger,N,,,N,,N,,,,N,0,No Hit
SCR005692,C02215,2025-10-22,Ongoing Rescreen,Dow Jones Risk,N,,,N,,N,,,,N,0,No Hit
SCR005693,C02216,2025-09-07,Initial,World-Check,N,,,N,,N,,,,N,0,No Hit
SCR005694,C02217,2024-09-19,Initial,World-Check,N,,,N,,N,,,,N,0,No Hit
SCR005695,C02217,2025-03-18,Ongoing Rescreen,World-Check,N,,,N,,N,,,,N,0,No Hit
SCR005696,C02217,2025-09-14,Ongoing Rescreen,World-Check,N,,,N,,N,,,,N,0,No Hit
SCR005697,C02218,2025-04-14,Initial,Dow Jones Risk,N,,,N,,N,,,,N,0,No Hit
SCR005698,C02218,2025-10-11,Ongoing Rescreen,LexisNexis Bridger,N,,,N,,N,,,,N,0,No Hit
SCR005699,C02219,2024-11-08,Initial,LexisNexis Bridger,N,,,N,,N,,,,N,0,No Hit
SCR005700,C02219,2025-05-07,Ongoing Rescreen,Dow Jones Risk,N,,,N,,N,,,,N,0,No Hit
SCR005701,C02219,2025-11-03,Ongoing Rescreen,World-Check,N,,,N,,N,,,,N,0,No Hit
SCR005702,C02220,2024-12-08,Initial,World-Check,N,,,N,,N,,,,N,0,No Hit
SCR005703,C02220,2025-06-06,Ongoing Rescreen,LexisNexis Bridger,N,,,N,,N,,,,N,0,No Hit
SCR005704,C02220,2025-12-03,Ongoing Rescreen,Dow Jones Risk,N,,,N,,N,,,,N,0,No Hit
SCR005705,C02221,2024-12-29,Initial,Dow Jones Risk,N,,,N,,N,,,,N,0,No Hit
SCR005706,C02221,2025-06-27,Ongoing Rescreen,LexisNexis Bridger,N,,,N,,N,,,,N,0,No Hit
SCR005707,C02221,2025-12-24,Ongoing Rescreen,Dow Jones Risk,N,,,N,,N,,,,N,0,No Hit
SCR005708,C02222,2025-12-13,Initial,LexisNexis Bridger,N,,,N,,N,,,,N,0,No Hit
SCR005709,C02223,2025-07-09,Initial,LexisNexis Bridger,N,,,N,,N,,,,N,0,No Hit
SCR005710,C02224,2024-09-28,Initial,World-Check,N,,,Y,Domestic PEP,N,,,,Y,5,Cleared - False Positive
SCR005711,C02224,2025-03-27,Ongoing Rescreen,Dow Jones Risk,N,,,N,,N,,,,N,0,No Hit
SCR005712,C02224,2025-09-23,Ongoing Rescreen,LexisNexis Bridger,N,,,N,,N,,,,N,0,No Hit
SCR005713,C02225,2024-10-31,Initial,LexisNexis Bridger,N,,,N,,N,,,,N,0,No Hit
SCR005714,C02225,2025-04-29,Ongoing Rescreen,LexisNexis Bridger,N,,,N,,N,,,,N,0,No Hit
SCR005715,C02225,2025-10-26,Ongoing Rescreen,World-Check,N,,,N,,N,,,,N,0,No Hit
SCR005716,C02226,2024-10-23,Initial,LexisNexis Bridger,N,,,N,,N,,,,N,0,No Hit
SCR005717,C02226,2025-04-21,Ongoing Rescreen,World-Check,N,,,N,,N,,,,N,0,No Hit
SCR005718,C02226,2025-10-18,Ongoing Rescreen,Dow Jones Risk,N,,,N,,N,,,,N,0,No Hit
SCR005719,C02227,2025-06-22,Initial,World-Check,N,,,N,,N,,,,N,0,No Hit
SCR005720,C02227,2025-12-19,Ongoing Rescreen,World-Check,N,,,N,,N,,,,N,0,No Hit
SCR005721,C02228,2025-03-08,Initial,World-Check,N,,,N,,N,,,,N,0,No Hit
SCR005722,C02228,2025-09-04,Ongoing Rescreen,Dow Jones Risk,N,,,N,,N,,,,N,0,No Hit
SCR005723,C02229,2025-01-25,Initial,Dow Jones Risk,N,,,N,,N,,,,N,0,No Hit
SCR005724,C02229,2025-07-24,Ongoing Rescreen,LexisNexis Bridger,N,,,N,,N,,,,N,0,No Hit
SCR005725,C02230,2024-11-10,Initial,World-Check,N,,,N,,N,,,,N,0,No Hit
SCR005726,C02230,2025-05-09,Ongoing Rescreen,World-Check,N,,,N,,N,,,,N,0,No Hit
SCR005727,C02230,2025-11-05,Ongoing Rescreen,LexisNexis Bridger,N,,,N,,N,,,,N,0,No Hit
SCR005728,C02231,2024-10-18,Initial,Dow Jones Risk,N,,,N,,N,,,,N,0,No Hit
SCR005729,C02231,2025-04-16,Ongoing Rescreen,World-Check,N,,,N,,N,,,,N,0,No Hit
SCR005730,C02231,2025-10-13,Ongoing Rescreen,World-Check,N,,,N,,N,,,,N,0,No Hit
SCR005731,C02232,2025-02-09,Initial,World-Check,N,,,N,,N,,,,N,0,No Hit
SCR005732,C02232,2025-08-08,Ongoing Rescreen,LexisNexis Bridger,N,,,N,,N,,,,N,0,No Hit
SCR005733,C02233,2025-08-30,Initial,World-Check,N,,,N,,N,,,,N,0,No Hit
SCR005734,C02234,2025-12-07,Initial,Dow Jones Risk,N,,,N,,N,,,,N,0,No Hit
SCR005735,C02235,2024-02-14,Initial,World-Check,N,,,N,,N,,,,N,0,No Hit
SCR005736,C02235,2024-08-12,Ongoing Rescreen,Dow Jones Risk,N,,,N,,N,,,,N,0,No Hit
SCR005737,C02235,2025-02-08,Ongoing Rescreen,LexisNexis Bridger,N,,,N,,N,,,,N,0,No Hit
SCR005738,C02235,2025-08-07,Ongoing Rescreen,Dow Jones Risk,N,,,N,,N,,,,N,0,No Hit
SCR005739,C02236,2024-06-22,Initial,LexisNexis Bridger,N,,,N,,N,,,,N,0,No Hit
SCR005740,C02236,2024-12-19,Ongoing Rescreen,Dow Jones Risk,N,,,N,,N,,,,N,0,No Hit
SCR005741,C02236,2025-06-17,Ongoing Rescreen,World-Check,N,,,N,,N,,,,N,0,No Hit
SCR005742,C02236,2025-12-14,Ongoing Rescreen,World-Check,N,,,N,,N,,,,N,0,No Hit
SCR005743,C02237,2025-05-15,Initial,World-Check,Y,EU Consolidated,N,Y,Foreign PEP,N,,,,Y,21,Cleared - False Positive
SCR005744,C02237,2025-11-11,Ongoing Rescreen,LexisNexis Bridger,N,,,N,,N,,,,Y,0,No Hit
SCR005745,C02238,2024-04-18,Initial,World-Check,N,,,N,,N,,,,N,0,No Hit
SCR005746,C02238,2024-10-15,Ongoing Rescreen,LexisNexis Bridger,N,,,N,,N,,,,N,0,No Hit
SCR005747,C02238,2025-04-13,Ongoing Rescreen,Dow Jones Risk,N,,,N,,N,,,,N,0,No Hit
SCR005748,C02238,2025-10-10,Ongoing Rescreen,Dow Jones Risk,N,,,N,,N,,,,N,0,No Hit
SCR005749,C02239,2025-03-22,Initial,World-Check,N,,,N,,N,,,,N,0,No Hit
SCR005750,C02239,2025-09-18,Ongoing Rescreen,World-Check,N,,,N,,N,,,,N,0,No Hit
SCR005751,C02240,2024-11-05,Initial,LexisNexis Bridger,N,,,N,,N,,,,N,0,No Hit
SCR005752,C02240,2025-05-04,Ongoing Rescreen,LexisNexis Bridger,N,,,N,,N,,,,N,0,No Hit
SCR005753,C02240,2025-10-31,Ongoing Rescreen,LexisNexis Bridger,N,,,N,,N,,,,N,0,No Hit
SCR005754,C02241,2024-05-19,Initial,Dow Jones Risk,N,,,N,,N,,,,N,0,No Hit
SCR005755,C02241,2024-11-15,Ongoing Rescreen,World-Check,N,,,N,,N,,,,N,0,No Hit
SCR005756,C02241,2025-05-14,Ongoing Rescreen,Dow Jones Risk,N,,,N,,N,,,,N,0,No Hit
SCR005757,C02241,2025-11-10,Ongoing Rescreen,LexisNexis Bridger,N,,,N,,N,,,,N,0,No Hit
SCR005758,C02242,2025-01-03,Initial,Dow Jones Risk,N,,,N,,N,,,,N,0,No Hit
SCR005759,C02242,2025-07-02,Ongoing Rescreen,World-Check,N,,,N,,N,,,,N,0,No Hit
SCR005760,C02242,2025-12-29,Ongoing Rescreen,LexisNexis Bridger,N,,,N,,N,,,,N,0,No Hit
SCR005761,C02243,2025-01-07,Initial,LexisNexis Bridger,N,,,N,,N,,,,N,0,No Hit
SCR005762,C02243,2025-07-06,Ongoing Rescreen,LexisNexis Bridger,N,,,N,,N,,,,N,0,No Hit
SCR005763,C02244,2025-06-05,Initial,World-Check,N,,,N,,N,,,,N,0,No Hit
SCR005764,C02244,2025-12-02,Ongoing Rescreen,World-Check,N,,,N,,N,,,,N,0,No Hit
SCR005765,C02245,2025-08-26,Initial,World-Check,N,,,N,,N,,,,N,0,No Hit
SCR005766,C02246,2025-11-29,Initial,World-Check,N,,,N,,N,,,,N,0,No Hit
SCR005767,C02247,2024-11-16,Initial,Dow Jones Risk,N,,,N,,N,,,,N,0,No Hit
SCR005768,C02247,2025-05-15,Ongoing Rescreen,World-Check,N,,,N,,N,,,,N,0,No Hit
SCR005769,C02247,2025-11-11,Ongoing Rescreen,World-Check,N,,,N,,N,,,,N,0,No Hit
SCR005770,C02248,2025-05-18,Initial,LexisNexis Bridger,N,,,N,,N,,,,Y,0,No Hit
SCR005771,C02248,2025-11-14,Ongoing Rescreen,World-Check,N,,,N,,N,,,,Y,0,No Hit
SCR005772,C02249,2025-07-29,Initial,Dow Jones Risk,Y,UN Consolidated,N,N,,N,,,,Y,2,Cleared - False Positive
SCR005773,C02250,2025-12-22,Initial,World-Check,N,,,N,,N,,,,N,0,No Hit
SCR005774,C02251,2025-04-20,Initial,LexisNexis Bridger,N,,,N,,N,,,,N,0,No Hit
SCR005775,C02251,2025-10-17,Ongoing Rescreen,Dow Jones Risk,N,,,N,,N,,,,N,0,No Hit
SCR005776,C02252,2024-06-29,Initial,Dow Jones Risk,N,,,N,,N,,,,N,0,No Hit
SCR005777,C02252,2024-12-26,Ongoing Rescreen,Dow Jones Risk,N,,,N,,N,,,,N,0,No Hit
SCR005778,C02252,2025-06-24,Ongoing Rescreen,Dow Jones Risk,N,,,N,,N,,,,N,0,No Hit
SCR005779,C02252,2025-12-21,Ongoing Rescreen,LexisNexis Bridger,N,,,N,,N,,,,N,0,No Hit
SCR005780,C02253,2024-09-06,Initial,LexisNexis Bridger,N,,,N,,N,,,,N,0,No Hit
SCR005781,C02253,2025-03-05,Ongoing Rescreen,Dow Jones Risk,N,,,N,,N,,,,N,0,No Hit
SCR005782,C02253,2025-09-01,Ongoing Rescreen,LexisNexis Bridger,N,,,N,,N,,,,N,0,No Hit
SCR005783,C02254,2024-06-01,Initial,World-Check,N,,,N,,N,,,,N,0,No Hit
SCR005784,C02254,2024-11-28,Ongoing Rescreen,LexisNexis Bridger,N,,,N,,N,,,,N,0,No Hit
SCR005785,C02254,2025-05-27,Ongoing Rescreen,World-Check,N,,,N,,N,,,,N,0,No Hit
SCR005786,C02254,2025-11-23,Ongoing Rescreen,World-Check,N,,,Y,Close Associate,N,,,,Y,4,Cleared - False Positive
SCR005787,C02255,2024-05-24,Initial,Dow Jones Risk,N,,,N,,N,,,,N,0,No Hit
SCR005788,C02255,2024-11-20,Ongoing Rescreen,Dow Jones Risk,N,,,N,,N,,,,N,0,No Hit
SCR005789,C02255,2025-05-19,Ongoing Rescreen,LexisNexis Bridger,Y,EU Consolidated,N,N,,N,,,,Y,6,Cleared - False Positive
SCR005790,C02255,2025-11-15,Ongoing Rescreen,LexisNexis Bridger,N,,,N,,N,,,,N,0,No Hit
SCR005791,C02256,2024-08-12,Initial,LexisNexis Bridger,N,,,Y,Foreign PEP,N,,,,Y,6,Cleared - False Positive
SCR005792,C02256,2025-02-08,Ongoing Rescreen,LexisNexis Bridger,N,,,Y,Family Member,N,,,,Y,9,Cleared - False Positive
SCR005793,C02256,2025-08-07,Ongoing Rescreen,World-Check,N,,,Y,Family Member,N,,,,Y,8,Cleared - False Positive
SCR005794,C02257,2024-12-30,Initial,World-Check,N,,,N,,N,,,,N,0,No Hit
SCR005795,C02257,2025-06-28,Ongoing Rescreen,LexisNexis Bridger,N,,,N,,N,,,,N,0,No Hit
SCR005796,C02257,2025-12-25,Ongoing Rescreen,Dow Jones Risk,N,,,N,,N,,,,N,0,No Hit
SCR005797,C02258,2025-07-29,Initial,LexisNexis Bridger,N,,,N,,N,,,,N,0,No Hit
SCR005798,C02259,2024-07-31,Initial,World-Check,N,,,N,,N,,,,N,0,No Hit
SCR005799,C02259,2025-01-27,Ongoing Rescreen,LexisNexis Bridger,N,,,N,,N,,,,N,0,No Hit
SCR005800,C02259,2025-07-26,Ongoing Rescreen,Dow Jones Risk,N,,,N,,N,,,,N,0,No Hit
SCR005801,C02260,2024-05-16,Initial,Dow Jones Risk,N,,,N,,N,,,,N,0,No Hit
SCR005802,C02260,2024-11-12,Ongoing Rescreen,World-Check,N,,,N,,N,,,,N,0,No Hit
SCR005803,C02260,2025-05-11,Ongoing Rescreen,Dow Jones Risk,N,,,N,,N,,,,N,0,No Hit
SCR005804,C02260,2025-11-07,Ongoing Rescreen,Dow Jones Risk,N,,,N,,N,,,,N,0,No Hit
SCR005805,C02261,2024-04-02,Initial,Dow Jones Risk,N,,,N,,N,,,,N,0,No Hit
SCR005806,C02261,2024-09-29,Ongoing Rescreen,World-Check,N,,,N,,N,,,,N,0,No Hit
SCR005807,C02261,2025-03-28,Ongoing Rescreen,LexisNexis Bridger,N,,,N,,N,,,,N,0,No Hit
SCR005808,C02261,2025-09-24,Ongoing Rescreen,Dow Jones Risk,N,,,N,,N,,,,N,0,No Hit
SCR005809,C02262,2024-05-23,Initial,LexisNexis Bridger,N,,,N,,N,,,,N,0,No Hit
SCR005810,C02262,2024-11-19,Ongoing Rescreen,Dow Jones Risk,N,,,N,,N,,,,N,0,No Hit
SCR005811,C02262,2025-05-18,Ongoing Rescreen,Dow Jones Risk,N,,,N,,N,,,,N,0,No Hit
SCR005812,C02262,2025-11-14,Ongoing Rescreen,Dow Jones Risk,N,,,N,,N,,,,N,0,No Hit
SCR005813,C02263,2024-11-12,Initial,World-Check,N,,,N,,N,,,,N,0,No Hit
SCR005814,C02263,2025-05-11,Ongoing Rescreen,World-Check,N,,,N,,N,,,,N,0,No Hit
SCR005815,C02263,2025-11-07,Ongoing Rescreen,LexisNexis Bridger,N,,,N,,N,,,,N,0,No Hit
SCR005816,C02264,2024-10-27,Initial,World-Check,N,,,N,,N,,,,N,0,No Hit
SCR005817,C02264,2025-04-25,Ongoing Rescreen,Dow Jones Risk,N,,,N,,N,,,,N,0,No Hit
SCR005818,C02264,2025-10-22,Ongoing Rescreen,World-Check,N,,,N,,N,,,,N,0,No Hit
SCR005819,C02265,2024-10-18,Initial,LexisNexis Bridger,N,,,N,,N,,,,N,0,No Hit
SCR005820,C02265,2025-04-16,Ongoing Rescreen,LexisNexis Bridger,N,,,N,,N,,,,N,0,No Hit
SCR005821,C02265,2025-10-13,Ongoing Rescreen,Dow Jones Risk,N,,,N,,N,,,,N,0,No Hit
SCR005822,C02266,2024-08-20,Initial,LexisNexis Bridger,N,,,N,,N,,,,N,0,No Hit
SCR005823,C02266,2025-02-16,Ongoing Rescreen,World-Check,N,,,N,,N,,,,N,0,No Hit
SCR005824,C02266,2025-08-15,Ongoing Rescreen,World-Check,N,,,N,,N,,,,N,0,No Hit
SCR005825,C02267,2024-11-27,Initial,World-Check,N,,,Y,Family Member,N,,,,Y,7,Cleared - False Positive
SCR005826,C02267,2025-05-26,Ongoing Rescreen,LexisNexis Bridger,N,,,N,,N,,,,N,0,No Hit
SCR005827,C02267,2025-11-22,Ongoing Rescreen,World-Check,N,,,N,,N,,,,N,0,No Hit
SCR005828,C02268,2025-04-17,Initial,LexisNexis Bridger,N,,,N,,N,,,,N,0,No Hit
SCR005829,C02268,2025-10-14,Ongoing Rescreen,Dow Jones Risk,N,,,N,,N,,,,N,0,No Hit
SCR005830,C02269,2024-02-02,Initial,LexisNexis Bridger,N,,,N,,N,,,,N,0,No Hit
SCR005831,C02269,2024-07-31,Ongoing Rescreen,World-Check,N,,,N,,N,,,,N,0,No Hit
SCR005832,C02269,2025-01-27,Ongoing Rescreen,LexisNexis Bridger,N,,,N,,N,,,,N,0,No Hit
SCR005833,C02269,2025-07-26,Ongoing Rescreen,World-Check,N,,,N,,N,,,,N,0,No Hit
SCR005834,C02270,2025-10-12,Initial,Dow Jones Risk,Y,UK HMT/OFSI,N,N,,N,,,,Y,2,Cleared - False Positive
SCR005835,C02271,2024-08-11,Initial,LexisNexis Bridger,N,,,N,,N,,,,N,0,No Hit
SCR005836,C02271,2025-02-07,Ongoing Rescreen,Dow Jones Risk,N,,,N,,N,,,,N,0,No Hit
SCR005837,C02271,2025-08-06,Ongoing Rescreen,Dow Jones Risk,N,,,N,,N,,,,N,0,No Hit
SCR005838,C02272,2024-04-11,Initial,World-Check,N,,,N,,N,,,,N,0,No Hit
SCR005839,C02272,2024-10-08,Ongoing Rescreen,World-Check,N,,,N,,Y,Bribery & Corruption,National News,N,Y,3,Cleared - False Positive
SCR005840,C02272,2025-04-06,Ongoing Rescreen,Dow Jones Risk,N,,,N,,N,,,,N,0,No Hit
SCR005841,C02272,2025-10-03,Ongoing Rescreen,LexisNexis Bridger,N,,,N,,N,,,,N,0,No Hit
SCR005842,C02273,2024-05-07,Initial,World-Check,N,,,N,,N,,,,N,0,No Hit
SCR005843,C02273,2024-11-03,Ongoing Rescreen,LexisNexis Bridger,N,,,N,,N,,,,N,0,No Hit
SCR005844,C02273,2025-05-02,Ongoing Rescreen,LexisNexis Bridger,N,,,N,,N,,,,N,0,No Hit
SCR005845,C02273,2025-10-29,Ongoing Rescreen,LexisNexis Bridger,Y,EU Consolidated,N,N,,N,,,,Y,3,Cleared - False Positive
SCR005846,C02274,2025-02-03,Initial,Dow Jones Risk,N,,,N,,N,,,,N,0,No Hit
SCR005847,C02274,2025-08-02,Ongoing Rescreen,LexisNexis Bridger,N,,,N,,N,,,,N,0,No Hit
SCR005848,C02275,2025-01-15,Initial,Dow Jones Risk,N,,,Y,Domestic PEP,N,,,,Y,6,Cleared - False Positive
SCR005849,C02275,2025-07-14,Ongoing Rescreen,Dow Jones Risk,N,,,N,,N,,,,N,0,No Hit
SCR005850,C02276,2024-03-05,Initial,LexisNexis Bridger,N,,,N,,N,,,,N,0,No Hit
SCR005851,C02276,2024-09-01,Ongoing Rescreen,World-Check,N,,,N,,N,,,,N,0,No Hit
SCR005852,C02276,2025-02-28,Ongoing Rescreen,Dow Jones Risk,N,,,N,,Y,Fraud,Regional News,N,Y,3,Cleared - False Positive
SCR005853,C02276,2025-08-27,Ongoing Rescreen,World-Check,N,,,N,,N,,,,N,0,No Hit
SCR005854,C02277,2024-12-30,Initial,World-Check,N,,,N,,N,,,,N,0,No Hit
SCR005855,C02277,2025-06-28,Ongoing Rescreen,LexisNexis Bridger,N,,,N,,N,,,,N,0,No Hit
SCR005856,C02277,2025-12-25,Ongoing Rescreen,Dow Jones Risk,N,,,N,,N,,,,N,0,No Hit
SCR005857,C02278,2024-06-10,Initial,Dow Jones Risk,N,,,N,,N,,,,N,0,No Hit
SCR005858,C02278,2024-12-07,Ongoing Rescreen,Dow Jones Risk,N,,,N,,N,,,,N,0,No Hit
SCR005859,C02278,2025-06-05,Ongoing Rescreen,Dow Jones Risk,N,,,N,,N,,,,N,0,No Hit
SCR005860,C02278,2025-12-02,Ongoing Rescreen,Dow Jones Risk,N,,,N,,N,,,,N,0,No Hit
SCR005861,C02279,2025-10-28,Initial,LexisNexis Bridger,N,,,N,,N,,,,N,0,No Hit
SCR005862,C02280,2024-08-13,Initial,Dow Jones Risk,N,,,N,,Y,Tax Evasion,Regulator Notice,N,Y,4,Cleared - False Positive
SCR005863,C02280,2025-02-09,Ongoing Rescreen,Dow Jones Risk,N,,,N,,N,,,,N,0,No Hit
SCR005864,C02280,2025-08-08,Ongoing Rescreen,Dow Jones Risk,N,,,N,,N,,,,N,0,No Hit
SCR005865,C02281,2025-12-31,Initial,World-Check,N,,,N,,Y,Bribery & Corruption,Online Blog,N,Y,1,Cleared - False Positive
SCR005866,C02282,2025-02-27,Initial,World-Check,N,,,N,,N,,,,N,0,No Hit
SCR005867,C02282,2025-08-26,Ongoing Rescreen,LexisNexis Bridger,N,,,N,,N,,,,N,0,No Hit
SCR005868,C02283,2025-12-05,Initial,Dow Jones Risk,N,,,N,,N,,,,N,0,No Hit
SCR005869,C02284,2025-02-09,Initial,World-Check,N,,,Y,Foreign PEP,N,,,,Y,21,Cleared - False Positive
SCR005870,C02284,2025-08-08,Ongoing Rescreen,LexisNexis Bridger,N,,,Y,Domestic PEP,N,,,,Y,8,Cleared - False Positive
SCR005871,C02285,2024-04-02,Initial,World-Check,N,,,N,,N,,,,N,0,No Hit
SCR005872,C02285,2024-09-29,Ongoing Rescreen,Dow Jones Risk,N,,,N,,N,,,,N,0,No Hit
SCR005873,C02285,2025-03-28,Ongoing Rescreen,Dow Jones Risk,N,,,N,,N,,,,N,0,No Hit
SCR005874,C02285,2025-09-24,Ongoing Rescreen,LexisNexis Bridger,N,,,N,,N,,,,N,0,No Hit
SCR005875,C02286,2025-04-15,Initial,LexisNexis Bridger,N,,,Y,Domestic PEP,Y,Bribery & Corruption,Online Blog,N,Y,1,Cleared - False Positive
SCR005876,C02286,2025-10-12,Ongoing Rescreen,World-Check,N,,,Y,Domestic PEP,N,,,,Y,4,Cleared - False Positive
SCR005877,C02287,2024-12-15,Initial,Dow Jones Risk,N,,,N,,N,,,,N,0,No Hit
SCR005878,C02287,2025-06-13,Ongoing Rescreen,Dow Jones Risk,N,,,N,,N,,,,N,0,No Hit
SCR005879,C02287,2025-12-10,Ongoing Rescreen,World-Check,N,,,N,,N,,,,N,0,No Hit
SCR005880,C02288,2025-08-21,Initial,Dow Jones Risk,N,,,N,,N,,,,N,0,No Hit
SCR005881,C02289,2024-10-13,Initial,Dow Jones Risk,N,,,N,,N,,,,Y,0,No Hit
SCR005882,C02289,2025-04-11,Ongoing Rescreen,World-Check,N,,,N,,N,,,,Y,0,No Hit
SCR005883,C02289,2025-10-08,Ongoing Rescreen,Dow Jones Risk,N,,,N,,N,,,,Y,0,No Hit
SCR005884,C02290,2024-05-16,Initial,World-Check,N,,,N,,N,,,,N,0,No Hit
SCR005885,C02290,2024-11-12,Ongoing Rescreen,World-Check,N,,,N,,N,,,,N,0,No Hit
SCR005886,C02290,2025-05-11,Ongoing Rescreen,Dow Jones Risk,N,,,N,,N,,,,N,0,No Hit
SCR005887,C02290,2025-11-07,Ongoing Rescreen,LexisNexis Bridger,N,,,N,,N,,,,N,0,No Hit
SCR005888,C02291,2024-03-24,Initial,World-Check,N,,,N,,N,,,,N,0,No Hit
SCR005889,C02291,2024-09-20,Ongoing Rescreen,World-Check,N,,,N,,N,,,,N,0,No Hit
SCR005890,C02291,2025-03-19,Ongoing Rescreen,Dow Jones Risk,N,,,N,,N,,,,N,0,No Hit
SCR005891,C02291,2025-09-15,Ongoing Rescreen,LexisNexis Bridger,N,,,N,,N,,,,N,0,No Hit
SCR005892,C02292,2025-06-27,Initial,Dow Jones Risk,N,,,N,,N,,,,Y,0,No Hit
SCR005893,C02292,2025-12-24,Ongoing Rescreen,Dow Jones Risk,N,,,N,,Y,Fraud,Court Records,N,Y,17,Cleared - False Positive
SCR005894,C02293,2024-06-19,Initial,World-Check,N,,,N,,N,,,,N,0,No Hit
SCR005895,C02293,2024-12-16,Ongoing Rescreen,LexisNexis Bridger,N,,,N,,N,,,,N,0,No Hit
SCR005896,C02293,2025-06-14,Ongoing Rescreen,LexisNexis Bridger,N,,,N,,N,,,,N,0,No Hit
SCR005897,C02293,2025-12-11,Ongoing Rescreen,World-Check,Y,EU Consolidated,N,N,,N,,,,Y,9,Cleared - False Positive
SCR005898,C02294,2025-05-02,Initial,LexisNexis Bridger,N,,,N,,N,,,,N,0,No Hit
SCR005899,C02294,2025-10-29,Ongoing Rescreen,Dow Jones Risk,N,,,N,,N,,,,N,0,No Hit
SCR005900,C02295,2024-04-08,Initial,Dow Jones Risk,N,,,N,,N,,,,N,0,No Hit
SCR005901,C02295,2024-10-05,Ongoing Rescreen,Dow Jones Risk,N,,,N,,N,,,,N,0,No Hit
SCR005902,C02295,2025-04-03,Ongoing Rescreen,World-Check,N,,,N,,N,,,,N,0,No Hit
SCR005903,C02295,2025-09-30,Ongoing Rescreen,Dow Jones Risk,N,,,N,,N,,,,N,0,No Hit
SCR005904,C02296,2024-02-28,Initial,LexisNexis Bridger,N,,,N,,N,,,,N,0,No Hit
SCR005905,C02296,2024-08-26,Ongoing Rescreen,World-Check,N,,,N,,N,,,,N,0,No Hit
SCR005906,C02296,2025-02-22,Ongoing Rescreen,LexisNexis Bridger,N,,,N,,N,,,,N,0,No Hit
SCR005907,C02296,2025-08-21,Ongoing Rescreen,LexisNexis Bridger,N,,,N,,N,,,,N,0,No Hit
SCR005908,C02297,2025-06-03,Initial,LexisNexis Bridger,N,,,N,,N,,,,N,0,No Hit
SCR005909,C02297,2025-11-30,Ongoing Rescreen,Dow Jones Risk,N,,,N,,N,,,,N,0,No Hit
SCR005910,C02298,2024-09-08,Initial,Dow Jones Risk,N,,,N,,N,,,,N,0,No Hit
SCR005911,C02298,2025-03-07,Ongoing Rescreen,LexisNexis Bridger,N,,,N,,N,,,,N,0,No Hit
SCR005912,C02298,2025-09-03,Ongoing Rescreen,Dow Jones Risk,N,,,N,,N,,,,N,0,No Hit
SCR005913,C02299,2025-02-18,Initial,Dow Jones Risk,N,,,Y,Domestic PEP,N,,,,Y,2,Cleared - False Positive
SCR005914,C02299,2025-08-17,Ongoing Rescreen,Dow Jones Risk,N,,,Y,Foreign PEP,Y,Organised Crime,Online Blog,N,Y,8,Cleared - False Positive
SCR005915,C02300,2024-01-21,Initial,LexisNexis Bridger,N,,,N,,N,,,,N,0,No Hit
SCR005916,C02300,2024-07-19,Ongoing Rescreen,LexisNexis Bridger,N,,,N,,N,,,,N,0,No Hit
SCR005917,C02300,2025-01-15,Ongoing Rescreen,World-Check,N,,,N,,N,,,,N,0,No Hit
SCR005918,C02300,2025-07-14,Ongoing Rescreen,Dow Jones Risk,N,,,N,,N,,,,N,0,No Hit
SCR005919,C02301,2024-05-17,Initial,Dow Jones Risk,N,,,N,,N,,,,N,0,No Hit
SCR005920,C02301,2024-11-13,Ongoing Rescreen,LexisNexis Bridger,N,,,N,,N,,,,N,0,No Hit
SCR005921,C02301,2025-05-12,Ongoing Rescreen,LexisNexis Bridger,N,,,N,,N,,,,N,0,No Hit
SCR005922,C02301,2025-11-08,Ongoing Rescreen,LexisNexis Bridger,N,,,N,,N,,,,N,0,No Hit
SCR005923,C02302,2024-03-06,Initial,Dow Jones Risk,N,,,N,,N,,,,Y,0,No Hit
SCR005924,C02302,2024-09-02,Ongoing Rescreen,Dow Jones Risk,N,,,N,,N,,,,Y,0,No Hit
SCR005925,C02302,2025-03-01,Ongoing Rescreen,Dow Jones Risk,N,,,N,,N,,,,Y,0,No Hit
SCR005926,C02302,2025-08-28,Ongoing Rescreen,World-Check,N,,,N,,N,,,,Y,0,No Hit
SCR005927,C02303,2024-07-23,Initial,Dow Jones Risk,N,,,N,,N,,,,N,0,No Hit
SCR005928,C02303,2025-01-19,Ongoing Rescreen,Dow Jones Risk,N,,,N,,N,,,,N,0,No Hit
SCR005929,C02303,2025-07-18,Ongoing Rescreen,LexisNexis Bridger,N,,,N,,N,,,,N,0,No Hit
SCR005930,C02304,2024-07-26,Initial,Dow Jones Risk,N,,,N,,N,,,,N,0,No Hit
SCR005931,C02304,2025-01-22,Ongoing Rescreen,LexisNexis Bridger,N,,,N,,N,,,,N,0,No Hit
SCR005932,C02304,2025-07-21,Ongoing Rescreen,LexisNexis Bridger,Y,OFAC SDN,N,N,,N,,,,Y,6,Cleared - False Positive
SCR005933,C02305,2024-09-30,Initial,Dow Jones Risk,N,,,N,,N,,,,N,0,No Hit
SCR005934,C02305,2025-03-29,Ongoing Rescreen,World-Check,N,,,N,,N,,,,N,0,No Hit
SCR005935,C02305,2025-09-25,Ongoing Rescreen,Dow Jones Risk,N,,,N,,N,,,,N,0,No Hit
SCR005936,C02306,2024-06-26,Initial,LexisNexis Bridger,N,,,N,,N,,,,N,0,No Hit
SCR005937,C02306,2024-12-23,Ongoing Rescreen,World-Check,N,,,N,,N,,,,N,0,No Hit
SCR005938,C02306,2025-06-21,Ongoing Rescreen,Dow Jones Risk,N,,,N,,N,,,,N,0,No Hit
SCR005939,C02306,2025-12-18,Ongoing Rescreen,World-Check,N,,,N,,N,,,,N,0,No Hit
SCR005940,C02307,2024-11-29,Initial,World-Check,N,,,N,,N,,,,N,0,No Hit
SCR005941,C02307,2025-05-28,Ongoing Rescreen,LexisNexis Bridger,N,,,N,,N,,,,N,0,No Hit
SCR005942,C02307,2025-11-24,Ongoing Rescreen,World-Check,N,,,N,,N,,,,N,0,No Hit
SCR005943,C02308,2025-10-20,Initial,Dow Jones Risk,N,,,N,,N,,,,N,0,No Hit
SCR005944,C02309,2024-03-03,Initial,LexisNexis Bridger,N,,,N,,N,,,,N,0,No Hit
SCR005945,C02309,2024-08-30,Ongoing Rescreen,World-Check,N,,,N,,N,,,,N,0,No Hit
SCR005946,C02309,2025-02-26,Ongoing Rescreen,LexisNexis Bridger,N,,,N,,N,,,,N,0,No Hit
SCR005947,C02309,2025-08-25,Ongoing Rescreen,Dow Jones Risk,N,,,N,,N,,,,N,0,No Hit
SCR005948,C02310,2025-10-15,Initial,World-Check,N,,,N,,N,,,,N,0,No Hit
SCR005949,C02311,2024-10-28,Initial,Dow Jones Risk,N,,,N,,N,,,,N,0,No Hit
SCR005950,C02311,2025-04-26,Ongoing Rescreen,Dow Jones Risk,N,,,N,,N,,,,N,0,No Hit
SCR005951,C02311,2025-10-23,Ongoing Rescreen,LexisNexis Bridger,N,,,N,,N,,,,N,0,No Hit
SCR005952,C02312,2025-02-26,Initial,LexisNexis Bridger,N,,,N,,N,,,,N,0,No Hit
SCR005953,C02312,2025-08-25,Ongoing Rescreen,Dow Jones Risk,N,,,Y,Domestic PEP,N,,,,Y,2,Cleared - False Positive
SCR005954,C02313,2025-05-06,Initial,Dow Jones Risk,N,,,N,,Y,Regulatory Fine,Regional News,N,Y,5,Cleared - False Positive
SCR005955,C02313,2025-11-02,Ongoing Rescreen,World-Check,N,,,N,,N,,,,N,0,No Hit
SCR005956,C02314,2025-06-21,Initial,Dow Jones Risk,N,,,N,,N,,,,N,0,No Hit
SCR005957,C02314,2025-12-18,Ongoing Rescreen,LexisNexis Bridger,N,,,N,,N,,,,N,0,No Hit
SCR005958,C02315,2025-11-20,Initial,World-Check,N,,,N,,N,,,,N,0,No Hit
SCR005959,C02316,2025-12-31,Initial,Dow Jones Risk,N,,,N,,N,,,,N,0,No Hit
SCR005960,C02317,2024-03-12,Initial,LexisNexis Bridger,N,,,N,,N,,,,N,0,No Hit
SCR005961,C02317,2024-09-08,Ongoing Rescreen,World-Check,N,,,N,,N,,,,N,0,No Hit
SCR005962,C02317,2025-03-07,Ongoing Rescreen,Dow Jones Risk,N,,,N,,N,,,,N,0,No Hit
SCR005963,C02317,2025-09-03,Ongoing Rescreen,World-Check,N,,,N,,N,,,,N,0,No Hit
SCR005964,C02318,2024-10-26,Initial,LexisNexis Bridger,N,,,N,,N,,,,N,0,No Hit
SCR005965,C02318,2025-04-24,Ongoing Rescreen,Dow Jones Risk,N,,,N,,N,,,,N,0,No Hit
SCR005966,C02318,2025-10-21,Ongoing Rescreen,LexisNexis Bridger,N,,,N,,N,,,,N,0,No Hit
SCR005967,C02319,2025-01-29,Initial,LexisNexis Bridger,N,,,N,,N,,,,N,0,No Hit
SCR005968,C02319,2025-07-28,Ongoing Rescreen,World-Check,N,,,N,,N,,,,N,0,No Hit
SCR005969,C02320,2025-01-16,Initial,World-Check,N,,,N,,N,,,,N,0,No Hit
SCR005970,C02320,2025-07-15,Ongoing Rescreen,Dow Jones Risk,N,,,N,,N,,,,N,0,No Hit
SCR005971,C02321,2025-12-25,Initial,World-Check,N,,,N,,N,,,,N,0,No Hit
SCR005972,C02322,2025-04-20,Initial,LexisNexis Bridger,N,,,N,,N,,,,N,0,No Hit
SCR005973,C02322,2025-10-17,Ongoing Rescreen,LexisNexis Bridger,N,,,N,,N,,,,N,0,No Hit
SCR005974,C02323,2024-10-21,Initial,Dow Jones Risk,N,,,N,,N,,,,N,0,No Hit
SCR005975,C02323,2025-04-19,Ongoing Rescreen,LexisNexis Bridger,N,,,N,,N,,,,N,0,No Hit
SCR005976,C02323,2025-10-16,Ongoing Rescreen,LexisNexis Bridger,N,,,N,,N,,,,N,0,No Hit
SCR005977,C02324,2025-11-03,Initial,Dow Jones Risk,N,,,N,,N,,,,N,0,No Hit
SCR005978,C02325,2025-06-18,Initial,LexisNexis Bridger,N,,,N,,N,,,,N,0,No Hit
SCR005979,C02325,2025-12-15,Ongoing Rescreen,LexisNexis Bridger,N,,,N,,N,,,,N,0,No Hit
SCR005980,C02326,2025-08-05,Initial,LexisNexis Bridger,N,,,N,,N,,,,Y,0,No Hit
SCR005981,C02327,2025-04-03,Initial,Dow Jones Risk,N,,,N,,N,,,,N,0,No Hit
SCR005982,C02327,2025-09-30,Ongoing Rescreen,Dow Jones Risk,N,,,N,,N,,,,N,0,No Hit
SCR005983,C02328,2024-02-17,Initial,World-Check,N,,,N,,Y,Fraud,National News,N,Y,2,Cleared - False Positive
SCR005984,C02328,2024-08-15,Ongoing Rescreen,World-Check,N,,,N,,N,,,,N,0,No Hit
SCR005985,C02328,2025-02-11,Ongoing Rescreen,LexisNexis Bridger,N,,,N,,N,,,,N,0,No Hit
SCR005986,C02328,2025-08-10,Ongoing Rescreen,Dow Jones Risk,N,,,N,,N,,,,N,0,No Hit
SCR005987,C02329,2025-12-10,Initial,Dow Jones Risk,Y,UK HMT/OFSI,N,N,,N,,,,Y,1,Cleared - False Positive
SCR005988,C02330,2025-06-05,Initial,World-Check,N,,,N,,N,,,,N,0,No Hit
SCR005989,C02330,2025-12-02,Ongoing Rescreen,Dow Jones Risk,N,,,N,,N,,,,N,0,No Hit
SCR005990,C02331,2024-04-19,Initial,Dow Jones Risk,N,,,N,,N,,,,N,0,No Hit
SCR005991,C02331,2024-10-16,Ongoing Rescreen,Dow Jones Risk,N,,,N,,N,,,,N,0,No Hit
SCR005992,C02331,2025-04-14,Ongoing Rescreen,World-Check,N,,,N,,N,,,,N,0,No Hit
SCR005993,C02331,2025-10-11,Ongoing Rescreen,LexisNexis Bridger,N,,,N,,N,,,,N,0,No Hit
SCR005994,C02332,2024-07-03,Initial,Dow Jones Risk,N,,,N,,N,,,,N,0,No Hit
SCR005995,C02332,2024-12-30,Ongoing Rescreen,World-Check,N,,,N,,N,,,,N,0,No Hit
SCR005996,C02332,2025-06-28,Ongoing Rescreen,Dow Jones Risk,N,,,N,,N,,,,N,0,No Hit
SCR005997,C02332,2025-12-25,Ongoing Rescreen,LexisNexis Bridger,N,,,N,,N,,,,N,0,No Hit
SCR005998,C02333,2024-09-06,Initial,Dow Jones Risk,N,,,N,,N,,,,N,0,No Hit
SCR005999,C02333,2025-03-05,Ongoing Rescreen,Dow Jones Risk,N,,,N,,N,,,,N,0,No Hit
SCR006000,C02333,2025-09-01,Ongoing Rescreen,LexisNexis Bridger,N,,,N,,N,,,,N,0,No Hit
SCR006001,C02334,2024-07-05,Initial,LexisNexis Bridger,N,,,Y,Domestic PEP,N,,,,Y,10,Cleared - False Positive
SCR006002,C02334,2025-01-01,Ongoing Rescreen,Dow Jones Risk,N,,,N,,N,,,,N,0,No Hit
SCR006003,C02334,2025-06-30,Ongoing Rescreen,LexisNexis Bridger,N,,,N,,N,,,,N,0,No Hit
SCR006004,C02334,2025-12-27,Ongoing Rescreen,Dow Jones Risk,N,,,N,,N,,,,N,0,No Hit
SCR006005,C02335,2025-03-29,Initial,World-Check,N,,,N,,N,,,,N,0,No Hit
SCR006006,C02335,2025-09-25,Ongoing Rescreen,World-Check,N,,,N,,N,,,,N,0,No Hit
SCR006007,C02336,2025-02-04,Initial,World-Check,N,,,N,,N,,,,Y,0,No Hit
SCR006008,C02336,2025-08-03,Ongoing Rescreen,LexisNexis Bridger,N,,,N,,N,,,,Y,0,No Hit
SCR006009,C02337,2024-06-04,Initial,World-Check,N,,,N,,N,,,,N,0,No Hit
SCR006010,C02337,2024-12-01,Ongoing Rescreen,Dow Jones Risk,N,,,N,,N,,,,N,0,No Hit
SCR006011,C02337,2025-05-30,Ongoing Rescreen,Dow Jones Risk,N,,,N,,N,,,,N,0,No Hit
SCR006012,C02337,2025-11-26,Ongoing Rescreen,LexisNexis Bridger,N,,,N,,N,,,,N,0,No Hit
SCR006013,C02338,2025-05-23,Initial,Dow Jones Risk,N,,,N,,N,,,,N,0,No Hit
SCR006014,C02338,2025-11-19,Ongoing Rescreen,Dow Jones Risk,N,,,N,,N,,,,N,0,No Hit
SCR006015,C02339,2024-07-28,Initial,LexisNexis Bridger,N,,,N,,N,,,,N,0,No Hit
SCR006016,C02339,2025-01-24,Ongoing Rescreen,World-Check,N,,,N,,N,,,,N,0,No Hit
SCR006017,C02339,2025-07-23,Ongoing Rescreen,LexisNexis Bridger,N,,,N,,N,,,,N,0,No Hit
SCR006018,C02340,2024-04-26,Initial,World-Check,N,,,N,,N,,,,N,0,No Hit
SCR006019,C02340,2024-10-23,Ongoing Rescreen,World-Check,N,,,N,,N,,,,N,0,No Hit
SCR006020,C02340,2025-04-21,Ongoing Rescreen,LexisNexis Bridger,N,,,N,,N,,,,N,0,No Hit
SCR006021,C02340,2025-10-18,Ongoing Rescreen,Dow Jones Risk,N,,,N,,N,,,,N,0,No Hit
SCR006022,C02341,2025-11-30,Initial,World-Check,N,,,N,,N,,,,N,0,No Hit
SCR006023,C02342,2024-08-17,Initial,Dow Jones Risk,N,,,N,,N,,,,N,0,No Hit
SCR006024,C02342,2025-02-13,Ongoing Rescreen,LexisNexis Bridger,N,,,N,,N,,,,N,0,No Hit
SCR006025,C02342,2025-08-12,Ongoing Rescreen,Dow Jones Risk,N,,,N,,N,,,,N,0,No Hit
SCR006026,C02343,2024-06-19,Initial,Dow Jones Risk,N,,,N,,N,,,,N,0,No Hit
SCR006027,C02343,2024-12-16,Ongoing Rescreen,LexisNexis Bridger,N,,,N,,N,,,,N,0,No Hit
SCR006028,C02343,2025-06-14,Ongoing Rescreen,LexisNexis Bridger,N,,,N,,N,,,,N,0,No Hit
SCR006029,C02343,2025-12-11,Ongoing Rescreen,World-Check,N,,,N,,N,,,,N,0,No Hit
SCR006030,C02344,2025-06-07,Initial,Dow Jones Risk,N,,,N,,N,,,,N,0,No Hit
SCR006031,C02344,2025-12-04,Ongoing Rescreen,World-Check,N,,,N,,N,,,,N,0,No Hit
SCR006032,C02345,2025-07-12,Initial,World-Check,N,,,Y,Foreign PEP,N,,,,Y,7,Cleared - False Positive
SCR006033,C02346,2024-04-21,Initial,LexisNexis Bridger,N,,,N,,N,,,,N,0,No Hit
SCR006034,C02346,2024-10-18,Ongoing Rescreen,Dow Jones Risk,N,,,N,,N,,,,N,0,No Hit
SCR006035,C02346,2025-04-16,Ongoing Rescreen,Dow Jones Risk,N,,,N,,N,,,,N,0,No Hit
SCR006036,C02346,2025-10-13,Ongoing Rescreen,World-Check,N,,,N,,N,,,,N,0,No Hit
SCR006037,C02347,2024-02-10,Initial,Dow Jones Risk,N,,,N,,N,,,,N,0,No Hit
SCR006038,C02347,2024-08-08,Ongoing Rescreen,LexisNexis Bridger,N,,,N,,N,,,,N,0,No Hit
SCR006039,C02347,2025-02-04,Ongoing Rescreen,World-Check,N,,,N,,N,,,,N,0,No Hit
SCR006040,C02347,2025-08-03,Ongoing Rescreen,World-Check,N,,,N,,N,,,,N,0,No Hit
SCR006041,C02348,2025-09-13,Initial,LexisNexis Bridger,N,,,N,,N,,,,N,0,No Hit
SCR006042,C02349,2025-01-03,Initial,LexisNexis Bridger,N,,,N,,N,,,,N,0,No Hit
SCR006043,C02349,2025-07-02,Ongoing Rescreen,LexisNexis Bridger,N,,,N,,N,,,,N,0,No Hit
SCR006044,C02349,2025-12-29,Ongoing Rescreen,Dow Jones Risk,N,,,N,,N,,,,N,0,No Hit
SCR006045,C02350,2024-11-29,Initial,LexisNexis Bridger,N,,,N,,N,,,,N,0,No Hit
SCR006046,C02350,2025-05-28,Ongoing Rescreen,World-Check,N,,,N,,N,,,,N,0,No Hit
SCR006047,C02350,2025-11-24,Ongoing Rescreen,LexisNexis Bridger,N,,,N,,N,,,,N,0,No Hit
SCR006048,C02351,2024-11-03,Initial,World-Check,N,,,N,,N,,,,N,0,No Hit
SCR006049,C02351,2025-05-02,Ongoing Rescreen,LexisNexis Bridger,N,,,N,,N,,,,N,0,No Hit
SCR006050,C02351,2025-10-29,Ongoing Rescreen,LexisNexis Bridger,N,,,N,,N,,,,N,0,No Hit
SCR006051,C02352,2025-03-04,Initial,World-Check,N,,,N,,N,,,,Y,0,No Hit
SCR006052,C02352,2025-08-31,Ongoing Rescreen,Dow Jones Risk,N,,,N,,Y,Money Laundering,Regulator Notice,N,Y,3,Cleared - False Positive
SCR006053,C02353,2025-05-07,Initial,Dow Jones Risk,N,,,N,,N,,,,N,0,No Hit
SCR006054,C02353,2025-11-03,Ongoing Rescreen,World-Check,N,,,N,,N,,,,N,0,No Hit
SCR006055,C02354,2024-02-28,Initial,World-Check,N,,,N,,N,,,,N,0,No Hit
SCR006056,C02354,2024-08-26,Ongoing Rescreen,World-Check,N,,,N,,N,,,,N,0,No Hit
SCR006057,C02354,2025-02-22,Ongoing Rescreen,LexisNexis Bridger,N,,,N,,N,,,,N,0,No Hit
SCR006058,C02354,2025-08-21,Ongoing Rescreen,LexisNexis Bridger,N,,,N,,N,,,,N,0,No Hit
SCR006059,C02355,2024-07-13,Initial,Dow Jones Risk,N,,,N,,N,,,,N,0,No Hit
SCR006060,C02355,2025-01-09,Ongoing Rescreen,World-Check,N,,,N,,N,,,,N,0,No Hit
SCR006061,C02355,2025-07-08,Ongoing Rescreen,LexisNexis Bridger,N,,,N,,N,,,,N,0,No Hit
SCR006062,C02356,2025-11-28,Initial,Dow Jones Risk,N,,,Y,Foreign PEP,Y,Bribery & Corruption,Online Blog,N,Y,42,Cleared - False Positive
SCR006063,C02357,2024-05-02,Initial,World-Check,N,,,N,,N,,,,N,0,No Hit
SCR006064,C02357,2024-10-29,Ongoing Rescreen,LexisNexis Bridger,N,,,N,,N,,,,N,0,No Hit
SCR006065,C02357,2025-04-27,Ongoing Rescreen,LexisNexis Bridger,N,,,N,,N,,,,N,0,No Hit
SCR006066,C02357,2025-10-24,Ongoing Rescreen,World-Check,N,,,N,,N,,,,N,0,No Hit
SCR006067,C02358,2025-10-25,Initial,Dow Jones Risk,N,,,N,,N,,,,N,0,No Hit
SCR006068,C02359,2024-10-20,Initial,Dow Jones Risk,N,,,N,,N,,,,N,0,No Hit
SCR006069,C02359,2025-04-18,Ongoing Rescreen,LexisNexis Bridger,N,,,N,,N,,,,N,0,No Hit
SCR006070,C02359,2025-10-15,Ongoing Rescreen,LexisNexis Bridger,N,,,N,,N,,,,N,0,No Hit
SCR006071,C02360,2024-05-18,Initial,World-Check,N,,,N,,N,,,,N,0,No Hit
SCR006072,C02360,2024-11-14,Ongoing Rescreen,World-Check,N,,,N,,N,,,,N,0,No Hit
SCR006073,C02360,2025-05-13,Ongoing Rescreen,Dow Jones Risk,N,,,N,,N,,,,N,0,No Hit
SCR006074,C02360,2025-11-09,Ongoing Rescreen,World-Check,N,,,N,,N,,,,N,0,No Hit
SCR006075,C02361,2025-03-10,Initial,Dow Jones Risk,Y,UN Consolidated,N,N,,N,,,,Y,11,Cleared - False Positive
SCR006076,C02361,2025-09-06,Ongoing Rescreen,Dow Jones Risk,N,,,N,,N,,,,N,0,No Hit
SCR006077,C02362,2025-04-29,Initial,Dow Jones Risk,N,,,N,,N,,,,N,0,No Hit
SCR006078,C02362,2025-10-26,Ongoing Rescreen,LexisNexis Bridger,N,,,N,,N,,,,N,0,No Hit
SCR006079,C02363,2024-09-12,Initial,Dow Jones Risk,N,,,N,,N,,,,N,0,No Hit
SCR006080,C02363,2025-03-11,Ongoing Rescreen,World-Check,N,,,N,,N,,,,N,0,No Hit
SCR006081,C02363,2025-09-07,Ongoing Rescreen,World-Check,N,,,N,,N,,,,N,0,No Hit
SCR006082,C02364,2025-08-02,Initial,Dow Jones Risk,N,,,N,,N,,,,N,0,No Hit
SCR006083,C02365,2024-02-16,Initial,World-Check,N,,,N,,N,,,,N,0,No Hit
SCR006084,C02365,2024-08-14,Ongoing Rescreen,LexisNexis Bridger,N,,,N,,N,,,,N,0,No Hit
SCR006085,C02365,2025-02-10,Ongoing Rescreen,Dow Jones Risk,N,,,N,,N,,,,N,0,No Hit
SCR006086,C02365,2025-08-09,Ongoing Rescreen,World-Check,N,,,N,,N,,,,N,0,No Hit
SCR006087,C02366,2024-03-30,Initial,Dow Jones Risk,N,,,N,,N,,,,N,0,No Hit
SCR006088,C02366,2024-09-26,Ongoing Rescreen,World-Check,N,,,N,,N,,,,N,0,No Hit
SCR006089,C02366,2025-03-25,Ongoing Rescreen,LexisNexis Bridger,N,,,N,,N,,,,N,0,No Hit
SCR006090,C02366,2025-09-21,Ongoing Rescreen,Dow Jones Risk,Y,EU Consolidated,N,N,,N,,,,Y,6,Cleared - False Positive
SCR006091,C02367,2025-03-30,Initial,LexisNexis Bridger,N,,,N,,N,,,,Y,0,No Hit
SCR006092,C02367,2025-09-26,Ongoing Rescreen,World-Check,N,,,N,,N,,,,Y,0,No Hit
SCR006093,C02368,2025-02-26,Initial,LexisNexis Bridger,N,,,N,,N,,,,N,0,No Hit
SCR006094,C02368,2025-08-25,Ongoing Rescreen,Dow Jones Risk,N,,,N,,N,,,,N,0,No Hit
SCR006095,C02369,2025-05-26,Initial,Dow Jones Risk,N,,,N,,N,,,,N,0,No Hit
SCR006096,C02369,2025-11-22,Ongoing Rescreen,Dow Jones Risk,N,,,N,,N,,,,N,0,No Hit
SCR006097,C02370,2025-09-13,Initial,Dow Jones Risk,N,,,N,,N,,,,N,0,No Hit
SCR006098,C02371,2025-11-10,Initial,LexisNexis Bridger,N,,,N,,N,,,,N,0,No Hit
SCR006099,C02372,2025-01-05,Initial,Dow Jones Risk,N,,,N,,N,,,,N,0,No Hit
SCR006100,C02372,2025-07-04,Ongoing Rescreen,World-Check,N,,,N,,N,,,,N,0,No Hit
SCR006101,C02372,2025-12-31,Ongoing Rescreen,World-Check,N,,,N,,N,,,,N,0,No Hit
SCR006102,C02373,2025-01-01,Initial,Dow Jones Risk,N,,,N,,N,,,,Y,0,No Hit
SCR006103,C02373,2025-06-30,Ongoing Rescreen,World-Check,N,,,N,,N,,,,Y,0,No Hit
SCR006104,C02373,2025-12-27,Ongoing Rescreen,World-Check,N,,,N,,N,,,,Y,0,No Hit
SCR006105,C02374,2025-11-06,Initial,Dow Jones Risk,N,,,N,,N,,,,N,0,No Hit
SCR006106,C02375,2025-12-03,Initial,World-Check,N,,,N,,N,,,,N,0,No Hit
SCR006107,C02376,2024-02-04,Initial,Dow Jones Risk,N,,,N,,N,,,,N,0,No Hit
SCR006108,C02376,2024-08-02,Ongoing Rescreen,World-Check,N,,,N,,N,,,,N,0,No Hit
SCR006109,C02376,2025-01-29,Ongoing Rescreen,LexisNexis Bridger,N,,,N,,N,,,,N,0,No Hit
SCR006110,C02376,2025-07-28,Ongoing Rescreen,LexisNexis Bridger,N,,,N,,N,,,,N,0,No Hit
SCR006111,C02377,2025-01-04,Initial,LexisNexis Bridger,N,,,N,,N,,,,N,0,No Hit
SCR006112,C02377,2025-07-03,Ongoing Rescreen,Dow Jones Risk,N,,,N,,N,,,,N,0,No Hit
SCR006113,C02377,2025-12-30,Ongoing Rescreen,Dow Jones Risk,N,,,N,,N,,,,N,0,No Hit
SCR006114,C02378,2025-11-02,Initial,Dow Jones Risk,N,,,N,,N,,,,N,0,No Hit
SCR006115,C02379,2024-02-07,Initial,World-Check,N,,,N,,N,,,,N,0,No Hit
SCR006116,C02379,2024-08-05,Ongoing Rescreen,Dow Jones Risk,N,,,N,,Y,Organised Crime,Regulator Notice,N,Y,4,Cleared - False Positive
SCR006117,C02379,2025-02-01,Ongoing Rescreen,LexisNexis Bridger,N,,,N,,N,,,,N,0,No Hit
SCR006118,C02379,2025-07-31,Ongoing Rescreen,LexisNexis Bridger,N,,,N,,N,,,,N,0,No Hit
SCR006119,C02380,2025-12-15,Initial,World-Check,N,,,N,,N,,,,Y,0,No Hit
SCR006120,C02381,2025-07-01,Initial,World-Check,N,,,N,,N,,,,N,0,No Hit
SCR006121,C02381,2025-12-28,Ongoing Rescreen,LexisNexis Bridger,N,,,N,,N,,,,N,0,No Hit
SCR006122,C02382,2024-04-23,Initial,World-Check,N,,,Y,Domestic PEP,N,,,,Y,4,Cleared - False Positive
SCR006123,C02382,2024-10-20,Ongoing Rescreen,Dow Jones Risk,N,,,Y,Family Member,N,,,,Y,8,Cleared - False Positive
SCR006124,C02382,2025-04-18,Ongoing Rescreen,LexisNexis Bridger,N,,,Y,Foreign PEP,N,,,,Y,6,Cleared - False Positive
SCR006125,C02382,2025-10-15,Ongoing Rescreen,LexisNexis Bridger,N,,,Y,Domestic PEP,N,,,,Y,4,Cleared - False Positive
SCR006126,C02383,2025-04-13,Initial,World-Check,N,,,N,,N,,,,N,0,No Hit
SCR006127,C02383,2025-10-10,Ongoing Rescreen,Dow Jones Risk,N,,,N,,N,,,,N,0,No Hit
SCR006128,C02384,2024-11-11,Initial,Dow Jones Risk,N,,,N,,Y,Regulatory Fine,Regional News,N,Y,6,Cleared - False Positive
SCR006129,C02384,2025-05-10,Ongoing Rescreen,Dow Jones Risk,N,,,N,,N,,,,N,0,No Hit
SCR006130,C02384,2025-11-06,Ongoing Rescreen,World-Check,N,,,N,,N,,,,N,0,No Hit
SCR006131,C02385,2024-09-01,Initial,LexisNexis Bridger,N,,,N,,N,,,,Y,0,No Hit
SCR006132,C02385,2025-02-28,Ongoing Rescreen,LexisNexis Bridger,N,,,N,,N,,,,Y,0,No Hit
SCR006133,C02385,2025-08-27,Ongoing Rescreen,LexisNexis Bridger,N,,,N,,N,,,,Y,0,No Hit
SCR006134,C02386,2025-03-29,Initial,World-Check,N,,,N,,N,,,,N,0,No Hit
SCR006135,C02386,2025-09-25,Ongoing Rescreen,LexisNexis Bridger,N,,,N,,N,,,,N,0,No Hit
SCR006136,C02387,2025-06-21,Initial,Dow Jones Risk,N,,,N,,N,,,,N,0,No Hit
SCR006137,C02387,2025-12-18,Ongoing Rescreen,World-Check,N,,,N,,N,,,,N,0,No Hit
SCR006138,C02388,2025-10-14,Initial,Dow Jones Risk,Y,EU Consolidated,N,N,,N,,,,Y,1,Cleared - False Positive
SCR006139,C02389,2024-11-01,Initial,LexisNexis Bridger,N,,,N,,N,,,,N,0,No Hit
SCR006140,C02389,2025-04-30,Ongoing Rescreen,LexisNexis Bridger,N,,,N,,N,,,,N,0,No Hit
SCR006141,C02389,2025-10-27,Ongoing Rescreen,Dow Jones Risk,N,,,N,,N,,,,N,0,No Hit
SCR006142,C02390,2024-04-26,Initial,Dow Jones Risk,N,,,N,,N,,,,N,0,No Hit
SCR006143,C02390,2024-10-23,Ongoing Rescreen,World-Check,N,,,N,,N,,,,N,0,No Hit
SCR006144,C02390,2025-04-21,Ongoing Rescreen,LexisNexis Bridger,N,,,N,,N,,,,N,0,No Hit
SCR006145,C02390,2025-10-18,Ongoing Rescreen,Dow Jones Risk,N,,,N,,N,,,,N,0,No Hit
SCR006146,C02391,2025-09-23,Initial,Dow Jones Risk,N,,,N,,N,,,,Y,0,No Hit
SCR006147,C02392,2024-09-01,Initial,LexisNexis Bridger,N,,,N,,N,,,,N,0,No Hit
SCR006148,C02392,2025-02-28,Ongoing Rescreen,World-Check,N,,,N,,N,,,,N,0,No Hit
SCR006149,C02392,2025-08-27,Ongoing Rescreen,World-Check,N,,,N,,N,,,,N,0,No Hit
SCR006150,C02393,2025-07-09,Initial,LexisNexis Bridger,N,,,N,,N,,,,N,0,No Hit
SCR006151,C02394,2025-08-06,Initial,LexisNexis Bridger,N,,,N,,N,,,,N,0,No Hit
SCR006152,C02395,2024-02-12,Initial,LexisNexis Bridger,N,,,N,,Y,Regulatory Fine,Online Blog,Y,Y,3,Escalate to EDD
SCR006153,C02395,2024-08-10,Ongoing Rescreen,World-Check,N,,,N,,N,,,,N,0,No Hit
SCR006154,C02395,2025-02-06,Ongoing Rescreen,Dow Jones Risk,N,,,N,,N,,,,N,0,No Hit
SCR006155,C02395,2025-08-05,Ongoing Rescreen,Dow Jones Risk,N,,,N,,N,,,,N,0,No Hit
SCR006156,C02396,2024-10-26,Initial,LexisNexis Bridger,N,,,N,,N,,,,N,0,No Hit
SCR006157,C02396,2025-04-24,Ongoing Rescreen,World-Check,N,,,N,,Y,Money Laundering,Regulator Notice,N,Y,7,Cleared - False Positive
SCR006158,C02396,2025-10-21,Ongoing Rescreen,World-Check,N,,,N,,N,,,,N,0,No Hit
SCR006159,C02397,2024-03-03,Initial,LexisNexis Bridger,N,,,N,,N,,,,N,0,No Hit
SCR006160,C02397,2024-08-30,Ongoing Rescreen,Dow Jones Risk,N,,,N,,Y,Organised Crime,Regulator Notice,N,Y,1,Cleared - False Positive
SCR006161,C02397,2025-02-26,Ongoing Rescreen,Dow Jones Risk,N,,,N,,N,,,,N,0,No Hit
SCR006162,C02397,2025-08-25,Ongoing Rescreen,Dow Jones Risk,N,,,N,,N,,,,N,0,No Hit
SCR006163,C02398,2025-03-18,Initial,World-Check,N,,,N,,N,,,,N,0,No Hit
SCR006164,C02398,2025-09-14,Ongoing Rescreen,World-Check,N,,,N,,N,,,,N,0,No Hit
SCR006165,C02399,2025-08-04,Initial,LexisNexis Bridger,N,,,N,,N,,,,N,0,No Hit
SCR006166,C02400,2025-02-13,Initial,Dow Jones Risk,N,,,N,,N,,,,N,0,No Hit
SCR006167,C02400,2025-08-12,Ongoing Rescreen,World-Check,N,,,N,,N,,,,N,0,No Hit
SCR006168,C02401,2024-08-24,Initial,Dow Jones Risk,N,,,N,,N,,,,N,0,No Hit
SCR006169,C02401,2025-02-20,Ongoing Rescreen,World-Check,N,,,Y,Foreign PEP,N,,,,Y,3,Cleared - False Positive
SCR006170,C02401,2025-08-19,Ongoing Rescreen,Dow Jones Risk,N,,,N,,N,,,,N,0,No Hit
SCR006171,C02402,2025-12-12,Initial,Dow Jones Risk,N,,,N,,N,,,,N,0,No Hit
SCR006172,C02403,2024-03-03,Initial,World-Check,N,,,N,,N,,,,N,0,No Hit
SCR006173,C02403,2024-08-30,Ongoing Rescreen,LexisNexis Bridger,N,,,N,,N,,,,N,0,No Hit
SCR006174,C02403,2025-02-26,Ongoing Rescreen,Dow Jones Risk,N,,,N,,N,,,,N,0,No Hit
SCR006175,C02403,2025-08-25,Ongoing Rescreen,LexisNexis Bridger,N,,,N,,N,,,,N,0,No Hit
SCR006176,C02404,2024-04-13,Initial,Dow Jones Risk,N,,,N,,N,,,,N,0,No Hit
SCR006177,C02404,2024-10-10,Ongoing Rescreen,LexisNexis Bridger,N,,,N,,N,,,,N,0,No Hit
SCR006178,C02404,2025-04-08,Ongoing Rescreen,Dow Jones Risk,N,,,N,,N,,,,N,0,No Hit
SCR006179,C02404,2025-10-05,Ongoing Rescreen,Dow Jones Risk,N,,,N,,N,,,,N,0,No Hit
SCR006180,C02405,2024-09-24,Initial,World-Check,N,,,N,,Y,Tax Evasion,Regional News,N,Y,8,Cleared - False Positive
SCR006181,C02405,2025-03-23,Ongoing Rescreen,World-Check,N,,,N,,N,,,,N,0,No Hit
SCR006182,C02405,2025-09-19,Ongoing Rescreen,World-Check,N,,,N,,N,,,,N,0,No Hit
SCR006183,C02406,2025-11-24,Initial,Dow Jones Risk,N,,,N,,N,,,,N,0,No Hit
SCR006184,C02407,2025-10-15,Initial,LexisNexis Bridger,N,,,N,,N,,,,N,0,No Hit
SCR006185,C02408,2025-02-16,Initial,LexisNexis Bridger,N,,,N,,N,,,,N,0,No Hit
SCR006186,C02408,2025-08-15,Ongoing Rescreen,LexisNexis Bridger,N,,,N,,N,,,,N,0,No Hit
SCR006187,C02409,2025-11-27,Initial,World-Check,N,,,N,,N,,,,N,0,No Hit
SCR006188,C02410,2025-10-22,Initial,LexisNexis Bridger,N,,,N,,N,,,,N,0,No Hit
SCR006189,C02411,2025-03-05,Initial,World-Check,N,,,N,,N,,,,N,0,No Hit
SCR006190,C02411,2025-09-01,Ongoing Rescreen,Dow Jones Risk,N,,,N,,N,,,,N,0,No Hit
SCR006191,C02412,2024-03-27,Initial,LexisNexis Bridger,N,,,N,,N,,,,N,0,No Hit
SCR006192,C02412,2024-09-23,Ongoing Rescreen,LexisNexis Bridger,N,,,N,,N,,,,N,0,No Hit
SCR006193,C02412,2025-03-22,Ongoing Rescreen,LexisNexis Bridger,N,,,N,,N,,,,N,0,No Hit
SCR006194,C02412,2025-09-18,Ongoing Rescreen,World-Check,N,,,N,,N,,,,N,0,No Hit
SCR006195,C02413,2025-10-19,Initial,Dow Jones Risk,N,,,N,,N,,,,N,0,No Hit
SCR006196,C02414,2025-04-13,Initial,World-Check,N,,,N,,N,,,,N,0,No Hit
SCR006197,C02414,2025-10-10,Ongoing Rescreen,World-Check,N,,,N,,N,,,,N,0,No Hit
SCR006198,C02415,2024-04-13,Initial,LexisNexis Bridger,N,,,N,,N,,,,N,0,No Hit
SCR006199,C02415,2024-10-10,Ongoing Rescreen,World-Check,N,,,N,,N,,,,N,0,No Hit
SCR006200,C02415,2025-04-08,Ongoing Rescreen,LexisNexis Bridger,N,,,N,,N,,,,N,0,No Hit
SCR006201,C02415,2025-10-05,Ongoing Rescreen,World-Check,N,,,N,,N,,,,N,0,No Hit
SCR006202,C02416,2025-09-06,Initial,Dow Jones Risk,N,,,N,,N,,,,Y,0,No Hit
SCR006203,C02417,2024-10-18,Initial,Dow Jones Risk,N,,,N,,N,,,,N,0,No Hit
SCR006204,C02417,2025-04-16,Ongoing Rescreen,Dow Jones Risk,N,,,N,,N,,,,N,0,No Hit
SCR006205,C02417,2025-10-13,Ongoing Rescreen,World-Check,N,,,N,,N,,,,N,0,No Hit
SCR006206,C02418,2025-07-29,Initial,LexisNexis Bridger,N,,,N,,N,,,,N,0,No Hit
SCR006207,C02419,2024-07-10,Initial,LexisNexis Bridger,N,,,N,,N,,,,N,0,No Hit
SCR006208,C02419,2025-01-06,Ongoing Rescreen,LexisNexis Bridger,N,,,N,,N,,,,N,0,No Hit
SCR006209,C02419,2025-07-05,Ongoing Rescreen,World-Check,N,,,N,,N,,,,N,0,No Hit
SCR006210,C02420,2024-01-08,Initial,LexisNexis Bridger,N,,,N,,N,,,,N,0,No Hit
SCR006211,C02420,2024-07-06,Ongoing Rescreen,World-Check,N,,,N,,N,,,,N,0,No Hit
SCR006212,C02420,2025-01-02,Ongoing Rescreen,World-Check,N,,,N,,N,,,,N,0,No Hit
SCR006213,C02420,2025-07-01,Ongoing Rescreen,World-Check,N,,,N,,N,,,,N,0,No Hit
SCR006214,C02420,2025-12-28,Ongoing Rescreen,LexisNexis Bridger,N,,,N,,N,,,,N,0,No Hit
SCR006215,C02421,2024-11-27,Initial,LexisNexis Bridger,N,,,N,,N,,,,N,0,No Hit
SCR006216,C02421,2025-05-26,Ongoing Rescreen,LexisNexis Bridger,Y,UN Consolidated,N,N,,N,,,,Y,3,Cleared - False Positive
SCR006217,C02421,2025-11-22,Ongoing Rescreen,World-Check,N,,,N,,N,,,,N,0,No Hit
SCR006218,C02422,2024-11-26,Initial,Dow Jones Risk,N,,,N,,N,,,,N,0,No Hit
SCR006219,C02422,2025-05-25,Ongoing Rescreen,LexisNexis Bridger,N,,,N,,N,,,,N,0,No Hit
SCR006220,C02422,2025-11-21,Ongoing Rescreen,LexisNexis Bridger,N,,,N,,N,,,,N,0,No Hit
SCR006221,C02423,2025-09-23,Initial,Dow Jones Risk,N,,,N,,N,,,,N,0,No Hit
SCR006222,C02424,2024-03-25,Initial,World-Check,N,,,N,,N,,,,N,0,No Hit
SCR006223,C02424,2024-09-21,Ongoing Rescreen,LexisNexis Bridger,Y,UK HMT/OFSI,N,N,,N,,,,Y,4,Cleared - False Positive
SCR006224,C02424,2025-03-20,Ongoing Rescreen,Dow Jones Risk,N,,,N,,N,,,,N,0,No Hit
SCR006225,C02424,2025-09-16,Ongoing Rescreen,World-Check,N,,,N,,N,,,,N,0,No Hit
SCR006226,C02425,2025-10-29,Initial,Dow Jones Risk,N,,,N,,N,,,,N,0,No Hit
SCR006227,C02426,2024-04-21,Initial,Dow Jones Risk,N,,,N,,N,,,,N,0,No Hit
SCR006228,C02426,2024-10-18,Ongoing Rescreen,LexisNexis Bridger,N,,,N,,N,,,,N,0,No Hit
SCR006229,C02426,2025-04-16,Ongoing Rescreen,LexisNexis Bridger,N,,,N,,Y,Bribery & Corruption,National News,N,Y,4,Cleared - False Positive
SCR006230,C02426,2025-10-13,Ongoing Rescreen,LexisNexis Bridger,N,,,N,,N,,,,N,0,No Hit
SCR006231,C02427,2025-11-14,Initial,Dow Jones Risk,N,,,N,,N,,,,N,0,No Hit
SCR006232,C02428,2025-05-31,Initial,Dow Jones Risk,N,,,N,,N,,,,N,0,No Hit
SCR006233,C02428,2025-11-27,Ongoing Rescreen,World-Check,N,,,N,,N,,,,N,0,No Hit
SCR006234,C02429,2024-09-20,Initial,Dow Jones Risk,N,,,N,,N,,,,N,0,No Hit
SCR006235,C02429,2025-03-19,Ongoing Rescreen,LexisNexis Bridger,N,,,N,,N,,,,N,0,No Hit
SCR006236,C02429,2025-09-15,Ongoing Rescreen,Dow Jones Risk,N,,,N,,N,,,,N,0,No Hit
SCR006237,C02430,2025-11-30,Initial,Dow Jones Risk,N,,,N,,N,,,,N,0,No Hit
SCR006238,C02431,2024-09-19,Initial,Dow Jones Risk,N,,,N,,N,,,,N,0,No Hit
SCR006239,C02431,2025-03-18,Ongoing Rescreen,World-Check,N,,,N,,N,,,,N,0,No Hit
SCR006240,C02431,2025-09-14,Ongoing Rescreen,Dow Jones Risk,N,,,N,,N,,,,N,0,No Hit
SCR006241,C02432,2025-04-08,Initial,LexisNexis Bridger,N,,,N,,N,,,,N,0,No Hit
SCR006242,C02432,2025-10-05,Ongoing Rescreen,LexisNexis Bridger,N,,,N,,N,,,,N,0,No Hit
SCR006243,C02433,2024-01-12,Initial,Dow Jones Risk,N,,,N,,N,,,,N,0,No Hit
SCR006244,C02433,2024-07-10,Ongoing Rescreen,Dow Jones Risk,N,,,N,,N,,,,N,0,No Hit
SCR006245,C02433,2025-01-06,Ongoing Rescreen,World-Check,N,,,N,,N,,,,N,0,No Hit
SCR006246,C02433,2025-07-05,Ongoing Rescreen,Dow Jones Risk,N,,,N,,N,,,,N,0,No Hit
SCR006247,C02434,2024-03-15,Initial,World-Check,N,,,N,,N,,,,N,0,No Hit
SCR006248,C02434,2024-09-11,Ongoing Rescreen,LexisNexis Bridger,N,,,N,,N,,,,N,0,No Hit
SCR006249,C02434,2025-03-10,Ongoing Rescreen,Dow Jones Risk,N,,,N,,N,,,,N,0,No Hit
SCR006250,C02434,2025-09-06,Ongoing Rescreen,LexisNexis Bridger,N,,,N,,N,,,,N,0,No Hit
SCR006251,C02435,2024-09-15,Initial,World-Check,N,,,N,,Y,Bribery & Corruption,Regional News,N,Y,2,Cleared - False Positive
SCR006252,C02435,2025-03-14,Ongoing Rescreen,Dow Jones Risk,N,,,N,,N,,,,Y,0,No Hit
SCR006253,C02435,2025-09-10,Ongoing Rescreen,Dow Jones Risk,N,,,N,,Y,Money Laundering,Online Blog,N,Y,3,Cleared - False Positive
SCR006254,C02436,2024-06-27,Initial,World-Check,N,,,N,,N,,,,N,0,No Hit
SCR006255,C02436,2024-12-24,Ongoing Rescreen,LexisNexis Bridger,N,,,N,,N,,,,N,0,No Hit
SCR006256,C02436,2025-06-22,Ongoing Rescreen,LexisNexis Bridger,Y,OFAC SDN,N,N,,N,,,,Y,8,Cleared - False Positive
SCR006257,C02436,2025-12-19,Ongoing Rescreen,LexisNexis Bridger,N,,,N,,N,,,,N,0,No Hit
SCR006258,C02437,2024-06-15,Initial,World-Check,N,,,N,,N,,,,N,0,No Hit
SCR006259,C02437,2024-12-12,Ongoing Rescreen,Dow Jones Risk,N,,,N,,N,,,,N,0,No Hit
SCR006260,C02437,2025-06-10,Ongoing Rescreen,LexisNexis Bridger,N,,,N,,N,,,,N,0,No Hit
SCR006261,C02437,2025-12-07,Ongoing Rescreen,Dow Jones Risk,N,,,N,,N,,,,N,0,No Hit
SCR006262,C02438,2024-10-03,Initial,World-Check,N,,,N,,N,,,,N,0,No Hit
SCR006263,C02438,2025-04-01,Ongoing Rescreen,World-Check,N,,,N,,N,,,,N,0,No Hit
SCR006264,C02438,2025-09-28,Ongoing Rescreen,LexisNexis Bridger,N,,,N,,N,,,,N,0,No Hit
SCR006265,C02439,2025-03-20,Initial,World-Check,N,,,N,,N,,,,N,0,No Hit
SCR006266,C02439,2025-09-16,Ongoing Rescreen,World-Check,N,,,N,,N,,,,N,0,No Hit
SCR006267,C02440,2024-04-01,Initial,Dow Jones Risk,N,,,N,,N,,,,N,0,No Hit
SCR006268,C02440,2024-09-28,Ongoing Rescreen,LexisNexis Bridger,Y,UN Consolidated,N,N,,N,,,,Y,3,Cleared - False Positive
SCR006269,C02440,2025-03-27,Ongoing Rescreen,Dow Jones Risk,N,,,N,,N,,,,N,0,No Hit
SCR006270,C02440,2025-09-23,Ongoing Rescreen,Dow Jones Risk,N,,,N,,N,,,,N,0,No Hit
SCR006271,C02441,2025-07-03,Initial,LexisNexis Bridger,N,,,N,,N,,,,N,0,No Hit
SCR006272,C02441,2025-12-30,Ongoing Rescreen,World-Check,N,,,N,,N,,,,N,0,No Hit
SCR006273,C02442,2025-09-11,Initial,World-Check,N,,,N,,N,,,,N,0,No Hit
SCR006274,C02443,2025-09-02,Initial,LexisNexis Bridger,N,,,N,,N,,,,N,0,No Hit
SCR006275,C02444,2024-05-22,Initial,LexisNexis Bridger,N,,,N,,N,,,,N,0,No Hit
SCR006276,C02444,2024-11-18,Ongoing Rescreen,LexisNexis Bridger,N,,,N,,N,,,,N,0,No Hit
SCR006277,C02444,2025-05-17,Ongoing Rescreen,World-Check,N,,,N,,Y,Regulatory Fine,Online Blog,Y,Y,8,Escalate to EDD
SCR006278,C02444,2025-11-13,Ongoing Rescreen,World-Check,N,,,N,,N,,,,N,0,No Hit
SCR006279,C02445,2025-10-05,Initial,World-Check,N,,,N,,N,,,,N,0,No Hit
SCR006280,C02446,2024-04-04,Initial,Dow Jones Risk,N,,,N,,N,,,,N,0,No Hit
SCR006281,C02446,2024-10-01,Ongoing Rescreen,LexisNexis Bridger,N,,,N,,N,,,,N,0,No Hit
SCR006282,C02446,2025-03-30,Ongoing Rescreen,Dow Jones Risk,N,,,N,,N,,,,N,0,No Hit
SCR006283,C02446,2025-09-26,Ongoing Rescreen,LexisNexis Bridger,N,,,N,,N,,,,N,0,No Hit
SCR006284,C02447,2024-03-19,Initial,World-Check,N,,,N,,N,,,,N,0,No Hit
SCR006285,C02447,2024-09-15,Ongoing Rescreen,World-Check,N,,,N,,N,,,,N,0,No Hit
SCR006286,C02447,2025-03-14,Ongoing Rescreen,World-Check,N,,,N,,N,,,,N,0,No Hit
SCR006287,C02447,2025-09-10,Ongoing Rescreen,LexisNexis Bridger,N,,,N,,N,,,,N,0,No Hit
SCR006288,C02448,2025-06-14,Initial,LexisNexis Bridger,N,,,N,,N,,,,N,0,No Hit
SCR006289,C02448,2025-12-11,Ongoing Rescreen,World-Check,N,,,N,,N,,,,N,0,No Hit
SCR006290,C02449,2025-07-09,Initial,World-Check,N,,,N,,N,,,,N,0,No Hit
SCR006291,C02450,2024-04-02,Initial,Dow Jones Risk,N,,,N,,N,,,,N,0,No Hit
SCR006292,C02450,2024-09-29,Ongoing Rescreen,World-Check,N,,,N,,N,,,,N,0,No Hit
SCR006293,C02450,2025-03-28,Ongoing Rescreen,Dow Jones Risk,N,,,N,,N,,,,N,0,No Hit
SCR006294,C02450,2025-09-24,Ongoing Rescreen,Dow Jones Risk,N,,,N,,N,,,,N,0,No Hit
SCR006295,C02451,2024-10-30,Initial,LexisNexis Bridger,N,,,N,,N,,,,N,0,No Hit
SCR006296,C02451,2025-04-28,Ongoing Rescreen,LexisNexis Bridger,N,,,N,,N,,,,N,0,No Hit
SCR006297,C02451,2025-10-25,Ongoing Rescreen,Dow Jones Risk,Y,EU Consolidated,N,N,,N,,,,Y,4,Cleared - False Positive
SCR006298,C02452,2024-10-26,Initial,World-Check,N,,,N,,N,,,,N,0,No Hit
SCR006299,C02452,2025-04-24,Ongoing Rescreen,World-Check,N,,,N,,N,,,,N,0,No Hit
SCR006300,C02452,2025-10-21,Ongoing Rescreen,Dow Jones Risk,N,,,N,,N,,,,N,0,No Hit
SCR006301,C02453,2025-06-12,Initial,Dow Jones Risk,N,,,N,,N,,,,N,0,No Hit
SCR006302,C02453,2025-12-09,Ongoing Rescreen,LexisNexis Bridger,N,,,N,,N,,,,N,0,No Hit
SCR006303,C02454,2025-01-11,Initial,World-Check,Y,OFAC SDN,N,N,,Y,Regulatory Fine,Online Blog,N,Y,11,Cleared - False Positive
SCR006304,C02454,2025-07-10,Ongoing Rescreen,Dow Jones Risk,N,,,N,,N,,,,Y,0,No Hit
SCR006305,C02455,2025-03-15,Initial,Dow Jones Risk,N,,,N,,N,,,,N,0,No Hit
SCR006306,C02455,2025-09-11,Ongoing Rescreen,LexisNexis Bridger,N,,,N,,N,,,,N,0,No Hit
SCR006307,C02456,2024-02-28,Initial,World-Check,N,,,N,,Y,Regulatory Fine,National News,N,Y,6,Cleared - False Positive
SCR006308,C02456,2024-08-26,Ongoing Rescreen,World-Check,N,,,N,,N,,,,N,0,No Hit
SCR006309,C02456,2025-02-22,Ongoing Rescreen,Dow Jones Risk,N,,,N,,N,,,,N,0,No Hit
SCR006310,C02456,2025-08-21,Ongoing Rescreen,LexisNexis Bridger,N,,,N,,N,,,,N,0,No Hit
SCR006311,C02457,2025-12-15,Initial,LexisNexis Bridger,N,,,N,,N,,,,N,0,No Hit
SCR006312,C02458,2025-02-10,Initial,Dow Jones Risk,Y,EU Consolidated,Y,Y,Close Associate,Y,Money Laundering,Regulator Notice,N,Y,3,Exit Relationship
SCR006313,C02458,2025-08-09,Ongoing Rescreen,Dow Jones Risk,N,,,Y,Family Member,Y,Regulatory Fine,National News,Y,Y,8,Escalate to EDD
SCR006314,C02459,2025-05-03,Initial,Dow Jones Risk,N,,,N,,N,,,,N,0,No Hit
SCR006315,C02459,2025-10-30,Ongoing Rescreen,Dow Jones Risk,N,,,N,,N,,,,N,0,No Hit
SCR006316,C02460,2024-12-16,Initial,Dow Jones Risk,N,,,N,,N,,,,N,0,No Hit
SCR006317,C02460,2025-06-14,Ongoing Rescreen,LexisNexis Bridger,Y,UN Consolidated,N,N,,N,,,,Y,2,Cleared - False Positive
SCR006318,C02460,2025-12-11,Ongoing Rescreen,Dow Jones Risk,N,,,N,,Y,Bribery & Corruption,Court Records,N,Y,3,Cleared - False Positive
SCR006319,C02461,2024-06-29,Initial,LexisNexis Bridger,N,,,N,,N,,,,N,0,No Hit
SCR006320,C02461,2024-12-26,Ongoing Rescreen,LexisNexis Bridger,N,,,N,,N,,,,N,0,No Hit
SCR006321,C02461,2025-06-24,Ongoing Rescreen,Dow Jones Risk,N,,,N,,N,,,,N,0,No Hit
SCR006322,C02461,2025-12-21,Ongoing Rescreen,World-Check,N,,,N,,N,,,,N,0,No Hit
SCR006323,C02462,2025-05-03,Initial,LexisNexis Bridger,N,,,N,,N,,,,N,0,No Hit
SCR006324,C02462,2025-10-30,Ongoing Rescreen,LexisNexis Bridger,N,,,N,,N,,,,N,0,No Hit
SCR006325,C02463,2024-07-29,Initial,LexisNexis Bridger,N,,,N,,N,,,,N,0,No Hit
SCR006326,C02463,2025-01-25,Ongoing Rescreen,World-Check,N,,,N,,N,,,,N,0,No Hit
SCR006327,C02463,2025-07-24,Ongoing Rescreen,Dow Jones Risk,N,,,N,,N,,,,N,0,No Hit
SCR006328,C02464,2024-06-09,Initial,World-Check,N,,,N,,N,,,,N,0,No Hit
SCR006329,C02464,2024-12-06,Ongoing Rescreen,World-Check,N,,,N,,N,,,,N,0,No Hit
SCR006330,C02464,2025-06-04,Ongoing Rescreen,LexisNexis Bridger,N,,,N,,N,,,,N,0,No Hit
SCR006331,C02464,2025-12-01,Ongoing Rescreen,Dow Jones Risk,N,,,N,,N,,,,N,0,No Hit
SCR006332,C02465,2025-02-07,Initial,Dow Jones Risk,N,,,N,,N,,,,N,0,No Hit
SCR006333,C02465,2025-08-06,Ongoing Rescreen,World-Check,N,,,N,,N,,,,N,0,No Hit
SCR006334,C02466,2024-09-17,Initial,Dow Jones Risk,N,,,N,,N,,,,N,0,No Hit
SCR006335,C02466,2025-03-16,Ongoing Rescreen,Dow Jones Risk,N,,,N,,Y,Money Laundering,National News,N,Y,10,Cleared - False Positive
SCR006336,C02466,2025-09-12,Ongoing Rescreen,World-Check,N,,,N,,N,,,,N,0,No Hit
SCR006337,C02467,2025-10-15,Initial,World-Check,N,,,N,,N,,,,N,0,No Hit
SCR006338,C02468,2025-04-27,Initial,Dow Jones Risk,N,,,N,,N,,,,N,0,No Hit
SCR006339,C02468,2025-10-24,Ongoing Rescreen,LexisNexis Bridger,N,,,N,,N,,,,N,0,No Hit
SCR006340,C02469,2024-09-29,Initial,Dow Jones Risk,N,,,N,,N,,,,N,0,No Hit
SCR006341,C02469,2025-03-28,Ongoing Rescreen,LexisNexis Bridger,N,,,N,,N,,,,N,0,No Hit
SCR006342,C02469,2025-09-24,Ongoing Rescreen,World-Check,N,,,N,,N,,,,N,0,No Hit
SCR006343,C02470,2024-01-27,Initial,LexisNexis Bridger,N,,,N,,N,,,,Y,0,No Hit
SCR006344,C02470,2024-07-25,Ongoing Rescreen,Dow Jones Risk,N,,,N,,N,,,,Y,0,No Hit
SCR006345,C02470,2025-01-21,Ongoing Rescreen,Dow Jones Risk,N,,,N,,N,,,,Y,0,No Hit
SCR006346,C02470,2025-07-20,Ongoing Rescreen,LexisNexis Bridger,Y,UK HMT/OFSI,N,N,,N,,,,Y,5,Cleared - False Positive
SCR006347,C02471,2024-09-06,Initial,World-Check,N,,,N,,N,,,,N,0,No Hit
SCR006348,C02471,2025-03-05,Ongoing Rescreen,LexisNexis Bridger,N,,,N,,N,,,,N,0,No Hit
SCR006349,C02471,2025-09-01,Ongoing Rescreen,World-Check,N,,,N,,N,,,,N,0,No Hit
SCR006350,C02472,2024-03-25,Initial,World-Check,N,,,N,,N,,,,N,0,No Hit
SCR006351,C02472,2024-09-21,Ongoing Rescreen,World-Check,N,,,N,,N,,,,N,0,No Hit
SCR006352,C02472,2025-03-20,Ongoing Rescreen,Dow Jones Risk,N,,,N,,N,,,,N,0,No Hit
SCR006353,C02472,2025-09-16,Ongoing Rescreen,LexisNexis Bridger,N,,,N,,Y,Bribery & Corruption,Regulator Notice,N,Y,4,Cleared - False Positive
SCR006354,C02473,2024-06-09,Initial,Dow Jones Risk,N,,,N,,Y,Organised Crime,Regional News,N,Y,10,Cleared - False Positive
SCR006355,C02473,2024-12-06,Ongoing Rescreen,LexisNexis Bridger,N,,,N,,N,,,,Y,0,No Hit
SCR006356,C02473,2025-06-04,Ongoing Rescreen,Dow Jones Risk,N,,,N,,N,,,,Y,0,No Hit
SCR006357,C02473,2025-12-01,Ongoing Rescreen,World-Check,N,,,N,,N,,,,Y,0,No Hit
SCR006358,C02474,2024-07-26,Initial,World-Check,N,,,N,,N,,,,N,0,No Hit
SCR006359,C02474,2025-01-22,Ongoing Rescreen,LexisNexis Bridger,N,,,N,,N,,,,N,0,No Hit
SCR006360,C02474,2025-07-21,Ongoing Rescreen,Dow Jones Risk,N,,,N,,Y,Regulatory Fine,Regional News,N,Y,3,Cleared - False Positive
SCR006361,C02475,2025-04-21,Initial,Dow Jones Risk,N,,,N,,N,,,,N,0,No Hit
SCR006362,C02475,2025-10-18,Ongoing Rescreen,World-Check,N,,,N,,N,,,,N,0,No Hit
SCR006363,C02476,2024-03-18,Initial,World-Check,N,,,N,,N,,,,N,0,No Hit
SCR006364,C02476,2024-09-14,Ongoing Rescreen,Dow Jones Risk,Y,OFAC SDN,N,N,,N,,,,Y,1,Cleared - False Positive
SCR006365,C02476,2025-03-13,Ongoing Rescreen,Dow Jones Risk,N,,,N,,N,,,,N,0,No Hit
SCR006366,C02476,2025-09-09,Ongoing Rescreen,LexisNexis Bridger,N,,,N,,N,,,,N,0,No Hit
SCR006367,C02477,2024-04-28,Initial,LexisNexis Bridger,N,,,N,,N,,,,N,0,No Hit
SCR006368,C02477,2024-10-25,Ongoing Rescreen,Dow Jones Risk,N,,,N,,N,,,,N,0,No Hit
SCR006369,C02477,2025-04-23,Ongoing Rescreen,LexisNexis Bridger,N,,,N,,N,,,,N,0,No Hit
SCR006370,C02477,2025-10-20,Ongoing Rescreen,World-Check,N,,,N,,N,,,,N,0,No Hit
SCR006371,C02478,2024-01-29,Initial,World-Check,N,,,N,,Y,Bribery & Corruption,Regional News,N,Y,2,Cleared - False Positive
SCR006372,C02478,2024-07-27,Ongoing Rescreen,World-Check,N,,,N,,N,,,,N,0,No Hit
SCR006373,C02478,2025-01-23,Ongoing Rescreen,LexisNexis Bridger,N,,,N,,N,,,,N,0,No Hit
SCR006374,C02478,2025-07-22,Ongoing Rescreen,LexisNexis Bridger,N,,,N,,N,,,,N,0,No Hit
SCR006375,C02479,2025-11-01,Initial,Dow Jones Risk,N,,,N,,N,,,,N,0,No Hit
SCR006376,C02480,2025-12-22,Initial,LexisNexis Bridger,N,,,N,,N,,,,N,0,No Hit
SCR006377,C02481,2024-08-05,Initial,World-Check,N,,,N,,N,,,,N,0,No Hit
SCR006378,C02481,2025-02-01,Ongoing Rescreen,Dow Jones Risk,N,,,N,,N,,,,N,0,No Hit
SCR006379,C02481,2025-07-31,Ongoing Rescreen,Dow Jones Risk,N,,,N,,N,,,,N,0,No Hit
SCR006380,C02482,2024-11-29,Initial,World-Check,N,,,N,,N,,,,Y,0,No Hit
SCR006381,C02482,2025-05-28,Ongoing Rescreen,Dow Jones Risk,N,,,N,,N,,,,Y,0,No Hit
SCR006382,C02482,2025-11-24,Ongoing Rescreen,World-Check,N,,,N,,N,,,,Y,0,No Hit
SCR006383,C02483,2024-08-08,Initial,Dow Jones Risk,N,,,N,,N,,,,N,0,No Hit
SCR006384,C02483,2025-02-04,Ongoing Rescreen,World-Check,Y,UK HMT/OFSI,N,N,,N,,,,Y,3,Cleared - False Positive
SCR006385,C02483,2025-08-03,Ongoing Rescreen,World-Check,N,,,N,,N,,,,N,0,No Hit
SCR006386,C02484,2025-01-25,Initial,LexisNexis Bridger,N,,,N,,N,,,,N,0,No Hit
SCR006387,C02484,2025-07-24,Ongoing Rescreen,World-Check,N,,,N,,N,,,,N,0,No Hit
SCR006388,C02485,2025-02-06,Initial,LexisNexis Bridger,N,,,N,,N,,,,N,0,No Hit
SCR006389,C02485,2025-08-05,Ongoing Rescreen,LexisNexis Bridger,N,,,N,,N,,,,N,0,No Hit
SCR006390,C02486,2024-07-05,Initial,Dow Jones Risk,N,,,N,,N,,,,N,0,No Hit
SCR006391,C02486,2025-01-01,Ongoing Rescreen,World-Check,N,,,N,,N,,,,N,0,No Hit
SCR006392,C02486,2025-06-30,Ongoing Rescreen,World-Check,N,,,N,,N,,,,N,0,No Hit
SCR006393,C02486,2025-12-27,Ongoing Rescreen,Dow Jones Risk,N,,,N,,N,,,,N,0,No Hit
SCR006394,C02487,2025-04-16,Initial,LexisNexis Bridger,N,,,N,,N,,,,N,0,No Hit
SCR006395,C02487,2025-10-13,Ongoing Rescreen,World-Check,N,,,N,,N,,,,N,0,No Hit
SCR006396,C02488,2024-01-06,Initial,World-Check,N,,,N,,N,,,,N,0,No Hit
SCR006397,C02488,2024-07-04,Ongoing Rescreen,World-Check,N,,,N,,N,,,,N,0,No Hit
SCR006398,C02488,2024-12-31,Ongoing Rescreen,LexisNexis Bridger,N,,,N,,Y,Money Laundering,Court Records,N,Y,1,Cleared - False Positive
SCR006399,C02488,2025-06-29,Ongoing Rescreen,World-Check,N,,,N,,N,,,,N,0,No Hit
SCR006400,C02488,2025-12-26,Ongoing Rescreen,LexisNexis Bridger,N,,,N,,N,,,,N,0,No Hit
SCR006401,C02489,2025-04-16,Initial,LexisNexis Bridger,N,,,N,,N,,,,N,0,No Hit
SCR006402,C02489,2025-10-13,Ongoing Rescreen,Dow Jones Risk,N,,,Y,Foreign PEP,N,,,,Y,2,Cleared - False Positive
SCR006403,C02490,2025-07-02,Initial,LexisNexis Bridger,N,,,N,,N,,,,N,0,No Hit
SCR006404,C02490,2025-12-29,Ongoing Rescreen,LexisNexis Bridger,N,,,N,,N,,,,N,0,No Hit
SCR006405,C02491,2024-02-08,Initial,LexisNexis Bridger,N,,,N,,N,,,,Y,0,No Hit
SCR006406,C02491,2024-08-06,Ongoing Rescreen,World-Check,N,,,N,,N,,,,Y,0,No Hit
SCR006407,C02491,2025-02-02,Ongoing Rescreen,LexisNexis Bridger,N,,,N,,Y,Money Laundering,Regulator Notice,N,Y,5,Cleared - False Positive
SCR006408,C02491,2025-08-01,Ongoing Rescreen,World-Check,N,,,N,,N,,,,Y,0,No Hit
SCR006409,C02492,2025-06-13,Initial,Dow Jones Risk,N,,,N,,N,,,,Y,0,No Hit
SCR006410,C02492,2025-12-10,Ongoing Rescreen,Dow Jones Risk,N,,,N,,N,,,,Y,0,No Hit
SCR006411,C02493,2025-06-23,Initial,LexisNexis Bridger,N,,,N,,Y,Bribery & Corruption,Regional News,Y,Y,4,Escalate to EDD
SCR006412,C02493,2025-12-20,Ongoing Rescreen,World-Check,N,,,N,,N,,,,N,0,No Hit
SCR006413,C02494,2025-12-11,Initial,World-Check,N,,,N,,N,,,,N,0,No Hit
SCR006414,C02495,2025-08-12,Initial,LexisNexis Bridger,N,,,N,,N,,,,N,0,No Hit
SCR006415,C02496,2024-01-16,Initial,LexisNexis Bridger,N,,,N,,N,,,,Y,0,No Hit
SCR006416,C02496,2024-07-14,Ongoing Rescreen,LexisNexis Bridger,N,,,N,,Y,Fraud,Regional News,Y,Y,18,Escalate to EDD
SCR006417,C02496,2025-01-10,Ongoing Rescreen,LexisNexis Bridger,N,,,N,,N,,,,Y,0,No Hit
SCR006418,C02496,2025-07-09,Ongoing Rescreen,Dow Jones Risk,N,,,N,,Y,Organised Crime,Regional News,N,Y,21,Cleared - False Positive
SCR006419,C02497,2024-02-29,Initial,World-Check,N,,,N,,N,,,,N,0,No Hit
SCR006420,C02497,2024-08-27,Ongoing Rescreen,World-Check,N,,,N,,N,,,,N,0,No Hit
SCR006421,C02497,2025-02-23,Ongoing Rescreen,World-Check,N,,,N,,N,,,,N,0,No Hit
SCR006422,C02497,2025-08-22,Ongoing Rescreen,World-Check,N,,,N,,N,,,,N,0,No Hit
SCR006423,C02498,2024-04-10,Initial,World-Check,N,,,N,,Y,Fraud,Online Blog,N,Y,1,Cleared - False Positive
SCR006424,C02498,2024-10-07,Ongoing Rescreen,World-Check,N,,,N,,N,,,,N,0,No Hit
SCR006425,C02498,2025-04-05,Ongoing Rescreen,Dow Jones Risk,N,,,N,,N,,,,N,0,No Hit
SCR006426,C02498,2025-10-02,Ongoing Rescreen,Dow Jones Risk,N,,,N,,N,,,,N,0,No Hit
SCR006427,C02499,2025-03-01,Initial,Dow Jones Risk,N,,,N,,N,,,,Y,0,No Hit
SCR006428,C02499,2025-08-28,Ongoing Rescreen,Dow Jones Risk,N,,,N,,Y,Tax Evasion,Online Blog,N,Y,9,Cleared - False Positive
SCR006429,C02500,2025-06-04,Initial,LexisNexis Bridger,N,,,N,,N,,,,Y,0,No Hit
SCR006430,C02500,2025-12-01,Ongoing Rescreen,World-Check,N,,,N,,N,,,,Y,0,No Hit
SCR006431,C02501,2025-04-26,Initial,World-Check,N,,,N,,N,,,,N,0,No Hit
SCR006432,C02501,2025-10-23,Ongoing Rescreen,LexisNexis Bridger,N,,,N,,N,,,,N,0,No Hit
SCR006433,C02502,2024-08-29,Initial,Dow Jones Risk,N,,,N,,N,,,,N,0,No Hit
SCR006434,C02502,2025-02-25,Ongoing Rescreen,Dow Jones Risk,N,,,N,,N,,,,N,0,No Hit
SCR006435,C02502,2025-08-24,Ongoing Rescreen,LexisNexis Bridger,N,,,N,,N,,,,N,0,No Hit
SCR006436,C02503,2024-05-26,Initial,World-Check,N,,,N,,N,,,,N,0,No Hit
SCR006437,C02503,2024-11-22,Ongoing Rescreen,Dow Jones Risk,N,,,N,,Y,Organised Crime,Court Records,N,Y,4,Cleared - False Positive
SCR006438,C02503,2025-05-21,Ongoing Rescreen,World-Check,N,,,N,,N,,,,N,0,No Hit
SCR006439,C02503,2025-11-17,Ongoing Rescreen,World-Check,N,,,N,,N,,,,N,0,No Hit
SCR006440,C02504,2024-02-16,Initial,LexisNexis Bridger,N,,,N,,Y,Fraud,Online Blog,N,Y,2,Cleared - False Positive
SCR006441,C02504,2024-08-14,Ongoing Rescreen,LexisNexis Bridger,N,,,N,,N,,,,N,0,No Hit
SCR006442,C02504,2025-02-10,Ongoing Rescreen,World-Check,N,,,N,,N,,,,N,0,No Hit
SCR006443,C02504,2025-08-09,Ongoing Rescreen,LexisNexis Bridger,N,,,N,,N,,,,N,0,No Hit
SCR006444,C02505,2024-09-30,Initial,LexisNexis Bridger,N,,,N,,N,,,,N,0,No Hit
SCR006445,C02505,2025-03-29,Ongoing Rescreen,World-Check,N,,,N,,N,,,,N,0,No Hit
SCR006446,C02505,2025-09-25,Ongoing Rescreen,Dow Jones Risk,N,,,N,,N,,,,N,0,No Hit
SCR006447,C02506,2024-08-08,Initial,Dow Jones Risk,N,,,N,,N,,,,N,0,No Hit
SCR006448,C02506,2025-02-04,Ongoing Rescreen,World-Check,N,,,N,,N,,,,N,0,No Hit
SCR006449,C02506,2025-08-03,Ongoing Rescreen,Dow Jones Risk,N,,,N,,N,,,,N,0,No Hit
SCR006450,C02507,2024-08-10,Initial,Dow Jones Risk,N,,,N,,N,,,,N,0,No Hit
SCR006451,C02507,2025-02-06,Ongoing Rescreen,Dow Jones Risk,N,,,N,,N,,,,N,0,No Hit
SCR006452,C02507,2025-08-05,Ongoing Rescreen,World-Check,N,,,N,,N,,,,N,0,No Hit
SCR006453,C02508,2024-03-05,Initial,World-Check,N,,,N,,N,,,,N,0,No Hit
SCR006454,C02508,2024-09-01,Ongoing Rescreen,LexisNexis Bridger,N,,,N,,N,,,,N,0,No Hit
SCR006455,C02508,2025-02-28,Ongoing Rescreen,LexisNexis Bridger,N,,,N,,N,,,,N,0,No Hit
SCR006456,C02508,2025-08-27,Ongoing Rescreen,World-Check,N,,,N,,N,,,,N,0,No Hit
SCR006457,C02509,2024-07-31,Initial,World-Check,N,,,N,,N,,,,N,0,No Hit
SCR006458,C02509,2025-01-27,Ongoing Rescreen,Dow Jones Risk,N,,,N,,N,,,,N,0,No Hit
SCR006459,C02509,2025-07-26,Ongoing Rescreen,Dow Jones Risk,N,,,N,,N,,,,N,0,No Hit
SCR006460,C02510,2025-09-04,Initial,World-Check,N,,,N,,N,,,,N,0,No Hit
SCR006461,C02511,2024-06-25,Initial,Dow Jones Risk,N,,,N,,N,,,,N,0,No Hit
SCR006462,C02511,2024-12-22,Ongoing Rescreen,LexisNexis Bridger,N,,,N,,N,,,,N,0,No Hit
SCR006463,C02511,2025-06-20,Ongoing Rescreen,LexisNexis Bridger,N,,,N,,N,,,,N,0,No Hit
SCR006464,C02511,2025-12-17,Ongoing Rescreen,Dow Jones Risk,N,,,N,,N,,,,N,0,No Hit
SCR006465,C02512,2025-10-03,Initial,World-Check,N,,,N,,N,,,,N,0,No Hit
SCR006466,C02513,2024-03-04,Initial,LexisNexis Bridger,N,,,N,,N,,,,N,0,No Hit
SCR006467,C02513,2024-08-31,Ongoing Rescreen,World-Check,N,,,N,,N,,,,N,0,No Hit
SCR006468,C02513,2025-02-27,Ongoing Rescreen,World-Check,N,,,N,,N,,,,N,0,No Hit
SCR006469,C02513,2025-08-26,Ongoing Rescreen,LexisNexis Bridger,N,,,N,,N,,,,N,0,No Hit
SCR006470,C02514,2025-04-10,Initial,LexisNexis Bridger,N,,,N,,N,,,,N,0,No Hit
SCR006471,C02514,2025-10-07,Ongoing Rescreen,Dow Jones Risk,N,,,N,,N,,,,N,0,No Hit
SCR006472,C02515,2024-03-19,Initial,LexisNexis Bridger,N,,,N,,N,,,,N,0,No Hit
SCR006473,C02515,2024-09-15,Ongoing Rescreen,LexisNexis Bridger,N,,,N,,N,,,,N,0,No Hit
SCR006474,C02515,2025-03-14,Ongoing Rescreen,LexisNexis Bridger,N,,,N,,N,,,,N,0,No Hit
SCR006475,C02515,2025-09-10,Ongoing Rescreen,LexisNexis Bridger,N,,,N,,N,,,,N,0,No Hit
SCR006476,C02516,2024-10-08,Initial,LexisNexis Bridger,N,,,Y,Close Associate,N,,,,Y,25,Cleared - False Positive
SCR006477,C02516,2025-04-06,Ongoing Rescreen,LexisNexis Bridger,N,,,Y,Domestic PEP,N,,,,Y,1,Cleared - False Positive
SCR006478,C02516,2025-10-03,Ongoing Rescreen,Dow Jones Risk,N,,,Y,Close Associate,N,,,,Y,3,Cleared - False Positive
SCR006479,C02517,2025-11-28,Initial,World-Check,N,,,N,,N,,,,N,0,No Hit
SCR006480,C02518,2025-07-15,Initial,World-Check,N,,,N,,N,,,,N,0,No Hit
SCR006481,C02519,2025-01-10,Initial,Dow Jones Risk,N,,,N,,N,,,,N,0,No Hit
SCR006482,C02519,2025-07-09,Ongoing Rescreen,Dow Jones Risk,N,,,N,,N,,,,N,0,No Hit
SCR006483,C02520,2025-04-06,Initial,Dow Jones Risk,N,,,N,,N,,,,N,0,No Hit
SCR006484,C02520,2025-10-03,Ongoing Rescreen,Dow Jones Risk,N,,,N,,N,,,,N,0,No Hit
SCR006485,C02521,2025-04-27,Initial,LexisNexis Bridger,N,,,N,,N,,,,N,0,No Hit
SCR006486,C02521,2025-10-24,Ongoing Rescreen,World-Check,N,,,N,,N,,,,N,0,No Hit
SCR006487,C02522,2025-08-01,Initial,World-Check,N,,,N,,N,,,,N,0,No Hit
SCR006488,C02523,2025-03-09,Initial,LexisNexis Bridger,N,,,N,,N,,,,N,0,No Hit
SCR006489,C02523,2025-09-05,Ongoing Rescreen,World-Check,N,,,N,,N,,,,N,0,No Hit
SCR006490,C02524,2025-01-08,Initial,Dow Jones Risk,N,,,N,,N,,,,N,0,No Hit
SCR006491,C02524,2025-07-07,Ongoing Rescreen,Dow Jones Risk,N,,,N,,N,,,,N,0,No Hit
SCR006492,C02525,2024-02-25,Initial,Dow Jones Risk,N,,,N,,N,,,,N,0,No Hit
SCR006493,C02525,2024-08-23,Ongoing Rescreen,LexisNexis Bridger,N,,,N,,N,,,,N,0,No Hit
SCR006494,C02525,2025-02-19,Ongoing Rescreen,World-Check,N,,,N,,N,,,,N,0,No Hit
SCR006495,C02525,2025-08-18,Ongoing Rescreen,Dow Jones Risk,N,,,N,,N,,,,N,0,No Hit
SCR006496,C02526,2025-12-01,Initial,LexisNexis Bridger,N,,,N,,N,,,,N,0,No Hit
SCR006497,C02527,2025-02-17,Initial,LexisNexis Bridger,N,,,N,,N,,,,N,0,No Hit
SCR006498,C02527,2025-08-16,Ongoing Rescreen,World-Check,N,,,N,,N,,,,N,0,No Hit
SCR006499,C02528,2024-07-31,Initial,Dow Jones Risk,N,,,N,,N,,,,N,0,No Hit
SCR006500,C02528,2025-01-27,Ongoing Rescreen,LexisNexis Bridger,N,,,N,,N,,,,N,0,No Hit
SCR006501,C02528,2025-07-26,Ongoing Rescreen,World-Check,N,,,N,,N,,,,N,0,No Hit
SCR006502,C02529,2024-04-08,Initial,LexisNexis Bridger,N,,,N,,N,,,,N,0,No Hit
SCR006503,C02529,2024-10-05,Ongoing Rescreen,Dow Jones Risk,N,,,N,,N,,,,N,0,No Hit
SCR006504,C02529,2025-04-03,Ongoing Rescreen,LexisNexis Bridger,N,,,N,,N,,,,N,0,No Hit
SCR006505,C02529,2025-09-30,Ongoing Rescreen,Dow Jones Risk,N,,,N,,N,,,,N,0,No Hit
SCR006506,C02530,2025-03-17,Initial,World-Check,N,,,Y,Domestic PEP,N,,,,Y,9,Cleared - False Positive
SCR006507,C02530,2025-09-13,Ongoing Rescreen,World-Check,N,,,Y,Family Member,N,,,,Y,13,Cleared - False Positive
SCR006508,C02531,2025-07-25,Initial,LexisNexis Bridger,N,,,N,,N,,,,N,0,No Hit
SCR006509,C02532,2025-08-13,Initial,World-Check,N,,,N,,N,,,,N,0,No Hit
SCR006510,C02533,2025-10-09,Initial,World-Check,N,,,N,,N,,,,N,0,No Hit
SCR006511,C02534,2025-10-15,Initial,Dow Jones Risk,N,,,N,,Y,Organised Crime,Online Blog,N,Y,9,Cleared - False Positive
SCR006512,C02535,2025-03-31,Initial,Dow Jones Risk,N,,,N,,N,,,,N,0,No Hit
SCR006513,C02535,2025-09-27,Ongoing Rescreen,Dow Jones Risk,N,,,N,,N,,,,N,0,No Hit
SCR006514,C02536,2025-11-23,Initial,Dow Jones Risk,N,,,N,,N,,,,N,0,No Hit
SCR006515,C02537,2024-02-24,Initial,LexisNexis Bridger,N,,,N,,N,,,,N,0,No Hit
SCR006516,C02537,2024-08-22,Ongoing Rescreen,World-Check,N,,,N,,N,,,,N,0,No Hit
SCR006517,C02537,2025-02-18,Ongoing Rescreen,Dow Jones Risk,N,,,N,,N,,,,N,0,No Hit
SCR006518,C02537,2025-08-17,Ongoing Rescreen,LexisNexis Bridger,N,,,N,,N,,,,N,0,No Hit
SCR006519,C02538,2024-10-15,Initial,LexisNexis Bridger,N,,,N,,N,,,,N,0,No Hit
SCR006520,C02538,2025-04-13,Ongoing Rescreen,World-Check,N,,,N,,N,,,,N,0,No Hit
SCR006521,C02538,2025-10-10,Ongoing Rescreen,World-Check,N,,,N,,N,,,,N,0,No Hit
SCR006522,C02539,2024-12-19,Initial,LexisNexis Bridger,N,,,N,,N,,,,N,0,No Hit
SCR006523,C02539,2025-06-17,Ongoing Rescreen,Dow Jones Risk,N,,,N,,N,,,,N,0,No Hit
SCR006524,C02539,2025-12-14,Ongoing Rescreen,Dow Jones Risk,N,,,N,,N,,,,N,0,No Hit
SCR006525,C02540,2025-05-26,Initial,LexisNexis Bridger,N,,,N,,N,,,,N,0,No Hit
SCR006526,C02540,2025-11-22,Ongoing Rescreen,Dow Jones Risk,N,,,N,,N,,,,N,0,No Hit
SCR006527,C02541,2024-08-06,Initial,Dow Jones Risk,N,,,N,,N,,,,N,0,No Hit
SCR006528,C02541,2025-02-02,Ongoing Rescreen,World-Check,N,,,N,,N,,,,N,0,No Hit
SCR006529,C02541,2025-08-01,Ongoing Rescreen,World-Check,N,,,N,,N,,,,N,0,No Hit
SCR006530,C02542,2024-07-31,Initial,World-Check,N,,,N,,N,,,,N,0,No Hit
SCR006531,C02542,2025-01-27,Ongoing Rescreen,World-Check,N,,,N,,N,,,,N,0,No Hit
SCR006532,C02542,2025-07-26,Ongoing Rescreen,Dow Jones Risk,N,,,N,,N,,,,N,0,No Hit
SCR006533,C02543,2025-10-22,Initial,Dow Jones Risk,N,,,N,,N,,,,N,0,No Hit
SCR006534,C02544,2025-04-19,Initial,Dow Jones Risk,N,,,N,,N,,,,N,0,No Hit
SCR006535,C02544,2025-10-16,Ongoing Rescreen,LexisNexis Bridger,N,,,N,,N,,,,N,0,No Hit
SCR006536,C02545,2025-04-09,Initial,World-Check,N,,,N,,N,,,,N,0,No Hit
SCR006537,C02545,2025-10-06,Ongoing Rescreen,LexisNexis Bridger,N,,,N,,N,,,,N,0,No Hit
SCR006538,C02546,2024-05-14,Initial,Dow Jones Risk,N,,,N,,N,,,,N,0,No Hit
SCR006539,C02546,2024-11-10,Ongoing Rescreen,Dow Jones Risk,N,,,N,,N,,,,N,0,No Hit
SCR006540,C02546,2025-05-09,Ongoing Rescreen,LexisNexis Bridger,N,,,N,,N,,,,N,0,No Hit
SCR006541,C02546,2025-11-05,Ongoing Rescreen,World-Check,N,,,N,,N,,,,N,0,No Hit
SCR006542,C02547,2024-12-31,Initial,LexisNexis Bridger,N,,,N,,N,,,,N,0,No Hit
SCR006543,C02547,2025-06-29,Ongoing Rescreen,Dow Jones Risk,N,,,N,,N,,,,N,0,No Hit
SCR006544,C02547,2025-12-26,Ongoing Rescreen,World-Check,N,,,N,,N,,,,N,0,No Hit
SCR006545,C02548,2024-11-04,Initial,World-Check,N,,,N,,N,,,,N,0,No Hit
SCR006546,C02548,2025-05-03,Ongoing Rescreen,Dow Jones Risk,N,,,N,,N,,,,N,0,No Hit
SCR006547,C02548,2025-10-30,Ongoing Rescreen,LexisNexis Bridger,N,,,N,,N,,,,N,0,No Hit
SCR006548,C02549,2025-03-29,Initial,World-Check,N,,,N,,N,,,,N,0,No Hit
SCR006549,C02549,2025-09-25,Ongoing Rescreen,LexisNexis Bridger,N,,,N,,N,,,,N,0,No Hit
SCR006550,C02550,2025-11-03,Initial,Dow Jones Risk,N,,,N,,N,,,,Y,0,No Hit
SCR006551,C02551,2024-07-22,Initial,World-Check,N,,,N,,N,,,,N,0,No Hit
SCR006552,C02551,2025-01-18,Ongoing Rescreen,World-Check,N,,,N,,N,,,,N,0,No Hit
SCR006553,C02551,2025-07-17,Ongoing Rescreen,LexisNexis Bridger,N,,,N,,N,,,,N,0,No Hit
SCR006554,C02552,2025-08-15,Initial,LexisNexis Bridger,N,,,N,,N,,,,N,0,No Hit
SCR006555,C02553,2025-04-08,Initial,LexisNexis Bridger,N,,,N,,N,,,,N,0,No Hit
SCR006556,C02553,2025-10-05,Ongoing Rescreen,Dow Jones Risk,N,,,N,,N,,,,N,0,No Hit
SCR006557,C02554,2024-12-28,Initial,Dow Jones Risk,N,,,N,,N,,,,Y,0,No Hit
SCR006558,C02554,2025-06-26,Ongoing Rescreen,LexisNexis Bridger,N,,,N,,N,,,,Y,0,No Hit
SCR006559,C02554,2025-12-23,Ongoing Rescreen,World-Check,N,,,N,,N,,,,Y,0,No Hit
SCR006560,C02555,2025-11-25,Initial,World-Check,N,,,N,,N,,,,N,0,No Hit
SCR006561,C02556,2024-04-17,Initial,World-Check,N,,,N,,N,,,,Y,0,No Hit
SCR006562,C02556,2024-10-14,Ongoing Rescreen,Dow Jones Risk,N,,,N,,N,,,,Y,0,No Hit
SCR006563,C02556,2025-04-12,Ongoing Rescreen,World-Check,N,,,N,,N,,,,Y,0,No Hit
SCR006564,C02556,2025-10-09,Ongoing Rescreen,LexisNexis Bridger,N,,,N,,Y,Organised Crime,Court Records,N,Y,18,Cleared - False Positive
SCR006565,C02557,2025-05-10,Initial,Dow Jones Risk,N,,,N,,N,,,,N,0,No Hit
SCR006566,C02557,2025-11-06,Ongoing Rescreen,Dow Jones Risk,N,,,N,,N,,,,N,0,No Hit
SCR006567,C02558,2024-10-18,Initial,World-Check,N,,,N,,N,,,,N,0,No Hit
SCR006568,C02558,2025-04-16,Ongoing Rescreen,LexisNexis Bridger,N,,,N,,N,,,,N,0,No Hit
SCR006569,C02558,2025-10-13,Ongoing Rescreen,Dow Jones Risk,N,,,N,,N,,,,N,0,No Hit
SCR006570,C02559,2025-05-13,Initial,Dow Jones Risk,N,,,N,,N,,,,N,0,No Hit
SCR006571,C02559,2025-11-09,Ongoing Rescreen,World-Check,N,,,N,,N,,,,N,0,No Hit
SCR006572,C02560,2024-04-11,Initial,World-Check,N,,,N,,N,,,,N,0,No Hit
SCR006573,C02560,2024-10-08,Ongoing Rescreen,World-Check,N,,,N,,N,,,,N,0,No Hit
SCR006574,C02560,2025-04-06,Ongoing Rescreen,LexisNexis Bridger,N,,,N,,Y,Regulatory Fine,Court Records,N,Y,5,Cleared - False Positive
SCR006575,C02560,2025-10-03,Ongoing Rescreen,Dow Jones Risk,N,,,N,,N,,,,N,0,No Hit
SCR006576,C02561,2025-06-22,Initial,LexisNexis Bridger,N,,,N,,N,,,,Y,0,No Hit
SCR006577,C02561,2025-12-19,Ongoing Rescreen,Dow Jones Risk,N,,,N,,N,,,,Y,0,No Hit
SCR006578,C02562,2024-02-20,Initial,LexisNexis Bridger,N,,,N,,N,,,,N,0,No Hit
SCR006579,C02562,2024-08-18,Ongoing Rescreen,Dow Jones Risk,N,,,N,,N,,,,N,0,No Hit
SCR006580,C02562,2025-02-14,Ongoing Rescreen,LexisNexis Bridger,N,,,N,,N,,,,N,0,No Hit
SCR006581,C02562,2025-08-13,Ongoing Rescreen,LexisNexis Bridger,N,,,N,,N,,,,N,0,No Hit
SCR006582,C02563,2024-09-12,Initial,LexisNexis Bridger,N,,,N,,N,,,,N,0,No Hit
SCR006583,C02563,2025-03-11,Ongoing Rescreen,LexisNexis Bridger,Y,UN Consolidated,N,N,,Y,Organised Crime,Regulator Notice,N,Y,4,Cleared - False Positive
SCR006584,C02563,2025-09-07,Ongoing Rescreen,LexisNexis Bridger,N,,,N,,N,,,,N,0,No Hit
SCR006585,C02564,2025-10-24,Initial,Dow Jones Risk,N,,,N,,N,,,,N,0,No Hit
SCR006586,C02565,2025-04-07,Initial,World-Check,N,,,N,,N,,,,N,0,No Hit
SCR006587,C02565,2025-10-04,Ongoing Rescreen,LexisNexis Bridger,N,,,N,,N,,,,N,0,No Hit
SCR006588,C02566,2024-12-25,Initial,World-Check,N,,,N,,N,,,,N,0,No Hit
SCR006589,C02566,2025-06-23,Ongoing Rescreen,World-Check,N,,,N,,N,,,,N,0,No Hit
SCR006590,C02566,2025-12-20,Ongoing Rescreen,LexisNexis Bridger,N,,,N,,N,,,,N,0,No Hit
SCR006591,C02567,2024-08-29,Initial,World-Check,N,,,N,,N,,,,N,0,No Hit
SCR006592,C02567,2025-02-25,Ongoing Rescreen,LexisNexis Bridger,N,,,N,,N,,,,N,0,No Hit
SCR006593,C02567,2025-08-24,Ongoing Rescreen,World-Check,N,,,N,,N,,,,N,0,No Hit
SCR006594,C02568,2024-03-06,Initial,World-Check,N,,,N,,N,,,,N,0,No Hit
SCR006595,C02568,2024-09-02,Ongoing Rescreen,World-Check,N,,,N,,N,,,,N,0,No Hit
SCR006596,C02568,2025-03-01,Ongoing Rescreen,LexisNexis Bridger,N,,,N,,N,,,,N,0,No Hit
SCR006597,C02568,2025-08-28,Ongoing Rescreen,Dow Jones Risk,N,,,N,,N,,,,N,0,No Hit
SCR006598,C02569,2024-03-22,Initial,Dow Jones Risk,N,,,N,,N,,,,N,0,No Hit
SCR006599,C02569,2024-09-18,Ongoing Rescreen,LexisNexis Bridger,N,,,N,,N,,,,N,0,No Hit
SCR006600,C02569,2025-03-17,Ongoing Rescreen,World-Check,N,,,N,,N,,,,N,0,No Hit
SCR006601,C02569,2025-09-13,Ongoing Rescreen,LexisNexis Bridger,N,,,N,,N,,,,N,0,No Hit
SCR006602,C02570,2025-06-07,Initial,LexisNexis Bridger,N,,,N,,N,,,,N,0,No Hit
SCR006603,C02570,2025-12-04,Ongoing Rescreen,LexisNexis Bridger,N,,,N,,N,,,,N,0,No Hit
SCR006604,C02571,2024-07-19,Initial,LexisNexis Bridger,N,,,N,,N,,,,N,0,No Hit
SCR006605,C02571,2025-01-15,Ongoing Rescreen,World-Check,N,,,N,,N,,,,N,0,No Hit
SCR006606,C02571,2025-07-14,Ongoing Rescreen,World-Check,N,,,N,,N,,,,N,0,No Hit
SCR006607,C02572,2024-02-24,Initial,Dow Jones Risk,N,,,N,,N,,,,N,0,No Hit
SCR006608,C02572,2024-08-22,Ongoing Rescreen,LexisNexis Bridger,N,,,N,,N,,,,N,0,No Hit
SCR006609,C02572,2025-02-18,Ongoing Rescreen,World-Check,N,,,N,,N,,,,N,0,No Hit
SCR006610,C02572,2025-08-17,Ongoing Rescreen,Dow Jones Risk,N,,,N,,N,,,,N,0,No Hit
SCR006611,C02573,2024-11-16,Initial,World-Check,N,,,N,,N,,,,N,0,No Hit
SCR006612,C02573,2025-05-15,Ongoing Rescreen,Dow Jones Risk,N,,,N,,N,,,,N,0,No Hit
SCR006613,C02573,2025-11-11,Ongoing Rescreen,LexisNexis Bridger,N,,,N,,N,,,,N,0,No Hit
SCR006614,C02574,2024-10-16,Initial,LexisNexis Bridger,N,,,N,,N,,,,N,0,No Hit
SCR006615,C02574,2025-04-14,Ongoing Rescreen,World-Check,N,,,N,,N,,,,N,0,No Hit
SCR006616,C02574,2025-10-11,Ongoing Rescreen,LexisNexis Bridger,N,,,N,,N,,,,N,0,No Hit
SCR006617,C02575,2025-12-01,Initial,Dow Jones Risk,N,,,N,,N,,,,N,0,No Hit
SCR006618,C02576,2024-06-17,Initial,World-Check,N,,,N,,N,,,,N,0,No Hit
SCR006619,C02576,2024-12-14,Ongoing Rescreen,Dow Jones Risk,N,,,N,,N,,,,N,0,No Hit
SCR006620,C02576,2025-06-12,Ongoing Rescreen,World-Check,N,,,N,,N,,,,N,0,No Hit
SCR006621,C02576,2025-12-09,Ongoing Rescreen,LexisNexis Bridger,N,,,N,,N,,,,N,0,No Hit
SCR006622,C02577,2024-07-14,Initial,World-Check,N,,,N,,N,,,,N,0,No Hit
SCR006623,C02577,2025-01-10,Ongoing Rescreen,World-Check,N,,,N,,N,,,,N,0,No Hit
SCR006624,C02577,2025-07-09,Ongoing Rescreen,World-Check,N,,,N,,N,,,,N,0,No Hit
SCR006625,C02578,2024-04-30,Initial,World-Check,N,,,N,,N,,,,N,0,No Hit
SCR006626,C02578,2024-10-27,Ongoing Rescreen,World-Check,N,,,N,,N,,,,N,0,No Hit
SCR006627,C02578,2025-04-25,Ongoing Rescreen,Dow Jones Risk,N,,,N,,N,,,,N,0,No Hit
SCR006628,C02578,2025-10-22,Ongoing Rescreen,Dow Jones Risk,N,,,N,,N,,,,N,0,No Hit
SCR006629,C02579,2024-05-17,Initial,LexisNexis Bridger,N,,,N,,N,,,,N,0,No Hit
SCR006630,C02579,2024-11-13,Ongoing Rescreen,Dow Jones Risk,N,,,Y,Domestic PEP,N,,,,Y,2,Cleared - False Positive
SCR006631,C02579,2025-05-12,Ongoing Rescreen,LexisNexis Bridger,N,,,N,,N,,,,N,0,No Hit
SCR006632,C02579,2025-11-08,Ongoing Rescreen,World-Check,N,,,N,,N,,,,N,0,No Hit
SCR006633,C02580,2025-01-25,Initial,LexisNexis Bridger,N,,,N,,N,,,,N,0,No Hit
SCR006634,C02580,2025-07-24,Ongoing Rescreen,LexisNexis Bridger,N,,,N,,N,,,,N,0,No Hit
SCR006635,C02581,2024-06-11,Initial,World-Check,N,,,N,,N,,,,Y,0,No Hit
SCR006636,C02581,2024-12-08,Ongoing Rescreen,LexisNexis Bridger,N,,,N,,N,,,,Y,0,No Hit
SCR006637,C02581,2025-06-06,Ongoing Rescreen,LexisNexis Bridger,Y,EU Consolidated,N,N,,N,,,,Y,8,Cleared - False Positive
SCR006638,C02581,2025-12-03,Ongoing Rescreen,Dow Jones Risk,N,,,N,,N,,,,Y,0,No Hit
SCR006639,C02582,2025-06-10,Initial,LexisNexis Bridger,N,,,N,,N,,,,N,0,No Hit
SCR006640,C02582,2025-12-07,Ongoing Rescreen,World-Check,N,,,N,,N,,,,N,0,No Hit
SCR006641,C02583,2025-08-20,Initial,World-Check,N,,,N,,N,,,,N,0,No Hit
SCR006642,C02584,2024-12-22,Initial,World-Check,N,,,N,,N,,,,N,0,No Hit
SCR006643,C02584,2025-06-20,Ongoing Rescreen,LexisNexis Bridger,N,,,N,,N,,,,N,0,No Hit
SCR006644,C02584,2025-12-17,Ongoing Rescreen,Dow Jones Risk,N,,,N,,N,,,,N,0,No Hit
SCR006645,C02585,2024-06-24,Initial,World-Check,N,,,N,,N,,,,N,0,No Hit
SCR006646,C02585,2024-12-21,Ongoing Rescreen,LexisNexis Bridger,N,,,N,,N,,,,N,0,No Hit
SCR006647,C02585,2025-06-19,Ongoing Rescreen,LexisNexis Bridger,N,,,N,,N,,,,N,0,No Hit
SCR006648,C02585,2025-12-16,Ongoing Rescreen,World-Check,N,,,N,,N,,,,N,0,No Hit
SCR006649,C02586,2025-08-23,Initial,LexisNexis Bridger,N,,,N,,N,,,,N,0,No Hit
SCR006650,C02587,2025-12-07,Initial,World-Check,N,,,N,,N,,,,N,0,No Hit
SCR006651,C02588,2025-11-01,Initial,Dow Jones Risk,N,,,N,,N,,,,N,0,No Hit
SCR006652,C02589,2025-11-03,Initial,World-Check,N,,,N,,N,,,,N,0,No Hit
SCR006653,C02590,2025-08-13,Initial,World-Check,N,,,N,,N,,,,N,0,No Hit
SCR006654,C02591,2025-06-23,Initial,World-Check,N,,,N,,N,,,,N,0,No Hit
SCR006655,C02591,2025-12-20,Ongoing Rescreen,LexisNexis Bridger,N,,,N,,N,,,,N,0,No Hit
SCR006656,C02592,2025-11-30,Initial,Dow Jones Risk,N,,,N,,N,,,,N,0,No Hit
SCR006657,C02593,2024-09-05,Initial,LexisNexis Bridger,N,,,N,,N,,,,Y,0,No Hit
SCR006658,C02593,2025-03-04,Ongoing Rescreen,World-Check,N,,,N,,N,,,,Y,0,No Hit
SCR006659,C02593,2025-08-31,Ongoing Rescreen,LexisNexis Bridger,N,,,N,,Y,Regulatory Fine,National News,N,Y,4,Cleared - False Positive
SCR006660,C02594,2025-11-10,Initial,Dow Jones Risk,N,,,N,,N,,,,N,0,No Hit
SCR006661,C02595,2024-01-16,Initial,LexisNexis Bridger,N,,,N,,N,,,,N,0,No Hit
SCR006662,C02595,2024-07-14,Ongoing Rescreen,Dow Jones Risk,N,,,N,,N,,,,N,0,No Hit
SCR006663,C02595,2025-01-10,Ongoing Rescreen,LexisNexis Bridger,N,,,N,,N,,,,N,0,No Hit
SCR006664,C02595,2025-07-09,Ongoing Rescreen,Dow Jones Risk,N,,,N,,N,,,,N,0,No Hit
SCR006665,C02596,2025-08-31,Initial,Dow Jones Risk,N,,,N,,N,,,,N,0,No Hit
SCR006666,C02597,2024-09-01,Initial,Dow Jones Risk,N,,,N,,N,,,,N,0,No Hit
SCR006667,C02597,2025-02-28,Ongoing Rescreen,Dow Jones Risk,N,,,N,,N,,,,N,0,No Hit
SCR006668,C02597,2025-08-27,Ongoing Rescreen,Dow Jones Risk,N,,,N,,N,,,,N,0,No Hit
SCR006669,C02598,2024-08-01,Initial,LexisNexis Bridger,N,,,N,,N,,,,N,0,No Hit
SCR006670,C02598,2025-01-28,Ongoing Rescreen,Dow Jones Risk,N,,,N,,N,,,,N,0,No Hit
SCR006671,C02598,2025-07-27,Ongoing Rescreen,World-Check,N,,,N,,N,,,,N,0,No Hit
SCR006672,C02599,2025-05-08,Initial,LexisNexis Bridger,N,,,N,,N,,,,N,0,No Hit
SCR006673,C02599,2025-11-04,Ongoing Rescreen,LexisNexis Bridger,N,,,N,,N,,,,N,0,No Hit
SCR006674,C02600,2024-05-07,Initial,Dow Jones Risk,N,,,N,,N,,,,Y,0,No Hit
SCR006675,C02600,2024-11-03,Ongoing Rescreen,World-Check,N,,,N,,N,,,,Y,0,No Hit
SCR006676,C02600,2025-05-02,Ongoing Rescreen,LexisNexis Bridger,N,,,N,,N,,,,Y,0,No Hit
SCR006677,C02600,2025-10-29,Ongoing Rescreen,LexisNexis Bridger,N,,,N,,Y,Bribery & Corruption,Regulator Notice,N,Y,13,Cleared - False Positive
SCR006678,C02601,2025-12-27,Initial,LexisNexis Bridger,N,,,N,,N,,,,N,0,No Hit
SCR006679,C02602,2025-06-15,Initial,Dow Jones Risk,N,,,N,,N,,,,N,0,No Hit
SCR006680,C02602,2025-12-12,Ongoing Rescreen,World-Check,N,,,N,,N,,,,N,0,No Hit
SCR006681,C02603,2024-01-15,Initial,Dow Jones Risk,N,,,N,,N,,,,N,0,No Hit
SCR006682,C02603,2024-07-13,Ongoing Rescreen,World-Check,N,,,N,,N,,,,N,0,No Hit
SCR006683,C02603,2025-01-09,Ongoing Rescreen,LexisNexis Bridger,N,,,N,,N,,,,N,0,No Hit
SCR006684,C02603,2025-07-08,Ongoing Rescreen,LexisNexis Bridger,N,,,N,,N,,,,N,0,No Hit
SCR006685,C02604,2025-09-10,Initial,LexisNexis Bridger,N,,,N,,Y,Organised Crime,National News,Y,Y,6,Escalate to EDD
SCR006686,C02605,2024-03-19,Initial,LexisNexis Bridger,N,,,N,,N,,,,N,0,No Hit
SCR006687,C02605,2024-09-15,Ongoing Rescreen,World-Check,N,,,N,,N,,,,N,0,No Hit
SCR006688,C02605,2025-03-14,Ongoing Rescreen,LexisNexis Bridger,N,,,N,,N,,,,N,0,No Hit
SCR006689,C02605,2025-09-10,Ongoing Rescreen,LexisNexis Bridger,N,,,N,,N,,,,N,0,No Hit
SCR006690,C02606,2025-08-24,Initial,LexisNexis Bridger,N,,,N,,N,,,,N,0,No Hit
SCR006691,C02607,2025-08-17,Initial,Dow Jones Risk,N,,,N,,N,,,,Y,0,No Hit
SCR006692,C02608,2025-04-15,Initial,LexisNexis Bridger,N,,,N,,N,,,,N,0,No Hit
SCR006693,C02608,2025-10-12,Ongoing Rescreen,World-Check,N,,,N,,Y,Regulatory Fine,Court Records,N,Y,1,Cleared - False Positive
SCR006694,C02609,2025-03-14,Initial,World-Check,N,,,N,,N,,,,N,0,No Hit
SCR006695,C02609,2025-09-10,Ongoing Rescreen,World-Check,N,,,N,,N,,,,N,0,No Hit
SCR006696,C02610,2025-08-29,Initial,Dow Jones Risk,N,,,N,,N,,,,N,0,No Hit
SCR006697,C02611,2025-09-13,Initial,LexisNexis Bridger,N,,,N,,N,,,,N,0,No Hit
SCR006698,C02612,2025-05-31,Initial,LexisNexis Bridger,N,,,N,,N,,,,N,0,No Hit
SCR006699,C02612,2025-11-27,Ongoing Rescreen,LexisNexis Bridger,N,,,N,,N,,,,N,0,No Hit
SCR006700,C02613,2024-05-04,Initial,LexisNexis Bridger,N,,,N,,N,,,,N,0,No Hit
SCR006701,C02613,2024-10-31,Ongoing Rescreen,World-Check,N,,,N,,N,,,,N,0,No Hit
SCR006702,C02613,2025-04-29,Ongoing Rescreen,World-Check,N,,,N,,N,,,,N,0,No Hit
SCR006703,C02613,2025-10-26,Ongoing Rescreen,LexisNexis Bridger,N,,,N,,N,,,,N,0,No Hit
SCR006704,C02614,2025-05-01,Initial,Dow Jones Risk,N,,,N,,N,,,,N,0,No Hit
SCR006705,C02614,2025-10-28,Ongoing Rescreen,World-Check,N,,,N,,N,,,,N,0,No Hit
SCR006706,C02615,2024-05-27,Initial,Dow Jones Risk,N,,,N,,N,,,,Y,0,No Hit
SCR006707,C02615,2024-11-23,Ongoing Rescreen,LexisNexis Bridger,N,,,N,,N,,,,Y,0,No Hit
SCR006708,C02615,2025-05-22,Ongoing Rescreen,Dow Jones Risk,N,,,N,,N,,,,Y,0,No Hit
SCR006709,C02615,2025-11-18,Ongoing Rescreen,World-Check,N,,,N,,Y,Fraud,National News,N,Y,14,Cleared - False Positive
SCR006710,C02616,2024-02-04,Initial,LexisNexis Bridger,N,,,N,,N,,,,N,0,No Hit
SCR006711,C02616,2024-08-02,Ongoing Rescreen,Dow Jones Risk,N,,,N,,N,,,,N,0,No Hit
SCR006712,C02616,2025-01-29,Ongoing Rescreen,LexisNexis Bridger,N,,,N,,N,,,,N,0,No Hit
SCR006713,C02616,2025-07-28,Ongoing Rescreen,World-Check,N,,,N,,N,,,,N,0,No Hit
SCR006714,C02617,2024-04-20,Initial,Dow Jones Risk,N,,,N,,N,,,,N,0,No Hit
SCR006715,C02617,2024-10-17,Ongoing Rescreen,World-Check,N,,,N,,N,,,,N,0,No Hit
SCR006716,C02617,2025-04-15,Ongoing Rescreen,LexisNexis Bridger,N,,,N,,N,,,,N,0,No Hit
SCR006717,C02617,2025-10-12,Ongoing Rescreen,Dow Jones Risk,N,,,N,,N,,,,N,0,No Hit
SCR006718,C02618,2024-12-02,Initial,World-Check,N,,,N,,N,,,,N,0,No Hit
SCR006719,C02618,2025-05-31,Ongoing Rescreen,LexisNexis Bridger,N,,,N,,N,,,,N,0,No Hit
SCR006720,C02618,2025-11-27,Ongoing Rescreen,Dow Jones Risk,N,,,N,,N,,,,N,0,No Hit
SCR006721,C02619,2025-12-05,Initial,Dow Jones Risk,N,,,N,,N,,,,N,0,No Hit
SCR006722,C02620,2024-01-25,Initial,Dow Jones Risk,Y,UN Consolidated,N,N,,N,,,,Y,2,Cleared - False Positive
SCR006723,C02620,2024-07-23,Ongoing Rescreen,World-Check,N,,,N,,N,,,,N,0,No Hit
SCR006724,C02620,2025-01-19,Ongoing Rescreen,Dow Jones Risk,N,,,N,,N,,,,N,0,No Hit
SCR006725,C02620,2025-07-18,Ongoing Rescreen,LexisNexis Bridger,N,,,N,,N,,,,N,0,No Hit
SCR006726,C02621,2024-02-24,Initial,LexisNexis Bridger,N,,,N,,N,,,,N,0,No Hit
SCR006727,C02621,2024-08-22,Ongoing Rescreen,LexisNexis Bridger,N,,,N,,N,,,,N,0,No Hit
SCR006728,C02621,2025-02-18,Ongoing Rescreen,World-Check,N,,,N,,N,,,,N,0,No Hit
SCR006729,C02621,2025-08-17,Ongoing Rescreen,World-Check,N,,,N,,N,,,,N,0,No Hit
SCR006730,C02622,2024-03-08,Initial,LexisNexis Bridger,N,,,N,,N,,,,N,0,No Hit
SCR006731,C02622,2024-09-04,Ongoing Rescreen,LexisNexis Bridger,N,,,N,,N,,,,N,0,No Hit
SCR006732,C02622,2025-03-03,Ongoing Rescreen,Dow Jones Risk,N,,,N,,N,,,,N,0,No Hit
SCR006733,C02622,2025-08-30,Ongoing Rescreen,LexisNexis Bridger,N,,,N,,N,,,,N,0,No Hit
SCR006734,C02623,2024-05-19,Initial,LexisNexis Bridger,N,,,Y,Family Member,N,,,,Y,1,Cleared - False Positive
SCR006735,C02623,2024-11-15,Ongoing Rescreen,LexisNexis Bridger,N,,,Y,Domestic PEP,N,,,,Y,5,Cleared - False Positive
SCR006736,C02623,2025-05-14,Ongoing Rescreen,World-Check,N,,,Y,Close Associate,N,,,,Y,2,Cleared - False Positive
SCR006737,C02623,2025-11-10,Ongoing Rescreen,World-Check,N,,,Y,Domestic PEP,N,,,,Y,4,Cleared - False Positive
SCR006738,C02624,2025-01-30,Initial,World-Check,N,,,N,,N,,,,N,0,No Hit
SCR006739,C02624,2025-07-29,Ongoing Rescreen,Dow Jones Risk,N,,,N,,N,,,,N,0,No Hit
SCR006740,C02625,2025-08-23,Initial,World-Check,N,,,N,,N,,,,N,0,No Hit
SCR006741,C02626,2024-02-04,Initial,Dow Jones Risk,N,,,N,,N,,,,N,0,No Hit
SCR006742,C02626,2024-08-02,Ongoing Rescreen,LexisNexis Bridger,N,,,N,,N,,,,N,0,No Hit
SCR006743,C02626,2025-01-29,Ongoing Rescreen,World-Check,N,,,N,,N,,,,N,0,No Hit
SCR006744,C02626,2025-07-28,Ongoing Rescreen,LexisNexis Bridger,N,,,N,,N,,,,N,0,No Hit
SCR006745,C02627,2025-08-11,Initial,LexisNexis Bridger,N,,,N,,N,,,,N,0,No Hit
SCR006746,C02628,2025-10-29,Initial,LexisNexis Bridger,N,,,N,,N,,,,N,0,No Hit
SCR006747,C02629,2024-02-28,Initial,LexisNexis Bridger,N,,,N,,N,,,,N,0,No Hit
SCR006748,C02629,2024-08-26,Ongoing Rescreen,Dow Jones Risk,N,,,N,,Y,Money Laundering,Regulator Notice,N,Y,2,Cleared - False Positive
SCR006749,C02629,2025-02-22,Ongoing Rescreen,Dow Jones Risk,N,,,N,,N,,,,N,0,No Hit
SCR006750,C02629,2025-08-21,Ongoing Rescreen,World-Check,N,,,N,,N,,,,N,0,No Hit
SCR006751,C02630,2024-11-25,Initial,LexisNexis Bridger,N,,,N,,N,,,,Y,0,No Hit
SCR006752,C02630,2025-05-24,Ongoing Rescreen,Dow Jones Risk,N,,,N,,N,,,,Y,0,No Hit
SCR006753,C02630,2025-11-20,Ongoing Rescreen,LexisNexis Bridger,N,,,N,,N,,,,Y,0,No Hit
SCR006754,C02631,2025-08-18,Initial,Dow Jones Risk,N,,,N,,N,,,,N,0,No Hit
SCR006755,C02632,2025-05-26,Initial,LexisNexis Bridger,N,,,N,,N,,,,N,0,No Hit
SCR006756,C02632,2025-11-22,Ongoing Rescreen,Dow Jones Risk,N,,,N,,N,,,,N,0,No Hit
SCR006757,C02633,2024-05-15,Initial,World-Check,N,,,N,,N,,,,N,0,No Hit
SCR006758,C02633,2024-11-11,Ongoing Rescreen,Dow Jones Risk,N,,,N,,N,,,,N,0,No Hit
SCR006759,C02633,2025-05-10,Ongoing Rescreen,Dow Jones Risk,N,,,N,,N,,,,N,0,No Hit
SCR006760,C02633,2025-11-06,Ongoing Rescreen,Dow Jones Risk,N,,,N,,N,,,,N,0,No Hit
SCR006761,C02634,2024-04-18,Initial,Dow Jones Risk,N,,,N,,N,,,,N,0,No Hit
SCR006762,C02634,2024-10-15,Ongoing Rescreen,LexisNexis Bridger,N,,,N,,N,,,,N,0,No Hit
SCR006763,C02634,2025-04-13,Ongoing Rescreen,Dow Jones Risk,N,,,N,,N,,,,N,0,No Hit
SCR006764,C02634,2025-10-10,Ongoing Rescreen,Dow Jones Risk,N,,,N,,N,,,,N,0,No Hit
SCR006765,C02635,2024-11-21,Initial,LexisNexis Bridger,N,,,N,,N,,,,N,0,No Hit
SCR006766,C02635,2025-05-20,Ongoing Rescreen,World-Check,N,,,N,,N,,,,N,0,No Hit
SCR006767,C02635,2025-11-16,Ongoing Rescreen,Dow Jones Risk,N,,,N,,N,,,,N,0,No Hit
SCR006768,C02636,2025-09-11,Initial,Dow Jones Risk,N,,,Y,Foreign PEP,N,,,,Y,5,Cleared - False Positive
SCR006769,C02637,2025-11-24,Initial,Dow Jones Risk,N,,,N,,N,,,,N,0,No Hit
SCR006770,C02638,2024-12-15,Initial,World-Check,N,,,N,,N,,,,N,0,No Hit
SCR006771,C02638,2025-06-13,Ongoing Rescreen,World-Check,N,,,N,,N,,,,N,0,No Hit
SCR006772,C02638,2025-12-10,Ongoing Rescreen,World-Check,N,,,N,,N,,,,N,0,No Hit
SCR006773,C02639,2025-01-22,Initial,World-Check,N,,,N,,N,,,,N,0,No Hit
SCR006774,C02639,2025-07-21,Ongoing Rescreen,LexisNexis Bridger,N,,,N,,N,,,,N,0,No Hit
SCR006775,C02640,2025-02-12,Initial,Dow Jones Risk,N,,,N,,N,,,,N,0,No Hit
SCR006776,C02640,2025-08-11,Ongoing Rescreen,World-Check,N,,,N,,N,,,,N,0,No Hit
SCR006777,C02641,2024-12-24,Initial,LexisNexis Bridger,N,,,N,,N,,,,N,0,No Hit
SCR006778,C02641,2025-06-22,Ongoing Rescreen,LexisNexis Bridger,N,,,N,,N,,,,N,0,No Hit
SCR006779,C02641,2025-12-19,Ongoing Rescreen,Dow Jones Risk,N,,,N,,N,,,,N,0,No Hit
SCR006780,C02642,2025-04-19,Initial,LexisNexis Bridger,N,,,N,,N,,,,N,0,No Hit
SCR006781,C02642,2025-10-16,Ongoing Rescreen,LexisNexis Bridger,N,,,N,,N,,,,N,0,No Hit
SCR006782,C02643,2024-07-19,Initial,Dow Jones Risk,N,,,N,,N,,,,N,0,No Hit
SCR006783,C02643,2025-01-15,Ongoing Rescreen,World-Check,N,,,N,,N,,,,N,0,No Hit
SCR006784,C02643,2025-07-14,Ongoing Rescreen,Dow Jones Risk,N,,,N,,N,,,,N,0,No Hit
SCR006785,C02644,2025-01-29,Initial,Dow Jones Risk,N,,,N,,Y,Organised Crime,Regional News,N,Y,2,Cleared - False Positive
SCR006786,C02644,2025-07-28,Ongoing Rescreen,LexisNexis Bridger,N,,,N,,N,,,,N,0,No Hit
SCR006787,C02645,2025-03-24,Initial,Dow Jones Risk,N,,,N,,N,,,,N,0,No Hit
SCR006788,C02645,2025-09-20,Ongoing Rescreen,World-Check,N,,,N,,N,,,,N,0,No Hit
SCR006789,C02646,2025-02-15,Initial,LexisNexis Bridger,N,,,N,,N,,,,N,0,No Hit
SCR006790,C02646,2025-08-14,Ongoing Rescreen,LexisNexis Bridger,N,,,N,,N,,,,N,0,No Hit
SCR006791,C02647,2025-12-13,Initial,LexisNexis Bridger,N,,,N,,N,,,,N,0,No Hit
SCR006792,C02648,2025-06-28,Initial,World-Check,N,,,N,,N,,,,N,0,No Hit
SCR006793,C02648,2025-12-25,Ongoing Rescreen,Dow Jones Risk,N,,,N,,N,,,,N,0,No Hit
SCR006794,C02649,2025-06-20,Initial,Dow Jones Risk,N,,,N,,N,,,,N,0,No Hit
SCR006795,C02649,2025-12-17,Ongoing Rescreen,Dow Jones Risk,N,,,N,,N,,,,N,0,No Hit
SCR006796,C02650,2025-08-12,Initial,World-Check,N,,,N,,N,,,,N,0,No Hit
SCR006797,C02651,2025-01-20,Initial,Dow Jones Risk,N,,,N,,N,,,,N,0,No Hit
SCR006798,C02651,2025-07-19,Ongoing Rescreen,Dow Jones Risk,N,,,N,,N,,,,N,0,No Hit
SCR006799,C02652,2024-08-11,Initial,Dow Jones Risk,N,,,N,,N,,,,N,0,No Hit
SCR006800,C02652,2025-02-07,Ongoing Rescreen,LexisNexis Bridger,N,,,N,,Y,Organised Crime,Regulator Notice,Y,Y,4,Escalate to EDD
SCR006801,C02652,2025-08-06,Ongoing Rescreen,LexisNexis Bridger,N,,,N,,N,,,,N,0,No Hit
SCR006802,C02653,2025-01-26,Initial,LexisNexis Bridger,N,,,N,,N,,,,N,0,No Hit
SCR006803,C02653,2025-07-25,Ongoing Rescreen,Dow Jones Risk,N,,,N,,N,,,,N,0,No Hit
SCR006804,C02654,2025-11-05,Initial,Dow Jones Risk,N,,,N,,N,,,,N,0,No Hit
SCR006805,C02655,2025-10-04,Initial,LexisNexis Bridger,N,,,N,,N,,,,N,0,No Hit
SCR006806,C02656,2024-09-15,Initial,World-Check,N,,,N,,N,,,,Y,0,No Hit
SCR006807,C02656,2025-03-14,Ongoing Rescreen,LexisNexis Bridger,N,,,N,,N,,,,Y,0,No Hit
SCR006808,C02656,2025-09-10,Ongoing Rescreen,Dow Jones Risk,N,,,N,,Y,Organised Crime,Regional News,N,Y,7,Cleared - False Positive
SCR006809,C02657,2024-12-19,Initial,World-Check,N,,,N,,N,,,,N,0,No Hit
SCR006810,C02657,2025-06-17,Ongoing Rescreen,World-Check,N,,,N,,N,,,,N,0,No Hit
SCR006811,C02657,2025-12-14,Ongoing Rescreen,LexisNexis Bridger,Y,UK HMT/OFSI,N,N,,N,,,,Y,3,Cleared - False Positive
SCR006812,C02658,2024-07-18,Initial,World-Check,N,,,N,,N,,,,N,0,No Hit
SCR006813,C02658,2025-01-14,Ongoing Rescreen,Dow Jones Risk,N,,,N,,N,,,,N,0,No Hit
SCR006814,C02658,2025-07-13,Ongoing Rescreen,Dow Jones Risk,N,,,N,,N,,,,N,0,No Hit
SCR006815,C02659,2024-01-09,Initial,World-Check,N,,,N,,N,,,,N,0,No Hit
SCR006816,C02659,2024-07-07,Ongoing Rescreen,Dow Jones Risk,N,,,N,,N,,,,N,0,No Hit
SCR006817,C02659,2025-01-03,Ongoing Rescreen,Dow Jones Risk,N,,,N,,N,,,,N,0,No Hit
SCR006818,C02659,2025-07-02,Ongoing Rescreen,Dow Jones Risk,N,,,N,,N,,,,N,0,No Hit
SCR006819,C02659,2025-12-29,Ongoing Rescreen,LexisNexis Bridger,N,,,N,,N,,,,N,0,No Hit
SCR006820,C02660,2024-08-15,Initial,Dow Jones Risk,N,,,N,,N,,,,N,0,No Hit
SCR006821,C02660,2025-02-11,Ongoing Rescreen,LexisNexis Bridger,N,,,N,,N,,,,N,0,No Hit
SCR006822,C02660,2025-08-10,Ongoing Rescreen,LexisNexis Bridger,N,,,N,,N,,,,N,0,No Hit
SCR006823,C02661,2024-03-14,Initial,Dow Jones Risk,N,,,N,,N,,,,N,0,No Hit
SCR006824,C02661,2024-09-10,Ongoing Rescreen,World-Check,N,,,N,,N,,,,N,0,No Hit
SCR006825,C02661,2025-03-09,Ongoing Rescreen,Dow Jones Risk,N,,,N,,N,,,,N,0,No Hit
SCR006826,C02661,2025-09-05,Ongoing Rescreen,World-Check,N,,,N,,N,,,,N,0,No Hit
SCR006827,C02662,2024-09-19,Initial,World-Check,N,,,N,,N,,,,Y,0,No Hit
SCR006828,C02662,2025-03-18,Ongoing Rescreen,World-Check,N,,,N,,N,,,,Y,0,No Hit
SCR006829,C02662,2025-09-14,Ongoing Rescreen,World-Check,N,,,N,,N,,,,Y,0,No Hit
SCR006830,C02663,2024-02-09,Initial,Dow Jones Risk,N,,,N,,N,,,,N,0,No Hit
SCR006831,C02663,2024-08-07,Ongoing Rescreen,LexisNexis Bridger,N,,,N,,N,,,,N,0,No Hit
SCR006832,C02663,2025-02-03,Ongoing Rescreen,World-Check,N,,,N,,N,,,,N,0,No Hit
SCR006833,C02663,2025-08-02,Ongoing Rescreen,LexisNexis Bridger,N,,,N,,N,,,,N,0,No Hit
SCR006834,C02664,2024-08-19,Initial,Dow Jones Risk,N,,,N,,N,,,,N,0,No Hit
SCR006835,C02664,2025-02-15,Ongoing Rescreen,World-Check,N,,,N,,N,,,,N,0,No Hit
SCR006836,C02664,2025-08-14,Ongoing Rescreen,Dow Jones Risk,N,,,N,,N,,,,N,0,No Hit
SCR006837,C02665,2025-06-06,Initial,World-Check,N,,,N,,N,,,,N,0,No Hit
SCR006838,C02665,2025-12-03,Ongoing Rescreen,World-Check,N,,,N,,N,,,,N,0,No Hit
SCR006839,C02666,2025-09-08,Initial,LexisNexis Bridger,N,,,N,,N,,,,Y,0,No Hit
SCR006840,C02667,2025-10-10,Initial,LexisNexis Bridger,N,,,N,,N,,,,N,0,No Hit
SCR006841,C02668,2025-02-14,Initial,World-Check,N,,,N,,N,,,,N,0,No Hit
SCR006842,C02668,2025-08-13,Ongoing Rescreen,Dow Jones Risk,N,,,N,,N,,,,N,0,No Hit
SCR006843,C02669,2025-02-03,Initial,LexisNexis Bridger,N,,,N,,N,,,,Y,0,No Hit
SCR006844,C02669,2025-08-02,Ongoing Rescreen,Dow Jones Risk,N,,,N,,N,,,,Y,0,No Hit
SCR006845,C02670,2025-12-08,Initial,LexisNexis Bridger,N,,,N,,N,,,,N,0,No Hit
SCR006846,C02671,2025-02-10,Initial,World-Check,N,,,N,,N,,,,N,0,No Hit
SCR006847,C02671,2025-08-09,Ongoing Rescreen,World-Check,N,,,N,,N,,,,N,0,No Hit
SCR006848,C02672,2024-03-02,Initial,Dow Jones Risk,N,,,N,,N,,,,N,0,No Hit
SCR006849,C02672,2024-08-29,Ongoing Rescreen,LexisNexis Bridger,N,,,N,,N,,,,N,0,No Hit
SCR006850,C02672,2025-02-25,Ongoing Rescreen,LexisNexis Bridger,N,,,N,,N,,,,N,0,No Hit
SCR006851,C02672,2025-08-24,Ongoing Rescreen,World-Check,N,,,N,,N,,,,N,0,No Hit
SCR006852,C02673,2025-11-15,Initial,Dow Jones Risk,N,,,N,,N,,,,N,0,No Hit
SCR006853,C02674,2025-03-24,Initial,World-Check,N,,,N,,N,,,,N,0,No Hit
SCR006854,C02674,2025-09-20,Ongoing Rescreen,Dow Jones Risk,N,,,N,,N,,,,N,0,No Hit
SCR006855,C02675,2025-05-02,Initial,LexisNexis Bridger,N,,,N,,N,,,,Y,0,No Hit
SCR006856,C02675,2025-10-29,Ongoing Rescreen,World-Check,Y,EU Consolidated,Y,N,,N,,,,Y,4,Exit Relationship
SCR006857,C02676,2024-03-11,Initial,Dow Jones Risk,N,,,N,,N,,,,N,0,No Hit
SCR006858,C02676,2024-09-07,Ongoing Rescreen,World-Check,N,,,N,,N,,,,N,0,No Hit
SCR006859,C02676,2025-03-06,Ongoing Rescreen,LexisNexis Bridger,N,,,N,,N,,,,N,0,No Hit
SCR006860,C02676,2025-09-02,Ongoing Rescreen,LexisNexis Bridger,N,,,N,,Y,Money Laundering,Online Blog,N,Y,4,Cleared - False Positive
SCR006861,C02677,2024-12-09,Initial,Dow Jones Risk,N,,,N,,N,,,,N,0,No Hit
SCR006862,C02677,2025-06-07,Ongoing Rescreen,LexisNexis Bridger,N,,,N,,N,,,,N,0,No Hit
SCR006863,C02677,2025-12-04,Ongoing Rescreen,LexisNexis Bridger,N,,,N,,N,,,,N,0,No Hit
SCR006864,C02678,2024-12-01,Initial,LexisNexis Bridger,N,,,N,,N,,,,N,0,No Hit
SCR006865,C02678,2025-05-30,Ongoing Rescreen,World-Check,N,,,N,,N,,,,N,0,No Hit
SCR006866,C02678,2025-11-26,Ongoing Rescreen,Dow Jones Risk,N,,,N,,N,,,,N,0,No Hit
SCR006867,C02679,2025-08-18,Initial,World-Check,N,,,N,,N,,,,N,0,No Hit
SCR006868,C02680,2024-10-06,Initial,LexisNexis Bridger,N,,,N,,N,,,,N,0,No Hit
SCR006869,C02680,2025-04-04,Ongoing Rescreen,Dow Jones Risk,N,,,N,,N,,,,N,0,No Hit
SCR006870,C02680,2025-10-01,Ongoing Rescreen,LexisNexis Bridger,N,,,N,,N,,,,N,0,No Hit
SCR006871,C02681,2024-09-07,Initial,World-Check,N,,,N,,N,,,,N,0,No Hit
SCR006872,C02681,2025-03-06,Ongoing Rescreen,World-Check,N,,,N,,N,,,,N,0,No Hit
SCR006873,C02681,2025-09-02,Ongoing Rescreen,World-Check,N,,,N,,N,,,,N,0,No Hit
SCR006874,C02682,2025-05-12,Initial,LexisNexis Bridger,N,,,N,,N,,,,N,0,No Hit
SCR006875,C02682,2025-11-08,Ongoing Rescreen,LexisNexis Bridger,N,,,N,,N,,,,N,0,No Hit
SCR006876,C02683,2024-01-12,Initial,LexisNexis Bridger,N,,,N,,N,,,,N,0,No Hit
SCR006877,C02683,2024-07-10,Ongoing Rescreen,LexisNexis Bridger,N,,,N,,N,,,,N,0,No Hit
SCR006878,C02683,2025-01-06,Ongoing Rescreen,LexisNexis Bridger,N,,,N,,N,,,,N,0,No Hit
SCR006879,C02683,2025-07-05,Ongoing Rescreen,Dow Jones Risk,N,,,N,,N,,,,N,0,No Hit
SCR006880,C02684,2025-06-28,Initial,World-Check,N,,,N,,N,,,,N,0,No Hit
SCR006881,C02684,2025-12-25,Ongoing Rescreen,World-Check,N,,,N,,N,,,,N,0,No Hit
SCR006882,C02685,2024-01-06,Initial,LexisNexis Bridger,N,,,N,,N,,,,N,0,No Hit
SCR006883,C02685,2024-07-04,Ongoing Rescreen,LexisNexis Bridger,N,,,N,,N,,,,N,0,No Hit
SCR006884,C02685,2024-12-31,Ongoing Rescreen,Dow Jones Risk,N,,,Y,Domestic PEP,N,,,,Y,12,Cleared - False Positive
SCR006885,C02685,2025-06-29,Ongoing Rescreen,World-Check,N,,,N,,N,,,,N,0,No Hit
SCR006886,C02685,2025-12-26,Ongoing Rescreen,Dow Jones Risk,N,,,N,,N,,,,N,0,No Hit
SCR006887,C02686,2024-06-23,Initial,LexisNexis Bridger,N,,,N,,N,,,,N,0,No Hit
SCR006888,C02686,2024-12-20,Ongoing Rescreen,Dow Jones Risk,N,,,N,,N,,,,N,0,No Hit
SCR006889,C02686,2025-06-18,Ongoing Rescreen,Dow Jones Risk,N,,,N,,N,,,,N,0,No Hit
SCR006890,C02686,2025-12-15,Ongoing Rescreen,LexisNexis Bridger,N,,,N,,N,,,,N,0,No Hit
SCR006891,C02687,2024-12-29,Initial,Dow Jones Risk,N,,,N,,N,,,,N,0,No Hit
SCR006892,C02687,2025-06-27,Ongoing Rescreen,Dow Jones Risk,N,,,N,,N,,,,N,0,No Hit
SCR006893,C02687,2025-12-24,Ongoing Rescreen,Dow Jones Risk,N,,,N,,N,,,,N,0,No Hit
SCR006894,C02688,2024-05-21,Initial,LexisNexis Bridger,N,,,N,,N,,,,N,0,No Hit
SCR006895,C02688,2024-11-17,Ongoing Rescreen,Dow Jones Risk,N,,,N,,N,,,,N,0,No Hit
SCR006896,C02688,2025-05-16,Ongoing Rescreen,Dow Jones Risk,N,,,N,,N,,,,N,0,No Hit
SCR006897,C02688,2025-11-12,Ongoing Rescreen,World-Check,N,,,N,,N,,,,N,0,No Hit
SCR006898,C02689,2024-01-26,Initial,LexisNexis Bridger,N,,,N,,N,,,,N,0,No Hit
SCR006899,C02689,2024-07-24,Ongoing Rescreen,LexisNexis Bridger,N,,,N,,N,,,,N,0,No Hit
SCR006900,C02689,2025-01-20,Ongoing Rescreen,Dow Jones Risk,N,,,N,,N,,,,N,0,No Hit
SCR006901,C02689,2025-07-19,Ongoing Rescreen,World-Check,N,,,N,,N,,,,N,0,No Hit
SCR006902,C02690,2024-11-02,Initial,Dow Jones Risk,N,,,N,,N,,,,N,0,No Hit
SCR006903,C02690,2025-05-01,Ongoing Rescreen,Dow Jones Risk,N,,,N,,N,,,,N,0,No Hit
SCR006904,C02690,2025-10-28,Ongoing Rescreen,Dow Jones Risk,N,,,N,,N,,,,N,0,No Hit
SCR006905,C02691,2025-05-31,Initial,LexisNexis Bridger,N,,,N,,N,,,,Y,0,No Hit
SCR006906,C02691,2025-11-27,Ongoing Rescreen,Dow Jones Risk,N,,,N,,N,,,,Y,0,No Hit
SCR006907,C02692,2024-06-25,Initial,Dow Jones Risk,N,,,N,,N,,,,N,0,No Hit
SCR006908,C02692,2024-12-22,Ongoing Rescreen,LexisNexis Bridger,N,,,N,,N,,,,N,0,No Hit
SCR006909,C02692,2025-06-20,Ongoing Rescreen,World-Check,N,,,N,,N,,,,N,0,No Hit
SCR006910,C02692,2025-12-17,Ongoing Rescreen,LexisNexis Bridger,N,,,N,,N,,,,N,0,No Hit
SCR006911,C02693,2024-07-19,Initial,World-Check,N,,,N,,N,,,,N,0,No Hit
SCR006912,C02693,2025-01-15,Ongoing Rescreen,Dow Jones Risk,N,,,N,,N,,,,N,0,No Hit
SCR006913,C02693,2025-07-14,Ongoing Rescreen,World-Check,N,,,N,,N,,,,N,0,No Hit
SCR006914,C02694,2025-05-09,Initial,Dow Jones Risk,N,,,N,,N,,,,Y,0,No Hit
SCR006915,C02694,2025-11-05,Ongoing Rescreen,Dow Jones Risk,N,,,N,,N,,,,Y,0,No Hit
SCR006916,C02695,2025-11-23,Initial,Dow Jones Risk,N,,,N,,N,,,,Y,0,No Hit
SCR006917,C02696,2025-01-13,Initial,Dow Jones Risk,N,,,N,,N,,,,N,0,No Hit
SCR006918,C02696,2025-07-12,Ongoing Rescreen,LexisNexis Bridger,N,,,Y,Close Associate,N,,,,Y,3,Cleared - False Positive
SCR006919,C02697,2025-02-12,Initial,LexisNexis Bridger,N,,,N,,N,,,,N,0,No Hit
SCR006920,C02697,2025-08-11,Ongoing Rescreen,LexisNexis Bridger,N,,,N,,N,,,,N,0,No Hit
SCR006921,C02698,2025-08-27,Initial,Dow Jones Risk,N,,,N,,N,,,,N,0,No Hit
SCR006922,C02699,2024-02-18,Initial,World-Check,N,,,N,,N,,,,N,0,No Hit
SCR006923,C02699,2024-08-16,Ongoing Rescreen,Dow Jones Risk,N,,,N,,N,,,,N,0,No Hit
SCR006924,C02699,2025-02-12,Ongoing Rescreen,World-Check,N,,,N,,N,,,,N,0,No Hit
SCR006925,C02699,2025-08-11,Ongoing Rescreen,World-Check,N,,,N,,N,,,,N,0,No Hit
SCR006926,C02700,2025-12-18,Initial,World-Check,N,,,N,,N,,,,N,0,No Hit
SCR006927,C02701,2024-12-13,Initial,LexisNexis Bridger,N,,,Y,Foreign PEP,N,,,,Y,5,Cleared - False Positive
SCR006928,C02701,2025-06-11,Ongoing Rescreen,LexisNexis Bridger,N,,,Y,Domestic PEP,N,,,,Y,1,Cleared - False Positive
SCR006929,C02701,2025-12-08,Ongoing Rescreen,LexisNexis Bridger,N,,,Y,Domestic PEP,Y,Tax Evasion,Regional News,N,Y,6,Cleared - False Positive
SCR006930,C02702,2024-10-03,Initial,Dow Jones Risk,N,,,N,,N,,,,N,0,No Hit
SCR006931,C02702,2025-04-01,Ongoing Rescreen,World-Check,N,,,N,,N,,,,N,0,No Hit
SCR006932,C02702,2025-09-28,Ongoing Rescreen,LexisNexis Bridger,N,,,N,,N,,,,N,0,No Hit
SCR006933,C02703,2025-03-27,Initial,Dow Jones Risk,N,,,N,,N,,,,N,0,No Hit
SCR006934,C02703,2025-09-23,Ongoing Rescreen,LexisNexis Bridger,N,,,N,,N,,,,N,0,No Hit
SCR006935,C02704,2025-10-28,Initial,Dow Jones Risk,N,,,N,,N,,,,N,0,No Hit
SCR006936,C02705,2025-11-15,Initial,Dow Jones Risk,N,,,N,,N,,,,N,0,No Hit
SCR006937,C02706,2025-07-22,Initial,LexisNexis Bridger,N,,,N,,N,,,,N,0,No Hit
SCR006938,C02707,2024-12-19,Initial,LexisNexis Bridger,N,,,N,,N,,,,N,0,No Hit
SCR006939,C02707,2025-06-17,Ongoing Rescreen,LexisNexis Bridger,N,,,N,,N,,,,N,0,No Hit
SCR006940,C02707,2025-12-14,Ongoing Rescreen,Dow Jones Risk,N,,,N,,N,,,,N,0,No Hit
SCR006941,C02708,2024-04-19,Initial,Dow Jones Risk,N,,,N,,N,,,,N,0,No Hit
SCR006942,C02708,2024-10-16,Ongoing Rescreen,LexisNexis Bridger,N,,,N,,N,,,,N,0,No Hit
SCR006943,C02708,2025-04-14,Ongoing Rescreen,LexisNexis Bridger,N,,,N,,N,,,,N,0,No Hit
SCR006944,C02708,2025-10-11,Ongoing Rescreen,Dow Jones Risk,Y,UK HMT/OFSI,N,N,,N,,,,Y,7,Cleared - False Positive
SCR006945,C02709,2024-05-19,Initial,LexisNexis Bridger,Y,EU Consolidated,N,N,,N,,,,Y,8,Cleared - False Positive
SCR006946,C02709,2024-11-15,Ongoing Rescreen,World-Check,N,,,N,,N,,,,N,0,No Hit
SCR006947,C02709,2025-05-14,Ongoing Rescreen,LexisNexis Bridger,N,,,N,,Y,Fraud,Regional News,N,Y,5,Cleared - False Positive
SCR006948,C02709,2025-11-10,Ongoing Rescreen,LexisNexis Bridger,N,,,N,,N,,,,N,0,No Hit
SCR006949,C02710,2025-09-03,Initial,World-Check,N,,,N,,N,,,,N,0,No Hit
SCR006950,C02711,2024-04-01,Initial,LexisNexis Bridger,N,,,N,,N,,,,N,0,No Hit
SCR006951,C02711,2024-09-28,Ongoing Rescreen,World-Check,N,,,N,,N,,,,N,0,No Hit
SCR006952,C02711,2025-03-27,Ongoing Rescreen,World-Check,N,,,N,,N,,,,N,0,No Hit
SCR006953,C02711,2025-09-23,Ongoing Rescreen,Dow Jones Risk,N,,,N,,Y,Money Laundering,Regulator Notice,N,Y,10,Cleared - False Positive
SCR006954,C02712,2024-12-17,Initial,World-Check,N,,,N,,N,,,,Y,0,No Hit
SCR006955,C02712,2025-06-15,Ongoing Rescreen,Dow Jones Risk,N,,,N,,N,,,,Y,0,No Hit
SCR006956,C02712,2025-12-12,Ongoing Rescreen,LexisNexis Bridger,N,,,N,,Y,Organised Crime,Court Records,N,Y,9,Cleared - False Positive
SCR006957,C02713,2024-10-25,Initial,Dow Jones Risk,N,,,N,,Y,Regulatory Fine,Regional News,N,Y,3,Cleared - False Positive
SCR006958,C02713,2025-04-23,Ongoing Rescreen,LexisNexis Bridger,N,,,N,,N,,,,N,0,No Hit
SCR006959,C02713,2025-10-20,Ongoing Rescreen,LexisNexis Bridger,N,,,N,,N,,,,N,0,No Hit
SCR006960,C02714,2025-06-02,Initial,LexisNexis Bridger,N,,,N,,N,,,,N,0,No Hit
SCR006961,C02714,2025-11-29,Ongoing Rescreen,Dow Jones Risk,N,,,N,,N,,,,N,0,No Hit
SCR006962,C02715,2024-09-07,Initial,Dow Jones Risk,N,,,N,,N,,,,N,0,No Hit
SCR006963,C02715,2025-03-06,Ongoing Rescreen,LexisNexis Bridger,N,,,N,,N,,,,N,0,No Hit
SCR006964,C02715,2025-09-02,Ongoing Rescreen,Dow Jones Risk,N,,,N,,N,,,,N,0,No Hit
SCR006965,C02716,2025-05-28,Initial,World-Check,Y,OFAC SDN,N,N,,N,,,,Y,2,Cleared - False Positive
SCR006966,C02716,2025-11-24,Ongoing Rescreen,Dow Jones Risk,N,,,N,,N,,,,N,0,No Hit
SCR006967,C02717,2025-01-06,Initial,World-Check,N,,,N,,N,,,,N,0,No Hit
SCR006968,C02717,2025-07-05,Ongoing Rescreen,Dow Jones Risk,N,,,N,,N,,,,N,0,No Hit
SCR006969,C02718,2025-10-09,Initial,Dow Jones Risk,N,,,N,,N,,,,N,0,No Hit
SCR006970,C02719,2024-05-16,Initial,LexisNexis Bridger,N,,,N,,N,,,,N,0,No Hit
SCR006971,C02719,2024-11-12,Ongoing Rescreen,World-Check,N,,,N,,N,,,,N,0,No Hit
SCR006972,C02719,2025-05-11,Ongoing Rescreen,World-Check,N,,,N,,N,,,,N,0,No Hit
SCR006973,C02719,2025-11-07,Ongoing Rescreen,LexisNexis Bridger,N,,,N,,N,,,,N,0,No Hit
SCR006974,C02720,2025-07-10,Initial,World-Check,N,,,N,,N,,,,Y,0,No Hit
SCR006975,C02721,2025-06-11,Initial,World-Check,N,,,N,,N,,,,N,0,No Hit
SCR006976,C02721,2025-12-08,Ongoing Rescreen,Dow Jones Risk,N,,,N,,N,,,,N,0,No Hit
SCR006977,C02722,2025-08-25,Initial,LexisNexis Bridger,N,,,N,,N,,,,N,0,No Hit
SCR006978,C02723,2024-12-24,Initial,World-Check,N,,,N,,N,,,,N,0,No Hit
SCR006979,C02723,2025-06-22,Ongoing Rescreen,World-Check,N,,,Y,Domestic PEP,N,,,,Y,8,Cleared - False Positive
SCR006980,C02723,2025-12-19,Ongoing Rescreen,World-Check,N,,,N,,N,,,,N,0,No Hit
SCR006981,C02724,2024-08-22,Initial,LexisNexis Bridger,N,,,N,,N,,,,N,0,No Hit
SCR006982,C02724,2025-02-18,Ongoing Rescreen,LexisNexis Bridger,N,,,N,,N,,,,N,0,No Hit
SCR006983,C02724,2025-08-17,Ongoing Rescreen,LexisNexis Bridger,N,,,N,,N,,,,N,0,No Hit
SCR006984,C02725,2025-01-13,Initial,LexisNexis Bridger,N,,,N,,Y,Money Laundering,Online Blog,Y,Y,10,Escalate to EDD
SCR006985,C02725,2025-07-12,Ongoing Rescreen,Dow Jones Risk,N,,,N,,N,,,,Y,0,No Hit
SCR006986,C02726,2025-12-12,Initial,LexisNexis Bridger,N,,,N,,N,,,,Y,0,No Hit
SCR006987,C02727,2024-05-22,Initial,LexisNexis Bridger,N,,,N,,N,,,,N,0,No Hit
SCR006988,C02727,2024-11-18,Ongoing Rescreen,World-Check,N,,,N,,N,,,,N,0,No Hit
SCR006989,C02727,2025-05-17,Ongoing Rescreen,World-Check,N,,,N,,N,,,,N,0,No Hit
SCR006990,C02727,2025-11-13,Ongoing Rescreen,World-Check,N,,,N,,N,,,,N,0,No Hit
SCR006991,C02728,2025-04-28,Initial,Dow Jones Risk,N,,,N,,N,,,,N,0,No Hit
SCR006992,C02728,2025-10-25,Ongoing Rescreen,World-Check,N,,,N,,N,,,,N,0,No Hit
SCR006993,C02729,2024-06-12,Initial,World-Check,N,,,N,,N,,,,N,0,No Hit
SCR006994,C02729,2024-12-09,Ongoing Rescreen,World-Check,N,,,N,,N,,,,N,0,No Hit
SCR006995,C02729,2025-06-07,Ongoing Rescreen,LexisNexis Bridger,N,,,N,,N,,,,N,0,No Hit
SCR006996,C02729,2025-12-04,Ongoing Rescreen,World-Check,N,,,N,,N,,,,N,0,No Hit
SCR006997,C02730,2025-07-19,Initial,World-Check,N,,,N,,N,,,,N,0,No Hit
SCR006998,C02731,2024-11-05,Initial,Dow Jones Risk,N,,,N,,N,,,,N,0,No Hit
SCR006999,C02731,2025-05-04,Ongoing Rescreen,LexisNexis Bridger,N,,,N,,N,,,,N,0,No Hit
SCR007000,C02731,2025-10-31,Ongoing Rescreen,Dow Jones Risk,N,,,N,,N,,,,N,0,No Hit
SCR007001,C02732,2025-09-19,Initial,LexisNexis Bridger,N,,,N,,N,,,,N,0,No Hit
SCR007002,C02733,2024-04-29,Initial,World-Check,N,,,N,,N,,,,N,0,No Hit
SCR007003,C02733,2024-10-26,Ongoing Rescreen,Dow Jones Risk,Y,UK HMT/OFSI,N,N,,N,,,,Y,7,Cleared - False Positive
SCR007004,C02733,2025-04-24,Ongoing Rescreen,LexisNexis Bridger,N,,,N,,N,,,,N,0,No Hit
SCR007005,C02733,2025-10-21,Ongoing Rescreen,World-Check,N,,,N,,N,,,,N,0,No Hit
SCR007006,C02734,2024-03-31,Initial,World-Check,N,,,N,,N,,,,N,0,No Hit
SCR007007,C02734,2024-09-27,Ongoing Rescreen,LexisNexis Bridger,N,,,N,,N,,,,N,0,No Hit
SCR007008,C02734,2025-03-26,Ongoing Rescreen,World-Check,N,,,N,,N,,,,N,0,No Hit
SCR007009,C02734,2025-09-22,Ongoing Rescreen,Dow Jones Risk,N,,,N,,N,,,,N,0,No Hit
SCR007010,C02735,2025-11-25,Initial,LexisNexis Bridger,N,,,N,,N,,,,N,0,No Hit
SCR007011,C02736,2024-09-02,Initial,LexisNexis Bridger,N,,,N,,N,,,,N,0,No Hit
SCR007012,C02736,2025-03-01,Ongoing Rescreen,LexisNexis Bridger,N,,,Y,Family Member,N,,,,Y,3,Cleared - False Positive
SCR007013,C02736,2025-08-28,Ongoing Rescreen,Dow Jones Risk,N,,,N,,N,,,,N,0,No Hit
SCR007014,C02737,2024-03-03,Initial,LexisNexis Bridger,N,,,N,,N,,,,N,0,No Hit
SCR007015,C02737,2024-08-30,Ongoing Rescreen,Dow Jones Risk,N,,,N,,N,,,,N,0,No Hit
SCR007016,C02737,2025-02-26,Ongoing Rescreen,World-Check,N,,,N,,N,,,,N,0,No Hit
SCR007017,C02737,2025-08-25,Ongoing Rescreen,LexisNexis Bridger,N,,,N,,N,,,,N,0,No Hit
SCR007018,C02738,2025-09-03,Initial,World-Check,N,,,N,,N,,,,N,0,No Hit
SCR007019,C02739,2024-10-29,Initial,World-Check,N,,,N,,N,,,,N,0,No Hit
SCR007020,C02739,2025-04-27,Ongoing Rescreen,Dow Jones Risk,N,,,N,,N,,,,N,0,No Hit
SCR007021,C02739,2025-10-24,Ongoing Rescreen,Dow Jones Risk,N,,,N,,N,,,,N,0,No Hit
SCR007022,C02740,2025-11-04,Initial,LexisNexis Bridger,N,,,N,,N,,,,N,0,No Hit
SCR007023,C02741,2024-11-16,Initial,Dow Jones Risk,N,,,N,,N,,,,N,0,No Hit
SCR007024,C02741,2025-05-15,Ongoing Rescreen,World-Check,N,,,N,,N,,,,N,0,No Hit
SCR007025,C02741,2025-11-11,Ongoing Rescreen,Dow Jones Risk,N,,,N,,N,,,,N,0,No Hit
SCR007026,C02742,2025-07-06,Initial,LexisNexis Bridger,N,,,N,,N,,,,N,0,No Hit
SCR007027,C02743,2025-02-27,Initial,Dow Jones Risk,N,,,N,,N,,,,N,0,No Hit
SCR007028,C02743,2025-08-26,Ongoing Rescreen,Dow Jones Risk,N,,,N,,N,,,,N,0,No Hit
SCR007029,C02744,2024-12-18,Initial,Dow Jones Risk,N,,,N,,N,,,,N,0,No Hit
SCR007030,C02744,2025-06-16,Ongoing Rescreen,LexisNexis Bridger,N,,,N,,N,,,,N,0,No Hit
SCR007031,C02744,2025-12-13,Ongoing Rescreen,World-Check,N,,,N,,N,,,,N,0,No Hit
SCR007032,C02745,2024-12-21,Initial,Dow Jones Risk,N,,,N,,N,,,,N,0,No Hit
SCR007033,C02745,2025-06-19,Ongoing Rescreen,World-Check,N,,,N,,N,,,,N,0,No Hit
SCR007034,C02745,2025-12-16,Ongoing Rescreen,Dow Jones Risk,N,,,N,,N,,,,N,0,No Hit
SCR007035,C02746,2024-07-02,Initial,Dow Jones Risk,N,,,N,,N,,,,N,0,No Hit
SCR007036,C02746,2024-12-29,Ongoing Rescreen,Dow Jones Risk,Y,UN Consolidated,N,N,,N,,,,Y,5,Cleared - False Positive
SCR007037,C02746,2025-06-27,Ongoing Rescreen,World-Check,N,,,N,,N,,,,N,0,No Hit
SCR007038,C02746,2025-12-24,Ongoing Rescreen,World-Check,N,,,N,,N,,,,N,0,No Hit
SCR007039,C02747,2025-06-22,Initial,World-Check,N,,,N,,N,,,,N,0,No Hit
SCR007040,C02747,2025-12-19,Ongoing Rescreen,LexisNexis Bridger,N,,,N,,N,,,,N,0,No Hit
SCR007041,C02748,2025-01-18,Initial,LexisNexis Bridger,N,,,N,,N,,,,N,0,No Hit
SCR007042,C02748,2025-07-17,Ongoing Rescreen,Dow Jones Risk,N,,,N,,N,,,,N,0,No Hit
SCR007043,C02749,2024-01-02,Initial,Dow Jones Risk,N,,,N,,N,,,,N,0,No Hit
SCR007044,C02749,2024-06-30,Ongoing Rescreen,Dow Jones Risk,N,,,N,,N,,,,N,0,No Hit
SCR007045,C02749,2024-12-27,Ongoing Rescreen,LexisNexis Bridger,N,,,N,,N,,,,N,0,No Hit
SCR007046,C02749,2025-06-25,Ongoing Rescreen,World-Check,N,,,N,,N,,,,N,0,No Hit
SCR007047,C02749,2025-12-22,Ongoing Rescreen,World-Check,N,,,N,,N,,,,N,0,No Hit
SCR007048,C02750,2024-10-17,Initial,World-Check,N,,,N,,N,,,,N,0,No Hit
SCR007049,C02750,2025-04-15,Ongoing Rescreen,LexisNexis Bridger,N,,,Y,Domestic PEP,N,,,,Y,6,Cleared - False Positive
SCR007050,C02750,2025-10-12,Ongoing Rescreen,World-Check,Y,OFAC SDN,N,N,,N,,,,Y,6,Cleared - False Positive
SCR007051,C02751,2024-10-23,Initial,LexisNexis Bridger,N,,,N,,N,,,,N,0,No Hit
SCR007052,C02751,2025-04-21,Ongoing Rescreen,World-Check,N,,,N,,N,,,,N,0,No Hit
SCR007053,C02751,2025-10-18,Ongoing Rescreen,World-Check,N,,,N,,N,,,,N,0,No Hit
SCR007054,C02752,2025-10-09,Initial,LexisNexis Bridger,N,,,N,,N,,,,N,0,No Hit
SCR007055,C02753,2024-11-08,Initial,World-Check,N,,,N,,N,,,,N,0,No Hit
SCR007056,C02753,2025-05-07,Ongoing Rescreen,World-Check,N,,,N,,N,,,,N,0,No Hit
SCR007057,C02753,2025-11-03,Ongoing Rescreen,World-Check,N,,,N,,N,,,,N,0,No Hit
SCR007058,C02754,2025-02-18,Initial,Dow Jones Risk,N,,,N,,N,,,,N,0,No Hit
SCR007059,C02754,2025-08-17,Ongoing Rescreen,Dow Jones Risk,N,,,N,,N,,,,N,0,No Hit
SCR007060,C02755,2024-03-01,Initial,LexisNexis Bridger,N,,,N,,N,,,,N,0,No Hit
SCR007061,C02755,2024-08-28,Ongoing Rescreen,LexisNexis Bridger,N,,,N,,Y,Organised Crime,National News,N,Y,7,Cleared - False Positive
SCR007062,C02755,2025-02-24,Ongoing Rescreen,World-Check,N,,,N,,N,,,,N,0,No Hit
SCR007063,C02755,2025-08-23,Ongoing Rescreen,Dow Jones Risk,N,,,N,,N,,,,N,0,No Hit
SCR007064,C02756,2024-10-13,Initial,LexisNexis Bridger,N,,,N,,N,,,,N,0,No Hit
SCR007065,C02756,2025-04-11,Ongoing Rescreen,World-Check,N,,,N,,N,,,,N,0,No Hit
SCR007066,C02756,2025-10-08,Ongoing Rescreen,LexisNexis Bridger,N,,,N,,N,,,,N,0,No Hit
SCR007067,C02757,2024-07-26,Initial,LexisNexis Bridger,N,,,N,,N,,,,N,0,No Hit
SCR007068,C02757,2025-01-22,Ongoing Rescreen,LexisNexis Bridger,N,,,N,,N,,,,N,0,No Hit
SCR007069,C02757,2025-07-21,Ongoing Rescreen,LexisNexis Bridger,N,,,N,,N,,,,N,0,No Hit
SCR007070,C02758,2024-12-30,Initial,Dow Jones Risk,N,,,N,,N,,,,N,0,No Hit
SCR007071,C02758,2025-06-28,Ongoing Rescreen,LexisNexis Bridger,N,,,N,,N,,,,N,0,No Hit
SCR007072,C02758,2025-12-25,Ongoing Rescreen,Dow Jones Risk,N,,,N,,N,,,,N,0,No Hit
SCR007073,C02759,2025-10-18,Initial,World-Check,N,,,N,,N,,,,N,0,No Hit
SCR007074,C02760,2025-11-13,Initial,Dow Jones Risk,N,,,N,,N,,,,N,0,No Hit
SCR007075,C02761,2024-07-28,Initial,LexisNexis Bridger,N,,,N,,N,,,,N,0,No Hit
SCR007076,C02761,2025-01-24,Ongoing Rescreen,LexisNexis Bridger,N,,,N,,N,,,,N,0,No Hit
SCR007077,C02761,2025-07-23,Ongoing Rescreen,Dow Jones Risk,N,,,N,,N,,,,N,0,No Hit
SCR007078,C02762,2025-03-24,Initial,LexisNexis Bridger,N,,,N,,N,,,,N,0,No Hit
SCR007079,C02762,2025-09-20,Ongoing Rescreen,Dow Jones Risk,N,,,N,,N,,,,N,0,No Hit
SCR007080,C02763,2025-11-28,Initial,LexisNexis Bridger,N,,,N,,N,,,,N,0,No Hit
SCR007081,C02764,2024-06-16,Initial,LexisNexis Bridger,N,,,N,,N,,,,N,0,No Hit
SCR007082,C02764,2024-12-13,Ongoing Rescreen,World-Check,N,,,N,,N,,,,N,0,No Hit
SCR007083,C02764,2025-06-11,Ongoing Rescreen,World-Check,N,,,N,,N,,,,N,0,No Hit
SCR007084,C02764,2025-12-08,Ongoing Rescreen,Dow Jones Risk,N,,,N,,N,,,,N,0,No Hit
SCR007085,C02765,2024-11-16,Initial,LexisNexis Bridger,N,,,N,,N,,,,N,0,No Hit
SCR007086,C02765,2025-05-15,Ongoing Rescreen,LexisNexis Bridger,N,,,N,,N,,,,N,0,No Hit
SCR007087,C02765,2025-11-11,Ongoing Rescreen,World-Check,N,,,N,,N,,,,N,0,No Hit
SCR007088,C02766,2024-12-31,Initial,Dow Jones Risk,N,,,N,,N,,,,N,0,No Hit
SCR007089,C02766,2025-06-29,Ongoing Rescreen,Dow Jones Risk,N,,,N,,N,,,,N,0,No Hit
SCR007090,C02766,2025-12-26,Ongoing Rescreen,World-Check,N,,,N,,N,,,,N,0,No Hit
SCR007091,C02767,2024-01-03,Initial,World-Check,N,,,N,,Y,Regulatory Fine,Online Blog,N,Y,7,Cleared - False Positive
SCR007092,C02767,2024-07-01,Ongoing Rescreen,Dow Jones Risk,N,,,N,,N,,,,N,0,No Hit
SCR007093,C02767,2024-12-28,Ongoing Rescreen,World-Check,N,,,N,,N,,,,N,0,No Hit
SCR007094,C02767,2025-06-26,Ongoing Rescreen,World-Check,N,,,N,,N,,,,N,0,No Hit
SCR007095,C02767,2025-12-23,Ongoing Rescreen,Dow Jones Risk,N,,,N,,N,,,,N,0,No Hit
SCR007096,C02768,2024-12-06,Initial,World-Check,N,,,N,,N,,,,N,0,No Hit
SCR007097,C02768,2025-06-04,Ongoing Rescreen,LexisNexis Bridger,N,,,N,,N,,,,N,0,No Hit
SCR007098,C02768,2025-12-01,Ongoing Rescreen,LexisNexis Bridger,N,,,N,,N,,,,N,0,No Hit
SCR007099,C02769,2024-03-29,Initial,World-Check,N,,,N,,N,,,,N,0,No Hit
SCR007100,C02769,2024-09-25,Ongoing Rescreen,World-Check,N,,,N,,N,,,,N,0,No Hit
SCR007101,C02769,2025-03-24,Ongoing Rescreen,World-Check,Y,UN Consolidated,N,N,,N,,,,Y,4,Cleared - False Positive
SCR007102,C02769,2025-09-20,Ongoing Rescreen,Dow Jones Risk,N,,,N,,N,,,,N,0,No Hit
SCR007103,C02770,2024-08-14,Initial,Dow Jones Risk,Y,UK HMT/OFSI,N,N,,N,,,,Y,2,Cleared - False Positive
SCR007104,C02770,2025-02-10,Ongoing Rescreen,World-Check,N,,,N,,Y,Bribery & Corruption,Regulator Notice,N,Y,3,Cleared - False Positive
SCR007105,C02770,2025-08-09,Ongoing Rescreen,Dow Jones Risk,N,,,N,,N,,,,N,0,No Hit
SCR007106,C02771,2024-03-25,Initial,World-Check,N,,,N,,N,,,,N,0,No Hit
SCR007107,C02771,2024-09-21,Ongoing Rescreen,World-Check,N,,,N,,N,,,,N,0,No Hit
SCR007108,C02771,2025-03-20,Ongoing Rescreen,Dow Jones Risk,N,,,N,,Y,Money Laundering,Regulator Notice,N,Y,15,Cleared - False Positive
SCR007109,C02771,2025-09-16,Ongoing Rescreen,LexisNexis Bridger,N,,,N,,N,,,,N,0,No Hit
SCR007110,C02772,2025-06-22,Initial,LexisNexis Bridger,N,,,N,,N,,,,N,0,No Hit
SCR007111,C02772,2025-12-19,Ongoing Rescreen,World-Check,N,,,N,,N,,,,N,0,No Hit
SCR007112,C02773,2025-09-02,Initial,LexisNexis Bridger,N,,,N,,N,,,,N,0,No Hit
SCR007113,C02774,2024-07-15,Initial,Dow Jones Risk,N,,,N,,N,,,,N,0,No Hit
SCR007114,C02774,2025-01-11,Ongoing Rescreen,LexisNexis Bridger,N,,,N,,N,,,,N,0,No Hit
SCR007115,C02774,2025-07-10,Ongoing Rescreen,LexisNexis Bridger,N,,,N,,N,,,,N,0,No Hit
SCR007116,C02775,2024-01-30,Initial,Dow Jones Risk,N,,,N,,N,,,,N,0,No Hit
SCR007117,C02775,2024-07-28,Ongoing Rescreen,World-Check,N,,,N,,N,,,,N,0,No Hit
SCR007118,C02775,2025-01-24,Ongoing Rescreen,World-Check,N,,,N,,N,,,,N,0,No Hit
SCR007119,C02775,2025-07-23,Ongoing Rescreen,Dow Jones Risk,N,,,N,,N,,,,N,0,No Hit
SCR007120,C02776,2024-12-26,Initial,World-Check,N,,,N,,N,,,,N,0,No Hit
SCR007121,C02776,2025-06-24,Ongoing Rescreen,World-Check,N,,,N,,N,,,,N,0,No Hit
SCR007122,C02776,2025-12-21,Ongoing Rescreen,LexisNexis Bridger,N,,,N,,N,,,,N,0,No Hit
SCR007123,C02777,2024-03-24,Initial,Dow Jones Risk,N,,,N,,N,,,,N,0,No Hit
SCR007124,C02777,2024-09-20,Ongoing Rescreen,World-Check,N,,,N,,N,,,,N,0,No Hit
SCR007125,C02777,2025-03-19,Ongoing Rescreen,Dow Jones Risk,N,,,N,,N,,,,N,0,No Hit
SCR007126,C02777,2025-09-15,Ongoing Rescreen,Dow Jones Risk,N,,,N,,N,,,,N,0,No Hit
SCR007127,C02778,2024-11-18,Initial,Dow Jones Risk,N,,,N,,N,,,,N,0,No Hit
SCR007128,C02778,2025-05-17,Ongoing Rescreen,Dow Jones Risk,N,,,N,,N,,,,N,0,No Hit
SCR007129,C02778,2025-11-13,Ongoing Rescreen,Dow Jones Risk,N,,,N,,N,,,,N,0,No Hit
SCR007130,C02779,2025-02-01,Initial,Dow Jones Risk,N,,,N,,N,,,,N,0,No Hit
SCR007131,C02779,2025-07-31,Ongoing Rescreen,LexisNexis Bridger,N,,,N,,N,,,,N,0,No Hit
SCR007132,C02780,2024-12-07,Initial,Dow Jones Risk,N,,,N,,N,,,,N,0,No Hit
SCR007133,C02780,2025-06-05,Ongoing Rescreen,Dow Jones Risk,N,,,N,,N,,,,N,0,No Hit
SCR007134,C02780,2025-12-02,Ongoing Rescreen,LexisNexis Bridger,N,,,N,,N,,,,N,0,No Hit
SCR007135,C02781,2025-01-16,Initial,Dow Jones Risk,N,,,N,,N,,,,N,0,No Hit
SCR007136,C02781,2025-07-15,Ongoing Rescreen,LexisNexis Bridger,N,,,N,,N,,,,N,0,No Hit
SCR007137,C02782,2025-02-18,Initial,Dow Jones Risk,N,,,N,,N,,,,N,0,No Hit
SCR007138,C02782,2025-08-17,Ongoing Rescreen,LexisNexis Bridger,N,,,N,,N,,,,N,0,No Hit
SCR007139,C02783,2024-04-29,Initial,LexisNexis Bridger,Y,UN Consolidated,N,N,,N,,,,Y,4,Cleared - False Positive
SCR007140,C02783,2024-10-26,Ongoing Rescreen,LexisNexis Bridger,N,,,N,,N,,,,N,0,No Hit
SCR007141,C02783,2025-04-24,Ongoing Rescreen,World-Check,N,,,N,,N,,,,N,0,No Hit
SCR007142,C02783,2025-10-21,Ongoing Rescreen,Dow Jones Risk,N,,,N,,N,,,,N,0,No Hit
SCR007143,C02784,2025-05-14,Initial,World-Check,N,,,N,,N,,,,N,0,No Hit
SCR007144,C02784,2025-11-10,Ongoing Rescreen,LexisNexis Bridger,N,,,N,,N,,,,N,0,No Hit
SCR007145,C02785,2025-05-03,Initial,World-Check,N,,,N,,N,,,,N,0,No Hit
SCR007146,C02785,2025-10-30,Ongoing Rescreen,Dow Jones Risk,N,,,N,,N,,,,N,0,No Hit
SCR007147,C02786,2024-04-14,Initial,World-Check,N,,,N,,N,,,,N,0,No Hit
SCR007148,C02786,2024-10-11,Ongoing Rescreen,World-Check,N,,,N,,N,,,,N,0,No Hit
SCR007149,C02786,2025-04-09,Ongoing Rescreen,World-Check,N,,,N,,N,,,,N,0,No Hit
SCR007150,C02786,2025-10-06,Ongoing Rescreen,Dow Jones Risk,N,,,N,,N,,,,N,0,No Hit
SCR007151,C02787,2024-11-13,Initial,Dow Jones Risk,Y,UK HMT/OFSI,N,N,,N,,,,Y,7,Cleared - False Positive
SCR007152,C02787,2025-05-12,Ongoing Rescreen,LexisNexis Bridger,N,,,N,,N,,,,N,0,No Hit
SCR007153,C02787,2025-11-08,Ongoing Rescreen,World-Check,N,,,N,,N,,,,N,0,No Hit
SCR007154,C02788,2024-07-29,Initial,LexisNexis Bridger,N,,,N,,Y,Bribery & Corruption,Court Records,Y,Y,5,Escalate to EDD
SCR007155,C02788,2025-01-25,Ongoing Rescreen,LexisNexis Bridger,N,,,N,,N,,,,Y,0,No Hit
SCR007156,C02788,2025-07-24,Ongoing Rescreen,World-Check,N,,,N,,N,,,,Y,0,No Hit
SCR007157,C02789,2024-10-17,Initial,World-Check,N,,,Y,Domestic PEP,N,,,,Y,7,Cleared - False Positive
SCR007158,C02789,2025-04-15,Ongoing Rescreen,LexisNexis Bridger,N,,,Y,Close Associate,N,,,,Y,3,Cleared - False Positive
SCR007159,C02789,2025-10-12,Ongoing Rescreen,Dow Jones Risk,N,,,Y,Domestic PEP,N,,,,Y,8,Cleared - False Positive
SCR007160,C02790,2025-07-18,Initial,World-Check,N,,,N,,N,,,,N,0,No Hit
SCR007161,C02791,2025-03-12,Initial,LexisNexis Bridger,N,,,N,,N,,,,N,0,No Hit
SCR007162,C02791,2025-09-08,Ongoing Rescreen,LexisNexis Bridger,N,,,N,,N,,,,N,0,No Hit
SCR007163,C02792,2025-10-25,Initial,World-Check,N,,,N,,N,,,,N,0,No Hit
SCR007164,C02793,2025-02-20,Initial,LexisNexis Bridger,N,,,N,,N,,,,N,0,No Hit
SCR007165,C02793,2025-08-19,Ongoing Rescreen,LexisNexis Bridger,N,,,N,,N,,,,N,0,No Hit
SCR007166,C02794,2024-02-02,Initial,Dow Jones Risk,N,,,Y,Domestic PEP,N,,,,Y,8,Cleared - False Positive
SCR007167,C02794,2024-07-31,Ongoing Rescreen,World-Check,N,,,N,,N,,,,N,0,No Hit
SCR007168,C02794,2025-01-27,Ongoing Rescreen,World-Check,N,,,N,,N,,,,N,0,No Hit
SCR007169,C02794,2025-07-26,Ongoing Rescreen,Dow Jones Risk,N,,,N,,N,,,,N,0,No Hit
SCR007170,C02795,2025-06-03,Initial,LexisNexis Bridger,N,,,N,,N,,,,N,0,No Hit
SCR007171,C02795,2025-11-30,Ongoing Rescreen,LexisNexis Bridger,N,,,N,,N,,,,N,0,No Hit
SCR007172,C02796,2024-02-23,Initial,Dow Jones Risk,N,,,N,,Y,Tax Evasion,Court Records,N,Y,11,Cleared - False Positive
SCR007173,C02796,2024-08-21,Ongoing Rescreen,World-Check,N,,,N,,N,,,,N,0,No Hit
SCR007174,C02796,2025-02-17,Ongoing Rescreen,Dow Jones Risk,N,,,N,,N,,,,N,0,No Hit
SCR007175,C02796,2025-08-16,Ongoing Rescreen,Dow Jones Risk,N,,,N,,N,,,,N,0,No Hit
SCR007176,C02797,2024-09-06,Initial,LexisNexis Bridger,N,,,N,,N,,,,N,0,No Hit
SCR007177,C02797,2025-03-05,Ongoing Rescreen,World-Check,N,,,N,,N,,,,N,0,No Hit
SCR007178,C02797,2025-09-01,Ongoing Rescreen,World-Check,N,,,N,,N,,,,N,0,No Hit
SCR007179,C02798,2025-11-13,Initial,World-Check,N,,,N,,N,,,,N,0,No Hit
SCR007180,C02799,2025-12-24,Initial,LexisNexis Bridger,N,,,N,,N,,,,N,0,No Hit
SCR007181,C02800,2024-04-18,Initial,World-Check,N,,,N,,N,,,,N,0,No Hit
SCR007182,C02800,2024-10-15,Ongoing Rescreen,Dow Jones Risk,N,,,N,,N,,,,N,0,No Hit
SCR007183,C02800,2025-04-13,Ongoing Rescreen,World-Check,N,,,N,,N,,,,N,0,No Hit
SCR007184,C02800,2025-10-10,Ongoing Rescreen,Dow Jones Risk,N,,,N,,N,,,,N,0,No Hit
SCR007185,C02801,2025-12-21,Initial,Dow Jones Risk,N,,,N,,N,,,,N,0,No Hit
SCR007186,C02802,2025-12-16,Initial,Dow Jones Risk,N,,,N,,N,,,,Y,0,No Hit
SCR007187,C02803,2025-10-04,Initial,World-Check,N,,,N,,N,,,,N,0,No Hit
SCR007188,C02804,2025-08-28,Initial,Dow Jones Risk,N,,,N,,N,,,,N,0,No Hit
SCR007189,C02805,2024-02-24,Initial,LexisNexis Bridger,N,,,N,,Y,Fraud,Online Blog,N,Y,10,Cleared - False Positive
SCR007190,C02805,2024-08-22,Ongoing Rescreen,LexisNexis Bridger,Y,OFAC SDN,N,N,,N,,,,Y,3,Cleared - False Positive
SCR007191,C02805,2025-02-18,Ongoing Rescreen,World-Check,N,,,N,,N,,,,N,0,No Hit
SCR007192,C02805,2025-08-17,Ongoing Rescreen,World-Check,N,,,N,,N,,,,N,0,No Hit
SCR007193,C02806,2024-03-29,Initial,World-Check,N,,,N,,Y,Regulatory Fine,National News,N,Y,12,Cleared - False Positive
SCR007194,C02806,2024-09-25,Ongoing Rescreen,Dow Jones Risk,N,,,N,,N,,,,N,0,No Hit
SCR007195,C02806,2025-03-24,Ongoing Rescreen,LexisNexis Bridger,N,,,N,,N,,,,N,0,No Hit
SCR007196,C02806,2025-09-20,Ongoing Rescreen,LexisNexis Bridger,N,,,N,,N,,,,N,0,No Hit
SCR007197,C02807,2025-03-24,Initial,World-Check,N,,,N,,N,,,,Y,0,No Hit
SCR007198,C02807,2025-09-20,Ongoing Rescreen,Dow Jones Risk,N,,,N,,N,,,,Y,0,No Hit
SCR007199,C02808,2024-03-15,Initial,Dow Jones Risk,N,,,N,,N,,,,N,0,No Hit
SCR007200,C02808,2024-09-11,Ongoing Rescreen,Dow Jones Risk,N,,,N,,N,,,,N,0,No Hit
SCR007201,C02808,2025-03-10,Ongoing Rescreen,LexisNexis Bridger,N,,,N,,N,,,,N,0,No Hit
SCR007202,C02808,2025-09-06,Ongoing Rescreen,LexisNexis Bridger,N,,,N,,N,,,,N,0,No Hit
SCR007203,C02809,2024-07-02,Initial,Dow Jones Risk,N,,,N,,N,,,,Y,0,No Hit
SCR007204,C02809,2024-12-29,Ongoing Rescreen,Dow Jones Risk,N,,,N,,N,,,,Y,0,No Hit
SCR007205,C02809,2025-06-27,Ongoing Rescreen,World-Check,N,,,N,,N,,,,Y,0,No Hit
SCR007206,C02809,2025-12-24,Ongoing Rescreen,LexisNexis Bridger,N,,,N,,N,,,,Y,0,No Hit
SCR007207,C02810,2025-12-15,Initial,Dow Jones Risk,N,,,N,,N,,,,N,0,No Hit
SCR007208,C02811,2025-10-27,Initial,LexisNexis Bridger,N,,,N,,N,,,,N,0,No Hit
SCR007209,C02812,2024-07-05,Initial,LexisNexis Bridger,N,,,N,,N,,,,N,0,No Hit
SCR007210,C02812,2025-01-01,Ongoing Rescreen,LexisNexis Bridger,N,,,N,,N,,,,N,0,No Hit
SCR007211,C02812,2025-06-30,Ongoing Rescreen,Dow Jones Risk,N,,,N,,N,,,,N,0,No Hit
SCR007212,C02812,2025-12-27,Ongoing Rescreen,Dow Jones Risk,N,,,N,,N,,,,N,0,No Hit
SCR007213,C02813,2025-01-28,Initial,Dow Jones Risk,N,,,N,,N,,,,N,0,No Hit
SCR007214,C02813,2025-07-27,Ongoing Rescreen,World-Check,N,,,N,,N,,,,N,0,No Hit
SCR007215,C02814,2025-01-28,Initial,World-Check,N,,,N,,N,,,,N,0,No Hit
SCR007216,C02814,2025-07-27,Ongoing Rescreen,World-Check,N,,,N,,N,,,,N,0,No Hit
SCR007217,C02815,2024-07-11,Initial,LexisNexis Bridger,N,,,N,,N,,,,N,0,No Hit
SCR007218,C02815,2025-01-07,Ongoing Rescreen,LexisNexis Bridger,N,,,N,,N,,,,N,0,No Hit
SCR007219,C02815,2025-07-06,Ongoing Rescreen,Dow Jones Risk,N,,,N,,N,,,,N,0,No Hit
SCR007220,C02816,2024-06-21,Initial,Dow Jones Risk,N,,,Y,Foreign PEP,N,,,,Y,2,Cleared - False Positive
SCR007221,C02816,2024-12-18,Ongoing Rescreen,World-Check,N,,,Y,Domestic PEP,N,,,,Y,9,Cleared - False Positive
SCR007222,C02816,2025-06-16,Ongoing Rescreen,Dow Jones Risk,N,,,Y,Foreign PEP,N,,,,Y,7,Cleared - False Positive
SCR007223,C02816,2025-12-13,Ongoing Rescreen,LexisNexis Bridger,N,,,Y,Foreign PEP,N,,,,Y,4,Cleared - False Positive
SCR007224,C02817,2024-11-15,Initial,World-Check,N,,,Y,Family Member,N,,,,Y,2,Cleared - False Positive
SCR007225,C02817,2025-05-14,Ongoing Rescreen,Dow Jones Risk,N,,,Y,Family Member,N,,,,Y,5,Cleared - False Positive
SCR007226,C02817,2025-11-10,Ongoing Rescreen,World-Check,N,,,Y,Foreign PEP,Y,Money Laundering,Regional News,N,Y,6,Cleared - False Positive
SCR007227,C02818,2025-03-15,Initial,Dow Jones Risk,N,,,N,,N,,,,N,0,No Hit
SCR007228,C02818,2025-09-11,Ongoing Rescreen,LexisNexis Bridger,N,,,N,,N,,,,N,0,No Hit
SCR007229,C02819,2025-08-10,Initial,World-Check,N,,,N,,N,,,,N,0,No Hit
SCR007230,C02820,2025-09-06,Initial,LexisNexis Bridger,N,,,N,,N,,,,N,0,No Hit
SCR007231,C02821,2024-01-15,Initial,World-Check,N,,,N,,N,,,,N,0,No Hit
SCR007232,C02821,2024-07-13,Ongoing Rescreen,LexisNexis Bridger,N,,,N,,N,,,,N,0,No Hit
SCR007233,C02821,2025-01-09,Ongoing Rescreen,World-Check,N,,,N,,N,,,,N,0,No Hit
SCR007234,C02821,2025-07-08,Ongoing Rescreen,Dow Jones Risk,N,,,N,,N,,,,N,0,No Hit
SCR007235,C02822,2025-04-25,Initial,World-Check,N,,,N,,N,,,,N,0,No Hit
SCR007236,C02822,2025-10-22,Ongoing Rescreen,Dow Jones Risk,N,,,N,,N,,,,N,0,No Hit
SCR007237,C02823,2025-03-26,Initial,World-Check,N,,,N,,N,,,,N,0,No Hit
SCR007238,C02823,2025-09-22,Ongoing Rescreen,LexisNexis Bridger,N,,,N,,N,,,,N,0,No Hit
SCR007239,C02824,2024-02-04,Initial,Dow Jones Risk,N,,,N,,N,,,,N,0,No Hit
SCR007240,C02824,2024-08-02,Ongoing Rescreen,Dow Jones Risk,N,,,Y,Foreign PEP,N,,,,Y,2,Cleared - False Positive
SCR007241,C02824,2025-01-29,Ongoing Rescreen,Dow Jones Risk,N,,,N,,N,,,,N,0,No Hit
SCR007242,C02824,2025-07-28,Ongoing Rescreen,LexisNexis Bridger,N,,,N,,N,,,,N,0,No Hit
SCR007243,C02825,2025-09-02,Initial,World-Check,N,,,N,,N,,,,N,0,No Hit
SCR007244,C02826,2025-03-11,Initial,LexisNexis Bridger,N,,,N,,N,,,,N,0,No Hit
SCR007245,C02826,2025-09-07,Ongoing Rescreen,LexisNexis Bridger,N,,,N,,N,,,,N,0,No Hit
SCR007246,C02827,2025-06-09,Initial,Dow Jones Risk,N,,,N,,N,,,,N,0,No Hit
SCR007247,C02827,2025-12-06,Ongoing Rescreen,World-Check,N,,,N,,N,,,,N,0,No Hit
SCR007248,C02828,2025-04-28,Initial,LexisNexis Bridger,N,,,N,,N,,,,N,0,No Hit
SCR007249,C02828,2025-10-25,Ongoing Rescreen,World-Check,N,,,N,,N,,,,N,0,No Hit
SCR007250,C02829,2024-09-01,Initial,LexisNexis Bridger,N,,,N,,N,,,,N,0,No Hit
SCR007251,C02829,2025-02-28,Ongoing Rescreen,Dow Jones Risk,N,,,N,,N,,,,N,0,No Hit
SCR007252,C02829,2025-08-27,Ongoing Rescreen,LexisNexis Bridger,N,,,N,,N,,,,N,0,No Hit
SCR007253,C02830,2024-05-26,Initial,LexisNexis Bridger,N,,,N,,Y,Regulatory Fine,Regional News,N,Y,14,Cleared - False Positive
SCR007254,C02830,2024-11-22,Ongoing Rescreen,World-Check,N,,,N,,N,,,,N,0,No Hit
SCR007255,C02830,2025-05-21,Ongoing Rescreen,LexisNexis Bridger,N,,,N,,N,,,,N,0,No Hit
SCR007256,C02830,2025-11-17,Ongoing Rescreen,Dow Jones Risk,N,,,N,,N,,,,N,0,No Hit
SCR007257,C02831,2024-10-03,Initial,Dow Jones Risk,N,,,N,,N,,,,N,0,No Hit
SCR007258,C02831,2025-04-01,Ongoing Rescreen,World-Check,N,,,N,,N,,,,N,0,No Hit
SCR007259,C02831,2025-09-28,Ongoing Rescreen,Dow Jones Risk,N,,,N,,N,,,,N,0,No Hit
SCR007260,C02832,2025-07-11,Initial,LexisNexis Bridger,N,,,N,,N,,,,N,0,No Hit
SCR007261,C02833,2025-04-10,Initial,Dow Jones Risk,N,,,N,,N,,,,N,0,No Hit
SCR007262,C02833,2025-10-07,Ongoing Rescreen,Dow Jones Risk,N,,,N,,N,,,,N,0,No Hit
SCR007263,C02834,2025-04-03,Initial,World-Check,N,,,N,,N,,,,Y,0,No Hit
SCR007264,C02834,2025-09-30,Ongoing Rescreen,World-Check,N,,,N,,N,,,,Y,0,No Hit
SCR007265,C02835,2024-04-05,Initial,Dow Jones Risk,N,,,N,,N,,,,N,0,No Hit
SCR007266,C02835,2024-10-02,Ongoing Rescreen,World-Check,N,,,N,,N,,,,N,0,No Hit
SCR007267,C02835,2025-03-31,Ongoing Rescreen,Dow Jones Risk,N,,,N,,N,,,,N,0,No Hit
SCR007268,C02835,2025-09-27,Ongoing Rescreen,LexisNexis Bridger,N,,,N,,Y,Organised Crime,Court Records,N,Y,6,Cleared - False Positive
SCR007269,C02836,2024-01-07,Initial,Dow Jones Risk,N,,,N,,N,,,,N,0,No Hit
SCR007270,C02836,2024-07-05,Ongoing Rescreen,Dow Jones Risk,N,,,N,,N,,,,N,0,No Hit
SCR007271,C02836,2025-01-01,Ongoing Rescreen,Dow Jones Risk,N,,,N,,N,,,,N,0,No Hit
SCR007272,C02836,2025-06-30,Ongoing Rescreen,LexisNexis Bridger,N,,,N,,N,,,,N,0,No Hit
SCR007273,C02836,2025-12-27,Ongoing Rescreen,LexisNexis Bridger,N,,,N,,N,,,,N,0,No Hit
SCR007274,C02837,2025-05-03,Initial,World-Check,N,,,N,,N,,,,N,0,No Hit
SCR007275,C02837,2025-10-30,Ongoing Rescreen,Dow Jones Risk,N,,,N,,N,,,,N,0,No Hit
SCR007276,C02838,2025-11-25,Initial,LexisNexis Bridger,N,,,N,,N,,,,N,0,No Hit
SCR007277,C02839,2024-09-19,Initial,World-Check,N,,,N,,N,,,,N,0,No Hit
SCR007278,C02839,2025-03-18,Ongoing Rescreen,LexisNexis Bridger,N,,,N,,Y,Bribery & Corruption,Regulator Notice,N,Y,1,Cleared - False Positive
SCR007279,C02839,2025-09-14,Ongoing Rescreen,LexisNexis Bridger,N,,,N,,N,,,,N,0,No Hit
SCR007280,C02840,2024-11-21,Initial,World-Check,N,,,N,,N,,,,N,0,No Hit
SCR007281,C02840,2025-05-20,Ongoing Rescreen,Dow Jones Risk,N,,,N,,N,,,,N,0,No Hit
SCR007282,C02840,2025-11-16,Ongoing Rescreen,LexisNexis Bridger,N,,,N,,N,,,,N,0,No Hit
SCR007283,C02841,2025-12-01,Initial,LexisNexis Bridger,N,,,Y,Foreign PEP,N,,,,Y,9,Cleared - False Positive
SCR007284,C02842,2024-06-18,Initial,LexisNexis Bridger,N,,,N,,N,,,,N,0,No Hit
SCR007285,C02842,2024-12-15,Ongoing Rescreen,World-Check,N,,,N,,N,,,,N,0,No Hit
SCR007286,C02842,2025-06-13,Ongoing Rescreen,Dow Jones Risk,N,,,N,,N,,,,N,0,No Hit
SCR007287,C02842,2025-12-10,Ongoing Rescreen,Dow Jones Risk,N,,,N,,N,,,,N,0,No Hit
SCR007288,C02843,2025-01-16,Initial,World-Check,N,,,N,,N,,,,Y,0,No Hit
SCR007289,C02843,2025-07-15,Ongoing Rescreen,World-Check,Y,OFAC SDN,Y,N,,N,,,,Y,6,Exit Relationship
SCR007290,C02844,2024-03-04,Initial,World-Check,N,,,N,,N,,,,N,0,No Hit
SCR007291,C02844,2024-08-31,Ongoing Rescreen,LexisNexis Bridger,N,,,N,,N,,,,N,0,No Hit
SCR007292,C02844,2025-02-27,Ongoing Rescreen,World-Check,N,,,N,,N,,,,N,0,No Hit
SCR007293,C02844,2025-08-26,Ongoing Rescreen,World-Check,N,,,N,,N,,,,N,0,No Hit
SCR007294,C02845,2024-07-11,Initial,Dow Jones Risk,N,,,N,,N,,,,N,0,No Hit
SCR007295,C02845,2025-01-07,Ongoing Rescreen,LexisNexis Bridger,N,,,N,,N,,,,N,0,No Hit
SCR007296,C02845,2025-07-06,Ongoing Rescreen,LexisNexis Bridger,N,,,N,,N,,,,N,0,No Hit
SCR007297,C02846,2024-09-30,Initial,LexisNexis Bridger,N,,,N,,N,,,,N,0,No Hit
SCR007298,C02846,2025-03-29,Ongoing Rescreen,Dow Jones Risk,N,,,N,,N,,,,N,0,No Hit
SCR007299,C02846,2025-09-25,Ongoing Rescreen,Dow Jones Risk,N,,,N,,N,,,,N,0,No Hit
SCR007300,C02847,2025-05-16,Initial,LexisNexis Bridger,N,,,N,,N,,,,N,0,No Hit
SCR007301,C02847,2025-11-12,Ongoing Rescreen,World-Check,N,,,N,,N,,,,N,0,No Hit
SCR007302,C02848,2024-08-12,Initial,Dow Jones Risk,Y,OFAC SDN,N,N,,N,,,,Y,4,Cleared - False Positive
SCR007303,C02848,2025-02-08,Ongoing Rescreen,Dow Jones Risk,N,,,N,,N,,,,Y,0,No Hit
SCR007304,C02848,2025-08-07,Ongoing Rescreen,LexisNexis Bridger,N,,,N,,N,,,,Y,0,No Hit
SCR007305,C02849,2024-12-02,Initial,LexisNexis Bridger,N,,,N,,N,,,,N,0,No Hit
SCR007306,C02849,2025-05-31,Ongoing Rescreen,Dow Jones Risk,N,,,N,,N,,,,N,0,No Hit
SCR007307,C02849,2025-11-27,Ongoing Rescreen,LexisNexis Bridger,N,,,N,,N,,,,N,0,No Hit
SCR007308,C02850,2024-08-05,Initial,LexisNexis Bridger,N,,,N,,N,,,,Y,0,No Hit
SCR007309,C02850,2025-02-01,Ongoing Rescreen,World-Check,Y,UK HMT/OFSI,N,N,,N,,,,Y,6,Cleared - False Positive
SCR007310,C02850,2025-07-31,Ongoing Rescreen,Dow Jones Risk,N,,,N,,Y,Fraud,Court Records,N,Y,16,Cleared - False Positive
SCR007311,C02851,2024-04-13,Initial,World-Check,N,,,N,,N,,,,N,0,No Hit
SCR007312,C02851,2024-10-10,Ongoing Rescreen,Dow Jones Risk,N,,,N,,N,,,,N,0,No Hit
SCR007313,C02851,2025-04-08,Ongoing Rescreen,LexisNexis Bridger,N,,,N,,N,,,,N,0,No Hit
SCR007314,C02851,2025-10-05,Ongoing Rescreen,World-Check,N,,,N,,N,,,,N,0,No Hit
SCR007315,C02852,2025-08-02,Initial,Dow Jones Risk,N,,,N,,N,,,,N,0,No Hit
SCR007316,C02853,2025-05-06,Initial,Dow Jones Risk,N,,,N,,N,,,,N,0,No Hit
SCR007317,C02853,2025-11-02,Ongoing Rescreen,World-Check,N,,,N,,N,,,,N,0,No Hit
SCR007318,C02854,2025-04-17,Initial,Dow Jones Risk,N,,,N,,N,,,,Y,0,No Hit
SCR007319,C02854,2025-10-14,Ongoing Rescreen,Dow Jones Risk,N,,,N,,N,,,,Y,0,No Hit
SCR007320,C02855,2025-03-02,Initial,Dow Jones Risk,N,,,N,,N,,,,N,0,No Hit
SCR007321,C02855,2025-08-29,Ongoing Rescreen,World-Check,N,,,N,,N,,,,N,0,No Hit
SCR007322,C02856,2024-04-07,Initial,Dow Jones Risk,N,,,N,,N,,,,N,0,No Hit
SCR007323,C02856,2024-10-04,Ongoing Rescreen,World-Check,N,,,N,,N,,,,N,0,No Hit
SCR007324,C02856,2025-04-02,Ongoing Rescreen,Dow Jones Risk,N,,,N,,N,,,,N,0,No Hit
SCR007325,C02856,2025-09-29,Ongoing Rescreen,World-Check,N,,,N,,N,,,,N,0,No Hit
SCR007326,C02857,2025-01-11,Initial,LexisNexis Bridger,N,,,N,,N,,,,N,0,No Hit
SCR007327,C02857,2025-07-10,Ongoing Rescreen,LexisNexis Bridger,Y,OFAC SDN,N,N,,N,,,,Y,4,Cleared - False Positive
SCR007328,C02858,2025-06-01,Initial,LexisNexis Bridger,N,,,N,,N,,,,N,0,No Hit
SCR007329,C02858,2025-11-28,Ongoing Rescreen,LexisNexis Bridger,N,,,N,,N,,,,N,0,No Hit
SCR007330,C02859,2024-12-27,Initial,World-Check,N,,,N,,N,,,,N,0,No Hit
SCR007331,C02859,2025-06-25,Ongoing Rescreen,World-Check,N,,,N,,N,,,,N,0,No Hit
SCR007332,C02859,2025-12-22,Ongoing Rescreen,Dow Jones Risk,N,,,N,,N,,,,N,0,No Hit
SCR007333,C02860,2025-06-12,Initial,Dow Jones Risk,N,,,N,,N,,,,Y,0,No Hit
SCR007334,C02860,2025-12-09,Ongoing Rescreen,LexisNexis Bridger,N,,,N,,Y,Fraud,Court Records,N,Y,6,Cleared - False Positive
SCR007335,C02861,2024-08-28,Initial,World-Check,N,,,N,,N,,,,N,0,No Hit
SCR007336,C02861,2025-02-24,Ongoing Rescreen,LexisNexis Bridger,N,,,N,,N,,,,N,0,No Hit
SCR007337,C02861,2025-08-23,Ongoing Rescreen,LexisNexis Bridger,N,,,N,,N,,,,N,0,No Hit
SCR007338,C02862,2025-01-10,Initial,World-Check,N,,,N,,N,,,,N,0,No Hit
SCR007339,C02862,2025-07-09,Ongoing Rescreen,World-Check,N,,,N,,N,,,,N,0,No Hit
SCR007340,C02863,2024-10-05,Initial,Dow Jones Risk,N,,,N,,N,,,,N,0,No Hit
SCR007341,C02863,2025-04-03,Ongoing Rescreen,Dow Jones Risk,N,,,N,,N,,,,N,0,No Hit
SCR007342,C02863,2025-09-30,Ongoing Rescreen,LexisNexis Bridger,N,,,N,,N,,,,N,0,No Hit
SCR007343,C02864,2025-12-28,Initial,World-Check,N,,,N,,N,,,,N,0,No Hit
SCR007344,C02865,2024-05-10,Initial,World-Check,N,,,N,,N,,,,N,0,No Hit
SCR007345,C02865,2024-11-06,Ongoing Rescreen,World-Check,N,,,N,,N,,,,N,0,No Hit
SCR007346,C02865,2025-05-05,Ongoing Rescreen,World-Check,N,,,N,,N,,,,N,0,No Hit
SCR007347,C02865,2025-11-01,Ongoing Rescreen,LexisNexis Bridger,N,,,N,,N,,,,N,0,No Hit
SCR007348,C02866,2024-07-26,Initial,World-Check,N,,,N,,N,,,,N,0,No Hit
SCR007349,C02866,2025-01-22,Ongoing Rescreen,Dow Jones Risk,N,,,N,,N,,,,N,0,No Hit
SCR007350,C02866,2025-07-21,Ongoing Rescreen,World-Check,N,,,N,,N,,,,N,0,No Hit
SCR007351,C02867,2025-05-12,Initial,LexisNexis Bridger,N,,,N,,N,,,,N,0,No Hit
SCR007352,C02867,2025-11-08,Ongoing Rescreen,World-Check,N,,,N,,N,,,,N,0,No Hit
SCR007353,C02868,2024-02-12,Initial,World-Check,N,,,N,,N,,,,N,0,No Hit
SCR007354,C02868,2024-08-10,Ongoing Rescreen,LexisNexis Bridger,N,,,N,,N,,,,N,0,No Hit
SCR007355,C02868,2025-02-06,Ongoing Rescreen,World-Check,N,,,N,,N,,,,N,0,No Hit
SCR007356,C02868,2025-08-05,Ongoing Rescreen,Dow Jones Risk,N,,,N,,N,,,,N,0,No Hit
SCR007357,C02869,2025-01-09,Initial,Dow Jones Risk,N,,,N,,N,,,,N,0,No Hit
SCR007358,C02869,2025-07-08,Ongoing Rescreen,LexisNexis Bridger,N,,,N,,N,,,,N,0,No Hit
SCR007359,C02870,2024-01-22,Initial,World-Check,N,,,N,,N,,,,N,0,No Hit
SCR007360,C02870,2024-07-20,Ongoing Rescreen,World-Check,N,,,N,,N,,,,N,0,No Hit
SCR007361,C02870,2025-01-16,Ongoing Rescreen,Dow Jones Risk,N,,,N,,N,,,,N,0,No Hit
SCR007362,C02870,2025-07-15,Ongoing Rescreen,Dow Jones Risk,N,,,N,,N,,,,N,0,No Hit
SCR007363,C02871,2025-01-20,Initial,World-Check,N,,,N,,N,,,,N,0,No Hit
SCR007364,C02871,2025-07-19,Ongoing Rescreen,World-Check,N,,,N,,N,,,,N,0,No Hit
SCR007365,C02872,2024-08-22,Initial,Dow Jones Risk,N,,,N,,N,,,,N,0,No Hit
SCR007366,C02872,2025-02-18,Ongoing Rescreen,Dow Jones Risk,N,,,N,,N,,,,N,0,No Hit
SCR007367,C02872,2025-08-17,Ongoing Rescreen,LexisNexis Bridger,N,,,N,,N,,,,N,0,No Hit
SCR007368,C02873,2024-05-18,Initial,Dow Jones Risk,N,,,Y,Domestic PEP,N,,,,Y,3,Cleared - False Positive
SCR007369,C02873,2024-11-14,Ongoing Rescreen,LexisNexis Bridger,N,,,Y,Domestic PEP,N,,,,Y,6,Cleared - False Positive
SCR007370,C02873,2025-05-13,Ongoing Rescreen,World-Check,N,,,Y,Close Associate,N,,,,Y,1,Cleared - False Positive
SCR007371,C02873,2025-11-09,Ongoing Rescreen,Dow Jones Risk,N,,,Y,Foreign PEP,N,,,,Y,4,Cleared - False Positive
SCR007372,C02874,2024-12-29,Initial,Dow Jones Risk,N,,,N,,N,,,,N,0,No Hit
SCR007373,C02874,2025-06-27,Ongoing Rescreen,Dow Jones Risk,N,,,N,,N,,,,N,0,No Hit
SCR007374,C02874,2025-12-24,Ongoing Rescreen,Dow Jones Risk,N,,,N,,N,,,,N,0,No Hit
SCR007375,C02875,2024-08-30,Initial,LexisNexis Bridger,N,,,N,,N,,,,N,0,No Hit
SCR007376,C02875,2025-02-26,Ongoing Rescreen,Dow Jones Risk,N,,,N,,N,,,,N,0,No Hit
SCR007377,C02875,2025-08-25,Ongoing Rescreen,World-Check,N,,,N,,N,,,,N,0,No Hit
SCR007378,C02876,2024-02-27,Initial,World-Check,N,,,N,,N,,,,N,0,No Hit
SCR007379,C02876,2024-08-25,Ongoing Rescreen,Dow Jones Risk,N,,,N,,N,,,,N,0,No Hit
SCR007380,C02876,2025-02-21,Ongoing Rescreen,LexisNexis Bridger,N,,,N,,N,,,,N,0,No Hit
SCR007381,C02876,2025-08-20,Ongoing Rescreen,LexisNexis Bridger,N,,,N,,N,,,,N,0,No Hit
SCR007382,C02877,2025-01-24,Initial,Dow Jones Risk,N,,,N,,N,,,,N,0,No Hit
SCR007383,C02877,2025-07-23,Ongoing Rescreen,Dow Jones Risk,N,,,N,,N,,,,N,0,No Hit
SCR007384,C02878,2025-02-17,Initial,World-Check,N,,,N,,N,,,,N,0,No Hit
SCR007385,C02878,2025-08-16,Ongoing Rescreen,World-Check,N,,,N,,N,,,,N,0,No Hit
SCR007386,C02879,2025-04-28,Initial,World-Check,N,,,N,,N,,,,N,0,No Hit
SCR007387,C02879,2025-10-25,Ongoing Rescreen,Dow Jones Risk,N,,,N,,N,,,,N,0,No Hit
SCR007388,C02880,2025-10-20,Initial,LexisNexis Bridger,N,,,N,,Y,Money Laundering,Court Records,N,Y,4,Cleared - False Positive
SCR007389,C02881,2025-05-28,Initial,World-Check,N,,,N,,N,,,,N,0,No Hit
SCR007390,C02881,2025-11-24,Ongoing Rescreen,World-Check,N,,,N,,N,,,,N,0,No Hit
SCR007391,C02882,2025-08-05,Initial,World-Check,N,,,N,,N,,,,N,0,No Hit
SCR007392,C02883,2025-04-18,Initial,World-Check,N,,,N,,N,,,,N,0,No Hit
SCR007393,C02883,2025-10-15,Ongoing Rescreen,Dow Jones Risk,N,,,N,,N,,,,N,0,No Hit
SCR007394,C02884,2025-05-06,Initial,World-Check,N,,,N,,N,,,,N,0,No Hit
SCR007395,C02884,2025-11-02,Ongoing Rescreen,World-Check,N,,,N,,N,,,,N,0,No Hit
SCR007396,C02885,2025-08-02,Initial,Dow Jones Risk,N,,,N,,N,,,,N,0,No Hit
SCR007397,C02886,2025-04-28,Initial,World-Check,N,,,N,,N,,,,N,0,No Hit
SCR007398,C02886,2025-10-25,Ongoing Rescreen,World-Check,Y,EU Consolidated,N,N,,N,,,,Y,6,Cleared - False Positive
SCR007399,C02887,2025-01-02,Initial,Dow Jones Risk,N,,,N,,N,,,,N,0,No Hit
SCR007400,C02887,2025-07-01,Ongoing Rescreen,LexisNexis Bridger,N,,,N,,N,,,,N,0,No Hit
SCR007401,C02887,2025-12-28,Ongoing Rescreen,World-Check,N,,,N,,N,,,,N,0,No Hit
SCR007402,C02888,2025-06-17,Initial,World-Check,N,,,N,,N,,,,N,0,No Hit
SCR007403,C02888,2025-12-14,Ongoing Rescreen,LexisNexis Bridger,N,,,N,,N,,,,N,0,No Hit
SCR007404,C02889,2025-12-06,Initial,Dow Jones Risk,N,,,N,,N,,,,N,0,No Hit
SCR007405,C02890,2024-12-27,Initial,Dow Jones Risk,N,,,N,,N,,,,N,0,No Hit
SCR007406,C02890,2025-06-25,Ongoing Rescreen,World-Check,N,,,N,,N,,,,N,0,No Hit
SCR007407,C02890,2025-12-22,Ongoing Rescreen,Dow Jones Risk,N,,,N,,N,,,,N,0,No Hit
SCR007408,C02891,2024-06-14,Initial,Dow Jones Risk,N,,,N,,N,,,,N,0,No Hit
SCR007409,C02891,2024-12-11,Ongoing Rescreen,LexisNexis Bridger,N,,,Y,Domestic PEP,N,,,,Y,2,Cleared - False Positive
SCR007410,C02891,2025-06-09,Ongoing Rescreen,LexisNexis Bridger,Y,OFAC SDN,N,N,,N,,,,Y,2,Cleared - False Positive
SCR007411,C02891,2025-12-06,Ongoing Rescreen,LexisNexis Bridger,Y,UN Consolidated,N,N,,N,,,,Y,1,Cleared - False Positive
SCR007412,C02892,2024-10-20,Initial,World-Check,N,,,N,,N,,,,N,0,No Hit
SCR007413,C02892,2025-04-18,Ongoing Rescreen,LexisNexis Bridger,N,,,N,,N,,,,N,0,No Hit
SCR007414,C02892,2025-10-15,Ongoing Rescreen,Dow Jones Risk,N,,,N,,N,,,,N,0,No Hit
SCR007415,C02893,2024-01-11,Initial,LexisNexis Bridger,N,,,N,,N,,,,N,0,No Hit
SCR007416,C02893,2024-07-09,Ongoing Rescreen,World-Check,N,,,N,,N,,,,N,0,No Hit
SCR007417,C02893,2025-01-05,Ongoing Rescreen,Dow Jones Risk,N,,,N,,N,,,,N,0,No Hit
SCR007418,C02893,2025-07-04,Ongoing Rescreen,LexisNexis Bridger,N,,,N,,N,,,,N,0,No Hit
SCR007419,C02893,2025-12-31,Ongoing Rescreen,World-Check,N,,,N,,N,,,,N,0,No Hit
SCR007420,C02894,2024-08-12,Initial,World-Check,N,,,N,,N,,,,N,0,No Hit
SCR007421,C02894,2025-02-08,Ongoing Rescreen,Dow Jones Risk,N,,,N,,N,,,,N,0,No Hit
SCR007422,C02894,2025-08-07,Ongoing Rescreen,Dow Jones Risk,N,,,N,,N,,,,N,0,No Hit
SCR007423,C02895,2025-10-10,Initial,World-Check,N,,,N,,N,,,,N,0,No Hit
SCR007424,C02896,2024-03-13,Initial,Dow Jones Risk,N,,,N,,N,,,,N,0,No Hit
SCR007425,C02896,2024-09-09,Ongoing Rescreen,Dow Jones Risk,N,,,N,,N,,,,N,0,No Hit
SCR007426,C02896,2025-03-08,Ongoing Rescreen,World-Check,N,,,N,,N,,,,N,0,No Hit
SCR007427,C02896,2025-09-04,Ongoing Rescreen,LexisNexis Bridger,N,,,N,,Y,Regulatory Fine,Regional News,Y,Y,6,Escalate to EDD
SCR007428,C02897,2025-10-11,Initial,LexisNexis Bridger,N,,,N,,N,,,,N,0,No Hit
SCR007429,C02898,2025-02-14,Initial,LexisNexis Bridger,N,,,N,,N,,,,N,0,No Hit
SCR007430,C02898,2025-08-13,Ongoing Rescreen,Dow Jones Risk,N,,,N,,N,,,,N,0,No Hit
SCR007431,C02899,2024-08-20,Initial,Dow Jones Risk,N,,,N,,N,,,,N,0,No Hit
SCR007432,C02899,2025-02-16,Ongoing Rescreen,LexisNexis Bridger,N,,,N,,N,,,,N,0,No Hit
SCR007433,C02899,2025-08-15,Ongoing Rescreen,LexisNexis Bridger,N,,,N,,N,,,,N,0,No Hit
SCR007434,C02900,2024-12-11,Initial,Dow Jones Risk,N,,,N,,N,,,,N,0,No Hit
SCR007435,C02900,2025-06-09,Ongoing Rescreen,Dow Jones Risk,N,,,N,,N,,,,N,0,No Hit
SCR007436,C02900,2025-12-06,Ongoing Rescreen,Dow Jones Risk,N,,,N,,N,,,,N,0,No Hit
SCR007437,C02901,2025-10-04,Initial,World-Check,N,,,N,,N,,,,N,0,No Hit
SCR007438,C02902,2024-03-27,Initial,Dow Jones Risk,N,,,Y,Family Member,N,,,,Y,5,Cleared - False Positive
SCR007439,C02902,2024-09-23,Ongoing Rescreen,Dow Jones Risk,N,,,N,,N,,,,N,0,No Hit
SCR007440,C02902,2025-03-22,Ongoing Rescreen,Dow Jones Risk,N,,,N,,N,,,,N,0,No Hit
SCR007441,C02902,2025-09-18,Ongoing Rescreen,World-Check,N,,,N,,N,,,,N,0,No Hit
SCR007442,C02903,2025-02-17,Initial,Dow Jones Risk,N,,,N,,N,,,,N,0,No Hit
SCR007443,C02903,2025-08-16,Ongoing Rescreen,LexisNexis Bridger,N,,,N,,N,,,,N,0,No Hit
SCR007444,C02904,2024-07-15,Initial,World-Check,Y,EU Consolidated,N,N,,N,,,,Y,22,Cleared - False Positive
SCR007445,C02904,2025-01-11,Ongoing Rescreen,Dow Jones Risk,N,,,N,,N,,,,Y,0,No Hit
SCR007446,C02904,2025-07-10,Ongoing Rescreen,World-Check,N,,,N,,N,,,,Y,0,No Hit
SCR007447,C02905,2025-01-30,Initial,World-Check,N,,,Y,Foreign PEP,N,,,,Y,2,Cleared - False Positive
SCR007448,C02905,2025-07-29,Ongoing Rescreen,Dow Jones Risk,N,,,Y,Foreign PEP,N,,,,Y,12,Cleared - False Positive
SCR007449,C02906,2025-07-29,Initial,LexisNexis Bridger,N,,,N,,N,,,,N,0,No Hit
SCR007450,C02907,2025-11-04,Initial,World-Check,N,,,N,,N,,,,N,0,No Hit
SCR007451,C02908,2024-07-05,Initial,Dow Jones Risk,N,,,N,,Y,Regulatory Fine,Court Records,N,Y,4,Cleared - False Positive
SCR007452,C02908,2025-01-01,Ongoing Rescreen,Dow Jones Risk,N,,,N,,Y,Regulatory Fine,Online Blog,N,Y,7,Cleared - False Positive
SCR007453,C02908,2025-06-30,Ongoing Rescreen,LexisNexis Bridger,N,,,N,,N,,,,N,0,No Hit
SCR007454,C02908,2025-12-27,Ongoing Rescreen,World-Check,N,,,N,,N,,,,N,0,No Hit
SCR007455,C02909,2025-04-30,Initial,World-Check,N,,,N,,N,,,,N,0,No Hit
SCR007456,C02909,2025-10-27,Ongoing Rescreen,World-Check,N,,,N,,N,,,,N,0,No Hit
SCR007457,C02910,2024-11-07,Initial,LexisNexis Bridger,N,,,N,,N,,,,N,0,No Hit
SCR007458,C02910,2025-05-06,Ongoing Rescreen,Dow Jones Risk,N,,,N,,N,,,,N,0,No Hit
SCR007459,C02910,2025-11-02,Ongoing Rescreen,LexisNexis Bridger,N,,,N,,N,,,,N,0,No Hit
SCR007460,C02911,2025-01-02,Initial,LexisNexis Bridger,N,,,N,,N,,,,N,0,No Hit
SCR007461,C02911,2025-07-01,Ongoing Rescreen,World-Check,N,,,N,,N,,,,N,0,No Hit
SCR007462,C02911,2025-12-28,Ongoing Rescreen,LexisNexis Bridger,N,,,N,,N,,,,N,0,No Hit
SCR007463,C02912,2024-04-27,Initial,World-Check,N,,,N,,N,,,,N,0,No Hit
SCR007464,C02912,2024-10-24,Ongoing Rescreen,World-Check,N,,,N,,N,,,,N,0,No Hit
SCR007465,C02912,2025-04-22,Ongoing Rescreen,LexisNexis Bridger,N,,,N,,N,,,,N,0,No Hit
SCR007466,C02912,2025-10-19,Ongoing Rescreen,World-Check,N,,,N,,N,,,,N,0,No Hit
SCR007467,C02913,2025-09-18,Initial,World-Check,N,,,N,,N,,,,N,0,No Hit
SCR007468,C02914,2024-05-04,Initial,LexisNexis Bridger,N,,,N,,N,,,,N,0,No Hit
SCR007469,C02914,2024-10-31,Ongoing Rescreen,LexisNexis Bridger,N,,,N,,N,,,,N,0,No Hit
SCR007470,C02914,2025-04-29,Ongoing Rescreen,LexisNexis Bridger,N,,,N,,N,,,,N,0,No Hit
SCR007471,C02914,2025-10-26,Ongoing Rescreen,World-Check,N,,,N,,N,,,,N,0,No Hit
SCR007472,C02915,2024-01-30,Initial,World-Check,N,,,Y,Foreign PEP,N,,,,Y,4,Cleared - False Positive
SCR007473,C02915,2024-07-28,Ongoing Rescreen,World-Check,N,,,N,,N,,,,N,0,No Hit
SCR007474,C02915,2025-01-24,Ongoing Rescreen,World-Check,N,,,N,,N,,,,N,0,No Hit
SCR007475,C02915,2025-07-23,Ongoing Rescreen,World-Check,N,,,N,,N,,,,N,0,No Hit
SCR007476,C02916,2025-07-06,Initial,LexisNexis Bridger,N,,,N,,N,,,,Y,0,No Hit
SCR007477,C02917,2024-10-23,Initial,World-Check,N,,,N,,N,,,,N,0,No Hit
SCR007478,C02917,2025-04-21,Ongoing Rescreen,World-Check,N,,,N,,N,,,,N,0,No Hit
SCR007479,C02917,2025-10-18,Ongoing Rescreen,LexisNexis Bridger,N,,,N,,N,,,,N,0,No Hit
SCR007480,C02918,2024-02-18,Initial,Dow Jones Risk,N,,,N,,N,,,,N,0,No Hit
SCR007481,C02918,2024-08-16,Ongoing Rescreen,Dow Jones Risk,N,,,N,,N,,,,N,0,No Hit
SCR007482,C02918,2025-02-12,Ongoing Rescreen,Dow Jones Risk,N,,,N,,N,,,,N,0,No Hit
SCR007483,C02918,2025-08-11,Ongoing Rescreen,Dow Jones Risk,N,,,N,,N,,,,N,0,No Hit
SCR007484,C02919,2025-05-12,Initial,LexisNexis Bridger,N,,,N,,N,,,,N,0,No Hit
SCR007485,C02919,2025-11-08,Ongoing Rescreen,LexisNexis Bridger,N,,,N,,N,,,,N,0,No Hit
SCR007486,C02920,2024-07-27,Initial,Dow Jones Risk,N,,,N,,N,,,,N,0,No Hit
SCR007487,C02920,2025-01-23,Ongoing Rescreen,Dow Jones Risk,N,,,N,,N,,,,N,0,No Hit
SCR007488,C02920,2025-07-22,Ongoing Rescreen,Dow Jones Risk,N,,,N,,N,,,,N,0,No Hit
SCR007489,C02921,2025-12-14,Initial,LexisNexis Bridger,N,,,N,,N,,,,N,0,No Hit
SCR007490,C02922,2025-12-17,Initial,LexisNexis Bridger,N,,,N,,N,,,,Y,0,No Hit
SCR007491,C02923,2025-02-06,Initial,World-Check,N,,,N,,N,,,,N,0,No Hit
SCR007492,C02923,2025-08-05,Ongoing Rescreen,World-Check,N,,,N,,N,,,,N,0,No Hit
SCR007493,C02924,2024-12-13,Initial,Dow Jones Risk,N,,,N,,N,,,,N,0,No Hit
SCR007494,C02924,2025-06-11,Ongoing Rescreen,Dow Jones Risk,N,,,N,,N,,,,N,0,No Hit
SCR007495,C02924,2025-12-08,Ongoing Rescreen,World-Check,N,,,N,,N,,,,N,0,No Hit
SCR007496,C02925,2024-11-21,Initial,Dow Jones Risk,N,,,N,,N,,,,N,0,No Hit
SCR007497,C02925,2025-05-20,Ongoing Rescreen,Dow Jones Risk,N,,,N,,N,,,,N,0,No Hit
SCR007498,C02925,2025-11-16,Ongoing Rescreen,LexisNexis Bridger,N,,,N,,N,,,,N,0,No Hit
SCR007499,C02926,2025-03-19,Initial,World-Check,N,,,N,,N,,,,N,0,No Hit
SCR007500,C02926,2025-09-15,Ongoing Rescreen,LexisNexis Bridger,N,,,N,,N,,,,N,0,No Hit
SCR007501,C02927,2025-10-26,Initial,Dow Jones Risk,N,,,N,,N,,,,N,0,No Hit
SCR007502,C02928,2025-04-13,Initial,LexisNexis Bridger,N,,,N,,N,,,,Y,0,No Hit
SCR007503,C02928,2025-10-10,Ongoing Rescreen,Dow Jones Risk,N,,,N,,N,,,,Y,0,No Hit
SCR007504,C02929,2024-03-13,Initial,LexisNexis Bridger,N,,,N,,N,,,,N,0,No Hit
SCR007505,C02929,2024-09-09,Ongoing Rescreen,Dow Jones Risk,N,,,N,,N,,,,N,0,No Hit
SCR007506,C02929,2025-03-08,Ongoing Rescreen,World-Check,N,,,N,,N,,,,N,0,No Hit
SCR007507,C02929,2025-09-04,Ongoing Rescreen,World-Check,N,,,N,,N,,,,N,0,No Hit
SCR007508,C02930,2024-05-23,Initial,Dow Jones Risk,N,,,N,,N,,,,N,0,No Hit
SCR007509,C02930,2024-11-19,Ongoing Rescreen,Dow Jones Risk,N,,,N,,N,,,,N,0,No Hit
SCR007510,C02930,2025-05-18,Ongoing Rescreen,World-Check,N,,,N,,N,,,,N,0,No Hit
SCR007511,C02930,2025-11-14,Ongoing Rescreen,World-Check,N,,,N,,N,,,,N,0,No Hit
SCR007512,C02931,2025-04-05,Initial,Dow Jones Risk,N,,,N,,N,,,,Y,0,No Hit
SCR007513,C02931,2025-10-02,Ongoing Rescreen,LexisNexis Bridger,N,,,N,,N,,,,Y,0,No Hit
SCR007514,C02932,2024-09-26,Initial,World-Check,N,,,N,,N,,,,N,0,No Hit
SCR007515,C02932,2025-03-25,Ongoing Rescreen,World-Check,N,,,N,,N,,,,N,0,No Hit
SCR007516,C02932,2025-09-21,Ongoing Rescreen,Dow Jones Risk,N,,,N,,N,,,,N,0,No Hit
SCR007517,C02933,2024-12-16,Initial,Dow Jones Risk,N,,,N,,N,,,,N,0,No Hit
SCR007518,C02933,2025-06-14,Ongoing Rescreen,World-Check,N,,,N,,N,,,,N,0,No Hit
SCR007519,C02933,2025-12-11,Ongoing Rescreen,Dow Jones Risk,N,,,N,,N,,,,N,0,No Hit
SCR007520,C02934,2024-10-19,Initial,Dow Jones Risk,N,,,Y,Close Associate,N,,,,Y,10,Cleared - False Positive
SCR007521,C02934,2025-04-17,Ongoing Rescreen,LexisNexis Bridger,N,,,Y,Domestic PEP,N,,,,Y,20,Cleared - False Positive
SCR007522,C02934,2025-10-14,Ongoing Rescreen,World-Check,Y,UN Consolidated,N,Y,Close Associate,N,,,,Y,5,Cleared - False Positive
SCR007523,C02935,2025-03-11,Initial,Dow Jones Risk,N,,,N,,N,,,,N,0,No Hit
SCR007524,C02935,2025-09-07,Ongoing Rescreen,LexisNexis Bridger,N,,,N,,N,,,,N,0,No Hit
SCR007525,C02936,2024-06-17,Initial,Dow Jones Risk,N,,,N,,N,,,,N,0,No Hit
SCR007526,C02936,2024-12-14,Ongoing Rescreen,World-Check,N,,,N,,N,,,,N,0,No Hit
SCR007527,C02936,2025-06-12,Ongoing Rescreen,Dow Jones Risk,N,,,N,,N,,,,N,0,No Hit
SCR007528,C02936,2025-12-09,Ongoing Rescreen,Dow Jones Risk,N,,,N,,N,,,,N,0,No Hit
SCR007529,C02937,2024-02-23,Initial,World-Check,N,,,N,,N,,,,N,0,No Hit
SCR007530,C02937,2024-08-21,Ongoing Rescreen,Dow Jones Risk,N,,,N,,N,,,,N,0,No Hit
SCR007531,C02937,2025-02-17,Ongoing Rescreen,World-Check,N,,,N,,N,,,,N,0,No Hit
SCR007532,C02937,2025-08-16,Ongoing Rescreen,World-Check,N,,,N,,N,,,,N,0,No Hit
SCR007533,C02938,2024-06-20,Initial,World-Check,N,,,N,,N,,,,N,0,No Hit
SCR007534,C02938,2024-12-17,Ongoing Rescreen,Dow Jones Risk,N,,,N,,N,,,,N,0,No Hit
SCR007535,C02938,2025-06-15,Ongoing Rescreen,LexisNexis Bridger,N,,,N,,N,,,,N,0,No Hit
SCR007536,C02938,2025-12-12,Ongoing Rescreen,LexisNexis Bridger,N,,,N,,N,,,,N,0,No Hit
SCR007537,C02939,2025-05-03,Initial,World-Check,N,,,N,,N,,,,N,0,No Hit
SCR007538,C02939,2025-10-30,Ongoing Rescreen,LexisNexis Bridger,N,,,N,,N,,,,N,0,No Hit
SCR007539,C02940,2025-03-20,Initial,LexisNexis Bridger,N,,,N,,N,,,,N,0,No Hit
SCR007540,C02940,2025-09-16,Ongoing Rescreen,Dow Jones Risk,N,,,N,,N,,,,N,0,No Hit
SCR007541,C02941,2025-08-14,Initial,Dow Jones Risk,N,,,N,,Y,Money Laundering,Regional News,N,Y,4,Cleared - False Positive
SCR007542,C02942,2024-03-20,Initial,Dow Jones Risk,N,,,N,,N,,,,N,0,No Hit
SCR007543,C02942,2024-09-16,Ongoing Rescreen,Dow Jones Risk,N,,,N,,N,,,,N,0,No Hit
SCR007544,C02942,2025-03-15,Ongoing Rescreen,World-Check,N,,,N,,N,,,,N,0,No Hit
SCR007545,C02942,2025-09-11,Ongoing Rescreen,World-Check,N,,,N,,N,,,,N,0,No Hit
SCR007546,C02943,2024-04-13,Initial,LexisNexis Bridger,Y,OFAC SDN,N,N,,N,,,,Y,4,Cleared - False Positive
SCR007547,C02943,2024-10-10,Ongoing Rescreen,World-Check,N,,,N,,N,,,,N,0,No Hit
SCR007548,C02943,2025-04-08,Ongoing Rescreen,Dow Jones Risk,N,,,N,,N,,,,N,0,No Hit
SCR007549,C02943,2025-10-05,Ongoing Rescreen,LexisNexis Bridger,N,,,N,,N,,,,N,0,No Hit
SCR007550,C02944,2024-04-04,Initial,World-Check,N,,,N,,N,,,,N,0,No Hit
SCR007551,C02944,2024-10-01,Ongoing Rescreen,Dow Jones Risk,N,,,N,,N,,,,N,0,No Hit
SCR007552,C02944,2025-03-30,Ongoing Rescreen,LexisNexis Bridger,N,,,N,,N,,,,N,0,No Hit
SCR007553,C02944,2025-09-26,Ongoing Rescreen,LexisNexis Bridger,N,,,N,,Y,Fraud,Regional News,N,Y,5,Cleared - False Positive
SCR007554,C02945,2025-02-15,Initial,Dow Jones Risk,N,,,N,,N,,,,N,0,No Hit
SCR007555,C02945,2025-08-14,Ongoing Rescreen,LexisNexis Bridger,N,,,N,,N,,,,N,0,No Hit
SCR007556,C02946,2025-02-23,Initial,LexisNexis Bridger,N,,,N,,N,,,,N,0,No Hit
SCR007557,C02946,2025-08-22,Ongoing Rescreen,World-Check,N,,,N,,N,,,,N,0,No Hit
SCR007558,C02947,2024-04-26,Initial,World-Check,N,,,N,,N,,,,N,0,No Hit
SCR007559,C02947,2024-10-23,Ongoing Rescreen,Dow Jones Risk,N,,,N,,N,,,,N,0,No Hit
SCR007560,C02947,2025-04-21,Ongoing Rescreen,Dow Jones Risk,N,,,N,,N,,,,N,0,No Hit
SCR007561,C02947,2025-10-18,Ongoing Rescreen,World-Check,N,,,N,,N,,,,N,0,No Hit
SCR007562,C02948,2024-11-24,Initial,LexisNexis Bridger,N,,,N,,N,,,,N,0,No Hit
SCR007563,C02948,2025-05-23,Ongoing Rescreen,LexisNexis Bridger,N,,,N,,N,,,,N,0,No Hit
SCR007564,C02948,2025-11-19,Ongoing Rescreen,Dow Jones Risk,N,,,N,,N,,,,N,0,No Hit
SCR007565,C02949,2024-02-07,Initial,LexisNexis Bridger,N,,,N,,N,,,,N,0,No Hit
SCR007566,C02949,2024-08-05,Ongoing Rescreen,LexisNexis Bridger,N,,,N,,N,,,,N,0,No Hit
SCR007567,C02949,2025-02-01,Ongoing Rescreen,World-Check,N,,,N,,N,,,,N,0,No Hit
SCR007568,C02949,2025-07-31,Ongoing Rescreen,Dow Jones Risk,N,,,N,,N,,,,N,0,No Hit
SCR007569,C02950,2025-03-23,Initial,World-Check,N,,,N,,N,,,,N,0,No Hit
SCR007570,C02950,2025-09-19,Ongoing Rescreen,World-Check,N,,,N,,N,,,,N,0,No Hit
SCR007571,C02951,2025-02-20,Initial,World-Check,N,,,N,,N,,,,N,0,No Hit
SCR007572,C02951,2025-08-19,Ongoing Rescreen,Dow Jones Risk,N,,,N,,N,,,,N,0,No Hit
SCR007573,C02952,2024-01-20,Initial,Dow Jones Risk,N,,,N,,N,,,,N,0,No Hit
SCR007574,C02952,2024-07-18,Ongoing Rescreen,Dow Jones Risk,N,,,N,,N,,,,N,0,No Hit
SCR007575,C02952,2025-01-14,Ongoing Rescreen,Dow Jones Risk,N,,,N,,N,,,,N,0,No Hit
SCR007576,C02952,2025-07-13,Ongoing Rescreen,LexisNexis Bridger,N,,,N,,N,,,,N,0,No Hit
SCR007577,C02953,2024-03-05,Initial,Dow Jones Risk,N,,,N,,N,,,,N,0,No Hit
SCR007578,C02953,2024-09-01,Ongoing Rescreen,Dow Jones Risk,N,,,N,,N,,,,N,0,No Hit
SCR007579,C02953,2025-02-28,Ongoing Rescreen,World-Check,N,,,N,,N,,,,N,0,No Hit
SCR007580,C02953,2025-08-27,Ongoing Rescreen,LexisNexis Bridger,N,,,N,,N,,,,N,0,No Hit
SCR007581,C02954,2025-05-30,Initial,Dow Jones Risk,N,,,N,,N,,,,N,0,No Hit
SCR007582,C02954,2025-11-26,Ongoing Rescreen,LexisNexis Bridger,N,,,N,,N,,,,N,0,No Hit
SCR007583,C02955,2025-10-19,Initial,LexisNexis Bridger,N,,,N,,N,,,,N,0,No Hit
SCR007584,C02956,2025-09-13,Initial,World-Check,N,,,N,,N,,,,N,0,No Hit
SCR007585,C02957,2025-02-18,Initial,LexisNexis Bridger,N,,,N,,N,,,,N,0,No Hit
SCR007586,C02957,2025-08-17,Ongoing Rescreen,LexisNexis Bridger,N,,,N,,N,,,,N,0,No Hit
SCR007587,C02958,2025-01-18,Initial,Dow Jones Risk,N,,,N,,N,,,,N,0,No Hit
SCR007588,C02958,2025-07-17,Ongoing Rescreen,World-Check,N,,,N,,N,,,,N,0,No Hit
SCR007589,C02959,2025-08-13,Initial,Dow Jones Risk,N,,,N,,N,,,,N,0,No Hit
SCR007590,C02960,2025-09-06,Initial,Dow Jones Risk,N,,,N,,Y,Regulatory Fine,National News,N,Y,3,Cleared - False Positive
SCR007591,C02961,2025-10-24,Initial,World-Check,N,,,N,,N,,,,N,0,No Hit
SCR007592,C02962,2024-10-19,Initial,World-Check,N,,,N,,N,,,,N,0,No Hit
SCR007593,C02962,2025-04-17,Ongoing Rescreen,Dow Jones Risk,N,,,N,,N,,,,N,0,No Hit
SCR007594,C02962,2025-10-14,Ongoing Rescreen,Dow Jones Risk,N,,,N,,N,,,,N,0,No Hit
SCR007595,C02963,2024-12-13,Initial,Dow Jones Risk,N,,,N,,N,,,,N,0,No Hit
SCR007596,C02963,2025-06-11,Ongoing Rescreen,Dow Jones Risk,N,,,N,,N,,,,N,0,No Hit
SCR007597,C02963,2025-12-08,Ongoing Rescreen,LexisNexis Bridger,N,,,N,,N,,,,N,0,No Hit
SCR007598,C02964,2024-02-27,Initial,LexisNexis Bridger,N,,,N,,N,,,,N,0,No Hit
SCR007599,C02964,2024-08-25,Ongoing Rescreen,Dow Jones Risk,N,,,N,,N,,,,N,0,No Hit
SCR007600,C02964,2025-02-21,Ongoing Rescreen,LexisNexis Bridger,N,,,N,,N,,,,N,0,No Hit
SCR007601,C02964,2025-08-20,Ongoing Rescreen,Dow Jones Risk,N,,,N,,N,,,,N,0,No Hit
SCR007602,C02965,2024-05-08,Initial,World-Check,N,,,N,,N,,,,N,0,No Hit
SCR007603,C02965,2024-11-04,Ongoing Rescreen,Dow Jones Risk,N,,,N,,N,,,,N,0,No Hit
SCR007604,C02965,2025-05-03,Ongoing Rescreen,World-Check,N,,,N,,N,,,,N,0,No Hit
SCR007605,C02965,2025-10-30,Ongoing Rescreen,Dow Jones Risk,N,,,N,,N,,,,N,0,No Hit
SCR007606,C02966,2024-10-02,Initial,Dow Jones Risk,N,,,N,,N,,,,N,0,No Hit
SCR007607,C02966,2025-03-31,Ongoing Rescreen,LexisNexis Bridger,N,,,N,,N,,,,N,0,No Hit
SCR007608,C02966,2025-09-27,Ongoing Rescreen,LexisNexis Bridger,N,,,N,,N,,,,N,0,No Hit
SCR007609,C02967,2025-08-14,Initial,LexisNexis Bridger,N,,,N,,N,,,,N,0,No Hit
SCR007610,C02968,2024-11-22,Initial,World-Check,N,,,N,,N,,,,N,0,No Hit
SCR007611,C02968,2025-05-21,Ongoing Rescreen,Dow Jones Risk,N,,,N,,N,,,,N,0,No Hit
SCR007612,C02968,2025-11-17,Ongoing Rescreen,Dow Jones Risk,N,,,N,,N,,,,N,0,No Hit
SCR007613,C02969,2025-03-05,Initial,World-Check,N,,,N,,N,,,,N,0,No Hit
SCR007614,C02969,2025-09-01,Ongoing Rescreen,World-Check,N,,,N,,N,,,,N,0,No Hit
SCR007615,C02970,2025-09-24,Initial,Dow Jones Risk,N,,,N,,N,,,,N,0,No Hit
SCR007616,C02971,2024-12-13,Initial,World-Check,N,,,N,,N,,,,N,0,No Hit
SCR007617,C02971,2025-06-11,Ongoing Rescreen,LexisNexis Bridger,N,,,N,,N,,,,N,0,No Hit
SCR007618,C02971,2025-12-08,Ongoing Rescreen,LexisNexis Bridger,N,,,N,,N,,,,N,0,No Hit
SCR007619,C02972,2024-09-01,Initial,LexisNexis Bridger,N,,,N,,N,,,,Y,0,No Hit
SCR007620,C02972,2025-02-28,Ongoing Rescreen,LexisNexis Bridger,Y,OFAC SDN,N,N,,N,,,,Y,6,Cleared - False Positive
SCR007621,C02972,2025-08-27,Ongoing Rescreen,Dow Jones Risk,Y,UN Consolidated,N,N,,N,,,,Y,13,Cleared - False Positive
SCR007622,C02973,2025-06-17,Initial,LexisNexis Bridger,N,,,N,,N,,,,N,0,No Hit
SCR007623,C02973,2025-12-14,Ongoing Rescreen,World-Check,N,,,N,,N,,,,N,0,No Hit
SCR007624,C02974,2024-08-18,Initial,Dow Jones Risk,Y,OFAC SDN,N,N,,N,,,,Y,5,Cleared - False Positive
SCR007625,C02974,2025-02-14,Ongoing Rescreen,World-Check,N,,,N,,N,,,,Y,0,No Hit
SCR007626,C02974,2025-08-13,Ongoing Rescreen,Dow Jones Risk,N,,,N,,N,,,,Y,0,No Hit
SCR007627,C02975,2024-10-10,Initial,LexisNexis Bridger,N,,,N,,N,,,,N,0,No Hit
SCR007628,C02975,2025-04-08,Ongoing Rescreen,Dow Jones Risk,N,,,N,,N,,,,N,0,No Hit
SCR007629,C02975,2025-10-05,Ongoing Rescreen,World-Check,N,,,N,,N,,,,N,0,No Hit
SCR007630,C02976,2025-10-11,Initial,World-Check,N,,,N,,N,,,,N,0,No Hit
SCR007631,C02977,2024-11-15,Initial,LexisNexis Bridger,N,,,N,,N,,,,N,0,No Hit
SCR007632,C02977,2025-05-14,Ongoing Rescreen,Dow Jones Risk,N,,,N,,N,,,,N,0,No Hit
SCR007633,C02977,2025-11-10,Ongoing Rescreen,World-Check,N,,,N,,N,,,,N,0,No Hit
SCR007634,C02978,2024-07-02,Initial,World-Check,N,,,N,,N,,,,N,0,No Hit
SCR007635,C02978,2024-12-29,Ongoing Rescreen,LexisNexis Bridger,N,,,N,,N,,,,N,0,No Hit
SCR007636,C02978,2025-06-27,Ongoing Rescreen,World-Check,N,,,N,,N,,,,N,0,No Hit
SCR007637,C02978,2025-12-24,Ongoing Rescreen,LexisNexis Bridger,N,,,N,,N,,,,N,0,No Hit
SCR007638,C02979,2025-09-02,Initial,Dow Jones Risk,N,,,N,,N,,,,N,0,No Hit
SCR007639,C02980,2025-04-14,Initial,World-Check,N,,,N,,N,,,,N,0,No Hit
SCR007640,C02980,2025-10-11,Ongoing Rescreen,LexisNexis Bridger,N,,,N,,N,,,,N,0,No Hit
SCR007641,C02981,2025-07-15,Initial,World-Check,N,,,N,,N,,,,N,0,No Hit
SCR007642,C02982,2024-08-26,Initial,World-Check,N,,,N,,N,,,,N,0,No Hit
SCR007643,C02982,2025-02-22,Ongoing Rescreen,Dow Jones Risk,N,,,N,,N,,,,N,0,No Hit
SCR007644,C02982,2025-08-21,Ongoing Rescreen,World-Check,N,,,N,,N,,,,N,0,No Hit
SCR007645,C02983,2025-07-25,Initial,LexisNexis Bridger,N,,,N,,N,,,,N,0,No Hit
SCR007646,C02984,2025-11-26,Initial,World-Check,N,,,N,,N,,,,N,0,No Hit
SCR007647,C02985,2024-04-29,Initial,LexisNexis Bridger,N,,,N,,N,,,,Y,0,No Hit
SCR007648,C02985,2024-10-26,Ongoing Rescreen,World-Check,N,,,N,,N,,,,Y,0,No Hit
SCR007649,C02985,2025-04-24,Ongoing Rescreen,LexisNexis Bridger,N,,,N,,N,,,,Y,0,No Hit
SCR007650,C02985,2025-10-21,Ongoing Rescreen,Dow Jones Risk,N,,,N,,Y,Bribery & Corruption,Regional News,N,Y,28,Cleared - False Positive
SCR007651,C02986,2024-05-18,Initial,Dow Jones Risk,N,,,N,,N,,,,N,0,No Hit
SCR007652,C02986,2024-11-14,Ongoing Rescreen,Dow Jones Risk,N,,,N,,N,,,,N,0,No Hit
SCR007653,C02986,2025-05-13,Ongoing Rescreen,World-Check,N,,,N,,N,,,,N,0,No Hit
SCR007654,C02986,2025-11-09,Ongoing Rescreen,World-Check,N,,,N,,N,,,,N,0,No Hit
SCR007655,C02987,2025-02-16,Initial,Dow Jones Risk,N,,,N,,N,,,,N,0,No Hit
SCR007656,C02987,2025-08-15,Ongoing Rescreen,LexisNexis Bridger,N,,,N,,N,,,,N,0,No Hit
SCR007657,C02988,2025-06-13,Initial,World-Check,N,,,N,,N,,,,N,0,No Hit
SCR007658,C02988,2025-12-10,Ongoing Rescreen,LexisNexis Bridger,N,,,N,,N,,,,N,0,No Hit
SCR007659,C02989,2024-01-01,Initial,Dow Jones Risk,N,,,N,,N,,,,N,0,No Hit
SCR007660,C02989,2024-06-29,Ongoing Rescreen,World-Check,N,,,N,,N,,,,N,0,No Hit
SCR007661,C02989,2024-12-26,Ongoing Rescreen,LexisNexis Bridger,N,,,N,,N,,,,N,0,No Hit
SCR007662,C02989,2025-06-24,Ongoing Rescreen,Dow Jones Risk,N,,,N,,Y,Tax Evasion,Online Blog,N,Y,3,Cleared - False Positive
SCR007663,C02989,2025-12-21,Ongoing Rescreen,LexisNexis Bridger,N,,,N,,N,,,,N,0,No Hit
SCR007664,C02990,2025-02-06,Initial,World-Check,N,,,N,,N,,,,N,0,No Hit
SCR007665,C02990,2025-08-05,Ongoing Rescreen,LexisNexis Bridger,N,,,N,,Y,Regulatory Fine,Court Records,N,Y,2,Cleared - False Positive
SCR007666,C02991,2024-04-03,Initial,LexisNexis Bridger,N,,,N,,N,,,,N,0,No Hit
SCR007667,C02991,2024-09-30,Ongoing Rescreen,LexisNexis Bridger,N,,,N,,N,,,,N,0,No Hit
SCR007668,C02991,2025-03-29,Ongoing Rescreen,Dow Jones Risk,N,,,N,,N,,,,N,0,No Hit
SCR007669,C02991,2025-09-25,Ongoing Rescreen,Dow Jones Risk,N,,,N,,N,,,,N,0,No Hit
SCR007670,C02992,2025-12-16,Initial,LexisNexis Bridger,N,,,N,,N,,,,N,0,No Hit
SCR007671,C02993,2025-06-15,Initial,World-Check,N,,,N,,N,,,,N,0,No Hit
SCR007672,C02993,2025-12-12,Ongoing Rescreen,World-Check,N,,,N,,Y,Bribery & Corruption,Court Records,N,Y,2,Cleared - False Positive
SCR007673,C02994,2025-12-27,Initial,Dow Jones Risk,N,,,N,,N,,,,N,0,No Hit
SCR007674,C02995,2024-06-08,Initial,World-Check,N,,,N,,N,,,,N,0,No Hit
SCR007675,C02995,2024-12-05,Ongoing Rescreen,LexisNexis Bridger,N,,,N,,N,,,,N,0,No Hit
SCR007676,C02995,2025-06-03,Ongoing Rescreen,Dow Jones Risk,N,,,N,,N,,,,N,0,No Hit
SCR007677,C02995,2025-11-30,Ongoing Rescreen,World-Check,N,,,N,,N,,,,N,0,No Hit
SCR007678,C02996,2025-08-03,Initial,LexisNexis Bridger,N,,,N,,N,,,,N,0,No Hit
SCR007679,C02997,2024-10-06,Initial,World-Check,N,,,N,,N,,,,N,0,No Hit
SCR007680,C02997,2025-04-04,Ongoing Rescreen,Dow Jones Risk,N,,,N,,N,,,,N,0,No Hit
SCR007681,C02997,2025-10-01,Ongoing Rescreen,Dow Jones Risk,N,,,N,,N,,,,N,0,No Hit
SCR007682,C02998,2024-03-16,Initial,World-Check,N,,,N,,N,,,,N,0,No Hit
SCR007683,C02998,2024-09-12,Ongoing Rescreen,Dow Jones Risk,N,,,N,,N,,,,N,0,No Hit
SCR007684,C02998,2025-03-11,Ongoing Rescreen,World-Check,N,,,N,,N,,,,N,0,No Hit
SCR007685,C02998,2025-09-07,Ongoing Rescreen,Dow Jones Risk,N,,,N,,Y,Regulatory Fine,Regional News,N,Y,8,Cleared - False Positive
SCR007686,C02999,2024-12-16,Initial,Dow Jones Risk,N,,,N,,N,,,,N,0,No Hit
SCR007687,C02999,2025-06-14,Ongoing Rescreen,World-Check,N,,,N,,N,,,,N,0,No Hit
SCR007688,C02999,2025-12-11,Ongoing Rescreen,World-Check,N,,,N,,N,,,,N,0,No Hit
SCR007689,C03000,2024-12-08,Initial,Dow Jones Risk,N,,,N,,N,,,,N,0,No Hit
SCR007690,C03000,2025-06-06,Ongoing Rescreen,LexisNexis Bridger,N,,,N,,N,,,,N,0,No Hit
SCR007691,C03000,2025-12-03,Ongoing Rescreen,Dow Jones Risk,N,,,N,,N,,,,N,0,No Hit
