loan_id,customer_id,branch_id,product,origination_date,term_months,exposure_gbp,interest_rate_pct,credit_score,credit_score_band,debt_to_income_ratio,loan_to_value_pct,sector,region,days_past_due,ifrs9_stage,default_flag,probability_of_default,loss_given_default,expected_credit_loss_gbp,collateral_type
L00001,C01284,BR06,SME Term Loan,2025-07-26,60,125700,8.75,717,Good (670-739),0.25,,Retail,Scotland,0,Stage 1 (Performing),N,0.0032,0.45,181,Unsecured
L00002,C00251,BR01,Personal Loan,2024-01-31,24,17200,8.04,794,Excellent (740+),0.17,,Retired,London,0,Stage 1 (Performing),N,0.0012,0.45,9,Unsecured
L00003,C02154,BR03,Personal Loan,2024-01-24,36,34500,7.42,843,Excellent (740+),1.38,,Employee,North West,0,Stage 1 (Performing),N,0.0008,0.45,12,Unsecured
L00004,C02787,BR05,Mortgage,2025-02-04,300,304300,4.94,721,Good (670-739),9.0,77.8,Director,North East,0,Stage 1 (Performing),N,0.0222,0.18,1216,Property
L00005,C00633,BR06,Mortgage,2024-07-21,300,457000,5.43,674,Good (670-739),9.0,40.9,Employee,Scotland,0,Stage 1 (Performing),N,0.0474,0.18,3899,Property
L00006,C00071,BR03,Overdraft,2025-07-10,12,3300,8.8,704,Good (670-739),0.05,,Student,North West,0,Stage 1 (Performing),N,0.0037,0.78,10,Unsecured
L00007,C00022,BR01,Mortgage,2025-03-31,300,185600,3.86,872,Excellent (740+),7.64,49.3,Employee,London,0,Stage 1 (Performing),N,0.0018,0.18,60,Property
L00008,C00415,BR10,Mortgage,2026-05-24,300,274200,4.49,771,Excellent (740+),1.84,71.8,Employee,Northern Ireland,0,Stage 1 (Performing),N,0.0023,0.18,114,Property
L00009,C00587,BR08,Overdraft,2026-07-26,36,1500,8.27,762,Excellent (740+),0.05,,Retired,South West,0,Stage 1 (Performing),N,0.0014,0.78,2,Unsecured
L00010,C00604,BR01,SME Term Loan,2025-04-29,36,105800,8.42,748,Excellent (740+),0.08,,Construction,London,150,Stage 3 (Credit-impaired),Y,0.0018,0.45,771,Unsecured
L00011,C02172,BR02,Mortgage,2024-09-22,300,209400,4.79,741,Excellent (740+),2.08,70.6,Employee,London,0,Stage 1 (Performing),N,0.0041,0.18,155,Property
L00012,C02800,BR01,Personal Loan,2024-11-17,24,7500,7.01,883,Excellent (740+),0.08,,Employee,London,0,Stage 1 (Performing),N,0.0003,0.45,1,Unsecured
L00013,C02664,BR09,Personal Loan,2025-01-08,60,20700,9.48,593,Fair (580-669),0.75,,Property Investor,Wales,0,Stage 1 (Performing),N,0.0396,0.45,369,Unsecured
L00014,C01733,BR07,Mortgage,2025-12-09,300,361900,4.89,726,Good (670-739),9.0,70.7,Director,Scotland,0,Stage 1 (Performing),N,0.0205,0.18,1335,Property
L00015,C02050,BR03,Mortgage,2026-02-07,300,270200,4.61,766,Excellent (740+),7.52,53.9,Employee,North West,0,Stage 1 (Performing),N,0.0106,0.18,516,Property
L00016,C01728,BR02,Credit Card,2025-02-26,12,5800,18.68,771,Excellent (740+),0.11,,Employee,London,0,Stage 1 (Performing),N,0.0017,0.78,8,Unsecured
L00017,C01637,BR03,Commercial Mortgage,2025-09-07,300,874800,5.88,623,Fair (580-669),2.0,42.3,Retail,North West,0,Stage 1 (Performing),N,0.0279,0.18,4393,Property
L00018,C02287,BR01,Invoice Finance,2025-05-28,36,56600,10.12,533,Poor (300-579),0.12,,Technology,London,0,Stage 1 (Performing),N,0.0625,0.45,1592,Receivables
L00019,C01493,BR01,SME Term Loan,2025-08-25,12,52000,9.6,631,Fair (580-669),0.1,,Hospitality,London,0,Stage 1 (Performing),N,0.0128,0.45,300,Unsecured
L00020,C02617,BR03,Personal Loan,2024-09-10,24,7900,9.15,660,Fair (580-669),0.28,,Retired,North West,0,Stage 1 (Performing),N,0.0113,0.45,40,Unsecured
L00021,C02702,BR04,Overdraft,2025-01-16,24,3400,8.8,703,Good (670-739),0.08,,Student,Midlands,0,Stage 1 (Performing),N,0.0039,0.78,10,Unsecured
L00022,C02406,BR06,Mortgage,2025-12-24,300,243900,4.27,790,Excellent (740+),2.78,62.1,Employee,Scotland,0,Stage 1 (Performing),N,0.0023,0.18,101,Property
L00023,C01229,BR01,Personal Loan,2024-11-13,36,6200,8.25,761,Excellent (740+),0.05,,Employee,London,0,Stage 1 (Performing),N,0.002,0.45,6,Unsecured
L00024,C01008,BR07,Personal Loan,2025-03-18,24,21600,9.85,627,Fair (580-669),0.76,,Retired,Scotland,0,Stage 1 (Performing),N,0.023,0.45,224,Unsecured
L00025,C00165,BR03,SME Term Loan,2024-12-01,24,104700,9.61,595,Fair (580-669),0.05,,Retail,North West,0,Stage 1 (Performing),N,0.0226,0.45,1065,Unsecured
L00026,C02088,BR08,Personal Loan,2026-01-13,60,24700,8.65,724,Good (670-739),0.93,,Employee,South West,0,Stage 1 (Performing),N,0.0049,0.45,54,Unsecured
L00027,C02930,BR01,Mortgage,2024-11-06,300,364700,4.42,792,Excellent (740+),9.0,51.5,Self-employed,London,0,Stage 1 (Performing),N,0.0069,0.18,453,Property
L00028,C00904,BR06,Credit Card,2024-07-12,24,3300,19.25,705,Good (670-739),0.05,,Employee,Scotland,0,Stage 1 (Performing),N,0.005,0.78,13,Unsecured
L00029,C00655,BR07,Credit Card,2024-08-21,12,4200,19.11,725,Good (670-739),0.06,,Employee,Scotland,0,Stage 1 (Performing),N,0.0036,0.78,12,Unsecured
L00030,C02361,BR07,Invoice Finance,2025-09-18,60,43400,10.59,539,Poor (300-579),0.26,,Technology,Scotland,0,Stage 1 (Performing),N,0.0596,0.45,1164,Receivables
L00031,C00203,BR07,Personal Loan,2026-04-01,36,8300,9.84,613,Fair (580-669),0.3,,Employee,Scotland,0,Stage 1 (Performing),N,0.0246,0.45,92,Unsecured
L00032,C02160,BR01,Mortgage,2026-01-11,300,193300,5.58,650,Fair (580-669),7.47,42.1,Retired,London,0,Stage 1 (Performing),N,0.0691,0.18,2404,Property
L00033,C02398,BR07,Mortgage,2025-04-17,300,276000,4.94,722,Good (670-739),9.0,60.3,Employee,Scotland,0,Stage 1 (Performing),N,0.0219,0.18,1088,Property
L00034,C02925,BR05,Credit Card,2025-05-21,36,7400,19.41,688,Good (670-739),0.1,,Employee,North East,0,Stage 1 (Performing),N,0.0067,0.78,39,Unsecured
L00035,C01918,BR01,Personal Loan,2026-04-12,36,8100,9.28,643,Fair (580-669),0.05,,Employee,London,0,Stage 1 (Performing),N,0.0138,0.45,50,Unsecured
L00036,C00911,BR03,Mortgage,2026-03-03,300,302200,6.02,628,Fair (580-669),9.0,84.0,Retired,North West,45,Stage 2 (Significant increase in risk),N,0.0968,0.18,18429,Property
L00037,C02231,BR02,Personal Loan,2025-02-16,12,12300,8.66,721,Good (670-739),0.31,,Employee,London,0,Stage 1 (Performing),N,0.0042,0.45,23,Unsecured
L00038,C00550,BR05,Mortgage,2025-05-11,300,200600,5.4,658,Fair (580-669),3.48,63.2,Self-employed,North East,0,Stage 1 (Performing),N,0.0262,0.18,946,Property
L00039,C02370,BR08,Credit Card,2026-04-01,24,6700,18.47,788,Excellent (740+),0.19,,Employee,South West,0,Stage 1 (Performing),N,0.0013,0.78,7,Unsecured
L00040,C00696,BR08,Mortgage,2025-03-06,300,189100,4.97,716,Good (670-739),5.01,64.0,Retired,South West,0,Stage 1 (Performing),N,0.0172,0.18,585,Property
L00041,C01042,BR02,Commercial Mortgage,2025-08-17,300,782700,5.43,686,Good (670-739),0.6,79.2,Professional Services,London,0,Stage 1 (Performing),N,0.0061,0.18,859,Property
L00042,C02439,BR10,Mortgage,2025-05-04,300,191200,4.54,771,Excellent (740+),9.0,60.8,Employee,Northern Ireland,0,Stage 1 (Performing),N,0.0098,0.18,337,Property
L00043,C00895,BR01,SME Term Loan,2025-05-07,24,63500,9.81,618,Fair (580-669),0.14,,Professional Services,London,0,Stage 1 (Performing),N,0.016,0.45,457,Unsecured
L00044,C01958,BR07,Personal Loan,2026-03-21,36,17100,8.22,771,Excellent (740+),0.28,,Self-employed,Scotland,0,Stage 1 (Performing),N,0.0018,0.45,14,Unsecured
L00045,C02506,BR03,Credit Card,2024-12-06,60,2100,20.51,592,Fair (580-669),0.05,,Employee,North West,0,Stage 1 (Performing),N,0.0318,0.78,52,Unsecured
L00046,C02625,BR02,Personal Loan,2025-12-03,24,7100,8.33,757,Excellent (740+),0.18,,Employee,London,0,Stage 1 (Performing),N,0.0022,0.45,7,Unsecured
L00047,C01983,BR08,Mortgage,2024-12-22,300,204600,6.18,595,Fair (580-669),2.33,65.1,Employee,South West,0,Stage 1 (Performing),N,0.0489,0.18,1801,Property
L00048,C00031,BR04,Mortgage,2025-08-16,300,222700,6.02,635,Fair (580-669),9.0,77.8,Retired,Midlands,45,Stage 2 (Significant increase in risk),N,0.0871,0.18,12220,Property
L00049,C00881,BR02,Commercial Mortgage,2024-08-28,300,376800,6.39,570,Poor (300-579),0.2,72.5,Charity,London,0,Stage 1 (Performing),N,0.0357,0.18,2421,Property
L00050,C00545,BR02,Overdraft,2025-08-04,36,1000,8.81,707,Good (670-739),0.05,,Employee,London,0,Stage 1 (Performing),N,0.0036,0.78,3,Unsecured
L00051,C01327,BR07,Personal Loan,2026-01-04,36,6700,8.52,738,Good (670-739),0.15,,Retired,Scotland,0,Stage 1 (Performing),N,0.003,0.45,9,Unsecured
L00052,C01850,BR01,SME Term Loan,2025-10-09,36,120900,10.94,462,Poor (300-579),0.55,,Money Services,London,45,Stage 2 (Significant increase in risk),N,0.2841,0.45,54098,Unsecured
L00053,C02319,BR10,Mortgage,2025-04-03,300,283500,4.04,832,Excellent (740+),7.42,67.4,Employee,Northern Ireland,0,Stage 1 (Performing),N,0.0036,0.18,184,Property
L00054,C01573,BR10,SME Term Loan,2024-07-23,60,61300,9.47,642,Fair (580-669),0.05,,Professional Services,Northern Ireland,0,Stage 1 (Performing),N,0.0105,0.45,290,Unsecured
L00055,C02431,BR02,Credit Card,2025-05-30,60,4600,20.03,621,Fair (580-669),0.12,,Employee,London,0,Stage 1 (Performing),N,0.0203,0.78,73,Unsecured
L00056,C00313,BR01,Personal Loan,2026-01-03,60,13300,7.75,845,Excellent (740+),0.34,,Retired,London,0,Stage 1 (Performing),N,0.0005,0.45,3,Unsecured
L00057,C02699,BR01,Mortgage,2024-11-17,300,351300,5.44,673,Good (670-739),3.59,54.8,Employee,London,0,Stage 1 (Performing),N,0.0213,0.18,1347,Property
L00058,C01440,BR02,Mortgage,2025-02-12,300,160700,4.24,809,Excellent (740+),9.0,46.1,Retired,London,0,Stage 1 (Performing),N,0.0052,0.18,150,Property
L00059,C00446,BR08,Mortgage,2025-11-19,300,428100,6.99,498,Poor (300-579),2.12,48.3,Student,South West,0,Stage 1 (Performing),N,0.1939,0.18,14942,Property
L00060,C00892,BR06,Commercial Mortgage,2025-06-27,300,372000,3.49,859,Excellent (740+),5.04,60.2,Technology,Scotland,0,Stage 1 (Performing),N,0.0016,0.18,107,Property
L00061,C00923,BR07,Invoice Finance,2026-02-24,12,116100,8.78,716,Good (670-739),0.19,,Hospitality,Scotland,0,Stage 1 (Performing),N,0.0032,0.45,167,Receivables
L00062,C00533,BR02,Credit Card,2024-09-03,36,6100,19.45,702,Good (670-739),0.06,,Retired,London,0,Stage 1 (Performing),N,0.0052,0.78,25,Unsecured
L00063,C00088,BR01,Personal Loan,2024-06-22,12,7700,8.98,666,Fair (580-669),0.05,,Senior Public Official,London,0,Stage 1 (Performing),N,0.0095,0.45,33,Unsecured
L00064,C02891,BR01,SME Term Loan,2024-06-22,24,83900,9.9,618,Fair (580-669),0.05,,Professional Services,London,0,Stage 1 (Performing),N,0.0155,0.45,585,Unsecured
L00065,C01923,BR03,Credit Card,2026-05-29,24,4600,18.66,769,Excellent (740+),0.12,,Retired,North West,0,Stage 1 (Performing),N,0.0018,0.78,6,Unsecured
L00066,C00058,BR09,Mortgage,2024-12-15,300,352000,4.85,734,Good (670-739),5.15,86.0,Self-employed,Wales,0,Stage 1 (Performing),N,0.0134,0.18,849,Property
L00067,C02612,BR03,Mortgage,2025-08-04,300,120200,4.92,725,Good (670-739),3.48,37.9,Employee,North West,0,Stage 1 (Performing),N,0.0087,0.18,188,Property
L00068,C02135,BR01,Business Overdraft,2025-11-27,60,20300,10.42,521,Poor (300-579),0.09,,Money Services,London,150,Stage 3 (Credit-impaired),Y,0.1457,0.78,20763,Unsecured
L00069,C00896,BR05,Credit Card,2025-07-17,36,5400,19.81,618,Fair (580-669),0.07,,Employee,North East,0,Stage 1 (Performing),N,0.021,0.78,88,Unsecured
L00070,C01106,BR10,Mortgage,2024-07-09,300,276800,4.92,728,Good (670-739),8.03,55.3,Employee,Northern Ireland,0,Stage 1 (Performing),N,0.0198,0.18,987,Property
L00071,C00764,BR05,Credit Card,2026-02-25,12,2500,18.84,761,Excellent (740+),0.12,,Property Investor,North East,0,Stage 1 (Performing),N,0.002,0.78,4,Unsecured
L00072,C01978,BR02,Mortgage,2025-09-13,300,149500,5.0,712,Good (670-739),3.04,51.0,Employee,London,0,Stage 1 (Performing),N,0.0093,0.18,250,Property
L00073,C01375,BR02,Mortgage,2025-02-17,300,270800,5.26,687,Good (670-739),9.0,77.1,Employee,London,0,Stage 1 (Performing),N,0.0385,0.18,1877,Property
L00074,C02041,BR06,SME Term Loan,2024-11-04,24,61000,9.34,664,Fair (580-669),0.17,,Professional Services,Scotland,0,Stage 1 (Performing),N,0.0076,0.45,209,Unsecured
L00075,C02219,BR04,Mortgage,2025-03-27,300,247900,4.72,753,Excellent (740+),1.8,51.2,Self-employed,Midlands,0,Stage 1 (Performing),N,0.0031,0.18,138,Property
L00076,C01784,BR05,SME Term Loan,2024-08-12,24,145400,8.43,747,Excellent (740+),0.15,,Real Estate,North East,0,Stage 1 (Performing),N,0.0019,0.45,124,Unsecured
L00077,C00155,BR02,Personal Loan,2025-10-10,36,12300,9.08,690,Good (670-739),0.1,,Self-employed,London,0,Stage 1 (Performing),N,0.0065,0.45,36,Unsecured
L00078,C02166,BR04,Credit Card,2025-05-24,36,1200,20.79,580,Fair (580-669),0.05,,Employee,Midlands,0,Stage 1 (Performing),N,0.0386,0.78,36,Unsecured
L00079,C00806,BR10,Mortgage,2025-06-06,300,377800,3.84,880,Excellent (740+),9.0,67.7,Retired,Northern Ireland,0,Stage 1 (Performing),N,0.0016,0.18,109,Property
L00080,C02020,BR06,Mortgage,2024-09-03,300,374000,5.95,589,Fair (580-669),3.83,60.1,Retired,Scotland,75,Stage 2 (Significant increase in risk),N,0.0876,0.18,20640,Property
L00081,C02392,BR03,Mortgage,2025-06-13,300,421400,4.92,720,Good (670-739),8.2,92.1,Employee,North West,0,Stage 1 (Performing),N,0.0226,0.18,1714,Property
L00082,C02964,BR01,Commercial Mortgage,2024-06-27,300,626500,5.29,694,Good (670-739),1.17,68.4,Retail,London,0,Stage 1 (Performing),N,0.0065,0.18,733,Property
L00083,C00247,BR02,Invoice Finance,2024-10-15,12,28700,8.53,736,Good (670-739),0.07,,Money Services,London,0,Stage 1 (Performing),N,0.0022,0.45,28,Receivables
L00084,C00348,BR10,Mortgage,2024-09-23,300,421300,5.26,692,Good (670-739),9.0,85.8,Student,Northern Ireland,100,Stage 3 (Credit-impaired),Y,0.0356,0.18,24297,Property
L00085,C02754,BR01,Personal Loan,2025-06-03,60,14200,10.25,581,Fair (580-669),0.18,,Self-employed,London,0,Stage 1 (Performing),N,0.0397,0.45,254,Unsecured
L00086,C01195,BR10,Mortgage,2024-08-09,300,340300,6.63,559,Poor (300-579),7.12,64.0,Employee,Northern Ireland,45,Stage 2 (Significant increase in risk),N,0.2529,0.18,54219,Property
L00087,C00530,BR02,Business Overdraft,2024-07-02,36,23600,10.39,569,Poor (300-579),0.05,,Money Services,London,15,Stage 1 (Performing),N,0.0703,0.78,1294,Unsecured
L00088,C02043,BR01,Invoice Finance,2025-04-14,36,54600,8.89,700,Good (670-739),0.05,,Hospitality,London,0,Stage 1 (Performing),N,0.004,0.45,98,Receivables
L00089,C01112,BR02,SME Term Loan,2026-02-10,60,86800,9.05,653,Fair (580-669),0.13,,Construction,London,0,Stage 1 (Performing),N,0.009,0.45,352,Unsecured
L00090,C02956,BR01,Mortgage,2025-09-26,300,456800,5.36,661,Fair (580-669),7.31,49.6,Employee,London,0,Stage 1 (Performing),N,0.0582,0.18,4785,Property
L00091,C01686,BR04,SME Term Loan,2024-12-27,36,109100,11.8,449,Poor (300-579),0.07,,Import/Export,Midlands,75,Stage 2 (Significant increase in risk),N,0.2941,0.45,50536,Unsecured
L00092,C02932,BR06,Credit Card,2025-03-16,24,3700,19.99,594,Fair (580-669),0.24,,Employee,Scotland,0,Stage 1 (Performing),N,0.0328,0.78,95,Unsecured
L00093,C01777,BR05,Credit Card,2025-05-31,12,2300,19.68,656,Fair (580-669),0.05,,Property Investor,North East,15,Stage 1 (Performing),N,0.0112,0.78,20,Unsecured
L00094,C01036,BR10,Personal Loan,2024-04-05,60,15000,9.25,652,Fair (580-669),0.24,,Employee,Northern Ireland,0,Stage 1 (Performing),N,0.0128,0.45,86,Unsecured
L00095,C02193,BR02,Personal Loan,2025-10-21,60,12300,9.63,631,Fair (580-669),0.38,,Employee,London,0,Stage 1 (Performing),N,0.0189,0.45,105,Unsecured
L00096,C00686,BR03,Personal Loan,2025-02-13,24,13100,9.99,616,Fair (580-669),0.08,,Employee,North West,0,Stage 1 (Performing),N,0.0218,0.45,129,Unsecured
L00097,C00803,BR08,Credit Card,2024-11-29,36,6300,18.21,814,Excellent (740+),0.19,,Self-employed,South West,0,Stage 1 (Performing),N,0.0009,0.78,4,Unsecured
L00098,C00070,BR04,Business Overdraft,2025-11-29,36,35100,10.58,435,Poor (300-579),0.05,,Import/Export,Midlands,15,Stage 1 (Performing),N,0.4136,0.78,11324,Unsecured
L00099,C01254,BR02,Mortgage,2025-07-08,300,223900,5.03,704,Good (670-739),6.13,55.4,Employee,London,0,Stage 1 (Performing),N,0.0293,0.18,1181,Property
L00100,C02656,BR01,SME Term Loan,2024-11-03,36,106300,9.73,602,Fair (580-669),0.11,,Import/Export,London,0,Stage 1 (Performing),N,0.0319,0.45,1526,Unsecured
L00101,C01734,BR10,Mortgage,2026-05-08,300,232800,4.28,816,Excellent (740+),9.0,55.4,Employee,Northern Ireland,0,Stage 1 (Performing),N,0.0046,0.18,193,Property
L00102,C02627,BR02,SME Term Loan,2026-05-16,24,133200,8.48,742,Excellent (740+),0.26,,Technology,London,0,Stage 1 (Performing),N,0.0021,0.45,126,Unsecured
L00103,C02606,BR10,Credit Card,2026-02-26,60,5500,20.29,607,Fair (580-669),0.05,,Employee,Northern Ireland,0,Stage 1 (Performing),N,0.0249,0.78,107,Unsecured
L00104,C02203,BR02,Credit Card,2025-06-21,12,4300,19.11,728,Good (670-739),0.14,,Employee,London,0,Stage 1 (Performing),N,0.0035,0.78,12,Unsecured
L00105,C01702,BR03,Credit Card,2024-11-18,60,2800,18.85,758,Excellent (740+),0.05,,Employee,North West,0,Stage 1 (Performing),N,0.0021,0.78,5,Unsecured
L00106,C01391,BR04,Mortgage,2026-02-09,300,326400,4.54,771,Excellent (740+),9.0,55.3,Property Investor,Midlands,0,Stage 1 (Performing),N,0.0098,0.18,576,Property
L00107,C01507,BR03,SME Term Loan,2025-02-14,60,144500,10.18,600,Fair (580-669),0.59,,Real Estate,North West,0,Stage 1 (Performing),N,0.0388,0.45,2523,Unsecured
L00108,C00934,BR08,SME Term Loan,2025-02-15,24,59700,9.33,662,Fair (580-669),0.12,,Charity,South West,0,Stage 1 (Performing),N,0.0077,0.45,207,Unsecured
L00109,C02942,BR02,Commercial Mortgage,2024-04-11,300,507600,4.82,737,Good (670-739),2.0,91.9,Hospitality,London,0,Stage 1 (Performing),N,0.0043,0.18,393,Property
L00110,C01395,BR05,Mortgage,2026-03-18,300,187800,5.2,695,Good (670-739),9.0,42.3,Employee,North East,0,Stage 1 (Performing),N,0.0339,0.18,1146,Property
L00111,C01037,BR04,Mortgage,2024-08-30,300,83800,5.54,668,Fair (580-669),2.53,83.6,Retired,Midlands,0,Stage 1 (Performing),N,0.0161,0.18,243,Property
L00112,C02638,BR03,Mortgage,2025-04-26,300,218800,5.07,717,Good (670-739),5.19,97.9,Employee,North West,0,Stage 1 (Performing),N,0.018,0.18,709,Property
L00113,C00267,BR01,Invoice Finance,2024-09-23,36,93200,9.5,612,Fair (580-669),0.48,,Technology,London,0,Stage 1 (Performing),N,0.0199,0.45,835,Receivables
L00114,C01550,BR01,Commercial Mortgage,2026-04-13,300,306800,5.71,656,Fair (580-669),0.13,71.1,Technology,London,0,Stage 1 (Performing),N,0.0085,0.18,469,Property
L00115,C01623,BR05,SME Term Loan,2025-10-28,24,70200,9.41,653,Fair (580-669),0.06,,Import/Export,North East,0,Stage 1 (Performing),N,0.0088,0.45,278,Unsecured
L00116,C01172,BR01,Mortgage,2024-05-01,300,352200,3.77,894,Excellent (740+),8.11,84.0,Student,London,0,Stage 1 (Performing),N,0.0013,0.18,82,Property
L00117,C00372,BR05,Personal Loan,2026-02-15,36,7400,8.58,727,Good (670-739),0.29,,Self-employed,North East,0,Stage 1 (Performing),N,0.0038,0.45,13,Unsecured
L00118,C02679,BR04,Mortgage,2025-10-16,300,146000,4.99,710,Good (670-739),2.12,74.5,Employee,Midlands,0,Stage 1 (Performing),N,0.007,0.18,184,Property
L00119,C00440,BR02,Commercial Mortgage,2024-11-29,300,368400,6.17,532,Poor (300-579),0.37,52.6,Construction,London,0,Stage 1 (Performing),N,0.104,0.18,6896,Property
L00120,C00333,BR06,Mortgage,2024-11-08,300,294300,4.9,730,Good (670-739),5.98,37.4,Student,Scotland,0,Stage 1 (Performing),N,0.0191,0.18,1012,Property
L00121,C02031,BR02,Mortgage,2026-07-18,300,294900,5.55,619,Fair (580-669),6.23,80.4,Property Investor,London,0,Stage 1 (Performing),N,0.1107,0.18,5876,Property
L00122,C02239,BR02,Mortgage,2025-09-16,300,175600,4.81,739,Good (670-739),1.67,55.4,Employee,London,0,Stage 1 (Performing),N,0.0037,0.18,117,Property
L00123,C01219,BR02,Commercial Mortgage,2025-06-13,300,369700,6.28,584,Fair (580-669),0.81,70.4,Real Estate,London,0,Stage 1 (Performing),N,0.0538,0.18,3580,Property
L00124,C01362,BR06,Personal Loan,2025-10-03,36,12600,9.53,651,Fair (580-669),0.51,,Employee,Scotland,0,Stage 1 (Performing),N,0.0142,0.45,81,Unsecured
L00125,C00378,BR01,Mortgage,2025-09-12,300,186800,4.81,739,Good (670-739),2.83,81.0,Employee,London,0,Stage 1 (Performing),N,0.0055,0.18,185,Property
L00126,C02870,BR03,Personal Loan,2024-01-30,36,8200,9.06,690,Good (670-739),0.38,,Employee,North West,0,Stage 1 (Performing),N,0.0071,0.45,26,Unsecured
L00127,C01418,BR06,SME Term Loan,2025-09-25,36,58800,9.06,692,Good (670-739),0.05,,Technology,Scotland,0,Stage 1 (Performing),N,0.0046,0.45,122,Unsecured
L00128,C00903,BR07,Mortgage,2025-01-25,300,306000,5.31,683,Good (670-739),4.93,53.7,Employee,Scotland,0,Stage 1 (Performing),N,0.0286,0.18,1575,Property
L00129,C01722,BR02,Mortgage,2025-09-07,300,201400,4.76,745,Excellent (740+),2.26,56.4,Employee,London,0,Stage 1 (Performing),N,0.0041,0.18,149,Property
L00130,C02826,BR03,Mortgage,2025-12-02,300,803000,5.12,705,Good (670-739),8.5,68.7,Retired,North West,0,Stage 1 (Performing),N,0.0288,0.18,4163,Property
L00131,C02586,BR02,SME Term Loan,2025-12-21,60,127000,8.85,708,Good (670-739),0.69,,Construction,London,0,Stage 1 (Performing),N,0.0044,0.45,251,Unsecured
L00132,C02110,BR05,Mortgage,2025-03-29,300,158600,5.35,691,Good (670-739),2.01,52.0,Student,North East,0,Stage 1 (Performing),N,0.0092,0.18,263,Property
L00133,C02107,BR05,Business Overdraft,2024-08-17,36,25300,7.94,797,Excellent (740+),0.13,,Hospitality,North East,0,Stage 1 (Performing),N,0.0011,0.78,22,Unsecured
L00134,C00559,BR03,Personal Loan,2025-01-08,36,14100,8.81,697,Good (670-739),0.21,,Retired,North West,0,Stage 1 (Performing),N,0.006,0.45,38,Unsecured
L00135,C01076,BR08,Commercial Mortgage,2025-10-30,300,507200,4.46,796,Excellent (740+),0.18,80.7,Professional Services,South West,0,Stage 1 (Performing),N,0.0008,0.18,73,Property
L00136,C00967,BR01,Credit Card,2025-04-11,36,4900,19.19,723,Good (670-739),0.1,,Student,London,0,Stage 1 (Performing),N,0.0038,0.78,15,Unsecured
L00137,C01869,BR07,Credit Card,2025-06-21,24,5000,19.41,702,Good (670-739),0.06,,Employee,Scotland,0,Stage 1 (Performing),N,0.0052,0.78,20,Unsecured
L00138,C01700,BR08,Mortgage,2024-06-09,300,208900,5.67,632,Fair (580-669),2.44,68.0,Employee,South West,100,Stage 3 (Credit-impaired),Y,0.028,0.18,9476,Property
L00139,C01043,BR10,Invoice Finance,2026-06-20,36,81100,8.89,690,Good (670-739),1.07,,Hospitality,Northern Ireland,0,Stage 1 (Performing),N,0.0067,0.45,245,Receivables
L00140,C01523,BR08,SME Term Loan,2025-07-01,60,255900,9.28,670,Good (670-739),0.13,,Real Estate,South West,0,Stage 1 (Performing),N,0.0068,0.45,783,Unsecured
L00141,C02234,BR07,Mortgage,2026-07-30,300,182300,5.06,708,Good (670-739),1.93,68.2,Student,Scotland,0,Stage 1 (Performing),N,0.0068,0.18,223,Property
L00142,C02532,BR08,Personal Loan,2025-09-20,24,10200,8.54,734,Good (670-739),0.11,,Self-employed,South West,0,Stage 1 (Performing),N,0.0031,0.45,14,Unsecured
L00143,C00825,BR01,Mortgage,2025-01-12,300,305400,5.06,714,Good (670-739),9.0,72.3,Employee,London,0,Stage 1 (Performing),N,0.0249,0.18,1369,Property
L00144,C02715,BR05,Credit Card,2024-12-07,24,7100,20.92,579,Poor (300-579),0.07,,Employee,North East,15,Stage 1 (Performing),N,0.0395,0.78,219,Unsecured
L00145,C02127,BR03,SME Term Loan,2025-05-21,12,138400,10.25,560,Poor (300-579),0.56,,Hospitality,North West,75,Stage 2 (Significant increase in risk),N,0.0472,0.45,10289,Unsecured
L00146,C00176,BR09,Credit Card,2025-07-22,24,7000,19.32,690,Good (670-739),0.21,,Employee,Wales,0,Stage 1 (Performing),N,0.0067,0.78,37,Unsecured
L00147,C02615,BR09,SME Term Loan,2024-09-20,36,93800,9.67,578,Poor (300-579),0.12,,Money Services,Wales,45,Stage 2 (Significant increase in risk),N,0.0471,0.45,6958,Unsecured
L00148,C00411,BR07,Mortgage,2024-09-20,300,200300,4.21,814,Excellent (740+),3.6,81.3,Employee,Scotland,0,Stage 1 (Performing),N,0.0021,0.18,76,Property
L00149,C01071,BR07,Credit Card,2026-09-29,36,5400,17.7,849,Excellent (740+),0.13,,Self-employed,Scotland,0,Stage 1 (Performing),N,0.0005,0.78,2,Unsecured
L00150,C00210,BR06,Mortgage,2026-02-24,300,300500,4.63,764,Excellent (740+),4.6,61.4,Employee,Scotland,0,Stage 1 (Performing),N,0.0068,0.18,368,Property
L00151,C00399,BR04,Mortgage,2024-12-24,300,470300,4.71,751,Excellent (740+),6.67,38.4,Employee,Midlands,0,Stage 1 (Performing),N,0.0136,0.18,1151,Property
L00152,C00237,BR01,Mortgage,2026-02-15,300,446900,4.76,746,Excellent (740+),3.06,44.6,Employee,London,0,Stage 1 (Performing),N,0.0053,0.18,426,Property
L00153,C02500,BR02,Commercial Mortgage,2026-01-02,300,187100,6.12,572,Poor (300-579),1.07,83.9,Crypto Assets,London,0,Stage 1 (Performing),N,0.0707,0.18,2381,Property
L00154,C00227,BR03,Invoice Finance,2025-03-04,24,85900,10.96,519,Poor (300-579),0.09,,Real Estate,North West,0,Stage 1 (Performing),N,0.1156,0.45,4469,Receivables
L00155,C00618,BR02,Personal Loan,2025-03-16,24,9000,11.34,376,Poor (300-579),0.31,,Senior Public Official,London,15,Stage 1 (Performing),N,0.6737,0.45,2728,Unsecured
L00156,C01861,BR09,Personal Loan,2025-07-09,24,4700,8.92,700,Good (670-739),0.42,,Student,Wales,0,Stage 1 (Performing),N,0.0061,0.45,13,Unsecured
L00157,C00004,BR07,SME Term Loan,2025-11-11,36,114300,10.09,607,Fair (580-669),0.05,,Real Estate,Scotland,0,Stage 1 (Performing),N,0.0289,0.45,1486,Unsecured
L00158,C02779,BR04,Personal Loan,2025-09-23,24,11200,8.72,707,Good (670-739),0.23,,Employee,Midlands,0,Stage 1 (Performing),N,0.0051,0.45,26,Unsecured
L00159,C01731,BR05,Mortgage,2024-07-13,300,189800,5.0,714,Good (670-739),9.0,85.1,Employee,North East,0,Stage 1 (Performing),N,0.0249,0.18,851,Property
L00160,C01494,BR01,Credit Card,2024-04-17,60,2300,18.71,775,Excellent (740+),0.08,,Employee,London,0,Stage 1 (Performing),N,0.0016,0.78,3,Unsecured
L00161,C01631,BR01,Commercial Mortgage,2025-07-16,300,268500,4.61,771,Excellent (740+),0.85,74.9,Construction,London,0,Stage 1 (Performing),N,0.0016,0.18,77,Property
L00162,C02998,BR09,Credit Card,2024-04-24,60,3700,19.13,719,Good (670-739),0.06,,Self-employed,Wales,0,Stage 1 (Performing),N,0.004,0.78,12,Unsecured
L00163,C02731,BR08,Mortgage,2025-06-30,300,113300,5.41,687,Good (670-739),2.9,66.9,Employee,South West,0,Stage 1 (Performing),N,0.0134,0.18,273,Property
L00164,C01238,BR02,Personal Loan,2024-12-20,12,11500,8.4,748,Excellent (740+),0.13,,Employee,London,0,Stage 1 (Performing),N,0.0025,0.45,13,Unsecured
L00165,C01587,BR04,Personal Loan,2024-12-29,24,12700,8.31,762,Excellent (740+),0.34,,Employee,Midlands,0,Stage 1 (Performing),N,0.0021,0.45,12,Unsecured
L00166,C01999,BR10,Personal Loan,2024-12-16,60,11300,7.07,864,Excellent (740+),0.35,,Employee,Northern Ireland,0,Stage 1 (Performing),N,0.0004,0.45,2,Unsecured
L00167,C02823,BR01,Mortgage,2025-06-02,300,252900,5.53,640,Fair (580-669),2.62,57.2,Retired,London,0,Stage 1 (Performing),N,0.0262,0.18,1193,Property
L00168,C01815,BR01,Overdraft,2024-11-23,24,2400,8.49,741,Excellent (740+),0.05,,Retired,London,0,Stage 1 (Performing),N,0.002,0.78,4,Unsecured
L00169,C02993,BR05,SME Term Loan,2025-06-30,60,56700,9.49,642,Fair (580-669),0.1,,Professional Services,North East,0,Stage 1 (Performing),N,0.0106,0.45,270,Unsecured
L00170,C00026,BR09,Mortgage,2024-12-06,300,139000,5.79,612,Fair (580-669),5.57,58.2,Student,Wales,0,Stage 1 (Performing),N,0.1074,0.18,2687,Property
L00171,C02653,BR04,SME Term Loan,2025-06-11,36,101300,7.16,874,Excellent (740+),0.05,,Construction,Midlands,0,Stage 1 (Performing),N,0.0002,0.45,9,Unsecured
L00172,C02747,BR04,Mortgage,2026-03-31,300,340600,5.43,675,Good (670-739),8.64,72.9,Employee,Midlands,0,Stage 1 (Performing),N,0.0467,0.18,2863,Property
L00173,C02015,BR01,Mortgage,2025-01-05,300,236200,6.03,636,Fair (580-669),2.08,79.4,Self-employed,London,0,Stage 1 (Performing),N,0.0232,0.18,986,Property
L00174,C01997,BR03,Credit Card,2026-02-05,60,3200,19.83,664,Fair (580-669),0.05,,Retired,North West,0,Stage 1 (Performing),N,0.0098,0.78,24,Unsecured
L00175,C01288,BR05,Credit Card,2025-11-07,12,4300,18.78,767,Excellent (740+),0.19,,Employee,North East,0,Stage 1 (Performing),N,0.0019,0.78,6,Unsecured
L00176,C00161,BR07,Personal Loan,2026-04-15,60,5300,9.68,615,Fair (580-669),0.07,,Employee,Scotland,0,Stage 1 (Performing),N,0.022,0.45,52,Unsecured
L00177,C00838,BR06,Credit Card,2026-03-25,24,2600,20.38,585,Fair (580-669),0.08,,Self-employed,Scotland,0,Stage 1 (Performing),N,0.036,0.78,73,Unsecured
L00178,C00935,BR04,Credit Card,2024-04-03,60,3400,19.23,715,Good (670-739),0.06,,Self-employed,Midlands,0,Stage 1 (Performing),N,0.0042,0.78,11,Unsecured
L00179,C01056,BR08,Mortgage,2024-01-20,300,214300,4.58,764,Excellent (740+),2.89,65.6,Employee,South West,0,Stage 1 (Performing),N,0.0037,0.18,143,Property
L00180,C02526,BR03,Personal Loan,2026-06-06,24,10400,8.82,703,Good (670-739),0.15,,Director,North West,0,Stage 1 (Performing),N,0.0053,0.45,25,Unsecured
L00181,C02313,BR03,Mortgage,2025-05-30,300,195200,4.95,716,Good (670-739),3.87,90.7,Retired,North West,0,Stage 1 (Performing),N,0.0116,0.18,408,Property
L00182,C01941,BR04,Credit Card,2024-11-10,12,2400,19.58,655,Fair (580-669),0.06,,Employee,Midlands,0,Stage 1 (Performing),N,0.0114,0.78,21,Unsecured
L00183,C01401,BR04,Mortgage,2025-01-09,300,170300,5.57,637,Fair (580-669),9.0,72.2,Property Investor,Midlands,15,Stage 1 (Performing),N,0.0845,0.18,2590,Property
L00184,C01090,BR04,Mortgage,2025-10-03,300,246200,5.21,705,Good (670-739),9.0,78.9,Self-employed,Midlands,0,Stage 1 (Performing),N,0.0288,0.18,1276,Property
L00185,C01893,BR02,Credit Card,2025-03-23,60,1800,20.35,623,Fair (580-669),0.05,,Employee,London,0,Stage 1 (Performing),N,0.0192,0.78,27,Unsecured
L00186,C00959,BR08,Personal Loan,2025-08-01,36,7000,9.17,673,Good (670-739),0.05,,Employee,South West,0,Stage 1 (Performing),N,0.0084,0.45,26,Unsecured
L00187,C02705,BR02,Credit Card,2026-01-12,12,3400,20.22,633,Fair (580-669),0.06,,Student,London,0,Stage 1 (Performing),N,0.0164,0.78,43,Unsecured
L00188,C00270,BR01,Invoice Finance,2024-07-06,24,116700,9.71,627,Fair (580-669),0.17,,Construction,London,0,Stage 1 (Performing),N,0.014,0.45,735,Receivables
L00189,C02673,BR01,Commercial Mortgage,2026-01-18,300,568900,5.18,701,Good (670-739),0.28,44.3,Real Estate,London,0,Stage 1 (Performing),N,0.0043,0.18,440,Property
L00190,C01577,BR02,Invoice Finance,2026-02-18,36,121000,9.25,641,Fair (580-669),0.22,,Construction,London,0,Stage 1 (Performing),N,0.0113,0.45,615,Receivables
L00191,C00023,BR01,Personal Loan,2025-10-30,12,21900,8.18,785,Excellent (740+),0.38,,Self-employed,London,0,Stage 1 (Performing),N,0.0015,0.45,15,Unsecured
L00192,C01651,BR01,Mortgage,2025-05-10,300,179900,4.86,730,Good (670-739),5.15,56.4,Employee,London,15,Stage 1 (Performing),N,0.0143,0.18,463,Property
L00193,C01837,BR01,Personal Loan,2026-04-23,24,11600,9.03,694,Good (670-739),0.1,,Employee,London,0,Stage 1 (Performing),N,0.0061,0.45,32,Unsecured
L00194,C02839,BR03,Credit Card,2025-02-19,24,2400,19.81,638,Fair (580-669),0.05,,Employee,North West,0,Stage 1 (Performing),N,0.015,0.78,28,Unsecured
L00195,C00211,BR03,Credit Card,2025-10-26,36,6800,19.34,711,Good (670-739),0.23,,Employee,North West,0,Stage 1 (Performing),N,0.0048,0.78,25,Unsecured
L00196,C01509,BR01,Credit Card,2026-06-14,36,5500,19.74,620,Fair (580-669),0.05,,Employee,London,0,Stage 1 (Performing),N,0.0202,0.78,87,Unsecured
L00197,C01142,BR07,Personal Loan,2026-04-04,36,15600,8.34,758,Excellent (740+),0.64,,Employee,Scotland,0,Stage 1 (Performing),N,0.0025,0.45,18,Unsecured
L00198,C02557,BR02,Credit Card,2026-02-02,12,5400,20.57,606,Fair (580-669),0.27,,Employee,London,0,Stage 1 (Performing),N,0.0273,0.78,115,Unsecured
L00199,C00473,BR01,Mortgage,2026-02-20,300,270500,5.66,603,Fair (580-669),9.0,62.3,Employee,London,0,Stage 1 (Performing),N,0.1398,0.18,6807,Property
L00200,C01012,BR04,Credit Card,2025-07-31,36,4400,20.19,641,Fair (580-669),0.1,,Employee,Midlands,0,Stage 1 (Performing),N,0.0146,0.78,50,Unsecured
L00201,C01274,BR01,SME Term Loan,2025-10-19,12,107500,11.65,442,Poor (300-579),0.06,,Money Services,London,15,Stage 1 (Performing),N,0.3181,0.45,15388,Unsecured
L00202,C00329,BR05,Mortgage,2024-11-02,300,378900,5.49,650,Fair (580-669),6.91,101.6,Employee,North East,0,Stage 1 (Performing),N,0.0691,0.18,4713,Property
L00203,C00323,BR05,Personal Loan,2025-04-16,12,8400,9.6,647,Fair (580-669),0.26,,Retired,North East,0,Stage 1 (Performing),N,0.0139,0.45,53,Unsecured
L00204,C02278,BR07,Personal Loan,2024-10-06,12,7500,9.27,669,Fair (580-669),0.06,,Self-employed,Scotland,0,Stage 1 (Performing),N,0.0091,0.45,31,Unsecured
L00205,C02764,BR03,Personal Loan,2025-01-13,24,12000,8.45,747,Excellent (740+),0.41,,Employee,North West,0,Stage 1 (Performing),N,0.0028,0.45,15,Unsecured
L00206,C01953,BR02,Credit Card,2026-07-06,60,6700,21.26,544,Poor (300-579),0.09,,Employee,London,0,Stage 1 (Performing),N,0.069,0.78,361,Unsecured
L00207,C00073,BR02,Mortgage,2025-10-18,300,245200,5.21,685,Good (670-739),3.54,82.3,Employee,London,0,Stage 1 (Performing),N,0.0172,0.18,759,Property
L00208,C01412,BR02,Personal Loan,2026-08-27,24,11000,8.63,728,Good (670-739),0.36,,Employee,London,0,Stage 1 (Performing),N,0.0038,0.45,19,Unsecured
L00209,C00470,BR09,Mortgage,2025-02-27,300,320000,4.4,776,Excellent (740+),4.53,70.9,Employee,Wales,0,Stage 1 (Performing),N,0.0054,0.18,311,Property
L00210,C02343,BR06,Personal Loan,2024-11-16,24,12600,8.78,712,Good (670-739),0.3,,Employee,Scotland,0,Stage 1 (Performing),N,0.0048,0.45,27,Unsecured
L00211,C01293,BR02,Personal Loan,2025-03-18,12,5100,9.29,654,Fair (580-669),0.21,,Employee,London,0,Stage 1 (Performing),N,0.0122,0.45,28,Unsecured
L00212,C01835,BR02,Commercial Mortgage,2025-11-18,300,267700,5.04,710,Good (670-739),0.72,57.5,Construction,London,0,Stage 1 (Performing),N,0.0043,0.18,207,Property
L00213,C00839,BR10,SME Term Loan,2026-06-09,24,37200,9.28,629,Fair (580-669),0.07,,Real Estate,Northern Ireland,0,Stage 1 (Performing),N,0.0203,0.45,340,Unsecured
L00214,C01917,BR03,Credit Card,2025-12-22,12,3600,18.47,802,Excellent (740+),0.08,,Employee,North West,0,Stage 1 (Performing),N,0.001,0.78,3,Unsecured
L00215,C01854,BR03,Invoice Finance,2025-07-11,24,49200,8.66,717,Good (670-739),0.29,,Real Estate,North West,0,Stage 1 (Performing),N,0.0051,0.45,113,Receivables
L00216,C00274,BR05,Mortgage,2025-06-28,300,268300,5.28,688,Good (670-739),7.64,71.5,Employee,North East,0,Stage 1 (Performing),N,0.0379,0.18,1830,Property
L00217,C00007,BR03,Mortgage,2025-10-26,300,568000,4.22,801,Excellent (740+),9.0,53.5,Employee,North West,0,Stage 1 (Performing),N,0.006,0.18,613,Property
L00218,C02602,BR07,Personal Loan,2025-10-13,36,9200,8.73,718,Good (670-739),0.15,,Retired,Scotland,0,Stage 1 (Performing),N,0.0041,0.45,17,Unsecured
L00219,C02039,BR05,Commercial Mortgage,2025-08-11,300,422200,6.22,569,Poor (300-579),1.84,62.2,Precious Metals,North East,0,Stage 1 (Performing),N,0.0626,0.18,4757,Property
L00220,C02531,BR01,Mortgage,2025-10-15,300,185700,4.69,753,Excellent (740+),6.85,74.8,Student,London,0,Stage 1 (Performing),N,0.0132,0.18,441,Property
L00221,C02858,BR06,Overdraft,2026-02-12,24,700,7.91,797,Excellent (740+),0.05,,Director,Scotland,0,Stage 1 (Performing),N,0.0008,0.78,0,Unsecured
L00222,C01208,BR06,Personal Loan,2024-11-24,24,8500,10.19,534,Poor (300-579),0.36,,Employee,Scotland,0,Stage 1 (Performing),N,0.0878,0.45,336,Unsecured
L00223,C02033,BR06,SME Term Loan,2024-12-19,36,69000,8.51,738,Good (670-739),0.06,,Professional Services,Scotland,0,Stage 1 (Performing),N,0.0021,0.45,65,Unsecured
L00224,C00001,BR08,SME Term Loan,2025-08-15,36,107700,10.28,583,Fair (580-669),0.09,,Retail,South West,0,Stage 1 (Performing),N,0.0279,0.45,1352,Unsecured
L00225,C01033,BR10,Mortgage,2025-11-16,300,151400,4.68,758,Excellent (740+),3.67,49.9,Property Investor,Northern Ireland,0,Stage 1 (Performing),N,0.0054,0.18,147,Property
L00226,C00318,BR02,Commercial Mortgage,2024-11-19,300,236000,5.82,580,Fair (580-669),0.38,72.5,Money Services,London,100,Stage 3 (Credit-impaired),Y,0.0497,0.18,19001,Property
L00227,C00829,BR01,Personal Loan,2026-01-26,24,15700,8.7,713,Good (670-739),0.33,,Retired,London,0,Stage 1 (Performing),N,0.0048,0.45,34,Unsecured
L00228,C02423,BR10,Mortgage,2025-11-06,300,214200,4.1,803,Excellent (740+),7.25,89.0,Employee,Northern Ireland,0,Stage 1 (Performing),N,0.0058,0.18,224,Property
L00229,C02282,BR06,Mortgage,2025-09-01,300,147700,5.44,679,Good (670-739),8.63,59.6,Employee,Scotland,0,Stage 1 (Performing),N,0.0438,0.18,1164,Property
L00230,C02260,BR02,Credit Card,2025-02-07,60,2900,18.65,793,Excellent (740+),0.15,,Employee,London,0,Stage 1 (Performing),N,0.0012,0.78,3,Unsecured
L00231,C01264,BR02,Credit Card,2025-07-09,24,3500,20.65,573,Poor (300-579),0.06,,Employee,London,0,Stage 1 (Performing),N,0.0433,0.78,118,Unsecured
L00232,C01536,BR09,Personal Loan,2025-08-25,24,17400,9.41,659,Fair (580-669),0.3,,Self-employed,Wales,0,Stage 1 (Performing),N,0.0116,0.45,91,Unsecured
L00233,C02805,BR05,Mortgage,2024-10-29,300,417200,6.15,624,Fair (580-669),9.0,64.4,Property Investor,North East,15,Stage 1 (Performing),N,0.1028,0.18,7720,Property
L00234,C02293,BR03,Credit Card,2024-09-30,36,2200,18.99,741,Excellent (740+),0.05,,Employee,North West,0,Stage 1 (Performing),N,0.0027,0.78,5,Unsecured
L00235,C02655,BR02,SME Term Loan,2025-11-03,36,160700,8.98,697,Good (670-739),0.78,,Professional Services,London,0,Stage 1 (Performing),N,0.0054,0.45,391,Unsecured
L00236,C01066,BR07,SME Term Loan,2026-05-31,36,97600,8.34,760,Excellent (740+),0.1,,Hospitality,Scotland,0,Stage 1 (Performing),N,0.0015,0.45,66,Unsecured
L00237,C01342,BR01,Mortgage,2026-05-30,300,259400,4.55,781,Excellent (740+),9.0,71.3,Employee,London,0,Stage 1 (Performing),N,0.0083,0.18,388,Property
L00238,C01657,BR03,Mortgage,2025-05-09,300,341100,5.08,699,Good (670-739),6.89,72.8,Student,North West,0,Stage 1 (Performing),N,0.0318,0.18,1952,Property
L00239,C00444,BR03,Commercial Mortgage,2025-05-29,300,273500,5.56,640,Fair (580-669),0.66,75.2,Construction,North West,150,Stage 3 (Credit-impaired),Y,0.0208,0.18,9216,Property
L00240,C02539,BR06,SME Term Loan,2025-04-06,60,140100,8.25,780,Excellent (740+),0.06,,Construction,Scotland,0,Stage 1 (Performing),N,0.0011,0.45,69,Unsecured
L00241,C02126,BR01,Mortgage,2025-06-26,300,122900,5.32,696,Good (670-739),1.07,83.4,Employee,London,0,Stage 1 (Performing),N,0.0061,0.18,135,Property
L00242,C02856,BR01,Mortgage,2025-01-11,300,179100,5.9,648,Fair (580-669),2.76,63.5,Self-employed,London,0,Stage 1 (Performing),N,0.0241,0.18,777,Property
L00243,C01931,BR02,Mortgage,2024-08-10,300,150800,6.72,571,Poor (300-579),2.9,72.1,Employee,London,0,Stage 1 (Performing),N,0.0856,0.18,2324,Property
L00244,C01618,BR04,Credit Card,2026-01-25,24,8500,18.86,755,Excellent (740+),0.16,,Retired,Midlands,0,Stage 1 (Performing),N,0.0023,0.78,15,Unsecured
L00245,C02692,BR08,Personal Loan,2025-04-06,12,25100,9.16,663,Fair (580-669),0.52,,Employee,South West,0,Stage 1 (Performing),N,0.0117,0.45,132,Unsecured
L00246,C02776,BR06,Mortgage,2025-01-26,300,310200,5.67,631,Fair (580-669),6.46,60.5,Employee,Scotland,0,Stage 1 (Performing),N,0.0925,0.18,5165,Property
L00247,C02851,BR05,Mortgage,2024-05-31,300,278300,5.74,640,Fair (580-669),1.98,52.4,Student,North East,0,Stage 1 (Performing),N,0.021,0.18,1052,Property
L00248,C02760,BR03,Personal Loan,2026-05-27,12,9500,8.87,685,Good (670-739),0.38,,Self-employed,North West,0,Stage 1 (Performing),N,0.0078,0.45,33,Unsecured
L00249,C01701,BR03,Credit Card,2025-03-10,24,8800,19.24,717,Good (670-739),0.21,,Employee,North West,0,Stage 1 (Performing),N,0.0043,0.78,30,Unsecured
L00250,C00405,BR01,Credit Card,2026-04-25,36,7500,19.47,682,Good (670-739),0.07,,Employee,London,0,Stage 1 (Performing),N,0.0073,0.78,43,Unsecured
L00251,C02817,BR01,Mortgage,2025-04-21,300,330900,6.68,566,Poor (300-579),2.68,60.7,Employee,London,0,Stage 1 (Performing),N,0.0861,0.18,5128,Property
L00252,C01413,BR03,Credit Card,2025-04-16,60,3800,19.4,679,Good (670-739),0.05,,Director,North West,0,Stage 1 (Performing),N,0.0076,0.78,23,Unsecured
L00253,C00564,BR05,Overdraft,2024-05-06,24,2200,10.03,540,Poor (300-579),0.05,,Employee,North East,100,Stage 3 (Credit-impaired),Y,0.0547,0.78,845,Unsecured
L00254,C01799,BR02,Mortgage,2025-12-31,300,213200,5.5,676,Good (670-739),2.47,52.1,Employee,London,0,Stage 1 (Performing),N,0.0138,0.18,530,Property
L00255,C00752,BR03,Credit Card,2025-04-10,60,7300,18.64,774,Excellent (740+),0.31,,Employee,North West,0,Stage 1 (Performing),N,0.0017,0.78,10,Unsecured
L00256,C01991,BR08,Mortgage,2024-12-01,300,145100,5.02,718,Good (670-739),8.81,44.1,Self-employed,South West,0,Stage 1 (Performing),N,0.0234,0.18,611,Property
L00257,C01723,BR04,Mortgage,2024-10-16,300,233600,4.38,784,Excellent (740+),5.24,89.6,Employee,Midlands,0,Stage 1 (Performing),N,0.0061,0.18,256,Property
L00258,C01533,BR05,Personal Loan,2026-05-16,36,25100,8.9,706,Good (670-739),0.4,,Self-employed,North East,0,Stage 1 (Performing),N,0.0055,0.45,62,Unsecured
L00259,C02959,BR01,Mortgage,2025-11-06,300,329600,5.4,680,Good (670-739),3.95,67.9,Student,London,0,Stage 1 (Performing),N,0.0215,0.18,1276,Property
L00260,C01223,BR10,Personal Loan,2025-10-08,24,26400,9.28,641,Fair (580-669),0.66,,Employee,Northern Ireland,0,Stage 1 (Performing),N,0.0177,0.45,210,Unsecured
L00261,C00121,BR08,Credit Card,2025-01-21,36,4900,19.52,667,Fair (580-669),0.12,,Employee,South West,0,Stage 1 (Performing),N,0.0096,0.78,37,Unsecured
L00262,C01818,BR10,Commercial Mortgage,2025-03-15,300,514400,5.44,665,Fair (580-669),0.82,62.6,Retail,Northern Ireland,0,Stage 1 (Performing),N,0.0093,0.18,861,Property
L00263,C02984,BR01,SME Term Loan,2026-06-03,36,178300,8.18,768,Excellent (740+),0.13,,Technology,London,0,Stage 1 (Performing),N,0.0013,0.45,104,Unsecured
L00264,C00410,BR01,Mortgage,2025-05-20,300,298200,6.09,556,Poor (300-579),3.27,65.4,Employee,London,15,Stage 1 (Performing),N,0.1204,0.18,6463,Property
L00265,C01424,BR03,SME Term Loan,2025-12-26,12,112200,10.31,579,Poor (300-579),0.61,,Real Estate,North West,0,Stage 1 (Performing),N,0.0355,0.45,1792,Unsecured
L00266,C01905,BR08,Credit Card,2024-07-09,36,3200,21.03,547,Poor (300-579),0.12,,Employee,South West,0,Stage 1 (Performing),N,0.0665,0.78,166,Unsecured
L00267,C00209,BR08,Overdraft,2025-10-01,12,1300,9.27,630,Fair (580-669),0.05,,Employee,South West,0,Stage 1 (Performing),N,0.0128,0.78,13,Unsecured
L00268,C02367,BR03,Business Overdraft,2025-04-05,60,49400,10.18,464,Poor (300-579),0.12,,Precious Metals,North West,75,Stage 2 (Significant increase in risk),N,0.3083,0.78,41578,Unsecured
L00269,C01895,BR03,Personal Loan,2025-05-15,12,10100,9.38,602,Fair (580-669),0.39,,Employee,North West,150,Stage 3 (Credit-impaired),Y,0.0304,0.45,1244,Unsecured
L00270,C00127,BR05,Mortgage,2024-07-26,300,160200,5.94,615,Fair (580-669),8.35,90.7,Employee,North East,15,Stage 1 (Performing),N,0.1175,0.18,3388,Property
L00271,C01171,BR02,Commercial Mortgage,2024-11-21,300,628900,4.62,764,Excellent (740+),0.59,55.4,Charity,London,0,Stage 1 (Performing),N,0.0017,0.18,192,Property
L00272,C02036,BR06,Mortgage,2025-05-18,300,150600,4.35,784,Excellent (740+),1.97,41.9,Employee,Scotland,0,Stage 1 (Performing),N,0.0019,0.18,52,Property
L00273,C00472,BR01,Commercial Mortgage,2026-03-26,300,233800,6.31,578,Poor (300-579),1.55,40.1,Crypto Assets,London,0,Stage 1 (Performing),N,0.0494,0.18,2079,Property
L00274,C01502,BR05,Mortgage,2025-11-19,300,173700,5.46,660,Fair (580-669),1.93,57.8,Employee,North East,0,Stage 1 (Performing),N,0.0149,0.18,466,Property
L00275,C01755,BR06,SME Term Loan,2025-08-24,12,94100,9.06,680,Good (670-739),0.75,,Professional Services,Scotland,0,Stage 1 (Performing),N,0.0071,0.45,301,Unsecured
L00276,C01053,BR01,Personal Loan,2025-10-19,24,13800,9.44,649,Fair (580-669),0.11,,Director,London,0,Stage 1 (Performing),N,0.0128,0.45,79,Unsecured
L00277,C01218,BR01,Personal Loan,2025-04-03,36,15400,9.26,666,Fair (580-669),0.19,,Employee,London,0,Stage 1 (Performing),N,0.01,0.45,69,Unsecured
L00278,C02003,BR09,Business Overdraft,2025-03-19,24,39300,9.71,562,Poor (300-579),0.05,,Charity,Wales,0,Stage 1 (Performing),N,0.0514,0.78,1576,Unsecured
L00279,C02311,BR06,Mortgage,2025-07-13,300,213100,4.75,747,Excellent (740+),9.0,57.4,Self-employed,Scotland,0,Stage 1 (Performing),N,0.0145,0.18,556,Property
L00280,C01234,BR04,Invoice Finance,2025-03-01,60,72100,8.69,713,Good (670-739),0.05,,Retail,Midlands,0,Stage 1 (Performing),N,0.0032,0.45,104,Receivables
L00281,C00786,BR05,Mortgage,2024-04-25,300,213700,5.9,626,Fair (580-669),4.97,60.0,Student,North East,0,Stage 1 (Performing),N,0.0717,0.18,2758,Property
L00282,C00125,BR05,Overdraft,2024-07-05,24,1900,10.14,600,Fair (580-669),0.15,,Employee,North East,0,Stage 1 (Performing),N,0.0216,0.78,32,Unsecured
L00283,C00217,BR02,Personal Loan,2024-06-24,36,14700,9.58,618,Fair (580-669),0.45,,Student,London,0,Stage 1 (Performing),N,0.0239,0.45,158,Unsecured
L00284,C02366,BR06,SME Term Loan,2024-07-01,36,113600,8.97,666,Fair (580-669),0.28,,Import/Export,Scotland,0,Stage 1 (Performing),N,0.0076,0.45,389,Unsecured
L00285,C00167,BR07,Mortgage,2024-09-28,300,513300,5.47,660,Fair (580-669),9.0,77.1,Property Investor,Scotland,0,Stage 1 (Performing),N,0.0592,0.18,5470,Property
L00286,C00482,BR04,Personal Loan,2024-11-02,24,16000,10.0,547,Poor (300-579),0.44,,Senior Public Official,Midlands,0,Stage 1 (Performing),N,0.0738,0.45,531,Unsecured
L00287,C00229,BR07,Mortgage,2025-12-12,300,164800,5.4,671,Good (670-739),1.87,86.8,Employee,Scotland,0,Stage 1 (Performing),N,0.0122,0.18,362,Property
L00288,C02468,BR07,Mortgage,2026-01-05,300,293300,4.61,756,Excellent (740+),4.62,73.3,Employee,Scotland,0,Stage 1 (Performing),N,0.0078,0.18,412,Property
L00289,C00347,BR10,Invoice Finance,2024-11-12,12,54900,8.69,724,Good (670-739),0.05,,Professional Services,Northern Ireland,0,Stage 1 (Performing),N,0.0027,0.45,67,Receivables
L00290,C00899,BR05,Invoice Finance,2025-05-01,24,123800,8.58,731,Good (670-739),0.1,,Professional Services,North East,0,Stage 1 (Performing),N,0.0024,0.45,134,Receivables
L00291,C02595,BR01,Business Overdraft,2024-07-05,36,12000,9.49,645,Fair (580-669),0.05,,Real Estate,London,0,Stage 1 (Performing),N,0.0134,0.78,125,Unsecured
L00292,C00335,BR01,Personal Loan,2026-07-18,24,9100,8.65,715,Good (670-739),0.27,,Director,London,0,Stage 1 (Performing),N,0.0045,0.45,18,Unsecured
L00293,C01598,BR01,Business Overdraft,2025-03-08,24,19100,9.29,657,Fair (580-669),0.05,,Professional Services,London,0,Stage 1 (Performing),N,0.011,0.78,164,Unsecured
L00294,C01610,BR03,Credit Card,2025-10-04,36,4300,18.96,744,Excellent (740+),0.11,,Retired,North West,0,Stage 1 (Performing),N,0.0027,0.78,9,Unsecured
L00295,C00661,BR05,SME Term Loan,2025-12-15,24,91700,10.06,599,Fair (580-669),0.05,,Real Estate,North East,0,Stage 1 (Performing),N,0.0328,0.45,1353,Unsecured
L00296,C00351,BR04,Credit Card,2026-06-17,24,2000,20.48,568,Poor (300-579),0.05,,Student,Midlands,0,Stage 1 (Performing),N,0.0467,0.78,73,Unsecured
L00297,C00319,BR09,Personal Loan,2026-09-09,60,5400,9.32,644,Fair (580-669),0.14,,Employee,Wales,0,Stage 1 (Performing),N,0.014,0.45,34,Unsecured
L00298,C01460,BR07,SME Term Loan,2025-03-19,12,105400,10.85,529,Poor (300-579),0.42,,Charity,Scotland,0,Stage 1 (Performing),N,0.1104,0.45,5236,Unsecured
L00299,C00627,BR04,Mortgage,2024-11-04,300,432000,4.75,748,Excellent (740+),4.35,45.4,Self-employed,Midlands,0,Stage 1 (Performing),N,0.0081,0.18,630,Property
L00300,C01353,BR09,SME Term Loan,2024-07-13,24,185500,10.13,601,Fair (580-669),0.31,,Retail,Wales,15,Stage 1 (Performing),N,0.0224,0.45,1870,Unsecured
L00301,C00087,BR04,Mortgage,2024-11-30,300,188500,6.41,582,Fair (580-669),7.23,88.6,Employee,Midlands,15,Stage 1 (Performing),N,0.1874,0.18,6358,Property
L00302,C01825,BR07,Credit Card,2024-09-28,60,5000,18.66,770,Excellent (740+),0.09,,Employee,Scotland,0,Stage 1 (Performing),N,0.0017,0.78,7,Unsecured
L00303,C00390,BR03,Mortgage,2024-08-12,300,153200,4.11,801,Excellent (740+),1.46,83.6,Employee,North West,0,Stage 1 (Performing),N,0.0012,0.18,33,Property
L00304,C00558,BR10,Mortgage,2025-12-11,300,118400,5.7,632,Fair (580-669),3.37,69.1,Employee,Northern Ireland,15,Stage 1 (Performing),N,0.0384,0.18,818,Property
L00305,C01495,BR06,Invoice Finance,2025-05-28,36,105900,9.81,627,Fair (580-669),0.09,,Professional Services,Scotland,0,Stage 1 (Performing),N,0.0136,0.45,648,Receivables
L00306,C00393,BR01,Credit Card,2024-09-12,36,5500,18.59,780,Excellent (740+),0.07,,Employee,London,0,Stage 1 (Performing),N,0.0014,0.78,6,Unsecured
L00307,C00460,BR06,Personal Loan,2024-05-31,24,10600,9.19,669,Fair (580-669),0.28,,Director,Scotland,0,Stage 1 (Performing),N,0.0098,0.45,47,Unsecured
L00308,C02970,BR02,Mortgage,2026-03-02,300,190800,4.64,763,Excellent (740+),1.43,59.6,Self-employed,London,0,Stage 1 (Performing),N,0.0023,0.18,79,Property
L00309,C01323,BR10,Personal Loan,2025-04-19,60,18500,9.8,596,Fair (580-669),0.28,,Employee,Northern Ireland,0,Stage 1 (Performing),N,0.0322,0.45,268,Unsecured
L00310,C02774,BR02,Mortgage,2025-03-31,300,259900,5.34,682,Good (670-739),5.74,58.3,Employee,London,0,Stage 1 (Performing),N,0.0383,0.18,1792,Property
L00311,C00731,BR06,Mortgage,2025-09-21,300,194100,4.77,744,Excellent (740+),3.65,40.0,Employee,Scotland,0,Stage 1 (Performing),N,0.0068,0.18,238,Property
L00312,C00629,BR02,Personal Loan,2025-01-18,36,13900,7.96,807,Excellent (740+),0.36,,Employee,London,0,Stage 1 (Performing),N,0.001,0.45,6,Unsecured
L00313,C00500,BR02,Personal Loan,2025-12-25,24,12200,8.28,765,Excellent (740+),0.52,,Retired,London,0,Stage 1 (Performing),N,0.0022,0.45,12,Unsecured
L00314,C02894,BR02,Credit Card,2024-11-15,36,3400,20.16,582,Fair (580-669),0.14,,Retired,London,0,Stage 1 (Performing),N,0.0385,0.78,102,Unsecured
L00315,C02196,BR03,Mortgage,2025-07-10,300,164000,5.94,588,Fair (580-669),3.64,56.6,Retired,North West,15,Stage 1 (Performing),N,0.0837,0.18,2471,Property
L00316,C02222,BR07,Credit Card,2026-05-06,60,6200,19.88,635,Fair (580-669),0.2,,Employee,Scotland,0,Stage 1 (Performing),N,0.0166,0.78,80,Unsecured
L00317,C00124,BR10,Business Overdraft,2025-10-13,12,20800,8.39,756,Excellent (740+),0.05,,Hospitality,Northern Ireland,0,Stage 1 (Performing),N,0.0021,0.78,34,Unsecured
L00318,C01120,BR01,Mortgage,2026-07-05,300,133700,4.73,749,Excellent (740+),2.54,72.8,Director,London,0,Stage 1 (Performing),N,0.0042,0.18,101,Property
L00319,C00824,BR01,Personal Loan,2024-10-13,12,27400,8.21,775,Excellent (740+),0.32,,Employee,London,0,Stage 1 (Performing),N,0.0017,0.45,21,Unsecured
L00320,C01875,BR06,Mortgage,2025-02-04,300,392400,5.21,686,Good (670-739),6.7,56.5,Senior Public Official,Scotland,0,Stage 1 (Performing),N,0.0392,0.18,2769,Property
L00321,C00389,BR06,Mortgage,2024-10-11,300,284600,5.42,656,Fair (580-669),3.38,69.6,Self-employed,Scotland,0,Stage 1 (Performing),N,0.0262,0.18,1342,Property
L00322,C02383,BR06,Mortgage,2025-08-11,300,219200,5.4,670,Good (670-739),4.66,54.7,Property Investor,Scotland,0,Stage 1 (Performing),N,0.0322,0.18,1270,Property
L00323,C01870,BR07,Mortgage,2024-12-15,300,246200,5.87,633,Fair (580-669),9.0,52.4,Employee,Scotland,0,Stage 1 (Performing),N,0.0898,0.18,3980,Property
L00324,C02986,BR10,Mortgage,2024-07-20,300,118600,5.08,696,Good (670-739),7.11,41.8,Employee,Northern Ireland,0,Stage 1 (Performing),N,0.0334,0.18,713,Property
L00325,C02910,BR05,SME Term Loan,2025-01-12,36,96600,10.04,547,Poor (300-579),0.16,,Technology,North East,15,Stage 1 (Performing),N,0.0508,0.45,2208,Unsecured
L00326,C01740,BR04,Invoice Finance,2025-03-03,24,69500,8.8,701,Good (670-739),0.14,,Hospitality,Midlands,0,Stage 1 (Performing),N,0.0041,0.45,128,Receivables
L00327,C00900,BR01,Mortgage,2025-02-10,300,206300,5.05,714,Good (670-739),6.62,67.0,Employee,London,0,Stage 1 (Performing),N,0.0249,0.18,925,Property
L00328,C00598,BR06,Mortgage,2024-03-13,300,273400,4.9,725,Good (670-739),2.57,62.3,Employee,Scotland,0,Stage 1 (Performing),N,0.0064,0.18,315,Property
L00329,C00631,BR03,Personal Loan,2025-04-12,36,8800,9.16,642,Fair (580-669),0.35,,Employee,North West,0,Stage 1 (Performing),N,0.0156,0.45,62,Unsecured
L00330,C02212,BR06,Mortgage,2024-08-02,300,244100,5.67,665,Fair (580-669),9.0,78.9,Self-employed,Scotland,0,Stage 1 (Performing),N,0.0547,0.18,2403,Property
L00331,C02918,BR02,Mortgage,2024-11-19,300,112300,5.87,625,Fair (580-669),2.46,60.7,Employee,London,0,Stage 1 (Performing),N,0.0316,0.18,639,Property
L00332,C02396,BR02,Mortgage,2025-03-22,300,222400,4.51,770,Excellent (740+),4.72,66.8,Retired,London,0,Stage 1 (Performing),N,0.0064,0.18,256,Property
L00333,C01350,BR07,Mortgage,2024-11-18,300,171200,5.28,671,Good (670-739),2.32,72.6,Employee,Scotland,0,Stage 1 (Performing),N,0.0142,0.18,438,Property
L00334,C02448,BR01,Mortgage,2025-11-17,300,124800,5.2,675,Good (670-739),2.83,66.0,Employee,London,0,Stage 1 (Performing),N,0.0159,0.18,357,Property
L00335,C01476,BR03,Personal Loan,2024-08-02,60,10300,9.22,629,Fair (580-669),0.12,,Employee,North West,0,Stage 1 (Performing),N,0.0178,0.45,83,Unsecured
L00336,C01911,BR06,Personal Loan,2025-06-25,24,12400,9.04,653,Fair (580-669),0.38,,Student,Scotland,0,Stage 1 (Performing),N,0.0132,0.45,74,Unsecured
L00337,C01912,BR02,Credit Card,2024-09-05,24,3100,19.73,651,Fair (580-669),0.05,,Employee,London,0,Stage 1 (Performing),N,0.0121,0.78,29,Unsecured
L00338,C01714,BR04,Overdraft,2026-06-21,12,3800,9.15,653,Fair (580-669),0.06,,Employee,Midlands,0,Stage 1 (Performing),N,0.0088,0.78,26,Unsecured
L00339,C00563,BR05,Mortgage,2025-11-07,300,164600,4.33,780,Excellent (740+),8.15,58.4,Employee,North East,0,Stage 1 (Performing),N,0.0084,0.18,249,Property
L00340,C00593,BR07,Personal Loan,2026-05-16,36,18500,10.09,486,Poor (300-579),0.38,,Employee,Scotland,0,Stage 1 (Performing),N,0.2528,0.45,2105,Unsecured
L00341,C01860,BR03,Personal Loan,2024-03-24,24,16900,8.66,714,Good (670-739),0.32,,Director,North West,0,Stage 1 (Performing),N,0.0047,0.45,36,Unsecured
L00342,C00371,BR06,Mortgage,2025-08-08,300,171400,4.69,757,Excellent (740+),1.96,67.2,Property Investor,Scotland,0,Stage 1 (Performing),N,0.003,0.18,93,Property
L00343,C01612,BR10,Credit Card,2024-09-11,36,7700,19.75,616,Fair (580-669),0.1,,Employee,Northern Ireland,0,Stage 1 (Performing),N,0.0219,0.78,132,Unsecured
L00344,C02099,BR05,Credit Card,2024-11-10,60,2200,20.75,544,Poor (300-579),0.07,,Self-employed,North East,0,Stage 1 (Performing),N,0.0686,0.78,118,Unsecured
L00345,C02660,BR10,Overdraft,2025-02-27,60,3200,8.58,730,Good (670-739),0.08,,Employee,Northern Ireland,0,Stage 1 (Performing),N,0.0025,0.78,6,Unsecured
L00346,C01877,BR07,Credit Card,2025-09-30,36,4200,20.26,579,Poor (300-579),0.14,,Employee,Scotland,0,Stage 1 (Performing),N,0.0404,0.78,132,Unsecured
L00347,C00066,BR02,Credit Card,2024-12-21,36,5700,20.86,582,Fair (580-669),0.69,,Employee,London,0,Stage 1 (Performing),N,0.0463,0.78,206,Unsecured
L00348,C02997,BR03,Mortgage,2025-01-01,300,111900,5.32,690,Good (670-739),2.33,78.0,Employee,North West,0,Stage 1 (Performing),N,0.0104,0.18,209,Property
L00349,C00637,BR05,Mortgage,2025-12-15,300,132000,4.97,716,Good (670-739),1.85,67.4,Employee,North East,0,Stage 1 (Performing),N,0.0058,0.18,138,Property
L00350,C01948,BR06,Mortgage,2024-07-15,300,154600,5.21,678,Good (670-739),6.96,61.1,Employee,Scotland,0,Stage 1 (Performing),N,0.0445,0.18,1238,Property
L00351,C00912,BR04,Mortgage,2025-10-13,300,224800,5.85,647,Fair (580-669),5.84,97.0,Employee,Midlands,0,Stage 1 (Performing),N,0.0688,0.18,2784,Property
L00352,C02553,BR01,SME Term Loan,2025-06-02,36,99800,8.19,768,Excellent (740+),0.41,,Retail,London,0,Stage 1 (Performing),N,0.0015,0.45,67,Unsecured
L00353,C00006,BR02,Commercial Mortgage,2024-03-17,300,428200,5.88,573,Poor (300-579),0.65,92.4,Precious Metals,London,0,Stage 1 (Performing),N,0.0607,0.18,4679,Property
L00354,C00720,BR02,Personal Loan,2024-12-10,36,10800,7.46,834,Excellent (740+),0.34,,Employee,London,0,Stage 1 (Performing),N,0.0006,0.45,3,Unsecured
L00355,C02859,BR09,Credit Card,2025-05-11,12,3000,20.03,633,Fair (580-669),0.05,,Director,Wales,0,Stage 1 (Performing),N,0.0163,0.78,38,Unsecured
L00356,C00404,BR08,Mortgage,2024-06-29,300,121300,5.32,691,Good (670-739),3.08,89.3,Employee,South West,0,Stage 1 (Performing),N,0.0133,0.18,290,Property
L00357,C00112,BR01,Personal Loan,2025-10-24,36,10000,9.6,634,Fair (580-669),0.21,,Property Investor,London,0,Stage 1 (Performing),N,0.017,0.45,76,Unsecured
L00358,C01454,BR01,Mortgage,2025-03-27,300,280100,5.31,675,Good (670-739),4.6,51.5,Employee,London,45,Stage 2 (Significant increase in risk),N,0.0291,0.18,5135,Property
L00359,C02144,BR01,Mortgage,2025-10-04,300,347100,5.1,713,Good (670-739),4.84,81.0,Retired,London,0,Stage 1 (Performing),N,0.017,0.18,1062,Property
L00360,C01894,BR06,Credit Card,2024-12-26,24,3200,19.26,699,Good (670-739),0.05,,Self-employed,Scotland,0,Stage 1 (Performing),N,0.0055,0.78,14,Unsecured
L00361,C02597,BR04,Commercial Mortgage,2024-10-23,300,678800,4.38,776,Excellent (740+),1.49,79.0,Technology,Midlands,0,Stage 1 (Performing),N,0.0019,0.18,232,Property
L00362,C01245,BR01,SME Term Loan,2024-07-31,36,52600,8.84,686,Good (670-739),0.18,,Technology,London,0,Stage 1 (Performing),N,0.0053,0.45,125,Unsecured
L00363,C01168,BR03,Commercial Mortgage,2025-02-06,300,595400,4.91,729,Good (670-739),0.94,60.6,Retail,North West,0,Stage 1 (Performing),N,0.0034,0.18,364,Property
L00364,C00042,BR01,Credit Card,2025-06-06,24,2500,19.26,711,Good (670-739),0.09,,Employee,London,0,Stage 1 (Performing),N,0.0046,0.78,9,Unsecured
L00365,C01797,BR04,Mortgage,2024-06-27,300,246500,6.23,594,Fair (580-669),7.81,79.7,Employee,Midlands,0,Stage 1 (Performing),N,0.1589,0.18,7050,Property
L00366,C02306,BR08,Mortgage,2025-02-09,300,145200,4.68,750,Excellent (740+),2.09,62.6,Property Investor,South West,0,Stage 1 (Performing),N,0.0036,0.18,94,Property
L00367,C00302,BR05,Invoice Finance,2024-09-28,24,39300,10.93,505,Poor (300-579),0.05,,Money Services,North East,0,Stage 1 (Performing),N,0.094,0.45,1662,Receivables
L00368,C01108,BR01,Mortgage,2025-02-21,300,173900,4.45,779,Excellent (740+),3.3,83.0,Property Investor,London,0,Stage 1 (Performing),N,0.0034,0.18,106,Property
L00369,C00423,BR03,Credit Card,2025-04-01,12,7500,20.55,587,Fair (580-669),0.14,,Retired,North West,0,Stage 1 (Performing),N,0.0355,0.78,208,Unsecured
L00370,C02832,BR09,Mortgage,2026-01-19,300,164900,5.83,615,Fair (580-669),8.26,49.5,Employee,Wales,0,Stage 1 (Performing),N,0.1175,0.18,3488,Property
L00371,C02820,BR01,Business Overdraft,2025-09-11,24,33100,9.16,644,Fair (580-669),0.07,,Professional Services,London,0,Stage 1 (Performing),N,0.0137,0.78,354,Unsecured
L00372,C01575,BR01,Business Overdraft,2026-05-12,60,26900,9.44,602,Fair (580-669),0.05,,Import/Export,London,0,Stage 1 (Performing),N,0.0271,0.78,569,Unsecured
L00373,C02163,BR03,Mortgage,2024-12-26,300,252600,5.41,660,Fair (580-669),4.3,50.1,Student,North West,45,Stage 2 (Significant increase in risk),N,0.0335,0.18,5331,Property
L00374,C01441,BR07,SME Term Loan,2025-05-29,12,109600,8.02,782,Excellent (740+),0.05,,Technology,Scotland,0,Stage 1 (Performing),N,0.001,0.45,49,Unsecured
L00375,C00212,BR06,Mortgage,2025-04-12,300,291700,4.22,807,Excellent (740+),9.0,93.1,Employee,Scotland,0,Stage 1 (Performing),N,0.0054,0.18,284,Property
L00376,C02574,BR02,Mortgage,2024-11-29,300,130300,4.49,771,Excellent (740+),1.64,73.3,Employee,London,0,Stage 1 (Performing),N,0.0021,0.18,49,Property
L00377,C00158,BR02,Mortgage,2026-09-21,300,225500,5.05,709,Good (670-739),9.0,64.8,Retired,London,0,Stage 1 (Performing),N,0.027,0.18,1096,Property
L00378,C00157,BR09,SME Term Loan,2026-10-10,12,111400,10.99,513,Poor (300-579),0.2,,Hospitality,Wales,45,Stage 2 (Significant increase in risk),N,0.1305,0.45,22897,Unsecured
L00379,C01990,BR03,Mortgage,2024-09-11,300,171100,5.75,643,Fair (580-669),5.51,46.5,Employee,North West,0,Stage 1 (Performing),N,0.0657,0.18,2023,Property
L00380,C00605,BR06,Mortgage,2026-03-20,300,258800,4.48,783,Excellent (740+),5.15,86.5,Student,Scotland,0,Stage 1 (Performing),N,0.006,0.18,280,Property
L00381,C01123,BR08,Business Overdraft,2024-11-14,60,16000,9.25,621,Fair (580-669),0.05,,Import/Export,South West,0,Stage 1 (Performing),N,0.0308,0.78,384,Unsecured
L00382,C02603,BR03,Mortgage,2024-02-20,300,304400,4.26,791,Excellent (740+),9.0,69.5,Student,North West,0,Stage 1 (Performing),N,0.007,0.18,384,Property
L00383,C00933,BR01,Mortgage,2024-08-31,300,162500,4.59,769,Excellent (740+),3.84,81.0,Employee,London,0,Stage 1 (Performing),N,0.0048,0.18,140,Property
L00384,C00104,BR02,Personal Loan,2025-04-07,36,10700,8.58,732,Good (670-739),0.17,,Director,London,0,Stage 1 (Performing),N,0.0033,0.45,16,Unsecured
L00385,C00871,BR01,Credit Card,2024-08-12,60,5700,19.58,655,Fair (580-669),0.27,,Employee,London,0,Stage 1 (Performing),N,0.0123,0.78,55,Unsecured
L00386,C01094,BR09,Commercial Mortgage,2024-12-06,300,679500,6.53,581,Fair (580-669),2.3,81.6,Professional Services,Wales,0,Stage 1 (Performing),N,0.0604,0.18,7388,Property
L00387,C00455,BR03,Mortgage,2024-04-22,300,172400,5.97,625,Fair (580-669),5.91,69.4,Employee,North West,0,Stage 1 (Performing),N,0.0984,0.18,3054,Property
L00388,C00241,BR02,Credit Card,2025-09-16,24,3000,20.31,555,Poor (300-579),0.28,,Self-employed,London,75,Stage 2 (Significant increase in risk),N,0.0938,0.78,768,Unsecured
L00389,C02599,BR04,Credit Card,2025-09-07,24,6200,20.01,624,Fair (580-669),0.07,,Employee,Midlands,0,Stage 1 (Performing),N,0.019,0.78,92,Unsecured
L00390,C01184,BR04,Personal Loan,2025-10-21,36,3400,8.85,705,Good (670-739),0.05,,Student,Midlands,0,Stage 1 (Performing),N,0.005,0.45,8,Unsecured
L00391,C00891,BR01,Mortgage,2025-03-25,300,398700,5.71,612,Fair (580-669),9.0,48.3,Employee,London,0,Stage 1 (Performing),N,0.1227,0.18,8806,Property
L00392,C00141,BR10,SME Term Loan,2025-09-11,60,168700,8.72,709,Good (670-739),0.18,,Construction,Northern Ireland,0,Stage 1 (Performing),N,0.0036,0.45,273,Unsecured
L00393,C00653,BR07,Credit Card,2024-10-30,36,2500,18.9,754,Excellent (740+),0.05,,Employee,Scotland,0,Stage 1 (Performing),N,0.0022,0.78,4,Unsecured
L00394,C00698,BR01,Credit Card,2024-06-04,60,6800,19.62,643,Fair (580-669),0.15,,Director,London,0,Stage 1 (Performing),N,0.0143,0.78,76,Unsecured
L00395,C02480,BR05,SME Term Loan,2026-07-03,36,112000,11.95,446,Poor (300-579),0.05,,Construction,North East,100,Stage 3 (Credit-impaired),Y,0.2171,0.45,98477,Unsecured
L00396,C01664,BR02,Credit Card,2024-11-14,60,4900,19.33,695,Good (670-739),0.14,,Employee,London,0,Stage 1 (Performing),N,0.0061,0.78,23,Unsecured
L00397,C02021,BR07,Personal Loan,2024-09-17,60,4400,9.13,672,Good (670-739),0.05,,Employee,Scotland,0,Stage 1 (Performing),N,0.0086,0.45,17,Unsecured
L00398,C02739,BR01,Mortgage,2025-02-03,300,178100,4.64,762,Excellent (740+),2.25,80.8,Self-employed,London,0,Stage 1 (Performing),N,0.0031,0.18,99,Property
L00399,C02257,BR05,Credit Card,2025-02-04,24,3700,19.87,626,Fair (580-669),0.05,,Employee,North East,0,Stage 1 (Performing),N,0.0183,0.78,53,Unsecured
L00400,C00769,BR04,Personal Loan,2026-04-22,36,10100,9.16,682,Good (670-739),0.1,,Self-employed,Midlands,0,Stage 1 (Performing),N,0.0074,0.45,34,Unsecured
L00401,C02326,BR05,SME Term Loan,2025-08-18,36,80500,10.0,530,Poor (300-579),0.05,,Real Estate,North East,0,Stage 1 (Performing),N,0.0969,0.45,3510,Unsecured
L00402,C01481,BR04,Invoice Finance,2026-05-05,24,53100,9.01,660,Fair (580-669),0.81,,Technology,Midlands,0,Stage 1 (Performing),N,0.0101,0.45,241,Receivables
L00403,C02834,BR05,Commercial Mortgage,2025-11-12,300,119500,6.06,626,Fair (580-669),0.26,58.3,Import/Export,North East,0,Stage 1 (Performing),N,0.0228,0.18,490,Property
L00404,C00719,BR01,Mortgage,2025-03-12,300,202300,5.36,678,Good (670-739),3.45,58.9,Employee,London,0,Stage 1 (Performing),N,0.0187,0.18,681,Property
L00405,C02441,BR04,Personal Loan,2026-04-26,24,8900,9.2,659,Fair (580-669),0.24,,Retired,Midlands,0,Stage 1 (Performing),N,0.0114,0.45,46,Unsecured
L00406,C00340,BR01,Personal Loan,2025-06-03,60,11600,8.86,709,Good (670-739),0.14,,Employee,London,0,Stage 1 (Performing),N,0.0048,0.45,25,Unsecured
L00407,C00878,BR01,Credit Card,2024-07-12,60,3200,19.0,740,Excellent (740+),0.05,,Employee,London,0,Stage 1 (Performing),N,0.0028,0.78,7,Unsecured
L00408,C02102,BR08,Invoice Finance,2024-07-18,12,60100,9.68,629,Fair (580-669),0.13,,Construction,South West,0,Stage 1 (Performing),N,0.0133,0.45,360,Receivables
L00409,C02117,BR04,Credit Card,2026-02-01,60,4500,19.08,731,Good (670-739),0.17,,Self-employed,Midlands,0,Stage 1 (Performing),N,0.0034,0.78,12,Unsecured
L00410,C00195,BR09,SME Term Loan,2026-01-17,60,208300,10.49,508,Poor (300-579),0.14,,Retail,Wales,0,Stage 1 (Performing),N,0.0924,0.45,8661,Unsecured
L00411,C01553,BR03,Mortgage,2025-02-05,300,153600,6.04,621,Fair (580-669),7.88,52.3,Employee,North West,0,Stage 1 (Performing),N,0.1075,0.18,2972,Property
L00412,C01696,BR01,Overdraft,2025-03-06,36,5300,8.37,756,Excellent (740+),0.21,,Employee,London,0,Stage 1 (Performing),N,0.0017,0.78,7,Unsecured
L00413,C00809,BR01,Mortgage,2024-09-04,300,198300,5.14,684,Good (670-739),3.9,88.4,Self-employed,London,0,Stage 1 (Performing),N,0.0198,0.18,707,Property
L00414,C01232,BR02,Credit Card,2026-06-29,24,2700,19.84,629,Fair (580-669),0.07,,Student,London,0,Stage 1 (Performing),N,0.0175,0.78,37,Unsecured
L00415,C01751,BR08,Mortgage,2024-11-21,300,116600,5.91,641,Fair (580-669),5.26,65.2,Self-employed,South West,0,Stage 1 (Performing),N,0.0624,0.18,1310,Property
L00416,C01708,BR04,Personal Loan,2026-06-22,12,17600,9.1,665,Fair (580-669),0.15,,Employee,Midlands,0,Stage 1 (Performing),N,0.01,0.45,79,Unsecured
L00417,C01836,BR01,Personal Loan,2025-06-03,12,6200,8.67,722,Good (670-739),0.12,,Employee,London,0,Stage 1 (Performing),N,0.0038,0.45,11,Unsecured
L00418,C01736,BR10,Credit Card,2024-09-14,12,6000,19.1,730,Good (670-739),0.09,,Retired,Northern Ireland,0,Stage 1 (Performing),N,0.0033,0.78,15,Unsecured
L00419,C02388,BR02,Invoice Finance,2025-11-01,36,70000,8.92,701,Good (670-739),0.05,,Professional Services,London,0,Stage 1 (Performing),N,0.0039,0.45,123,Receivables
L00420,C02018,BR04,Mortgage,2024-09-15,300,171600,5.59,645,Fair (580-669),4.53,69.4,Employee,Midlands,0,Stage 1 (Performing),N,0.046,0.18,1421,Property
L00421,C01041,BR02,Personal Loan,2024-02-17,12,9000,8.8,710,Good (670-739),0.31,,Employee,London,0,Stage 1 (Performing),N,0.005,0.45,20,Unsecured
L00422,C00035,BR09,Personal Loan,2025-07-21,24,14900,9.39,631,Fair (580-669),0.34,,Employee,Wales,0,Stage 1 (Performing),N,0.0186,0.45,125,Unsecured
L00423,C02735,BR10,Mortgage,2026-01-07,300,235900,5.86,599,Fair (580-669),4.78,55.4,Employee,Northern Ireland,0,Stage 1 (Performing),N,0.1018,0.18,4323,Property
L00424,C01524,BR03,Credit Card,2026-02-27,24,5600,19.21,708,Good (670-739),0.19,,Employee,North West,0,Stage 1 (Performing),N,0.005,0.78,22,Unsecured
L00425,C00271,BR08,SME Term Loan,2025-12-01,24,95100,10.21,583,Fair (580-669),0.22,,Retail,South West,0,Stage 1 (Performing),N,0.0291,0.45,1245,Unsecured
L00426,C02089,BR01,Overdraft,2026-05-24,12,2000,8.47,745,Excellent (740+),0.12,,Self-employed,London,0,Stage 1 (Performing),N,0.0019,0.78,3,Unsecured
L00427,C02195,BR02,Mortgage,2025-09-08,300,279100,5.55,649,Fair (580-669),4.07,83.4,Student,London,0,Stage 1 (Performing),N,0.037,0.18,1859,Property
L00428,C01445,BR05,Personal Loan,2024-09-07,24,7100,9.69,619,Fair (580-669),0.15,,Director,North East,0,Stage 1 (Performing),N,0.0212,0.45,68,Unsecured
L00429,C00193,BR07,Business Overdraft,2025-01-26,60,36300,8.45,746,Excellent (740+),0.05,,Technology,Scotland,0,Stage 1 (Performing),N,0.0025,0.78,71,Unsecured
L00430,C01647,BR04,SME Term Loan,2026-07-31,36,97400,9.47,632,Fair (580-669),0.97,,Retail,Midlands,0,Stage 1 (Performing),N,0.0169,0.45,741,Unsecured
L00431,C01265,BR08,Personal Loan,2025-09-08,12,7300,10.06,598,Fair (580-669),0.18,,Employee,South West,0,Stage 1 (Performing),N,0.0302,0.45,99,Unsecured
L00432,C01345,BR04,Personal Loan,2024-11-11,12,7700,9.12,681,Good (670-739),0.08,,Employee,Midlands,75,Stage 2 (Significant increase in risk),N,0.0075,0.45,91,Unsecured
L00433,C02534,BR05,Mortgage,2025-11-11,300,190800,5.25,684,Good (670-739),3.37,78.8,Employee,North East,0,Stage 1 (Performing),N,0.0165,0.18,567,Property
L00434,C00331,BR10,SME Term Loan,2024-09-10,36,42600,9.85,622,Fair (580-669),0.05,,Technology,Northern Ireland,0,Stage 1 (Performing),N,0.0145,0.45,278,Unsecured
L00435,C02513,BR03,Mortgage,2024-06-06,300,406800,5.16,708,Good (670-739),9.0,82.1,Property Investor,North West,0,Stage 1 (Performing),N,0.0275,0.18,2014,Property
L00436,C01883,BR09,SME Term Loan,2026-05-28,36,145600,11.39,475,Poor (300-579),0.05,,Professional Services,Wales,15,Stage 1 (Performing),N,0.2115,0.45,13857,Unsecured
L00437,C02862,BR01,Commercial Mortgage,2025-10-06,300,259300,5.71,616,Fair (580-669),0.51,50.4,Technology,London,0,Stage 1 (Performing),N,0.0188,0.18,877,Property
L00438,C01048,BR01,Commercial Mortgage,2024-08-31,300,399700,4.9,728,Good (670-739),0.09,55.9,Technology,London,0,Stage 1 (Performing),N,0.0026,0.18,187,Property
L00439,C01434,BR02,SME Term Loan,2025-05-05,36,200900,8.5,740,Excellent (740+),0.75,,Professional Services,London,0,Stage 1 (Performing),N,0.0026,0.45,235,Unsecured
L00440,C02385,BR02,Business Overdraft,2025-02-24,60,29900,10.2,562,Poor (300-579),0.05,,Import/Export,London,0,Stage 1 (Performing),N,0.0783,0.78,1826,Unsecured
L00441,C00326,BR07,SME Term Loan,2025-03-11,36,60700,9.7,580,Fair (580-669),0.09,,Professional Services,Scotland,0,Stage 1 (Performing),N,0.0293,0.45,800,Unsecured
L00442,C02630,BR02,Business Overdraft,2024-12-28,12,9600,11.3,417,Poor (300-579),0.05,,Money Services,London,150,Stage 3 (Credit-impaired),Y,0.4877,0.78,32867,Unsecured
L00443,C02065,BR09,Commercial Mortgage,2024-07-28,300,203500,4.32,799,Excellent (740+),0.65,56.9,Professional Services,Wales,0,Stage 1 (Performing),N,0.001,0.18,37,Property
L00444,C02403,BR01,Invoice Finance,2024-07-31,36,101600,10.22,557,Poor (300-579),0.2,,Retail,London,0,Stage 1 (Performing),N,0.0439,0.45,2007,Receivables
L00445,C02713,BR08,Overdraft,2025-08-05,12,2900,9.57,604,Fair (580-669),0.16,,Employee,South West,15,Stage 1 (Performing),N,0.0203,0.78,46,Unsecured
L00446,C00438,BR01,Mortgage,2025-03-07,300,123300,5.3,697,Good (670-739),4.99,63.2,Employee,London,0,Stage 1 (Performing),N,0.0233,0.18,517,Property
L00447,C01282,BR02,Overdraft,2025-06-27,60,3400,8.62,727,Good (670-739),0.05,,Employee,London,0,Stage 1 (Performing),N,0.0026,0.78,7,Unsecured
L00448,C00541,BR08,Business Overdraft,2025-06-26,36,21300,9.45,634,Fair (580-669),0.09,,Precious Metals,South West,0,Stage 1 (Performing),N,0.0163,0.78,271,Unsecured
L00449,C00132,BR07,Personal Loan,2024-09-14,24,8900,9.5,579,Poor (300-579),0.14,,Retired,Scotland,0,Stage 1 (Performing),N,0.0404,0.45,162,Unsecured
L00450,C01052,BR10,SME Term Loan,2024-06-27,24,75400,8.85,693,Good (670-739),0.06,,Construction,Northern Ireland,0,Stage 1 (Performing),N,0.0045,0.45,153,Unsecured
L00451,C02804,BR08,Commercial Mortgage,2025-09-14,300,341900,4.5,782,Excellent (740+),0.17,66.2,Crypto Assets,South West,0,Stage 1 (Performing),N,0.0011,0.18,68,Property
L00452,C01903,BR04,SME Term Loan,2024-11-19,60,199400,7.89,812,Excellent (740+),0.19,,Retail,Midlands,0,Stage 1 (Performing),N,0.0007,0.45,63,Unsecured
L00453,C01211,BR03,Personal Loan,2024-10-30,60,7900,8.88,681,Good (670-739),0.38,,Employee,North West,0,Stage 1 (Performing),N,0.0083,0.45,30,Unsecured
L00454,C01928,BR04,Mortgage,2025-12-23,300,184000,5.25,682,Good (670-739),5.04,85.5,Employee,Midlands,0,Stage 1 (Performing),N,0.0302,0.18,1000,Property
L00455,C02341,BR02,Commercial Mortgage,2026-06-24,300,759200,6.64,573,Poor (300-579),0.26,70.7,Professional Services,London,0,Stage 1 (Performing),N,0.0347,0.18,4742,Property
L00456,C00884,BR03,Personal Loan,2025-02-22,12,23400,8.76,711,Good (670-739),1.39,,Director,North West,0,Stage 1 (Performing),N,0.0072,0.45,76,Unsecured
L00457,C02730,BR09,SME Term Loan,2026-04-21,36,61500,9.12,686,Good (670-739),0.6,,Money Services,Wales,0,Stage 1 (Performing),N,0.0061,0.45,169,Unsecured
L00458,C00060,BR08,Commercial Mortgage,2026-05-17,300,1052000,6.53,535,Poor (300-579),1.91,53.4,Retail,South West,150,Stage 3 (Credit-impaired),Y,0.1591,0.18,271145,Property
L00459,C00363,BR06,Invoice Finance,2024-09-27,60,98000,8.27,764,Excellent (740+),0.1,,Hospitality,Scotland,0,Stage 1 (Performing),N,0.0014,0.45,62,Receivables
L00460,C02825,BR01,Credit Card,2026-02-19,24,2100,18.8,758,Excellent (740+),0.05,,Employee,London,0,Stage 1 (Performing),N,0.0021,0.78,3,Unsecured
L00461,C02605,BR07,Invoice Finance,2024-09-07,24,134000,8.5,740,Excellent (740+),1.41,,Charity,Scotland,0,Stage 1 (Performing),N,0.0033,0.45,199,Receivables
L00462,C02880,BR01,Commercial Mortgage,2026-07-02,300,217700,8.03,373,Poor (300-579),0.59,64.0,Import/Export,London,45,Stage 2 (Significant increase in risk),N,0.6395,0.18,87708,Property
L00463,C02681,BR08,Overdraft,2025-01-06,60,3400,9.23,654,Fair (580-669),0.05,,Director,South West,0,Stage 1 (Performing),N,0.0086,0.78,23,Unsecured
L00464,C02752,BR04,Mortgage,2026-06-25,300,131800,5.29,687,Good (670-739),3.63,48.9,Employee,Midlands,0,Stage 1 (Performing),N,0.0172,0.18,408,Property
L00465,C02434,BR01,Mortgage,2024-10-12,300,99600,5.4,662,Fair (580-669),1.15,75.6,Director,London,0,Stage 1 (Performing),N,0.011,0.18,197,Property
L00466,C01200,BR08,Mortgage,2025-06-05,300,321500,6.52,573,Poor (300-579),9.0,53.6,Self-employed,South West,0,Stage 1 (Performing),N,0.2114,0.18,12234,Property
L00467,C02585,BR04,Mortgage,2025-03-30,300,265600,5.41,656,Fair (580-669),9.0,61.9,Student,Midlands,0,Stage 1 (Performing),N,0.063,0.18,3012,Property
L00468,C00552,BR01,SME Term Loan,2024-06-11,24,91600,8.47,744,Excellent (740+),0.44,,Construction,London,15,Stage 1 (Performing),N,0.0022,0.45,91,Unsecured
L00469,C00980,BR08,Mortgage,2024-04-20,300,239700,4.77,745,Excellent (740+),0.94,49.3,Employee,South West,0,Stage 1 (Performing),N,0.0026,0.18,112,Property
L00470,C00670,BR01,Mortgage,2025-05-30,300,210300,4.68,758,Excellent (740+),5.74,100.4,Student,London,0,Stage 1 (Performing),N,0.0111,0.18,420,Property
L00471,C00978,BR08,Overdraft,2026-02-24,24,2200,8.76,711,Good (670-739),0.05,,Employee,South West,0,Stage 1 (Performing),N,0.0033,0.78,6,Unsecured
L00472,C00184,BR08,Mortgage,2026-07-14,300,136700,4.69,750,Excellent (740+),3.85,61.5,Self-employed,South West,0,Stage 1 (Performing),N,0.0066,0.18,162,Property
L00473,C02704,BR07,Personal Loan,2026-07-20,36,15600,10.55,500,Poor (300-579),0.23,,Employee,Scotland,0,Stage 1 (Performing),N,0.1395,0.45,979,Unsecured
L00474,C00294,BR04,Personal Loan,2024-11-15,12,12100,9.39,613,Fair (580-669),0.27,,Employee,Midlands,0,Stage 1 (Performing),N,0.0244,0.45,133,Unsecured
L00475,C01962,BR01,Credit Card,2025-09-12,60,3600,18.39,832,Excellent (740+),0.06,,Property Investor,London,0,Stage 1 (Performing),N,0.0006,0.78,2,Unsecured
L00476,C00537,BR01,Credit Card,2026-08-15,24,3100,18.67,771,Excellent (740+),0.13,,Employee,London,0,Stage 1 (Performing),N,0.0017,0.78,4,Unsecured
L00477,C01661,BR04,Mortgage,2025-08-06,300,194200,5.02,714,Good (670-739),9.0,83.0,Employee,Midlands,0,Stage 1 (Performing),N,0.0249,0.18,870,Property
L00478,C02507,BR01,Personal Loan,2025-01-06,24,6100,8.91,673,Good (670-739),0.13,,Student,London,0,Stage 1 (Performing),N,0.0087,0.45,24,Unsecured
L00479,C01361,BR04,SME Term Loan,2026-03-17,60,82800,11.64,430,Poor (300-579),0.14,,Charity,Midlands,100,Stage 3 (Credit-impaired),Y,0.3695,0.45,123908,Unsecured
L00480,C02892,BR10,Commercial Mortgage,2025-04-06,300,270800,6.25,607,Fair (580-669),1.23,58.2,Precious Metals,Northern Ireland,0,Stage 1 (Performing),N,0.0278,0.18,1355,Property
L00481,C02476,BR02,Mortgage,2024-11-21,300,390400,5.42,687,Good (670-739),3.18,58.1,Employee,London,0,Stage 1 (Performing),N,0.0147,0.18,1033,Property
L00482,C02689,BR04,Commercial Mortgage,2024-10-23,300,274800,6.68,572,Poor (300-579),0.24,92.1,Technology,Midlands,0,Stage 1 (Performing),N,0.035,0.18,1731,Property
L00483,C02662,BR02,SME Term Loan,2025-04-28,24,77700,9.03,654,Fair (580-669),0.09,,Hospitality,London,0,Stage 1 (Performing),N,0.0136,0.45,476,Unsecured
L00484,C01060,BR07,SME Term Loan,2025-05-21,60,95700,8.8,710,Good (670-739),0.06,,Real Estate,Scotland,0,Stage 1 (Performing),N,0.0034,0.45,146,Unsecured
L00485,C01417,BR08,Mortgage,2024-03-20,300,313900,6.71,538,Poor (300-579),9.0,51.6,Senior Public Official,South West,45,Stage 2 (Significant increase in risk),N,0.4296,0.18,84956,Property
L00486,C00304,BR03,Mortgage,2025-11-15,300,270400,4.63,761,Excellent (740+),3.34,78.9,Employee,North West,0,Stage 1 (Performing),N,0.0046,0.18,224,Property
L00487,C01169,BR05,Credit Card,2025-05-15,24,4000,19.3,695,Good (670-739),0.05,,Employee,North East,0,Stage 1 (Performing),N,0.0059,0.78,18,Unsecured
L00488,C02499,BR04,Business Overdraft,2025-10-16,36,65600,9.62,577,Poor (300-579),0.1,,Hospitality,Midlands,100,Stage 3 (Credit-impaired),Y,0.0631,0.78,29058,Unsecured
L00489,C01833,BR07,Invoice Finance,2025-08-01,60,59600,9.95,604,Fair (580-669),0.08,,Import/Export,Scotland,0,Stage 1 (Performing),N,0.0197,0.45,528,Receivables
L00490,C01272,BR01,Commercial Mortgage,2024-09-27,300,485400,4.86,732,Good (670-739),0.71,50.7,Precious Metals,London,0,Stage 1 (Performing),N,0.0046,0.18,402,Property
L00491,C01562,BR02,Credit Card,2024-11-25,60,13600,20.45,592,Fair (580-669),0.48,,Employee,London,0,Stage 1 (Performing),N,0.0368,0.78,390,Unsecured
L00492,C02288,BR02,Personal Loan,2026-06-08,60,8100,8.99,688,Good (670-739),0.1,,Self-employed,London,0,Stage 1 (Performing),N,0.0067,0.45,24,Unsecured
L00493,C01126,BR09,Business Overdraft,2025-02-04,12,38500,8.81,710,Good (670-739),0.29,,Hospitality,Wales,0,Stage 1 (Performing),N,0.005,0.78,150,Unsecured
L00494,C00392,BR10,Overdraft,2025-01-04,24,3000,8.19,770,Excellent (740+),0.14,,Retired,Northern Ireland,0,Stage 1 (Performing),N,0.0013,0.78,3,Unsecured
L00495,C00842,BR01,SME Term Loan,2024-04-30,24,52800,9.79,584,Fair (580-669),0.28,,Retail,London,0,Stage 1 (Performing),N,0.0293,0.45,696,Unsecured
L00496,C02720,BR07,SME Term Loan,2025-12-23,60,72000,10.22,491,Poor (300-579),0.05,,Import/Export,Scotland,0,Stage 1 (Performing),N,0.1704,0.45,5521,Unsecured
L00497,C01157,BR01,Invoice Finance,2024-05-25,24,87100,8.94,691,Good (670-739),0.38,,Hospitality,London,0,Stage 1 (Performing),N,0.0052,0.45,204,Receivables
L00498,C00039,BR01,Business Overdraft,2025-06-06,12,13100,10.3,501,Poor (300-579),0.06,,Money Services,London,0,Stage 1 (Performing),N,0.1907,0.78,1949,Unsecured
L00499,C00943,BR06,Personal Loan,2025-06-11,36,11100,9.43,651,Fair (580-669),0.14,,Self-employed,Scotland,0,Stage 1 (Performing),N,0.0125,0.45,62,Unsecured
L00500,C00362,BR05,Credit Card,2025-05-16,36,6100,19.56,680,Good (670-739),0.32,,Self-employed,North East,0,Stage 1 (Performing),N,0.0083,0.78,39,Unsecured
L00501,C00357,BR02,Business Overdraft,2024-12-28,60,22500,10.34,547,Poor (300-579),0.05,,Money Services,London,0,Stage 1 (Performing),N,0.0983,0.78,1725,Unsecured
L00502,C00092,BR07,Personal Loan,2025-01-31,12,13500,8.14,775,Excellent (740+),0.32,,Employee,Scotland,0,Stage 1 (Performing),N,0.0017,0.45,10,Unsecured
L00503,C01110,BR02,Mortgage,2025-10-01,300,163300,6.47,578,Poor (300-579),7.37,65.4,Employee,London,100,Stage 3 (Credit-impaired),Y,0.1978,0.18,52327,Property
L00504,C02626,BR06,SME Term Loan,2024-04-21,24,71900,8.75,712,Good (670-739),0.05,,Construction,Scotland,0,Stage 1 (Performing),N,0.0033,0.45,107,Unsecured
L00505,C02286,BR07,SME Term Loan,2025-06-03,60,72200,10.66,542,Poor (300-579),0.11,,Technology,Scotland,0,Stage 1 (Performing),N,0.0823,0.45,2674,Unsecured
L00506,C00074,BR08,SME Term Loan,2025-05-12,36,81200,10.0,599,Fair (580-669),0.12,,Crypto Assets,South West,0,Stage 1 (Performing),N,0.0336,0.45,1228,Unsecured
L00507,C00230,BR08,Personal Loan,2025-03-18,24,15900,9.22,673,Good (670-739),0.51,,Employee,South West,0,Stage 1 (Performing),N,0.0099,0.45,71,Unsecured
L00508,C01746,BR03,Credit Card,2025-01-16,12,4100,18.19,863,Excellent (740+),0.07,,Employee,North West,0,Stage 1 (Performing),N,0.0004,0.78,1,Unsecured
L00509,C01512,BR09,Invoice Finance,2026-01-15,36,144700,10.95,511,Poor (300-579),0.59,,Technology,Wales,0,Stage 1 (Performing),N,0.1019,0.45,6635,Receivables
L00510,C00459,BR04,Mortgage,2025-09-28,300,281400,4.42,781,Excellent (740+),7.12,64.0,Employee,Midlands,0,Stage 1 (Performing),N,0.0083,0.18,420,Property
L00511,C01496,BR10,Overdraft,2025-02-02,36,2800,9.14,667,Fair (580-669),0.13,,Employee,Northern Ireland,0,Stage 1 (Performing),N,0.0071,0.78,16,Unsecured
L00512,C01009,BR06,Business Overdraft,2025-09-25,36,68200,9.75,622,Fair (580-669),0.15,,Professional Services,Scotland,0,Stage 1 (Performing),N,0.0202,0.78,1075,Unsecured
L00513,C02355,BR06,Mortgage,2025-03-20,300,209500,4.15,798,Excellent (740+),2.74,58.6,Self-employed,Scotland,0,Stage 1 (Performing),N,0.002,0.18,75,Property
L00514,C00083,BR06,Personal Loan,2025-01-17,12,8400,9.11,684,Good (670-739),0.52,,Retired,Scotland,0,Stage 1 (Performing),N,0.0083,0.45,31,Unsecured
L00515,C01280,BR04,Personal Loan,2024-03-11,36,12900,8.36,762,Excellent (740+),0.11,,Employee,Midlands,0,Stage 1 (Performing),N,0.002,0.45,12,Unsecured
L00516,C01829,BR08,Personal Loan,2025-08-31,60,7400,7.82,800,Excellent (740+),0.26,,Employee,South West,0,Stage 1 (Performing),N,0.0011,0.45,4,Unsecured
L00517,C00273,BR01,Personal Loan,2026-03-27,12,15100,9.51,596,Fair (580-669),0.38,,Employee,London,0,Stage 1 (Performing),N,0.0333,0.45,226,Unsecured
L00518,C02177,BR05,Mortgage,2026-09-16,300,404700,3.86,841,Excellent (740+),9.0,73.8,Employee,North East,0,Stage 1 (Performing),N,0.0031,0.18,226,Property
L00519,C01089,BR01,Personal Loan,2024-09-07,24,16000,7.96,787,Excellent (740+),0.25,,Property Investor,London,0,Stage 1 (Performing),N,0.0014,0.45,10,Unsecured
L00520,C00693,BR01,Overdraft,2025-12-31,24,2100,8.92,683,Good (670-739),0.05,,Employee,London,0,Stage 1 (Performing),N,0.0053,0.78,9,Unsecured
L00521,C02651,BR01,Personal Loan,2025-07-20,24,11300,9.37,654,Fair (580-669),0.32,,Self-employed,London,0,Stage 1 (Performing),N,0.0127,0.45,65,Unsecured
L00522,C00913,BR01,Overdraft,2025-02-16,36,3100,9.23,649,Fair (580-669),0.05,,Employee,London,0,Stage 1 (Performing),N,0.0093,0.78,22,Unsecured
L00523,C00447,BR04,Personal Loan,2025-09-22,24,20300,8.65,719,Good (670-739),0.65,,Student,Midlands,0,Stage 1 (Performing),N,0.0049,0.45,45,Unsecured
L00524,C02616,BR01,Credit Card,2024-09-02,24,3300,18.78,760,Excellent (740+),0.07,,Employee,London,0,Stage 1 (Performing),N,0.002,0.78,5,Unsecured
L00525,C02238,BR01,Mortgage,2024-09-28,300,182800,4.48,770,Excellent (740+),1.07,74.9,Self-employed,London,0,Stage 1 (Performing),N,0.0018,0.18,59,Property
L00526,C01049,BR07,Credit Card,2024-10-29,60,6500,19.29,715,Good (670-739),0.12,,Retired,Scotland,0,Stage 1 (Performing),N,0.0043,0.78,22,Unsecured
L00527,C02489,BR07,Personal Loan,2026-01-28,60,13200,8.99,663,Fair (580-669),0.86,,Employee,Scotland,0,Stage 1 (Performing),N,0.0132,0.45,78,Unsecured
L00528,C01564,BR08,Credit Card,2025-05-19,24,4700,19.62,654,Fair (580-669),0.1,,Employee,South West,0,Stage 1 (Performing),N,0.0118,0.78,43,Unsecured
L00529,C00603,BR01,Mortgage,2024-06-07,300,273200,5.5,632,Fair (580-669),7.62,44.5,Retired,London,0,Stage 1 (Performing),N,0.0911,0.18,4480,Property
L00530,C02017,BR05,Personal Loan,2026-03-26,60,8500,9.28,619,Fair (580-669),0.43,,Property Investor,North East,0,Stage 1 (Performing),N,0.0234,0.45,90,Unsecured
L00531,C01463,BR07,Commercial Mortgage,2026-06-20,300,393500,5.33,681,Good (670-739),0.19,64.4,Hospitality,Scotland,0,Stage 1 (Performing),N,0.0058,0.18,411,Property
L00532,C00730,BR01,Credit Card,2025-01-17,12,6400,20.55,598,Fair (580-669),0.09,,Employee,London,45,Stage 2 (Significant increase in risk),N,0.0293,0.78,512,Unsecured
L00533,C01491,BR01,Personal Loan,2025-02-03,60,11200,9.47,651,Fair (580-669),0.63,,Retired,London,0,Stage 1 (Performing),N,0.0148,0.45,75,Unsecured
L00534,C01742,BR05,Overdraft,2024-12-14,12,2300,9.2,625,Fair (580-669),0.05,,Student,North East,0,Stage 1 (Performing),N,0.0138,0.78,25,Unsecured
L00535,C02247,BR03,Commercial Mortgage,2025-09-07,300,480700,5.28,679,Good (670-739),0.31,85.0,Hospitality,North West,0,Stage 1 (Performing),N,0.0062,0.18,536,Property
L00536,C02229,BR07,Mortgage,2025-07-13,300,262200,5.27,681,Good (670-739),4.11,72.3,Self-employed,Scotland,0,Stage 1 (Performing),N,0.0224,0.18,1057,Property
L00537,C02967,BR03,Personal Loan,2026-02-27,24,37400,10.32,585,Fair (580-669),1.52,,Self-employed,North West,45,Stage 2 (Significant increase in risk),N,0.0582,0.45,3428,Unsecured
L00538,C02822,BR07,Overdraft,2025-07-25,60,1700,8.68,717,Good (670-739),0.08,,Employee,Scotland,0,Stage 1 (Performing),N,0.0031,0.78,4,Unsecured
L00539,C00853,BR04,Personal Loan,2024-02-20,36,12800,8.15,773,Excellent (740+),0.63,,Self-employed,Midlands,0,Stage 1 (Performing),N,0.002,0.45,12,Unsecured
L00540,C00449,BR01,Commercial Mortgage,2025-01-18,300,1036000,5.5,640,Fair (580-669),0.33,77.4,Retail,London,0,Stage 1 (Performing),N,0.0119,0.18,2219,Property
L00541,C00213,BR03,Mortgage,2025-06-10,300,223900,5.28,674,Good (670-739),2.96,73.6,Self-employed,North West,0,Stage 1 (Performing),N,0.0169,0.18,681,Property
L00542,C00893,BR03,Invoice Finance,2024-06-28,60,71300,8.94,696,Good (670-739),0.05,,Retail,North West,0,Stage 1 (Performing),N,0.0043,0.45,138,Receivables
L00543,C02280,BR01,Personal Loan,2025-01-25,36,6300,9.5,634,Fair (580-669),0.08,,Employee,London,0,Stage 1 (Performing),N,0.0162,0.45,46,Unsecured
L00544,C01488,BR01,Personal Loan,2025-12-02,60,18600,8.79,709,Good (670-739),0.44,,Student,London,0,Stage 1 (Performing),N,0.0053,0.45,44,Unsecured
L00545,C00585,BR05,Personal Loan,2025-03-08,24,17800,8.11,796,Excellent (740+),0.42,,Employee,North East,0,Stage 1 (Performing),N,0.0012,0.45,10,Unsecured
L00546,C01547,BR08,Mortgage,2024-09-05,300,318300,4.46,771,Excellent (740+),9.0,58.4,Employee,South West,0,Stage 1 (Performing),N,0.0098,0.18,561,Property
L00547,C00725,BR04,Invoice Finance,2025-09-11,36,55500,8.77,716,Good (670-739),0.05,,Charity,Midlands,0,Stage 1 (Performing),N,0.0031,0.45,77,Receivables
L00548,C01846,BR05,SME Term Loan,2025-05-24,60,112400,9.13,655,Fair (580-669),0.14,,Import/Export,North East,0,Stage 1 (Performing),N,0.0087,0.45,440,Unsecured
L00549,C02726,BR06,Commercial Mortgage,2026-02-24,300,408800,6.16,596,Fair (580-669),1.52,65.4,Retail,Scotland,0,Stage 1 (Performing),N,0.0564,0.18,4150,Property
L00550,C00857,BR08,SME Term Loan,2025-06-25,36,139300,7.87,819,Excellent (740+),0.07,,Retail,South West,0,Stage 1 (Performing),N,0.0006,0.45,38,Unsecured
L00551,C02957,BR03,Overdraft,2025-11-15,60,2500,9.19,643,Fair (580-669),0.14,,Employee,North West,0,Stage 1 (Performing),N,0.0106,0.78,21,Unsecured
L00552,C02846,BR04,Mortgage,2024-10-17,300,313600,5.29,698,Good (670-739),3.69,57.7,Self-employed,Midlands,0,Stage 1 (Performing),N,0.0147,0.18,830,Property
L00553,C01545,BR08,Mortgage,2025-02-06,300,121500,6.19,591,Fair (580-669),2.16,100.1,Employee,South West,0,Stage 1 (Performing),N,0.0492,0.18,1076,Property
L00554,C01517,BR03,Overdraft,2024-12-14,60,2200,9.33,614,Fair (580-669),0.05,,Employee,North West,0,Stage 1 (Performing),N,0.0166,0.78,28,Unsecured
L00555,C00441,BR07,SME Term Loan,2024-07-20,24,26700,9.86,582,Fair (580-669),0.05,,Hospitality,Scotland,0,Stage 1 (Performing),N,0.0431,0.45,518,Unsecured
L00556,C02297,BR10,Credit Card,2025-09-29,24,3800,18.71,778,Excellent (740+),0.08,,Employee,Northern Ireland,0,Stage 1 (Performing),N,0.0015,0.78,4,Unsecured
L00557,C02636,BR01,Mortgage,2025-10-11,300,311500,6.16,625,Fair (580-669),8.48,68.6,Self-employed,London,15,Stage 1 (Performing),N,0.1013,0.18,5680,Property
L00558,C01133,BR09,Credit Card,2025-05-09,36,3600,18.78,768,Excellent (740+),0.08,,Retired,Wales,0,Stage 1 (Performing),N,0.0018,0.78,5,Unsecured
L00559,C01839,BR02,Mortgage,2026-04-12,300,630900,4.75,746,Excellent (740+),9.0,50.3,Employee,London,0,Stage 1 (Performing),N,0.0148,0.18,1681,Property
L00560,C02634,BR04,Mortgage,2024-07-14,300,141600,4.87,731,Good (670-739),3.06,60.2,Employee,Midlands,0,Stage 1 (Performing),N,0.0068,0.18,173,Property
L00561,C00408,BR10,SME Term Loan,2025-09-18,12,81900,8.54,734,Good (670-739),0.09,,Professional Services,Northern Ireland,0,Stage 1 (Performing),N,0.0023,0.45,85,Unsecured
L00562,C02740,BR10,Overdraft,2026-07-28,24,1700,9.49,653,Fair (580-669),0.09,,Self-employed,Northern Ireland,0,Stage 1 (Performing),N,0.0088,0.78,12,Unsecured
L00563,C00889,BR02,Overdraft,2024-07-22,36,2000,7.76,812,Excellent (740+),0.05,,Self-employed,London,0,Stage 1 (Performing),N,0.0006,0.78,1,Unsecured
L00564,C01244,BR09,Credit Card,2024-01-23,12,3300,19.76,674,Good (670-739),0.05,,Director,Wales,0,Stage 1 (Performing),N,0.0083,0.78,21,Unsecured
L00565,C01383,BR03,Credit Card,2025-03-19,24,2100,19.03,737,Good (670-739),0.05,,Self-employed,North West,0,Stage 1 (Performing),N,0.0029,0.78,5,Unsecured
L00566,C02295,BR02,Overdraft,2024-11-26,60,1600,10.52,530,Poor (300-579),0.05,,Employee,London,0,Stage 1 (Performing),N,0.064,0.78,80,Unsecured
L00567,C02245,BR07,SME Term Loan,2026-05-10,36,236000,8.24,767,Excellent (740+),0.36,,Construction,Scotland,0,Stage 1 (Performing),N,0.0015,0.45,159,Unsecured
L00568,C00973,BR03,Mortgage,2025-12-18,300,196300,5.2,701,Good (670-739),5.13,82.3,Self-employed,North West,0,Stage 1 (Performing),N,0.0229,0.18,809,Property
L00569,C01753,BR04,Credit Card,2024-03-02,24,6000,19.67,659,Fair (580-669),0.32,,Retired,Midlands,0,Stage 1 (Performing),N,0.0117,0.78,55,Unsecured
L00570,C02444,BR05,Mortgage,2024-07-31,300,125000,6.6,566,Poor (300-579),3.12,40.8,Retired,North East,0,Stage 1 (Performing),N,0.099,0.18,2228,Property
L00571,C00286,BR04,SME Term Loan,2025-02-11,24,90400,9.09,653,Fair (580-669),0.37,,Real Estate,Midlands,0,Stage 1 (Performing),N,0.0098,0.45,399,Unsecured
L00572,C01366,BR02,Personal Loan,2025-04-17,12,15300,8.01,792,Excellent (740+),0.31,,Employee,London,0,Stage 1 (Performing),N,0.0013,0.45,9,Unsecured
L00573,C00662,BR03,Mortgage,2025-03-02,300,204200,4.84,736,Good (670-739),5.79,69.3,Self-employed,North West,0,Stage 1 (Performing),N,0.0162,0.18,595,Property
L00574,C01116,BR02,Mortgage,2024-10-18,300,175400,5.65,615,Fair (580-669),3.59,59.7,Employee,London,100,Stage 3 (Credit-impaired),Y,0.0542,0.18,15401,Property
L00575,C02931,BR10,Invoice Finance,2025-12-06,12,55300,9.97,505,Poor (300-579),0.05,,Money Services,Northern Ireland,0,Stage 1 (Performing),N,0.1399,0.45,3481,Receivables
L00576,C01819,BR02,Personal Loan,2024-12-26,12,12200,9.47,625,Fair (580-669),0.51,,Property Investor,London,0,Stage 1 (Performing),N,0.0218,0.45,120,Unsecured
L00577,C00750,BR07,Invoice Finance,2025-07-27,24,87300,9.83,615,Fair (580-669),0.16,,Technology,Scotland,0,Stage 1 (Performing),N,0.0169,0.45,664,Receivables
L00578,C02360,BR06,Overdraft,2024-12-06,60,4300,9.71,586,Fair (580-669),0.09,,Property Investor,Scotland,0,Stage 1 (Performing),N,0.0265,0.78,89,Unsecured
L00579,C01204,BR01,Credit Card,2026-06-10,36,2200,19.48,672,Good (670-739),0.05,,Director,London,0,Stage 1 (Performing),N,0.0086,0.78,15,Unsecured
L00580,C02806,BR04,Overdraft,2024-09-16,24,1000,8.14,775,Excellent (740+),0.05,,Employee,Midlands,0,Stage 1 (Performing),N,0.0012,0.78,1,Unsecured
L00581,C00350,BR04,Personal Loan,2025-01-14,24,11000,8.98,694,Good (670-739),0.14,,Self-employed,Midlands,0,Stage 1 (Performing),N,0.0062,0.45,31,Unsecured
L00582,C02687,BR06,Credit Card,2025-09-10,60,4000,19.41,687,Good (670-739),0.1,,Employee,Scotland,0,Stage 1 (Performing),N,0.0068,0.78,21,Unsecured
L00583,C00915,BR02,Personal Loan,2026-04-25,60,16600,9.09,656,Fair (580-669),0.27,,Employee,London,0,Stage 1 (Performing),N,0.0121,0.45,90,Unsecured
L00584,C01851,BR06,Commercial Mortgage,2026-07-11,300,677900,5.94,608,Fair (580-669),2.81,79.9,Hospitality,Scotland,0,Stage 1 (Performing),N,0.0713,0.18,8700,Property
L00585,C02194,BR10,Mortgage,2025-09-29,300,163700,4.79,742,Excellent (740+),4.95,66.0,Employee,Northern Ireland,75,Stage 2 (Significant increase in risk),N,0.011,0.18,1134,Property
L00586,C01489,BR01,Credit Card,2025-04-24,24,10100,18.65,798,Excellent (740+),0.18,,Employee,London,0,Stage 1 (Performing),N,0.0011,0.78,9,Unsecured
L00587,C01289,BR02,SME Term Loan,2025-04-09,36,106700,9.5,649,Fair (580-669),0.37,,Technology,London,0,Stage 1 (Performing),N,0.0104,0.45,499,Unsecured
L00588,C01369,BR01,Commercial Mortgage,2024-12-06,300,190800,6.45,560,Poor (300-579),0.43,74.0,Construction,London,0,Stage 1 (Performing),N,0.0452,0.18,1552,Property
L00589,C02818,BR01,Invoice Finance,2025-04-15,12,92300,9.53,595,Fair (580-669),0.05,,Professional Services,London,0,Stage 1 (Performing),N,0.0226,0.45,939,Receivables
L00590,C01785,BR09,Mortgage,2025-11-02,300,249400,5.8,611,Fair (580-669),1.46,47.2,Employee,Wales,0,Stage 1 (Performing),N,0.0282,0.18,1266,Property
L00591,C01886,BR02,SME Term Loan,2025-12-27,12,108200,9.34,634,Fair (580-669),0.62,,Construction,London,0,Stage 1 (Performing),N,0.0145,0.45,706,Unsecured
L00592,C02503,BR07,Personal Loan,2025-02-16,12,5900,9.64,607,Fair (580-669),0.13,,Director,Scotland,0,Stage 1 (Performing),N,0.0256,0.45,68,Unsecured
L00593,C01866,BR04,Mortgage,2025-05-29,300,192300,5.99,637,Fair (580-669),9.0,95.7,Student,Midlands,0,Stage 1 (Performing),N,0.0845,0.18,2925,Property
L00594,C02073,BR05,Mortgage,2024-09-23,300,236600,5.3,694,Good (670-739),4.35,73.1,Property Investor,North East,0,Stage 1 (Performing),N,0.0196,0.18,835,Property
L00595,C01304,BR06,Mortgage,2025-06-05,300,205600,5.01,708,Good (670-739),2.24,80.9,Self-employed,Scotland,0,Stage 1 (Performing),N,0.0075,0.18,278,Property
L00596,C01832,BR01,Mortgage,2025-07-15,300,299500,5.34,687,Good (670-739),5.41,59.6,Employee,London,0,Stage 1 (Performing),N,0.0316,0.18,1704,Property
L00597,C00320,BR03,SME Term Loan,2025-08-29,24,166900,9.78,593,Fair (580-669),0.13,,Professional Services,North West,0,Stage 1 (Performing),N,0.024,0.45,1803,Unsecured
L00598,C00516,BR02,Business Overdraft,2025-06-01,60,49500,9.25,640,Fair (580-669),0.49,,Real Estate,London,150,Stage 3 (Credit-impaired),Y,0.0169,0.78,5873,Unsecured
L00599,C01786,BR01,Personal Loan,2026-02-10,60,21000,8.63,719,Good (670-739),0.94,,Self-employed,London,0,Stage 1 (Performing),N,0.0054,0.45,51,Unsecured
L00600,C00511,BR09,Personal Loan,2025-01-05,60,11200,9.06,683,Good (670-739),0.37,,Director,Wales,0,Stage 1 (Performing),N,0.008,0.45,40,Unsecured
L00601,C00801,BR01,Overdraft,2024-08-12,36,5400,9.29,673,Good (670-739),0.14,,Self-employed,London,0,Stage 1 (Performing),N,0.0065,0.78,27,Unsecured
L00602,C01889,BR04,Invoice Finance,2026-03-06,36,67500,9.32,607,Fair (580-669),0.06,,Retail,Midlands,0,Stage 1 (Performing),N,0.0187,0.45,568,Receivables
L00603,C02429,BR03,Invoice Finance,2025-03-14,24,88100,9.41,661,Fair (580-669),0.05,,Professional Services,North West,0,Stage 1 (Performing),N,0.0076,0.45,301,Receivables
L00604,C02106,BR01,Mortgage,2025-02-08,300,197600,6.03,629,Fair (580-669),2.74,87.5,Student,London,0,Stage 1 (Performing),N,0.0326,0.18,1160,Property
L00605,C02113,BR06,SME Term Loan,2025-05-13,12,51000,9.53,611,Fair (580-669),0.22,,Technology,Scotland,0,Stage 1 (Performing),N,0.0185,0.45,425,Unsecured
L00606,C01128,BR01,Mortgage,2026-08-10,300,79900,5.44,678,Good (670-739),2.72,94.8,Retired,London,0,Stage 1 (Performing),N,0.0146,0.18,210,Property
L00607,C02038,BR02,SME Term Loan,2025-04-12,36,103400,9.72,621,Fair (580-669),0.07,,Technology,London,0,Stage 1 (Performing),N,0.0232,0.45,1079,Unsecured
L00608,C01688,BR09,Mortgage,2026-04-22,300,162800,6.18,604,Fair (580-669),6.61,60.9,Employee,Wales,0,Stage 1 (Performing),N,0.1378,0.18,4038,Property
L00609,C01765,BR07,Mortgage,2025-01-02,300,219700,5.11,708,Good (670-739),4.85,72.1,Employee,Scotland,0,Stage 1 (Performing),N,0.0185,0.18,732,Property
L00610,C00356,BR05,Personal Loan,2025-12-13,60,17900,9.13,682,Good (670-739),0.87,,Employee,North East,0,Stage 1 (Performing),N,0.0097,0.45,78,Unsecured
L00611,C01083,BR04,Personal Loan,2025-07-27,60,6100,10.98,518,Poor (300-579),0.12,,Senior Public Official,Midlands,75,Stage 2 (Significant increase in risk),N,0.1534,0.45,1474,Unsecured
L00612,C00051,BR09,Commercial Mortgage,2024-10-13,300,191200,5.71,618,Fair (580-669),0.05,77.9,Crypto Assets,Wales,0,Stage 1 (Performing),N,0.0241,0.18,829,Property
L00613,C02052,BR10,Mortgage,2025-08-27,300,247500,5.49,664,Fair (580-669),4.71,64.9,Self-employed,Northern Ireland,0,Stage 1 (Performing),N,0.0361,0.18,1608,Property
L00614,C02426,BR02,Mortgage,2025-02-12,300,259500,4.91,730,Good (670-739),5.37,75.6,Employee,London,0,Stage 1 (Performing),N,0.0155,0.18,724,Property
L00615,C00063,BR08,Mortgage,2025-04-30,300,195000,5.35,657,Fair (580-669),9.0,73.3,Employee,South West,0,Stage 1 (Performing),N,0.062,0.18,2176,Property
L00616,C01707,BR03,Mortgage,2025-05-09,300,174200,6.41,567,Poor (300-579),1.98,65.2,Retired,North West,0,Stage 1 (Performing),N,0.0676,0.18,2120,Property
L00617,C00939,BR04,Personal Loan,2024-12-30,24,5900,10.21,581,Fair (580-669),0.11,,Employee,Midlands,0,Stage 1 (Performing),N,0.0387,0.45,103,Unsecured
L00618,C01916,BR02,Credit Card,2024-02-05,24,3900,22.01,476,Poor (300-579),0.1,,Employee,London,0,Stage 1 (Performing),N,0.1877,0.78,571,Unsecured
L00619,C02318,BR07,Credit Card,2025-06-02,24,2900,19.23,717,Good (670-739),0.07,,Self-employed,Scotland,0,Stage 1 (Performing),N,0.0041,0.78,9,Unsecured
L00620,C02901,BR02,SME Term Loan,2025-12-04,36,115400,9.28,655,Fair (580-669),0.56,,Technology,London,0,Stage 1 (Performing),N,0.0101,0.45,524,Unsecured
L00621,C02915,BR03,Mortgage,2024-08-03,300,336600,5.52,660,Fair (580-669),9.0,71.3,Employee,North West,0,Stage 1 (Performing),N,0.0592,0.18,3587,Property
L00622,C01585,BR03,Mortgage,2024-10-04,300,171800,5.41,660,Fair (580-669),4.94,66.8,Employee,North West,0,Stage 1 (Performing),N,0.0416,0.18,1286,Property
L00623,C00616,BR05,Personal Loan,2026-08-05,36,14500,9.03,674,Good (670-739),0.72,,Employee,North East,0,Stage 1 (Performing),N,0.0105,0.45,69,Unsecured
L00624,C02773,BR01,Mortgage,2026-03-18,300,239300,5.68,653,Fair (580-669),2.32,71.6,Employee,London,0,Stage 1 (Performing),N,0.0191,0.18,823,Property
L00625,C01156,BR04,SME Term Loan,2024-12-23,12,130100,9.7,634,Fair (580-669),0.85,,Technology,Midlands,0,Stage 1 (Performing),N,0.0157,0.45,919,Unsecured
L00626,C00413,BR03,Mortgage,2024-12-09,300,437400,5.34,694,Good (670-739),8.02,68.9,Self-employed,North West,0,Stage 1 (Performing),N,0.0344,0.18,2708,Property
L00627,C01359,BR08,SME Term Loan,2024-11-04,60,127800,11.33,495,Poor (300-579),0.13,,Money Services,South West,0,Stage 1 (Performing),N,0.165,0.45,9489,Unsecured
L00628,C01938,BR01,Personal Loan,2025-03-18,12,16500,8.07,796,Excellent (740+),0.69,,Employee,London,0,Stage 1 (Performing),N,0.0014,0.45,10,Unsecured
L00629,C00962,BR10,Personal Loan,2024-10-21,36,17100,8.75,707,Good (670-739),0.7,,Employee,Northern Ireland,0,Stage 1 (Performing),N,0.006,0.45,46,Unsecured
L00630,C02483,BR01,Personal Loan,2025-06-03,12,9900,8.97,668,Fair (580-669),0.29,,Employee,London,0,Stage 1 (Performing),N,0.01,0.45,45,Unsecured
L00631,C01845,BR07,SME Term Loan,2025-11-24,36,94900,7.94,789,Excellent (740+),0.08,,Charity,Scotland,0,Stage 1 (Performing),N,0.0009,0.45,38,Unsecured
L00632,C00591,BR01,Mortgage,2026-01-30,300,257100,3.6,868,Excellent (740+),9.0,63.9,Director,London,0,Stage 1 (Performing),N,0.002,0.18,93,Property
L00633,C02729,BR06,SME Term Loan,2024-09-19,60,165600,8.63,724,Good (670-739),0.08,,Professional Services,Scotland,0,Stage 1 (Performing),N,0.0027,0.45,201,Unsecured
L00634,C01660,BR01,Business Overdraft,2026-05-13,12,44700,8.09,781,Excellent (740+),0.06,,Professional Services,London,0,Stage 1 (Performing),N,0.0014,0.78,49,Unsecured
L00635,C00084,BR01,Personal Loan,2024-09-17,60,33200,10.08,596,Fair (580-669),0.24,,Self-employed,London,0,Stage 1 (Performing),N,0.0318,0.45,475,Unsecured
L00636,C00742,BR04,Commercial Mortgage,2026-05-07,300,258100,6.92,535,Poor (300-579),0.12,70.9,Import/Export,Midlands,0,Stage 1 (Performing),N,0.0918,0.18,4265,Property
L00637,C01798,BR09,Overdraft,2025-03-04,24,2500,10.02,527,Poor (300-579),0.05,,Employee,Wales,100,Stage 3 (Credit-impaired),Y,0.0671,0.78,1178,Unsecured
L00638,C01407,BR04,Invoice Finance,2025-09-25,24,27800,9.74,608,Fair (580-669),0.05,,Professional Services,Midlands,0,Stage 1 (Performing),N,0.0183,0.45,229,Receivables
L00639,C01635,BR08,SME Term Loan,2025-09-26,36,74800,9.2,626,Fair (580-669),0.19,,Construction,South West,0,Stage 1 (Performing),N,0.0222,0.45,747,Unsecured
L00640,C02150,BR07,Personal Loan,2024-12-15,60,5800,9.04,669,Fair (580-669),0.07,,Employee,Scotland,0,Stage 1 (Performing),N,0.0091,0.45,24,Unsecured
L00641,C01580,BR10,Mortgage,2024-10-01,300,371400,6.3,580,Fair (580-669),7.21,63.8,Retired,Northern Ireland,100,Stage 3 (Credit-impaired),Y,0.1926,0.18,115881,Property
L00642,C00401,BR01,Invoice Finance,2025-05-10,12,84200,8.4,750,Excellent (740+),0.35,,Hospitality,London,0,Stage 1 (Performing),N,0.0019,0.45,72,Receivables
L00643,C01205,BR02,SME Term Loan,2026-10-14,60,58800,7.81,835,Excellent (740+),0.05,,Technology,London,0,Stage 1 (Performing),N,0.0004,0.45,11,Unsecured
L00644,C02243,BR07,SME Term Loan,2025-07-22,60,110500,7.86,803,Excellent (740+),0.05,,Construction,Scotland,0,Stage 1 (Performing),N,0.0007,0.45,35,Unsecured
L00645,C00614,BR06,Business Overdraft,2025-05-07,36,34800,10.19,531,Poor (300-579),0.16,,Technology,Scotland,0,Stage 1 (Performing),N,0.0862,0.78,2340,Unsecured
L00646,C02246,BR08,Mortgage,2026-01-01,300,479600,4.7,756,Excellent (740+),3.45,63.6,Student,South West,0,Stage 1 (Performing),N,0.0052,0.18,449,Property
L00647,C01235,BR01,SME Term Loan,2024-10-06,60,137900,10.41,580,Fair (580-669),0.07,,Professional Services,London,0,Stage 1 (Performing),N,0.0291,0.45,1806,Unsecured
L00648,C01166,BR05,Commercial Mortgage,2026-02-23,300,445100,5.29,688,Good (670-739),0.16,57.6,Professional Services,North East,15,Stage 1 (Performing),N,0.0051,0.18,409,Property
L00649,C01201,BR04,Credit Card,2026-01-22,36,3800,18.93,747,Excellent (740+),0.11,,Employee,Midlands,0,Stage 1 (Performing),N,0.0025,0.78,7,Unsecured
L00650,C01949,BR10,Mortgage,2025-05-03,300,291500,4.35,805,Excellent (740+),1.43,55.9,Self-employed,Northern Ireland,0,Stage 1 (Performing),N,0.0011,0.18,58,Property
L00651,C00246,BR07,SME Term Loan,2025-12-12,60,109000,10.04,594,Fair (580-669),0.23,,Retail,Scotland,0,Stage 1 (Performing),N,0.0245,0.45,1202,Unsecured
L00652,C00223,BR01,Mortgage,2026-04-05,300,177900,5.23,673,Good (670-739),4.84,44.0,Self-employed,London,0,Stage 1 (Performing),N,0.0326,0.18,1044,Property
L00653,C00612,BR07,Personal Loan,2026-07-30,24,7000,9.42,609,Fair (580-669),0.21,,Director,Scotland,0,Stage 1 (Performing),N,0.0255,0.45,80,Unsecured
L00654,C02394,BR06,SME Term Loan,2025-10-06,36,152500,9.62,638,Fair (580-669),0.34,,Real Estate,Scotland,0,Stage 1 (Performing),N,0.0124,0.45,851,Unsecured
L00655,C00375,BR02,Credit Card,2025-02-11,36,2900,20.8,570,Poor (300-579),0.1,,Employee,London,0,Stage 1 (Performing),N,0.046,0.78,104,Unsecured
L00656,C02010,BR06,Overdraft,2025-10-15,24,2200,9.17,663,Fair (580-669),0.05,,Employee,Scotland,0,Stage 1 (Performing),N,0.0074,0.78,13,Unsecured
L00657,C01137,BR08,Mortgage,2024-09-30,300,315000,4.72,751,Excellent (740+),2.57,70.6,Employee,South West,0,Stage 1 (Performing),N,0.0041,0.18,232,Property
L00658,C01260,BR06,Credit Card,2026-07-12,60,3900,19.38,697,Good (670-739),0.09,,Employee,Scotland,0,Stage 1 (Performing),N,0.0058,0.78,18,Unsecured
L00659,C01315,BR02,Mortgage,2025-02-21,300,365800,5.06,706,Good (670-739),3.64,45.2,Property Investor,London,0,Stage 1 (Performing),N,0.0126,0.18,830,Property
L00660,C01546,BR04,Personal Loan,2026-01-17,12,7300,8.68,718,Good (670-739),0.44,,Retired,Midlands,0,Stage 1 (Performing),N,0.0046,0.45,15,Unsecured
L00661,C01261,BR02,Mortgage,2024-11-21,300,309800,4.7,754,Excellent (740+),9.0,55.1,Employee,London,0,Stage 1 (Performing),N,0.013,0.18,725,Property
L00662,C01405,BR09,SME Term Loan,2025-09-11,24,52500,9.48,655,Fair (580-669),0.2,,Charity,Wales,0,Stage 1 (Performing),N,0.0139,0.45,328,Unsecured
L00663,C01387,BR01,Invoice Finance,2026-08-18,24,30700,10.51,556,Poor (300-579),0.06,,Crypto Assets,London,0,Stage 1 (Performing),N,0.0426,0.45,589,Receivables
L00664,C02206,BR06,Mortgage,2025-02-02,300,138200,6.65,585,Fair (580-669),2.24,69.5,Employee,Scotland,0,Stage 1 (Performing),N,0.0556,0.18,1383,Property
L00665,C02830,BR01,Mortgage,2024-08-06,300,232200,4.85,734,Good (670-739),8.18,62.3,Self-employed,London,0,Stage 1 (Performing),N,0.018,0.18,752,Property
L00666,C01433,BR01,Credit Card,2025-06-04,36,3000,19.46,687,Good (670-739),0.06,,Property Investor,London,0,Stage 1 (Performing),N,0.0067,0.78,16,Unsecured
L00667,C02941,BR10,Personal Loan,2026-03-03,12,6500,7.93,796,Excellent (740+),0.41,,Director,Northern Ireland,0,Stage 1 (Performing),N,0.0012,0.45,4,Unsecured
L00668,C01028,BR01,Mortgage,2025-06-09,300,377000,4.65,753,Excellent (740+),6.25,102.8,Employee,London,0,Stage 1 (Performing),N,0.0132,0.18,896,Property
L00669,C01404,BR02,Mortgage,2025-02-14,300,143200,4.27,819,Excellent (740+),3.22,77.2,Employee,London,0,Stage 1 (Performing),N,0.0017,0.18,44,Property
L00670,C00968,BR06,Mortgage,2026-01-09,300,209400,4.84,734,Good (670-739),5.08,69.5,Employee,Scotland,0,Stage 1 (Performing),N,0.0131,0.18,494,Property
L00671,C02946,BR10,Invoice Finance,2025-05-03,12,67300,9.44,593,Fair (580-669),0.05,,Import/Export,Northern Ireland,0,Stage 1 (Performing),N,0.0234,0.45,709,Receivables
L00672,C01131,BR07,Overdraft,2026-02-27,36,2000,8.7,708,Good (670-739),0.05,,Employee,Scotland,0,Stage 1 (Performing),N,0.0035,0.78,5,Unsecured
L00673,C02365,BR08,Mortgage,2024-10-02,300,259100,5.57,635,Fair (580-669),7.81,53.2,Employee,South West,0,Stage 1 (Performing),N,0.0871,0.18,4062,Property
L00674,C00782,BR10,Credit Card,2026-04-06,12,5300,19.7,650,Fair (580-669),0.13,,Self-employed,Northern Ireland,0,Stage 1 (Performing),N,0.0127,0.78,53,Unsecured
L00675,C00823,BR02,Credit Card,2024-11-21,60,3800,19.11,727,Good (670-739),0.15,,Employee,London,0,Stage 1 (Performing),N,0.0036,0.78,11,Unsecured
L00676,C00606,BR03,Mortgage,2025-07-17,300,350900,5.41,680,Good (670-739),6.57,89.0,Employee,North West,0,Stage 1 (Performing),N,0.0431,0.18,2722,Property
L00677,C00491,BR05,SME Term Loan,2026-01-28,24,73000,8.88,704,Good (670-739),0.08,,Hospitality,North East,0,Stage 1 (Performing),N,0.0038,0.45,125,Unsecured
L00678,C00290,BR01,SME Term Loan,2025-03-30,36,59200,9.96,612,Fair (580-669),0.1,,Professional Services,London,0,Stage 1 (Performing),N,0.0174,0.45,464,Unsecured
L00679,C00465,BR02,Mortgage,2025-07-23,300,241300,3.87,826,Excellent (740+),5.45,72.3,Student,London,0,Stage 1 (Performing),N,0.0033,0.18,143,Property
L00680,C01436,BR04,Overdraft,2025-12-08,36,1600,9.4,626,Fair (580-669),0.05,,Self-employed,Midlands,0,Stage 1 (Performing),N,0.0136,0.78,17,Unsecured
L00681,C00567,BR04,Invoice Finance,2025-03-19,12,71100,8.4,748,Excellent (740+),0.05,,Professional Services,Midlands,0,Stage 1 (Performing),N,0.0018,0.45,58,Receivables
L00682,C02598,BR08,Credit Card,2024-11-04,36,3800,19.6,666,Fair (580-669),0.05,,Retired,South West,0,Stage 1 (Performing),N,0.0095,0.78,28,Unsecured
L00683,C00694,BR10,Credit Card,2024-10-09,12,3200,19.02,737,Good (670-739),0.05,,Employee,Northern Ireland,0,Stage 1 (Performing),N,0.0029,0.78,7,Unsecured
L00684,C01741,BR07,Mortgage,2024-10-05,300,285400,5.73,658,Fair (580-669),6.7,64.6,Retired,Scotland,0,Stage 1 (Performing),N,0.061,0.18,3134,Property
L00685,C02837,BR08,Credit Card,2025-11-12,24,5100,19.55,692,Good (670-739),0.45,,Employee,South West,0,Stage 1 (Performing),N,0.0071,0.78,28,Unsecured
L00686,C02669,BR07,Invoice Finance,2025-04-09,36,16000,11.96,336,Poor (300-579),0.06,,Import/Export,Scotland,15,Stage 1 (Performing),N,0.7319,0.45,5270,Receivables
L00687,C01329,BR09,SME Term Loan,2026-07-15,60,82400,9.16,647,Fair (580-669),0.34,,Technology,Wales,0,Stage 1 (Performing),N,0.0107,0.45,397,Unsecured
L00688,C02527,BR01,Mortgage,2025-06-26,300,234400,4.21,815,Excellent (740+),4.09,48.3,Retired,London,0,Stage 1 (Performing),N,0.0024,0.18,101,Property
L00689,C02963,BR07,Personal Loan,2025-02-03,12,14900,8.83,712,Good (670-739),0.27,,Employee,Scotland,0,Stage 1 (Performing),N,0.0048,0.45,32,Unsecured
L00690,C01697,BR01,Personal Loan,2026-03-14,24,9400,8.73,705,Good (670-739),0.17,,Retired,London,0,Stage 1 (Performing),N,0.0052,0.45,22,Unsecured
L00691,C01670,BR01,SME Term Loan,2025-11-24,12,56900,8.9,701,Good (670-739),0.05,,Retail,London,0,Stage 1 (Performing),N,0.0039,0.45,100,Unsecured
L00692,C02498,BR08,Credit Card,2025-01-31,24,4200,18.2,868,Excellent (740+),0.2,,Employee,South West,0,Stage 1 (Performing),N,0.0003,0.78,1,Unsecured
L00693,C01676,BR04,Mortgage,2025-08-07,300,298700,5.97,622,Fair (580-669),6.79,44.3,Employee,Midlands,0,Stage 1 (Performing),N,0.1059,0.18,5694,Property
L00694,C02129,BR03,Credit Card,2026-02-10,60,1600,20.16,633,Fair (580-669),0.05,,Property Investor,North West,0,Stage 1 (Performing),N,0.0163,0.78,20,Unsecured
L00695,C00909,BR02,SME Term Loan,2025-08-30,60,48500,9.78,607,Fair (580-669),0.86,,Import/Export,London,0,Stage 1 (Performing),N,0.0245,0.45,535,Unsecured
L00696,C00851,BR03,Mortgage,2024-04-12,300,169200,4.75,748,Excellent (740+),6.54,84.0,Employee,North West,0,Stage 1 (Performing),N,0.0143,0.18,436,Property
L00697,C01946,BR07,Mortgage,2024-11-27,300,69000,5.38,649,Fair (580-669),2.46,87.5,Employee,Scotland,0,Stage 1 (Performing),N,0.0214,0.18,266,Property
L00698,C01548,BR02,SME Term Loan,2026-03-15,36,72700,11.1,449,Poor (300-579),1.33,,Precious Metals,London,15,Stage 1 (Performing),N,0.3931,0.45,12860,Unsecured
L00699,C01027,BR02,Mortgage,2024-08-13,300,318000,7.0,532,Poor (300-579),1.92,28.7,Employee,London,0,Stage 1 (Performing),N,0.1129,0.18,6462,Property
L00700,C01044,BR07,Invoice Finance,2026-01-12,12,37300,8.86,686,Good (670-739),0.23,,Retail,Scotland,0,Stage 1 (Performing),N,0.0054,0.45,91,Receivables
L00701,C02165,BR02,Credit Card,2026-01-05,36,4300,19.22,714,Good (670-739),0.12,,Property Investor,London,0,Stage 1 (Performing),N,0.0044,0.78,15,Unsecured
L00702,C02641,BR05,Personal Loan,2025-10-10,12,8100,8.27,760,Excellent (740+),0.28,,Employee,North East,0,Stage 1 (Performing),N,0.0022,0.45,8,Unsecured
L00703,C00555,BR09,Commercial Mortgage,2025-08-27,300,507600,5.73,587,Fair (580-669),0.09,68.1,Construction,Wales,0,Stage 1 (Performing),N,0.0261,0.18,2385,Property
L00704,C01924,BR07,Mortgage,2025-10-15,300,294300,6.03,636,Fair (580-669),7.13,90.8,Retired,Scotland,15,Stage 1 (Performing),N,0.0858,0.18,4545,Property
L00705,C00638,BR10,Credit Card,2026-05-02,36,7200,19.56,661,Fair (580-669),0.42,,Employee,Northern Ireland,0,Stage 1 (Performing),N,0.0117,0.78,66,Unsecured
L00706,C01348,BR10,Personal Loan,2025-06-29,24,12400,8.79,699,Good (670-739),0.13,,Employee,Northern Ireland,0,Stage 1 (Performing),N,0.0056,0.45,31,Unsecured
L00707,C00815,BR02,Invoice Finance,2024-11-04,36,96100,8.6,731,Good (670-739),0.16,,Charity,London,0,Stage 1 (Performing),N,0.0025,0.45,108,Receivables
L00708,C02422,BR02,Credit Card,2025-01-17,12,4800,19.63,687,Good (670-739),0.12,,Employee,London,0,Stage 1 (Performing),N,0.0069,0.78,26,Unsecured
L00709,C01062,BR02,Personal Loan,2025-05-23,60,9700,9.67,628,Fair (580-669),0.1,,Employee,London,0,Stage 1 (Performing),N,0.018,0.45,79,Unsecured
L00710,C02035,BR02,Personal Loan,2025-01-22,36,23200,8.66,713,Good (670-739),0.95,,Employee,London,0,Stage 1 (Performing),N,0.006,0.45,63,Unsecured
L00711,C02719,BR05,Mortgage,2024-06-28,300,168200,5.32,666,Fair (580-669),5.78,56.7,Employee,North East,0,Stage 1 (Performing),N,0.05,0.18,1514,Property
L00712,C00916,BR02,Credit Card,2024-10-02,24,4300,18.74,762,Excellent (740+),0.1,,Employee,London,0,Stage 1 (Performing),N,0.002,0.78,7,Unsecured
L00713,C01121,BR05,Credit Card,2026-03-10,60,12000,18.23,822,Excellent (740+),0.28,,Self-employed,North East,0,Stage 1 (Performing),N,0.0008,0.78,7,Unsecured
L00714,C01511,BR06,Credit Card,2025-09-08,36,5900,19.35,708,Good (670-739),0.12,,Employee,Scotland,0,Stage 1 (Performing),N,0.0048,0.78,22,Unsecured
L00715,C02440,BR02,Mortgage,2024-11-05,300,152100,6.09,621,Fair (580-669),9.0,80.4,Employee,London,0,Stage 1 (Performing),N,0.1075,0.18,2943,Property
L00716,C02055,BR10,Personal Loan,2026-04-04,12,13700,7.3,867,Excellent (740+),0.27,,Employee,Northern Ireland,0,Stage 1 (Performing),N,0.0004,0.45,2,Unsecured
L00717,C02076,BR02,Credit Card,2024-09-13,24,3100,18.97,744,Excellent (740+),0.1,,Self-employed,London,0,Stage 1 (Performing),N,0.0026,0.78,6,Unsecured
L00718,C02809,BR01,Invoice Finance,2025-02-19,60,56200,9.63,597,Fair (580-669),0.28,,Money Services,London,0,Stage 1 (Performing),N,0.0367,0.45,928,Receivables
L00719,C01853,BR06,SME Term Loan,2025-04-13,24,48300,9.53,648,Fair (580-669),0.1,,Construction,Scotland,0,Stage 1 (Performing),N,0.0096,0.45,209,Unsecured
L00720,C00082,BR04,Commercial Mortgage,2025-01-04,300,462900,6.78,572,Poor (300-579),2.34,53.5,Real Estate,Midlands,150,Stage 3 (Credit-impaired),Y,0.1061,0.18,79564,Property
L00721,C02104,BR09,Mortgage,2026-05-01,300,109600,5.05,706,Good (670-739),1.44,57.8,Employee,Wales,0,Stage 1 (Performing),N,0.0059,0.18,116,Property
L00722,C01644,BR03,SME Term Loan,2024-04-01,12,112100,8.72,718,Good (670-739),0.05,,Professional Services,North West,0,Stage 1 (Performing),N,0.003,0.45,151,Unsecured
L00723,C00650,BR01,Invoice Finance,2024-08-09,24,70900,11.55,454,Poor (300-579),0.05,,Import/Export,London,150,Stage 3 (Credit-impaired),Y,0.2757,0.45,79166,Receivables
L00724,C01792,BR02,SME Term Loan,2025-01-29,12,138700,9.56,590,Fair (580-669),0.19,,Import/Export,London,0,Stage 1 (Performing),N,0.0257,0.45,1604,Unsecured
L00725,C00494,BR04,Credit Card,2025-02-14,60,10900,19.43,694,Good (670-739),0.38,,Property Investor,Midlands,0,Stage 1 (Performing),N,0.0067,0.78,57,Unsecured
L00726,C01543,BR10,Mortgage,2024-09-23,300,104600,5.1,710,Good (670-739),2.66,57.6,Self-employed,Northern Ireland,0,Stage 1 (Performing),N,0.0084,0.18,158,Property
L00727,C01943,BR06,Mortgage,2024-07-29,300,128600,5.02,714,Good (670-739),2.07,73.4,Property Investor,Scotland,0,Stage 1 (Performing),N,0.0064,0.18,148,Property
L00728,C00107,BR01,Credit Card,2024-11-13,12,2600,19.58,670,Good (670-739),0.05,,Student,London,0,Stage 1 (Performing),N,0.0089,0.78,18,Unsecured
L00729,C02835,BR01,Mortgage,2024-10-03,300,170400,6.13,572,Poor (300-579),2.05,90.0,Student,London,75,Stage 2 (Significant increase in risk),N,0.064,0.18,6871,Property
L00730,C02494,BR05,Personal Loan,2025-12-29,60,17800,10.25,572,Poor (300-579),0.1,,Employee,North East,0,Stage 1 (Performing),N,0.0446,0.45,357,Unsecured
L00731,C01456,BR02,SME Term Loan,2024-07-19,36,81600,11.08,513,Poor (300-579),0.05,,Real Estate,London,0,Stage 1 (Performing),N,0.1246,0.45,4575,Unsecured
L00732,C02686,BR01,Personal Loan,2025-02-10,24,9200,8.8,709,Good (670-739),0.1,,Self-employed,London,0,Stage 1 (Performing),N,0.0047,0.45,19,Unsecured
L00733,C01560,BR03,Mortgage,2025-09-08,300,132400,5.15,686,Good (670-739),2.38,71.5,Self-employed,North West,0,Stage 1 (Performing),N,0.0114,0.18,272,Property
L00734,C01730,BR09,Credit Card,2024-10-15,24,3000,17.97,839,Excellent (740+),0.06,,Retired,Wales,0,Stage 1 (Performing),N,0.0005,0.78,1,Unsecured
L00735,C02517,BR07,Credit Card,2026-07-07,12,3300,19.55,673,Good (670-739),0.07,,Employee,Scotland,0,Stage 1 (Performing),N,0.0085,0.78,22,Unsecured
L00736,C02953,BR02,Personal Loan,2024-07-09,12,11400,9.16,683,Good (670-739),0.31,,Employee,London,0,Stage 1 (Performing),N,0.0078,0.45,40,Unsecured
L00737,C02122,BR02,Mortgage,2025-11-05,300,115500,6.1,591,Fair (580-669),1.73,55.2,Employee,London,15,Stage 1 (Performing),N,0.0426,0.18,886,Property
L00738,C01370,BR03,Personal Loan,2025-06-14,60,11600,8.23,768,Excellent (740+),0.26,,Employee,North West,0,Stage 1 (Performing),N,0.0019,0.45,10,Unsecured
L00739,C01015,BR08,Commercial Mortgage,2026-03-26,300,540900,6.47,566,Poor (300-579),2.18,59.3,Crypto Assets,South West,0,Stage 1 (Performing),N,0.1104,0.18,10749,Property
L00740,C02905,BR06,Mortgage,2025-02-09,300,256800,6.94,552,Poor (300-579),8.11,48.8,Employee,Scotland,100,Stage 3 (Credit-impaired),Y,0.3736,0.18,155424,Property
L00741,C02216,BR06,Mortgage,2025-10-07,300,125500,5.66,655,Fair (580-669),2.77,62.6,Employee,Scotland,0,Stage 1 (Performing),N,0.0216,0.18,488,Property
L00742,C00169,BR07,Mortgage,2026-05-09,300,317500,5.12,706,Good (670-739),4.13,69.4,Employee,Scotland,0,Stage 1 (Performing),N,0.015,0.18,857,Property
L00743,C01602,BR02,Commercial Mortgage,2025-09-16,300,601700,5.99,615,Fair (580-669),1.83,58.9,Technology,London,0,Stage 1 (Performing),N,0.03,0.18,3249,Property
L00744,C00059,BR03,SME Term Loan,2025-06-12,24,108500,8.06,786,Excellent (740+),0.27,,Professional Services,North West,0,Stage 1 (Performing),N,0.001,0.45,49,Unsecured
L00745,C00464,BR05,Personal Loan,2024-06-17,12,6900,9.5,643,Fair (580-669),0.11,,Employee,North East,0,Stage 1 (Performing),N,0.0141,0.45,44,Unsecured
L00746,C00257,BR04,Invoice Finance,2025-06-14,60,30900,9.31,670,Good (670-739),0.1,,Construction,Midlands,0,Stage 1 (Performing),N,0.0067,0.45,93,Receivables
L00747,C01687,BR08,Personal Loan,2025-07-13,36,12200,9.15,663,Fair (580-669),0.11,,Employee,South West,0,Stage 1 (Performing),N,0.0102,0.45,56,Unsecured
L00748,C00342,BR01,Credit Card,2025-03-16,60,2500,18.98,742,Excellent (740+),0.12,,Self-employed,London,0,Stage 1 (Performing),N,0.0028,0.78,5,Unsecured
L00749,C01070,BR06,Mortgage,2026-01-23,300,120500,4.98,723,Good (670-739),2.47,69.6,Employee,Scotland,0,Stage 1 (Performing),N,0.0064,0.18,139,Property
L00750,C01045,BR07,Mortgage,2026-01-02,300,328000,6.05,629,Fair (580-669),5.62,83.3,Senior Public Official,Scotland,75,Stage 2 (Significant increase in risk),N,0.1264,0.18,26119,Property
L00751,C01653,BR05,SME Term Loan,2025-06-19,24,142900,9.18,678,Good (670-739),0.06,,Money Services,North East,0,Stage 1 (Performing),N,0.0058,0.45,373,Unsecured
L00752,C02461,BR07,Mortgage,2025-03-21,300,293200,5.42,680,Good (670-739),9.0,55.0,Employee,Scotland,15,Stage 1 (Performing),N,0.0431,0.18,2275,Property
L00753,C00291,BR03,Mortgage,2025-04-27,300,395800,5.14,704,Good (670-739),9.0,86.9,Self-employed,North West,0,Stage 1 (Performing),N,0.0293,0.18,2087,Property
L00754,C01955,BR04,Mortgage,2025-11-29,300,329600,5.04,704,Good (670-739),9.0,56.0,Employee,Midlands,45,Stage 2 (Significant increase in risk),N,0.0293,0.18,6084,Property
L00755,C01098,BR02,Mortgage,2025-04-24,300,130600,4.84,734,Good (670-739),2.15,82.3,Retired,London,0,Stage 1 (Performing),N,0.0047,0.18,110,Property
L00756,C01672,BR04,SME Term Loan,2025-07-20,24,158800,8.61,724,Good (670-739),2.92,,Construction,Midlands,0,Stage 1 (Performing),N,0.0073,0.45,522,Unsecured
L00757,C01010,BR08,Credit Card,2025-07-15,60,4200,20.61,588,Fair (580-669),0.05,,Self-employed,South West,0,Stage 1 (Performing),N,0.0339,0.78,111,Unsecured
L00758,C00992,BR05,Mortgage,2025-03-05,300,268100,5.26,668,Fair (580-669),9.0,66.0,Self-employed,North East,0,Stage 1 (Performing),N,0.0522,0.18,2519,Property
L00759,C01093,BR08,SME Term Loan,2026-04-22,60,192000,9.59,592,Fair (580-669),1.34,,Technology,South West,0,Stage 1 (Performing),N,0.0368,0.45,3180,Unsecured
L00760,C00589,BR02,Invoice Finance,2026-03-11,60,73100,10.15,573,Poor (300-579),0.18,,Retail,London,0,Stage 1 (Performing),N,0.0338,0.45,1112,Receivables
L00761,C00029,BR03,Mortgage,2025-11-06,300,446000,4.36,792,Excellent (740+),9.0,44.1,Retired,North West,0,Stage 1 (Performing),N,0.0069,0.18,554,Property
L00762,C02909,BR05,Personal Loan,2025-11-25,36,12300,8.12,802,Excellent (740+),0.36,,Employee,North East,0,Stage 1 (Performing),N,0.0011,0.45,6,Unsecured
L00763,C02333,BR01,Mortgage,2025-05-10,300,185200,4.37,777,Excellent (740+),2.36,68.1,Employee,London,0,Stage 1 (Performing),N,0.0025,0.18,83,Property
L00764,C00601,BR02,Personal Loan,2025-05-16,36,8700,8.5,740,Excellent (740+),0.13,,Employee,London,0,Stage 1 (Performing),N,0.0029,0.45,11,Unsecured
L00765,C02074,BR03,Personal Loan,2025-09-13,60,11300,8.11,805,Excellent (740+),0.38,,Employee,North West,0,Stage 1 (Performing),N,0.0011,0.45,6,Unsecured
L00766,C01478,BR10,Commercial Mortgage,2025-05-31,300,197100,6.3,582,Fair (580-669),0.12,69.1,Charity,Northern Ireland,0,Stage 1 (Performing),N,0.0286,0.18,1015,Property
L00767,C02095,BR01,Mortgage,2024-09-08,300,213800,4.22,790,Excellent (740+),2.55,84.0,Retired,London,0,Stage 1 (Performing),N,0.0021,0.18,81,Property
L00768,C01622,BR09,Credit Card,2025-08-29,24,3800,20.22,558,Poor (300-579),0.07,,Employee,Wales,0,Stage 1 (Performing),N,0.0551,0.78,163,Unsecured
L00769,C02501,BR04,Personal Loan,2025-09-19,60,9400,8.76,711,Good (670-739),0.31,,Self-employed,Midlands,0,Stage 1 (Performing),N,0.0049,0.45,21,Unsecured
L00770,C00582,BR07,Personal Loan,2025-01-06,24,4400,8.76,708,Good (670-739),0.08,,Student,Scotland,0,Stage 1 (Performing),N,0.0048,0.45,10,Unsecured
L00771,C00394,BR03,Mortgage,2025-06-02,300,83700,4.85,736,Good (670-739),1.58,97.8,Self-employed,North West,0,Stage 1 (Performing),N,0.0038,0.18,57,Property
L00772,C00710,BR03,SME Term Loan,2025-01-23,12,130400,8.46,746,Excellent (740+),0.19,,Construction,North West,0,Stage 1 (Performing),N,0.002,0.45,117,Unsecured
L00773,C01114,BR02,Mortgage,2025-11-12,300,142900,4.74,750,Excellent (740+),5.75,96.2,Employee,London,0,Stage 1 (Performing),N,0.0127,0.18,327,Property
L00774,C00766,BR06,SME Term Loan,2024-08-04,24,175900,9.27,651,Fair (580-669),0.7,,Technology,Scotland,0,Stage 1 (Performing),N,0.0113,0.45,894,Unsecured
L00775,C02582,BR07,SME Term Loan,2026-03-01,24,68900,9.28,652,Fair (580-669),0.38,,Hospitality,Scotland,0,Stage 1 (Performing),N,0.0099,0.45,307,Unsecured
L00776,C00632,BR05,Credit Card,2025-10-22,36,4700,19.83,641,Fair (580-669),0.05,,Self-employed,North East,0,Stage 1 (Performing),N,0.0143,0.78,52,Unsecured
L00777,C02386,BR05,Personal Loan,2025-12-05,12,6300,8.8,709,Good (670-739),0.07,,Employee,North East,0,Stage 1 (Performing),N,0.0047,0.45,13,Unsecured
L00778,C00689,BR01,Invoice Finance,2024-10-19,36,45000,9.46,615,Fair (580-669),0.07,,Construction,London,0,Stage 1 (Performing),N,0.0164,0.45,332,Receivables
L00779,C01001,BR06,Mortgage,2025-08-04,300,199100,6.38,588,Fair (580-669),3.99,61.1,Director,Scotland,75,Stage 2 (Significant increase in risk),N,0.0936,0.18,11741,Property
L00780,C02100,BR03,Personal Loan,2024-05-22,36,15600,8.27,767,Excellent (740+),0.29,,Employee,North West,0,Stage 1 (Performing),N,0.0019,0.45,13,Unsecured
L00781,C01100,BR03,Business Overdraft,2025-02-02,12,53300,9.94,619,Fair (580-669),0.86,,Construction,North West,0,Stage 1 (Performing),N,0.0271,0.78,1127,Unsecured
L00782,C00379,BR06,Personal Loan,2024-08-18,12,18500,8.99,665,Fair (580-669),1.15,,Employee,Scotland,0,Stage 1 (Performing),N,0.0141,0.45,117,Unsecured
L00783,C02690,BR09,Personal Loan,2025-08-01,60,6200,9.41,647,Fair (580-669),0.08,,Retired,Wales,0,Stage 1 (Performing),N,0.0131,0.45,37,Unsecured
L00784,C00998,BR07,Commercial Mortgage,2026-05-11,300,421100,6.48,507,Poor (300-579),1.08,61.7,Crypto Assets,Scotland,0,Stage 1 (Performing),N,0.1841,0.18,13954,Property
L00785,C00113,BR03,Mortgage,2024-05-16,300,203900,4.8,740,Excellent (740+),5.71,49.8,Property Investor,North West,0,Stage 1 (Performing),N,0.0148,0.18,543,Property
L00786,C01236,BR08,Invoice Finance,2024-10-24,24,45000,10.62,511,Poor (300-579),0.05,,Crypto Assets,South West,45,Stage 2 (Significant increase in risk),N,0.1283,0.45,9093,Receivables
L00787,C01158,BR01,SME Term Loan,2026-02-21,24,123800,9.57,598,Fair (580-669),0.22,,Hospitality,London,0,Stage 1 (Performing),N,0.0228,0.45,1270,Unsecured
L00788,C02425,BR07,SME Term Loan,2026-01-02,24,193200,9.73,593,Fair (580-669),0.33,,Technology,Scotland,0,Stage 1 (Performing),N,0.0257,0.45,2234,Unsecured
L00789,C02022,BR02,Personal Loan,2025-09-13,60,9800,9.53,627,Fair (580-669),0.19,,Employee,London,0,Stage 1 (Performing),N,0.0189,0.45,83,Unsecured
L00790,C00301,BR04,Mortgage,2025-07-09,300,363700,6.25,591,Fair (580-669),9.0,74.9,Employee,Midlands,15,Stage 1 (Performing),N,0.1657,0.18,10848,Property
L00791,C01504,BR09,SME Term Loan,2024-09-06,60,178000,8.92,703,Good (670-739),0.22,,Crypto Assets,Wales,0,Stage 1 (Performing),N,0.004,0.45,320,Unsecured
L00792,C02197,BR03,SME Term Loan,2026-03-26,60,58900,8.12,780,Excellent (740+),0.28,,Retail,North West,0,Stage 1 (Performing),N,0.0011,0.45,29,Unsecured
L00793,C02181,BR02,Mortgage,2025-12-08,300,488800,6.41,598,Fair (580-669),9.0,54.7,Director,London,0,Stage 1 (Performing),N,0.1502,0.18,13215,Property
L00794,C01438,BR08,Commercial Mortgage,2026-01-04,300,897500,4.71,749,Excellent (740+),0.55,83.1,Real Estate,South West,0,Stage 1 (Performing),N,0.0021,0.18,339,Property
L00795,C01749,BR05,Mortgage,2025-09-16,300,251400,3.97,828,Excellent (740+),3.06,66.8,Retired,North East,0,Stage 1 (Performing),N,0.0014,0.18,63,Property
L00796,C02871,BR10,Personal Loan,2025-08-16,12,25900,9.86,542,Poor (300-579),3.51,,Employee,Northern Ireland,75,Stage 2 (Significant increase in risk),N,0.2024,0.45,8256,Unsecured
L00797,C02763,BR04,Mortgage,2026-03-25,300,246400,4.91,729,Good (670-739),4.64,70.7,Employee,Midlands,0,Stage 1 (Performing),N,0.0122,0.18,541,Property
L00798,C00868,BR07,Mortgage,2025-05-25,300,369600,5.53,679,Good (670-739),9.0,79.0,Employee,Scotland,0,Stage 1 (Performing),N,0.0438,0.18,2914,Property
L00799,C01032,BR03,Personal Loan,2024-12-26,12,16100,8.38,757,Excellent (740+),0.2,,Self-employed,North West,0,Stage 1 (Performing),N,0.0022,0.45,16,Unsecured
L00800,C02145,BR01,Personal Loan,2025-01-10,36,8100,11.18,493,Poor (300-579),0.19,,Retired,London,0,Stage 1 (Performing),N,0.1523,0.45,555,Unsecured
L00801,C01421,BR08,Mortgage,2025-12-14,300,247600,4.77,743,Excellent (740+),2.79,71.3,Employee,South West,0,Stage 1 (Performing),N,0.0051,0.18,227,Property
L00802,C01611,BR03,SME Term Loan,2026-06-14,12,88100,9.32,613,Fair (580-669),0.06,,Real Estate,North West,0,Stage 1 (Performing),N,0.0169,0.45,670,Unsecured
L00803,C02470,BR03,Business Overdraft,2024-04-02,12,20000,9.59,593,Fair (580-669),0.25,,Money Services,North West,0,Stage 1 (Performing),N,0.0515,0.78,803,Unsecured
L00804,C00457,BR07,Personal Loan,2025-08-23,24,7100,8.85,701,Good (670-739),0.42,,Employee,Scotland,0,Stage 1 (Performing),N,0.006,0.45,19,Unsecured
L00805,C02124,BR02,Mortgage,2024-07-17,300,154900,6.19,533,Poor (300-579),1.53,63.8,Employee,London,0,Stage 1 (Performing),N,0.0985,0.18,2746,Property
L00806,C01640,BR02,Commercial Mortgage,2025-04-01,300,241100,6.0,556,Poor (300-579),0.3,85.5,Money Services,London,0,Stage 1 (Performing),N,0.0705,0.18,3060,Property
L00807,C02814,BR01,Mortgage,2025-02-08,300,367200,5.14,699,Good (670-739),5.5,48.7,Employee,London,0,Stage 1 (Performing),N,0.0268,0.18,1771,Property
L00808,C02680,BR10,Mortgage,2025-07-23,300,91100,4.79,741,Excellent (740+),1.44,57.0,Director,Northern Ireland,0,Stage 1 (Performing),N,0.0033,0.18,54,Property
L00809,C01029,BR05,Personal Loan,2025-06-06,36,12400,8.66,719,Good (670-739),0.48,,Employee,North East,0,Stage 1 (Performing),N,0.0046,0.45,26,Unsecured
L00810,C00574,BR06,Business Overdraft,2025-03-24,24,19000,10.02,612,Fair (580-669),0.05,,Retail,Scotland,0,Stage 1 (Performing),N,0.0356,0.78,528,Unsecured
L00811,C00877,BR02,Personal Loan,2025-06-06,24,6800,9.17,645,Fair (580-669),0.17,,Self-employed,London,0,Stage 1 (Performing),N,0.014,0.45,43,Unsecured
L00812,C00672,BR06,Personal Loan,2024-12-15,24,16600,8.42,749,Excellent (740+),0.45,,Student,Scotland,0,Stage 1 (Performing),N,0.0028,0.45,21,Unsecured
L00813,C00216,BR02,Mortgage,2025-09-06,300,153600,5.86,646,Fair (580-669),7.36,77.5,Employee,London,15,Stage 1 (Performing),N,0.0736,0.18,2035,Property
L00814,C00129,BR04,Mortgage,2024-09-21,300,379000,5.2,693,Good (670-739),5.72,69.1,Employee,Midlands,0,Stage 1 (Performing),N,0.0318,0.18,2169,Property
L00815,C01867,BR07,Commercial Mortgage,2024-09-30,300,387600,6.07,627,Fair (580-669),1.28,70.7,Retail,Scotland,0,Stage 1 (Performing),N,0.0205,0.18,1430,Property
L00816,C00028,BR08,Mortgage,2026-01-03,300,255700,5.3,687,Good (670-739),8.71,60.4,Employee,South West,0,Stage 1 (Performing),N,0.0385,0.18,1772,Property
L00817,C00529,BR01,Personal Loan,2025-08-19,60,11300,8.79,709,Good (670-739),1.27,,Property Investor,London,0,Stage 1 (Performing),N,0.0071,0.45,36,Unsecured
L00818,C00196,BR02,SME Term Loan,2026-03-29,60,127300,10.82,527,Poor (300-579),0.05,,Crypto Assets,London,75,Stage 2 (Significant increase in risk),N,0.0671,0.45,13453,Unsecured
L00819,C02668,BR05,Mortgage,2025-07-31,300,335900,5.47,677,Good (670-739),6.64,73.4,Student,North East,0,Stage 1 (Performing),N,0.0452,0.18,2733,Property
L00820,C00793,BR08,Mortgage,2025-05-09,300,179700,5.65,615,Fair (580-669),1.18,77.3,Self-employed,South West,0,Stage 1 (Performing),N,0.024,0.18,776,Property
L00821,C00981,BR07,Personal Loan,2024-07-01,36,12000,8.28,764,Excellent (740+),0.28,,Employee,Scotland,0,Stage 1 (Performing),N,0.002,0.45,11,Unsecured
L00822,C02899,BR04,Invoice Finance,2024-09-27,24,132500,8.64,728,Good (670-739),0.1,,Import/Export,Midlands,0,Stage 1 (Performing),N,0.0026,0.45,155,Receivables
L00823,C00974,BR07,Commercial Mortgage,2024-03-13,300,324400,6.37,538,Poor (300-579),0.12,70.5,Retail,Scotland,0,Stage 1 (Performing),N,0.0578,0.18,3375,Property
L00824,C01711,BR05,Personal Loan,2026-07-04,36,27100,9.87,542,Poor (300-579),1.13,,Employee,North East,0,Stage 1 (Performing),N,0.0993,0.45,1211,Unsecured
L00825,C01516,BR07,Personal Loan,2026-08-04,36,10100,8.78,716,Good (670-739),0.21,,Property Investor,Scotland,0,Stage 1 (Performing),N,0.0044,0.45,20,Unsecured
L00826,C02316,BR04,Mortgage,2026-10-11,300,171200,5.6,659,Fair (580-669),2.45,76.3,Employee,Midlands,0,Stage 1 (Performing),N,0.0181,0.18,558,Property
L00827,C00569,BR02,Mortgage,2026-01-22,300,102900,6.58,574,Poor (300-579),3.32,84.5,Employee,London,100,Stage 3 (Credit-impaired),Y,0.0935,0.18,15586,Property
L00828,C01831,BR02,Overdraft,2025-12-01,12,1700,7.32,860,Excellent (740+),0.05,,Employee,London,0,Stage 1 (Performing),N,0.0003,0.78,0,Unsecured
L00829,C01505,BR01,Mortgage,2026-03-16,300,100400,5.67,610,Fair (580-669),2.9,75.9,Employee,London,0,Stage 1 (Performing),N,0.0466,0.18,842,Property
L00830,C01972,BR01,Personal Loan,2025-11-27,60,9300,10.48,567,Poor (300-579),0.31,,Employee,London,0,Stage 1 (Performing),N,0.0518,0.45,217,Unsecured
L00831,C00109,BR01,Personal Loan,2024-11-22,36,16400,9.38,620,Fair (580-669),0.4,,Retired,London,0,Stage 1 (Performing),N,0.0228,0.45,168,Unsecured
L00832,C01182,BR06,Personal Loan,2025-08-06,12,11700,8.73,719,Good (670-739),0.45,,Employee,Scotland,0,Stage 1 (Performing),N,0.0045,0.45,24,Unsecured
L00833,C00738,BR06,SME Term Loan,2024-08-02,24,72400,8.41,750,Excellent (740+),0.17,,Technology,Scotland,0,Stage 1 (Performing),N,0.0018,0.45,59,Unsecured
L00834,C02945,BR03,Commercial Mortgage,2025-07-26,300,264500,4.96,721,Good (670-739),0.25,75.8,Professional Services,North West,0,Stage 1 (Performing),N,0.003,0.18,143,Property
L00835,C01183,BR04,Personal Loan,2024-11-05,36,8800,9.45,611,Fair (580-669),0.22,,Employee,Midlands,0,Stage 1 (Performing),N,0.0248,0.45,98,Unsecured
L00836,C02133,BR01,Mortgage,2025-04-25,300,114300,5.66,665,Fair (580-669),4.2,78.9,Employee,London,0,Stage 1 (Performing),N,0.0299,0.18,615,Property
L00837,C00222,BR09,Credit Card,2024-07-12,24,2300,18.03,828,Excellent (740+),0.05,,Employee,Wales,0,Stage 1 (Performing),N,0.0006,0.78,1,Unsecured
L00838,C01312,BR08,SME Term Loan,2026-05-08,36,228200,10.03,517,Poor (300-579),1.85,,Retail,South West,0,Stage 1 (Performing),N,0.1375,0.45,14120,Unsecured
L00839,C01399,BR07,Mortgage,2025-03-18,300,245100,5.32,696,Good (670-739),3.62,77.1,Student,Scotland,0,Stage 1 (Performing),N,0.0148,0.18,653,Property
L00840,C00854,BR09,Personal Loan,2024-05-22,24,7900,8.2,782,Excellent (740+),0.2,,Self-employed,Wales,0,Stage 1 (Performing),N,0.0015,0.45,5,Unsecured
L00841,C00205,BR05,Commercial Mortgage,2025-03-20,300,568100,5.77,658,Fair (580-669),0.79,76.5,Professional Services,North East,0,Stage 1 (Performing),N,0.0104,0.18,1063,Property
L00842,C00461,BR02,Overdraft,2025-01-29,36,4900,9.04,684,Good (670-739),0.11,,Employee,London,0,Stage 1 (Performing),N,0.0053,0.78,20,Unsecured
L00843,C00821,BR10,Mortgage,2025-07-26,300,165100,5.74,637,Fair (580-669),6.27,82.1,Student,Northern Ireland,45,Stage 2 (Significant increase in risk),N,0.0845,0.18,8789,Property
L00844,C00489,BR08,Mortgage,2025-08-12,300,209500,5.11,710,Good (670-739),7.74,36.6,Self-employed,South West,0,Stage 1 (Performing),N,0.0266,0.18,1003,Property
L00845,C02469,BR06,Mortgage,2024-11-03,300,125000,4.84,736,Good (670-739),3.8,59.8,Employee,Scotland,0,Stage 1 (Performing),N,0.0081,0.18,182,Property
L00846,C00180,BR02,Invoice Finance,2026-02-06,24,29300,8.71,715,Good (670-739),0.06,,Retail,London,0,Stage 1 (Performing),N,0.0031,0.45,41,Receivables
L00847,C01993,BR01,Credit Card,2025-03-23,36,7400,18.65,771,Excellent (740+),0.05,,Employee,London,0,Stage 1 (Performing),N,0.0017,0.78,10,Unsecured
L00848,C02968,BR04,Personal Loan,2024-12-10,60,56100,8.79,714,Good (670-739),1.83,,Director,Midlands,0,Stage 1 (Performing),N,0.008,0.45,202,Unsecured
L00849,C02515,BR05,Mortgage,2024-06-28,300,157700,4.37,790,Excellent (740+),0.79,61.9,Self-employed,North East,0,Stage 1 (Performing),N,0.0012,0.18,34,Property
L00850,C02742,BR01,Personal Loan,2025-08-20,12,5800,8.82,709,Good (670-739),0.09,,Property Investor,London,0,Stage 1 (Performing),N,0.0047,0.45,12,Unsecured
L00851,C00483,BR07,Mortgage,2026-06-21,300,416700,4.58,763,Excellent (740+),5.2,40.9,Self-employed,Scotland,0,Stage 1 (Performing),N,0.0085,0.18,638,Property
L00852,C00902,BR05,Mortgage,2025-03-18,300,354100,5.4,677,Good (670-739),6.78,58.6,Employee,North East,0,Stage 1 (Performing),N,0.0452,0.18,2881,Property
L00853,C02633,BR03,Personal Loan,2025-01-10,24,14900,7.72,822,Excellent (740+),0.2,,Employee,North West,0,Stage 1 (Performing),N,0.0007,0.45,5,Unsecured
L00854,C00150,BR03,Personal Loan,2025-12-14,60,23300,8.17,788,Excellent (740+),0.24,,Employee,North West,0,Stage 1 (Performing),N,0.0013,0.45,14,Unsecured
L00855,C01178,BR06,Mortgage,2025-04-10,300,188900,4.71,748,Excellent (740+),2.57,73.1,Student,Scotland,0,Stage 1 (Performing),N,0.0043,0.18,146,Property
L00856,C01569,BR04,Mortgage,2025-11-25,300,249100,5.9,630,Fair (580-669),3.9,67.0,Employee,Midlands,0,Stage 1 (Performing),N,0.0474,0.18,2125,Property
L00857,C01501,BR04,SME Term Loan,2026-06-30,36,135600,9.6,573,Poor (300-579),1.28,,Import/Export,Midlands,0,Stage 1 (Performing),N,0.0746,0.45,4552,Unsecured
L00858,C00487,BR03,Mortgage,2024-04-07,300,191000,7.06,494,Poor (300-579),5.85,65.6,Employee,North West,45,Stage 2 (Significant increase in risk),N,0.4869,0.18,58589,Property
L00859,C00641,BR07,Mortgage,2024-09-28,300,272600,5.28,674,Good (670-739),3.32,60.2,Director,Scotland,0,Stage 1 (Performing),N,0.0191,0.18,937,Property
L00860,C00299,BR03,Overdraft,2025-07-19,60,2200,8.75,711,Good (670-739),0.17,,Employee,North West,0,Stage 1 (Performing),N,0.0035,0.78,6,Unsecured
L00861,C00751,BR05,Personal Loan,2025-06-22,60,14700,9.57,639,Fair (580-669),0.45,,Self-employed,North East,0,Stage 1 (Performing),N,0.017,0.45,112,Unsecured
L00862,C01994,BR07,Mortgage,2025-02-27,300,236500,4.98,711,Good (670-739),3.13,55.3,Employee,Scotland,0,Stage 1 (Performing),N,0.0097,0.18,413,Property
L00863,C02202,BR02,SME Term Loan,2025-10-11,60,39000,9.05,687,Good (670-739),0.05,,Crypto Assets,London,0,Stage 1 (Performing),N,0.005,0.45,88,Unsecured
L00864,C00374,BR07,Credit Card,2025-12-22,24,4200,18.27,827,Excellent (740+),0.06,,Retired,Scotland,0,Stage 1 (Performing),N,0.0007,0.78,2,Unsecured
L00865,C02000,BR02,Credit Card,2025-10-30,24,2100,19.65,641,Fair (580-669),0.05,,Student,London,0,Stage 1 (Performing),N,0.0143,0.78,23,Unsecured
L00866,C02005,BR10,Personal Loan,2024-11-01,24,8200,9.89,530,Poor (300-579),0.22,,Self-employed,Northern Ireland,15,Stage 1 (Performing),N,0.0892,0.45,329,Unsecured
L00867,C01666,BR02,Credit Card,2026-06-12,36,1900,21.43,535,Poor (300-579),0.05,,Employee,London,0,Stage 1 (Performing),N,0.0783,0.78,116,Unsecured
L00868,C00508,BR07,Credit Card,2024-12-14,36,5800,19.43,689,Good (670-739),0.35,,Retired,Scotland,0,Stage 1 (Performing),N,0.0072,0.78,33,Unsecured
L00869,C00765,BR03,Personal Loan,2024-08-01,60,10300,8.32,763,Excellent (740+),0.24,,Employee,North West,0,Stage 1 (Performing),N,0.002,0.45,9,Unsecured
L00870,C00426,BR04,Personal Loan,2026-04-23,60,10100,8.09,779,Excellent (740+),0.57,,Employee,Midlands,0,Stage 1 (Performing),N,0.0017,0.45,8,Unsecured
L00871,C02694,BR04,Invoice Finance,2025-05-22,36,105000,9.54,567,Poor (300-579),0.71,,Real Estate,Midlands,75,Stage 2 (Significant increase in risk),N,0.068,0.45,11246,Receivables
L00872,C02666,BR02,Commercial Mortgage,2026-04-07,300,577600,7.45,514,Poor (300-579),1.88,63.1,Import/Export,London,15,Stage 1 (Performing),N,0.2099,0.18,21823,Property
L00873,C02570,BR05,Personal Loan,2025-10-17,36,10900,9.89,591,Fair (580-669),0.4,,Property Investor,North East,0,Stage 1 (Performing),N,0.0364,0.45,179,Unsecured
L00874,C01756,BR06,SME Term Loan,2025-01-06,24,37200,9.2,631,Fair (580-669),0.18,,Hospitality,Scotland,0,Stage 1 (Performing),N,0.0131,0.45,219,Unsecured
L00875,C00687,BR07,Commercial Mortgage,2026-06-19,300,564300,5.11,707,Good (670-739),1.4,49.3,Retail,Scotland,0,Stage 1 (Performing),N,0.0057,0.18,579,Property
L00876,C02536,BR04,Credit Card,2026-01-20,60,3500,18.98,742,Excellent (740+),0.05,,Employee,Midlands,0,Stage 1 (Performing),N,0.0027,0.78,7,Unsecured
L00877,C02572,BR01,Mortgage,2024-03-21,300,186400,5.09,709,Good (670-739),3.43,71.2,Employee,London,0,Stage 1 (Performing),N,0.0112,0.18,376,Property
L00878,C02778,BR05,Overdraft,2025-04-03,60,3500,7.86,842,Excellent (740+),0.13,,Self-employed,North East,0,Stage 1 (Performing),N,0.0004,0.78,1,Unsecured
L00879,C00886,BR08,Invoice Finance,2025-09-16,12,45100,9.88,572,Poor (300-579),0.78,,Construction,South West,75,Stage 2 (Significant increase in risk),N,0.0643,0.45,4567,Receivables
L00880,C00032,BR04,Invoice Finance,2025-08-30,12,57700,8.53,735,Good (670-739),0.05,,Construction,Midlands,0,Stage 1 (Performing),N,0.0022,0.45,57,Receivables
L00881,C01228,BR04,Mortgage,2025-02-01,300,327500,4.59,774,Excellent (740+),9.0,70.9,Employee,Midlands,0,Stage 1 (Performing),N,0.0093,0.18,548,Property
L00882,C01349,BR01,Overdraft,2025-11-20,60,3200,8.22,767,Excellent (740+),0.05,,Employee,London,0,Stage 1 (Performing),N,0.0013,0.78,3,Unsecured
L00883,C01393,BR01,Overdraft,2026-02-24,60,1900,9.37,655,Fair (580-669),0.05,,Retired,London,0,Stage 1 (Performing),N,0.0084,0.78,12,Unsecured
L00884,C02950,BR03,Personal Loan,2025-04-20,60,23000,9.51,587,Fair (580-669),1.84,,Self-employed,North West,0,Stage 1 (Performing),N,0.0626,0.45,648,Unsecured
L00885,C02518,BR01,Business Overdraft,2026-02-19,36,41900,10.11,549,Poor (300-579),0.17,,Construction,London,0,Stage 1 (Performing),N,0.0655,0.78,2141,Unsecured
L00886,C01301,BR02,Mortgage,2025-01-16,300,514300,5.55,667,Fair (580-669),9.0,66.9,Employee,London,0,Stage 1 (Performing),N,0.053,0.18,4906,Property
L00887,C00265,BR03,Mortgage,2024-03-14,300,214500,5.78,603,Fair (580-669),9.0,67.0,Senior Public Official,North West,0,Stage 1 (Performing),N,0.2032,0.18,7846,Property
L00888,C00240,BR09,SME Term Loan,2026-03-06,60,104500,9.19,665,Fair (580-669),0.07,,Professional Services,Wales,0,Stage 1 (Performing),N,0.0072,0.45,339,Unsecured
L00889,C01403,BR07,Credit Card,2025-07-02,36,6400,18.88,757,Excellent (740+),0.26,,Self-employed,Scotland,0,Stage 1 (Performing),N,0.0023,0.78,11,Unsecured
L00890,C01175,BR09,Personal Loan,2025-05-11,24,14600,9.07,652,Fair (580-669),1.0,,Senior Public Official,Wales,0,Stage 1 (Performing),N,0.0257,0.45,169,Unsecured
L00891,C00185,BR05,Credit Card,2024-04-13,24,4300,19.96,647,Fair (580-669),0.08,,Self-employed,North East,0,Stage 1 (Performing),N,0.0131,0.78,44,Unsecured
L00892,C01193,BR02,Credit Card,2026-01-28,36,3800,17.88,881,Excellent (740+),0.06,,Retired,London,0,Stage 1 (Performing),N,0.0003,0.78,1,Unsecured
L00893,C01744,BR07,Commercial Mortgage,2025-05-19,300,366500,3.92,828,Excellent (740+),0.09,63.6,Import/Export,Scotland,0,Stage 1 (Performing),N,0.0005,0.18,33,Property
L00894,C02332,BR02,Business Overdraft,2024-12-10,24,18600,8.35,755,Excellent (740+),0.05,,Charity,London,0,Stage 1 (Performing),N,0.0022,0.78,32,Unsecured
L00895,C01544,BR02,Mortgage,2025-09-25,300,164600,5.36,689,Good (670-739),3.05,69.8,Employee,London,0,Stage 1 (Performing),N,0.0136,0.18,403,Property
L00896,C02928,BR05,SME Term Loan,2025-11-09,12,114100,9.57,579,Poor (300-579),0.05,,Retail,North East,0,Stage 1 (Performing),N,0.0453,0.45,2326,Unsecured
L00897,C00578,BR04,Mortgage,2026-09-05,300,191900,6.02,603,Fair (580-669),2.43,67.7,Employee,Midlands,0,Stage 1 (Performing),N,0.0445,0.18,1537,Property
L00898,C02192,BR03,SME Term Loan,2024-12-23,24,50400,9.11,643,Fair (580-669),1.31,,Construction,North West,0,Stage 1 (Performing),N,0.0159,0.45,361,Unsecured
L00899,C00425,BR08,Personal Loan,2025-08-21,24,12300,9.53,644,Fair (580-669),0.33,,Employee,South West,0,Stage 1 (Performing),N,0.015,0.45,83,Unsecured
L00900,C00846,BR07,Mortgage,2025-07-11,300,464000,5.2,695,Good (670-739),9.0,89.9,Director,Scotland,0,Stage 1 (Performing),N,0.0339,0.18,2831,Property
L00901,C02544,BR05,Commercial Mortgage,2025-10-08,300,774800,6.03,619,Fair (580-669),1.5,65.5,Technology,North East,0,Stage 1 (Performing),N,0.0251,0.18,3501,Property
L00902,C01047,BR06,Business Overdraft,2025-06-28,24,10100,8.87,707,Good (670-739),0.05,,Import/Export,Scotland,0,Stage 1 (Performing),N,0.0075,0.78,59,Unsecured
L00903,C00288,BR04,Business Overdraft,2025-04-13,36,17100,10.08,581,Fair (580-669),0.05,,Professional Services,Midlands,0,Stage 1 (Performing),N,0.038,0.78,507,Unsecured
L00904,C01318,BR02,Mortgage,2024-02-11,300,312300,4.92,723,Good (670-739),8.4,73.2,Retired,London,0,Stage 1 (Performing),N,0.0215,0.18,1209,Property
L00905,C02312,BR03,SME Term Loan,2025-12-13,24,98600,9.51,613,Fair (580-669),0.38,,Construction,North West,0,Stage 1 (Performing),N,0.0189,0.45,839,Unsecured
L00906,C00199,BR01,Commercial Mortgage,2026-02-07,300,434000,4.66,753,Excellent (740+),0.27,65.4,Retail,London,0,Stage 1 (Performing),N,0.0018,0.18,141,Property
L00907,C01278,BR01,SME Term Loan,2025-03-01,36,89700,8.21,776,Excellent (740+),0.06,,Construction,London,0,Stage 1 (Performing),N,0.0011,0.45,44,Unsecured
L00908,C01084,BR04,Credit Card,2025-11-01,12,4100,20.4,595,Fair (580-669),0.09,,Employee,Midlands,0,Stage 1 (Performing),N,0.0307,0.78,98,Unsecured
L00909,C02590,BR02,Credit Card,2026-04-29,60,2500,19.94,633,Fair (580-669),0.05,,Employee,London,0,Stage 1 (Performing),N,0.0163,0.78,32,Unsecured
L00910,C02952,BR01,Credit Card,2024-05-09,12,6800,19.19,721,Good (670-739),0.27,,Student,London,0,Stage 1 (Performing),N,0.0041,0.78,22,Unsecured
L00911,C01103,BR01,SME Term Loan,2025-03-22,24,59600,10.03,598,Fair (580-669),0.07,,Import/Export,London,0,Stage 1 (Performing),N,0.0217,0.45,582,Unsecured
L00912,C00701,BR04,SME Term Loan,2026-02-07,36,89300,9.16,673,Good (670-739),0.05,,Construction,Midlands,0,Stage 1 (Performing),N,0.0063,0.45,253,Unsecured
L00913,C01684,BR04,Mortgage,2024-10-05,300,439200,5.17,707,Good (670-739),9.0,45.1,Student,Midlands,0,Stage 1 (Performing),N,0.0279,0.18,2206,Property
L00914,C00534,BR06,Mortgage,2024-04-20,300,359000,5.61,626,Fair (580-669),4.2,56.1,Employee,Scotland,0,Stage 1 (Performing),N,0.0557,0.18,3599,Property
L00915,C00479,BR02,SME Term Loan,2025-10-22,60,94900,9.14,681,Good (670-739),0.09,,Retail,London,0,Stage 1 (Performing),N,0.0056,0.45,239,Unsecured
L00916,C02843,BR02,Business Overdraft,2025-04-07,60,25000,9.54,595,Fair (580-669),0.17,,Construction,London,0,Stage 1 (Performing),N,0.0486,0.78,948,Unsecured
L00917,C01202,BR01,Personal Loan,2025-06-09,12,9200,8.92,697,Good (670-739),0.11,,Retired,London,0,Stage 1 (Performing),N,0.0058,0.45,24,Unsecured
L00918,C00941,BR01,Mortgage,2025-10-01,300,176200,5.11,712,Good (670-739),3.86,60.6,Retired,London,0,Stage 1 (Performing),N,0.0123,0.18,390,Property
L00919,C01758,BR02,Mortgage,2025-10-14,300,198300,4.92,728,Good (670-739),1.59,51.1,Self-employed,London,0,Stage 1 (Performing),N,0.0043,0.18,153,Property
L00920,C02879,BR06,Invoice Finance,2025-07-21,12,109700,9.17,633,Fair (580-669),0.41,,Charity,Scotland,0,Stage 1 (Performing),N,0.0137,0.45,676,Receivables
L00921,C01170,BR09,Mortgage,2024-05-10,300,181700,4.83,737,Good (670-739),3.31,77.2,Property Investor,Wales,0,Stage 1 (Performing),N,0.0067,0.18,219,Property
L00922,C01827,BR04,Credit Card,2025-11-02,36,5200,20.01,613,Fair (580-669),0.45,,Employee,Midlands,0,Stage 1 (Performing),N,0.0259,0.78,105,Unsecured
L00923,C01704,BR02,Mortgage,2024-09-02,300,267800,4.83,735,Good (670-739),4.18,62.8,Employee,London,0,Stage 1 (Performing),N,0.0094,0.18,453,Property
L00924,C01636,BR02,Business Overdraft,2024-11-11,12,30100,10.09,605,Fair (580-669),0.12,,Hospitality,London,0,Stage 1 (Performing),N,0.0264,0.78,620,Unsecured
L00925,C00917,BR07,Mortgage,2024-07-22,300,194900,5.38,670,Good (670-739),3.39,51.7,Self-employed,Scotland,0,Stage 1 (Performing),N,0.0209,0.18,733,Property
L00926,C02948,BR07,Mortgage,2025-04-15,300,307400,4.66,761,Excellent (740+),5.46,55.5,Employee,Scotland,0,Stage 1 (Performing),N,0.0096,0.18,531,Property
L00927,C01605,BR10,Mortgage,2025-12-10,300,237700,4.72,747,Excellent (740+),9.0,73.4,Employee,Northern Ireland,0,Stage 1 (Performing),N,0.0145,0.18,620,Property
L00928,C01820,BR03,Invoice Finance,2025-01-25,24,63100,8.41,749,Excellent (740+),0.29,,Retail,North West,0,Stage 1 (Performing),N,0.0019,0.45,54,Receivables
L00929,C00592,BR08,Commercial Mortgage,2025-03-29,300,341900,4.7,755,Excellent (740+),0.37,81.0,Retail,South West,0,Stage 1 (Performing),N,0.0018,0.18,111,Property
L00930,C02716,BR10,Personal Loan,2025-10-10,24,4600,8.51,739,Good (670-739),0.05,,Retired,Northern Ireland,0,Stage 1 (Performing),N,0.0028,0.45,6,Unsecured
L00931,C00098,BR01,Commercial Mortgage,2024-11-24,300,586600,6.11,626,Fair (580-669),1.06,76.6,Professional Services,London,0,Stage 1 (Performing),N,0.0193,0.18,2038,Property
L00932,C00358,BR01,Credit Card,2025-09-12,60,5700,19.55,693,Good (670-739),0.23,,Senior Public Official,London,0,Stage 1 (Performing),N,0.0065,0.78,29,Unsecured
L00933,C01992,BR06,Commercial Mortgage,2025-10-23,300,337800,5.14,710,Good (670-739),2.68,94.9,Real Estate,Scotland,0,Stage 1 (Performing),N,0.0085,0.18,517,Property
L00934,C01124,BR02,Personal Loan,2024-08-15,36,11200,8.25,763,Excellent (740+),0.15,,Employee,London,0,Stage 1 (Performing),N,0.002,0.45,10,Unsecured
L00935,C02768,BR04,Mortgage,2025-08-29,300,252300,4.91,722,Good (670-739),1.92,66.9,Employee,Midlands,0,Stage 1 (Performing),N,0.0053,0.18,241,Property
L00936,C02807,BR05,Invoice Finance,2025-12-29,60,39200,10.32,582,Fair (580-669),0.07,,Real Estate,North East,0,Stage 1 (Performing),N,0.0434,0.45,766,Receivables
L00937,C01748,BR08,Mortgage,2025-12-19,300,304900,6.2,562,Poor (300-579),5.82,76.6,Property Investor,South West,45,Stage 2 (Significant increase in risk),N,0.2321,0.18,44583,Property
L00938,C02130,BR07,Credit Card,2024-06-16,60,5600,19.8,644,Fair (580-669),0.15,,Retired,Scotland,0,Stage 1 (Performing),N,0.0141,0.78,62,Unsecured
L00939,C00062,BR05,Business Overdraft,2025-07-02,60,37000,9.3,628,Fair (580-669),0.52,,Retail,North East,0,Stage 1 (Performing),N,0.0208,0.78,600,Unsecured
L00940,C02188,BR03,SME Term Loan,2026-02-26,36,145000,8.25,772,Excellent (740+),0.68,,Charity,North West,0,Stage 1 (Performing),N,0.0015,0.45,98,Unsecured
L00941,C02136,BR04,SME Term Loan,2025-07-30,60,41000,8.59,726,Good (670-739),0.09,,Professional Services,Midlands,0,Stage 1 (Performing),N,0.0026,0.45,48,Unsecured
L00942,C01712,BR03,Mortgage,2026-05-08,300,281000,5.83,652,Fair (580-669),6.56,71.5,Self-employed,North West,0,Stage 1 (Performing),N,0.067,0.18,3389,Property
L00943,C02325,BR04,SME Term Loan,2026-01-02,24,78900,9.64,563,Poor (300-579),0.07,,Money Services,Midlands,0,Stage 1 (Performing),N,0.0382,0.45,1356,Unsecured
L00944,C01039,BR03,Credit Card,2024-05-04,36,6700,19.77,676,Good (670-739),0.2,,Employee,North West,0,Stage 1 (Performing),N,0.0085,0.78,44,Unsecured
L00945,C02377,BR07,Credit Card,2025-10-17,24,6500,18.8,771,Excellent (740+),0.11,,Self-employed,Scotland,0,Stage 1 (Performing),N,0.0017,0.78,9,Unsecured
L00946,C02667,BR08,Mortgage,2025-11-24,300,320700,4.69,755,Excellent (740+),7.56,80.7,Employee,South West,0,Stage 1 (Performing),N,0.0127,0.18,733,Property
L00947,C02594,BR03,SME Term Loan,2026-01-18,24,92600,9.46,592,Fair (580-669),0.32,,Professional Services,North West,0,Stage 1 (Performing),N,0.0261,0.45,1088,Unsecured
L00948,C01709,BR03,Credit Card,2026-01-26,12,14200,21.04,566,Poor (300-579),0.55,,Employee,North West,100,Stage 3 (Credit-impaired),Y,0.0569,0.78,5672,Unsecured
L00949,C01757,BR02,Mortgage,2025-10-27,300,217600,5.5,638,Fair (580-669),6.15,43.2,Self-employed,London,0,Stage 1 (Performing),N,0.0832,0.18,3259,Property
L00950,C01038,BR03,Mortgage,2025-08-16,300,139700,6.6,566,Poor (300-579),5.12,75.4,Self-employed,North West,150,Stage 3 (Credit-impaired),Y,0.1812,0.18,41008,Property
L00951,C01490,BR04,Overdraft,2025-05-28,60,3900,8.8,712,Good (670-739),0.05,,Self-employed,Midlands,0,Stage 1 (Performing),N,0.0033,0.78,10,Unsecured
L00952,C02707,BR06,Credit Card,2025-06-24,36,2100,19.18,723,Good (670-739),0.05,,Employee,Scotland,0,Stage 1 (Performing),N,0.0037,0.78,6,Unsecured
L00953,C02419,BR06,Mortgage,2025-03-10,300,527000,3.99,853,Excellent (740+),9.0,83.1,Employee,Scotland,0,Stage 1 (Performing),N,0.0025,0.18,237,Property
L00954,C02762,BR09,Personal Loan,2025-08-06,12,19200,8.31,757,Excellent (740+),0.15,,Retired,Wales,0,Stage 1 (Performing),N,0.0022,0.45,19,Unsecured
L00955,C01338,BR05,Overdraft,2025-03-28,24,4600,8.25,772,Excellent (740+),0.3,,Retired,North East,0,Stage 1 (Performing),N,0.0013,0.78,5,Unsecured
L00956,C02372,BR09,SME Term Loan,2025-01-28,36,154100,10.15,593,Fair (580-669),0.21,,Construction,Wales,0,Stage 1 (Performing),N,0.0247,0.45,1713,Unsecured
L00957,C00233,BR06,Credit Card,2025-11-12,12,4900,18.95,748,Excellent (740+),0.33,,Employee,Scotland,0,Stage 1 (Performing),N,0.0027,0.78,10,Unsecured
L00958,C00681,BR08,Credit Card,2025-05-17,60,2300,19.43,673,Good (670-739),0.06,,Employee,South West,0,Stage 1 (Performing),N,0.0085,0.78,15,Unsecured
L00959,C01213,BR05,Credit Card,2024-12-29,12,3100,19.91,602,Fair (580-669),0.1,,Employee,North East,0,Stage 1 (Performing),N,0.0275,0.78,66,Unsecured
L00960,C02236,BR06,Personal Loan,2024-08-14,12,15700,9.84,552,Poor (300-579),0.4,,Student,Scotland,0,Stage 1 (Performing),N,0.0674,0.45,476,Unsecured
L00961,C00312,BR07,Personal Loan,2025-07-07,60,11200,9.55,649,Fair (580-669),0.24,,Employee,Scotland,0,Stage 1 (Performing),N,0.0134,0.45,68,Unsecured
L00962,C01655,BR03,Personal Loan,2024-10-22,60,14400,8.12,790,Excellent (740+),0.31,,Employee,North West,0,Stage 1 (Performing),N,0.0013,0.45,8,Unsecured
L00963,C02492,BR03,Invoice Finance,2026-03-23,24,45100,9.75,534,Poor (300-579),0.05,,Money Services,North West,0,Stage 1 (Performing),N,0.0912,0.45,1851,Receivables
L00964,C02881,BR05,Mortgage,2026-01-07,300,157800,6.07,604,Fair (580-669),1.46,77.1,Employee,North East,0,Stage 1 (Performing),N,0.0316,0.18,898,Property
L00965,C02794,BR02,Personal Loan,2024-09-17,60,14000,8.8,707,Good (670-739),0.23,,Director,London,0,Stage 1 (Performing),N,0.0051,0.45,32,Unsecured
L00966,C02589,BR04,Personal Loan,2026-05-06,36,17000,8.48,743,Excellent (740+),0.99,,Employee,Midlands,0,Stage 1 (Performing),N,0.0037,0.45,28,Unsecured
L00967,C00512,BR04,Personal Loan,2025-11-27,24,12300,9.78,616,Fair (580-669),0.33,,Employee,Midlands,0,Stage 1 (Performing),N,0.0237,0.45,131,Unsecured
L00968,C02917,BR08,Commercial Mortgage,2025-06-06,300,276900,3.99,835,Excellent (740+),0.46,74.4,Professional Services,South West,0,Stage 1 (Performing),N,0.0005,0.18,25,Property
L00969,C00518,BR03,Personal Loan,2025-10-23,12,5800,9.05,648,Fair (580-669),0.05,,Employee,North West,0,Stage 1 (Performing),N,0.0128,0.45,33,Unsecured
L00970,C02723,BR04,Credit Card,2025-09-01,12,10100,18.72,775,Excellent (740+),0.07,,Self-employed,Midlands,0,Stage 1 (Performing),N,0.0016,0.78,13,Unsecured
L00971,C00647,BR05,Credit Card,2024-09-09,24,2400,18.93,749,Excellent (740+),0.05,,Student,North East,0,Stage 1 (Performing),N,0.0024,0.78,4,Unsecured
L00972,C00380,BR04,Mortgage,2025-12-13,300,151800,5.49,649,Fair (580-669),1.5,61.7,Retired,Midlands,0,Stage 1 (Performing),N,0.0154,0.18,421,Property
L00973,C00690,BR02,Credit Card,2025-04-15,12,2900,19.34,692,Good (670-739),0.07,,Employee,London,0,Stage 1 (Performing),N,0.0062,0.78,14,Unsecured
L00974,C00198,BR04,Business Overdraft,2024-05-24,60,37900,9.37,642,Fair (580-669),0.05,,Construction,Midlands,0,Stage 1 (Performing),N,0.0141,0.78,417,Unsecured
L00975,C01021,BR02,Mortgage,2026-01-26,300,159500,6.21,615,Fair (580-669),2.55,59.3,Self-employed,London,0,Stage 1 (Performing),N,0.0383,0.18,1100,Property
L00976,C02810,BR07,Mortgage,2026-09-27,300,285300,4.7,754,Excellent (740+),8.37,70.4,Property Investor,Scotland,0,Stage 1 (Performing),N,0.013,0.18,668,Property
L00977,C02404,BR01,Commercial Mortgage,2024-11-17,300,486500,5.89,644,Fair (580-669),3.44,85.6,Import/Export,London,0,Stage 1 (Performing),N,0.0324,0.18,2837,Property
L00978,C00726,BR02,Personal Loan,2025-01-30,60,7300,9.55,578,Poor (300-579),0.09,,Self-employed,London,0,Stage 1 (Performing),N,0.0404,0.45,133,Unsecured
L00979,C02545,BR10,Mortgage,2025-08-02,300,239500,5.7,647,Fair (580-669),9.0,85.8,Self-employed,Northern Ireland,0,Stage 1 (Performing),N,0.0724,0.18,3121,Property
L00980,C00264,BR01,Mortgage,2024-06-13,300,129200,5.61,619,Fair (580-669),1.97,54.5,Employee,London,0,Stage 1 (Performing),N,0.0295,0.18,686,Property
L00981,C01600,BR04,Business Overdraft,2025-12-25,36,23600,9.63,624,Fair (580-669),0.18,,Professional Services,Midlands,0,Stage 1 (Performing),N,0.0198,0.78,364,Unsecured
L00982,C00664,BR02,Mortgage,2025-02-26,300,309800,4.98,717,Good (670-739),3.28,53.9,Employee,London,0,Stage 1 (Performing),N,0.0093,0.18,519,Property
L00983,C02861,BR04,Commercial Mortgage,2024-11-11,300,382400,5.9,632,Fair (580-669),1.33,79.4,Charity,Midlands,0,Stage 1 (Performing),N,0.0192,0.18,1322,Property
L00984,C02886,BR01,Mortgage,2025-11-12,300,148200,4.45,772,Excellent (740+),8.67,75.0,Retired,London,0,Stage 1 (Performing),N,0.0096,0.18,256,Property
L00985,C02368,BR09,Personal Loan,2025-12-04,12,10100,8.84,695,Good (670-739),0.5,,Student,Wales,0,Stage 1 (Performing),N,0.0069,0.45,31,Unsecured
L00986,C02614,BR01,Mortgage,2026-02-24,300,204500,5.64,663,Fair (580-669),5.6,57.1,Employee,London,0,Stage 1 (Performing),N,0.0494,0.18,1818,Property
L00987,C00950,BR07,Credit Card,2025-01-17,60,4700,18.44,816,Excellent (740+),0.05,,Student,Scotland,0,Stage 1 (Performing),N,0.0008,0.78,3,Unsecured
L00988,C01344,BR01,Personal Loan,2025-06-14,12,4400,8.4,752,Excellent (740+),0.15,,Employee,London,0,Stage 1 (Performing),N,0.0024,0.45,5,Unsecured
L00989,C01189,BR08,Personal Loan,2025-09-06,60,5300,8.82,691,Good (670-739),0.12,,Retired,South West,0,Stage 1 (Performing),N,0.0064,0.45,15,Unsecured
L00990,C00514,BR05,SME Term Loan,2026-06-01,24,118900,9.35,641,Fair (580-669),0.31,,Professional Services,North East,0,Stage 1 (Performing),N,0.0116,0.45,621,Unsecured
L00991,C01500,BR07,Credit Card,2025-11-20,24,3800,20.49,612,Fair (580-669),0.05,,Employee,Scotland,0,Stage 1 (Performing),N,0.023,0.78,68,Unsecured
L00992,C01313,BR08,SME Term Loan,2024-08-16,60,95900,9.16,646,Fair (580-669),1.3,,Retail,South West,0,Stage 1 (Performing),N,0.0151,0.45,652,Unsecured
L00993,C02577,BR01,Credit Card,2025-03-31,60,4400,19.96,632,Fair (580-669),0.26,,Employee,London,0,Stage 1 (Performing),N,0.0178,0.78,61,Unsecured
L00994,C00017,BR07,SME Term Loan,2025-09-02,60,88600,8.86,684,Good (670-739),0.07,,Money Services,Scotland,0,Stage 1 (Performing),N,0.0082,0.45,327,Unsecured
L00995,C02211,BR04,SME Term Loan,2026-05-27,60,77800,8.01,787,Excellent (740+),0.05,,Retail,Midlands,0,Stage 1 (Performing),N,0.0009,0.45,32,Unsecured
L00996,C01624,BR03,Mortgage,2026-02-10,300,231200,6.27,542,Poor (300-579),9.0,78.0,Director,North West,15,Stage 1 (Performing),N,0.31,0.18,12901,Property
L00997,C01913,BR01,Credit Card,2024-09-02,36,5400,20.14,632,Fair (580-669),0.11,,Employee,London,0,Stage 1 (Performing),N,0.0169,0.78,71,Unsecured
L00998,C00918,BR02,SME Term Loan,2025-11-07,12,110500,10.29,557,Poor (300-579),1.25,,Import/Export,London,45,Stage 2 (Significant increase in risk),N,0.0943,0.45,16412,Unsecured
L00999,C02845,BR06,Credit Card,2024-08-23,36,4000,20.01,654,Fair (580-669),0.11,,Self-employed,Scotland,0,Stage 1 (Performing),N,0.0118,0.78,37,Unsecured
L01000,C01639,BR01,Personal Loan,2024-07-30,24,7500,9.88,550,Poor (300-579),0.1,,Self-employed,London,0,Stage 1 (Performing),N,0.0631,0.45,213,Unsecured
L01001,C00714,BR07,Credit Card,2026-01-04,60,4400,18.91,749,Excellent (740+),0.33,,Retired,Scotland,0,Stage 1 (Performing),N,0.0026,0.78,9,Unsecured
L01002,C02019,BR09,Mortgage,2024-11-03,300,131200,6.0,616,Fair (580-669),2.55,63.2,Director,Wales,0,Stage 1 (Performing),N,0.0377,0.18,890,Property
L01003,C01822,BR04,Mortgage,2025-07-19,300,162700,5.65,608,Fair (580-669),8.72,74.7,Senior Public Official,Midlands,0,Stage 1 (Performing),N,0.19,0.18,5564,Property
L01004,C01675,BR06,Personal Loan,2024-08-24,60,12800,8.57,732,Good (670-739),0.17,,Student,Scotland,0,Stage 1 (Performing),N,0.0033,0.45,19,Unsecured
L01005,C01782,BR03,Personal Loan,2026-04-14,24,12600,8.42,747,Excellent (740+),0.21,,Employee,North West,0,Stage 1 (Performing),N,0.0026,0.45,15,Unsecured
L01006,C02876,BR10,Invoice Finance,2024-06-14,36,97400,10.3,577,Poor (300-579),0.12,,Professional Services,Northern Ireland,0,Stage 1 (Performing),N,0.031,0.45,1359,Receivables
L01007,C01406,BR04,Mortgage,2025-03-24,300,324900,4.09,828,Excellent (740+),9.0,79.6,Employee,Midlands,0,Stage 1 (Performing),N,0.0038,0.18,222,Property
L01008,C01678,BR08,Personal Loan,2025-11-24,12,14900,9.73,613,Fair (580-669),0.22,,Employee,South West,0,Stage 1 (Performing),N,0.024,0.45,161,Unsecured
L01009,C02187,BR02,SME Term Loan,2025-09-19,36,82100,8.45,746,Excellent (740+),1.29,,Hospitality,London,0,Stage 1 (Performing),N,0.0029,0.45,107,Unsecured
L01010,C02427,BR03,Commercial Mortgage,2026-08-10,300,416500,5.07,715,Good (670-739),1.16,84.2,Professional Services,North West,0,Stage 1 (Performing),N,0.0046,0.18,345,Property
L01011,C00908,BR02,Mortgage,2025-04-14,300,197000,4.89,731,Good (670-739),1.45,76.3,Employee,London,0,Stage 1 (Performing),N,0.0039,0.18,138,Property
L01012,C00929,BR04,Business Overdraft,2026-01-27,24,53900,9.75,563,Poor (300-579),0.13,,Money Services,Midlands,0,Stage 1 (Performing),N,0.0519,0.78,2182,Unsecured
L01013,C01073,BR02,Overdraft,2025-04-11,60,3100,7.71,814,Excellent (740+),0.07,,Employee,London,0,Stage 1 (Performing),N,0.0006,0.78,1,Unsecured
L01014,C00572,BR10,Mortgage,2025-09-13,300,164400,4.6,757,Excellent (740+),6.53,45.1,Employee,Northern Ireland,0,Stage 1 (Performing),N,0.0123,0.18,364,Property
L01015,C02002,BR04,Personal Loan,2025-01-14,12,8200,10.04,583,Fair (580-669),0.32,,Employee,Midlands,0,Stage 1 (Performing),N,0.0403,0.45,149,Unsecured
L01016,C00407,BR08,Mortgage,2026-03-04,300,381400,7.23,517,Poor (300-579),7.76,79.3,Employee,South West,75,Stage 2 (Significant increase in risk),N,0.4053,0.18,97386,Property
L01017,C00171,BR09,Mortgage,2025-01-27,300,149200,5.51,653,Fair (580-669),2.82,68.2,Retired,Wales,0,Stage 1 (Performing),N,0.0227,0.18,610,Property
L01018,C02363,BR09,Mortgage,2025-03-29,300,258700,5.47,639,Fair (580-669),9.0,63.5,Self-employed,Wales,0,Stage 1 (Performing),N,0.0819,0.18,3814,Property
L01019,C02537,BR02,Personal Loan,2024-08-31,36,13000,8.4,750,Excellent (740+),0.14,,Employee,London,0,Stage 1 (Performing),N,0.0024,0.45,14,Unsecured
L01020,C02012,BR03,Personal Loan,2025-11-03,24,19300,8.81,710,Good (670-739),0.81,,Employee,North West,0,Stage 1 (Performing),N,0.006,0.45,52,Unsecured
L01021,C02639,BR02,SME Term Loan,2025-03-25,24,64300,8.68,722,Good (670-739),0.22,,Construction,London,0,Stage 1 (Performing),N,0.0029,0.45,84,Unsecured
L01022,C02473,BR07,SME Term Loan,2024-09-08,36,116600,10.94,524,Poor (300-579),0.72,,Hospitality,Scotland,45,Stage 2 (Significant increase in risk),N,0.1303,0.45,23929,Unsecured
L01023,C00442,BR07,Personal Loan,2025-08-05,36,13100,8.31,767,Excellent (740+),0.17,,Employee,Scotland,0,Stage 1 (Performing),N,0.0019,0.45,11,Unsecured
L01024,C00982,BR08,Commercial Mortgage,2025-10-24,300,598600,6.09,600,Fair (580-669),0.29,43.3,Precious Metals,South West,0,Stage 1 (Performing),N,0.0226,0.18,2435,Property
L01025,C01599,BR02,Commercial Mortgage,2024-11-28,300,768700,6.71,453,Poor (300-579),0.52,72.4,Import/Export,London,15,Stage 1 (Performing),N,0.3133,0.18,43350,Property
L01026,C01503,BR04,Mortgage,2025-10-05,300,230300,7.08,530,Poor (300-579),2.19,93.5,Employee,Midlands,0,Stage 1 (Performing),N,0.1264,0.18,5240,Property
L01027,C01781,BR10,Overdraft,2025-06-09,24,2300,8.52,737,Good (670-739),0.05,,Employee,Northern Ireland,0,Stage 1 (Performing),N,0.0022,0.78,4,Unsecured
L01028,C02320,BR06,SME Term Loan,2025-09-09,12,140400,9.46,597,Fair (580-669),0.23,,Real Estate,Scotland,0,Stage 1 (Performing),N,0.0233,0.45,1472,Unsecured
L01029,C00282,BR04,Business Overdraft,2024-07-31,12,13400,10.25,579,Poor (300-579),0.05,,Professional Services,Midlands,75,Stage 2 (Significant increase in risk),N,0.0392,0.78,1434,Unsecured
L01030,C01656,BR06,Credit Card,2025-08-30,12,4400,19.92,638,Fair (580-669),0.07,,Self-employed,Scotland,0,Stage 1 (Performing),N,0.0151,0.78,52,Unsecured
L01031,C00101,BR01,Commercial Mortgage,2025-12-01,300,271800,6.08,612,Fair (580-669),0.23,87.2,Technology,London,0,Stage 1 (Performing),N,0.0182,0.18,890,Property
L01032,C02712,BR05,Commercial Mortgage,2024-12-25,300,245900,6.23,609,Fair (580-669),0.33,79.0,Real Estate,North East,0,Stage 1 (Performing),N,0.0307,0.18,1359,Property
L01033,C01973,BR01,Mortgage,2026-06-23,300,109200,6.81,550,Poor (300-579),4.91,55.9,Student,London,15,Stage 1 (Performing),N,0.2117,0.18,4161,Property
L01034,C02765,BR01,Mortgage,2025-06-01,300,105600,5.62,671,Good (670-739),1.09,71.5,Retired,London,0,Stage 1 (Performing),N,0.0093,0.18,177,Property
L01035,C00409,BR01,Mortgage,2025-04-16,300,318700,4.67,752,Excellent (740+),9.0,89.6,Property Investor,London,0,Stage 1 (Performing),N,0.0134,0.18,769,Property
L01036,C02153,BR04,Credit Card,2025-02-22,12,5900,19.07,734,Good (670-739),0.1,,Employee,Midlands,0,Stage 1 (Performing),N,0.0031,0.78,14,Unsecured
L01037,C00403,BR02,Commercial Mortgage,2025-01-11,300,440800,5.09,698,Good (670-739),0.44,70.1,Retail,London,0,Stage 1 (Performing),N,0.0047,0.18,373,Property
L01038,C00994,BR03,Mortgage,2024-05-27,300,349400,4.16,840,Excellent (740+),5.86,60.3,Self-employed,North West,0,Stage 1 (Performing),N,0.003,0.18,189,Property
L01039,C01880,BR03,Mortgage,2025-10-06,300,223600,5.93,640,Fair (580-669),9.0,44.4,Employee,North West,0,Stage 1 (Performing),N,0.0807,0.18,3248,Property
L01040,C00044,BR10,Overdraft,2026-03-05,24,2000,9.2,658,Fair (580-669),0.05,,Student,Northern Ireland,0,Stage 1 (Performing),N,0.008,0.78,12,Unsecured
L01041,C02954,BR02,SME Term Loan,2026-01-22,60,59000,8.09,777,Excellent (740+),0.08,,Technology,London,0,Stage 1 (Performing),N,0.0011,0.45,29,Unsecured
L01042,C00140,BR08,Mortgage,2025-08-11,300,310600,3.95,816,Excellent (740+),4.63,78.7,Employee,South West,0,Stage 1 (Performing),N,0.0029,0.18,162,Property
L01043,C01649,BR01,Credit Card,2024-10-22,12,5800,19.14,726,Good (670-739),0.07,,Employee,London,0,Stage 1 (Performing),N,0.0035,0.78,16,Unsecured
L01044,C00249,BR01,Overdraft,2025-01-25,12,4400,9.03,679,Good (670-739),0.16,,Student,London,0,Stage 1 (Performing),N,0.0059,0.78,20,Unsecured
L01045,C02604,BR03,Invoice Finance,2025-09-26,24,42200,10.31,560,Poor (300-579),0.21,,Retail,North West,0,Stage 1 (Performing),N,0.042,0.45,798,Receivables
L01046,C02391,BR06,SME Term Loan,2025-10-22,36,84200,9.75,606,Fair (580-669),0.07,,Money Services,Scotland,45,Stage 2 (Significant increase in risk),N,0.0295,0.45,3912,Unsecured
L01047,C02371,BR09,Mortgage,2026-01-12,300,121400,4.93,727,Good (670-739),5.45,51.0,Employee,Wales,75,Stage 2 (Significant increase in risk),N,0.0167,0.18,1277,Property
L01048,C02994,BR04,Commercial Mortgage,2026-10-22,300,702200,5.53,627,Fair (580-669),0.9,40.6,Retail,Midlands,0,Stage 1 (Performing),N,0.018,0.18,2275,Property
L01049,C02240,BR06,Personal Loan,2025-04-23,60,16500,9.08,666,Fair (580-669),0.64,,Self-employed,Scotland,0,Stage 1 (Performing),N,0.0116,0.45,86,Unsecured
L01050,C01603,BR07,Mortgage,2025-12-15,300,277900,5.78,633,Fair (580-669),7.6,59.3,Retired,Scotland,0,Stage 1 (Performing),N,0.0898,0.18,4492,Property
L01051,C00771,BR01,Commercial Mortgage,2025-08-29,300,419500,4.76,744,Excellent (740+),0.41,55.8,Retail,London,0,Stage 1 (Performing),N,0.0022,0.18,166,Property
L01052,C00562,BR01,SME Term Loan,2025-06-10,12,89500,9.35,632,Fair (580-669),0.08,,Crypto Assets,London,0,Stage 1 (Performing),N,0.0125,0.45,503,Unsecured
L01053,C01410,BR03,Business Overdraft,2026-02-18,36,21400,9.21,651,Fair (580-669),0.05,,Real Estate,North West,0,Stage 1 (Performing),N,0.0189,0.78,315,Unsecured
L01054,C01724,BR06,Credit Card,2026-08-06,12,6500,18.62,798,Excellent (740+),0.29,,Employee,Scotland,0,Stage 1 (Performing),N,0.0012,0.78,6,Unsecured
L01055,C01876,BR02,Credit Card,2026-04-15,12,3000,19.16,726,Good (670-739),0.05,,Employee,London,0,Stage 1 (Performing),N,0.0035,0.78,8,Unsecured
L01056,C00519,BR04,Mortgage,2024-10-01,300,329000,4.26,787,Excellent (740+),6.25,44.1,Retired,Midlands,0,Stage 1 (Performing),N,0.0075,0.18,444,Property
L01057,C00012,BR01,Mortgage,2024-08-19,300,251900,4.52,777,Excellent (740+),5.94,55.3,Employee,London,0,Stage 1 (Performing),N,0.0087,0.18,394,Property
L01058,C02863,BR03,Credit Card,2025-04-03,36,2600,18.46,810,Excellent (740+),0.13,,Employee,North West,0,Stage 1 (Performing),N,0.0009,0.78,2,Unsecured
L01059,C01058,BR01,Credit Card,2025-08-14,24,2100,19.47,670,Good (670-739),0.05,,Retired,London,0,Stage 1 (Performing),N,0.0089,0.78,15,Unsecured
L01060,C01457,BR02,Commercial Mortgage,2025-03-30,300,299100,5.32,689,Good (670-739),0.67,75.3,Technology,London,0,Stage 1 (Performing),N,0.006,0.18,323,Property
L01061,C00041,BR06,Credit Card,2024-10-29,12,4000,18.06,835,Excellent (740+),0.07,,Employee,Scotland,0,Stage 1 (Performing),N,0.0006,0.78,2,Unsecured
L01062,C00284,BR07,Mortgage,2026-04-07,300,124900,5.21,691,Good (670-739),2.91,54.2,Retired,Scotland,0,Stage 1 (Performing),N,0.0126,0.18,283,Property
L01063,C01188,BR07,Credit Card,2024-10-08,24,5300,20.34,615,Fair (580-669),0.13,,Employee,Scotland,0,Stage 1 (Performing),N,0.0225,0.78,93,Unsecured
L01064,C00709,BR01,Credit Card,2025-09-05,24,6700,19.2,722,Good (670-739),0.11,,Employee,London,0,Stage 1 (Performing),N,0.0038,0.78,20,Unsecured
L01065,C01371,BR01,SME Term Loan,2026-02-11,12,122000,8.07,807,Excellent (740+),0.1,,Professional Services,London,0,Stage 1 (Performing),N,0.0007,0.45,38,Unsecured
L01066,C01118,BR08,Mortgage,2025-05-16,300,104600,5.57,618,Fair (580-669),1.38,63.7,Employee,South West,75,Stage 2 (Significant increase in risk),N,0.0245,0.18,1615,Property
L01067,C00760,BR07,Mortgage,2026-02-18,300,78100,5.59,661,Fair (580-669),2.88,83.9,Student,Scotland,0,Stage 1 (Performing),N,0.0203,0.18,285,Property
L01068,C01530,BR02,Personal Loan,2024-08-05,12,17800,8.26,770,Excellent (740+),0.71,,Employee,London,0,Stage 1 (Performing),N,0.0021,0.45,17,Unsecured
L01069,C00206,BR02,Personal Loan,2024-10-13,36,23500,10.77,539,Poor (300-579),0.54,,Senior Public Official,London,45,Stage 2 (Significant increase in risk),N,0.1289,0.45,4771,Unsecured
L01070,C02230,BR07,Mortgage,2024-12-09,300,185800,5.82,595,Fair (580-669),2.07,98.4,Self-employed,Scotland,0,Stage 1 (Performing),N,0.0448,0.18,1498,Property
L01071,C02263,BR01,Personal Loan,2024-12-08,60,15300,10.13,534,Poor (300-579),0.23,,Employee,London,0,Stage 1 (Performing),N,0.0842,0.45,580,Unsecured
L01072,C02688,BR07,Overdraft,2024-08-21,60,2200,8.72,707,Good (670-739),0.05,,Employee,Scotland,0,Stage 1 (Performing),N,0.0036,0.78,6,Unsecured
L01073,C00027,BR05,Mortgage,2025-02-07,300,167100,5.67,662,Fair (580-669),5.3,81.9,Employee,North East,15,Stage 1 (Performing),N,0.0454,0.18,1366,Property
L01074,C01589,BR06,Mortgage,2025-12-22,300,345300,4.01,810,Excellent (740+),3.83,83.5,Employee,Scotland,0,Stage 1 (Performing),N,0.0024,0.18,149,Property
L01075,C00816,BR07,Commercial Mortgage,2026-05-02,300,331600,6.13,604,Fair (580-669),0.63,77.1,Professional Services,Scotland,0,Stage 1 (Performing),N,0.0238,0.18,1421,Property
L01076,C00086,BR02,Personal Loan,2025-04-17,60,17700,10.07,608,Fair (580-669),0.28,,Student,London,0,Stage 1 (Performing),N,0.0265,0.45,211,Unsecured
L01077,C02463,BR02,SME Term Loan,2025-03-06,12,206300,10.02,591,Fair (580-669),0.47,,Technology,London,0,Stage 1 (Performing),N,0.0279,0.45,2590,Unsecured
L01078,C01508,BR04,Credit Card,2026-06-25,36,3800,19.88,619,Fair (580-669),0.06,,Employee,Midlands,0,Stage 1 (Performing),N,0.0206,0.78,61,Unsecured
L01079,C02299,BR07,Mortgage,2025-07-23,300,511100,5.54,649,Fair (580-669),9.0,83.0,Senior Public Official,Scotland,0,Stage 1 (Performing),N,0.1059,0.18,9743,Property
L01080,C01294,BR05,Mortgage,2026-02-23,300,123700,5.79,651,Fair (580-669),2.46,63.5,Retired,North East,0,Stage 1 (Performing),N,0.0207,0.18,461,Property
L01081,C00080,BR05,SME Term Loan,2025-01-30,24,144300,9.03,673,Good (670-739),0.1,,Money Services,North East,0,Stage 1 (Performing),N,0.01,0.45,649,Unsecured
L01082,C00876,BR02,Mortgage,2025-07-05,300,222900,5.22,686,Good (670-739),8.14,82.1,Employee,London,0,Stage 1 (Performing),N,0.0392,0.18,1573,Property
L01083,C00148,BR03,Mortgage,2024-11-02,300,696900,4.29,790,Excellent (740+),9.0,57.7,Property Investor,North West,0,Stage 1 (Performing),N,0.0072,0.18,903,Property
L01084,C02259,BR09,Business Overdraft,2025-03-22,12,25700,8.95,699,Good (670-739),0.08,,Charity,Wales,0,Stage 1 (Performing),N,0.0055,0.78,110,Unsecured
L01085,C01929,BR01,Mortgage,2026-01-22,300,155700,4.5,766,Excellent (740+),1.52,70.9,Self-employed,London,0,Stage 1 (Performing),N,0.0022,0.18,62,Property
L01086,C01477,BR01,SME Term Loan,2024-11-27,60,198000,10.93,498,Poor (300-579),0.4,,Professional Services,London,0,Stage 1 (Performing),N,0.1164,0.45,10371,Unsecured
L01087,C00528,BR02,Personal Loan,2025-09-06,12,6100,9.35,613,Fair (580-669),0.13,,Employee,London,0,Stage 1 (Performing),N,0.0233,0.45,64,Unsecured
L01088,C02635,BR08,Personal Loan,2025-09-02,24,14800,9.12,654,Fair (580-669),0.65,,Employee,South West,0,Stage 1 (Performing),N,0.0142,0.45,95,Unsecured
L01089,C01458,BR06,Personal Loan,2024-04-26,36,8600,7.98,788,Excellent (740+),0.11,,Self-employed,Scotland,0,Stage 1 (Performing),N,0.0013,0.45,5,Unsecured
L01090,C01773,BR05,Business Overdraft,2025-05-13,12,46700,9.32,637,Fair (580-669),0.05,,Retail,North East,0,Stage 1 (Performing),N,0.0153,0.78,557,Unsecured
L01091,C00566,BR01,Invoice Finance,2024-12-29,12,57800,8.35,754,Excellent (740+),0.05,,Retail,London,0,Stage 1 (Performing),N,0.0016,0.45,42,Receivables
L01092,C01214,BR09,Mortgage,2025-09-26,300,325700,5.75,596,Fair (580-669),9.0,58.1,Retired,Wales,0,Stage 1 (Performing),N,0.1545,0.18,9058,Property
L01093,C01088,BR01,Commercial Mortgage,2026-03-30,300,416500,7.02,475,Poor (300-579),0.58,58.6,Import/Export,London,45,Stage 2 (Significant increase in risk),N,0.2441,0.18,64051,Property
L01094,C00311,BR06,Personal Loan,2024-11-13,12,7400,8.91,701,Good (670-739),0.26,,Employee,Scotland,0,Stage 1 (Performing),N,0.0057,0.45,19,Unsecured
L01095,C02227,BR01,Mortgage,2025-08-17,300,84700,4.21,799,Excellent (740+),1.84,96.9,Employee,London,0,Stage 1 (Performing),N,0.0014,0.18,21,Property
L01096,C00382,BR06,Mortgage,2024-07-11,300,493300,5.19,703,Good (670-739),9.0,62.5,Employee,Scotland,0,Stage 1 (Performing),N,0.0298,0.18,2646,Property
L01097,C02961,BR08,Mortgage,2026-03-19,300,246200,4.61,758,Excellent (740+),5.19,64.7,Student,South West,0,Stage 1 (Performing),N,0.0092,0.18,408,Property
L01098,C02875,BR01,Credit Card,2024-11-17,12,2400,20.15,623,Fair (580-669),0.05,,Employee,London,0,Stage 1 (Performing),N,0.0192,0.78,36,Unsecured
L01099,C02405,BR07,Mortgage,2024-11-12,300,192800,5.49,682,Good (670-739),1.95,56.4,Employee,Scotland,0,Stage 1 (Performing),N,0.0104,0.18,361,Property
L01100,C01302,BR10,Mortgage,2025-01-06,300,345100,5.37,682,Good (670-739),3.62,81.9,Self-employed,Northern Ireland,0,Stage 1 (Performing),N,0.0186,0.18,1155,Property
L01101,C00597,BR10,Commercial Mortgage,2026-04-15,300,217300,5.66,629,Fair (580-669),0.2,71.0,Technology,Northern Ireland,0,Stage 1 (Performing),N,0.0137,0.18,536,Property
L01102,C01086,BR01,SME Term Loan,2025-08-31,24,264300,10.72,518,Poor (300-579),0.57,,Precious Metals,London,0,Stage 1 (Performing),N,0.1358,0.45,16151,Unsecured
L01103,C00493,BR02,Credit Card,2025-08-05,24,3600,19.42,690,Good (670-739),0.1,,Employee,London,0,Stage 1 (Performing),N,0.0065,0.78,18,Unsecured
L01104,C00579,BR05,Personal Loan,2024-04-27,12,10300,9.24,649,Fair (580-669),0.4,,Retired,North East,0,Stage 1 (Performing),N,0.0142,0.45,66,Unsecured
L01105,C01162,BR02,Mortgage,2024-12-16,300,394000,5.9,634,Fair (580-669),8.54,73.1,Employee,London,0,Stage 1 (Performing),N,0.0884,0.18,6269,Property
L01106,C01778,BR09,Personal Loan,2026-01-31,60,13300,7.74,815,Excellent (740+),0.57,,Employee,Wales,0,Stage 1 (Performing),N,0.001,0.45,6,Unsecured
L01107,C02495,BR10,Personal Loan,2025-10-15,24,7700,8.32,769,Excellent (740+),0.19,,Student,Northern Ireland,0,Stage 1 (Performing),N,0.0018,0.45,6,Unsecured
L01108,C02543,BR04,Personal Loan,2026-07-28,12,18200,9.13,686,Good (670-739),0.33,,Employee,Midlands,0,Stage 1 (Performing),N,0.0075,0.45,61,Unsecured
L01109,C02183,BR03,Overdraft,2025-03-09,12,3100,8.99,664,Fair (580-669),0.09,,Retired,North West,0,Stage 1 (Performing),N,0.0074,0.78,18,Unsecured
L01110,C02152,BR01,SME Term Loan,2025-09-04,24,158300,11.44,456,Poor (300-579),0.26,,Real Estate,London,100,Stage 3 (Credit-impaired),Y,0.2838,0.45,181948,Unsecured
L01111,C02558,BR03,Credit Card,2025-07-26,12,2700,18.93,749,Excellent (740+),0.05,,Student,North West,0,Stage 1 (Performing),N,0.0024,0.78,5,Unsecured
L01112,C02663,BR04,Mortgage,2024-06-22,300,133600,6.15,599,Fair (580-669),6.14,60.0,Employee,Midlands,15,Stage 1 (Performing),N,0.148,0.18,3559,Property
L01113,C01607,BR04,Mortgage,2025-04-25,300,292800,3.81,844,Excellent (740+),8.44,73.1,Student,Midlands,0,Stage 1 (Performing),N,0.0029,0.18,153,Property
L01114,C02097,BR08,Overdraft,2026-01-25,60,2100,10.33,523,Poor (300-579),0.05,,Employee,South West,0,Stage 1 (Performing),N,0.0714,0.78,117,Unsecured
L01115,C02471,BR02,Mortgage,2025-04-26,300,84100,4.89,731,Good (670-739),2.76,68.1,Self-employed,London,0,Stage 1 (Performing),N,0.0062,0.18,94,Property
L01116,C02508,BR01,Personal Loan,2024-07-07,12,9300,7.9,793,Excellent (740+),0.26,,Student,London,0,Stage 1 (Performing),N,0.0012,0.45,5,Unsecured
L01117,C01425,BR03,Commercial Mortgage,2026-01-23,300,558600,6.02,609,Fair (580-669),1.59,56.6,Real Estate,North West,0,Stage 1 (Performing),N,0.0305,0.18,3067,Property
L01118,C01803,BR08,Commercial Mortgage,2024-12-01,300,304500,5.0,711,Good (670-739),0.44,79.2,Crypto Assets,South West,0,Stage 1 (Performing),N,0.006,0.18,329,Property
L01119,C02191,BR03,SME Term Loan,2024-04-17,60,169200,8.14,779,Excellent (740+),0.38,,Technology,North West,0,Stage 1 (Performing),N,0.0012,0.45,91,Unsecured
L01120,C01209,BR05,Credit Card,2025-10-06,24,3200,18.56,778,Excellent (740+),0.05,,Retired,North East,0,Stage 1 (Performing),N,0.0015,0.78,4,Unsecured
L01121,C02848,BR01,Invoice Finance,2025-04-22,60,57600,10.45,506,Poor (300-579),0.11,,Money Services,London,0,Stage 1 (Performing),N,0.1405,0.45,3642,Receivables
L01122,C02487,BR08,Overdraft,2025-07-08,12,1200,8.25,781,Excellent (740+),0.05,,Retired,South West,0,Stage 1 (Performing),N,0.001,0.78,1,Unsecured
L01123,C02186,BR03,Mortgage,2025-06-18,300,154000,4.47,779,Excellent (740+),3.17,79.2,Self-employed,North West,0,Stage 1 (Performing),N,0.0032,0.18,89,Property
L01124,C00921,BR03,SME Term Loan,2025-08-20,36,87500,8.67,717,Good (670-739),0.29,,Retail,North West,0,Stage 1 (Performing),N,0.0033,0.45,130,Unsecured
L01125,C01298,BR08,Commercial Mortgage,2025-11-02,300,545100,5.21,696,Good (670-739),1.43,70.7,Money Services,South West,0,Stage 1 (Performing),N,0.0108,0.18,1060,Property
L01126,C01968,BR10,Invoice Finance,2026-03-02,60,65300,8.97,672,Good (670-739),0.18,,Technology,Northern Ireland,0,Stage 1 (Performing),N,0.0067,0.45,197,Receivables
L01127,C01532,BR01,SME Term Loan,2025-01-10,24,153100,12.43,407,Poor (300-579),0.21,,Import/Export,London,150,Stage 3 (Credit-impaired),Y,0.4684,0.45,290434,Unsecured
L01128,C01694,BR02,Credit Card,2026-02-09,24,1500,19.09,732,Good (670-739),0.05,,Employee,London,0,Stage 1 (Performing),N,0.0032,0.78,4,Unsecured
L01129,C01207,BR01,Mortgage,2024-11-09,300,222600,4.59,773,Excellent (740+),9.0,60.2,Self-employed,London,0,Stage 1 (Performing),N,0.0095,0.18,381,Property
L01130,C00434,BR10,Mortgage,2024-07-01,300,206200,5.67,665,Fair (580-669),6.46,71.8,Employee,Northern Ireland,0,Stage 1 (Performing),N,0.0547,0.18,2030,Property
L01131,C02446,BR03,Mortgage,2024-10-17,300,137700,5.05,701,Good (670-739),6.96,74.7,Employee,North West,0,Stage 1 (Performing),N,0.0308,0.18,763,Property
L01132,C02484,BR01,Personal Loan,2025-09-11,60,11800,8.97,663,Fair (580-669),0.58,,Student,London,0,Stage 1 (Performing),N,0.012,0.45,64,Unsecured
L01133,C02291,BR07,Credit Card,2024-05-12,36,2900,19.35,708,Good (670-739),0.21,,Employee,Scotland,0,Stage 1 (Performing),N,0.005,0.78,11,Unsecured
L01134,C01671,BR07,Personal Loan,2025-09-20,12,14500,9.89,515,Poor (300-579),0.26,,Employee,Scotland,0,Stage 1 (Performing),N,0.1131,0.45,738,Unsecured
L01135,C00983,BR04,Commercial Mortgage,2025-11-21,300,359500,7.83,439,Poor (300-579),0.14,56.6,Import/Export,Midlands,15,Stage 1 (Performing),N,0.3353,0.18,21697,Property
L01136,C02576,BR02,Credit Card,2025-04-08,60,5000,19.46,687,Good (670-739),0.27,,Employee,London,0,Stage 1 (Performing),N,0.0072,0.78,28,Unsecured
L01137,C01061,BR06,Credit Card,2025-07-21,36,2700,20.01,607,Fair (580-669),0.15,,Employee,Scotland,0,Stage 1 (Performing),N,0.0258,0.78,54,Unsecured
L01138,C01729,BR03,Commercial Mortgage,2025-11-12,300,742800,6.15,575,Poor (300-579),0.45,75.8,Retail,North West,15,Stage 1 (Performing),N,0.0358,0.18,4787,Property
L01139,C01904,BR07,Credit Card,2025-06-27,24,4800,19.86,618,Fair (580-669),0.17,,Senior Public Official,Scotland,0,Stage 1 (Performing),N,0.0337,0.78,126,Unsecured
L01140,C01225,BR05,Credit Card,2024-06-30,24,8900,19.05,732,Good (670-739),0.28,,Employee,North East,0,Stage 1 (Performing),N,0.0034,0.78,24,Unsecured
L01141,C02645,BR04,Credit Card,2025-10-28,12,3800,19.8,645,Fair (580-669),0.07,,Student,Midlands,0,Stage 1 (Performing),N,0.0135,0.78,40,Unsecured
L01142,C00207,BR06,Mortgage,2024-12-21,300,175600,6.37,560,Poor (300-579),3.72,75.3,Employee,Scotland,15,Stage 1 (Performing),N,0.1303,0.18,4119,Property
L01143,C02262,BR04,Mortgage,2024-11-02,300,233900,5.16,688,Good (670-739),7.87,79.3,Self-employed,Midlands,0,Stage 1 (Performing),N,0.0379,0.18,1596,Property
L01144,C01770,BR02,Commercial Mortgage,2026-06-17,300,340500,6.08,532,Poor (300-579),0.45,62.3,Professional Services,London,100,Stage 3 (Credit-impaired),Y,0.1066,0.18,58802,Property
L01145,C00749,BR03,Mortgage,2024-11-30,300,137800,4.67,759,Excellent (740+),5.04,54.1,Employee,North West,0,Stage 1 (Performing),N,0.0086,0.18,213,Property
L01146,C02091,BR06,Mortgage,2026-01-02,300,221500,4.31,787,Excellent (740+),5.74,75.0,Employee,Scotland,0,Stage 1 (Performing),N,0.0069,0.18,275,Property
L01147,C00949,BR07,SME Term Loan,2025-12-13,60,92200,10.79,541,Poor (300-579),0.3,,Money Services,Scotland,0,Stage 1 (Performing),N,0.0888,0.45,3684,Unsecured
L01148,C00928,BR01,Personal Loan,2026-07-16,60,9000,9.11,689,Good (670-739),0.43,,Retired,London,0,Stage 1 (Performing),N,0.0074,0.45,30,Unsecured
L01149,C01568,BR01,Personal Loan,2024-11-13,60,10100,8.36,760,Excellent (740+),0.46,,Self-employed,London,0,Stage 1 (Performing),N,0.0023,0.45,10,Unsecured
L01150,C01594,BR04,SME Term Loan,2024-05-13,60,61300,10.2,547,Poor (300-579),0.05,,Retail,Midlands,0,Stage 1 (Performing),N,0.0748,0.45,2063,Unsecured
L01151,C02618,BR02,Commercial Mortgage,2024-12-14,300,448200,7.57,504,Poor (300-579),0.83,53.7,Construction,London,0,Stage 1 (Performing),N,0.1217,0.18,9818,Property
L01152,C01800,BR01,Mortgage,2024-10-27,300,120200,4.75,747,Excellent (740+),2.26,71.2,Employee,London,0,Stage 1 (Performing),N,0.004,0.18,87,Property
L01153,C00021,BR02,Mortgage,2024-08-11,300,472100,4.96,726,Good (670-739),9.0,39.9,Self-employed,London,0,Stage 1 (Performing),N,0.0205,0.18,1742,Property
L01154,C00869,BR04,Credit Card,2025-12-16,12,4100,19.5,663,Fair (580-669),0.41,,Employee,Midlands,0,Stage 1 (Performing),N,0.0113,0.78,36,Unsecured
L01155,C02714,BR08,Personal Loan,2025-12-29,36,18400,8.5,740,Excellent (740+),0.56,,Employee,South West,0,Stage 1 (Performing),N,0.0033,0.45,27,Unsecured
L01156,C00122,BR01,Credit Card,2025-03-28,24,2300,19.51,676,Good (670-739),0.05,,Self-employed,London,0,Stage 1 (Performing),N,0.008,0.78,14,Unsecured
L01157,C00635,BR01,Personal Loan,2026-02-15,24,14000,9.2,673,Good (670-739),0.08,,Employee,London,0,Stage 1 (Performing),N,0.0085,0.45,54,Unsecured
L01158,C00200,BR03,Credit Card,2025-05-10,24,3800,18.77,759,Excellent (740+),0.09,,Self-employed,North West,0,Stage 1 (Performing),N,0.0021,0.78,6,Unsecured
L01159,C02643,BR06,Overdraft,2025-03-30,60,3900,9.72,604,Fair (580-669),0.29,,Employee,Scotland,0,Stage 1 (Performing),N,0.0212,0.78,64,Unsecured
L01160,C00704,BR04,Credit Card,2025-08-05,12,5900,20.76,586,Fair (580-669),0.12,,Employee,Midlands,0,Stage 1 (Performing),N,0.0359,0.78,165,Unsecured
L01161,C01681,BR08,Credit Card,2025-07-31,36,1900,19.57,690,Good (670-739),0.05,,Self-employed,South West,0,Stage 1 (Performing),N,0.0064,0.78,9,Unsecured
L01162,C01673,BR01,Overdraft,2025-05-29,12,4200,9.92,607,Fair (580-669),0.28,,Student,London,0,Stage 1 (Performing),N,0.0201,0.78,66,Unsecured
L01163,C00745,BR03,Credit Card,2025-07-12,12,2000,18.81,763,Excellent (740+),0.05,,Property Investor,North West,0,Stage 1 (Performing),N,0.0019,0.78,3,Unsecured
L01164,C01574,BR02,Credit Card,2025-11-29,12,7300,19.57,648,Fair (580-669),0.21,,Employee,London,0,Stage 1 (Performing),N,0.0135,0.78,77,Unsecured
L01165,C00037,BR07,SME Term Loan,2025-03-07,12,92800,10.22,577,Poor (300-579),0.05,,Retail,Scotland,0,Stage 1 (Performing),N,0.0303,0.45,1265,Unsecured
L01166,C00305,BR05,SME Term Loan,2024-11-10,12,55400,9.39,612,Fair (580-669),0.05,,Real Estate,North East,0,Stage 1 (Performing),N,0.0171,0.45,426,Unsecured
L01167,C01050,BR02,Commercial Mortgage,2025-02-07,300,577500,7.09,482,Poor (300-579),0.46,62.7,Hospitality,London,15,Stage 1 (Performing),N,0.1494,0.18,15530,Property
L01168,C00522,BR05,Mortgage,2026-04-03,300,223900,4.22,798,Excellent (740+),6.78,73.9,Self-employed,North East,0,Stage 1 (Performing),N,0.0063,0.18,254,Property
L01169,C00019,BR06,Mortgage,2024-12-05,300,140700,5.06,698,Good (670-739),6.33,69.3,Student,Scotland,15,Stage 1 (Performing),N,0.0323,0.18,818,Property
L01170,C00665,BR09,Commercial Mortgage,2026-02-12,300,301000,6.04,609,Fair (580-669),0.07,61.4,Precious Metals,Wales,0,Stage 1 (Performing),N,0.0281,0.18,1522,Property
L01171,C01380,BR05,Personal Loan,2026-01-31,24,14900,8.52,738,Good (670-739),0.64,,Employee,North East,0,Stage 1 (Performing),N,0.0035,0.45,23,Unsecured
L01172,C01590,BR06,Mortgage,2024-06-08,300,118600,5.05,715,Good (670-739),3.28,46.9,Employee,Scotland,0,Stage 1 (Performing),N,0.0096,0.18,205,Property
L01173,C01332,BR09,Credit Card,2025-12-21,36,2700,20.33,626,Fair (580-669),0.05,,Employee,Wales,0,Stage 1 (Performing),N,0.0183,0.78,39,Unsecured
L01174,C00047,BR02,Mortgage,2025-05-07,300,507600,4.62,757,Excellent (740+),6.48,87.9,Employee,London,0,Stage 1 (Performing),N,0.0123,0.18,1124,Property
L01175,C01164,BR07,Invoice Finance,2025-11-11,36,42400,9.01,677,Good (670-739),0.05,,Retail,Scotland,0,Stage 1 (Performing),N,0.0059,0.45,113,Receivables
L01176,C01146,BR03,Credit Card,2025-07-11,36,4700,19.81,646,Fair (580-669),0.08,,Student,North West,0,Stage 1 (Performing),N,0.0133,0.78,49,Unsecured
L01177,C02013,BR01,Personal Loan,2026-01-30,12,14700,10.28,555,Poor (300-579),0.15,,Student,London,0,Stage 1 (Performing),N,0.0593,0.45,392,Unsecured
L01178,C02672,BR04,Commercial Mortgage,2024-12-13,300,648200,4.87,732,Good (670-739),2.86,46.9,Retail,Midlands,0,Stage 1 (Performing),N,0.0063,0.18,735,Property
L01179,C02642,BR05,Business Overdraft,2025-11-12,12,37200,9.82,624,Fair (580-669),0.06,,Professional Services,North East,0,Stage 1 (Performing),N,0.019,0.78,551,Unsecured
L01180,C00486,BR08,Credit Card,2025-01-31,60,1300,20.49,611,Fair (580-669),0.05,,Employee,South West,15,Stage 1 (Performing),N,0.0234,0.78,24,Unsecured
L01181,C02342,BR09,Credit Card,2025-05-24,24,3200,20.31,565,Poor (300-579),0.15,,Employee,Wales,0,Stage 1 (Performing),N,0.0507,0.78,127,Unsecured
L01182,C02315,BR01,Mortgage,2026-02-11,300,375700,4.63,767,Excellent (740+),7.79,62.4,Employee,London,0,Stage 1 (Performing),N,0.0105,0.18,710,Property
L01183,C02900,BR06,Mortgage,2025-06-29,300,154000,5.27,693,Good (670-739),3.53,74.4,Employee,Scotland,75,Stage 2 (Significant increase in risk),N,0.0151,0.18,1465,Property
L01184,C02436,BR05,Credit Card,2024-10-28,36,9100,19.28,712,Good (670-739),0.48,,Director,North East,0,Stage 1 (Performing),N,0.0051,0.78,36,Unsecured
L01185,C00523,BR04,Business Overdraft,2024-09-03,12,28000,9.63,638,Fair (580-669),0.14,,Professional Services,Midlands,0,Stage 1 (Performing),N,0.0155,0.78,339,Unsecured
L01186,C02709,BR09,Mortgage,2024-07-07,300,126800,6.13,580,Fair (580-669),3.73,68.1,Employee,Wales,0,Stage 1 (Performing),N,0.0973,0.18,2221,Property
L01187,C01095,BR02,SME Term Loan,2025-07-27,36,122800,9.16,681,Good (670-739),0.39,,Professional Services,London,0,Stage 1 (Performing),N,0.0062,0.45,343,Unsecured
L01188,C02200,BR09,SME Term Loan,2025-01-11,60,229100,10.89,449,Poor (300-579),0.16,,Precious Metals,Wales,100,Stage 3 (Credit-impaired),Y,0.3007,0.45,279006,Unsecured
L01189,C02923,BR03,Mortgage,2025-10-06,300,162600,6.39,590,Fair (580-669),4.79,56.9,Self-employed,North West,15,Stage 1 (Performing),N,0.1168,0.18,3419,Property
L01190,C02032,BR03,Business Overdraft,2025-09-03,12,32200,9.58,636,Fair (580-669),0.05,,Import/Export,North West,0,Stage 1 (Performing),N,0.0155,0.78,389,Unsecured
L01191,C02897,BR01,Mortgage,2025-11-05,300,147700,4.65,754,Excellent (740+),5.3,80.7,Retired,London,0,Stage 1 (Performing),N,0.0102,0.18,271,Property
L01192,C01199,BR07,Commercial Mortgage,2025-03-24,300,322700,4.99,720,Good (670-739),0.22,53.0,Professional Services,Scotland,0,Stage 1 (Performing),N,0.003,0.18,174,Property
L01193,C02132,BR06,Mortgage,2025-10-29,300,232000,5.8,634,Fair (580-669),8.13,40.5,Employee,Scotland,0,Stage 1 (Performing),N,0.0884,0.18,3692,Property
L01194,C02504,BR01,SME Term Loan,2024-05-21,24,120000,9.7,632,Fair (580-669),0.56,,Construction,London,0,Stage 1 (Performing),N,0.0147,0.45,794,Unsecured
L01195,C01198,BR02,Credit Card,2026-04-30,36,4700,19.22,715,Good (670-739),0.2,,Self-employed,London,0,Stage 1 (Performing),N,0.0044,0.78,16,Unsecured
L01196,C01947,BR06,Personal Loan,2024-06-22,60,13200,8.95,686,Good (670-739),0.73,,Employee,Scotland,0,Stage 1 (Performing),N,0.0086,0.45,51,Unsecured
L01197,C02782,BR07,Mortgage,2025-08-18,300,655000,5.33,665,Fair (580-669),3.47,94.1,Employee,Scotland,0,Stage 1 (Performing),N,0.0233,0.18,2747,Property
L01198,C02382,BR01,Mortgage,2024-08-29,300,135000,5.22,676,Good (670-739),2.39,76.6,Senior Public Official,London,15,Stage 1 (Performing),N,0.0134,0.18,326,Property
L01199,C02784,BR03,Mortgage,2025-10-31,300,94900,5.59,665,Fair (580-669),3.88,93.5,Student,North West,0,Stage 1 (Performing),N,0.0268,0.18,458,Property
L01200,C01848,BR05,Business Overdraft,2024-08-15,60,32300,9.65,625,Fair (580-669),0.15,,Professional Services,North East,0,Stage 1 (Performing),N,0.0192,0.78,484,Unsecured
L01201,C00505,BR01,Commercial Mortgage,2025-08-08,300,458100,4.48,786,Excellent (740+),0.16,75.9,Charity,London,0,Stage 1 (Performing),N,0.001,0.18,82,Property
L01202,C02030,BR03,Mortgage,2024-09-29,300,115000,5.45,656,Fair (580-669),1.6,25.0,Retired,North West,0,Stage 1 (Performing),N,0.0142,0.18,294,Property
L01203,C02237,BR03,SME Term Loan,2025-12-05,60,207800,10.63,524,Poor (300-579),0.93,,Money Services,North West,0,Stage 1 (Performing),N,0.1389,0.45,12989,Unsecured
L01204,C01224,BR01,SME Term Loan,2026-04-20,24,69300,9.54,610,Fair (580-669),0.05,,Import/Export,London,0,Stage 1 (Performing),N,0.0275,0.45,858,Unsecured
L01205,C02644,BR01,Business Overdraft,2025-06-23,60,13200,9.46,630,Fair (580-669),0.05,,Real Estate,London,0,Stage 1 (Performing),N,0.0171,0.78,176,Unsecured
L01206,C00543,BR03,Credit Card,2024-02-15,60,4900,18.92,749,Excellent (740+),0.19,,Property Investor,North West,0,Stage 1 (Performing),N,0.0025,0.78,10,Unsecured
L01207,C02732,BR01,Overdraft,2025-10-15,36,3400,9.88,579,Poor (300-579),0.05,,Employee,London,0,Stage 1 (Performing),N,0.0293,0.78,78,Unsecured
L01208,C02867,BR04,Mortgage,2026-01-04,300,641100,5.48,646,Fair (580-669),9.0,75.3,Employee,Midlands,0,Stage 1 (Performing),N,0.0736,0.18,8493,Property
L01209,C00538,BR01,SME Term Loan,2025-08-27,60,47500,10.12,539,Poor (300-579),0.07,,Professional Services,London,0,Stage 1 (Performing),N,0.056,0.45,1197,Unsecured
L01210,C02086,BR01,Mortgage,2026-06-15,300,123800,4.38,780,Excellent (740+),2.94,52.0,Student,London,0,Stage 1 (Performing),N,0.0029,0.18,65,Property
L01211,C02579,BR10,Commercial Mortgage,2025-02-02,300,371800,4.8,740,Excellent (740+),0.59,63.7,Technology,Northern Ireland,0,Stage 1 (Performing),N,0.0025,0.18,167,Property
L01212,C01556,BR07,Personal Loan,2025-03-14,12,9900,8.67,725,Good (670-739),0.27,,Employee,Scotland,0,Stage 1 (Performing),N,0.0039,0.45,17,Unsecured
L01213,C00753,BR08,Commercial Mortgage,2024-11-11,300,407200,6.37,586,Fair (580-669),0.38,68.6,Retail,South West,0,Stage 1 (Performing),N,0.0452,0.18,3313,Property
L01214,C00244,BR09,Personal Loan,2025-02-13,24,8700,8.8,714,Good (670-739),0.05,,Employee,Wales,0,Stage 1 (Performing),N,0.0043,0.45,17,Unsecured
L01215,C02250,BR01,Credit Card,2026-05-07,60,2000,20.33,624,Fair (580-669),0.12,,Self-employed,London,0,Stage 1 (Performing),N,0.0194,0.78,30,Unsecured
L01216,C02540,BR02,Mortgage,2025-09-01,300,180000,4.78,742,Excellent (740+),3.61,80.4,Employee,London,0,Stage 1 (Performing),N,0.0069,0.18,224,Property
L01217,C02161,BR09,Personal Loan,2025-08-23,12,16600,8.98,687,Good (670-739),0.34,,Retired,Wales,0,Stage 1 (Performing),N,0.0074,0.45,55,Unsecured
L01218,C02120,BR02,Mortgage,2025-02-12,300,315600,6.03,628,Fair (580-669),9.0,63.9,Employee,London,0,Stage 1 (Performing),N,0.0968,0.18,5499,Property
L01219,C01960,BR01,Credit Card,2024-04-21,36,3000,18.69,771,Excellent (740+),0.19,,Employee,London,0,Stage 1 (Performing),N,0.0017,0.78,4,Unsecured
L01220,C02884,BR05,Mortgage,2026-02-10,300,281600,4.6,764,Excellent (740+),9.0,73.0,Employee,North East,0,Stage 1 (Performing),N,0.011,0.18,558,Property
L01221,C01669,BR03,Personal Loan,2024-10-31,36,14500,8.52,737,Good (670-739),0.3,,Employee,North West,0,Stage 1 (Performing),N,0.0032,0.45,21,Unsecured
L01222,C00289,BR02,Personal Loan,2024-03-05,60,9600,8.89,695,Good (670-739),0.23,,Self-employed,London,0,Stage 1 (Performing),N,0.0062,0.45,27,Unsecured
L01223,C00894,BR07,Personal Loan,2026-07-29,60,10300,9.17,673,Good (670-739),0.08,,Employee,Scotland,0,Stage 1 (Performing),N,0.0085,0.45,39,Unsecured
L01224,C02916,BR02,Invoice Finance,2025-12-02,36,61500,10.34,567,Poor (300-579),0.52,,Import/Export,London,0,Stage 1 (Performing),N,0.0639,0.45,1768,Receivables
L01225,C02045,BR02,Credit Card,2026-08-26,12,14300,19.19,715,Good (670-739),0.58,,Employee,London,0,Stage 1 (Performing),N,0.0051,0.78,57,Unsecured
L01226,C00003,BR08,Mortgage,2025-01-11,300,237800,5.68,617,Fair (580-669),5.27,44.7,Self-employed,South West,0,Stage 1 (Performing),N,0.0907,0.18,3882,Property
L01227,C02083,BR06,Invoice Finance,2025-08-21,12,40200,9.61,608,Fair (580-669),0.06,,Import/Export,Scotland,0,Stage 1 (Performing),N,0.0184,0.45,333,Receivables
L01228,C00568,BR03,SME Term Loan,2024-11-08,60,88600,9.95,565,Poor (300-579),0.3,,Retail,North West,0,Stage 1 (Performing),N,0.04,0.45,1595,Unsecured
L01229,C01068,BR08,Personal Loan,2025-01-13,12,9300,8.19,778,Excellent (740+),0.2,,Director,South West,0,Stage 1 (Performing),N,0.0016,0.45,7,Unsecured
L01230,C00400,BR01,Credit Card,2024-02-08,12,6700,20.53,604,Fair (580-669),0.14,,Self-employed,London,0,Stage 1 (Performing),N,0.027,0.78,141,Unsecured
L01231,C00181,BR01,Mortgage,2024-06-22,300,82700,6.87,555,Poor (300-579),2.29,58.9,Self-employed,London,0,Stage 1 (Performing),N,0.0899,0.18,1338,Property
L01232,C00147,BR02,Credit Card,2026-02-19,12,2400,19.64,637,Fair (580-669),0.05,,Employee,London,45,Stage 2 (Significant increase in risk),N,0.0153,0.78,100,Unsecured
L01233,C00630,BR01,Personal Loan,2025-11-28,36,17600,8.74,711,Good (670-739),0.53,,Employee,London,0,Stage 1 (Performing),N,0.0053,0.45,42,Unsecured
L01234,C00761,BR08,Business Overdraft,2025-05-10,60,30300,9.31,634,Fair (580-669),0.05,,Technology,South West,0,Stage 1 (Performing),N,0.0161,0.78,381,Unsecured
L01235,C00402,BR10,Commercial Mortgage,2026-03-30,300,427200,5.46,683,Good (670-739),2.14,52.7,Import/Export,Northern Ireland,0,Stage 1 (Performing),N,0.0171,0.18,1315,Property
L01236,C00414,BR02,Overdraft,2024-09-17,60,3500,8.37,751,Excellent (740+),0.05,,Employee,London,0,Stage 1 (Performing),N,0.0017,0.78,5,Unsecured
L01237,C01105,BR01,Mortgage,2026-01-23,300,120800,6.78,530,Poor (300-579),2.47,87.8,Employee,London,0,Stage 1 (Performing),N,0.1376,0.18,2992,Property
L01238,C00860,BR03,Mortgage,2025-06-07,300,260800,4.97,715,Good (670-739),4.63,85.4,Employee,North West,0,Stage 1 (Performing),N,0.0153,0.18,718,Property
L01239,C00607,BR01,Commercial Mortgage,2026-02-26,300,251200,5.28,664,Fair (580-669),0.86,93.0,Real Estate,London,0,Stage 1 (Performing),N,0.0096,0.18,434,Property
L01240,C00173,BR02,Personal Loan,2025-01-24,36,6700,9.66,610,Fair (580-669),0.2,,Employee,London,0,Stage 1 (Performing),N,0.025,0.45,75,Unsecured
L01241,C00668,BR09,Mortgage,2025-07-20,300,277200,5.25,693,Good (670-739),9.0,70.3,Self-employed,Wales,0,Stage 1 (Performing),N,0.035,0.18,1746,Property
L01242,C02054,BR04,Invoice Finance,2026-07-31,36,41900,9.12,645,Fair (580-669),0.05,,Retail,Midlands,0,Stage 1 (Performing),N,0.01,0.45,189,Receivables
L01243,C00228,BR10,Mortgage,2025-11-11,300,187800,5.66,654,Fair (580-669),2.69,76.1,Self-employed,Northern Ireland,0,Stage 1 (Performing),N,0.0213,0.18,720,Property
L01244,C02119,BR02,SME Term Loan,2024-08-08,60,126800,9.17,632,Fair (580-669),0.17,,Import/Export,London,0,Stage 1 (Performing),N,0.0129,0.45,736,Unsecured
L01245,C00476,BR07,Credit Card,2024-07-06,36,2500,19.19,722,Good (670-739),0.08,,Self-employed,Scotland,0,Stage 1 (Performing),N,0.0038,0.78,7,Unsecured
L01246,C01513,BR10,SME Term Loan,2025-03-25,36,125900,9.36,603,Fair (580-669),0.35,,Hospitality,Northern Ireland,0,Stage 1 (Performing),N,0.022,0.45,1246,Unsecured
L01247,C00488,BR03,Mortgage,2025-08-22,300,614100,5.28,694,Good (670-739),9.0,60.9,Self-employed,North West,0,Stage 1 (Performing),N,0.0344,0.18,3803,Property
L01248,C02028,BR02,Credit Card,2025-12-23,24,3700,20.33,614,Fair (580-669),0.24,,Employee,London,0,Stage 1 (Performing),N,0.0238,0.78,69,Unsecured
L01249,C00643,BR01,Commercial Mortgage,2026-05-11,300,653400,5.81,603,Fair (580-669),3.45,56.9,Precious Metals,London,0,Stage 1 (Performing),N,0.0946,0.18,11126,Property
L01250,C00576,BR01,Credit Card,2024-09-16,12,5700,19.63,654,Fair (580-669),0.11,,Retired,London,0,Stage 1 (Performing),N,0.0118,0.78,52,Unsecured
L01251,C02793,BR04,Credit Card,2025-06-12,36,2300,19.14,724,Good (670-739),0.05,,Employee,Midlands,0,Stage 1 (Performing),N,0.0036,0.78,6,Unsecured
L01252,C01970,BR08,Mortgage,2024-08-19,300,118800,5.03,704,Good (670-739),1.49,68.2,Senior Public Official,South West,0,Stage 1 (Performing),N,0.0097,0.18,207,Property
L01253,C02940,BR10,Credit Card,2025-07-21,60,4000,18.34,817,Excellent (740+),0.05,,Self-employed,Northern Ireland,0,Stage 1 (Performing),N,0.0008,0.78,2,Unsecured
L01254,C01005,BR02,Credit Card,2024-06-25,12,1500,19.77,666,Fair (580-669),0.05,,Retired,London,0,Stage 1 (Performing),N,0.0095,0.78,11,Unsecured
L01255,C00204,BR03,Personal Loan,2026-01-27,60,12300,8.62,729,Good (670-739),0.87,,Employee,North West,0,Stage 1 (Performing),N,0.0044,0.45,24,Unsecured
L01256,C00412,BR04,SME Term Loan,2025-05-27,36,107500,9.51,620,Fair (580-669),0.19,,Construction,Midlands,0,Stage 1 (Performing),N,0.0158,0.45,764,Unsecured
L01257,C00259,BR03,Personal Loan,2025-04-17,60,15000,8.56,731,Good (670-739),0.22,,Employee,North West,0,Stage 1 (Performing),N,0.0034,0.45,23,Unsecured
L01258,C02803,BR03,Mortgage,2026-03-09,300,271800,5.48,640,Fair (580-669),4.43,42.9,Employee,North West,0,Stage 1 (Performing),N,0.0482,0.18,2358,Property
L01259,C01626,BR01,Mortgage,2024-12-29,300,406500,5.62,627,Fair (580-669),9.0,52.6,Employee,London,0,Stage 1 (Performing),N,0.0983,0.18,7193,Property
L01260,C00792,BR06,Business Overdraft,2024-11-08,24,21600,9.28,635,Fair (580-669),0.05,,Real Estate,Scotland,0,Stage 1 (Performing),N,0.0158,0.78,266,Unsecured
L01261,C00531,BR08,SME Term Loan,2024-12-25,60,177000,9.66,642,Fair (580-669),0.11,,Technology,South West,0,Stage 1 (Performing),N,0.0107,0.45,852,Unsecured
L01262,C02607,BR07,Business Overdraft,2025-10-08,24,32100,9.63,645,Fair (580-669),0.17,,Money Services,Scotland,0,Stage 1 (Performing),N,0.0217,0.78,543,Unsecured
L01263,C02514,BR08,Commercial Mortgage,2025-12-26,300,538500,5.26,689,Good (670-739),0.59,59.1,Retail,South West,0,Stage 1 (Performing),N,0.0058,0.18,562,Property
L01264,C02430,BR01,Personal Loan,2025-12-21,36,11300,8.7,722,Good (670-739),0.69,,Employee,London,0,Stage 1 (Performing),N,0.0047,0.45,24,Unsecured
L01265,C01801,BR03,Personal Loan,2024-03-23,24,18700,9.8,628,Fair (580-669),0.35,,Employee,North West,0,Stage 1 (Performing),N,0.0196,0.45,165,Unsecured
L01266,C02524,BR01,Commercial Mortgage,2025-08-13,300,300900,5.62,626,Fair (580-669),0.5,46.1,Retail,London,0,Stage 1 (Performing),N,0.0159,0.18,861,Property
L01267,C00966,BR02,SME Term Loan,2024-12-17,24,133500,8.74,707,Good (670-739),0.29,,Technology,London,0,Stage 1 (Performing),N,0.0039,0.45,234,Unsecured
L01268,C02340,BR08,Commercial Mortgage,2025-01-24,300,705200,5.85,644,Fair (580-669),1.14,86.1,Retail,South West,100,Stage 3 (Credit-impaired),Y,0.0148,0.18,16908,Property
L01269,C00834,BR01,Commercial Mortgage,2026-04-04,300,312700,5.56,639,Fair (580-669),2.89,92.5,Professional Services,London,0,Stage 1 (Performing),N,0.0292,0.18,1644,Property
L01270,C02960,BR01,Mortgage,2026-06-27,300,144000,4.1,830,Excellent (740+),1.23,55.0,Employee,London,0,Stage 1 (Performing),N,0.0007,0.18,18,Property
L01271,C01586,BR05,Mortgage,2025-02-20,300,157400,5.07,709,Good (670-739),5.34,47.3,Employee,North East,0,Stage 1 (Performing),N,0.0216,0.18,612,Property
L01272,C00551,BR07,Mortgage,2025-10-07,300,218100,5.28,680,Good (670-739),4.99,46.3,Employee,Scotland,0,Stage 1 (Performing),N,0.0307,0.18,1205,Property
L01273,C02279,BR08,Mortgage,2026-01-14,300,262200,5.23,683,Good (670-739),3.45,53.6,Employee,South West,0,Stage 1 (Performing),N,0.0173,0.18,816,Property
L01274,C01578,BR01,Overdraft,2024-05-11,36,3800,8.58,728,Good (670-739),0.16,,Employee,London,0,Stage 1 (Performing),N,0.0026,0.78,8,Unsecured
L01275,C01337,BR07,Mortgage,2025-05-27,300,527000,5.54,664,Fair (580-669),6.43,61.7,Employee,Scotland,100,Stage 3 (Credit-impaired),Y,0.0555,0.18,47383,Property
L01276,C02693,BR09,Invoice Finance,2024-11-20,36,127000,9.82,605,Fair (580-669),0.19,,Precious Metals,Wales,0,Stage 1 (Performing),N,0.0202,0.45,1154,Receivables
L01277,C02460,BR06,Personal Loan,2025-08-22,24,13700,8.71,716,Good (670-739),0.22,,Employee,Scotland,0,Stage 1 (Performing),N,0.0044,0.45,27,Unsecured
L01278,C00804,BR01,Mortgage,2026-02-02,300,186300,4.44,781,Excellent (740+),1.45,64.3,Self-employed,London,0,Stage 1 (Performing),N,0.0017,0.18,57,Property
L01279,C01727,BR04,Personal Loan,2026-05-12,36,7000,8.52,738,Good (670-739),0.33,,Self-employed,Midlands,0,Stage 1 (Performing),N,0.0032,0.45,10,Unsecured
L01280,C01987,BR06,Personal Loan,2025-04-13,24,17700,9.65,639,Fair (580-669),0.15,,Employee,Scotland,0,Stage 1 (Performing),N,0.0153,0.45,122,Unsecured
L01281,C02115,BR02,Commercial Mortgage,2024-10-17,300,537400,5.85,590,Fair (580-669),0.16,57.2,Precious Metals,London,0,Stage 1 (Performing),N,0.0394,0.18,3811,Property
L01282,C00388,BR02,Overdraft,2026-01-17,60,2200,9.05,659,Fair (580-669),0.07,,Retired,London,0,Stage 1 (Performing),N,0.008,0.78,14,Unsecured
L01283,C01932,BR08,Personal Loan,2025-10-12,24,11200,9.34,668,Fair (580-669),0.12,,Property Investor,South West,0,Stage 1 (Performing),N,0.0094,0.45,47,Unsecured
L01284,C01396,BR04,Mortgage,2025-05-16,300,210800,5.96,588,Fair (580-669),8.06,77.9,Employee,Midlands,75,Stage 2 (Significant increase in risk),N,0.1727,0.18,22935,Property
L01285,C01390,BR09,Overdraft,2025-05-10,24,800,8.94,685,Good (670-739),0.05,,Director,Wales,0,Stage 1 (Performing),N,0.0051,0.78,3,Unsecured
L01286,C02696,BR09,Mortgage,2025-03-09,300,216700,4.51,775,Excellent (740+),3.32,53.8,Employee,Wales,0,Stage 1 (Performing),N,0.0036,0.18,140,Property
L01287,C02827,BR09,Credit Card,2026-03-19,24,4700,19.28,713,Good (670-739),0.12,,Employee,Wales,0,Stage 1 (Performing),N,0.0045,0.78,16,Unsecured
L01288,C02384,BR03,Personal Loan,2024-12-12,12,11500,10.7,529,Poor (300-579),0.55,,Employee,North West,0,Stage 1 (Performing),N,0.1006,0.45,521,Unsecured
L01289,C02140,BR03,Mortgage,2026-03-12,300,137000,5.15,709,Good (670-739),9.0,93.6,Employee,North West,0,Stage 1 (Performing),N,0.027,0.18,666,Property
L01290,C02433,BR09,Mortgage,2024-03-12,300,227100,5.34,665,Fair (580-669),1.57,76.3,Employee,Wales,0,Stage 1 (Performing),N,0.0121,0.18,495,Property
L01291,C02677,BR03,Personal Loan,2025-06-22,24,15100,9.8,620,Fair (580-669),0.22,,Director,North West,0,Stage 1 (Performing),N,0.0214,0.45,145,Unsecured
L01292,C02285,BR05,Mortgage,2024-08-10,300,504900,5.05,699,Good (670-739),8.76,62.2,Employee,North East,0,Stage 1 (Performing),N,0.0318,0.18,2890,Property
L01293,C02408,BR07,Commercial Mortgage,2025-09-13,300,687800,6.25,616,Fair (580-669),2.4,74.7,Import/Export,Scotland,0,Stage 1 (Performing),N,0.0358,0.18,4432,Property
L01294,C01352,BR02,Mortgage,2024-11-06,300,291300,4.37,780,Excellent (740+),3.66,73.2,Self-employed,London,0,Stage 1 (Performing),N,0.0037,0.18,194,Property
L01295,C01368,BR01,Personal Loan,2026-03-09,60,11800,9.67,637,Fair (580-669),0.19,,Student,London,0,Stage 1 (Performing),N,0.016,0.45,85,Unsecured
L01296,C00703,BR02,SME Term Loan,2024-07-02,24,52200,9.76,587,Fair (580-669),0.1,,Hospitality,London,0,Stage 1 (Performing),N,0.0262,0.45,615,Unsecured
L01297,C01297,BR04,Mortgage,2025-01-15,300,179500,6.02,579,Poor (300-579),5.52,55.0,Employee,Midlands,0,Stage 1 (Performing),N,0.1701,0.18,5496,Property
L01298,C00780,BR06,Mortgage,2026-01-30,300,119300,4.23,814,Excellent (740+),9.0,60.0,Employee,Scotland,0,Stage 1 (Performing),N,0.0048,0.18,103,Property
L01299,C00676,BR06,Invoice Finance,2025-01-22,36,57900,8.66,719,Good (670-739),0.05,,Real Estate,Scotland,0,Stage 1 (Performing),N,0.0029,0.45,76,Receivables
L01300,C00422,BR05,Mortgage,2026-03-27,300,361400,5.26,696,Good (670-739),3.06,68.5,Student,North East,0,Stage 1 (Performing),N,0.0122,0.18,794,Property
L01301,C02255,BR09,Personal Loan,2024-08-06,60,19600,9.89,584,Fair (580-669),0.38,,Retired,Wales,150,Stage 3 (Credit-impaired),Y,0.0404,0.45,3207,Unsecured
L01302,C02467,BR02,Personal Loan,2026-04-09,24,18300,9.2,678,Good (670-739),0.19,,Employee,London,0,Stage 1 (Performing),N,0.0082,0.45,68,Unsecured
L01303,C02632,BR04,Overdraft,2025-12-31,24,2600,8.25,772,Excellent (740+),0.05,,Employee,Midlands,0,Stage 1 (Performing),N,0.0012,0.78,2,Unsecured
L01304,C02014,BR07,Mortgage,2025-03-15,300,349400,5.0,707,Good (670-739),4.48,63.0,Employee,Scotland,0,Stage 1 (Performing),N,0.0166,0.18,1044,Property
L01305,C00611,BR03,SME Term Loan,2026-08-15,60,84800,9.31,611,Fair (580-669),0.1,,Crypto Assets,North West,0,Stage 1 (Performing),N,0.0275,0.45,1049,Unsecured
L01306,C00038,BR02,Mortgage,2025-10-27,300,91100,4.36,780,Excellent (740+),3.82,88.0,Director,London,0,Stage 1 (Performing),N,0.004,0.18,66,Property
L01307,C00475,BR04,SME Term Loan,2025-07-09,60,102200,8.76,713,Good (670-739),0.11,,Money Services,Midlands,0,Stage 1 (Performing),N,0.0033,0.45,152,Unsecured
L01308,C02684,BR05,Personal Loan,2026-02-19,12,12300,9.26,672,Good (670-739),0.42,,Property Investor,North East,0,Stage 1 (Performing),N,0.0098,0.45,54,Unsecured
L01309,C02151,BR02,Mortgage,2026-01-17,300,100500,4.85,733,Good (670-739),4.36,79.2,Employee,London,0,Stage 1 (Performing),N,0.0104,0.18,188,Property
L01310,C01465,BR07,SME Term Loan,2024-07-02,36,75400,10.03,553,Poor (300-579),0.76,,Precious Metals,Scotland,0,Stage 1 (Performing),N,0.0564,0.45,1914,Unsecured
L01311,C01921,BR03,Personal Loan,2024-11-05,24,4000,9.13,680,Good (670-739),0.15,,Employee,North West,0,Stage 1 (Performing),N,0.0078,0.45,14,Unsecured
L01312,C01885,BR05,Mortgage,2026-03-23,300,178900,5.17,699,Good (670-739),3.49,73.2,Retired,North East,0,Stage 1 (Performing),N,0.0135,0.18,435,Property
L01313,C00634,BR08,Credit Card,2024-09-28,24,7000,18.19,820,Excellent (740+),0.28,,Employee,South West,0,Stage 1 (Performing),N,0.0008,0.78,4,Unsecured
L01314,C00145,BR02,Personal Loan,2025-09-30,36,9000,8.8,713,Good (670-739),0.2,,Employee,London,0,Stage 1 (Performing),N,0.0046,0.45,19,Unsecured
L01315,C02718,BR01,Overdraft,2025-12-21,12,4600,8.23,777,Excellent (740+),0.05,,Employee,London,0,Stage 1 (Performing),N,0.0011,0.78,4,Unsecured
L01316,C02850,BR08,SME Term Loan,2024-10-10,24,106500,9.68,561,Poor (300-579),0.05,,Crypto Assets,South West,0,Stage 1 (Performing),N,0.0601,0.45,2880,Unsecured
L01317,C02401,BR03,Mortgage,2024-09-21,300,158600,6.0,632,Fair (580-669),1.05,64.5,Self-employed,North West,0,Stage 1 (Performing),N,0.0174,0.18,497,Property
L01318,C01844,BR10,Personal Loan,2025-10-22,24,5400,9.09,671,Good (670-739),0.08,,Employee,Northern Ireland,0,Stage 1 (Performing),N,0.0088,0.45,21,Unsecured
L01319,C00383,BR04,Mortgage,2025-12-24,300,313000,4.87,733,Good (670-739),9.0,70.4,Employee,Midlands,0,Stage 1 (Performing),N,0.0183,0.18,1031,Property
L01320,C01074,BR04,Commercial Mortgage,2025-03-01,300,574900,6.74,578,Poor (300-579),1.07,48.1,Technology,Midlands,0,Stage 1 (Performing),N,0.0421,0.18,4357,Property
L01321,C02989,BR04,Credit Card,2024-08-02,12,2100,19.67,640,Fair (580-669),0.13,,Employee,Midlands,0,Stage 1 (Performing),N,0.015,0.78,25,Unsecured
L01322,C02992,BR06,SME Term Loan,2025-12-24,12,79200,8.77,704,Good (670-739),3.15,,Technology,Scotland,0,Stage 1 (Performing),N,0.011,0.45,392,Unsecured
L01323,C01140,BR01,Mortgage,2025-02-15,300,368200,5.7,665,Fair (580-669),8.96,70.9,Student,London,0,Stage 1 (Performing),N,0.0547,0.18,3625,Property
L01324,C01809,BR02,SME Term Loan,2025-02-14,36,68300,9.02,676,Good (670-739),0.07,,Construction,London,0,Stage 1 (Performing),N,0.006,0.45,184,Unsecured
L01325,C02414,BR08,Personal Loan,2025-06-18,24,14500,10.04,605,Fair (580-669),0.52,,Employee,South West,0,Stage 1 (Performing),N,0.0302,0.45,197,Unsecured
L01326,C02592,BR06,Credit Card,2026-05-02,24,1700,18.83,758,Excellent (740+),0.14,,Employee,Scotland,0,Stage 1 (Performing),N,0.0021,0.78,3,Unsecured
L01327,C01151,BR04,Credit Card,2026-07-04,24,2700,20.39,597,Fair (580-669),0.18,,Self-employed,Midlands,0,Stage 1 (Performing),N,0.0307,0.78,65,Unsecured
L01328,C00770,BR03,Personal Loan,2026-06-27,12,16900,8.59,726,Good (670-739),0.17,,Employee,North West,0,Stage 1 (Performing),N,0.0037,0.45,28,Unsecured
L01329,C00298,BR08,Mortgage,2024-11-17,300,129600,5.76,591,Fair (580-669),7.47,84.5,Employee,South West,75,Stage 2 (Significant increase in risk),N,0.1657,0.18,13529,Property
L01330,C02588,BR01,Mortgage,2025-12-29,300,115200,4.52,767,Excellent (740+),5.05,89.6,Retired,London,0,Stage 1 (Performing),N,0.0075,0.18,156,Property
L01331,C01259,BR06,Mortgage,2025-03-14,300,117800,5.06,715,Good (670-739),1.53,63.7,Student,Scotland,0,Stage 1 (Performing),N,0.0052,0.18,110,Property
L01332,C01442,BR05,Mortgage,2025-06-07,300,187000,3.95,849,Excellent (740+),8.9,74.7,Employee,North East,0,Stage 1 (Performing),N,0.0027,0.18,91,Property
L01333,C01134,BR01,Credit Card,2025-10-20,12,2000,20.59,584,Fair (580-669),0.05,,Employee,London,0,Stage 1 (Performing),N,0.0362,0.78,56,Unsecured
L01334,C00005,BR02,SME Term Loan,2025-09-10,12,91200,11.08,512,Poor (300-579),0.26,,Precious Metals,London,0,Stage 1 (Performing),N,0.0904,0.45,3710,Unsecured
L01335,C02972,BR08,Business Overdraft,2025-02-22,60,32600,9.36,611,Fair (580-669),0.05,,Import/Export,South West,0,Stage 1 (Performing),N,0.0362,0.78,920,Unsecured
L01336,C01840,BR07,Personal Loan,2025-11-11,36,24400,8.29,764,Excellent (740+),0.91,,Retired,Scotland,0,Stage 1 (Performing),N,0.0025,0.45,27,Unsecured
L01337,C01180,BR02,Personal Loan,2024-12-28,24,10100,11.04,515,Poor (300-579),0.25,,Employee,London,0,Stage 1 (Performing),N,0.1128,0.45,513,Unsecured
L01338,C01143,BR03,Mortgage,2025-05-30,300,463800,5.21,678,Good (670-739),9.0,61.0,Self-employed,North West,0,Stage 1 (Performing),N,0.0445,0.18,3715,Property
L01339,C00102,BR01,Commercial Mortgage,2026-07-06,300,547800,5.06,707,Good (670-739),1.09,90.2,Hospitality,London,0,Stage 1 (Performing),N,0.0051,0.18,503,Property
L01340,C02047,BR01,Overdraft,2024-10-19,36,2300,7.88,800,Excellent (740+),0.05,,Employee,London,0,Stage 1 (Performing),N,0.0008,0.78,1,Unsecured
L01341,C01092,BR07,Mortgage,2025-02-24,300,281600,5.14,710,Good (670-739),9.0,45.9,Employee,Scotland,0,Stage 1 (Performing),N,0.0266,0.18,1348,Property
L01342,C00610,BR09,Credit Card,2024-08-20,12,8100,21.23,532,Poor (300-579),0.11,,Employee,Wales,0,Stage 1 (Performing),N,0.0836,0.78,528,Unsecured
L01343,C01461,BR01,Invoice Finance,2025-11-03,12,119800,9.95,505,Poor (300-579),0.05,,Real Estate,London,0,Stage 1 (Performing),N,0.094,0.45,5068,Receivables
L01344,C01310,BR02,Commercial Mortgage,2024-06-16,300,598700,4.39,788,Excellent (740+),5.89,36.7,Real Estate,London,0,Stage 1 (Performing),N,0.0071,0.18,765,Property
L01345,C01155,BR05,Personal Loan,2025-04-04,36,11600,8.57,730,Good (670-739),0.26,,Self-employed,North East,0,Stage 1 (Performing),N,0.0035,0.45,18,Unsecured
L01346,C00732,BR04,Credit Card,2025-10-20,12,5900,19.7,630,Fair (580-669),0.11,,Senior Public Official,Midlands,0,Stage 1 (Performing),N,0.0272,0.78,125,Unsecured
L01347,C01374,BR01,Personal Loan,2025-07-29,36,13400,9.52,618,Fair (580-669),1.06,,Senior Public Official,London,100,Stage 3 (Credit-impaired),Y,0.0294,0.45,1596,Unsecured
L01348,C00735,BR06,SME Term Loan,2024-07-07,36,103600,9.42,625,Fair (580-669),0.13,,Retail,Scotland,0,Stage 1 (Performing),N,0.0142,0.45,662,Unsecured
L01349,C02011,BR03,Credit Card,2024-07-29,36,4500,19.57,686,Good (670-739),0.13,,Employee,North West,0,Stage 1 (Performing),N,0.007,0.78,25,Unsecured
L01350,C00468,BR08,Personal Loan,2025-04-28,12,27700,9.46,635,Fair (580-669),1.19,,Employee,South West,0,Stage 1 (Performing),N,0.0234,0.45,292,Unsecured
L01351,C01381,BR03,Personal Loan,2025-04-28,36,7000,8.96,680,Good (670-739),0.21,,Employee,North West,0,Stage 1 (Performing),N,0.008,0.45,25,Unsecured
L01352,C01016,BR04,Credit Card,2026-03-20,12,3900,20.07,623,Fair (580-669),0.06,,Self-employed,Midlands,0,Stage 1 (Performing),N,0.0193,0.78,59,Unsecured
L01353,C01628,BR01,SME Term Loan,2025-10-16,36,58300,10.17,532,Poor (300-579),0.07,,Money Services,London,100,Stage 3 (Credit-impaired),Y,0.0946,0.45,22336,Unsecured
L01354,C01080,BR01,Overdraft,2025-01-01,12,3700,8.19,779,Excellent (740+),0.05,,Self-employed,London,0,Stage 1 (Performing),N,0.0011,0.78,3,Unsecured
L01355,C01735,BR04,Mortgage,2026-01-11,300,369100,5.18,703,Good (670-739),9.0,76.8,Employee,Midlands,0,Stage 1 (Performing),N,0.0298,0.18,1980,Property
L01356,C01111,BR07,SME Term Loan,2025-10-02,24,178000,9.52,593,Fair (580-669),0.31,,Money Services,Scotland,0,Stage 1 (Performing),N,0.0255,0.45,2043,Unsecured
L01357,C02077,BR03,Mortgage,2025-09-18,300,189200,4.29,823,Excellent (740+),2.81,73.8,Employee,North West,0,Stage 1 (Performing),N,0.0014,0.18,48,Property
L01358,C02199,BR03,Mortgage,2024-06-18,300,227900,4.84,733,Good (670-739),9.0,75.3,Self-employed,North West,0,Stage 1 (Performing),N,0.0183,0.18,751,Property
L01359,C02802,BR08,Invoice Finance,2026-06-30,24,86100,9.9,564,Poor (300-579),0.23,,Crypto Assets,South West,100,Stage 3 (Credit-impaired),Y,0.0609,0.45,21236,Receivables
L01360,C00671,BR08,Mortgage,2024-08-19,300,241900,6.23,578,Poor (300-579),3.85,74.6,Student,South West,0,Stage 1 (Performing),N,0.1041,0.18,4533,Property
L01361,C02511,BR02,Commercial Mortgage,2024-11-25,300,485400,4.89,732,Good (670-739),0.44,66.7,Hospitality,London,0,Stage 1 (Performing),N,0.0027,0.18,236,Property
L01362,C01222,BR02,Mortgage,2025-04-11,300,243600,5.82,653,Fair (580-669),4.25,87.4,Senior Public Official,London,0,Stage 1 (Performing),N,0.0567,0.18,2486,Property
L01363,C01606,BR04,SME Term Loan,2025-01-02,24,108800,9.47,600,Fair (580-669),0.46,,Professional Services,Midlands,0,Stage 1 (Performing),N,0.024,0.45,1175,Unsecured
L01364,C01959,BR01,Personal Loan,2025-08-25,36,11500,7.87,802,Excellent (740+),0.12,,Employee,London,0,Stage 1 (Performing),N,0.001,0.45,5,Unsecured
L01365,C01780,BR08,Mortgage,2024-12-01,300,272300,5.39,643,Fair (580-669),9.0,51.0,Employee,South West,0,Stage 1 (Performing),N,0.077,0.18,3774,Property
L01366,C00757,BR03,Commercial Mortgage,2025-12-31,300,218400,5.99,622,Fair (580-669),0.09,66.6,Hospitality,North West,0,Stage 1 (Performing),N,0.0147,0.18,578,Property
L01367,C00702,BR10,Credit Card,2026-02-21,24,3300,21.52,529,Poor (300-579),0.06,,Senior Public Official,Northern Ireland,0,Stage 1 (Performing),N,0.1287,0.78,331,Unsecured
L01368,C00285,BR07,Credit Card,2025-05-08,60,2200,19.25,714,Good (670-739),0.1,,Property Investor,Scotland,0,Stage 1 (Performing),N,0.0044,0.78,8,Unsecured
L01369,C00116,BR01,Business Overdraft,2025-07-05,12,24300,9.6,631,Fair (580-669),0.05,,Professional Services,London,0,Stage 1 (Performing),N,0.0169,0.78,320,Unsecured
L01370,C02549,BR02,Credit Card,2025-12-30,36,2900,18.39,802,Excellent (740+),0.06,,Self-employed,London,0,Stage 1 (Performing),N,0.001,0.78,2,Unsecured
L01371,C02796,BR06,Mortgage,2024-09-02,300,284500,5.18,677,Good (670-739),5.24,62.7,Retired,Scotland,0,Stage 1 (Performing),N,0.035,0.18,1792,Property
L01372,C02700,BR04,SME Term Loan,2025-12-29,36,170800,9.02,672,Good (670-739),0.06,,Retail,Midlands,0,Stage 1 (Performing),N,0.0064,0.45,492,Unsecured
L01373,C02380,BR10,Invoice Finance,2026-07-07,12,34500,10.02,564,Poor (300-579),0.08,,Technology,Northern Ireland,0,Stage 1 (Performing),N,0.0579,0.45,899,Receivables
L01374,C01497,BR02,Credit Card,2024-08-23,36,2800,19.2,718,Good (670-739),0.06,,Employee,London,0,Stage 1 (Performing),N,0.004,0.78,9,Unsecured
L01375,C00266,BR01,Mortgage,2024-02-26,300,259000,5.7,643,Fair (580-669),3.77,75.4,Retired,London,0,Stage 1 (Performing),N,0.0368,0.18,1716,Property
L01376,C01910,BR02,Mortgage,2025-11-19,300,429900,5.21,699,Good (670-739),9.0,70.3,Retired,London,0,Stage 1 (Performing),N,0.0318,0.18,2461,Property
L01377,C00194,BR01,Personal Loan,2024-12-27,24,17300,7.99,799,Excellent (740+),0.58,,Retired,London,0,Stage 1 (Performing),N,0.0013,0.45,10,Unsecured
L01378,C02317,BR08,Mortgage,2024-11-23,300,272800,5.12,699,Good (670-739),3.4,86.5,Self-employed,South West,0,Stage 1 (Performing),N,0.013,0.18,638,Property
L01379,C02442,BR09,Credit Card,2026-04-20,60,3900,20.84,559,Poor (300-579),0.07,,Employee,Wales,0,Stage 1 (Performing),N,0.0542,0.78,165,Unsecured
L01380,C00783,BR01,SME Term Loan,2024-12-08,12,78700,9.3,613,Fair (580-669),0.05,,Crypto Assets,London,0,Stage 1 (Performing),N,0.0169,0.45,599,Unsecured
L01381,C01127,BR07,Credit Card,2026-04-07,60,4800,19.7,630,Fair (580-669),0.11,,Retired,Scotland,0,Stage 1 (Performing),N,0.0175,0.78,66,Unsecured
L01382,C02300,BR01,Mortgage,2024-05-13,300,280100,5.6,650,Fair (580-669),9.0,77.3,Employee,London,0,Stage 1 (Performing),N,0.0691,0.18,3484,Property
L01383,C00734,BR08,Personal Loan,2025-03-21,24,13100,9.2,656,Fair (580-669),1.23,,Employee,South West,0,Stage 1 (Performing),N,0.0168,0.45,99,Unsecured
L01384,C02977,BR02,Mortgage,2025-02-07,300,171100,5.77,615,Fair (580-669),2.04,67.0,Self-employed,London,0,Stage 1 (Performing),N,0.0322,0.18,992,Property
L01385,C00712,BR06,Credit Card,2026-03-30,24,2000,19.05,734,Good (670-739),0.05,,Employee,Scotland,0,Stage 1 (Performing),N,0.0031,0.78,5,Unsecured
L01386,C00947,BR08,Mortgage,2025-09-27,300,151400,4.53,765,Excellent (740+),2.09,56.3,Employee,South West,0,Stage 1 (Performing),N,0.0028,0.18,76,Property
L01387,C02044,BR04,Commercial Mortgage,2024-12-10,300,358700,5.66,652,Fair (580-669),0.71,71.9,Import/Export,Midlands,0,Stage 1 (Performing),N,0.0112,0.18,723,Property
L01388,C00812,BR02,Commercial Mortgage,2025-06-11,300,250800,6.1,528,Poor (300-579),1.8,69.4,Import/Export,London,0,Stage 1 (Performing),N,0.1699,0.18,7670,Property
L01389,C00628,BR09,Credit Card,2026-02-26,36,4700,19.21,712,Good (670-739),0.24,,Employee,Wales,0,Stage 1 (Performing),N,0.0047,0.78,17,Unsecured
L01390,C02828,BR06,Credit Card,2026-01-30,12,2100,19.8,647,Fair (580-669),0.1,,Student,Scotland,0,Stage 1 (Performing),N,0.0132,0.78,22,Unsecured
L01391,C02379,BR04,Mortgage,2024-03-06,300,193900,4.55,774,Excellent (740+),8.73,69.4,Self-employed,Midlands,0,Stage 1 (Performing),N,0.0093,0.18,325,Property
L01392,C00123,BR01,Credit Card,2024-10-15,60,4800,17.93,866,Excellent (740+),0.06,,Student,London,0,Stage 1 (Performing),N,0.0003,0.78,1,Unsecured
L01393,C02458,BR07,Mortgage,2025-05-20,300,322700,8.07,373,Poor (300-579),9.0,75.3,Senior Public Official,Scotland,45,Stage 2 (Significant increase in risk),N,0.9218,0.18,187403,Property
L01394,C02252,BR07,SME Term Loan,2024-08-25,36,107400,8.98,668,Fair (580-669),0.14,,Money Services,Scotland,0,Stage 1 (Performing),N,0.007,0.45,338,Unsecured
L01395,C02218,BR05,SME Term Loan,2025-04-21,36,166600,9.28,645,Fair (580-669),0.31,,Construction,North East,0,Stage 1 (Performing),N,0.0109,0.45,817,Unsecured
L01396,C02628,BR06,Personal Loan,2026-05-28,60,9300,8.73,715,Good (670-739),0.4,,Director,Scotland,0,Stage 1 (Performing),N,0.0048,0.45,20,Unsecured
L01397,C01411,BR03,Personal Loan,2025-07-06,60,8500,9.53,622,Fair (580-669),0.16,,Employee,North West,0,Stage 1 (Performing),N,0.0203,0.45,78,Unsecured
L01398,C01645,BR02,SME Term Loan,2025-06-26,12,157900,10.5,535,Poor (300-579),0.53,,Retail,London,0,Stage 1 (Performing),N,0.0693,0.45,4924,Unsecured
L01399,C01621,BR08,Mortgage,2025-03-18,300,149300,5.17,695,Good (670-739),2.16,74.8,Employee,South West,0,Stage 1 (Performing),N,0.0091,0.18,245,Property
L01400,C01957,BR02,Business Overdraft,2024-08-01,36,23600,9.53,613,Fair (580-669),0.05,,Charity,London,0,Stage 1 (Performing),N,0.0226,0.78,416,Unsecured
L01401,C00106,BR06,Credit Card,2025-05-26,60,1800,19.43,691,Good (670-739),0.05,,Employee,Scotland,0,Stage 1 (Performing),N,0.0063,0.78,9,Unsecured
L01402,C00182,BR06,Overdraft,2024-11-07,12,4200,8.96,698,Good (670-739),0.14,,Employee,Scotland,0,Stage 1 (Performing),N,0.0043,0.78,14,Unsecured
L01403,C02009,BR02,Mortgage,2026-08-15,300,308500,5.66,666,Fair (580-669),4.35,79.4,Employee,London,0,Stage 1 (Performing),N,0.0309,0.18,1716,Property
L01404,C00875,BR02,Mortgage,2024-04-28,300,158200,3.66,862,Excellent (740+),2.41,90.6,Self-employed,London,0,Stage 1 (Performing),N,0.0006,0.18,17,Property
L01405,C01256,BR10,Mortgage,2024-02-15,300,100600,6.14,613,Fair (580-669),1.07,51.8,Employee,Northern Ireland,0,Stage 1 (Performing),N,0.0239,0.18,433,Property
L01406,C02738,BR02,Mortgage,2025-12-25,300,249700,5.39,674,Good (670-739),9.0,74.5,Employee,London,75,Stage 2 (Significant increase in risk),N,0.0474,0.18,7457,Property
L01407,C01283,BR03,Mortgage,2025-12-09,300,251900,6.12,611,Fair (580-669),9.0,55.7,Student,North West,0,Stage 1 (Performing),N,0.1246,0.18,5650,Property
L01408,C01378,BR02,SME Term Loan,2025-10-02,36,163300,9.46,630,Fair (580-669),0.05,,Import/Export,London,0,Stage 1 (Performing),N,0.0128,0.45,941,Unsecured
L01409,C00867,BR01,SME Term Loan,2024-12-19,60,223100,8.41,750,Excellent (740+),0.15,,Professional Services,London,0,Stage 1 (Performing),N,0.0018,0.45,181,Unsecured
L01410,C01549,BR05,Invoice Finance,2025-11-01,12,67500,9.55,638,Fair (580-669),0.1,,Money Services,North East,0,Stage 1 (Performing),N,0.0114,0.45,346,Receivables
L01411,C02849,BR04,Business Overdraft,2024-12-13,12,22900,10.3,582,Fair (580-669),0.05,,Construction,Midlands,0,Stage 1 (Performing),N,0.0374,0.78,668,Unsecured
L01412,C02336,BR04,Invoice Finance,2025-09-16,60,54500,10.66,467,Poor (300-579),0.06,,Hospitality,Midlands,0,Stage 1 (Performing),N,0.2352,0.45,5768,Receivables
L01413,C00907,BR03,SME Term Loan,2024-09-07,12,83800,10.17,599,Fair (580-669),0.09,,Precious Metals,North West,0,Stage 1 (Performing),N,0.0333,0.45,1256,Unsecured
L01414,C01415,BR02,SME Term Loan,2025-08-21,36,51600,9.35,651,Fair (580-669),0.12,,Hospitality,London,0,Stage 1 (Performing),N,0.0092,0.45,214,Unsecured
L01415,C00680,BR03,Business Overdraft,2026-04-14,60,16800,8.84,685,Good (670-739),0.12,,Import/Export,North West,0,Stage 1 (Performing),N,0.0071,0.78,93,Unsecured
L01416,C02491,BR10,SME Term Loan,2024-09-08,24,92300,10.46,512,Poor (300-579),0.15,,Import/Export,Northern Ireland,15,Stage 1 (Performing),N,0.1304,0.45,5416,Unsecured
L01417,C01154,BR04,Mortgage,2025-04-30,300,105300,5.71,663,Fair (580-669),1.76,84.1,Self-employed,Midlands,0,Stage 1 (Performing),N,0.0134,0.18,254,Property
L01418,C00960,BR06,Commercial Mortgage,2024-08-02,300,233600,5.57,636,Fair (580-669),1.66,82.9,Technology,Scotland,0,Stage 1 (Performing),N,0.0201,0.18,845,Property
L01419,C02710,BR08,Credit Card,2026-05-20,36,7000,20.58,586,Fair (580-669),0.12,,Student,South West,0,Stage 1 (Performing),N,0.0359,0.78,196,Unsecured
L01420,C02745,BR05,Mortgage,2025-07-07,300,163700,4.31,785,Excellent (740+),1.12,65.3,Employee,North East,0,Stage 1 (Performing),N,0.0014,0.18,41,Property
L01421,C02609,BR04,Mortgage,2025-06-15,300,319700,5.97,620,Fair (580-669),5.83,61.1,Student,Midlands,0,Stage 1 (Performing),N,0.1034,0.18,5950,Property
L01422,C02182,BR01,Personal Loan,2025-03-10,36,20000,8.77,711,Good (670-739),0.18,,Retired,London,0,Stage 1 (Performing),N,0.0047,0.45,42,Unsecured
L01423,C02852,BR09,Business Overdraft,2025-08-13,60,25400,9.29,672,Good (670-739),0.05,,Real Estate,Wales,0,Stage 1 (Performing),N,0.0086,0.78,170,Unsecured
L01424,C00964,BR10,Mortgage,2025-09-19,300,324000,3.99,866,Excellent (740+),9.0,74.7,Self-employed,Northern Ireland,0,Stage 1 (Performing),N,0.002,0.18,117,Property
L01425,C02265,BR06,Overdraft,2025-02-06,24,2300,8.55,734,Good (670-739),0.06,,Employee,Scotland,0,Stage 1 (Performing),N,0.0023,0.78,4,Unsecured
L01426,C00272,BR07,Mortgage,2024-07-23,300,149500,4.56,760,Excellent (740+),2.15,71.9,Director,Scotland,0,Stage 1 (Performing),N,0.0031,0.18,83,Property
L01427,C00100,BR06,Overdraft,2025-06-07,36,2400,9.38,665,Fair (580-669),0.05,,Retired,Scotland,0,Stage 1 (Performing),N,0.0072,0.78,13,Unsecured
L01428,C00170,BR01,Personal Loan,2025-11-30,60,12500,8.8,691,Good (670-739),0.19,,Self-employed,London,0,Stage 1 (Performing),N,0.0066,0.45,37,Unsecured
L01429,C01692,BR09,Mortgage,2025-05-05,300,235000,5.15,700,Good (670-739),4.4,68.5,Employee,Wales,0,Stage 1 (Performing),N,0.0181,0.18,766,Property
L01430,C02331,BR09,SME Term Loan,2024-08-25,12,99300,8.73,715,Good (670-739),0.14,,Construction,Wales,0,Stage 1 (Performing),N,0.0032,0.45,143,Unsecured
L01431,C01054,BR01,Mortgage,2026-03-27,300,185900,5.52,631,Fair (580-669),1.22,74.8,Director,London,0,Stage 1 (Performing),N,0.0188,0.18,629,Property
L01432,C01328,BR05,Personal Loan,2025-03-07,60,19700,8.57,729,Good (670-739),0.49,,Student,North East,0,Stage 1 (Performing),N,0.0039,0.45,35,Unsecured
L01433,C00669,BR06,Credit Card,2026-02-06,24,3700,17.92,901,Excellent (740+),0.1,,Student,Scotland,0,Stage 1 (Performing),N,0.0002,0.78,1,Unsecured
L01434,C00510,BR01,Mortgage,2025-08-02,300,184400,5.5,633,Fair (580-669),6.79,75.3,Self-employed,London,0,Stage 1 (Performing),N,0.0898,0.18,2981,Property
L01435,C02349,BR03,Mortgage,2025-06-11,300,339100,5.97,571,Poor (300-579),7.87,72.1,Employee,North West,15,Stage 1 (Performing),N,0.217,0.18,13245,Property
L01436,C00248,BR01,Mortgage,2025-08-11,300,141600,5.37,664,Fair (580-669),2.81,67.1,Self-employed,London,0,Stage 1 (Performing),N,0.0189,0.18,482,Property
L01437,C00746,BR05,SME Term Loan,2025-12-17,36,96000,9.69,631,Fair (580-669),0.27,,Professional Services,North East,0,Stage 1 (Performing),N,0.0135,0.45,583,Unsecured
L01438,C00700,BR03,Invoice Finance,2024-11-01,36,118600,8.93,678,Good (670-739),0.35,,Precious Metals,North West,0,Stage 1 (Performing),N,0.01,0.45,534,Receivables
L01439,C00428,BR01,Commercial Mortgage,2025-02-24,300,438200,5.46,675,Good (670-739),0.71,80.8,Charity,London,0,Stage 1 (Performing),N,0.0076,0.18,599,Property
L01440,C01814,BR04,Credit Card,2024-08-12,12,7700,18.56,781,Excellent (740+),0.28,,Self-employed,Midlands,0,Stage 1 (Performing),N,0.0015,0.78,9,Unsecured
L01441,C00154,BR02,Overdraft,2024-10-30,36,2300,9.54,651,Fair (580-669),0.17,,Retired,London,0,Stage 1 (Performing),N,0.0094,0.78,17,Unsecured
L01442,C02114,BR05,Personal Loan,2025-03-16,24,9700,8.8,698,Good (670-739),0.32,,Employee,North East,0,Stage 1 (Performing),N,0.0061,0.45,27,Unsecured
L01443,C02004,BR10,Commercial Mortgage,2024-07-26,300,396400,6.34,582,Fair (580-669),1.35,70.9,Import/Export,Northern Ireland,0,Stage 1 (Performing),N,0.0663,0.18,4731,Property
L01444,C00011,BR07,Credit Card,2024-04-27,12,3200,19.63,642,Fair (580-669),0.05,,Self-employed,Scotland,0,Stage 1 (Performing),N,0.0141,0.78,35,Unsecured
L01445,C02991,BR08,SME Term Loan,2024-07-06,60,82100,9.02,661,Fair (580-669),0.06,,Import/Export,South West,0,Stage 1 (Performing),N,0.0077,0.45,284,Unsecured
L01446,C00826,BR04,Personal Loan,2024-10-09,36,10000,9.14,681,Good (670-739),0.1,,Self-employed,Midlands,0,Stage 1 (Performing),N,0.0075,0.45,34,Unsecured
L01447,C01364,BR03,Mortgage,2025-01-13,300,321400,5.06,717,Good (670-739),9.0,53.9,Retired,North West,0,Stage 1 (Performing),N,0.0237,0.18,1371,Property
L01448,C00808,BR07,Personal Loan,2025-05-20,60,14600,10.12,603,Fair (580-669),0.11,,Employee,Scotland,0,Stage 1 (Performing),N,0.0272,0.45,179,Unsecured
L01449,C00977,BR01,Credit Card,2026-08-11,60,3700,21.15,558,Poor (300-579),0.07,,Employee,London,0,Stage 1 (Performing),N,0.0551,0.78,159,Unsecured
L01450,C01775,BR03,Invoice Finance,2025-08-01,36,43500,8.52,737,Good (670-739),0.07,,Charity,North West,0,Stage 1 (Performing),N,0.0022,0.45,43,Receivables
L01451,C00341,BR01,Business Overdraft,2025-01-13,60,108600,8.82,705,Good (670-739),0.14,,Technology,London,0,Stage 1 (Performing),N,0.0051,0.78,432,Unsecured
L01452,C02920,BR04,Credit Card,2025-04-07,12,3700,19.54,695,Good (670-739),0.05,,Self-employed,Midlands,0,Stage 1 (Performing),N,0.0059,0.78,17,Unsecured
L01453,C00830,BR01,SME Term Loan,2024-08-12,24,182300,7.65,823,Excellent (740+),0.15,,Import/Export,London,0,Stage 1 (Performing),N,0.0005,0.45,41,Unsecured
L01454,C02142,BR10,Mortgage,2025-10-19,300,131500,4.56,773,Excellent (740+),5.25,68.1,Student,Northern Ireland,0,Stage 1 (Performing),N,0.0073,0.18,173,Property
L01455,C02094,BR07,Mortgage,2026-04-25,300,160300,4.84,734,Good (670-739),2.13,80.2,Employee,Scotland,0,Stage 1 (Performing),N,0.0047,0.18,136,Property
L01456,C02411,BR08,Mortgage,2025-04-18,300,390100,5.55,656,Fair (580-669),4.94,59.5,Employee,South West,15,Stage 1 (Performing),N,0.0443,0.18,3111,Property
L01457,C00963,BR03,Credit Card,2026-03-31,60,2500,19.09,729,Good (670-739),0.05,,Self-employed,North West,0,Stage 1 (Performing),N,0.0033,0.78,6,Unsecured
L01458,C01258,BR04,Personal Loan,2024-08-22,12,7500,8.73,719,Good (670-739),0.14,,Employee,Midlands,0,Stage 1 (Performing),N,0.0041,0.45,14,Unsecured
L01459,C00844,BR10,Overdraft,2026-01-19,12,2500,9.6,625,Fair (580-669),0.1,,Director,Northern Ireland,0,Stage 1 (Performing),N,0.0141,0.78,27,Unsecured
L01460,C02424,BR04,Personal Loan,2024-10-09,12,8800,7.92,803,Excellent (740+),0.15,,Employee,Midlands,0,Stage 1 (Performing),N,0.001,0.45,4,Unsecured
L01461,C00421,BR03,Commercial Mortgage,2025-09-06,300,374600,4.68,756,Excellent (740+),1.23,51.5,Retail,North West,0,Stage 1 (Performing),N,0.0024,0.18,162,Property
L01462,C00499,BR04,SME Term Loan,2025-07-15,60,103700,8.47,743,Excellent (740+),0.13,,Hospitality,Midlands,0,Stage 1 (Performing),N,0.002,0.45,93,Unsecured
L01463,C00417,BR02,Personal Loan,2025-09-03,24,18100,9.36,646,Fair (580-669),0.66,,Employee,London,0,Stage 1 (Performing),N,0.0163,0.45,133,Unsecured
L01464,C00621,BR01,Credit Card,2025-09-11,36,4400,19.74,655,Fair (580-669),0.05,,Self-employed,London,0,Stage 1 (Performing),N,0.0114,0.78,39,Unsecured
L01465,C02174,BR09,Business Overdraft,2025-12-25,60,29100,8.65,722,Good (670-739),0.05,,Import/Export,Wales,0,Stage 1 (Performing),N,0.0037,0.78,84,Unsecured
L01466,C01808,BR04,Mortgage,2024-07-24,300,407700,6.3,580,Fair (580-669),9.0,84.5,Senior Public Official,Midlands,100,Stage 3 (Credit-impaired),Y,0.2722,0.18,179781,Property
L01467,C00361,BR01,Personal Loan,2024-10-10,36,23200,9.7,605,Fair (580-669),0.53,,Employee,London,0,Stage 1 (Performing),N,0.0303,0.45,316,Unsecured
L01468,C01014,BR06,Commercial Mortgage,2026-02-16,300,364700,4.88,727,Good (670-739),1.27,48.8,Construction,Scotland,0,Stage 1 (Performing),N,0.0039,0.18,256,Property
L01469,C02008,BR02,Commercial Mortgage,2025-02-19,300,185100,6.02,566,Poor (300-579),0.07,53.8,Hospitality,London,0,Stage 1 (Performing),N,0.056,0.18,1866,Property
L01470,C01522,BR02,Personal Loan,2024-11-28,12,7800,8.92,674,Good (670-739),0.23,,Employee,London,0,Stage 1 (Performing),N,0.0088,0.45,31,Unsecured
L01471,C02410,BR09,Credit Card,2026-07-26,12,6600,19.42,692,Good (670-739),0.34,,Employee,Wales,0,Stage 1 (Performing),N,0.0068,0.78,35,Unsecured
L01472,C02345,BR01,Credit Card,2025-12-21,24,3300,20.43,618,Fair (580-669),0.15,,Property Investor,London,0,Stage 1 (Performing),N,0.0334,0.78,86,Unsecured
L01473,C00469,BR09,Mortgage,2025-12-06,300,162800,4.94,728,Good (670-739),1.77,92.6,Property Investor,Wales,0,Stage 1 (Performing),N,0.0046,0.18,135,Property
L01474,C01539,BR04,Credit Card,2025-04-12,24,3300,20.32,584,Fair (580-669),0.1,,Employee,Midlands,0,Stage 1 (Performing),N,0.0368,0.78,95,Unsecured
L01475,C00138,BR07,SME Term Loan,2024-07-30,36,198800,11.18,513,Poor (300-579),0.7,,Import/Export,Scotland,150,Stage 3 (Credit-impaired),Y,0.1517,0.45,122140,Unsecured
L01476,C02551,BR09,SME Term Loan,2025-02-25,12,99400,9.05,665,Fair (580-669),0.07,,Money Services,Wales,0,Stage 1 (Performing),N,0.0072,0.45,322,Unsecured
L01477,C01466,BR04,Personal Loan,2025-07-23,24,10300,9.41,631,Fair (580-669),0.32,,Employee,Midlands,0,Stage 1 (Performing),N,0.0185,0.45,86,Unsecured
L01478,C02271,BR01,Credit Card,2024-10-22,12,3000,19.98,654,Fair (580-669),0.12,,Employee,London,0,Stage 1 (Performing),N,0.0118,0.78,28,Unsecured
L01479,C00841,BR01,Mortgage,2025-12-20,300,136600,5.2,696,Good (670-739),4.68,61.6,Employee,London,0,Stage 1 (Performing),N,0.0213,0.18,524,Property
L01480,C01699,BR01,Mortgage,2025-01-27,300,803000,6.2,553,Poor (300-579),9.0,60.8,Employee,London,45,Stage 2 (Significant increase in risk),N,0.2722,0.18,137703,Property
L01481,C01075,BR07,Credit Card,2025-08-07,24,4000,21.56,476,Poor (300-579),0.06,,Self-employed,Scotland,45,Stage 2 (Significant increase in risk),N,0.1856,0.78,2027,Unsecured
L01482,C01541,BR07,SME Term Loan,2026-01-21,60,103700,10.16,505,Poor (300-579),0.15,,Technology,Scotland,100,Stage 3 (Credit-impaired),Y,0.1442,0.45,60562,Unsecured
L01483,C00692,BR01,Credit Card,2026-01-23,12,3500,19.91,643,Fair (580-669),0.38,,Employee,London,0,Stage 1 (Performing),N,0.0155,0.78,42,Unsecured
L01484,C02346,BR09,Mortgage,2024-05-10,300,363700,5.1,703,Good (670-739),9.0,67.2,Employee,Wales,0,Stage 1 (Performing),N,0.0298,0.18,1951,Property
L01485,C01291,BR06,Business Overdraft,2025-03-03,60,16200,8.57,731,Good (670-739),0.09,,Technology,Scotland,0,Stage 1 (Performing),N,0.0033,0.78,42,Unsecured
L01486,C01492,BR03,Personal Loan,2024-09-16,60,5100,9.71,564,Poor (300-579),0.09,,Senior Public Official,North West,0,Stage 1 (Performing),N,0.0769,0.45,176,Unsecured
L01487,C00225,BR09,Invoice Finance,2024-12-04,36,47200,9.45,638,Fair (580-669),0.05,,Technology,Wales,0,Stage 1 (Performing),N,0.0112,0.45,238,Receivables
L01488,C02659,BR08,Personal Loan,2024-08-29,24,14300,8.61,729,Good (670-739),0.34,,Retired,South West,0,Stage 1 (Performing),N,0.0037,0.45,24,Unsecured
L01489,C02376,BR05,Personal Loan,2024-04-01,60,34000,9.22,672,Good (670-739),1.8,,Retired,North East,0,Stage 1 (Performing),N,0.0157,0.45,240,Unsecured
L01490,C02975,BR05,SME Term Loan,2024-10-29,12,93700,7.9,823,Excellent (740+),0.08,,Professional Services,North East,0,Stage 1 (Performing),N,0.0005,0.45,21,Unsecured
L01491,C01459,BR10,Mortgage,2026-02-07,300,152100,5.42,662,Fair (580-669),1.82,75.2,Employee,Northern Ireland,0,Stage 1 (Performing),N,0.0139,0.18,381,Property
L01492,C00996,BR03,Personal Loan,2025-09-02,36,11100,9.67,582,Fair (580-669),0.16,,Director,North West,0,Stage 1 (Performing),N,0.0388,0.45,194,Unsecured
L01493,C02759,BR10,Business Overdraft,2026-01-10,24,17900,9.86,607,Fair (580-669),0.05,,Hospitality,Northern Ireland,45,Stage 2 (Significant increase in risk),N,0.0249,0.78,1217,Unsecured
L01494,C01891,BR03,Credit Card,2025-01-18,24,2900,18.44,787,Excellent (740+),0.06,,Employee,North West,0,Stage 1 (Performing),N,0.0013,0.78,3,Unsecured
L01495,C01658,BR01,Commercial Mortgage,2025-09-05,300,446700,5.57,663,Fair (580-669),1.09,51.2,Construction,London,0,Stage 1 (Performing),N,0.0106,0.18,852,Property
L01496,C02053,BR04,Commercial Mortgage,2026-04-27,300,490000,6.35,589,Fair (580-669),0.05,72.5,Construction,Midlands,0,Stage 1 (Performing),N,0.0249,0.18,2196,Property
L01497,C00081,BR02,SME Term Loan,2026-06-11,12,72000,8.91,683,Good (670-739),0.16,,Retail,London,0,Stage 1 (Performing),N,0.0055,0.45,178,Unsecured
L01498,C01176,BR06,Credit Card,2026-04-25,24,6700,18.62,784,Excellent (740+),0.1,,Employee,Scotland,0,Stage 1 (Performing),N,0.0014,0.78,7,Unsecured
L01499,C00034,BR02,Credit Card,2025-01-05,12,3900,20.07,613,Fair (580-669),0.13,,Student,London,0,Stage 1 (Performing),N,0.0233,0.78,71,Unsecured
L01500,C01356,BR07,Mortgage,2025-03-03,300,236600,5.32,691,Good (670-739),9.0,62.7,Student,Scotland,0,Stage 1 (Performing),N,0.0361,0.18,1537,Property
L01501,C01064,BR05,Personal Loan,2024-12-07,60,9700,9.02,656,Fair (580-669),0.07,,Property Investor,North East,0,Stage 1 (Performing),N,0.0113,0.45,49,Unsecured
L01502,C01241,BR07,Mortgage,2025-08-22,300,265500,4.24,799,Excellent (740+),9.0,92.4,Self-employed,Scotland,0,Stage 1 (Performing),N,0.0062,0.18,296,Property
L01503,C02264,BR02,Business Overdraft,2025-07-01,36,30800,9.52,626,Fair (580-669),0.05,,Retail,London,0,Stage 1 (Performing),N,0.0183,0.78,440,Unsecured
L01504,C01616,BR01,SME Term Loan,2025-04-22,24,131000,9.7,622,Fair (580-669),0.31,,Retail,London,0,Stage 1 (Performing),N,0.0159,0.45,937,Unsecured
L01505,C01000,BR02,Credit Card,2025-12-12,60,2800,19.71,671,Good (670-739),0.15,,Student,London,0,Stage 1 (Performing),N,0.009,0.78,20,Unsecured
L01506,C01864,BR02,Credit Card,2025-06-26,12,5400,19.71,636,Fair (580-669),0.05,,Retired,London,15,Stage 1 (Performing),N,0.0155,0.78,65,Unsecured
L01507,C01971,BR02,Commercial Mortgage,2026-02-20,300,332000,6.37,556,Poor (300-579),1.31,71.4,Import/Export,London,0,Stage 1 (Performing),N,0.0975,0.18,5827,Property
L01508,C00805,BR05,Invoice Finance,2026-08-05,24,64200,9.06,688,Good (670-739),0.05,,Import/Export,North East,0,Stage 1 (Performing),N,0.0049,0.45,142,Receivables
L01509,C00135,BR03,Business Overdraft,2026-05-03,12,35800,9.31,643,Fair (580-669),0.09,,Professional Services,North West,0,Stage 1 (Performing),N,0.014,0.78,391,Unsecured
L01510,C00325,BR05,Overdraft,2026-02-08,36,5100,7.94,834,Excellent (740+),0.1,,Employee,North East,0,Stage 1 (Performing),N,0.0004,0.78,2,Unsecured
L01511,C02621,BR07,Mortgage,2024-05-25,300,183800,5.76,658,Fair (580-669),9.0,49.9,Employee,Scotland,0,Stage 1 (Performing),N,0.061,0.18,2018,Property
L01512,C00880,BR06,Mortgage,2025-08-13,300,136400,4.92,724,Good (670-739),3.21,67.7,Employee,Scotland,0,Stage 1 (Performing),N,0.0081,0.18,199,Property
L01513,C00914,BR02,SME Term Loan,2026-05-29,24,103700,9.92,587,Fair (580-669),0.08,,Hospitality,London,0,Stage 1 (Performing),N,0.026,0.45,1213,Unsecured
L01514,C01113,BR08,Personal Loan,2024-10-09,24,21400,8.79,696,Good (670-739),1.01,,Employee,South West,0,Stage 1 (Performing),N,0.0081,0.45,78,Unsecured
L01515,C02583,BR04,Credit Card,2026-03-02,24,3500,18.75,763,Excellent (740+),0.05,,Student,Midlands,0,Stage 1 (Performing),N,0.0019,0.78,5,Unsecured
L01516,C01408,BR03,Mortgage,2025-03-20,300,677100,5.64,630,Fair (580-669),9.0,65.3,Property Investor,North West,0,Stage 1 (Performing),N,0.0939,0.18,11444,Property
L01517,C02792,BR09,Commercial Mortgage,2026-01-23,300,183300,5.72,592,Fair (580-669),0.08,69.2,Professional Services,Wales,15,Stage 1 (Performing),N,0.024,0.18,792,Property
L01518,C01453,BR03,Credit Card,2025-12-17,60,8100,20.46,582,Fair (580-669),0.23,,Self-employed,North West,0,Stage 1 (Performing),N,0.0397,0.78,251,Unsecured
L01519,C02847,BR04,Mortgage,2026-02-06,300,382400,5.76,609,Fair (580-669),9.0,79.0,Retired,Midlands,0,Stage 1 (Performing),N,0.1282,0.18,8824,Property
L01520,C02190,BR08,Mortgage,2025-08-13,300,373100,4.77,744,Excellent (740+),5.01,60.5,Employee,South West,0,Stage 1 (Performing),N,0.0108,0.18,725,Property
L01521,C01648,BR01,Mortgage,2024-12-20,300,154900,5.93,644,Fair (580-669),1.06,63.3,Self-employed,London,0,Stage 1 (Performing),N,0.0144,0.18,402,Property
L01522,C02416,BR01,SME Term Loan,2025-11-14,36,180300,8.92,675,Good (670-739),0.41,,Import/Export,London,0,Stage 1 (Performing),N,0.0107,0.45,868,Unsecured
L01523,C01346,BR02,Personal Loan,2025-09-08,24,20900,9.36,612,Fair (580-669),0.1,,Employee,London,0,Stage 1 (Performing),N,0.0234,0.45,220,Unsecured
L01524,C00864,BR10,Mortgage,2025-05-19,300,397400,5.36,676,Good (670-739),6.15,58.4,Employee,Northern Ireland,0,Stage 1 (Performing),N,0.0459,0.18,3283,Property
L01525,C00024,BR07,Personal Loan,2025-01-05,60,11100,8.77,703,Good (670-739),0.55,,Employee,Scotland,0,Stage 1 (Performing),N,0.0061,0.45,30,Unsecured
L01526,C00149,BR06,Credit Card,2026-06-13,60,3700,20.24,630,Fair (580-669),0.08,,Employee,Scotland,100,Stage 3 (Credit-impaired),Y,0.0173,0.78,449,Unsecured
L01527,C01646,BR01,Credit Card,2026-05-12,60,7400,20.24,550,Poor (300-579),0.14,,Student,London,0,Stage 1 (Performing),N,0.0639,0.78,369,Unsecured
L01528,C01892,BR03,Mortgage,2026-02-13,300,264300,5.78,654,Fair (580-669),9.0,61.1,Retired,North West,0,Stage 1 (Performing),N,0.065,0.18,3092,Property
L01529,C02969,BR06,Invoice Finance,2025-08-20,60,52300,9.14,638,Fair (580-669),0.05,,Professional Services,Scotland,0,Stage 1 (Performing),N,0.0112,0.45,264,Receivables
L01530,C01416,BR08,Mortgage,2025-05-01,300,154800,5.59,633,Fair (580-669),3.23,99.2,Self-employed,South West,0,Stage 1 (Performing),N,0.036,0.18,1003,Property
L01531,C02170,BR07,Invoice Finance,2025-11-15,60,69400,9.0,658,Fair (580-669),0.05,,Retail,Scotland,0,Stage 1 (Performing),N,0.008,0.45,250,Receivables
L01532,C00931,BR04,Credit Card,2024-10-20,60,2200,20.54,510,Poor (300-579),0.05,,Self-employed,Midlands,0,Stage 1 (Performing),N,0.1141,0.78,196,Unsecured
L01533,C02146,BR10,Personal Loan,2025-01-02,12,16000,8.66,721,Good (670-739),1.24,,Employee,Northern Ireland,0,Stage 1 (Performing),N,0.0058,0.45,42,Unsecured
L01534,C00280,BR08,SME Term Loan,2024-10-24,12,104700,7.64,846,Excellent (740+),0.47,,Technology,South West,0,Stage 1 (Performing),N,0.0004,0.45,19,Unsecured
L01535,C02833,BR07,Personal Loan,2025-10-23,24,6100,8.73,707,Good (670-739),0.23,,Self-employed,Scotland,0,Stage 1 (Performing),N,0.0051,0.45,14,Unsecured
L01536,C00077,BR08,Personal Loan,2024-05-19,12,15100,8.28,770,Excellent (740+),0.2,,Property Investor,South West,0,Stage 1 (Performing),N,0.0018,0.45,12,Unsecured
L01537,C01358,BR02,Mortgage,2024-12-17,300,389400,5.34,675,Good (670-739),5.35,60.3,Self-employed,London,0,Stage 1 (Performing),N,0.0375,0.18,2628,Property
L01538,C02646,BR07,Invoice Finance,2025-03-24,24,68900,9.31,610,Fair (580-669),0.14,,Technology,Scotland,0,Stage 1 (Performing),N,0.0183,0.45,567,Receivables
L01539,C02555,BR07,Mortgage,2026-05-04,300,123600,4.35,779,Excellent (740+),0.93,52.1,Employee,Scotland,0,Stage 1 (Performing),N,0.0015,0.18,33,Property
L01540,C02640,BR04,Personal Loan,2025-10-19,60,9400,9.19,676,Good (670-739),0.27,,Employee,Midlands,0,Stage 1 (Performing),N,0.0087,0.45,37,Unsecured
L01541,C02108,BR09,Mortgage,2025-08-31,300,329800,5.14,685,Good (670-739),9.0,74.7,Employee,Wales,0,Stage 1 (Performing),N,0.0398,0.18,2363,Property
L01542,C02103,BR02,Commercial Mortgage,2024-02-10,300,239100,6.76,491,Poor (300-579),0.13,57.9,Money Services,London,0,Stage 1 (Performing),N,0.1744,0.18,7506,Property
L01543,C01732,BR08,SME Term Loan,2024-11-17,60,82200,8.6,727,Good (670-739),0.12,,Charity,South West,0,Stage 1 (Performing),N,0.0026,0.45,96,Unsecured
L01544,C02321,BR02,Personal Loan,2026-01-08,24,20700,8.78,712,Good (670-739),0.25,,Employee,London,0,Stage 1 (Performing),N,0.0047,0.45,44,Unsecured
L01545,C00547,BR01,Personal Loan,2025-03-12,24,10800,10.56,544,Poor (300-579),0.19,,Student,London,0,Stage 1 (Performing),N,0.0713,0.45,347,Unsecured
L01546,C02063,BR08,Mortgage,2026-02-12,300,173300,5.11,691,Good (670-739),2.15,83.2,Employee,South West,0,Stage 1 (Performing),N,0.0097,0.18,303,Property
L01547,C00501,BR06,Personal Loan,2026-02-15,24,17700,8.51,739,Good (670-739),0.11,,Employee,Scotland,0,Stage 1 (Performing),N,0.0029,0.45,23,Unsecured
L01548,C02587,BR05,Personal Loan,2026-03-29,60,25500,8.87,678,Good (670-739),0.45,,Self-employed,North East,0,Stage 1 (Performing),N,0.0089,0.45,102,Unsecured
L01549,C02096,BR01,Invoice Finance,2025-10-29,12,73600,8.59,726,Good (670-739),0.28,,Hospitality,London,0,Stage 1 (Performing),N,0.0028,0.45,93,Receivables
L01550,C00506,BR08,Business Overdraft,2026-02-19,60,14000,8.05,790,Excellent (740+),0.09,,Technology,South West,0,Stage 1 (Performing),N,0.0012,0.78,13,Unsecured
L01551,C02750,BR06,Mortgage,2025-07-02,300,108500,5.11,695,Good (670-739),4.87,58.7,Self-employed,Scotland,0,Stage 1 (Performing),N,0.0231,0.18,451,Property
L01552,C02281,BR01,Commercial Mortgage,2026-02-15,300,383700,5.84,586,Fair (580-669),0.31,61.1,Technology,London,150,Stage 3 (Credit-impaired),Y,0.0286,0.18,17778,Property
L01553,C02270,BR08,Mortgage,2026-05-07,300,99300,5.21,703,Good (670-739),4.34,42.4,Self-employed,South West,0,Stage 1 (Performing),N,0.0169,0.18,302,Property
L01554,C02435,BR01,Commercial Mortgage,2025-01-21,300,413700,5.13,708,Good (670-739),2.02,48.2,Precious Metals,London,0,Stage 1 (Performing),N,0.0109,0.18,812,Property
L01555,C01737,BR09,Mortgage,2025-12-25,300,340000,6.11,616,Fair (580-669),9.0,62.1,Employee,Wales,0,Stage 1 (Performing),N,0.1157,0.18,7081,Property
L01556,C00958,BR04,Mortgage,2026-02-18,300,67500,4.37,806,Excellent (740+),1.36,47.8,Employee,Midlands,0,Stage 1 (Performing),N,0.0011,0.18,13,Property
L01557,C02400,BR08,Personal Loan,2025-06-20,24,11300,8.98,687,Good (670-739),0.17,,Retired,South West,0,Stage 1 (Performing),N,0.007,0.45,36,Unsecured
L01558,C00166,BR10,Mortgage,2026-02-27,300,260700,5.67,596,Fair (580-669),6.36,82.9,Student,Northern Ireland,0,Stage 1 (Performing),N,0.1545,0.18,7250,Property
L01559,C01450,BR04,Credit Card,2025-08-20,24,3200,20.15,637,Fair (580-669),0.05,,Student,Midlands,0,Stage 1 (Performing),N,0.0153,0.78,38,Unsecured
L01560,C00202,BR08,Overdraft,2024-04-15,12,3100,10.02,579,Poor (300-579),0.05,,Student,South West,45,Stage 2 (Significant increase in risk),N,0.0293,0.78,248,Unsecured
L01561,C01796,BR08,Credit Card,2026-03-31,60,5100,18.64,781,Excellent (740+),0.05,,Employee,South West,0,Stage 1 (Performing),N,0.0014,0.78,6,Unsecured
L01562,C00239,BR06,Personal Loan,2024-11-23,24,19800,8.76,707,Good (670-739),0.24,,Employee,Scotland,0,Stage 1 (Performing),N,0.0051,0.45,45,Unsecured
L01563,C01051,BR01,Overdraft,2025-02-06,36,8700,9.85,601,Fair (580-669),0.25,,Employee,London,0,Stage 1 (Performing),N,0.022,0.78,149,Unsecured
L01564,C00986,BR04,SME Term Loan,2024-10-10,36,112400,9.61,569,Poor (300-579),0.21,,Crypto Assets,Midlands,0,Stage 1 (Performing),N,0.0559,0.45,2827,Unsecured
L01565,C00553,BR03,Personal Loan,2026-03-12,12,8200,7.89,798,Excellent (740+),0.16,,Director,North West,0,Stage 1 (Performing),N,0.0011,0.45,4,Unsecured
L01566,C02217,BR01,Mortgage,2025-04-05,300,141300,5.33,694,Good (670-739),3.32,69.3,Employee,London,15,Stage 1 (Performing),N,0.0138,0.18,351,Property
L01567,C02454,BR01,SME Term Loan,2025-01-22,24,55400,10.96,509,Poor (300-579),0.16,,Import/Export,London,0,Stage 1 (Performing),N,0.1366,0.45,3405,Unsecured
L01568,C02159,BR01,Overdraft,2024-09-05,36,3500,8.59,725,Good (670-739),0.1,,Employee,London,0,Stage 1 (Performing),N,0.0027,0.78,7,Unsecured
L01569,C01979,BR09,Personal Loan,2025-07-11,36,14300,10.23,581,Fair (580-669),0.88,,Student,Wales,0,Stage 1 (Performing),N,0.0501,0.45,322,Unsecured
L01570,C00990,BR04,Personal Loan,2024-12-19,24,15200,8.56,735,Good (670-739),0.29,,Employee,Midlands,0,Stage 1 (Performing),N,0.0033,0.45,23,Unsecured
L01571,C02907,BR02,Personal Loan,2026-04-18,24,13400,8.16,769,Excellent (740+),0.15,,Employee,London,0,Stage 1 (Performing),N,0.0018,0.45,11,Unsecured
L01572,C01196,BR09,Personal Loan,2024-10-29,24,25300,9.04,653,Fair (580-669),1.27,,Employee,Wales,0,Stage 1 (Performing),N,0.0179,0.45,204,Unsecured
L01573,C01281,BR09,Personal Loan,2024-06-09,24,20200,9.0,669,Fair (580-669),0.27,,Employee,Wales,0,Stage 1 (Performing),N,0.0097,0.45,88,Unsecured
L01574,C01400,BR01,Personal Loan,2025-05-16,36,19400,9.29,648,Fair (580-669),0.23,,Director,London,0,Stage 1 (Performing),N,0.0136,0.45,119,Unsecured
L01575,C00624,BR08,Invoice Finance,2026-06-03,12,45100,10.08,540,Poor (300-579),0.05,,Professional Services,South West,45,Stage 2 (Significant increase in risk),N,0.0547,0.45,3885,Receivables
L01576,C00049,BR02,Mortgage,2025-07-02,300,194200,4.3,810,Excellent (740+),3.39,53.5,Employee,London,0,Stage 1 (Performing),N,0.0021,0.18,73,Property
L01577,C01788,BR06,Personal Loan,2024-09-22,60,6800,7.24,865,Excellent (740+),0.18,,Employee,Scotland,0,Stage 1 (Performing),N,0.0004,0.45,1,Unsecured
L01578,C02464,BR08,Personal Loan,2024-10-24,24,9100,8.79,701,Good (670-739),0.38,,Self-employed,South West,0,Stage 1 (Performing),N,0.006,0.45,25,Unsecured
L01579,C02983,BR02,Mortgage,2025-09-12,300,234100,6.41,555,Poor (300-579),4.2,44.8,Employee,London,15,Stage 1 (Performing),N,0.1616,0.18,6810,Property
L01580,C02829,BR01,Mortgage,2024-11-16,300,129000,5.7,652,Fair (580-669),9.0,86.3,Employee,London,45,Stage 2 (Significant increase in risk),N,0.067,0.18,5445,Property
L01581,C02703,BR07,Credit Card,2025-07-17,12,3100,20.52,598,Fair (580-669),0.16,,Employee,Scotland,15,Stage 1 (Performing),N,0.03,0.78,73,Unsecured
L01582,C02573,BR02,Mortgage,2025-06-05,300,562000,6.82,568,Poor (300-579),9.0,107.4,Self-employed,London,0,Stage 1 (Performing),N,0.2256,0.18,22822,Property
L01583,C00115,BR04,Business Overdraft,2024-09-15,24,23500,9.72,550,Poor (300-579),0.06,,Technology,Midlands,0,Stage 1 (Performing),N,0.0943,0.78,1729,Unsecured
L01584,C01768,BR10,Credit Card,2026-03-30,36,2100,19.41,688,Good (670-739),0.1,,Employee,Northern Ireland,0,Stage 1 (Performing),N,0.0067,0.78,11,Unsecured
L01585,C01379,BR06,Mortgage,2025-08-31,300,127600,5.75,655,Fair (580-669),5.23,84.1,Employee,Scotland,0,Stage 1 (Performing),N,0.0496,0.18,1139,Property
L01586,C00791,BR04,Mortgage,2026-04-18,300,216100,4.54,777,Excellent (740+),1.79,71.0,Retired,Midlands,0,Stage 1 (Performing),N,0.002,0.18,78,Property
L01587,C02874,BR08,Invoice Finance,2025-09-27,24,89900,9.56,642,Fair (580-669),0.05,,Charity,South West,0,Stage 1 (Performing),N,0.0105,0.45,425,Receivables
L01588,C01935,BR01,Mortgage,2024-12-20,300,216000,5.66,631,Fair (580-669),3.1,72.3,Student,London,0,Stage 1 (Performing),N,0.0356,0.18,1384,Property
L01589,C00897,BR01,Credit Card,2024-10-11,60,6100,20.71,589,Fair (580-669),0.59,,Senior Public Official,London,0,Stage 1 (Performing),N,0.0614,0.78,292,Unsecured
L01590,C01097,BR01,Credit Card,2024-09-28,60,4700,21.35,471,Poor (300-579),0.13,,Employee,London,75,Stage 2 (Significant increase in risk),N,0.2847,0.78,3653,Unsecured
L01591,C02328,BR02,Mortgage,2024-05-20,300,135600,5.54,675,Good (670-739),3.88,54.6,Self-employed,London,0,Stage 1 (Performing),N,0.0228,0.18,557,Property
L01592,C01194,BR08,Mortgage,2026-01-16,300,359200,5.81,641,Fair (580-669),9.0,76.6,Employee,South West,15,Stage 1 (Performing),N,0.0794,0.18,5134,Property
L01593,C00221,BR10,SME Term Loan,2025-12-11,60,79000,8.63,720,Good (670-739),0.16,,Retail,Northern Ireland,0,Stage 1 (Performing),N,0.003,0.45,107,Unsecured
L01594,C00515,BR03,Mortgage,2026-02-09,300,528800,5.27,681,Good (670-739),9.0,51.0,Employee,North West,0,Stage 1 (Performing),N,0.0424,0.18,4036,Property
L01595,C00151,BR01,Mortgage,2026-01-12,300,172200,5.43,659,Fair (580-669),1.29,86.3,Employee,London,15,Stage 1 (Performing),N,0.0121,0.18,375,Property
L01596,C01432,BR02,Overdraft,2025-04-25,36,2400,9.24,658,Fair (580-669),0.07,,Employee,London,0,Stage 1 (Performing),N,0.0081,0.78,15,Unsecured
L01597,C00716,BR10,SME Term Loan,2025-06-18,36,75900,9.85,593,Fair (580-669),1.54,,Precious Metals,Northern Ireland,0,Stage 1 (Performing),N,0.0595,0.45,2032,Unsecured
L01598,C01484,BR02,Overdraft,2025-04-26,36,2300,8.68,717,Good (670-739),0.05,,Self-employed,London,0,Stage 1 (Performing),N,0.003,0.78,5,Unsecured
L01599,C02815,BR04,Personal Loan,2025-01-26,24,15100,8.14,778,Excellent (740+),0.36,,Employee,Midlands,0,Stage 1 (Performing),N,0.0016,0.45,11,Unsecured
L01600,C01129,BR01,Commercial Mortgage,2025-09-04,300,394500,5.98,566,Poor (300-579),0.49,79.3,Technology,London,0,Stage 1 (Performing),N,0.0419,0.18,2975,Property
L01601,C01967,BR03,Mortgage,2024-09-18,300,385400,4.95,727,Good (670-739),9.0,53.2,Employee,North West,0,Stage 1 (Performing),N,0.0202,0.18,1401,Property
L01602,C01779,BR03,Personal Loan,2025-07-29,60,14900,7.7,817,Excellent (740+),0.96,,Employee,North West,0,Stage 1 (Performing),N,0.0011,0.45,7,Unsecured
L01603,C01096,BR04,Credit Card,2024-08-22,12,8400,19.76,640,Fair (580-669),0.58,,Student,Midlands,0,Stage 1 (Performing),N,0.0175,0.78,115,Unsecured
L01604,C00954,BR10,Mortgage,2025-07-11,300,232600,6.16,544,Poor (300-579),4.99,51.9,Employee,Northern Ireland,100,Stage 3 (Credit-impaired),Y,0.2338,0.18,88099,Property
L01605,C00863,BR08,Mortgage,2025-03-12,300,405000,5.12,708,Good (670-739),9.0,66.8,Employee,South West,0,Stage 1 (Performing),N,0.0275,0.18,2005,Property
L01606,C01747,BR07,Mortgage,2025-09-10,300,389100,5.29,685,Good (670-739),7.45,76.5,Property Investor,Scotland,0,Stage 1 (Performing),N,0.0398,0.18,2788,Property
L01607,C02860,BR05,SME Term Loan,2025-07-16,24,91300,9.95,605,Fair (580-669),0.69,,Money Services,North East,0,Stage 1 (Performing),N,0.037,0.45,1520,Unsecured
L01608,C02387,BR10,SME Term Loan,2026-03-26,12,308300,9.44,659,Fair (580-669),0.76,,Hospitality,Northern Ireland,0,Stage 1 (Performing),N,0.0101,0.45,1401,Unsecured
L01609,C01898,BR05,Credit Card,2025-02-12,12,8200,18.98,743,Excellent (740+),0.56,,Employee,North East,0,Stage 1 (Performing),N,0.0032,0.78,20,Unsecured
L01610,C00189,BR04,Mortgage,2025-03-09,300,289200,4.47,785,Excellent (740+),5.57,61.1,Self-employed,Midlands,0,Stage 1 (Performing),N,0.0067,0.18,349,Property
L01611,C01738,BR08,Mortgage,2025-06-29,300,206600,5.07,709,Good (670-739),4.53,66.4,Employee,South West,0,Stage 1 (Performing),N,0.0163,0.18,606,Property
L01612,C00924,BR06,Mortgage,2025-09-10,300,218000,4.68,755,Excellent (740+),5.08,58.7,Employee,Scotland,0,Stage 1 (Performing),N,0.0093,0.18,365,Property
L01613,C01776,BR04,Commercial Mortgage,2024-11-27,300,399700,7.09,548,Poor (300-579),2.41,68.2,Money Services,Midlands,100,Stage 3 (Credit-impaired),Y,0.1037,0.18,67147,Property
L01614,C02903,BR02,Personal Loan,2025-11-02,36,14000,9.37,637,Fair (580-669),0.37,,Employee,London,0,Stage 1 (Performing),N,0.0171,0.45,108,Unsecured
L01615,C02213,BR06,Personal Loan,2025-03-04,36,7400,9.58,631,Fair (580-669),0.05,,Student,Scotland,0,Stage 1 (Performing),N,0.0169,0.45,56,Unsecured
L01616,C02727,BR02,Mortgage,2024-12-24,300,232400,4.73,751,Excellent (740+),0.88,87.8,Property Investor,London,0,Stage 1 (Performing),N,0.0023,0.18,96,Property
L01617,C01055,BR02,Credit Card,2025-11-30,36,3100,20.14,641,Fair (580-669),0.05,,Student,London,45,Stage 2 (Significant increase in risk),N,0.0143,0.78,121,Unsecured
L01618,C02701,BR07,SME Term Loan,2025-06-20,36,208300,9.84,535,Poor (300-579),0.42,,Technology,Scotland,0,Stage 1 (Performing),N,0.101,0.45,9467,Unsecured
L01619,C02831,BR02,Mortgage,2025-01-26,300,321000,4.74,746,Excellent (740+),2.0,77.4,Employee,London,0,Stage 1 (Performing),N,0.0037,0.18,214,Property
L01620,C01956,BR02,Overdraft,2024-09-07,24,5500,9.13,663,Fair (580-669),0.13,,Employee,London,0,Stage 1 (Performing),N,0.0076,0.78,33,Unsecured
L01621,C00269,BR05,Credit Card,2025-06-02,60,12200,19.97,608,Fair (580-669),0.22,,Employee,North East,0,Stage 1 (Performing),N,0.026,0.78,247,Unsecured
L01622,C00309,BR06,Mortgage,2025-08-02,300,282000,6.7,561,Poor (300-579),9.0,62.4,Director,Scotland,0,Stage 1 (Performing),N,0.2466,0.18,12517,Property
L01623,C02164,BR01,Overdraft,2025-06-24,24,6400,8.33,755,Excellent (740+),0.28,,Self-employed,London,0,Stage 1 (Performing),N,0.0017,0.78,8,Unsecured
L01624,C01942,BR04,Business Overdraft,2026-01-13,60,30700,9.94,560,Poor (300-579),0.06,,Retail,Midlands,0,Stage 1 (Performing),N,0.0532,0.78,1274,Unsecured
L01625,C02751,BR02,Mortgage,2025-04-18,300,302800,4.93,724,Good (670-739),9.0,69.3,Employee,London,0,Stage 1 (Performing),N,0.0212,0.18,1155,Property
L01626,C01243,BR03,Mortgage,2025-07-12,300,148100,5.26,675,Good (670-739),1.2,68.0,Employee,North West,0,Stage 1 (Performing),N,0.009,0.18,240,Property
L01627,C01925,BR07,Mortgage,2025-08-23,300,236400,6.17,569,Poor (300-579),9.0,88.9,Retired,Scotland,45,Stage 2 (Significant increase in risk),N,0.2227,0.18,33167,Property
L01628,C02116,BR09,Mortgage,2025-11-08,300,435500,4.88,731,Good (670-739),9.0,67.9,Employee,Wales,0,Stage 1 (Performing),N,0.0189,0.18,1482,Property
L01629,C01091,BR02,Mortgage,2025-05-10,300,285200,6.48,549,Poor (300-579),7.58,72.2,Employee,London,45,Stage 2 (Significant increase in risk),N,0.2856,0.18,51315,Property
L01630,C00822,BR01,Invoice Finance,2026-02-02,60,52400,9.8,551,Poor (300-579),0.05,,Real Estate,London,0,Stage 1 (Performing),N,0.0703,0.45,1658,Receivables
L01631,C02913,BR06,SME Term Loan,2026-06-02,12,98700,9.7,566,Poor (300-579),0.05,,Retail,Scotland,0,Stage 1 (Performing),N,0.0362,0.45,1608,Unsecured
L01632,C00108,BR10,Personal Loan,2026-02-06,60,8900,8.74,715,Good (670-739),0.59,,Employee,Northern Ireland,0,Stage 1 (Performing),N,0.0051,0.45,20,Unsecured
L01633,C02350,BR02,Mortgage,2025-01-26,300,168000,5.4,653,Fair (580-669),2.11,66.7,Employee,London,0,Stage 1 (Performing),N,0.0178,0.18,538,Property
L01634,C02955,BR01,Mortgage,2026-02-23,300,118800,5.12,712,Good (670-739),1.05,53.1,Self-employed,London,0,Stage 1 (Performing),N,0.0047,0.18,101,Property
L01635,C01414,BR08,Business Overdraft,2024-07-16,12,42800,9.13,683,Good (670-739),0.05,,Money Services,South West,0,Stage 1 (Performing),N,0.0072,0.78,240,Unsecured
L01636,C01257,BR07,Mortgage,2025-03-31,300,374200,5.59,654,Fair (580-669),9.0,81.4,Self-employed,Scotland,0,Stage 1 (Performing),N,0.065,0.18,4378,Property
L01637,C02292,BR08,Invoice Finance,2025-10-06,12,59200,10.51,458,Poor (300-579),0.39,,Import/Export,South West,15,Stage 1 (Performing),N,0.2863,0.45,7627,Receivables
L01638,C01365,BR04,Personal Loan,2024-08-25,24,6800,9.78,612,Fair (580-669),0.06,,Employee,Midlands,0,Stage 1 (Performing),N,0.0231,0.45,71,Unsecured
L01639,C02761,BR10,Credit Card,2025-01-25,36,3700,19.28,709,Good (670-739),0.19,,Employee,Northern Ireland,0,Stage 1 (Performing),N,0.0049,0.78,14,Unsecured
L01640,C00458,BR03,Personal Loan,2025-03-04,60,30900,9.48,626,Fair (580-669),0.42,,Employee,North West,0,Stage 1 (Performing),N,0.0208,0.45,289,Unsecured
L01641,C01276,BR06,Personal Loan,2024-05-31,24,6800,9.17,675,Good (670-739),0.08,,Student,Scotland,0,Stage 1 (Performing),N,0.0083,0.45,25,Unsecured
L01642,C00759,BR08,Personal Loan,2024-08-18,36,9900,8.62,724,Good (670-739),1.03,,Property Investor,South West,0,Stage 1 (Performing),N,0.0051,0.45,23,Unsecured
L01643,C00707,BR06,Mortgage,2024-07-19,300,184100,5.87,628,Fair (580-669),9.0,90.6,Property Investor,Scotland,0,Stage 1 (Performing),N,0.0968,0.18,3208,Property
L01644,C02743,BR08,Personal Loan,2025-05-27,24,17900,10.41,570,Poor (300-579),0.7,,Employee,South West,0,Stage 1 (Performing),N,0.0562,0.45,453,Unsecured
L01645,C01295,BR01,Commercial Mortgage,2024-11-23,300,244800,6.69,491,Poor (300-579),0.24,77.5,Real Estate,London,15,Stage 1 (Performing),N,0.1228,0.18,5411,Property
L01646,C00093,BR01,Mortgage,2025-11-24,300,256800,4.65,765,Excellent (740+),9.0,68.7,Employee,London,0,Stage 1 (Performing),N,0.0108,0.18,499,Property
L01647,C00817,BR09,Mortgage,2026-04-28,300,157100,6.16,598,Fair (580-669),1.09,80.5,Employee,Wales,0,Stage 1 (Performing),N,0.0307,0.18,868,Property
L01648,C02872,BR07,Overdraft,2025-05-16,60,2200,9.66,585,Fair (580-669),0.05,,Self-employed,Scotland,0,Stage 1 (Performing),N,0.0266,0.78,46,Unsecured
L01649,C00856,BR03,Invoice Finance,2024-12-05,12,35900,9.96,514,Poor (300-579),0.05,,Real Estate,North West,0,Stage 1 (Performing),N,0.1228,0.45,1984,Receivables
L01650,C00870,BR05,Credit Card,2024-10-19,12,5300,19.3,702,Good (670-739),0.05,,Self-employed,North East,0,Stage 1 (Performing),N,0.0052,0.78,21,Unsecured
L01651,C01026,BR03,Mortgage,2025-05-05,300,182400,6.35,561,Poor (300-579),3.2,57.7,Student,North West,0,Stage 1 (Performing),N,0.1094,0.18,3592,Property
L01652,C00143,BR02,Mortgage,2024-03-24,300,174400,5.04,709,Good (670-739),9.0,45.8,Employee,London,0,Stage 1 (Performing),N,0.027,0.18,848,Property
L01653,C02066,BR08,Overdraft,2026-05-19,60,4300,9.39,639,Fair (580-669),0.09,,Retired,South West,0,Stage 1 (Performing),N,0.0111,0.78,37,Unsecured
L01654,C01483,BR03,Personal Loan,2025-06-08,24,14600,8.6,731,Good (670-739),0.48,,Employee,North West,0,Stage 1 (Performing),N,0.0038,0.45,25,Unsecured
L01655,C01474,BR02,Commercial Mortgage,2025-09-02,300,1269000,5.13,700,Good (670-739),1.54,63.8,Hospitality,London,0,Stage 1 (Performing),N,0.0067,0.18,1530,Property
L01656,C00163,BR04,Credit Card,2025-04-08,24,5000,20.27,569,Poor (300-579),0.08,,Employee,Midlands,0,Stage 1 (Performing),N,0.0464,0.78,181,Unsecured
L01657,C02344,BR07,Credit Card,2025-08-23,60,4300,20.03,584,Fair (580-669),0.29,,Employee,Scotland,0,Stage 1 (Performing),N,0.0392,0.78,131,Unsecured
L01658,C00862,BR02,Mortgage,2024-05-27,300,241700,5.14,685,Good (670-739),7.46,57.3,Employee,London,0,Stage 1 (Performing),N,0.0398,0.18,1732,Property
L01659,C02407,BR07,Commercial Mortgage,2026-02-18,300,1516700,6.34,602,Fair (580-669),0.95,66.4,Professional Services,Scotland,0,Stage 1 (Performing),N,0.0275,0.18,7508,Property
L01660,C00617,BR10,Credit Card,2026-01-28,36,7300,18.31,806,Excellent (740+),0.06,,Employee,Northern Ireland,0,Stage 1 (Performing),N,0.0009,0.78,5,Unsecured
L01661,C01674,BR04,SME Term Loan,2025-12-21,60,86800,9.99,538,Poor (300-579),0.12,,Precious Metals,Midlands,0,Stage 1 (Performing),N,0.0878,0.45,3429,Unsecured
L01662,C01428,BR06,Credit Card,2024-11-06,36,4800,19.11,727,Good (670-739),0.13,,Employee,Scotland,0,Stage 1 (Performing),N,0.0035,0.78,13,Unsecured
L01663,C02134,BR03,Invoice Finance,2024-04-24,12,49400,10.58,563,Poor (300-579),0.09,,Real Estate,North West,0,Stage 1 (Performing),N,0.0591,0.45,1314,Receivables
L01664,C01451,BR02,Personal Loan,2025-02-27,36,16800,9.82,576,Poor (300-579),1.35,,Employee,London,0,Stage 1 (Performing),N,0.0633,0.45,479,Unsecured
L01665,C01945,BR10,SME Term Loan,2025-08-03,12,78700,8.42,751,Excellent (740+),0.12,,Construction,Northern Ireland,0,Stage 1 (Performing),N,0.0018,0.45,64,Unsecured
L01666,C01810,BR10,SME Term Loan,2025-08-20,36,76700,9.81,606,Fair (580-669),0.13,,Money Services,Northern Ireland,0,Stage 1 (Performing),N,0.0194,0.45,670,Unsecured
L01667,C00571,BR08,Credit Card,2026-01-29,60,5100,21.41,537,Poor (300-579),0.17,,Employee,South West,0,Stage 1 (Performing),N,0.0789,0.78,314,Unsecured
L01668,C00711,BR04,Personal Loan,2024-03-21,24,23000,8.61,727,Good (670-739),0.93,,Employee,Midlands,0,Stage 1 (Performing),N,0.0047,0.45,49,Unsecured
L01669,C02248,BR04,Business Overdraft,2025-07-22,24,38300,9.54,645,Fair (580-669),0.29,,Import/Export,Midlands,0,Stage 1 (Performing),N,0.0226,0.78,675,Unsecured
L01670,C00932,BR09,Commercial Mortgage,2025-09-11,300,612600,5.94,630,Fair (580-669),0.46,80.1,Retail,Wales,0,Stage 1 (Performing),N,0.0147,0.18,1621,Property
L01671,C00328,BR04,Business Overdraft,2025-06-26,60,26500,9.69,618,Fair (580-669),0.06,,Money Services,Midlands,0,Stage 1 (Performing),N,0.0209,0.78,432,Unsecured
L01672,C02926,BR07,Mortgage,2025-07-12,300,76600,5.44,653,Fair (580-669),4.67,55.3,Retired,Scotland,0,Stage 1 (Performing),N,0.0425,0.18,586,Property
L01673,C00580,BR04,Mortgage,2025-02-10,300,211800,5.28,668,Fair (580-669),3.3,72.1,Self-employed,Midlands,0,Stage 1 (Performing),N,0.0209,0.18,797,Property
L01674,C01402,BR01,Commercial Mortgage,2024-10-29,300,396700,5.86,636,Fair (580-669),1.42,55.2,Crypto Assets,London,0,Stage 1 (Performing),N,0.0288,0.18,2056,Property
L01675,C01579,BR04,SME Term Loan,2026-09-19,12,125600,9.46,644,Fair (580-669),0.19,,Charity,Midlands,0,Stage 1 (Performing),N,0.0106,0.45,599,Unsecured
L01676,C00858,BR04,Mortgage,2024-10-14,300,505200,4.94,728,Good (670-739),7.31,66.7,Employee,Midlands,0,Stage 1 (Performing),N,0.0198,0.18,1801,Property
L01677,C01534,BR01,Mortgage,2025-01-09,300,321900,4.81,738,Good (670-739),5.69,95.7,Retired,London,0,Stage 1 (Performing),N,0.0151,0.18,875,Property
L01678,C00926,BR08,Credit Card,2024-12-21,24,1900,20.82,493,Poor (300-579),0.05,,Property Investor,South West,0,Stage 1 (Performing),N,0.1461,0.78,217,Unsecured
L01679,C02728,BR08,Mortgage,2025-08-22,300,230400,5.15,710,Good (670-739),3.0,88.3,Property Investor,South West,0,Stage 1 (Performing),N,0.0095,0.18,394,Property
L01680,C01002,BR07,Mortgage,2026-01-08,300,204800,4.82,738,Good (670-739),3.5,44.4,Employee,Scotland,0,Stage 1 (Performing),N,0.0071,0.18,262,Property
L01681,C00952,BR03,Mortgage,2024-06-15,300,315600,5.06,714,Good (670-739),9.0,76.3,Self-employed,North West,0,Stage 1 (Performing),N,0.0249,0.18,1415,Property
L01682,C02554,BR03,SME Term Loan,2025-06-11,24,95600,11.75,454,Poor (300-579),0.27,,Construction,North West,45,Stage 2 (Significant increase in risk),N,0.2914,0.45,43876,Unsecured
L01683,C00245,BR05,Commercial Mortgage,2024-08-12,300,182600,5.7,643,Fair (580-669),0.13,74.4,Hospitality,North East,0,Stage 1 (Performing),N,0.0106,0.18,348,Property
L01684,C00322,BR09,Mortgage,2026-06-07,300,150900,4.77,745,Excellent (740+),2.67,80.2,Retired,Wales,0,Stage 1 (Performing),N,0.0047,0.18,128,Property
L01685,C00788,BR02,Mortgage,2025-12-29,300,196500,5.6,667,Fair (580-669),5.87,77.6,Employee,London,0,Stage 1 (Performing),N,0.0507,0.18,1793,Property
L01686,C00855,BR07,Business Overdraft,2025-04-18,60,10200,9.33,669,Fair (580-669),0.07,,Professional Services,Scotland,0,Stage 1 (Performing),N,0.0091,0.78,72,Unsecured
L01687,C01807,BR04,Mortgage,2024-07-26,300,214600,6.04,618,Fair (580-669),6.51,53.2,Employee,Midlands,45,Stage 2 (Significant increase in risk),N,0.1124,0.18,15196,Property
L01688,C02824,BR04,Credit Card,2024-06-04,36,3600,19.18,717,Good (670-739),0.07,,Student,Midlands,0,Stage 1 (Performing),N,0.0041,0.78,12,Unsecured
L01689,C01132,BR05,Mortgage,2025-09-13,300,368600,4.29,799,Excellent (740+),2.44,85.5,Retired,North East,0,Stage 1 (Performing),N,0.0018,0.18,119,Property
L01690,C01452,BR08,Mortgage,2026-01-25,300,214800,5.11,701,Good (670-739),5.56,56.8,Retired,South West,0,Stage 1 (Performing),N,0.0265,0.18,1025,Property
L01691,C02081,BR06,SME Term Loan,2025-08-01,60,73700,8.56,732,Good (670-739),0.19,,Real Estate,Scotland,0,Stage 1 (Performing),N,0.0025,0.45,83,Unsecured
L01692,C02415,BR04,Mortgage,2024-05-14,300,213700,4.64,758,Excellent (740+),4.71,65.8,Employee,Midlands,0,Stage 1 (Performing),N,0.0078,0.18,300,Property
L01693,C02842,BR03,Personal Loan,2025-03-07,12,12400,8.33,755,Excellent (740+),0.09,,Employee,North West,0,Stage 1 (Performing),N,0.0022,0.45,12,Unsecured
L01694,C01125,BR08,Mortgage,2025-06-27,300,351400,6.2,591,Fair (580-669),9.0,81.4,Employee,South West,0,Stage 1 (Performing),N,0.1657,0.18,10481,Property
L01695,C00882,BR03,Invoice Finance,2025-10-21,36,39900,9.45,652,Fair (580-669),0.05,,Professional Services,North West,0,Stage 1 (Performing),N,0.0089,0.45,160,Receivables
L01696,C02882,BR02,Mortgage,2025-09-07,300,81100,5.59,651,Fair (580-669),1.05,79.4,Employee,London,0,Stage 1 (Performing),N,0.0128,0.18,187,Property
L01697,C01212,BR09,Commercial Mortgage,2025-09-30,300,1507800,4.94,718,Good (670-739),2.58,58.9,Professional Services,Wales,0,Stage 1 (Performing),N,0.0072,0.18,1954,Property
L01698,C01632,BR01,Mortgage,2024-11-25,300,318400,4.49,785,Excellent (740+),6.81,55.1,Director,London,0,Stage 1 (Performing),N,0.0078,0.18,447,Property
L01699,C01817,BR01,Mortgage,2025-07-18,300,229800,5.54,625,Fair (580-669),9.0,63.0,Employee,London,0,Stage 1 (Performing),N,0.1013,0.18,4190,Property
L01700,C01031,BR02,Invoice Finance,2025-10-30,36,185000,10.51,548,Poor (300-579),1.19,,Precious Metals,London,0,Stage 1 (Performing),N,0.0702,0.45,5844,Receivables
L01701,C02472,BR03,Credit Card,2024-08-16,24,2400,19.29,706,Good (670-739),0.1,,Director,North West,0,Stage 1 (Performing),N,0.005,0.78,9,Unsecured
L01702,C00885,BR04,Overdraft,2026-03-14,60,1800,8.11,789,Excellent (740+),0.08,,Employee,Midlands,0,Stage 1 (Performing),N,0.0009,0.78,1,Unsecured
L01703,C01319,BR02,Commercial Mortgage,2024-10-09,300,352100,5.07,717,Good (670-739),0.51,62.9,Professional Services,London,0,Stage 1 (Performing),N,0.0035,0.18,222,Property
L01704,C02873,BR04,Personal Loan,2024-08-10,12,15300,9.04,682,Good (670-739),0.84,,Senior Public Official,Midlands,0,Stage 1 (Performing),N,0.0096,0.45,66,Unsecured
L01705,C00520,BR10,Personal Loan,2025-08-05,60,10000,9.12,671,Good (670-739),0.23,,Employee,Northern Ireland,0,Stage 1 (Performing),N,0.0093,0.45,42,Unsecured
L01706,C00057,BR08,Personal Loan,2024-06-15,12,17500,8.51,738,Good (670-739),0.44,,Self-employed,South West,0,Stage 1 (Performing),N,0.0033,0.45,26,Unsecured
L01707,C01152,BR02,Credit Card,2024-09-17,60,3500,19.57,688,Good (670-739),0.13,,Property Investor,London,0,Stage 1 (Performing),N,0.0068,0.78,19,Unsecured
L01708,C00845,BR05,Overdraft,2024-12-23,24,4600,8.56,731,Good (670-739),0.25,,Retired,North East,0,Stage 1 (Performing),N,0.0026,0.78,9,Unsecured
L01709,C02505,BR08,Mortgage,2025-02-10,300,278000,5.35,685,Good (670-739),9.0,81.8,Employee,South West,0,Stage 1 (Performing),N,0.0398,0.18,1992,Property
L01710,C01914,BR10,Personal Loan,2025-05-07,24,5800,8.9,690,Good (670-739),0.44,,Retired,Northern Ireland,0,Stage 1 (Performing),N,0.0073,0.45,19,Unsecured
L01711,C00772,BR02,Credit Card,2025-11-03,36,4000,18.37,815,Excellent (740+),0.06,,Employee,London,0,Stage 1 (Performing),N,0.0008,0.78,2,Unsecured
L01712,C00256,BR01,Mortgage,2025-04-24,300,133600,6.01,624,Fair (580-669),1.99,74.3,Employee,London,0,Stage 1 (Performing),N,0.0274,0.18,659,Property
L01713,C01354,BR02,Commercial Mortgage,2024-07-11,300,402600,5.55,671,Good (670-739),1.33,69.6,Technology,London,0,Stage 1 (Performing),N,0.0101,0.18,732,Property
L01714,C00236,BR01,Credit Card,2025-12-27,24,4100,19.66,639,Fair (580-669),0.05,,Employee,London,0,Stage 1 (Performing),N,0.0148,0.78,47,Unsecured
L01715,C02571,BR02,Mortgage,2024-10-18,300,623200,4.48,772,Excellent (740+),9.0,66.1,Retired,London,0,Stage 1 (Performing),N,0.0096,0.18,1077,Property
L01716,C01841,BR10,Credit Card,2025-12-14,60,3700,18.69,773,Excellent (740+),0.06,,Self-employed,Northern Ireland,0,Stage 1 (Performing),N,0.0016,0.78,5,Unsecured
L01717,C02665,BR06,Credit Card,2026-01-10,12,2000,19.88,645,Fair (580-669),0.05,,Self-employed,Scotland,0,Stage 1 (Performing),N,0.0134,0.78,21,Unsecured
L01718,C00344,BR05,Mortgage,2025-06-18,300,235400,5.08,703,Good (670-739),2.36,72.5,Self-employed,North East,100,Stage 3 (Credit-impaired),Y,0.0085,0.18,3241,Property
L01719,C00339,BR03,Commercial Mortgage,2024-09-22,300,251400,5.57,666,Fair (580-669),1.67,68.1,Technology,North West,0,Stage 1 (Performing),N,0.0123,0.18,557,Property
L01720,C00697,BR02,Mortgage,2024-10-19,300,515700,6.38,602,Fair (580-669),7.7,70.0,Property Investor,London,45,Stage 2 (Significant increase in risk),N,0.1419,0.18,46102,Property
L01721,C00991,BR04,Mortgage,2025-01-15,300,309400,5.72,641,Fair (580-669),7.66,51.8,Retired,Midlands,45,Stage 2 (Significant increase in risk),N,0.0794,0.18,15477,Property
L01722,C01429,BR04,Overdraft,2025-07-02,24,5200,9.0,661,Fair (580-669),0.11,,Employee,Midlands,0,Stage 1 (Performing),N,0.0078,0.78,32,Unsecured
L01723,C02329,BR01,Credit Card,2026-03-14,24,3400,19.03,737,Good (670-739),0.05,,Director,London,0,Stage 1 (Performing),N,0.0029,0.78,8,Unsecured
L01724,C02148,BR03,Credit Card,2025-01-20,12,2500,19.97,647,Fair (580-669),0.14,,Employee,North West,150,Stage 3 (Credit-impaired),Y,0.0134,0.78,235,Unsecured
L01725,C00316,BR02,Personal Loan,2025-08-29,60,13900,8.8,697,Good (670-739),0.15,,Employee,London,0,Stage 1 (Performing),N,0.0059,0.45,37,Unsecured
L01726,C01976,BR09,Overdraft,2026-05-12,24,1400,8.37,755,Excellent (740+),0.05,,Self-employed,Wales,0,Stage 1 (Performing),N,0.0016,0.78,2,Unsecured
L01727,C01145,BR02,Personal Loan,2024-09-26,24,7800,7.94,794,Excellent (740+),0.32,,Retired,London,0,Stage 1 (Performing),N,0.0012,0.45,4,Unsecured
L01728,C01326,BR09,Overdraft,2025-09-10,60,1800,8.68,722,Good (670-739),0.1,,Employee,Wales,0,Stage 1 (Performing),N,0.0028,0.78,4,Unsecured
L01729,C00208,BR02,Credit Card,2026-01-10,24,3800,19.79,641,Fair (580-669),0.2,,Student,London,0,Stage 1 (Performing),N,0.0151,0.78,45,Unsecured
L01730,C01443,BR08,Mortgage,2024-10-16,300,111300,6.14,588,Fair (580-669),2.06,80.8,Student,South West,0,Stage 1 (Performing),N,0.0499,0.18,1000,Property
L01731,C02902,BR03,Credit Card,2024-11-14,60,1600,19.44,702,Good (670-739),0.05,,Employee,North West,0,Stage 1 (Performing),N,0.0052,0.78,6,Unsecured
L01732,C01067,BR02,Invoice Finance,2024-04-06,12,117000,9.15,676,Good (670-739),0.14,,Hospitality,London,0,Stage 1 (Performing),N,0.0062,0.45,326,Receivables
L01733,C00594,BR09,Credit Card,2026-01-23,60,3200,19.83,657,Fair (580-669),0.12,,Employee,Wales,0,Stage 1 (Performing),N,0.0113,0.78,28,Unsecured
L01734,C01652,BR05,Personal Loan,2026-03-27,60,11200,9.27,650,Fair (580-669),0.16,,Employee,North East,0,Stage 1 (Performing),N,0.0128,0.45,65,Unsecured
L01735,C00657,BR10,Mortgage,2025-01-15,300,293000,5.67,599,Fair (580-669),8.11,88.8,Employee,Northern Ireland,100,Stage 3 (Credit-impaired),Y,0.148,0.18,70250,Property
L01736,C01382,BR01,Credit Card,2024-03-26,12,5000,19.24,708,Good (670-739),0.06,,Retired,London,0,Stage 1 (Performing),N,0.0047,0.78,18,Unsecured
L01737,C01035,BR03,SME Term Loan,2025-12-24,12,71500,9.0,685,Good (670-739),0.07,,Real Estate,North West,0,Stage 1 (Performing),N,0.0052,0.45,167,Unsecured
L01738,C01554,BR06,Mortgage,2026-05-30,300,182100,5.5,641,Fair (580-669),4.12,68.8,Employee,Scotland,0,Stage 1 (Performing),N,0.0428,0.18,1403,Property
L01739,C02973,BR01,Business Overdraft,2025-07-18,12,53100,7.66,827,Excellent (740+),0.35,,Retail,London,0,Stage 1 (Performing),N,0.0007,0.78,29,Unsecured
L01740,C02373,BR07,SME Term Loan,2025-07-21,60,171700,9.48,657,Fair (580-669),0.14,,Import/Export,Scotland,0,Stage 1 (Performing),N,0.0132,0.45,1020,Unsecured
L01741,C02001,BR08,SME Term Loan,2025-12-02,36,136000,9.66,621,Fair (580-669),0.17,,Hospitality,South West,0,Stage 1 (Performing),N,0.0154,0.45,942,Unsecured
L01742,C02118,BR02,Commercial Mortgage,2025-01-15,300,915600,6.32,579,Poor (300-579),3.15,80.4,Hospitality,London,0,Stage 1 (Performing),N,0.123,0.18,20271,Property
L01743,C00906,BR01,Credit Card,2024-12-18,12,1700,18.39,803,Excellent (740+),0.08,,Property Investor,London,0,Stage 1 (Performing),N,0.001,0.78,1,Unsecured
L01744,C00797,BR01,Mortgage,2025-10-03,300,238200,5.7,635,Fair (580-669),5.1,72.6,Employee,London,0,Stage 1 (Performing),N,0.0651,0.18,2791,Property
L01745,C01944,BR03,Commercial Mortgage,2025-04-11,300,377100,6.59,515,Poor (300-579),0.15,63.2,Real Estate,North West,0,Stage 1 (Performing),N,0.1248,0.18,8471,Property
L01746,C00179,BR08,SME Term Loan,2025-08-04,24,40200,10.77,516,Poor (300-579),0.05,,Professional Services,South West,75,Stage 2 (Significant increase in risk),N,0.1193,0.45,7553,Unsecured
L01747,C01007,BR01,Personal Loan,2025-05-27,12,14300,9.47,628,Fair (580-669),0.37,,Employee,London,0,Stage 1 (Performing),N,0.0198,0.45,127,Unsecured
L01748,C00536,BR01,Mortgage,2024-04-18,300,302100,4.75,748,Excellent (740+),3.27,70.3,Self-employed,London,0,Stage 1 (Performing),N,0.0055,0.18,299,Property
L01749,C01444,BR02,Credit Card,2026-02-01,36,4600,19.4,683,Good (670-739),0.11,,Employee,London,0,Stage 1 (Performing),N,0.0073,0.78,26,Unsecured
L01750,C00609,BR06,Mortgage,2024-09-27,300,98200,5.6,645,Fair (580-669),3.35,67.8,Employee,Scotland,0,Stage 1 (Performing),N,0.0309,0.18,546,Property
L01751,C01791,BR03,Personal Loan,2026-01-19,60,11100,8.88,704,Good (670-739),0.56,,Employee,North West,0,Stage 1 (Performing),N,0.006,0.45,30,Unsecured
L01752,C00002,BR05,Personal Loan,2026-04-14,36,13500,9.22,625,Fair (580-669),0.38,,Employee,North East,0,Stage 1 (Performing),N,0.0208,0.45,126,Unsecured
L01753,C00336,BR01,Personal Loan,2024-08-24,12,11000,7.87,803,Excellent (740+),0.12,,Self-employed,London,0,Stage 1 (Performing),N,0.001,0.45,5,Unsecured
L01754,C02352,BR01,Commercial Mortgage,2025-08-09,300,489300,6.94,547,Poor (300-579),0.27,69.5,Money Services,London,0,Stage 1 (Performing),N,0.0803,0.18,7072,Property
L01755,C02046,BR08,SME Term Loan,2024-09-27,24,122400,9.17,639,Fair (580-669),0.16,,Technology,South West,0,Stage 1 (Performing),N,0.0114,0.45,628,Unsecured
L01756,C01641,BR08,Overdraft,2024-07-04,12,4900,9.98,603,Fair (580-669),0.13,,Self-employed,South West,0,Stage 1 (Performing),N,0.0204,0.78,78,Unsecured
L01757,C01772,BR05,Mortgage,2025-02-19,300,251200,5.69,651,Fair (580-669),9.0,77.8,Self-employed,North East,0,Stage 1 (Performing),N,0.0681,0.18,3079,Property
L01758,C01423,BR02,Invoice Finance,2025-07-24,24,206200,9.44,651,Fair (580-669),1.94,,Professional Services,London,0,Stage 1 (Performing),N,0.0173,0.45,1605,Receivables
L01759,C01197,BR01,Credit Card,2025-07-03,36,4500,19.19,710,Good (670-739),0.18,,Employee,London,0,Stage 1 (Performing),N,0.0048,0.78,17,Unsecured
L01760,C00649,BR06,Invoice Finance,2025-11-03,24,70300,9.82,578,Poor (300-579),0.11,,Hospitality,Scotland,0,Stage 1 (Performing),N,0.0469,0.45,1484,Receivables
L01761,C00560,BR02,Personal Loan,2025-08-11,12,17600,9.85,610,Fair (580-669),0.34,,Employee,London,45,Stage 2 (Significant increase in risk),N,0.0262,0.45,726,Unsecured
L01762,C02497,BR03,Personal Loan,2024-07-31,24,11900,8.58,729,Good (670-739),0.22,,Employee,North West,0,Stage 1 (Performing),N,0.0035,0.45,19,Unsecured
L01763,C01003,BR01,SME Term Loan,2025-06-25,24,84200,9.14,670,Good (670-739),0.36,,Retail,London,0,Stage 1 (Performing),N,0.0073,0.45,277,Unsecured
L01764,C01920,BR02,Mortgage,2024-10-14,300,400000,6.02,615,Fair (580-669),9.0,52.1,Employee,London,0,Stage 1 (Performing),N,0.1175,0.18,8460,Property
L01765,C00188,BR02,Mortgage,2026-01-29,300,84900,4.92,726,Good (670-739),3.37,63.5,Self-employed,London,0,Stage 1 (Performing),N,0.0083,0.18,127,Property
L01766,C02836,BR09,Personal Loan,2024-09-21,24,5500,8.61,728,Good (670-739),0.07,,Employee,Wales,0,Stage 1 (Performing),N,0.0034,0.45,8,Unsecured
L01767,C00232,BR01,Personal Loan,2026-07-19,12,32100,8.87,680,Good (670-739),1.63,,Employee,London,0,Stage 1 (Performing),N,0.013,0.45,188,Unsecured
L01768,C01311,BR06,SME Term Loan,2025-12-07,24,137300,8.67,715,Good (670-739),0.07,,Professional Services,Scotland,0,Stage 1 (Performing),N,0.0031,0.45,192,Unsecured
L01769,C02438,BR05,Credit Card,2025-05-28,12,5300,19.31,703,Good (670-739),0.09,,Retired,North East,0,Stage 1 (Performing),N,0.0052,0.78,21,Unsecured
L01770,C01613,BR08,Commercial Mortgage,2025-06-16,300,498100,6.63,507,Poor (300-579),0.16,83.8,Technology,South West,45,Stage 2 (Significant increase in risk),N,0.1406,0.18,44121,Property
L01771,C00775,BR01,Invoice Finance,2024-02-04,24,70500,8.82,704,Good (670-739),0.08,,Technology,London,0,Stage 1 (Performing),N,0.0038,0.45,121,Receivables
L01772,C01273,BR06,Personal Loan,2025-02-12,60,8000,7.69,822,Excellent (740+),0.06,,Employee,Scotland,0,Stage 1 (Performing),N,0.0007,0.45,3,Unsecured
L01773,C00800,BR02,Credit Card,2025-05-06,36,3600,20.29,619,Fair (580-669),0.23,,Employee,London,0,Stage 1 (Performing),N,0.0218,0.78,61,Unsecured
L01774,C02215,BR04,Mortgage,2024-12-27,300,141900,5.15,694,Good (670-739),0.8,82.8,Employee,Midlands,0,Stage 1 (Performing),N,0.0057,0.18,146,Property
L01775,C02337,BR03,Mortgage,2024-09-08,300,385800,4.59,760,Excellent (740+),4.84,53.5,Employee,North West,0,Stage 1 (Performing),N,0.0079,0.18,549,Property
L01776,C01625,BR07,Mortgage,2025-04-01,300,304500,4.79,741,Excellent (740+),9.0,36.6,Self-employed,Scotland,0,Stage 1 (Performing),N,0.016,0.18,877,Property
L01777,C00756,BR10,Mortgage,2026-06-26,300,253900,4.59,770,Excellent (740+),5.48,91.0,Employee,Northern Ireland,0,Stage 1 (Performing),N,0.0083,0.18,379,Property
L01778,C01717,BR04,Business Overdraft,2026-05-12,24,30900,8.61,730,Good (670-739),0.05,,Construction,Midlands,0,Stage 1 (Performing),N,0.0033,0.78,80,Unsecured
L01779,C02176,BR06,Personal Loan,2024-06-24,24,11700,9.68,575,Poor (300-579),0.94,,Retired,Scotland,0,Stage 1 (Performing),N,0.0562,0.45,296,Unsecured
L01780,C01250,BR04,Credit Card,2024-09-03,12,2400,18.96,747,Excellent (740+),0.15,,Self-employed,Midlands,0,Stage 1 (Performing),N,0.0026,0.78,5,Unsecured
L01781,C00615,BR07,Commercial Mortgage,2025-12-14,300,950500,6.67,527,Poor (300-579),1.39,63.4,Professional Services,Scotland,75,Stage 2 (Significant increase in risk),N,0.1031,0.18,61738,Property
L01782,C02189,BR07,Personal Loan,2025-07-24,60,16700,9.75,634,Fair (580-669),0.83,,Employee,Scotland,0,Stage 1 (Performing),N,0.021,0.45,158,Unsecured
L01783,C02671,BR10,Personal Loan,2025-08-14,36,11500,10.48,564,Poor (300-579),0.08,,Employee,Northern Ireland,0,Stage 1 (Performing),N,0.0503,0.45,260,Unsecured
L01784,C02251,BR01,Credit Card,2026-01-11,24,5400,19.07,732,Good (670-739),0.06,,Self-employed,London,0,Stage 1 (Performing),N,0.0032,0.78,13,Unsecured
L01785,C01902,BR04,Credit Card,2025-07-28,36,7400,20.09,584,Fair (580-669),0.16,,Employee,Midlands,0,Stage 1 (Performing),N,0.0375,0.78,216,Unsecured
L01786,C00387,BR01,Personal Loan,2024-11-28,36,21400,8.78,706,Good (670-739),0.22,,Employee,London,0,Stage 1 (Performing),N,0.0052,0.45,50,Unsecured
L01787,C00187,BR04,Personal Loan,2024-09-19,24,16800,10.04,594,Fair (580-669),1.3,,Employee,Midlands,0,Stage 1 (Performing),N,0.0469,0.45,355,Unsecured
L01788,C01834,BR06,Business Overdraft,2025-09-05,60,37900,8.26,777,Excellent (740+),0.69,,Professional Services,Scotland,0,Stage 1 (Performing),N,0.0019,0.78,56,Unsecured
L01789,C02854,BR07,Commercial Mortgage,2025-08-19,300,392000,6.71,522,Poor (300-579),0.47,69.4,Money Services,Scotland,150,Stage 3 (Credit-impaired),Y,0.1243,0.18,78935,Property
L01790,C01339,BR03,SME Term Loan,2024-09-27,24,183300,9.21,638,Fair (580-669),0.15,,Hospitality,North West,0,Stage 1 (Performing),N,0.0116,0.45,957,Unsecured
L01791,C01514,BR04,Personal Loan,2026-10-10,12,19200,9.73,617,Fair (580-669),0.35,,Employee,Midlands,0,Stage 1 (Performing),N,0.0235,0.45,203,Unsecured
L01792,C02877,BR06,Mortgage,2025-07-02,300,353000,5.57,659,Fair (580-669),8.67,45.6,Retired,Scotland,75,Stage 2 (Significant increase in risk),N,0.0601,0.18,13366,Property
L01793,C00262,BR05,Personal Loan,2025-02-16,24,6900,7.96,790,Excellent (740+),0.13,,Employee,North East,0,Stage 1 (Performing),N,0.0012,0.45,4,Unsecured
L01794,C01680,BR10,Mortgage,2025-09-11,300,306600,4.98,716,Good (670-739),9.0,83.7,Student,Northern Ireland,0,Stage 1 (Performing),N,0.0241,0.18,1330,Property
L01795,C00905,BR01,Mortgage,2025-02-18,300,310200,5.89,618,Fair (580-669),7.6,58.2,Self-employed,London,0,Stage 1 (Performing),N,0.1124,0.18,6276,Property
L01796,C02254,BR01,Mortgage,2024-07-30,300,329700,5.27,664,Fair (580-669),6.59,45.6,Employee,London,0,Stage 1 (Performing),N,0.0555,0.18,3294,Property
L01797,C00253,BR02,Credit Card,2024-11-08,12,1300,19.53,688,Good (670-739),0.05,,Employee,London,0,Stage 1 (Performing),N,0.0066,0.78,7,Unsecured
L01798,C02253,BR07,Mortgage,2024-09-29,300,96500,4.62,761,Excellent (740+),2.38,38.4,Employee,Scotland,0,Stage 1 (Performing),N,0.0033,0.18,57,Property
L01799,C01659,BR02,Invoice Finance,2025-02-22,12,70600,8.85,691,Good (670-739),0.09,,Retail,London,0,Stage 1 (Performing),N,0.0047,0.45,149,Receivables
L01800,C00679,BR10,SME Term Loan,2025-04-01,60,63500,9.07,669,Fair (580-669),0.44,,Professional Services,Northern Ireland,0,Stage 1 (Performing),N,0.0077,0.45,220,Unsecured
L01801,C00075,BR05,Mortgage,2025-10-29,300,271200,4.43,772,Excellent (740+),3.44,70.5,Self-employed,North East,0,Stage 1 (Performing),N,0.004,0.18,195,Property
L01802,C00599,BR09,Personal Loan,2025-02-05,24,11900,7.62,865,Excellent (740+),0.12,,Employee,Wales,0,Stage 1 (Performing),N,0.0004,0.45,2,Unsecured
L01803,C01726,BR10,Mortgage,2026-03-24,300,336800,4.76,744,Excellent (740+),3.78,83.9,Employee,Northern Ireland,0,Stage 1 (Performing),N,0.0071,0.18,430,Property
L01804,C00317,BR04,Overdraft,2024-07-06,12,2000,9.33,625,Fair (580-669),0.07,,Retired,Midlands,0,Stage 1 (Performing),N,0.0139,0.78,22,Unsecured
L01805,C00938,BR04,Personal Loan,2024-07-27,60,7600,9.79,630,Fair (580-669),0.22,,Property Investor,Midlands,0,Stage 1 (Performing),N,0.0182,0.45,62,Unsecured
L01806,C01469,BR09,Overdraft,2024-08-23,12,3300,7.99,817,Excellent (740+),0.05,,Student,Wales,0,Stage 1 (Performing),N,0.0006,0.78,2,Unsecured
L01807,C01455,BR05,Credit Card,2024-08-04,36,3600,19.94,587,Fair (580-669),0.2,,Senior Public Official,North East,0,Stage 1 (Performing),N,0.0557,0.78,156,Unsecured
L01808,C01148,BR06,Personal Loan,2024-06-01,60,7200,9.68,565,Poor (300-579),0.27,,Employee,Scotland,150,Stage 3 (Credit-impaired),Y,0.0527,0.45,1537,Unsecured
L01809,C01980,BR10,Mortgage,2024-09-06,300,90600,5.71,663,Fair (580-669),4.22,86.0,Employee,Northern Ireland,0,Stage 1 (Performing),N,0.0311,0.18,507,Property
L01810,C01307,BR02,Commercial Mortgage,2025-06-10,300,1831000,6.53,527,Poor (300-579),0.66,62.5,Import/Export,London,0,Stage 1 (Performing),N,0.1225,0.18,40374,Property
L01811,C02048,BR01,Commercial Mortgage,2025-12-31,300,364300,6.17,615,Fair (580-669),0.62,51.5,Professional Services,London,0,Stage 1 (Performing),N,0.0198,0.18,1298,Property
L01812,C02080,BR07,Business Overdraft,2026-05-20,24,22900,8.87,684,Good (670-739),0.05,,Hospitality,Scotland,0,Stage 1 (Performing),N,0.007,0.78,125,Unsecured
L01813,C02037,BR03,Mortgage,2025-09-20,300,91100,4.75,746,Excellent (740+),4.22,76.4,Employee,North West,0,Stage 1 (Performing),N,0.008,0.18,131,Property
L01814,C02978,BR03,Personal Loan,2024-12-28,24,7700,7.93,792,Excellent (740+),0.22,,Employee,North West,0,Stage 1 (Performing),N,0.0012,0.45,4,Unsecured
L01815,C02173,BR08,SME Term Loan,2025-08-22,12,90200,11.2,427,Poor (300-579),0.18,,Precious Metals,South West,45,Stage 2 (Significant increase in risk),N,0.3845,0.45,54624,Unsecured
L01816,C00636,BR08,Personal Loan,2025-01-31,60,14300,8.64,719,Good (670-739),0.66,,Director,South West,0,Stage 1 (Performing),N,0.0049,0.45,32,Unsecured
L01817,C01117,BR06,Credit Card,2025-10-03,24,5800,19.58,685,Good (670-739),0.15,,Retired,Scotland,0,Stage 1 (Performing),N,0.0072,0.78,33,Unsecured
L01818,C01268,BR03,Mortgage,2026-03-15,300,159000,6.04,625,Fair (580-669),9.0,67.2,Employee,North West,75,Stage 2 (Significant increase in risk),N,0.1013,0.18,10147,Property
L01819,C01286,BR03,Mortgage,2025-04-14,300,280500,5.23,698,Good (670-739),9.0,69.5,Student,North West,0,Stage 1 (Performing),N,0.0323,0.18,1631,Property
L01820,C01473,BR04,Mortgage,2024-04-14,300,381900,5.84,606,Fair (580-669),9.0,66.2,Retired,Midlands,0,Stage 1 (Performing),N,0.1339,0.18,9205,Property
L01821,C02658,BR01,Overdraft,2025-05-01,36,2000,10.05,602,Fair (580-669),0.05,,Self-employed,London,0,Stage 1 (Performing),N,0.0202,0.78,32,Unsecured
L01822,C02034,BR10,SME Term Loan,2024-11-20,12,93800,8.42,752,Excellent (740+),0.18,,Retail,Northern Ireland,0,Stage 1 (Performing),N,0.0018,0.45,76,Unsecured
L01823,C01210,BR03,Commercial Mortgage,2024-08-22,300,186300,6.38,588,Fair (580-669),0.12,94.0,Money Services,North West,0,Stage 1 (Performing),N,0.0401,0.18,1345,Property
L01824,C02528,BR06,Mortgage,2024-10-31,300,153800,4.64,756,Excellent (740+),3.52,45.4,Employee,Scotland,0,Stage 1 (Performing),N,0.0053,0.18,147,Property
L01825,C00744,BR05,Mortgage,2025-02-08,300,118500,4.35,791,Excellent (740+),3.26,71.6,Self-employed,North East,0,Stage 1 (Performing),N,0.0027,0.18,58,Property
L01826,C02623,BR02,Mortgage,2025-03-13,300,305500,6.46,550,Poor (300-579),5.58,84.8,Senior Public Official,London,0,Stage 1 (Performing),N,0.2534,0.18,13934,Property
L01827,C00287,BR08,SME Term Loan,2024-04-16,36,89000,8.55,735,Good (670-739),0.07,,Professional Services,South West,0,Stage 1 (Performing),N,0.0023,0.45,92,Unsecured
L01828,C00956,BR04,Personal Loan,2026-03-10,60,25500,8.87,706,Good (670-739),0.33,,Employee,Midlands,0,Stage 1 (Performing),N,0.0054,0.45,62,Unsecured
L01829,C00153,BR05,Credit Card,2024-11-14,36,4400,19.03,737,Good (670-739),0.09,,Director,North East,0,Stage 1 (Performing),N,0.003,0.78,10,Unsecured
L01830,C02995,BR10,Overdraft,2024-11-15,12,3700,8.31,756,Excellent (740+),0.09,,Employee,Northern Ireland,0,Stage 1 (Performing),N,0.0016,0.78,5,Unsecured
L01831,C02168,BR06,Personal Loan,2026-02-11,60,15500,8.46,744,Excellent (740+),0.08,,Self-employed,Scotland,0,Stage 1 (Performing),N,0.0026,0.45,18,Unsecured
L01832,C00762,BR07,Invoice Finance,2026-01-27,12,67200,10.75,533,Poor (300-579),0.11,,Construction,Scotland,0,Stage 1 (Performing),N,0.0944,0.45,2855,Receivables
L01833,C00478,BR09,Credit Card,2025-11-16,24,2500,19.49,698,Good (670-739),0.2,,Student,Wales,0,Stage 1 (Performing),N,0.0059,0.78,12,Unsecured
L01834,C00985,BR01,Invoice Finance,2025-04-30,24,131600,9.61,571,Poor (300-579),0.78,,Crypto Assets,London,0,Stage 1 (Performing),N,0.0654,0.45,3873,Receivables
L01835,C02056,BR07,Commercial Mortgage,2025-04-09,300,410900,4.45,773,Excellent (740+),2.72,50.0,Retail,Scotland,0,Stage 1 (Performing),N,0.003,0.18,222,Property
L01836,C01812,BR08,Credit Card,2026-05-13,12,1700,20.81,545,Poor (300-579),0.05,,Employee,South West,0,Stage 1 (Performing),N,0.0671,0.78,89,Unsecured
L01837,C00263,BR06,Credit Card,2024-11-16,36,3100,18.31,799,Excellent (740+),0.2,,Employee,Scotland,0,Stage 1 (Performing),N,0.0011,0.78,3,Unsecured
L01838,C01082,BR09,Mortgage,2025-06-15,300,134700,5.62,634,Fair (580-669),3.27,63.5,Property Investor,Wales,0,Stage 1 (Performing),N,0.036,0.18,873,Property
L01839,C00430,BR07,Personal Loan,2026-03-05,36,21100,7.36,852,Excellent (740+),1.4,,Self-employed,Scotland,0,Stage 1 (Performing),N,0.0007,0.45,7,Unsecured
L01840,C00250,BR08,Credit Card,2025-10-27,36,6600,19.64,673,Good (670-739),0.05,,Employee,South West,15,Stage 1 (Performing),N,0.0084,0.78,43,Unsecured
L01841,C02958,BR02,Mortgage,2025-03-27,300,456400,4.12,823,Excellent (740+),9.0,58.7,Employee,London,0,Stage 1 (Performing),N,0.0041,0.18,337,Property
L01842,C02801,BR07,Credit Card,2026-09-19,24,11200,19.6,684,Good (670-739),0.14,,Employee,Scotland,0,Stage 1 (Performing),N,0.0073,0.78,64,Unsecured
L01843,C00020,BR10,Mortgage,2025-11-13,300,166100,3.91,821,Excellent (740+),2.92,70.6,Employee,Northern Ireland,0,Stage 1 (Performing),N,0.0015,0.18,45,Property
L01844,C02510,BR06,Personal Loan,2026-06-03,24,5100,8.61,729,Good (670-739),0.14,,Employee,Scotland,0,Stage 1 (Performing),N,0.0034,0.45,8,Unsecured
L01845,C02786,BR01,Personal Loan,2024-09-02,12,7900,8.61,729,Good (670-739),0.07,,Employee,London,0,Stage 1 (Performing),N,0.0034,0.45,12,Unsecured
L01846,C00659,BR02,Credit Card,2025-11-09,36,4900,19.05,732,Good (670-739),0.06,,Self-employed,London,0,Stage 1 (Performing),N,0.0032,0.78,12,Unsecured
L01847,C02965,BR01,Mortgage,2024-08-24,300,63900,6.69,526,Poor (300-579),1.44,68.5,Employee,London,75,Stage 2 (Significant increase in risk),N,0.1063,0.18,4279,Property
L01848,C02040,BR07,SME Term Loan,2024-06-07,12,73300,10.57,536,Poor (300-579),0.09,,Hospitality,Scotland,0,Stage 1 (Performing),N,0.0591,0.45,1949,Unsecured
L01849,C00807,BR02,Credit Card,2025-04-21,12,6000,20.62,586,Fair (580-669),0.18,,Employee,London,0,Stage 1 (Performing),N,0.0366,0.78,171,Unsecured
L01850,C01510,BR09,Mortgage,2025-01-02,300,151100,5.87,646,Fair (580-669),3.16,65.3,Employee,Wales,0,Stage 1 (Performing),N,0.0285,0.18,775,Property
L01851,C02301,BR03,Mortgage,2024-09-05,300,212300,5.14,684,Good (670-739),9.0,67.7,Employee,North West,0,Stage 1 (Performing),N,0.0404,0.18,1544,Property
L01852,C00922,BR02,Commercial Mortgage,2025-11-19,300,280900,5.15,698,Good (670-739),0.72,51.6,Hospitality,London,0,Stage 1 (Performing),N,0.0052,0.18,263,Property
L01853,C00819,BR01,Credit Card,2024-08-02,24,9200,19.84,665,Fair (580-669),0.13,,Employee,London,0,Stage 1 (Performing),N,0.0099,0.78,71,Unsecured
L01854,C02652,BR05,SME Term Loan,2025-03-01,60,240200,8.62,727,Good (670-739),1.12,,Hospitality,North East,0,Stage 1 (Performing),N,0.0037,0.45,400,Unsecured
L01855,C00343,BR03,Commercial Mortgage,2025-08-30,300,267000,6.37,511,Poor (300-579),0.49,59.9,Import/Export,North West,0,Stage 1 (Performing),N,0.1466,0.18,7046,Property
L01856,C00354,BR08,Personal Loan,2024-04-21,24,8300,8.97,665,Fair (580-669),0.12,,Employee,South West,0,Stage 1 (Performing),N,0.0099,0.45,37,Unsecured
L01857,C00521,BR01,Commercial Mortgage,2026-05-15,300,456400,6.14,605,Fair (580-669),0.36,65.6,Import/Export,London,0,Stage 1 (Performing),N,0.0214,0.18,1758,Property
L01858,C02866,BR08,Overdraft,2024-10-08,36,3500,9.35,618,Fair (580-669),0.08,,Employee,South West,0,Stage 1 (Performing),N,0.0157,0.78,43,Unsecured
L01859,C00016,BR01,SME Term Loan,2025-07-18,24,119300,10.45,515,Poor (300-579),0.07,,Retail,London,0,Stage 1 (Performing),N,0.0812,0.45,4359,Unsecured
L01860,C03000,BR05,Personal Loan,2025-03-07,24,16800,8.9,693,Good (670-739),0.35,,Director,North East,0,Stage 1 (Performing),N,0.0067,0.45,51,Unsecured
