alert_id,customer_id,alert_date,scenario,transaction_amount_gbp,counterparty_country,priority,analyst_id,status,closed_date,days_to_close,outcome,analyst_hours,sar_filed
ALT03156,C00724,2024-01-12,Rapid Movement of Funds,20328.93,India,Medium,AN037,Closed,2024-01-28,16,Closed - False Positive,1.0,N
ALT00879,C01394,2024-01-19,Dormant Account Reactivation,121333.79,United Kingdom,High,AN034,Closed,2024-01-22,3,Closed - False Positive,0.9,N
ALT00365,C02893,2024-01-25,Dormant Account Reactivation,13820.86,United Kingdom,Medium,AN040,Closed,2024-01-26,1,Closed - False Positive,1.2,N
ALT03189,C01581,2024-01-28,Dormant Account Reactivation,16515.03,United Kingdom,High,AN034,Closed,2024-02-29,32,SAR Filed,12.4,Y
ALT02476,C00498,2024-02-03,Structuring,9786.67,United Kingdom,Low,AN034,Closed,2024-02-16,13,Closed - False Positive,0.5,N
ALT02622,C02420,2024-02-09,Round-Amount Transfers,8942.99,United Kingdom,Medium,AN039,Closed,2024-02-18,9,Closed - False Positive,1.2,N
ALT02671,C02496,2024-02-13,Large Cash Deposit,20177.72,United Kingdom,High,AN033,Closed,2024-02-16,3,Closed - False Positive,0.6,N
ALT06111,C01229,2024-02-13,Dormant Account Reactivation,41968.48,United Kingdom,Medium,AN037,Closed,2024-02-18,5,Closed - False Positive,1.2,N
ALT04809,C00266,2024-02-17,Dormant Account Reactivation,19398.5,United Kingdom,Low,AN035,Closed,2024-02-21,4,Closed - False Positive,1.2,N
ALT03496,C02496,2024-02-17,Structuring,8708.06,United Kingdom,High,AN033,Closed,2024-03-25,37,Escalated to Investigation,5.3,N
ALT04048,C00824,2024-02-19,Rapid Movement of Funds,69580.01,United Kingdom,High,AN034,Closed,2024-02-21,2,Closed - False Positive,1.2,N
ALT03720,C00713,2024-02-24,High-Risk Jurisdiction Transfer,9934.47,UAE,Low,AN035,Closed,2024-02-27,3,Closed - False Positive,1.2,N
ALT05960,C02155,2024-02-24,Structuring,8950.78,United Kingdom,High,AN033,Closed,2024-02-27,3,Closed - False Positive,1.1,N
ALT05651,C02626,2024-02-27,Rapid Movement of Funds,44597.98,India,Medium,AN037,Closed,2024-03-03,5,Closed - False Positive,0.4,N
ALT05774,C01005,2024-02-29,High-Risk Jurisdiction Transfer,6127.9,Panama,Low,AN039,Closed,2024-03-04,4,Closed - False Positive,0.7,N
ALT04525,C02620,2024-03-01,Large Cash Deposit,29865.08,United Kingdom,Medium,AN037,Closed,2024-03-16,15,Closed - False Positive,0.7,N
ALT05519,C02683,2024-03-02,Unusual Activity vs Profile,2521.85,United Kingdom,Medium,AN034,Closed,2024-03-05,3,Closed - False Positive,0.5,N
ALT05443,C00119,2024-03-05,Large Cash Deposit,34784.68,Germany,High,AN038,Closed,2024-03-12,7,Closed - False Positive,1.0,N
ALT06470,C01022,2024-03-06,Rapid Movement of Funds,16802.77,Ireland,Low,AN039,Closed,2024-03-14,8,Closed - False Positive,0.9,N
ALT01647,C01148,2024-03-06,Large Cash Deposit,54730.26,United Kingdom,High,AN038,Closed,2024-03-16,10,Closed - False Positive,0.3,N
ALT00576,C01240,2024-03-07,Unusual Activity vs Profile,19911.8,United Kingdom,Low,AN037,Closed,2024-03-14,7,Closed - False Positive,0.5,N
ALT06399,C00265,2024-03-08,Rapid Movement of Funds,26529.66,United Kingdom,High,AN036,Closed,2024-03-13,5,Closed - False Positive,0.6,N
ALT04584,C02876,2024-03-08,Rapid Movement of Funds,1570.02,Cyprus,Medium,AN035,Closed,2024-03-14,6,Closed - False Positive,1.0,N
ALT04386,C01340,2024-03-08,Large Cash Deposit,53842.11,United Kingdom,High,AN038,Closed,2024-03-19,11,Closed - False Positive,1.2,N
ALT01083,C01340,2024-03-10,Large Cash Deposit,56761.08,United Kingdom,High,AN040,Closed,2024-03-17,7,Closed - False Positive,1.0,N
ALT01198,C02130,2024-03-11,Structuring,7917.24,Nigeria,Low,AN035,Closed,2024-03-14,3,Closed - False Positive,0.9,N
ALT04860,C01578,2024-03-11,Rapid Movement of Funds,13420.22,United Kingdom,Medium,AN040,Closed,2024-03-22,11,Closed - False Positive,1.1,N
ALT05803,C01056,2024-03-12,Rapid Movement of Funds,8613.42,India,Low,AN037,Closed,2024-03-19,7,Closed - False Positive,0.7,N
ALT00309,C02488,2024-03-12,High-Risk Jurisdiction Transfer,1617.9,UAE,Low,AN034,Closed,2024-03-22,10,Closed - False Positive,0.7,N
ALT04316,C02572,2024-03-12,Dormant Account Reactivation,48913.2,United Kingdom,Medium,AN039,Closed,2024-03-21,9,Closed - False Positive,1.2,N
ALT05702,C02155,2024-03-13,Round-Amount Transfers,29120.83,Nigeria,High,AN035,Closed,2024-04-06,24,SAR Filed,4.3,Y
ALT04034,C00549,2024-03-13,Large Cash Deposit,36256.66,UAE,Medium,AN036,Closed,2024-03-21,8,Closed - False Positive,0.7,N
ALT01894,C01394,2024-03-16,High-Risk Jurisdiction Transfer,13853.38,United Kingdom,Low,AN034,Closed,2024-03-18,2,Closed - False Positive,0.6,N
ALT02442,C00819,2024-03-17,Structuring,7043.38,Pakistan,Medium,AN038,Closed,2024-03-19,2,Closed - False Positive,1.2,N
ALT03401,C02603,2024-03-18,High-Risk Jurisdiction Transfer,7651.15,United Kingdom,Low,AN038,Closed,2024-03-21,3,Closed - False Positive,0.4,N
ALT04872,C00801,2024-03-20,Structuring,8708.11,Russia,Low,AN037,Closed,2024-03-23,3,Closed - False Positive,1.0,N
ALT03267,C02937,2024-03-21,Rapid Movement of Funds,28087.52,United States,Medium,AN033,Closed,2024-03-30,9,Closed - False Positive,0.9,N
ALT02789,C01022,2024-03-21,Unusual Activity vs Profile,24817.43,United Kingdom,Medium,AN037,Closed,2024-03-27,6,Closed - False Positive,0.4,N
ALT06435,C01022,2024-03-23,Rapid Movement of Funds,2683.41,United Kingdom,Medium,AN038,Closed,2024-03-30,7,Closed - False Positive,1.0,N
ALT02208,C01417,2024-03-25,High-Risk Jurisdiction Transfer,6757.42,United Kingdom,High,AN034,Closed,2024-03-30,5,Closed - False Positive,0.7,N
ALT02411,C01922,2024-03-25,Rapid Movement of Funds,25349.74,United Kingdom,Medium,AN035,Closed,2024-04-03,9,Closed - False Positive,0.6,N
ALT03791,C00006,2024-03-26,Structuring,9582.37,United Kingdom,High,AN034,Closed,2024-04-01,6,Closed - False Positive,1.0,N
ALT03366,C01188,2024-03-26,Round-Amount Transfers,43288.71,United Kingdom,Medium,AN038,Closed,2024-03-28,2,Closed - False Positive,1.1,N
ALT03811,C01369,2024-03-26,Structuring,8713.52,United Kingdom,Low,AN039,Closed,2024-03-30,4,Closed - False Positive,0.8,N
ALT00816,C00087,2024-03-27,Rapid Movement of Funds,6595.55,Nigeria,Low,AN035,Closed,2024-04-18,22,Escalated to Investigation,6.7,N
ALT01003,C01167,2024-03-28,Unusual Activity vs Profile,7992.04,India,Medium,AN040,Closed,2024-03-31,3,Closed - False Positive,1.0,N
ALT01592,C00684,2024-03-28,Unusual Activity vs Profile,22170.1,India,Low,AN040,Closed,2024-04-12,15,Closed - False Positive,0.4,N
ALT00848,C00142,2024-03-28,Dormant Account Reactivation,12224.63,United Kingdom,Low,AN034,Closed,2024-04-01,4,Closed - False Positive,0.7,N
ALT01533,C00305,2024-03-28,High-Risk Jurisdiction Transfer,60089.07,United Kingdom,High,AN033,Closed,2024-04-03,6,Closed - False Positive,1.2,N
ALT01779,C01172,2024-03-31,Large Cash Deposit,47372.07,United Kingdom,Medium,AN039,Closed,2024-04-04,4,Closed - False Positive,1.0,N
ALT05616,C01360,2024-04-02,Large Cash Deposit,45402.3,United Kingdom,Medium,AN039,Closed,2024-04-23,21,Closed - False Positive,0.9,N
ALT02147,C01830,2024-04-02,Unusual Activity vs Profile,45595.19,United Kingdom,Medium,AN037,Closed,2024-04-12,10,Closed - False Positive,0.4,N
ALT05479,C01916,2024-04-04,Large Cash Deposit,26374.88,United Kingdom,Low,AN036,Closed,2024-04-12,8,Closed - False Positive,1.2,N
ALT00571,C00893,2024-04-04,Unusual Activity vs Profile,18760.98,UAE,Medium,AN037,Closed,2024-04-07,3,Closed - False Positive,0.6,N
ALT03134,C01272,2024-04-04,Round-Amount Transfers,12298.69,Nigeria,High,AN035,Closed,2024-04-12,8,Closed - False Positive,1.0,N
ALT02277,C02317,2024-04-06,Rapid Movement of Funds,11297.4,United Kingdom,Medium,AN037,Closed,2024-04-14,8,Closed - False Positive,0.8,N
ALT04901,C02868,2024-04-08,Round-Amount Transfers,7318.53,Pakistan,Low,AN035,Closed,2024-04-13,5,Closed - False Positive,0.4,N
ALT01417,C00097,2024-04-09,Unusual Activity vs Profile,35895.0,United Kingdom,Low,AN039,Closed,2024-05-30,51,Escalated to Investigation,12.1,N
ALT04173,C01369,2024-04-09,Unusual Activity vs Profile,14317.38,United Kingdom,Medium,AN033,Closed,2024-04-11,2,Closed - False Positive,0.9,N
ALT04385,C01272,2024-04-10,Large Cash Deposit,12281.24,United Kingdom,High,AN034,Closed,2024-04-15,5,Closed - False Positive,0.6,N
ALT05970,C00682,2024-04-10,Unusual Activity vs Profile,5747.95,United Kingdom,Low,AN040,Closed,2024-04-16,6,Closed - False Positive,0.8,N
ALT06144,C01492,2024-04-11,Rapid Movement of Funds,2922.84,Ireland,High,AN035,Closed,2024-04-14,3,Closed - False Positive,1.1,N
ALT00752,C01784,2024-04-11,Structuring,8516.61,United Kingdom,Medium,AN034,Closed,2024-04-13,2,Closed - False Positive,0.5,N
ALT05758,C01340,2024-04-12,Unusual Activity vs Profile,259069.14,United Kingdom,High,AN036,Closed,2024-04-16,4,Closed - False Positive,0.6,N
ALT03506,C01995,2024-04-12,Unusual Activity vs Profile,28313.01,United Kingdom,High,AN034,Closed,2024-04-23,11,Closed - False Positive,1.1,N
ALT03510,C00243,2024-04-13,Structuring,9583.82,United States,Low,AN036,Closed,2024-04-26,13,Closed - False Positive,0.9,N
ALT01390,C01340,2024-04-15,Large Cash Deposit,52130.66,United Kingdom,High,AN038,Closed,2024-04-18,3,Closed - False Positive,1.0,N
ALT04097,C01402,2024-04-17,Rapid Movement of Funds,7957.81,United Kingdom,High,AN039,Closed,2024-04-26,9,Closed - False Positive,1.1,N
ALT01692,C01801,2024-04-17,Round-Amount Transfers,15175.83,France,Medium,AN033,Closed,2024-05-05,18,Closed - False Positive,0.4,N
ALT01014,C01561,2024-04-18,Large Cash Deposit,40659.73,United Kingdom,Medium,AN036,Closed,2024-04-21,3,Closed - False Positive,0.4,N
ALT02535,C02663,2024-04-18,Dormant Account Reactivation,4873.44,United Kingdom,Low,AN035,Closed,2024-04-26,8,Closed - False Positive,1.2,N
ALT04949,C00689,2024-04-19,Rapid Movement of Funds,1245.45,India,Medium,AN037,Closed,2024-04-29,10,Closed - False Positive,0.8,N
ALT03281,C02676,2024-04-21,Dormant Account Reactivation,8522.04,United Kingdom,Low,AN038,Closed,2024-04-26,5,Closed - False Positive,0.8,N
ALT05950,C00849,2024-04-23,Rapid Movement of Funds,2340.14,United Kingdom,High,AN036,Closed,2024-05-03,10,SAR Filed,12.9,Y
ALT05887,C02285,2024-04-23,Rapid Movement of Funds,3749.27,United Kingdom,Low,AN033,Closed,2024-04-26,3,Closed - False Positive,0.5,N
ALT01369,C01402,2024-04-24,Unusual Activity vs Profile,14545.51,United Kingdom,High,AN033,Closed,2024-05-04,10,Closed - False Positive,0.6,N
ALT05398,C00115,2024-04-25,Rapid Movement of Funds,7842.87,Cyprus,High,AN033,Closed,2024-05-04,9,Closed - False Positive,0.8,N
ALT02173,C01314,2024-04-25,Dormant Account Reactivation,161478.58,United Kingdom,High,AN035,Closed,2024-04-30,5,Closed - False Positive,0.4,N
ALT00740,C02403,2024-04-28,Rapid Movement of Funds,14734.93,India,Low,AN033,Closed,2024-05-06,8,Closed - False Positive,0.4,N
ALT05053,C02309,2024-04-28,Structuring,7127.81,United Kingdom,Medium,AN039,Closed,2024-05-03,5,Closed - False Positive,0.8,N
ALT05497,C02616,2024-04-30,Structuring,8764.7,United States,Medium,AN033,Closed,2024-05-03,3,Closed - False Positive,0.9,N
ALT03748,C00460,2024-05-01,High-Risk Jurisdiction Transfer,61252.66,United States,High,AN035,Closed,2024-05-03,2,Closed - False Positive,1.0,N
ALT01444,C01578,2024-05-01,High-Risk Jurisdiction Transfer,16114.13,Cyprus,Medium,AN039,Closed,2024-05-09,8,Closed - False Positive,1.2,N
ALT00864,C01208,2024-05-01,High-Risk Jurisdiction Transfer,39509.96,United Kingdom,Low,AN037,Closed,2024-05-05,4,Closed - False Positive,0.9,N
ALT03566,C01005,2024-05-01,High-Risk Jurisdiction Transfer,14960.91,United Kingdom,Low,AN033,Closed,2024-05-11,10,Closed - False Positive,1.1,N
ALT00463,C02949,2024-05-02,Round-Amount Transfers,3198.4,United States,Medium,AN036,Closed,2024-05-06,4,Closed - False Positive,0.9,N
ALT05358,C02491,2024-05-02,Large Cash Deposit,9920.68,United Kingdom,High,AN036,Closed,2024-05-06,4,Closed - False Positive,1.2,N
ALT04042,C02876,2024-05-04,High-Risk Jurisdiction Transfer,18863.95,United Kingdom,Medium,AN040,Closed,2024-05-07,3,Closed - False Positive,0.4,N
ALT03310,C02276,2024-05-05,Structuring,7623.11,India,Medium,AN034,Closed,2024-05-09,4,Closed - False Positive,1.2,N
ALT05457,C02685,2024-05-05,Round-Amount Transfers,32506.97,United States,Low,AN034,Closed,2024-05-11,6,Closed - False Positive,0.3,N
ALT00446,C02556,2024-05-06,High-Risk Jurisdiction Transfer,28962.81,United Kingdom,High,AN037,Closed,2024-05-11,5,Closed - False Positive,1.1,N
ALT04592,C02235,2024-05-07,Unusual Activity vs Profile,1471.74,United Kingdom,Low,AN039,Closed,2024-06-02,26,Escalated to Investigation,9.4,N
ALT06110,C01872,2024-05-08,Structuring,9457.8,Nigeria,Medium,AN035,Closed,2024-05-09,1,Closed - False Positive,0.6,N
ALT02468,C00302,2024-05-08,Rapid Movement of Funds,21150.91,United Kingdom,Low,AN037,Closed,2024-05-09,1,Closed - False Positive,1.0,N
ALT04934,C00411,2024-05-09,Large Cash Deposit,51988.47,United Kingdom,High,AN038,Closed,2024-05-21,12,Closed - False Positive,0.8,N
ALT03824,C02985,2024-05-09,Dormant Account Reactivation,6946.4,Ireland,High,AN040,Closed,2024-05-10,1,Closed - False Positive,0.5,N
ALT03090,C01492,2024-05-10,Dormant Account Reactivation,21853.23,United Kingdom,High,AN034,Closed,2024-05-21,11,Closed - False Positive,0.4,N
ALT05724,C01108,2024-05-10,High-Risk Jurisdiction Transfer,30191.25,United Kingdom,Low,AN033,Closed,2024-05-21,11,Closed - False Positive,0.7,N
ALT05275,C01995,2024-05-10,Large Cash Deposit,27168.53,United Kingdom,High,AN035,Closed,2024-05-17,7,Closed - False Positive,1.2,N
ALT03233,C01492,2024-05-13,Dormant Account Reactivation,57654.03,Nigeria,High,AN040,Closed,2024-05-20,7,Closed - False Positive,1.0,N
ALT00977,C00142,2024-05-14,Round-Amount Transfers,2044.34,United Kingdom,Medium,AN037,Closed,2024-05-21,7,Closed - False Positive,0.4,N
ALT02467,C01170,2024-05-14,Large Cash Deposit,25379.42,United Kingdom,Medium,AN038,Closed,2024-05-19,5,Closed - False Positive,1.2,N
ALT03091,C01170,2024-05-15,Rapid Movement of Funds,2625.39,United Kingdom,Medium,AN036,Closed,2024-05-28,13,SAR Filed,7.8,Y
ALT05671,C02167,2024-05-16,High-Risk Jurisdiction Transfer,32370.13,UAE,High,AN033,Closed,2024-05-18,2,Closed - False Positive,0.5,N
ALT00180,C01581,2024-05-17,High-Risk Jurisdiction Transfer,1232.38,Panama,High,AN037,Closed,2024-05-26,9,Closed - False Positive,0.4,N
ALT00082,C01272,2024-05-17,Round-Amount Transfers,29894.08,United Kingdom,High,AN040,Closed,2024-05-21,4,Closed - False Positive,1.1,N
ALT03682,C00119,2024-05-18,Structuring,7873.1,United States,High,AN036,Closed,2024-05-24,6,Closed - False Positive,1.1,N
ALT02627,C01995,2024-05-18,High-Risk Jurisdiction Transfer,57493.06,France,High,AN039,Closed,2024-06-01,14,Closed - False Positive,0.9,N
ALT05857,C00152,2024-05-19,Rapid Movement of Funds,66517.32,United Kingdom,High,AN040,Closed,2024-06-28,40,Escalated to Investigation,5.6,N
ALT00171,C00848,2024-05-20,Rapid Movement of Funds,28744.26,United Kingdom,High,AN038,Closed,2024-05-24,4,Closed - False Positive,0.5,N
ALT03810,C02134,2024-05-21,Rapid Movement of Funds,2629.28,United Kingdom,High,AN033,Closed,2024-05-22,1,Closed - False Positive,0.8,N
ALT01752,C01706,2024-05-21,High-Risk Jurisdiction Transfer,4320.89,India,Low,AN040,Closed,2024-06-02,12,Closed - False Positive,1.0,N
ALT05093,C00187,2024-05-21,High-Risk Jurisdiction Transfer,14844.65,United Kingdom,Low,AN036,Closed,2024-05-23,2,Closed - False Positive,0.6,N
ALT00893,C00722,2024-05-21,Large Cash Deposit,17410.22,India,Medium,AN036,Closed,2024-05-27,6,Closed - False Positive,0.8,N
ALT05938,C00198,2024-05-22,Large Cash Deposit,55121.78,UAE,High,AN039,Closed,2024-06-05,14,Closed - False Positive,0.6,N
ALT00420,C00330,2024-05-22,High-Risk Jurisdiction Transfer,6887.44,United Kingdom,High,AN040,Closed,2024-05-26,4,Closed - False Positive,0.8,N
ALT01036,C00526,2024-05-23,Structuring,8963.74,United Kingdom,Low,AN039,Closed,2024-05-27,4,Closed - False Positive,1.1,N
ALT01678,C00853,2024-05-24,Structuring,7086.13,Ireland,Medium,AN035,Closed,2024-05-29,5,Closed - False Positive,0.7,N
ALT00392,C02167,2024-05-24,Rapid Movement of Funds,52960.73,United Kingdom,High,AN033,Closed,2024-05-30,6,Closed - False Positive,0.9,N
ALT02708,C02134,2024-05-25,High-Risk Jurisdiction Transfer,113797.99,United Kingdom,High,AN034,Closed,2024-06-08,14,Closed - False Positive,0.6,N
ALT02418,C00234,2024-05-25,High-Risk Jurisdiction Transfer,310561.4,United Kingdom,High,AN039,Closed,2024-05-27,2,Closed - False Positive,0.6,N
ALT04779,C00055,2024-05-27,High-Risk Jurisdiction Transfer,17510.23,United Kingdom,Medium,AN033,Closed,2024-06-01,5,Closed - False Positive,0.5,N
ALT03995,C00152,2024-05-27,Unusual Activity vs Profile,157751.57,Ireland,High,AN040,Closed,2024-06-05,9,Closed - False Positive,0.4,N
ALT00067,C02893,2024-05-28,High-Risk Jurisdiction Transfer,8358.81,United Kingdom,Medium,AN036,Closed,2024-05-31,3,Closed - False Positive,0.8,N
ALT06179,C00367,2024-05-29,Round-Amount Transfers,7159.69,United Kingdom,Medium,AN033,Closed,2024-06-02,4,Closed - False Positive,0.6,N
ALT01217,C00798,2024-05-29,Round-Amount Transfers,5951.22,Pakistan,Medium,AN038,Closed,2024-06-04,6,Closed - False Positive,1.0,N
ALT06098,C02914,2024-05-29,Large Cash Deposit,48695.05,United States,Medium,AN036,Closed,2024-06-04,6,Closed - False Positive,0.8,N
ALT01795,C01547,2024-05-30,Rapid Movement of Funds,3415.23,Hong Kong,Medium,AN036,Closed,2024-06-03,4,Closed - False Positive,1.2,N
ALT02240,C01180,2024-05-30,High-Risk Jurisdiction Transfer,7438.93,Germany,Medium,AN039,Closed,2024-06-03,4,Closed - False Positive,1.0,N
ALT06244,C02004,2024-05-30,High-Risk Jurisdiction Transfer,7232.63,United Kingdom,High,AN034,Closed,2024-06-03,4,Closed - False Positive,0.3,N
ALT06343,C00654,2024-05-31,Rapid Movement of Funds,11916.85,United Kingdom,High,AN034,Closed,2024-06-08,8,Closed - False Positive,0.6,N
ALT05641,C00006,2024-06-01,Large Cash Deposit,52897.76,Nigeria,High,AN036,Closed,2024-06-14,13,Closed - False Positive,1.1,N
ALT05729,C01191,2024-06-01,High-Risk Jurisdiction Transfer,3178.36,UAE,Low,AN039,Closed,2024-06-08,7,Closed - False Positive,0.6,N
ALT00689,C02366,2024-06-01,High-Risk Jurisdiction Transfer,27554.09,United Kingdom,Medium,AN035,Closed,2024-06-02,1,Closed - False Positive,1.0,N
ALT01710,C02943,2024-06-02,Large Cash Deposit,21026.37,United States,Low,AN037,Closed,2024-06-04,2,Closed - False Positive,0.7,N
ALT00545,C00546,2024-06-02,Unusual Activity vs Profile,6262.16,Germany,Low,AN035,Closed,2024-06-07,5,Closed - False Positive,1.1,N
ALT00337,C00025,2024-06-02,Unusual Activity vs Profile,14647.88,United Kingdom,Low,AN034,Closed,2024-06-27,25,SAR Filed,3.2,Y
ALT02932,C02537,2024-06-03,Dormant Account Reactivation,33054.28,United Kingdom,Medium,AN038,Closed,2024-06-06,3,Closed - False Positive,0.3,N
ALT04932,C00775,2024-06-03,Round-Amount Transfers,7371.31,United Kingdom,Medium,AN039,Closed,2024-06-09,6,Closed - False Positive,0.6,N
ALT03910,C02617,2024-06-03,Large Cash Deposit,45815.59,Nigeria,Low,AN034,Closed,2024-06-06,3,Closed - False Positive,1.2,N
ALT03325,C02167,2024-06-03,High-Risk Jurisdiction Transfer,9324.24,United Kingdom,High,AN033,Closed,2024-06-11,8,SAR Filed,13.5,Y
ALT01248,C00598,2024-06-04,High-Risk Jurisdiction Transfer,5544.17,India,Medium,AN037,Closed,2024-06-12,8,Closed - False Positive,0.7,N
ALT03438,C02727,2024-06-05,Large Cash Deposit,48148.92,Ireland,Low,AN034,Closed,2024-06-07,2,Closed - False Positive,0.5,N
ALT05389,C01497,2024-06-06,Round-Amount Transfers,2823.7,United Kingdom,Low,AN037,Closed,2024-06-12,6,Closed - False Positive,0.8,N
ALT03422,C01310,2024-06-06,Rapid Movement of Funds,1549.49,United Kingdom,Low,AN034,Closed,2024-06-09,3,Closed - False Positive,0.4,N
ALT04984,C02476,2024-06-06,Rapid Movement of Funds,12804.65,United Kingdom,Low,AN038,Closed,2024-06-08,2,Closed - False Positive,0.4,N
ALT03259,C02672,2024-06-06,Large Cash Deposit,13977.88,Germany,Medium,AN034,Closed,2024-06-24,18,SAR Filed,10.2,Y
ALT04898,C01891,2024-06-06,Unusual Activity vs Profile,23969.77,United Kingdom,Low,AN037,Closed,2024-06-10,4,Closed - False Positive,0.5,N
ALT03913,C00861,2024-06-07,Unusual Activity vs Profile,14663.08,United Kingdom,Low,AN034,Closed,2024-06-11,4,Closed - False Positive,0.9,N
ALT01854,C01698,2024-06-07,Rapid Movement of Funds,8000.16,India,Low,AN038,Closed,2024-06-19,12,Closed - False Positive,0.4,N
ALT04691,C01353,2024-06-08,High-Risk Jurisdiction Transfer,9530.18,United Kingdom,Low,AN034,Closed,2024-06-19,11,Closed - False Positive,0.8,N
ALT04023,C00513,2024-06-08,Dormant Account Reactivation,42305.36,United Kingdom,High,AN038,Closed,2024-06-16,8,Closed - False Positive,0.8,N
ALT05798,C00682,2024-06-08,Structuring,7069.68,Nigeria,Low,AN039,Closed,2024-06-18,10,Closed - False Positive,0.6,N
ALT06326,C02169,2024-06-09,Structuring,9675.57,United Kingdom,Medium,AN033,Closed,2024-06-17,8,Closed - False Positive,0.6,N
ALT02763,C02556,2024-06-09,Structuring,7546.65,United Kingdom,High,AN039,Closed,2024-06-19,10,Escalated to Investigation,11.0,N
ALT04287,C02420,2024-06-10,High-Risk Jurisdiction Transfer,7922.61,United Kingdom,Low,AN036,Closed,2024-06-22,12,Closed - False Positive,1.0,N
ALT04686,C01195,2024-06-10,Unusual Activity vs Profile,7152.58,Hong Kong,Medium,AN035,Closed,2024-06-18,8,Closed - False Positive,1.0,N
ALT03594,C00697,2024-06-10,Rapid Movement of Funds,41434.85,Germany,Medium,AN033,Closed,2024-06-17,7,Closed - False Positive,1.0,N
ALT00659,C01255,2024-06-11,Rapid Movement of Funds,73387.69,United Kingdom,High,AN034,Closed,2024-06-19,8,Closed - False Positive,0.3,N
ALT03227,C02395,2024-06-12,Unusual Activity vs Profile,45776.88,United Kingdom,Medium,AN037,Closed,2024-06-30,18,Escalated to Investigation,4.0,N
ALT04212,C00302,2024-06-13,Round-Amount Transfers,25586.2,Ireland,Low,AN035,Closed,2024-06-28,15,Closed - False Positive,1.1,N
ALT05974,C02155,2024-06-14,Unusual Activity vs Profile,18605.64,United Kingdom,High,AN038,Closed,2024-06-30,16,Closed - False Positive,0.4,N
ALT00595,C02210,2024-06-15,Structuring,7326.57,United Kingdom,High,AN035,Closed,2024-06-19,4,Closed - False Positive,0.7,N
ALT04351,C00596,2024-06-16,Rapid Movement of Funds,11504.12,Nigeria,Low,AN035,Closed,2024-06-22,6,Closed - False Positive,1.0,N
ALT04905,C02119,2024-06-18,High-Risk Jurisdiction Transfer,9555.09,United Kingdom,Low,AN033,Closed,2024-06-22,4,Closed - False Positive,0.4,N
ALT00190,C02498,2024-06-18,Large Cash Deposit,39460.87,United Kingdom,Medium,AN034,Closed,2024-06-22,4,Closed - False Positive,0.4,N
ALT02362,C02212,2024-06-19,Rapid Movement of Funds,8302.83,United Kingdom,Low,AN034,Closed,2024-07-02,13,Closed - False Positive,1.2,N
ALT01352,C00713,2024-06-19,Unusual Activity vs Profile,7524.31,United Kingdom,Low,AN035,Closed,2024-06-24,5,Closed - False Positive,0.7,N
ALT05435,C00441,2024-06-21,High-Risk Jurisdiction Transfer,19056.67,United Kingdom,High,AN038,Closed,2024-06-23,2,Closed - False Positive,1.1,N
ALT03762,C01784,2024-06-21,Rapid Movement of Funds,54036.88,United Kingdom,High,AN033,Closed,2024-06-25,4,Closed - False Positive,0.8,N
ALT01505,C01437,2024-06-21,Large Cash Deposit,58366.46,United Kingdom,High,AN038,Closed,2024-06-26,5,Closed - False Positive,0.5,N
ALT03818,C02433,2024-06-22,Unusual Activity vs Profile,18958.38,Germany,Low,AN040,Closed,2024-06-23,1,Closed - False Positive,1.1,N
ALT00238,C01563,2024-06-22,Large Cash Deposit,22902.42,Germany,Low,AN034,Closed,2024-06-28,6,Closed - False Positive,0.8,N
ALT04342,C00953,2024-06-23,Structuring,9095.74,Hong Kong,Low,AN034,Closed,2024-06-30,7,Closed - False Positive,1.2,N
ALT04845,C02255,2024-06-24,Unusual Activity vs Profile,9491.78,United Kingdom,Medium,AN036,Closed,2024-06-26,2,Closed - False Positive,0.9,N
ALT00198,C01170,2024-06-24,Large Cash Deposit,57100.76,United Kingdom,High,AN036,Closed,2024-07-02,8,Closed - False Positive,1.1,N
ALT04499,C01753,2024-06-24,Round-Amount Transfers,20264.69,Ireland,Medium,AN035,Closed,2024-06-26,2,Closed - False Positive,0.9,N
ALT06046,C00556,2024-06-24,Large Cash Deposit,13736.93,United Kingdom,Low,AN034,Closed,2024-06-27,3,Closed - False Positive,0.8,N
ALT04987,C00098,2024-06-24,High-Risk Jurisdiction Transfer,40401.63,United Kingdom,Low,AN038,Closed,2024-06-29,5,Closed - False Positive,0.9,N
ALT03290,C00154,2024-06-24,Unusual Activity vs Profile,5996.57,United Kingdom,Low,AN033,Closed,2024-07-04,10,Closed - False Positive,0.8,N
ALT01488,C01180,2024-06-25,Large Cash Deposit,46257.16,Panama,Medium,AN035,Closed,2024-07-13,18,Closed - False Positive,0.8,N
ALT02220,C00088,2024-06-25,Unusual Activity vs Profile,12431.35,United Kingdom,Low,AN038,Closed,2024-06-30,5,Closed - False Positive,0.6,N
ALT04653,C00433,2024-06-25,Large Cash Deposit,29203.05,United Kingdom,Low,AN039,Closed,2024-07-04,9,Closed - False Positive,0.6,N
ALT03942,C01563,2024-06-25,Dormant Account Reactivation,25330.61,Hong Kong,Low,AN038,Closed,2024-06-29,4,Closed - False Positive,0.6,N
ALT04225,C00300,2024-06-26,Structuring,9303.54,Nigeria,Medium,AN037,Closed,2024-06-30,4,Closed - False Positive,1.2,N
ALT01495,C00265,2024-06-26,Unusual Activity vs Profile,8222.95,United Kingdom,High,AN039,Closed,2024-07-04,8,Closed - False Positive,0.7,N
ALT05856,C00775,2024-06-28,High-Risk Jurisdiction Transfer,14898.44,United Kingdom,Low,AN040,Closed,2024-07-06,8,Closed - False Positive,0.5,N
ALT04886,C00602,2024-06-28,Structuring,9755.33,United Kingdom,Medium,AN040,Closed,2024-07-02,4,Closed - False Positive,0.4,N
ALT03981,C00134,2024-06-28,Large Cash Deposit,49300.79,United Kingdom,Low,AN033,Closed,2024-07-06,8,Closed - False Positive,0.5,N
ALT03013,C02103,2024-06-29,Round-Amount Transfers,23283.59,UAE,High,AN038,Closed,2024-08-21,53,Escalated to Investigation,10.7,N
ALT00090,C02040,2024-06-29,Unusual Activity vs Profile,1215.37,Panama,Low,AN035,Closed,2024-07-08,9,Closed - False Positive,0.9,N
ALT05755,C01314,2024-06-29,Large Cash Deposit,13981.08,Pakistan,High,AN035,Closed,2024-07-03,4,Closed - False Positive,1.0,N
ALT03399,C00152,2024-06-30,Rapid Movement of Funds,6208.45,United Kingdom,High,AN034,Closed,2024-07-05,5,Closed - False Positive,0.9,N
ALT04141,C01310,2024-06-30,Unusual Activity vs Profile,1748.84,United Kingdom,Medium,AN034,Closed,2024-07-05,5,Closed - False Positive,0.5,N
ALT01259,C01916,2024-06-30,High-Risk Jurisdiction Transfer,5245.61,United Kingdom,Medium,AN039,Closed,2024-07-09,9,Closed - False Positive,0.6,N
ALT01231,C02805,2024-07-01,Large Cash Deposit,49598.83,India,Medium,AN035,Closed,2024-07-11,10,Closed - False Positive,1.1,N
ALT02211,C02473,2024-07-01,Unusual Activity vs Profile,9873.4,Cyprus,High,AN040,Closed,2024-07-03,2,Closed - False Positive,1.1,N
ALT04077,C02572,2024-07-01,High-Risk Jurisdiction Transfer,12699.9,United Kingdom,Low,AN033,Closed,2024-07-14,13,Closed - False Positive,0.9,N
ALT05236,C01684,2024-07-01,Large Cash Deposit,49111.48,United Kingdom,Low,AN040,Closed,2024-07-06,5,Closed - False Positive,0.9,N
ALT05363,C01097,2024-07-02,Unusual Activity vs Profile,5535.5,United Kingdom,High,AN038,Closed,2024-07-20,18,SAR Filed,11.3,Y
ALT04501,C01650,2024-07-02,Large Cash Deposit,30518.87,India,Low,AN038,Closed,2024-07-14,12,Closed - False Positive,0.8,N
ALT02260,C01171,2024-07-02,Large Cash Deposit,50646.74,United Kingdom,High,AN038,Closed,2024-07-19,17,Closed - False Positive,1.0,N
ALT01361,C00889,2024-07-03,Rapid Movement of Funds,30484.83,United Kingdom,Medium,AN035,Closed,2024-07-20,17,Closed - False Positive,0.8,N
ALT04743,C02473,2024-07-03,Rapid Movement of Funds,101217.71,United Kingdom,High,AN035,Closed,2024-07-07,4,Closed - False Positive,0.3,N
ALT05267,C00689,2024-07-03,High-Risk Jurisdiction Transfer,15421.24,Ireland,Low,AN035,Closed,2024-07-14,11,Closed - False Positive,0.8,N
ALT00755,C01728,2024-07-04,Large Cash Deposit,43765.89,Nigeria,Low,AN037,Closed,2024-07-08,4,Closed - False Positive,1.1,N
ALT01570,C02390,2024-07-05,Round-Amount Transfers,12740.22,United Kingdom,Medium,AN035,Closed,2024-07-06,1,Closed - False Positive,0.5,N
ALT05128,C01139,2024-07-05,Structuring,9412.15,United Kingdom,Medium,AN037,Closed,2024-07-09,4,Closed - False Positive,1.2,N
ALT05070,C02238,2024-07-05,Unusual Activity vs Profile,8753.55,United Kingdom,Low,AN038,Closed,2024-07-12,7,Closed - False Positive,1.2,N
ALT02080,C02989,2024-07-06,Round-Amount Transfers,10894.09,United Kingdom,Medium,AN040,Closed,2024-07-14,8,Closed - False Positive,1.1,N
ALT00324,C02346,2024-07-06,Dormant Account Reactivation,19674.07,India,Low,AN037,Closed,2024-07-11,5,Closed - False Positive,0.8,N
ALT02898,C00875,2024-07-07,High-Risk Jurisdiction Transfer,127025.43,United Kingdom,High,AN036,Closed,2024-07-12,5,Closed - False Positive,0.6,N
ALT00820,C02473,2024-07-08,Large Cash Deposit,52921.92,United Kingdom,High,AN040,Closed,2024-07-21,13,Closed - False Positive,1.1,N
ALT03893,C00861,2024-07-08,Rapid Movement of Funds,5949.82,United Kingdom,Medium,AN039,Closed,2024-07-24,16,Closed - False Positive,0.4,N
ALT04064,C02354,2024-07-08,Large Cash Deposit,25557.19,United States,Low,AN036,Closed,2024-07-13,5,Closed - False Positive,0.9,N
ALT01658,C02199,2024-07-08,Dormant Account Reactivation,3947.43,United Kingdom,Low,AN038,Closed,2024-07-20,12,Closed - False Positive,0.8,N
ALT01786,C02709,2024-07-10,Structuring,8027.83,United States,Medium,AN038,Closed,2024-07-18,8,Closed - False Positive,1.0,N
ALT04384,C02062,2024-07-10,Structuring,8714.38,United Kingdom,Low,AN037,Closed,2024-07-18,8,Closed - False Positive,1.0,N
ALT05404,C01507,2024-07-10,Structuring,7375.12,United Kingdom,High,AN040,Closed,2024-07-25,15,Escalated to Investigation,7.9,N
ALT05705,C01296,2024-07-10,Rapid Movement of Funds,8559.34,United Kingdom,Low,AN039,Closed,2024-07-13,3,Closed - False Positive,0.6,N
ALT03632,C00794,2024-07-11,Large Cash Deposit,55934.0,UAE,High,AN038,Closed,2024-07-16,5,Closed - False Positive,1.0,N
ALT01785,C02155,2024-07-11,Round-Amount Transfers,17181.92,United Kingdom,High,AN034,Closed,2024-07-18,7,Closed - False Positive,0.7,N
ALT02687,C02317,2024-07-11,Unusual Activity vs Profile,11584.08,United Kingdom,Low,AN036,Closed,2024-07-19,8,Closed - False Positive,0.9,N
ALT00635,C02634,2024-07-11,Rapid Movement of Funds,3684.85,Russia,Medium,AN033,Closed,2024-07-21,10,Closed - False Positive,0.7,N
ALT04547,C00953,2024-07-11,Round-Amount Transfers,5060.98,United Kingdom,Medium,AN036,Closed,2024-07-21,10,Closed - False Positive,1.1,N
ALT03531,C02340,2024-07-12,Large Cash Deposit,9062.13,Germany,Medium,AN037,Closed,2024-07-13,1,Closed - False Positive,0.7,N
ALT02792,C00530,2024-07-12,Rapid Movement of Funds,2447.12,United Kingdom,High,AN040,Closed,2024-07-18,6,Closed - False Positive,1.0,N
ALT02624,C01952,2024-07-12,Rapid Movement of Funds,54759.45,UAE,High,AN038,Closed,2024-07-15,3,Closed - False Positive,0.9,N
ALT05906,C01950,2024-07-12,Round-Amount Transfers,3590.49,United Kingdom,High,AN039,Closed,2024-07-13,1,Closed - False Positive,1.1,N
ALT01450,C00603,2024-07-12,Large Cash Deposit,50839.95,United Kingdom,High,AN034,Closed,2024-07-19,7,Closed - False Positive,0.8,N
ALT02886,C00779,2024-07-12,High-Risk Jurisdiction Transfer,13908.93,United Kingdom,Low,AN040,Closed,2024-07-13,1,Closed - False Positive,0.3,N
ALT02202,C02171,2024-07-13,High-Risk Jurisdiction Transfer,8492.64,United Kingdom,Medium,AN035,Closed,2024-07-16,3,Closed - False Positive,0.7,N
ALT05669,C02167,2024-07-15,Unusual Activity vs Profile,10236.43,Nigeria,High,AN040,Closed,2024-07-22,7,Closed - False Positive,0.4,N
ALT01199,C02119,2024-07-15,Structuring,7400.96,United Kingdom,Medium,AN036,Closed,2024-07-18,3,Closed - False Positive,1.0,N
ALT04312,C01123,2024-07-16,Round-Amount Transfers,4497.56,United Kingdom,High,AN037,Closed,2024-07-22,6,Closed - False Positive,0.6,N
ALT04396,C02004,2024-07-16,Round-Amount Transfers,24415.48,United Kingdom,High,AN036,Closed,2024-07-21,5,Closed - False Positive,1.1,N
ALT02095,C00722,2024-07-16,Round-Amount Transfers,23107.81,United Kingdom,Low,AN034,Closed,2024-07-28,12,Closed - False Positive,1.0,N
ALT02597,C00566,2024-07-17,Large Cash Deposit,58789.26,United Kingdom,High,AN034,Closed,2024-07-20,3,Closed - False Positive,0.7,N
ALT00709,C01172,2024-07-17,High-Risk Jurisdiction Transfer,89006.92,United Kingdom,High,AN040,Closed,2024-07-19,2,Closed - False Positive,0.9,N
ALT01427,C02340,2024-07-18,Large Cash Deposit,24616.56,United Kingdom,Medium,AN037,Closed,2024-07-20,2,Closed - False Positive,0.7,N
ALT04849,C02095,2024-07-18,Unusual Activity vs Profile,83221.08,United Kingdom,High,AN033,Closed,2024-07-26,8,Closed - False Positive,1.0,N
ALT01309,C00534,2024-07-19,High-Risk Jurisdiction Transfer,15284.74,Pakistan,Low,AN039,Closed,2024-07-26,7,Closed - False Positive,0.9,N
ALT06249,C01414,2024-07-19,Large Cash Deposit,28630.03,United Kingdom,Low,AN036,Closed,2024-07-23,4,Closed - False Positive,0.4,N
ALT02865,C00779,2024-07-19,Large Cash Deposit,47027.84,United Kingdom,Low,AN036,Closed,2024-07-23,4,Closed - False Positive,1.0,N
ALT06408,C01619,2024-07-19,Large Cash Deposit,12886.08,United Kingdom,Low,AN037,Closed,2024-07-26,7,Closed - False Positive,1.0,N
ALT00358,C00729,2024-07-20,Large Cash Deposit,14992.48,United Kingdom,High,AN036,Closed,2024-07-30,10,Closed - False Positive,0.6,N
ALT03537,C02503,2024-07-20,Large Cash Deposit,41512.1,Pakistan,Medium,AN040,Closed,2024-08-02,13,Escalated to Investigation,8.9,N
ALT05571,C01313,2024-07-20,Round-Amount Transfers,47178.48,United Kingdom,Medium,AN039,Closed,2024-07-23,3,Closed - False Positive,0.5,N
ALT05591,C02800,2024-07-20,High-Risk Jurisdiction Transfer,6664.36,United Kingdom,Low,AN039,Closed,2024-08-01,12,Closed - False Positive,0.4,N
ALT00031,C00633,2024-07-21,High-Risk Jurisdiction Transfer,3755.13,Cyprus,Medium,AN035,Closed,2024-08-01,11,Closed - False Positive,1.1,N
ALT02737,C02332,2024-07-22,High-Risk Jurisdiction Transfer,1980.11,United Kingdom,Medium,AN036,Closed,2024-08-15,24,Closed - False Positive,0.6,N
ALT05867,C00368,2024-07-22,Dormant Account Reactivation,20121.26,Germany,Low,AN033,Closed,2024-08-01,10,Closed - False Positive,1.0,N
ALT00383,C01437,2024-07-22,Rapid Movement of Funds,33775.83,United Kingdom,High,AN036,Closed,2024-08-01,10,Closed - False Positive,0.7,N
ALT03261,C02024,2024-07-22,Large Cash Deposit,19169.66,United Kingdom,Medium,AN034,Closed,2024-07-27,5,Closed - False Positive,0.6,N
ALT04133,C01050,2024-07-22,Dormant Account Reactivation,1374.14,Panama,Medium,AN033,Closed,2024-08-02,11,Closed - False Positive,1.1,N
ALT02851,C00513,2024-07-22,Large Cash Deposit,50942.3,Hong Kong,High,AN035,Closed,2024-07-26,4,Closed - False Positive,0.5,N
ALT04863,C02734,2024-07-23,Large Cash Deposit,46650.78,United Kingdom,Medium,AN033,Closed,2024-07-30,7,Closed - False Positive,1.1,N
ALT00445,C02812,2024-07-23,Structuring,8300.1,United Kingdom,Medium,AN034,Closed,2024-07-31,8,Closed - False Positive,0.5,N
ALT04230,C02008,2024-07-23,High-Risk Jurisdiction Transfer,125343.77,United Kingdom,High,AN035,Closed,2024-08-25,33,Escalated to Investigation,5.9,N
ALT06152,C00513,2024-07-23,Large Cash Deposit,16889.9,Nigeria,High,AN036,Closed,2024-07-29,6,Closed - False Positive,0.8,N
ALT00858,C02261,2024-07-24,Round-Amount Transfers,8462.99,India,Medium,AN037,Closed,2024-08-01,8,Closed - False Positive,0.6,N
ALT01195,C01594,2024-07-24,High-Risk Jurisdiction Transfer,7534.86,UAE,High,AN035,Closed,2024-07-26,2,Closed - False Positive,1.2,N
ALT04372,C01097,2024-07-24,High-Risk Jurisdiction Transfer,56204.13,United Kingdom,High,AN034,Closed,2024-07-31,7,Closed - False Positive,0.5,N
ALT04474,C02035,2024-07-24,High-Risk Jurisdiction Transfer,1587.08,United Kingdom,Low,AN040,Closed,2024-07-31,7,Closed - False Positive,0.7,N
ALT01872,C02746,2024-07-24,Unusual Activity vs Profile,3565.61,United Kingdom,Low,AN037,Closed,2024-08-09,16,Escalated to Investigation,8.4,N
ALT03291,C02155,2024-07-24,Round-Amount Transfers,45997.6,United Kingdom,High,AN033,Closed,2024-08-02,9,Closed - False Positive,0.6,N
ALT05603,C02470,2024-07-24,Rapid Movement of Funds,30625.64,India,High,AN037,Closed,2024-07-30,6,Closed - False Positive,1.1,N
ALT00135,C01354,2024-07-25,Structuring,8421.54,Ireland,Medium,AN034,Closed,2024-07-31,6,Closed - False Positive,0.9,N
ALT05273,C00931,2024-07-26,Unusual Activity vs Profile,6782.41,Nigeria,Medium,AN035,Closed,2024-07-31,5,Closed - False Positive,0.4,N
ALT05139,C01614,2024-07-26,Structuring,7250.48,India,High,AN036,Closed,2024-08-01,6,Closed - False Positive,0.7,N
ALT02969,C00165,2024-07-27,Unusual Activity vs Profile,2754.7,Hong Kong,Medium,AN039,Closed,2024-07-28,1,Closed - False Positive,0.8,N
ALT00255,C00097,2024-07-27,Round-Amount Transfers,14213.26,Ireland,Low,AN033,Closed,2024-07-31,4,Closed - False Positive,0.8,N
ALT04746,C00314,2024-07-27,Structuring,8413.47,Russia,Medium,AN036,Closed,2024-07-29,2,Closed - False Positive,0.7,N
ALT04599,C00138,2024-07-27,Rapid Movement of Funds,4648.92,Cyprus,High,AN035,Closed,2024-07-30,3,Closed - False Positive,1.1,N
ALT03814,C02936,2024-07-28,Rapid Movement of Funds,10769.25,United Kingdom,Low,AN034,Closed,2024-08-02,5,Closed - False Positive,0.6,N
ALT04963,C00848,2024-07-28,Unusual Activity vs Profile,12406.17,Pakistan,High,AN037,Closed,2024-08-20,23,SAR Filed,5.6,Y
ALT03219,C01211,2024-07-28,Rapid Movement of Funds,4371.54,United Kingdom,Medium,AN039,Closed,2024-07-30,2,Closed - False Positive,0.7,N
ALT05071,C00441,2024-07-28,High-Risk Jurisdiction Transfer,47111.98,United Kingdom,High,AN036,Closed,2024-08-11,14,Closed - False Positive,0.7,N
ALT04138,C02870,2024-07-30,Rapid Movement of Funds,63553.12,Ireland,High,AN039,Closed,2024-08-02,3,Closed - False Positive,1.2,N
ALT04892,C02693,2024-07-30,High-Risk Jurisdiction Transfer,5852.93,United Kingdom,Medium,AN038,Closed,2024-08-03,4,Closed - False Positive,0.7,N
ALT02237,C00263,2024-07-31,High-Risk Jurisdiction Transfer,19653.26,United Kingdom,Low,AN037,Closed,2024-08-05,5,Closed - False Positive,0.8,N
ALT00328,C00653,2024-07-31,Unusual Activity vs Profile,5956.7,United Kingdom,Low,AN039,Closed,2024-08-22,22,SAR Filed,5.7,Y
ALT05129,C02663,2024-07-31,Rapid Movement of Funds,108774.43,United Kingdom,High,AN038,Closed,2024-08-03,3,Closed - False Positive,0.5,N
ALT04094,C00297,2024-07-31,Dormant Account Reactivation,8487.88,Russia,Medium,AN040,Closed,2024-08-05,5,Closed - False Positive,0.7,N
ALT01421,C02015,2024-08-02,Rapid Movement of Funds,10034.28,United Kingdom,Medium,AN036,Closed,2024-08-12,10,Closed - False Positive,1.1,N
ALT03784,C02201,2024-08-02,Large Cash Deposit,28641.21,United Kingdom,High,AN039,Closed,2024-08-04,2,Closed - False Positive,0.5,N
ALT03744,C01594,2024-08-02,High-Risk Jurisdiction Transfer,21145.31,United Kingdom,High,AN033,Closed,2024-08-12,10,Closed - False Positive,0.5,N
ALT03967,C01272,2024-08-03,High-Risk Jurisdiction Transfer,13403.95,Nigeria,High,AN034,Closed,2024-08-06,3,Closed - False Positive,0.6,N
ALT01564,C01314,2024-08-03,Unusual Activity vs Profile,4469.23,United Kingdom,High,AN040,Closed,2024-08-06,3,Closed - False Positive,0.9,N
ALT03225,C02865,2024-08-03,High-Risk Jurisdiction Transfer,13745.77,India,Low,AN034,Closed,2024-08-12,9,Closed - False Positive,1.2,N
ALT06370,C00735,2024-08-04,Dormant Account Reactivation,5199.6,United Kingdom,Low,AN040,Closed,2024-08-06,2,Closed - False Positive,0.7,N
ALT02623,C00962,2024-08-04,High-Risk Jurisdiction Transfer,45200.02,United Kingdom,Low,AN040,Closed,2024-08-28,24,Escalated to Investigation,8.5,N
ALT05649,C01123,2024-08-05,Structuring,7668.77,United Kingdom,High,AN034,Closed,2024-08-08,3,Closed - False Positive,1.0,N
ALT03167,C02805,2024-08-05,Structuring,7382.22,United Kingdom,Medium,AN039,Closed,2024-08-13,8,Closed - False Positive,1.2,N
ALT04627,C00849,2024-08-05,Structuring,8390.24,Pakistan,High,AN040,Closed,2024-08-11,6,Closed - False Positive,0.3,N
ALT01046,C01354,2024-08-06,Dormant Account Reactivation,5483.74,United Kingdom,Low,AN033,Closed,2024-09-01,26,Escalated to Investigation,3.6,N
ALT05492,C00907,2024-08-06,High-Risk Jurisdiction Transfer,2529.99,United Kingdom,High,AN040,Closed,2024-08-13,7,Closed - False Positive,0.7,N
ALT02850,C01828,2024-08-07,Structuring,8585.88,United Kingdom,Low,AN036,Closed,2024-08-14,7,Closed - False Positive,1.0,N
ALT00550,C00051,2024-08-07,Large Cash Deposit,33760.43,United Kingdom,High,AN034,Closed,2024-08-12,5,Closed - False Positive,1.1,N
ALT00108,C02302,2024-08-08,Round-Amount Transfers,6368.68,United Kingdom,High,AN037,Closed,2024-08-18,10,Closed - False Positive,1.1,N
ALT03249,C01901,2024-08-08,Structuring,7647.84,Panama,Low,AN035,Closed,2024-09-17,40,Escalated to Investigation,7.4,N
ALT06193,C00871,2024-08-08,Unusual Activity vs Profile,4526.67,United Kingdom,Medium,AN034,Closed,2024-08-11,3,Closed - False Positive,1.2,N
ALT02356,C00152,2024-08-09,Dormant Account Reactivation,19794.97,United Kingdom,High,AN038,Closed,2024-08-19,10,Closed - False Positive,0.7,N
ALT03778,C02255,2024-08-09,Large Cash Deposit,34562.01,United Kingdom,Low,AN036,Closed,2024-08-16,7,Closed - False Positive,0.8,N
ALT03955,C01417,2024-08-10,Large Cash Deposit,47161.27,Cyprus,High,AN036,Closed,2024-08-19,9,Closed - False Positive,0.3,N
ALT03655,C02014,2024-08-10,Rapid Movement of Funds,75163.34,United Kingdom,High,AN033,Closed,2024-09-04,25,Escalated to Investigation,5.7,N
ALT03550,C02478,2024-08-11,High-Risk Jurisdiction Transfer,3279.44,Russia,Low,AN037,Closed,2024-08-14,3,Closed - False Positive,1.1,N
ALT02864,C00305,2024-08-11,Rapid Movement of Funds,6484.13,India,Low,AN040,Closed,2024-08-18,7,Closed - False Positive,1.0,N
ALT04505,C02024,2024-08-11,Unusual Activity vs Profile,4621.19,United Kingdom,Low,AN033,Closed,2024-08-14,3,Closed - False Positive,0.4,N
ALT02183,C00530,2024-08-12,Dormant Account Reactivation,20794.63,United Kingdom,High,AN038,Closed,2024-08-15,3,Closed - False Positive,0.8,N
ALT05999,C02755,2024-08-12,Structuring,9228.03,India,Low,AN034,Closed,2024-08-16,4,Closed - False Positive,0.4,N
ALT00960,C00576,2024-08-12,Unusual Activity vs Profile,3224.0,India,Low,AN038,Closed,2024-08-20,8,Closed - False Positive,0.8,N
ALT03623,C02477,2024-08-12,High-Risk Jurisdiction Transfer,27715.42,United Kingdom,Medium,AN033,Closed,2024-08-14,2,Closed - False Positive,1.2,N
ALT01878,C00837,2024-08-12,Rapid Movement of Funds,37589.89,Nigeria,Low,AN038,Closed,2024-08-22,10,Closed - False Positive,0.4,N
ALT06428,C00138,2024-08-12,Structuring,7677.44,United Kingdom,High,AN034,Closed,2024-08-14,2,Closed - False Positive,1.1,N
ALT05274,C00900,2024-08-12,Unusual Activity vs Profile,11801.7,Panama,Medium,AN037,Closed,2024-08-16,4,Closed - False Positive,1.0,N
ALT04206,C00618,2024-08-13,Large Cash Deposit,54147.67,India,High,AN040,Closed,2024-08-20,7,Closed - False Positive,0.3,N
ALT02699,C00307,2024-08-13,Large Cash Deposit,45244.81,United Kingdom,Medium,AN038,Closed,2024-08-18,5,Closed - False Positive,1.2,N
ALT01858,C00530,2024-08-14,Unusual Activity vs Profile,3880.04,United Kingdom,High,AN035,Closed,2024-08-16,2,Closed - False Positive,0.7,N
ALT05620,C01096,2024-08-14,Structuring,7889.72,UAE,Low,AN039,Closed,2024-08-17,3,Closed - False Positive,1.1,N
ALT03954,C02030,2024-08-14,Large Cash Deposit,52933.59,Russia,High,AN039,Closed,2024-08-22,8,Closed - False Positive,0.9,N
ALT00815,C01051,2024-08-14,Rapid Movement of Funds,1202.04,United Kingdom,Low,AN038,Closed,2024-08-22,8,Closed - False Positive,0.9,N
ALT01881,C02844,2024-08-14,Structuring,7043.11,Nigeria,Medium,AN040,Closed,2024-08-23,9,Closed - False Positive,0.8,N
ALT00911,C01803,2024-08-15,Rapid Movement of Funds,6694.11,France,High,AN040,Closed,2024-08-22,7,Closed - False Positive,0.7,N
ALT00557,C00368,2024-08-15,High-Risk Jurisdiction Transfer,11310.12,United Kingdom,Low,AN034,Closed,2024-08-27,12,Closed - False Positive,0.8,N
ALT02569,C01210,2024-08-15,Large Cash Deposit,13538.11,France,High,AN035,Closed,2024-08-16,1,Closed - False Positive,0.5,N
ALT02855,C02090,2024-08-16,Structuring,8357.0,United Kingdom,Medium,AN034,Closed,2024-08-20,4,Closed - False Positive,0.7,N
ALT05799,C02688,2024-08-17,Structuring,7904.17,United Kingdom,Low,AN036,Closed,2024-08-25,8,Closed - False Positive,0.9,N
ALT04377,C00066,2024-08-17,Unusual Activity vs Profile,18071.47,United Kingdom,Low,AN040,Closed,2024-08-21,4,Closed - False Positive,0.5,N
ALT05657,C01469,2024-08-17,Large Cash Deposit,58060.89,United Kingdom,High,AN037,Closed,2024-09-18,32,Escalated to Investigation,7.5,N
ALT04803,C02850,2024-08-17,High-Risk Jurisdiction Transfer,9959.42,United Kingdom,High,AN036,Closed,2024-08-20,3,Closed - False Positive,1.0,N
ALT03170,C00181,2024-08-17,Unusual Activity vs Profile,8028.89,United Kingdom,Medium,AN037,Closed,2024-08-19,2,Closed - False Positive,0.7,N
ALT01635,C00266,2024-08-18,Unusual Activity vs Profile,3863.64,UAE,Medium,AN038,Closed,2024-08-24,6,Closed - False Positive,0.8,N
ALT05842,C01801,2024-08-18,Dormant Account Reactivation,8221.53,United Kingdom,Medium,AN034,Closed,2024-08-23,5,Closed - False Positive,1.0,N
ALT01851,C01952,2024-08-18,Rapid Movement of Funds,4078.06,Cyprus,Medium,AN040,Closed,2024-08-20,2,Closed - False Positive,1.2,N
ALT02269,C01417,2024-08-18,High-Risk Jurisdiction Transfer,16704.68,Pakistan,High,AN034,Closed,2024-09-27,40,Escalated to Investigation,9.1,N
ALT04530,C01353,2024-08-18,Structuring,8520.58,United Kingdom,Low,AN038,Closed,2024-08-23,5,Closed - False Positive,0.4,N
ALT00265,C01123,2024-08-18,Unusual Activity vs Profile,20250.7,United Kingdom,High,AN035,Closed,2024-10-04,47,SAR Filed,4.0,Y
ALT03148,C00908,2024-08-18,Structuring,7510.8,Hong Kong,Medium,AN037,Closed,2024-08-19,1,Closed - False Positive,0.7,N
ALT04535,C01759,2024-08-19,High-Risk Jurisdiction Transfer,47148.07,Ireland,Medium,AN035,Closed,2024-08-26,7,Closed - False Positive,0.9,N
ALT05222,C02176,2024-08-19,High-Risk Jurisdiction Transfer,7705.91,Nigeria,Medium,AN034,Closed,2024-08-29,10,Closed - False Positive,1.0,N
ALT05717,C01808,2024-08-19,High-Risk Jurisdiction Transfer,26207.67,United Kingdom,High,AN036,Closed,2024-09-02,14,Closed - False Positive,0.4,N
ALT00988,C00010,2024-08-19,High-Risk Jurisdiction Transfer,13151.44,United Kingdom,Low,AN034,Closed,2024-08-26,7,Closed - False Positive,0.9,N
ALT04553,C02357,2024-08-20,Unusual Activity vs Profile,7661.23,India,Medium,AN040,Closed,2024-08-21,1,Closed - False Positive,0.8,N
ALT00865,C01720,2024-08-20,High-Risk Jurisdiction Transfer,16498.55,Germany,Low,AN039,Closed,2024-08-27,7,Closed - False Positive,1.1,N
ALT02009,C00861,2024-08-20,Unusual Activity vs Profile,41977.81,United Kingdom,Medium,AN040,Closed,2024-08-25,5,Closed - False Positive,0.9,N
ALT03683,C01675,2024-08-20,Round-Amount Transfers,37015.08,United Kingdom,Medium,AN033,Closed,2024-08-28,8,Closed - False Positive,1.0,N
ALT03873,C00077,2024-08-20,Unusual Activity vs Profile,698.94,United Kingdom,Low,AN036,Closed,2024-08-24,4,Closed - False Positive,0.5,N
ALT02957,C02366,2024-08-20,Large Cash Deposit,49903.0,United Kingdom,Low,AN038,Closed,2024-08-23,3,Closed - False Positive,0.4,N
ALT05516,C00249,2024-08-21,Round-Amount Transfers,9767.08,United Kingdom,Low,AN033,Closed,2024-09-04,14,Closed - False Positive,0.6,N
ALT05065,C02261,2024-08-22,Dormant Account Reactivation,32594.44,United Kingdom,Medium,AN034,Closed,2024-09-05,14,Closed - False Positive,0.5,N
ALT05510,C01258,2024-08-22,Structuring,7784.59,United Kingdom,Low,AN036,Closed,2024-09-02,11,Closed - False Positive,1.0,N
ALT02806,C00127,2024-08-22,Rapid Movement of Funds,845.1,UAE,Low,AN037,Closed,2024-08-28,6,Closed - False Positive,1.1,N
ALT02879,C00010,2024-08-23,Large Cash Deposit,23621.58,Pakistan,Low,AN040,Closed,2024-08-26,3,Closed - False Positive,0.6,N
ALT04195,C01130,2024-08-23,Large Cash Deposit,34580.08,United States,Medium,AN036,Closed,2024-08-26,3,Closed - False Positive,0.3,N
ALT06312,C01599,2024-08-24,Rapid Movement of Funds,11847.08,United Kingdom,High,AN034,Closed,2024-09-05,12,Closed - False Positive,0.8,N
ALT06048,C00205,2024-08-24,Structuring,9404.68,United Kingdom,Medium,AN036,Closed,2024-09-01,8,Closed - False Positive,0.8,N
ALT05711,C00598,2024-08-24,Large Cash Deposit,53800.3,United Kingdom,High,AN033,Closed,2024-08-28,4,Closed - False Positive,0.8,N
ALT01155,C01881,2024-08-24,Structuring,9477.43,India,High,AN037,Closed,2024-09-06,13,Closed - False Positive,0.4,N
ALT02550,C00368,2024-08-24,High-Risk Jurisdiction Transfer,3806.53,United Kingdom,Low,AN038,Closed,2024-08-27,3,Closed - False Positive,0.8,N
ALT02786,C00641,2024-08-24,Structuring,7597.99,United Kingdom,Low,AN036,Closed,2024-08-27,3,Closed - False Positive,0.3,N
ALT02746,C01455,2024-08-25,Rapid Movement of Funds,15894.79,United Kingdom,High,AN034,Closed,2024-08-30,5,Closed - False Positive,0.8,N
ALT05092,C02621,2024-08-25,High-Risk Jurisdiction Transfer,141570.44,United Kingdom,High,AN036,Closed,2024-08-28,3,Closed - False Positive,0.4,N
ALT02336,C02252,2024-08-25,Unusual Activity vs Profile,44948.53,Pakistan,Medium,AN040,Closed,2024-09-11,17,Escalated to Investigation,11.3,N
ALT06087,C01437,2024-08-26,Dormant Account Reactivation,252952.39,United Kingdom,High,AN036,Closed,2024-09-04,9,Closed - False Positive,0.6,N
ALT04278,C02693,2024-08-26,Rapid Movement of Funds,10968.31,United Kingdom,Low,AN039,Closed,2024-08-30,4,Closed - False Positive,0.5,N
ALT01810,C01534,2024-08-26,High-Risk Jurisdiction Transfer,29599.64,Hong Kong,Medium,AN037,Closed,2024-09-05,10,Closed - False Positive,1.0,N
ALT02970,C00985,2024-08-26,Structuring,9192.52,United Kingdom,High,AN040,Closed,2024-09-04,9,Closed - False Positive,0.8,N
ALT04008,C01270,2024-08-26,Unusual Activity vs Profile,14678.57,Cyprus,Low,AN039,Closed,2024-09-10,15,Closed - False Positive,0.9,N
ALT03373,C01513,2024-08-27,Dormant Account Reactivation,242330.19,Hong Kong,High,AN037,Closed,2024-09-05,9,Closed - False Positive,0.5,N
ALT01946,C00318,2024-08-27,Rapid Movement of Funds,1185.98,France,High,AN038,Closed,2024-09-02,6,Closed - False Positive,0.3,N
ALT00223,C01811,2024-08-27,Rapid Movement of Funds,21088.78,Pakistan,Medium,AN033,Closed,2024-09-04,8,Closed - False Positive,0.7,N
ALT02873,C02556,2024-08-28,Unusual Activity vs Profile,4751.26,United Kingdom,High,AN040,Closed,2024-08-29,1,Closed - False Positive,0.4,N
ALT00947,C01428,2024-08-29,Dormant Account Reactivation,4003.66,United Kingdom,Low,AN035,Closed,2024-09-05,7,Closed - False Positive,1.2,N
ALT05503,C00733,2024-08-29,Unusual Activity vs Profile,10484.3,United Kingdom,Medium,AN035,Closed,2024-09-05,7,Closed - False Positive,0.8,N
ALT05940,C00432,2024-08-29,Structuring,7617.61,United Kingdom,Medium,AN040,Closed,2024-09-04,6,Closed - False Positive,0.4,N
ALT04134,C01492,2024-08-29,Unusual Activity vs Profile,8596.39,United Kingdom,High,AN038,Closed,2024-09-30,32,Escalated to Investigation,10.4,N
ALT05164,C02470,2024-08-29,Unusual Activity vs Profile,5292.36,United Kingdom,High,AN038,Closed,2024-09-02,4,Closed - False Positive,1.1,N
ALT03844,C00646,2024-08-30,Round-Amount Transfers,8414.16,Hong Kong,Medium,AN035,Closed,2024-09-16,17,Closed - False Positive,0.5,N
ALT05344,C00084,2024-08-30,Structuring,7895.6,India,Low,AN033,Closed,2024-09-07,8,Closed - False Positive,1.2,N
ALT01376,C02577,2024-08-30,Rapid Movement of Funds,18055.77,Germany,Medium,AN037,Closed,2024-09-07,8,Closed - False Positive,0.8,N
ALT03797,C00936,2024-08-31,Round-Amount Transfers,2325.11,France,Low,AN040,Closed,2024-09-12,12,Closed - False Positive,0.9,N
ALT03849,C02904,2024-08-31,Dormant Account Reactivation,45234.21,Cyprus,High,AN037,Closed,2024-09-05,5,Closed - False Positive,0.3,N
ALT02223,C00654,2024-09-01,High-Risk Jurisdiction Transfer,35774.13,Cyprus,High,AN033,Closed,2024-09-08,7,Closed - False Positive,0.8,N
ALT02874,C00445,2024-09-01,Rapid Movement of Funds,19475.14,United Kingdom,Medium,AN033,Closed,2024-09-06,5,Closed - False Positive,1.0,N
ALT02674,C01765,2024-09-02,Dormant Account Reactivation,40241.06,Russia,Medium,AN035,Closed,2024-09-19,17,Closed - False Positive,0.9,N
ALT00161,C00033,2024-09-02,Structuring,7993.46,Russia,Low,AN036,Closed,2024-09-06,4,Closed - False Positive,0.5,N
ALT05574,C02600,2024-09-02,Round-Amount Transfers,13051.98,Ireland,High,AN036,Closed,2024-09-04,2,Closed - False Positive,0.4,N
ALT02517,C00728,2024-09-03,Dormant Account Reactivation,31043.35,United Kingdom,Medium,AN035,Closed,2024-09-05,2,Closed - False Positive,0.5,N
ALT04940,C00867,2024-09-03,High-Risk Jurisdiction Transfer,28142.84,Ireland,Medium,AN037,Closed,2024-09-07,4,Closed - False Positive,0.3,N
ALT04296,C02581,2024-09-03,Rapid Movement of Funds,13186.67,Nigeria,High,AN036,Closed,2024-09-07,4,Closed - False Positive,0.6,N
ALT03363,C02357,2024-09-03,Unusual Activity vs Profile,13619.53,United Kingdom,Low,AN036,Closed,2024-09-15,12,Closed - False Positive,0.6,N
ALT04946,C00006,2024-09-04,Unusual Activity vs Profile,11840.44,United Kingdom,High,AN035,Closed,2024-11-23,80,SAR Filed,7.1,Y
ALT02656,C02339,2024-09-04,Rapid Movement of Funds,9918.84,United Kingdom,Medium,AN038,Closed,2024-09-13,9,Closed - False Positive,0.9,N
ALT05486,C00644,2024-09-05,Structuring,9204.55,United Kingdom,Medium,AN040,Closed,2024-09-13,8,Closed - False Positive,1.0,N
ALT05569,C01236,2024-09-06,High-Risk Jurisdiction Transfer,13717.74,United States,High,AN037,Closed,2024-09-14,8,Closed - False Positive,1.2,N
ALT05327,C02771,2024-09-06,Rapid Movement of Funds,1384.43,United Kingdom,Low,AN033,Closed,2024-09-21,15,Closed - False Positive,1.1,N
ALT02506,C02379,2024-09-06,Large Cash Deposit,49312.22,Russia,Medium,AN033,Closed,2024-09-12,6,Closed - False Positive,0.5,N
ALT03501,C01604,2024-09-07,Rapid Movement of Funds,5258.82,Germany,Low,AN037,Closed,2024-09-10,3,Closed - False Positive,1.1,N
ALT01701,C01938,2024-09-07,High-Risk Jurisdiction Transfer,2871.35,Pakistan,Low,AN034,Closed,2024-09-23,16,Closed - False Positive,1.0,N
ALT02003,C02256,2024-09-07,Large Cash Deposit,42845.43,United Kingdom,High,AN036,Closed,2024-09-16,9,Closed - False Positive,0.5,N
ALT00146,C00126,2024-09-08,Rapid Movement of Funds,26765.83,United Kingdom,High,AN033,Closed,2024-09-11,3,Closed - False Positive,1.1,N
ALT02312,C01881,2024-09-08,Dormant Account Reactivation,11922.7,France,High,AN039,Closed,2024-09-10,2,Closed - False Positive,1.1,N
ALT01966,C02600,2024-09-08,Rapid Movement of Funds,1354.88,United Kingdom,High,AN038,Closed,2024-09-11,3,Closed - False Positive,0.6,N
ALT03304,C02724,2024-09-08,Dormant Account Reactivation,39495.98,United Kingdom,Medium,AN035,Closed,2024-09-11,3,Closed - False Positive,0.4,N
ALT04807,C00824,2024-09-09,High-Risk Jurisdiction Transfer,86255.33,United Kingdom,High,AN036,Closed,2024-09-21,12,Closed - False Positive,1.1,N
ALT04523,C00738,2024-09-09,Unusual Activity vs Profile,30345.88,United Kingdom,Low,AN036,Closed,2024-09-25,16,Closed - False Positive,0.4,N
ALT01510,C01865,2024-09-10,Dormant Account Reactivation,2591.47,United Kingdom,High,AN034,Closed,2024-09-12,2,Closed - False Positive,0.5,N
ALT00329,C02809,2024-09-10,Large Cash Deposit,51867.76,United Kingdom,High,AN039,Closed,2024-09-12,2,Closed - False Positive,0.7,N
ALT00323,C01135,2024-09-10,Large Cash Deposit,16169.9,United Kingdom,Low,AN033,Closed,2024-09-12,2,Closed - False Positive,0.4,N
ALT04622,C00006,2024-09-11,Rapid Movement of Funds,55676.51,Ireland,High,AN040,Closed,2024-09-29,18,Escalated to Investigation,9.6,N
ALT05324,C00202,2024-09-11,Dormant Account Reactivation,9925.99,United Kingdom,Low,AN034,Closed,2024-09-18,7,Closed - False Positive,1.0,N
ALT02858,C01944,2024-09-11,Round-Amount Transfers,390020.68,United Kingdom,High,AN033,Closed,2024-09-19,8,Closed - False Positive,0.7,N
ALT02834,C02385,2024-09-12,Rapid Movement of Funds,3852.74,United Kingdom,High,AN040,Closed,2024-09-15,3,Closed - False Positive,0.5,N
ALT01075,C01324,2024-09-12,Structuring,8668.63,United Kingdom,Low,AN038,Closed,2024-09-13,1,Closed - False Positive,0.8,N
ALT02710,C02664,2024-09-12,Dormant Account Reactivation,7575.37,United Kingdom,Low,AN034,Closed,2024-09-17,5,Closed - False Positive,0.9,N
ALT01866,C00856,2024-09-13,Large Cash Deposit,33942.99,United Kingdom,High,AN039,Closed,2024-09-21,8,Closed - False Positive,0.7,N
ALT03717,C00113,2024-09-13,Large Cash Deposit,15273.13,United Kingdom,Medium,AN036,Closed,2024-09-16,3,Closed - False Positive,0.7,N
ALT04878,C00396,2024-09-13,Structuring,9579.86,United Kingdom,Medium,AN039,Closed,2024-09-17,4,Closed - False Positive,0.9,N
ALT02330,C00330,2024-09-14,High-Risk Jurisdiction Transfer,4160.39,United Kingdom,High,AN036,Closed,2024-09-22,8,Closed - False Positive,0.9,N
ALT01801,C01612,2024-09-14,Large Cash Deposit,12906.42,United Kingdom,Medium,AN040,Closed,2024-09-19,5,Closed - False Positive,0.5,N
ALT01822,C02848,2024-09-14,High-Risk Jurisdiction Transfer,7498.18,Nigeria,High,AN035,Closed,2024-10-01,17,Closed - False Positive,0.9,N
ALT01929,C01275,2024-09-14,Rapid Movement of Funds,2607.72,Hong Kong,Low,AN036,Closed,2024-09-20,6,Closed - False Positive,0.4,N
ALT03895,C02848,2024-09-15,Round-Amount Transfers,887.3,India,High,AN034,Closed,2024-10-20,35,Escalated to Investigation,7.0,N
ALT00197,C02774,2024-09-15,High-Risk Jurisdiction Transfer,7172.09,Cyprus,Low,AN035,Closed,2024-09-19,4,Closed - False Positive,0.7,N
ALT04108,C01392,2024-09-15,Dormant Account Reactivation,12480.56,France,Medium,AN038,Closed,2024-09-22,7,Closed - False Positive,1.1,N
ALT03851,C01271,2024-09-15,Rapid Movement of Funds,16984.83,United Kingdom,Low,AN037,Closed,2024-09-18,3,Closed - False Positive,0.7,N
ALT02212,C01704,2024-09-16,High-Risk Jurisdiction Transfer,12092.11,United States,Low,AN035,Closed,2024-09-21,5,Closed - False Positive,0.5,N
ALT06320,C01236,2024-09-16,Structuring,8364.28,United Kingdom,High,AN034,Closed,2024-09-22,6,Closed - False Positive,1.2,N
ALT05126,C01123,2024-09-16,Dormant Account Reactivation,12773.97,United Kingdom,High,AN035,Closed,2024-09-19,3,Closed - False Positive,0.3,N
ALT05051,C01340,2024-09-16,Structuring,8455.57,United Kingdom,Medium,AN036,Closed,2024-10-22,36,SAR Filed,8.2,Y
ALT05872,C01866,2024-09-16,High-Risk Jurisdiction Transfer,43693.44,United Kingdom,Low,AN035,Closed,2024-09-27,11,Closed - False Positive,1.1,N
ALT01091,C02579,2024-09-17,Unusual Activity vs Profile,5933.55,United Kingdom,Medium,AN034,Closed,2024-09-20,3,Closed - False Positive,1.2,N
ALT04033,C02603,2024-09-17,Rapid Movement of Funds,20641.65,India,Low,AN039,Closed,2024-09-19,2,Closed - False Positive,1.0,N
ALT02172,C00329,2024-09-17,High-Risk Jurisdiction Transfer,6821.4,United Kingdom,Medium,AN038,Closed,2024-09-18,1,Closed - False Positive,0.4,N
ALT01140,C02115,2024-09-17,Unusual Activity vs Profile,88738.36,United Kingdom,High,AN039,Closed,2024-09-29,12,Closed - False Positive,0.7,N
ALT03297,C00697,2024-09-18,High-Risk Jurisdiction Transfer,24610.92,United Kingdom,Medium,AN040,Closed,2024-09-22,4,Closed - False Positive,0.4,N
ALT03581,C02271,2024-09-18,Structuring,9626.15,India,Low,AN039,Closed,2024-09-25,7,Closed - False Positive,1.1,N
ALT04536,C01188,2024-09-19,Structuring,8899.6,United Kingdom,Medium,AN037,Closed,2024-09-23,4,Closed - False Positive,0.5,N
ALT06224,C01386,2024-09-19,Round-Amount Transfers,1822.02,United Kingdom,Low,AN035,Closed,2024-09-27,8,Closed - False Positive,1.1,N
ALT01440,C00443,2024-09-19,Rapid Movement of Funds,12044.71,Panama,Low,AN035,Closed,2024-09-23,4,Closed - False Positive,0.6,N
ALT04427,C01828,2024-09-19,Structuring,7010.28,Pakistan,Low,AN038,Closed,2024-09-29,10,Closed - False Positive,0.4,N
ALT03316,C00577,2024-09-20,Structuring,9350.49,United Kingdom,Medium,AN038,Closed,2024-09-26,6,Closed - False Positive,0.5,N
ALT00379,C00546,2024-09-20,Structuring,9211.97,United States,Medium,AN033,Closed,2024-09-26,6,Closed - False Positive,1.1,N
ALT05896,C00814,2024-09-20,Structuring,9082.07,Ireland,Medium,AN035,Closed,2024-09-29,9,SAR Filed,4.4,Y
ALT03408,C00530,2024-09-20,Unusual Activity vs Profile,6672.05,United Kingdom,High,AN037,Closed,2024-09-23,3,Closed - False Positive,0.9,N
ALT05891,C00812,2024-09-20,Unusual Activity vs Profile,7461.53,Pakistan,High,AN038,Closed,2024-09-26,6,Closed - False Positive,0.8,N
ALT00587,C00747,2024-09-21,Unusual Activity vs Profile,78911.1,United Kingdom,High,AN038,Closed,2024-09-30,9,Closed - False Positive,0.3,N
ALT00029,C02019,2024-09-21,Large Cash Deposit,11416.39,United Kingdom,Medium,AN037,Closed,2024-09-29,8,Closed - False Positive,0.8,N
ALT01782,C02481,2024-09-21,Rapid Movement of Funds,16297.49,India,Low,AN038,Closed,2024-10-10,19,Closed - False Positive,0.7,N
ALT04824,C00264,2024-09-21,Rapid Movement of Funds,13559.17,United Kingdom,Low,AN036,Closed,2024-09-25,4,Closed - False Positive,1.2,N
ALT01852,C02172,2024-09-21,Structuring,7488.65,Cyprus,Low,AN035,Closed,2024-09-23,2,Closed - False Positive,0.6,N
ALT04075,C01456,2024-09-21,Round-Amount Transfers,10878.1,Ireland,High,AN035,Closed,2024-10-13,22,Closed - False Positive,1.1,N
ALT02808,C01490,2024-09-21,Large Cash Deposit,45391.57,India,Medium,AN040,Closed,2024-09-27,6,Closed - False Positive,0.7,N
ALT06209,C00779,2024-09-21,Rapid Movement of Funds,76411.49,Ireland,High,AN034,Closed,2024-09-30,9,Closed - False Positive,1.0,N
ALT02573,C02046,2024-09-21,Dormant Account Reactivation,5182.43,Pakistan,Medium,AN035,Closed,2024-09-24,3,Closed - False Positive,0.4,N
ALT05301,C02103,2024-09-22,High-Risk Jurisdiction Transfer,10430.91,United Kingdom,High,AN038,Closed,2024-10-06,14,Closed - False Positive,0.4,N
ALT03419,C01736,2024-09-22,Round-Amount Transfers,68985.66,United Kingdom,High,AN033,Closed,2024-09-25,3,Closed - False Positive,0.8,N
ALT04909,C01236,2024-09-22,High-Risk Jurisdiction Transfer,5262.75,Russia,High,AN039,Closed,2024-09-30,8,Closed - False Positive,0.3,N
ALT04193,C02736,2024-09-23,Structuring,8821.27,Nigeria,Low,AN033,Closed,2024-09-24,1,Closed - False Positive,1.2,N
ALT03029,C01970,2024-09-23,Rapid Movement of Funds,25628.94,United Kingdom,High,AN040,Closed,2024-10-02,9,Closed - False Positive,0.8,N
ALT04752,C01970,2024-09-23,Rapid Movement of Funds,21541.74,United Kingdom,High,AN037,Closed,2024-10-17,24,Escalated to Investigation,5.2,N
ALT04517,C02528,2024-09-23,Unusual Activity vs Profile,14188.85,United Kingdom,Medium,AN038,Closed,2024-09-25,2,Closed - False Positive,0.9,N
ALT05146,C00776,2024-09-23,Large Cash Deposit,24719.48,UAE,Medium,AN034,Closed,2024-10-02,9,Closed - False Positive,0.8,N
ALT05767,C01870,2024-09-23,Structuring,9308.16,United Kingdom,Medium,AN037,Closed,2024-10-03,10,Closed - False Positive,1.1,N
ALT04787,C00733,2024-09-24,High-Risk Jurisdiction Transfer,10394.68,United Kingdom,Medium,AN034,Closed,2024-09-27,3,Closed - False Positive,0.5,N
ALT04495,C02155,2024-09-24,High-Risk Jurisdiction Transfer,6582.24,Nigeria,High,AN035,Closed,2024-10-18,24,Escalated to Investigation,6.0,N
ALT00231,C01903,2024-09-24,Unusual Activity vs Profile,22491.18,United Kingdom,Medium,AN040,Closed,2024-10-02,8,Closed - False Positive,0.7,N
ALT01287,C02861,2024-09-25,Structuring,7635.41,United Kingdom,Low,AN034,Closed,2024-10-02,7,Closed - False Positive,0.6,N
ALT05687,C01492,2024-09-25,Large Cash Deposit,52618.09,United Kingdom,High,AN034,Closed,2024-09-28,3,Closed - False Positive,0.8,N
ALT02122,C02172,2024-09-25,High-Risk Jurisdiction Transfer,25817.94,Nigeria,Low,AN038,Closed,2024-10-16,21,Closed - False Positive,0.9,N
ALT01462,C00283,2024-09-25,Large Cash Deposit,9180.06,UAE,Medium,AN033,Closed,2024-10-02,7,Closed - False Positive,0.6,N
ALT04174,C02357,2024-09-26,Structuring,9268.97,United Kingdom,Medium,AN035,Closed,2024-09-29,3,Closed - False Positive,0.5,N
ALT05493,C00548,2024-09-26,High-Risk Jurisdiction Transfer,49441.04,United Kingdom,Medium,AN034,Closed,2024-09-28,2,Closed - False Positive,0.8,N
ALT04088,C01730,2024-09-26,Unusual Activity vs Profile,116588.04,United Kingdom,High,AN036,Closed,2024-10-02,6,Closed - False Positive,1.1,N
ALT01606,C00389,2024-09-26,Unusual Activity vs Profile,9522.36,United Kingdom,Low,AN040,Closed,2024-10-01,5,Closed - False Positive,0.6,N
ALT01261,C01594,2024-09-26,High-Risk Jurisdiction Transfer,2784.41,United Kingdom,High,AN034,Closed,2024-10-10,14,Closed - False Positive,0.4,N
ALT06459,C02764,2024-09-26,Unusual Activity vs Profile,4287.33,Hong Kong,Medium,AN035,Closed,2024-10-12,16,Closed - False Positive,1.0,N
ALT05918,C02337,2024-09-26,Round-Amount Transfers,3783.57,United Kingdom,Medium,AN037,Closed,2024-10-17,21,Escalated to Investigation,7.2,N
ALT02249,C01862,2024-09-27,Rapid Movement of Funds,2014.96,United States,Low,AN039,Closed,2024-09-30,3,Closed - False Positive,0.3,N
ALT03685,C00326,2024-09-27,Structuring,7156.71,Nigeria,Low,AN036,Closed,2024-10-07,10,Closed - False Positive,0.7,N
ALT00148,C01094,2024-09-27,Round-Amount Transfers,93054.41,United Kingdom,High,AN040,Closed,2024-10-02,5,Closed - False Positive,1.2,N
ALT00293,C00148,2024-09-27,Rapid Movement of Funds,11366.33,United Kingdom,Low,AN034,Closed,2024-09-28,1,Closed - False Positive,1.1,N
ALT06400,C00897,2024-09-28,Large Cash Deposit,52812.62,United Kingdom,High,AN037,Closed,2024-10-06,8,Closed - False Positive,0.5,N
ALT03076,C01372,2024-09-28,Unusual Activity vs Profile,10805.96,United Kingdom,Medium,AN034,Closed,2024-10-03,5,Closed - False Positive,0.7,N
ALT02990,C00332,2024-09-28,Unusual Activity vs Profile,5093.8,United Kingdom,High,AN039,Closed,2024-10-04,6,Closed - False Positive,0.7,N
ALT01229,C00395,2024-09-28,Unusual Activity vs Profile,3002.23,United Kingdom,Medium,AN035,Closed,2024-10-19,21,Escalated to Investigation,3.9,N
ALT01171,C01309,2024-09-28,Rapid Movement of Funds,603.95,Germany,Medium,AN040,Closed,2024-10-01,3,Closed - False Positive,0.8,N
ALT03800,C01578,2024-09-29,Round-Amount Transfers,23976.36,United Kingdom,Low,AN036,Closed,2024-10-09,10,Closed - False Positive,0.5,N
ALT04060,C02551,2024-09-29,Large Cash Deposit,47575.93,Nigeria,Medium,AN038,Closed,2024-10-06,7,Closed - False Positive,0.5,N
ALT04526,C02252,2024-09-30,Large Cash Deposit,11469.39,United Kingdom,Low,AN033,Closed,2024-10-04,4,Closed - False Positive,0.9,N
ALT04416,C02676,2024-09-30,Rapid Movement of Funds,16449.64,UAE,Medium,AN035,Closed,2024-10-15,15,Closed - False Positive,0.7,N
ALT02103,C00830,2024-09-30,Rapid Movement of Funds,4067.39,United Kingdom,Low,AN039,Closed,2024-10-03,3,Closed - False Positive,0.6,N
ALT03115,C02298,2024-09-30,Structuring,8247.71,Cyprus,Medium,AN035,Closed,2024-10-10,10,Closed - False Positive,0.9,N
ALT02471,C02302,2024-09-30,High-Risk Jurisdiction Transfer,3339.67,Panama,High,AN035,Closed,2024-10-07,7,Closed - False Positive,0.9,N
ALT05790,C02656,2024-09-30,Rapid Movement of Funds,28728.67,United Kingdom,High,AN033,Closed,2024-10-15,15,Escalated to Investigation,4.7,N
ALT00240,C00789,2024-09-30,Rapid Movement of Funds,5064.02,United Kingdom,Medium,AN040,Closed,2024-10-13,13,Closed - False Positive,0.8,N
ALT02568,C00848,2024-10-01,Large Cash Deposit,13124.04,India,High,AN033,Closed,2024-10-03,2,Closed - False Positive,1.0,N
ALT01612,C01767,2024-10-01,Large Cash Deposit,37177.18,United States,Medium,AN036,Closed,2024-10-08,7,Closed - False Positive,1.0,N
ALT04551,C00688,2024-10-01,Rapid Movement of Funds,8243.25,United Kingdom,Medium,AN040,Closed,2024-10-04,3,Closed - False Positive,0.5,N
ALT03305,C01808,2024-10-02,Unusual Activity vs Profile,4048.15,United Kingdom,High,AN035,Closed,2024-10-04,2,Closed - False Positive,1.1,N
ALT03518,C01989,2024-10-02,Large Cash Deposit,57444.62,India,High,AN036,Closed,2024-10-04,2,Closed - False Positive,0.8,N
ALT06025,C02504,2024-10-02,High-Risk Jurisdiction Transfer,8018.15,United Kingdom,Low,AN040,Closed,2024-10-04,2,Closed - False Positive,1.0,N
ALT03707,C00962,2024-10-02,Large Cash Deposit,10386.41,United Kingdom,Medium,AN040,Closed,2024-10-11,9,Closed - False Positive,1.1,N
ALT02860,C01398,2024-10-02,Unusual Activity vs Profile,19448.32,United Kingdom,Medium,AN035,Closed,2024-10-05,3,Closed - False Positive,0.5,N
ALT00553,C00897,2024-10-03,High-Risk Jurisdiction Transfer,15915.15,India,High,AN038,Closed,2024-10-09,6,Closed - False Positive,1.2,N
ALT04528,C00377,2024-10-03,High-Risk Jurisdiction Transfer,63286.64,Cyprus,High,AN038,Closed,2024-10-09,6,Closed - False Positive,0.5,N
ALT05704,C01325,2024-10-04,Large Cash Deposit,44216.93,United States,Low,AN040,Closed,2024-10-08,4,Closed - False Positive,0.8,N
ALT04927,C01170,2024-10-04,Unusual Activity vs Profile,8175.51,Panama,Low,AN039,Closed,2024-10-09,5,Closed - False Positive,1.0,N
ALT05245,C00832,2024-10-04,Unusual Activity vs Profile,8717.18,United Kingdom,Medium,AN035,Closed,2024-10-07,3,Closed - False Positive,0.7,N
ALT05105,C02008,2024-10-04,Round-Amount Transfers,23742.53,Ireland,High,AN035,Closed,2024-10-20,16,Closed - False Positive,1.1,N
ALT01205,C01468,2024-10-04,Large Cash Deposit,37309.84,Cyprus,Medium,AN035,Closed,2024-10-10,6,Closed - False Positive,0.5,N
ALT05495,C01865,2024-10-04,Unusual Activity vs Profile,20618.95,United Kingdom,High,AN040,Closed,2024-10-06,2,Closed - False Positive,1.1,N
ALT01378,C01208,2024-10-04,Round-Amount Transfers,1988.13,United Kingdom,Medium,AN038,Closed,2024-10-08,4,Closed - False Positive,0.7,N
ALT05511,C01313,2024-10-05,Structuring,7582.89,United Kingdom,Medium,AN033,Closed,2024-10-08,3,Closed - False Positive,0.8,N
ALT00725,C01989,2024-10-05,Unusual Activity vs Profile,29688.7,India,High,AN040,Closed,2024-10-14,9,Closed - False Positive,0.8,N
ALT05841,C00051,2024-10-06,High-Risk Jurisdiction Transfer,33707.84,United Kingdom,High,AN036,Closed,2024-10-07,1,Closed - False Positive,0.3,N
ALT05634,C00672,2024-10-06,Rapid Movement of Funds,2050.3,United Kingdom,Medium,AN038,Closed,2024-10-08,2,Closed - False Positive,0.5,N
ALT02254,C01595,2024-10-06,Structuring,7646.58,United Kingdom,Low,AN038,Closed,2024-10-13,7,Closed - False Positive,0.9,N
ALT05187,C00274,2024-10-06,Rapid Movement of Funds,5487.56,United Kingdom,Low,AN040,Closed,2024-10-12,6,Closed - False Positive,1.1,N
ALT03770,C00908,2024-10-06,Unusual Activity vs Profile,21121.72,India,Low,AN035,Closed,2024-10-10,4,Closed - False Positive,0.5,N
ALT05920,C02403,2024-10-06,Rapid Movement of Funds,6781.12,United Kingdom,Low,AN037,Closed,2024-10-10,4,Closed - False Positive,1.0,N
ALT00650,C00812,2024-10-06,Rapid Movement of Funds,3416.46,Ireland,High,AN036,Closed,2024-10-22,16,Closed - False Positive,0.8,N
ALT02832,C01210,2024-10-07,Rapid Movement of Funds,50456.38,United Kingdom,High,AN040,Closed,2024-10-10,3,Closed - False Positive,0.9,N
ALT02434,C02420,2024-10-07,Structuring,8096.85,United Kingdom,Medium,AN039,Closed,2024-10-25,18,Closed - False Positive,0.4,N
ALT06499,C02839,2024-10-07,Rapid Movement of Funds,2649.27,United Kingdom,Medium,AN038,Closed,2024-10-12,5,Closed - False Positive,0.3,N
ALT05242,C00261,2024-10-07,Unusual Activity vs Profile,4011.3,United Kingdom,Medium,AN035,Closed,2024-10-08,1,Closed - False Positive,0.9,N
ALT05109,C01881,2024-10-07,Rapid Movement of Funds,5392.16,United States,High,AN034,Closed,2024-10-13,6,Closed - False Positive,0.7,N
ALT03207,C01710,2024-10-07,Unusual Activity vs Profile,8516.49,United Kingdom,Medium,AN035,Closed,2024-10-17,10,Closed - False Positive,0.7,N
ALT02091,C01803,2024-10-07,Structuring,9643.04,Germany,High,AN039,Closed,2024-11-06,30,Escalated to Investigation,7.4,N
ALT06273,C02593,2024-10-08,Dormant Account Reactivation,12233.36,United Kingdom,High,AN036,Closed,2024-10-17,9,Closed - False Positive,0.8,N
ALT02417,C02201,2024-10-08,High-Risk Jurisdiction Transfer,26126.39,United Kingdom,High,AN037,Closed,2024-11-02,25,Escalated to Investigation,12.2,N
ALT02661,C01437,2024-10-08,Large Cash Deposit,42445.57,Ireland,High,AN036,Closed,2024-10-18,10,Closed - False Positive,0.4,N
ALT04539,C02169,2024-10-08,Structuring,7129.01,United Kingdom,Medium,AN040,Closed,2024-10-27,19,Closed - False Positive,1.1,N
ALT05121,C00198,2024-10-08,Rapid Movement of Funds,11928.73,India,Medium,AN040,Closed,2024-10-23,15,SAR Filed,12.8,Y
ALT05829,C02656,2024-10-09,Rapid Movement of Funds,3521.14,Pakistan,High,AN035,Closed,2024-10-19,10,Closed - False Positive,0.3,N
ALT00467,C01537,2024-10-09,Structuring,8342.17,France,Medium,AN034,Closed,2024-10-15,6,Closed - False Positive,0.5,N
ALT00965,C00274,2024-10-09,Dormant Account Reactivation,39447.65,France,Medium,AN036,Closed,2024-10-12,3,Closed - False Positive,0.9,N
ALT04556,C00037,2024-10-10,Large Cash Deposit,21567.17,United Kingdom,Medium,AN036,Closed,2024-10-14,4,Closed - False Positive,0.7,N
ALT04079,C00543,2024-10-10,High-Risk Jurisdiction Transfer,22969.64,United Kingdom,Medium,AN034,Closed,2024-10-14,4,Closed - False Positive,0.6,N
ALT02732,C01730,2024-10-10,Unusual Activity vs Profile,9950.54,United Kingdom,Low,AN034,Closed,2024-10-18,8,Closed - False Positive,0.7,N
ALT05552,C01565,2024-10-10,Round-Amount Transfers,19660.33,United Kingdom,High,AN040,Closed,2024-11-04,25,Escalated to Investigation,8.9,N
ALT01416,C02812,2024-10-11,Structuring,8237.28,United Kingdom,Medium,AN038,Closed,2024-10-21,10,Closed - False Positive,0.6,N
ALT05346,C01475,2024-10-11,Round-Amount Transfers,2324.95,United Kingdom,Medium,AN034,Closed,2024-10-16,5,Closed - False Positive,1.0,N
ALT04214,C02953,2024-10-12,High-Risk Jurisdiction Transfer,30105.87,United Kingdom,Medium,AN038,Closed,2024-10-18,6,Closed - False Positive,0.8,N
ALT03255,C02932,2024-10-12,Rapid Movement of Funds,4026.9,United Kingdom,Low,AN040,Closed,2024-10-13,1,Closed - False Positive,0.7,N
ALT01213,C00097,2024-10-12,Large Cash Deposit,30003.29,United Kingdom,Medium,AN039,Closed,2024-10-17,5,Closed - False Positive,1.2,N
ALT04569,C01392,2024-10-12,Large Cash Deposit,59280.93,United Kingdom,High,AN040,Closed,2024-10-15,3,Closed - False Positive,0.3,N
ALT01706,C01455,2024-10-12,Unusual Activity vs Profile,7906.8,United Kingdom,High,AN040,Closed,2024-10-21,9,Closed - False Positive,0.5,N
ALT02735,C02172,2024-10-13,Structuring,9530.46,Nigeria,Medium,AN039,Closed,2024-10-17,4,Closed - False Positive,1.0,N
ALT03172,C01667,2024-10-13,Round-Amount Transfers,5178.61,United Kingdom,High,AN034,Closed,2024-11-02,20,Escalated to Investigation,12.4,N
ALT06063,C00660,2024-10-14,Round-Amount Transfers,29091.63,Cyprus,Low,AN034,Closed,2024-10-26,12,Closed - False Positive,0.4,N
ALT05226,C01614,2024-10-14,Large Cash Deposit,22416.93,United Kingdom,High,AN038,Closed,2024-10-30,16,Closed - False Positive,0.8,N
ALT02911,C02004,2024-10-15,Rapid Movement of Funds,5440.2,Panama,High,AN037,Closed,2024-10-18,3,Closed - False Positive,0.4,N
ALT05995,C02808,2024-10-16,Rapid Movement of Funds,2672.39,United Kingdom,Medium,AN033,Closed,2024-10-21,5,Closed - False Positive,1.2,N
ALT03019,C02593,2024-10-16,Round-Amount Transfers,24585.96,France,High,AN038,Closed,2024-10-21,5,Closed - False Positive,0.3,N
ALT01912,C02145,2024-10-17,Structuring,8499.02,Pakistan,Medium,AN036,Closed,2024-10-21,4,Closed - False Positive,0.3,N
ALT05875,C00917,2024-10-17,Unusual Activity vs Profile,48333.69,Panama,Medium,AN033,Closed,2024-10-23,6,Closed - False Positive,0.6,N
ALT03024,C02835,2024-10-17,Unusual Activity vs Profile,12916.0,United Kingdom,Medium,AN033,Closed,2024-10-30,13,Closed - False Positive,0.9,N
ALT05159,C02797,2024-10-18,Round-Amount Transfers,3610.61,United Kingdom,Low,AN040,Closed,2024-10-31,13,Closed - False Positive,1.0,N
ALT00991,C01068,2024-10-18,Unusual Activity vs Profile,4100.42,India,Medium,AN033,Closed,2024-10-21,3,Closed - False Positive,1.2,N
ALT04588,C02141,2024-10-18,Round-Amount Transfers,3296.45,United Kingdom,Medium,AN035,Closed,2024-10-22,4,Closed - False Positive,0.9,N
ALT01880,C02688,2024-10-18,Round-Amount Transfers,19804.17,United Kingdom,Low,AN040,Closed,2024-11-05,18,Escalated to Investigation,10.5,N
ALT02539,C00603,2024-10-19,Dormant Account Reactivation,24042.8,United Kingdom,Low,AN038,Closed,2024-10-23,4,Closed - False Positive,0.4,N
ALT04830,C02435,2024-10-19,Dormant Account Reactivation,12522.29,United Kingdom,High,AN034,Closed,2024-10-30,11,Closed - False Positive,0.6,N
ALT06030,C02567,2024-10-19,Dormant Account Reactivation,5602.65,United Kingdom,Medium,AN035,Closed,2024-10-27,8,Closed - False Positive,0.6,N
ALT03396,C01507,2024-10-19,Unusual Activity vs Profile,2520.49,United Kingdom,High,AN038,Closed,2024-10-23,4,Closed - False Positive,1.0,N
ALT01298,C00783,2024-10-20,Structuring,9143.7,UAE,Medium,AN038,Closed,2024-10-26,6,Closed - False Positive,0.9,N
ALT02257,C02382,2024-10-20,High-Risk Jurisdiction Transfer,53096.38,Ireland,High,AN040,Closed,2024-10-26,6,Closed - False Positive,0.7,N
ALT03405,C01303,2024-10-20,Dormant Account Reactivation,5461.41,UAE,Medium,AN034,Closed,2024-10-23,3,Closed - False Positive,0.7,N
ALT00155,C00412,2024-10-20,Round-Amount Transfers,6818.49,United Kingdom,Medium,AN040,Closed,2024-11-02,13,Closed - False Positive,0.7,N
ALT00842,C01507,2024-10-20,Rapid Movement of Funds,12822.27,United Kingdom,High,AN033,Closed,2024-11-01,12,Escalated to Investigation,5.2,N
ALT03028,C01414,2024-10-20,Unusual Activity vs Profile,19718.8,India,Medium,AN039,Closed,2024-10-23,3,Closed - False Positive,0.9,N
ALT02250,C00010,2024-10-20,Round-Amount Transfers,8912.21,Germany,Medium,AN036,Closed,2024-10-26,6,Closed - False Positive,0.3,N
ALT00679,C00936,2024-10-21,Structuring,8292.93,United Kingdom,Medium,AN034,Closed,2024-10-31,10,Closed - False Positive,0.8,N
ALT02591,C01881,2024-10-21,Structuring,9877.39,India,High,AN037,Closed,2024-10-29,8,Closed - False Positive,1.2,N
ALT04581,C01565,2024-10-21,Unusual Activity vs Profile,57542.22,Nigeria,High,AN039,Closed,2024-10-25,4,Closed - False Positive,0.5,N
ALT04964,C01594,2024-10-21,Unusual Activity vs Profile,41653.47,India,High,AN037,Closed,2024-10-25,4,Closed - False Positive,0.6,N
ALT04677,C00448,2024-10-21,Large Cash Deposit,33659.91,United Kingdom,Medium,AN035,Closed,2024-11-07,17,Closed - False Positive,0.8,N
ALT06050,C00006,2024-10-21,Round-Amount Transfers,159659.93,United Kingdom,High,AN035,Closed,2024-10-23,2,Closed - False Positive,1.0,N
ALT02325,C01282,2024-10-22,High-Risk Jurisdiction Transfer,17427.33,Hong Kong,Low,AN037,Closed,2024-10-31,9,Closed - False Positive,0.4,N
ALT02486,C01310,2024-10-22,High-Risk Jurisdiction Transfer,22517.2,United Kingdom,Medium,AN039,Closed,2024-10-27,5,Closed - False Positive,0.5,N
ALT04150,C00724,2024-10-22,High-Risk Jurisdiction Transfer,100304.73,United Kingdom,High,AN037,Closed,2024-10-30,8,Closed - False Positive,0.6,N
ALT00773,C01437,2024-10-22,Structuring,9486.88,India,High,AN036,Closed,2024-10-30,8,Closed - False Positive,0.9,N
ALT00995,C02061,2024-10-23,Dormant Account Reactivation,6303.04,United Kingdom,Medium,AN034,Closed,2024-10-25,2,Closed - False Positive,0.6,N
ALT03059,C02064,2024-10-23,Unusual Activity vs Profile,5270.01,United Kingdom,Low,AN036,Closed,2024-10-25,2,Closed - False Positive,0.5,N
ALT03607,C02509,2024-10-24,Rapid Movement of Funds,13015.84,United Kingdom,Low,AN038,Closed,2024-10-30,6,Closed - False Positive,0.4,N
ALT02541,C01636,2024-10-24,Structuring,8999.61,India,Low,AN035,Closed,2024-11-01,8,Closed - False Positive,0.7,N
ALT00408,C02581,2024-10-24,Structuring,7942.66,United Kingdom,High,AN039,Closed,2024-10-29,5,Closed - False Positive,0.5,N
ALT04391,C01896,2024-10-24,Large Cash Deposit,58502.44,United Kingdom,High,AN039,Closed,2024-10-29,5,Closed - False Positive,0.9,N
ALT00028,C02280,2024-10-25,Dormant Account Reactivation,105987.36,United Kingdom,High,AN036,Closed,2024-10-30,5,Closed - False Positive,0.8,N
ALT05992,C02516,2024-10-25,Round-Amount Transfers,47585.41,UAE,High,AN039,Closed,2024-10-28,3,Closed - False Positive,1.1,N
ALT00728,C01664,2024-10-25,High-Risk Jurisdiction Transfer,13597.9,United Kingdom,Medium,AN034,Closed,2024-11-05,11,Closed - False Positive,1.0,N
ALT03397,C01774,2024-10-25,High-Risk Jurisdiction Transfer,17279.93,Ireland,High,AN033,Closed,2024-10-31,6,Closed - False Positive,0.5,N
ALT00100,C01991,2024-10-26,High-Risk Jurisdiction Transfer,18685.14,Pakistan,Medium,AN039,Closed,2024-11-02,7,Closed - False Positive,0.7,N
ALT01879,C01565,2024-10-26,Rapid Movement of Funds,21503.89,UAE,High,AN035,Closed,2024-11-13,18,SAR Filed,12.9,Y
ALT05416,C01080,2024-10-26,Large Cash Deposit,18856.93,United Kingdom,Medium,AN033,Closed,2024-11-03,8,Closed - False Positive,0.6,N
ALT03256,C01328,2024-10-27,Round-Amount Transfers,61573.89,India,High,AN038,Closed,2024-10-30,3,Closed - False Positive,1.0,N
ALT04341,C02972,2024-10-27,Round-Amount Transfers,31549.74,United Kingdom,High,AN036,Closed,2024-10-30,3,Closed - False Positive,0.8,N
ALT00239,C01901,2024-10-27,High-Risk Jurisdiction Transfer,46238.54,United Kingdom,Low,AN037,Closed,2024-11-30,34,Escalated to Investigation,4.6,N
ALT02872,C02178,2024-10-27,High-Risk Jurisdiction Transfer,65367.97,India,High,AN038,Closed,2024-11-05,9,Closed - False Positive,0.6,N
ALT04158,C02331,2024-10-27,High-Risk Jurisdiction Transfer,25046.4,United Kingdom,Low,AN036,Closed,2024-11-04,8,Closed - False Positive,0.8,N
ALT02491,C00082,2024-10-27,High-Risk Jurisdiction Transfer,3641.66,United Kingdom,High,AN038,Closed,2024-10-30,3,Closed - False Positive,0.7,N
ALT01243,C02120,2024-10-27,Unusual Activity vs Profile,3981.25,India,Medium,AN033,Closed,2024-10-31,4,Closed - False Positive,0.4,N
ALT03391,C02306,2024-10-27,Round-Amount Transfers,4668.58,United Kingdom,Low,AN033,Closed,2024-11-17,21,SAR Filed,9.2,Y
ALT00590,C02581,2024-10-27,Unusual Activity vs Profile,3460.21,United Kingdom,High,AN036,Closed,2024-11-16,20,Escalated to Investigation,12.3,N
ALT05496,C00227,2024-10-28,Rapid Movement of Funds,13552.69,United Kingdom,High,AN040,Closed,2024-11-08,11,Escalated to Investigation,13.1,N
ALT00789,C02120,2024-10-28,Rapid Movement of Funds,8389.2,United Kingdom,Medium,AN039,Closed,2024-11-06,9,Closed - False Positive,0.7,N
ALT01518,C01862,2024-10-28,Unusual Activity vs Profile,17002.3,India,Medium,AN040,Closed,2024-11-05,8,Closed - False Positive,1.2,N
ALT00356,C00330,2024-10-28,Structuring,9289.9,United Kingdom,High,AN040,Closed,2024-11-03,6,Closed - False Positive,1.2,N
ALT03711,C00265,2024-10-29,Structuring,8103.51,United Kingdom,High,AN036,Closed,2024-11-13,15,Closed - False Positive,0.7,N
ALT06432,C02008,2024-10-29,Unusual Activity vs Profile,41722.49,Panama,High,AN038,Closed,2024-11-09,11,Closed - False Positive,1.1,N
ALT04435,C01386,2024-10-29,Large Cash Deposit,23651.7,United Kingdom,Low,AN040,Closed,2024-11-03,5,Closed - False Positive,0.7,N
ALT06115,C00148,2024-10-30,Structuring,9459.08,United Kingdom,Low,AN035,Closed,2024-11-03,4,Closed - False Positive,0.7,N
ALT06291,C01414,2024-10-30,Dormant Account Reactivation,11147.28,United Kingdom,Medium,AN033,Closed,2024-11-08,9,Closed - False Positive,0.6,N
ALT02232,C01784,2024-10-31,Structuring,8486.3,United Kingdom,Low,AN035,Closed,2024-11-07,7,Closed - False Positive,1.1,N
ALT05035,C02127,2024-10-31,High-Risk Jurisdiction Transfer,20001.91,India,Medium,AN038,Closed,2024-11-06,6,Closed - False Positive,1.1,N
ALT02914,C01060,2024-10-31,Dormant Account Reactivation,7977.47,United Kingdom,Medium,AN033,Closed,2024-11-02,2,Closed - False Positive,1.1,N
ALT05973,C02581,2024-10-31,Rapid Movement of Funds,16232.92,United Kingdom,High,AN037,Closed,2024-11-29,29,Escalated to Investigation,9.8,N
ALT04350,C01563,2024-10-31,Round-Amount Transfers,9675.73,United Kingdom,Low,AN035,Closed,2024-11-09,9,Closed - False Positive,0.7,N
ALT01924,C01135,2024-11-01,Large Cash Deposit,27432.03,United Kingdom,Medium,AN038,Closed,2024-11-05,4,Closed - False Positive,0.8,N
ALT04531,C00182,2024-11-01,Rapid Movement of Funds,24836.2,United Kingdom,Medium,AN040,Closed,2024-11-21,20,Closed - False Positive,0.7,N
ALT02897,C00984,2024-11-01,Large Cash Deposit,44492.82,Panama,High,AN034,Closed,2024-11-06,5,Closed - False Positive,0.3,N
ALT04502,C01275,2024-11-01,Unusual Activity vs Profile,10206.44,Pakistan,Medium,AN038,Closed,2024-11-02,1,Closed - False Positive,0.7,N
ALT03656,C00342,2024-11-01,High-Risk Jurisdiction Transfer,7964.55,United Kingdom,Low,AN034,Closed,2024-11-06,5,Closed - False Positive,1.1,N
ALT04462,C02385,2024-11-02,High-Risk Jurisdiction Transfer,3551.07,United Kingdom,High,AN037,Closed,2024-11-07,5,Closed - False Positive,1.1,N
ALT05269,C00700,2024-11-02,Unusual Activity vs Profile,8303.01,Pakistan,High,AN033,Closed,2024-11-10,8,Closed - False Positive,0.6,N
ALT03806,C02236,2024-11-02,Large Cash Deposit,24568.96,United Kingdom,Low,AN033,Closed,2024-11-04,2,Closed - False Positive,0.4,N
ALT03383,C00264,2024-11-03,High-Risk Jurisdiction Transfer,3478.49,France,Low,AN034,Closed,2024-11-11,8,Closed - False Positive,0.5,N
ALT05022,C02844,2024-11-03,Round-Amount Transfers,29131.41,Germany,Low,AN033,Closed,2024-11-09,6,Closed - False Positive,0.6,N
ALT04591,C02600,2024-11-03,Large Cash Deposit,41448.4,United Kingdom,High,AN034,Closed,2024-11-16,13,Closed - False Positive,0.8,N
ALT01903,C02529,2024-11-03,Rapid Movement of Funds,578.92,United Kingdom,Low,AN034,Closed,2024-11-20,17,Closed - False Positive,1.1,N
ALT01853,C01867,2024-11-03,Dormant Account Reactivation,42398.1,United Kingdom,Medium,AN037,Closed,2024-11-12,9,Closed - False Positive,1.1,N
ALT02439,C01222,2024-11-03,Round-Amount Transfers,7208.81,United Kingdom,High,AN033,Closed,2024-11-26,23,SAR Filed,6.4,Y
ALT01543,C02212,2024-11-03,Round-Amount Transfers,36189.39,United Kingdom,Medium,AN035,Closed,2024-11-11,8,Closed - False Positive,1.2,N
ALT03825,C02934,2024-11-03,High-Risk Jurisdiction Transfer,1762.27,India,High,AN037,Closed,2024-11-08,5,Closed - False Positive,0.8,N
ALT01245,C01359,2024-11-04,Structuring,7974.1,Nigeria,High,AN033,Closed,2024-11-07,3,Closed - False Positive,0.9,N
ALT05133,C01360,2024-11-04,High-Risk Jurisdiction Transfer,21086.75,United Kingdom,Low,AN035,Closed,2024-11-13,9,Closed - False Positive,0.5,N
ALT02582,C01004,2024-11-04,Round-Amount Transfers,42598.03,United Kingdom,Medium,AN038,Closed,2024-11-16,12,Closed - False Positive,1.2,N
ALT06159,C01125,2024-11-04,Round-Amount Transfers,9755.32,United Kingdom,Medium,AN034,Closed,2024-11-09,5,Closed - False Positive,0.9,N
ALT05314,C01641,2024-11-05,Large Cash Deposit,24591.49,United Kingdom,Medium,AN039,Closed,2024-12-08,33,SAR Filed,13.0,Y
ALT03428,C00357,2024-11-05,Large Cash Deposit,30812.95,United Kingdom,High,AN037,Closed,2024-11-13,8,Closed - False Positive,0.5,N
ALT00210,C00448,2024-11-05,Large Cash Deposit,16905.93,United Kingdom,Medium,AN037,Closed,2024-11-08,3,Closed - False Positive,0.7,N
ALT04084,C00574,2024-11-05,Dormant Account Reactivation,14240.52,United Kingdom,High,AN034,Closed,2024-12-14,39,Escalated to Investigation,6.6,N
ALT03275,C02850,2024-11-05,Large Cash Deposit,24308.27,Hong Kong,High,AN034,Closed,2024-11-30,25,Escalated to Investigation,9.1,N
ALT02167,C02809,2024-11-05,Large Cash Deposit,25418.9,Hong Kong,High,AN035,Closed,2024-11-09,4,Closed - False Positive,1.1,N
ALT06186,C02579,2024-11-05,High-Risk Jurisdiction Transfer,10681.83,United Kingdom,Low,AN036,Closed,2024-11-08,3,Closed - False Positive,0.8,N
ALT00984,C02989,2024-11-06,High-Risk Jurisdiction Transfer,16838.17,United Kingdom,Low,AN034,Closed,2024-11-08,2,Closed - False Positive,0.5,N
ALT01567,C02015,2024-11-06,Structuring,7503.43,United Kingdom,Low,AN035,Closed,2024-11-19,13,Closed - False Positive,0.7,N
ALT06262,C01669,2024-11-06,High-Risk Jurisdiction Transfer,17233.1,United Kingdom,Medium,AN037,Closed,2024-11-11,5,Closed - False Positive,0.4,N
ALT03493,C02444,2024-11-06,Unusual Activity vs Profile,24007.48,United Kingdom,Low,AN035,Closed,2024-11-10,4,Closed - False Positive,0.8,N
ALT01655,C02289,2024-11-07,Large Cash Deposit,18904.77,United Kingdom,High,AN037,Closed,2024-12-01,24,SAR Filed,7.9,Y
ALT04903,C01581,2024-11-07,Unusual Activity vs Profile,15858.23,United Kingdom,High,AN040,Closed,2024-11-10,3,Closed - False Positive,0.5,N
ALT01724,C01267,2024-11-07,Unusual Activity vs Profile,6672.94,United Kingdom,Low,AN040,Closed,2024-11-14,7,Closed - False Positive,0.7,N
ALT03697,C01780,2024-11-08,Rapid Movement of Funds,2883.1,United States,Low,AN040,Closed,2024-11-22,14,Closed - False Positive,1.2,N
ALT00505,C00051,2024-11-08,Dormant Account Reactivation,43498.99,Russia,High,AN035,Closed,2024-11-28,20,SAR Filed,8.5,Y
ALT05904,C02796,2024-11-08,Rapid Movement of Funds,1685.45,Hong Kong,Medium,AN039,Closed,2024-11-15,7,Closed - False Positive,0.4,N
ALT06109,C02179,2024-11-08,High-Risk Jurisdiction Transfer,5554.09,Pakistan,Medium,AN038,Closed,2024-11-25,17,Escalated to Investigation,3.2,N
ALT02060,C02622,2024-11-09,Large Cash Deposit,57588.55,Ireland,High,AN039,Closed,2024-11-16,7,Closed - False Positive,1.0,N
ALT06452,C01210,2024-11-09,Unusual Activity vs Profile,4702.68,United Kingdom,High,AN036,Closed,2024-11-15,6,Closed - False Positive,0.6,N
ALT00825,C00729,2024-11-09,Unusual Activity vs Profile,30646.21,United States,High,AN037,Closed,2024-11-18,9,Closed - False Positive,0.5,N
ALT01847,C02848,2024-11-09,Structuring,8922.26,United Kingdom,High,AN033,Closed,2024-11-13,4,Closed - False Positive,0.4,N
ALT03180,C00985,2024-11-10,Unusual Activity vs Profile,15015.3,UAE,High,AN033,Closed,2024-11-16,6,Closed - False Positive,1.0,N
ALT05312,C01183,2024-11-10,Rapid Movement of Funds,14935.41,United Kingdom,Medium,AN035,Closed,2024-11-25,15,Closed - False Positive,0.7,N
ALT03056,C02943,2024-11-11,Large Cash Deposit,15343.01,United States,Low,AN033,Closed,2024-11-12,1,Closed - False Positive,0.6,N
ALT02673,C02496,2024-11-11,Large Cash Deposit,32869.92,United Kingdom,High,AN040,Closed,2024-11-23,12,Closed - False Positive,0.4,N
ALT00593,C00599,2024-11-11,Large Cash Deposit,18340.09,United States,Low,AN038,Closed,2024-11-13,2,Closed - False Positive,0.4,N
ALT02905,C00733,2024-11-11,Large Cash Deposit,29409.54,UAE,Low,AN037,Closed,2024-11-17,6,Closed - False Positive,0.7,N
ALT03258,C01667,2024-11-11,Structuring,9887.87,United Kingdom,High,AN034,Closed,2024-11-16,5,Closed - False Positive,1.0,N
ALT00904,C02463,2024-11-11,Unusual Activity vs Profile,17850.73,United Kingdom,Low,AN038,Closed,2024-11-13,2,Closed - False Positive,0.6,N
ALT04285,C02771,2024-11-12,High-Risk Jurisdiction Transfer,26561.77,France,Low,AN033,Closed,2024-11-24,12,Closed - False Positive,1.2,N
ALT03372,C02761,2024-11-12,Structuring,9758.07,UAE,Low,AN036,Closed,2024-11-19,7,Closed - False Positive,0.9,N
ALT03567,C00330,2024-11-12,Structuring,9628.11,United Kingdom,High,AN037,Closed,2024-11-14,2,Closed - False Positive,0.5,N
ALT05475,C00337,2024-11-12,Rapid Movement of Funds,5610.26,Cyprus,Medium,AN035,Closed,2024-11-27,15,Closed - False Positive,0.8,N
ALT04092,C02163,2024-11-12,Large Cash Deposit,48884.16,United Kingdom,Low,AN033,Closed,2024-11-18,6,Closed - False Positive,0.5,N
ALT02936,C01805,2024-11-12,Dormant Account Reactivation,3554.26,Hong Kong,Medium,AN034,Closed,2024-11-18,6,Closed - False Positive,0.6,N
ALT05753,C02715,2024-11-12,Round-Amount Transfers,19181.04,France,Low,AN034,Closed,2024-11-21,9,Closed - False Positive,0.9,N
ALT03165,C02661,2024-11-13,Dormant Account Reactivation,13493.76,United Kingdom,Low,AN036,Closed,2024-11-16,3,Closed - False Positive,0.9,N
ALT03525,C00126,2024-11-13,Unusual Activity vs Profile,10550.82,Nigeria,High,AN037,Closed,2024-11-20,7,Closed - False Positive,0.5,N
ALT04914,C00126,2024-11-13,Large Cash Deposit,19351.4,United Kingdom,High,AN036,Closed,2024-11-17,4,Closed - False Positive,0.4,N
ALT03279,C02296,2024-11-13,Round-Amount Transfers,8403.87,United Kingdom,Low,AN038,Closed,2024-11-21,8,Closed - False Positive,0.4,N
ALT04694,C01995,2024-11-13,Rapid Movement of Funds,11447.69,United Kingdom,High,AN037,Closed,2024-11-16,3,Closed - False Positive,1.1,N
ALT04640,C00660,2024-11-13,Rapid Movement of Funds,40366.74,United Kingdom,Medium,AN033,Closed,2024-11-20,7,Closed - False Positive,0.7,N
ALT00812,C02236,2024-11-14,Dormant Account Reactivation,25071.92,United Kingdom,Low,AN033,Closed,2024-11-18,4,Closed - False Positive,0.4,N
ALT03882,C02272,2024-11-14,Dormant Account Reactivation,49662.42,United Kingdom,Medium,AN035,Closed,2024-11-21,7,Closed - False Positive,0.9,N
ALT00099,C00449,2024-11-14,Dormant Account Reactivation,6909.12,United Kingdom,Medium,AN040,Closed,2024-11-18,4,Closed - False Positive,1.0,N
ALT01892,C02805,2024-11-14,Structuring,8111.2,United Kingdom,Medium,AN040,Closed,2024-11-20,6,Closed - False Positive,0.4,N
ALT01349,C00018,2024-11-14,High-Risk Jurisdiction Transfer,28175.23,Ireland,Medium,AN038,Closed,2024-11-18,4,Closed - False Positive,0.8,N
ALT02827,C02134,2024-11-15,Unusual Activity vs Profile,30217.92,United Kingdom,High,AN033,Closed,2024-12-19,34,Escalated to Investigation,5.1,N
ALT06203,C00187,2024-11-15,Dormant Account Reactivation,4342.3,United Kingdom,Medium,AN038,Closed,2024-11-30,15,Closed - False Positive,0.8,N
ALT02939,C00792,2024-11-15,Unusual Activity vs Profile,8868.86,United Kingdom,Medium,AN040,Closed,2024-11-20,5,Closed - False Positive,0.9,N
ALT02391,C02331,2024-11-16,Structuring,9575.29,United Kingdom,Medium,AN040,Closed,2024-11-20,4,Closed - False Positive,0.7,N
ALT02461,C00792,2024-11-16,Unusual Activity vs Profile,8756.24,United Kingdom,Medium,AN035,Closed,2024-11-25,9,Closed - False Positive,0.6,N
ALT04699,C02749,2024-11-16,High-Risk Jurisdiction Transfer,21279.79,United Kingdom,Medium,AN039,Closed,2024-11-19,3,Closed - False Positive,0.4,N
ALT05964,C00684,2024-11-16,Round-Amount Transfers,16515.54,United Kingdom,Low,AN038,Closed,2024-12-07,21,Closed - False Positive,0.8,N
ALT00847,C00703,2024-11-16,High-Risk Jurisdiction Transfer,4816.0,United States,Medium,AN034,Closed,2024-11-19,3,Closed - False Positive,0.8,N
ALT01380,C02126,2024-11-16,Unusual Activity vs Profile,32615.43,Cyprus,Low,AN037,Closed,2024-11-27,11,Closed - False Positive,0.4,N
ALT00334,C02392,2024-11-17,Round-Amount Transfers,20926.15,United Kingdom,Low,AN036,Closed,2024-12-02,15,Closed - False Positive,0.5,N
ALT02241,C00261,2024-11-17,Rapid Movement of Funds,21299.3,United Kingdom,Low,AN039,Closed,2024-11-18,1,Closed - False Positive,0.9,N
ALT05282,C01272,2024-11-17,Large Cash Deposit,32680.99,UAE,High,AN034,Closed,2024-12-09,22,SAR Filed,13.3,Y
ALT00140,C02444,2024-11-17,Rapid Movement of Funds,8954.51,Pakistan,Medium,AN038,Closed,2024-11-20,3,Closed - False Positive,0.4,N
ALT06394,C01950,2024-11-18,Rapid Movement of Funds,52346.44,United Kingdom,High,AN033,Closed,2024-11-26,8,Closed - False Positive,0.7,N
ALT03062,C00650,2024-11-18,High-Risk Jurisdiction Transfer,16534.77,UAE,High,AN040,Closed,2024-11-22,4,Closed - False Positive,0.7,N
ALT01095,C01108,2024-11-18,High-Risk Jurisdiction Transfer,3617.62,Germany,Low,AN033,Closed,2024-11-25,7,Closed - False Positive,1.0,N
ALT02665,C01784,2024-11-18,High-Risk Jurisdiction Transfer,6053.62,Pakistan,Low,AN033,Closed,2024-11-21,3,Closed - False Positive,0.4,N
ALT03073,C02848,2024-11-18,Dormant Account Reactivation,5864.43,United Kingdom,High,AN039,Closed,2024-11-22,4,Closed - False Positive,1.1,N
ALT01607,C00049,2024-11-19,Large Cash Deposit,32583.61,Cyprus,Low,AN040,Closed,2024-11-27,8,Closed - False Positive,1.1,N
ALT02904,C02020,2024-11-19,Large Cash Deposit,20763.26,United Kingdom,Medium,AN036,Closed,2024-11-21,2,Closed - False Positive,1.0,N
ALT05754,C02478,2024-11-19,High-Risk Jurisdiction Transfer,20028.06,United Kingdom,Low,AN034,Closed,2024-12-22,33,Escalated to Investigation,13.1,N
ALT00565,C00318,2024-11-19,Large Cash Deposit,53373.63,United Kingdom,High,AN040,Closed,2024-12-06,17,Escalated to Investigation,6.3,N
ALT02128,C02761,2024-11-19,Round-Amount Transfers,19816.59,Germany,Medium,AN033,Closed,2024-12-19,30,Escalated to Investigation,4.8,N
ALT00207,C02034,2024-11-19,Unusual Activity vs Profile,39130.99,United Kingdom,Low,AN034,Closed,2024-11-24,5,Closed - False Positive,0.4,N
ALT06099,C01897,2024-11-20,Structuring,9752.16,United Kingdom,Medium,AN039,Closed,2024-11-23,3,Closed - False Positive,1.1,N
ALT02085,C00443,2024-11-20,Structuring,7420.55,United Kingdom,Low,AN033,Closed,2024-12-04,14,Closed - False Positive,0.5,N
ALT03801,C00534,2024-11-20,Dormant Account Reactivation,29543.14,United Kingdom,Medium,AN037,Closed,2024-11-23,3,Closed - False Positive,0.6,N
ALT04715,C02621,2024-11-20,Unusual Activity vs Profile,3511.0,United Kingdom,Low,AN034,Closed,2024-11-27,7,Closed - False Positive,0.7,N
ALT02767,C00986,2024-11-20,Rapid Movement of Funds,22742.87,United States,High,AN038,Closed,2024-11-28,8,Closed - False Positive,0.9,N
ALT00360,C01513,2024-11-20,High-Risk Jurisdiction Transfer,3269.09,United Kingdom,Low,AN038,Closed,2024-11-23,3,Closed - False Positive,0.8,N
ALT05925,C02972,2024-11-20,Rapid Movement of Funds,15915.1,United Kingdom,High,AN037,Closed,2024-11-24,4,Closed - False Positive,0.7,N
ALT00607,C00048,2024-11-21,Round-Amount Transfers,92074.72,Nigeria,High,AN035,Closed,2024-11-24,3,Closed - False Positive,0.8,N
ALT02711,C00270,2024-11-21,Large Cash Deposit,20514.36,Hong Kong,Low,AN040,Closed,2024-11-27,6,Closed - False Positive,0.5,N
ALT02037,C02774,2024-11-21,Structuring,9581.85,United Kingdom,Low,AN033,Closed,2024-12-17,26,Escalated to Investigation,8.4,N
ALT05912,C02789,2024-11-21,Rapid Movement of Funds,16086.51,United Kingdom,High,AN033,Closed,2024-11-28,7,Closed - False Positive,0.5,N
ALT01735,C02788,2024-11-21,Unusual Activity vs Profile,13064.56,United Kingdom,High,AN036,Closed,2024-11-24,3,Closed - False Positive,0.7,N
ALT05444,C00279,2024-11-21,High-Risk Jurisdiction Transfer,29800.8,United Kingdom,Medium,AN039,Closed,2024-11-27,6,Closed - False Positive,1.0,N
ALT00393,C01297,2024-11-22,High-Risk Jurisdiction Transfer,87345.46,India,High,AN037,Closed,2024-11-25,3,Closed - False Positive,0.7,N
ALT02247,C01744,2024-11-22,Rapid Movement of Funds,3842.93,UAE,Medium,AN039,Closed,2024-11-30,8,Closed - False Positive,0.9,N
ALT04859,C00448,2024-11-22,Structuring,7044.65,Nigeria,Low,AN039,Closed,2024-11-23,1,Closed - False Positive,0.6,N
ALT00670,C02477,2024-11-22,High-Risk Jurisdiction Transfer,71654.91,Germany,High,AN034,Closed,2024-11-24,2,Closed - False Positive,0.4,N
ALT06367,C01745,2024-11-22,Rapid Movement of Funds,2247.83,United Kingdom,Medium,AN040,Closed,2024-11-29,7,Closed - False Positive,0.5,N
ALT02436,C01252,2024-11-23,Round-Amount Transfers,5829.27,United Kingdom,High,AN033,Closed,2024-12-09,16,Escalated to Investigation,8.0,N
ALT01219,C02343,2024-11-23,Rapid Movement of Funds,5955.87,United Kingdom,Low,AN038,Closed,2024-11-26,3,Closed - False Positive,1.1,N
ALT04406,C01989,2024-11-23,High-Risk Jurisdiction Transfer,19106.39,Hong Kong,High,AN034,Closed,2024-11-27,4,Closed - False Positive,0.5,N
ALT02450,C01102,2024-11-23,Rapid Movement of Funds,9067.29,UAE,Medium,AN035,Closed,2024-11-27,4,Closed - False Positive,1.1,N
ALT03262,C01236,2024-11-23,Unusual Activity vs Profile,44204.85,Nigeria,High,AN039,Closed,2024-11-29,6,Closed - False Positive,1.1,N
ALT00294,C00132,2024-11-23,Rapid Movement of Funds,135406.33,Pakistan,High,AN034,Closed,2024-12-10,17,Escalated to Investigation,5.7,N
ALT04718,C00126,2024-11-23,Structuring,9544.04,United Kingdom,High,AN036,Closed,2024-12-02,9,Closed - False Positive,0.3,N
ALT06255,C01365,2024-11-23,High-Risk Jurisdiction Transfer,6794.56,United Kingdom,Medium,AN033,Closed,2024-11-26,3,Closed - False Positive,0.8,N
ALT02309,C00332,2024-11-23,Rapid Movement of Funds,14995.42,United Kingdom,High,AN035,Closed,2024-11-28,5,Closed - False Positive,0.5,N
ALT03966,C00330,2024-11-24,Structuring,9813.78,United Kingdom,High,AN040,Closed,2024-12-01,7,Closed - False Positive,1.2,N
ALT02925,C00435,2024-11-24,High-Risk Jurisdiction Transfer,15080.98,United Kingdom,Low,AN038,Closed,2024-11-26,2,Closed - False Positive,0.9,N
ALT01275,C01599,2024-11-24,High-Risk Jurisdiction Transfer,3874.77,Nigeria,High,AN035,Closed,2024-11-29,5,Closed - False Positive,1.0,N
ALT05470,C02661,2024-11-24,Large Cash Deposit,54902.27,India,High,AN040,Closed,2024-11-26,2,Closed - False Positive,1.0,N
ALT05232,C00256,2024-11-25,High-Risk Jurisdiction Transfer,6031.36,United Kingdom,Medium,AN034,Closed,2024-11-27,2,Closed - False Positive,0.8,N
ALT04663,C00074,2024-11-26,Rapid Movement of Funds,56089.46,Germany,High,AN037,Closed,2024-12-04,8,Closed - False Positive,0.3,N
ALT00220,C00576,2024-11-26,Structuring,7331.51,United Kingdom,Medium,AN035,Closed,2024-11-30,4,Closed - False Positive,1.0,N
ALT06349,C00574,2024-11-27,Rapid Movement of Funds,26327.72,Pakistan,High,AN039,Closed,2024-12-06,9,Closed - False Positive,1.1,N
ALT03505,C01960,2024-11-27,Large Cash Deposit,37240.32,United Kingdom,Low,AN034,Closed,2024-12-04,7,Closed - False Positive,1.0,N
ALT05087,C01367,2024-11-27,High-Risk Jurisdiction Transfer,8244.43,United Kingdom,Low,AN040,Closed,2024-12-03,6,Closed - False Positive,0.9,N
ALT00184,C00490,2024-11-27,Large Cash Deposit,46477.74,United Kingdom,Low,AN036,Closed,2024-11-28,1,Closed - False Positive,0.8,N
ALT06034,C02437,2024-11-27,Rapid Movement of Funds,17958.1,United Kingdom,Low,AN038,Closed,2024-11-29,2,Closed - False Positive,0.9,N
ALT05182,C02764,2024-11-27,Rapid Movement of Funds,5976.49,Russia,Low,AN035,Closed,2024-11-30,3,Closed - False Positive,0.6,N
ALT02179,C00536,2024-11-27,Unusual Activity vs Profile,33636.51,United Kingdom,Low,AN034,Closed,2024-12-18,21,Closed - False Positive,0.6,N
ALT05952,C02817,2024-11-28,Rapid Movement of Funds,64886.18,Russia,High,AN036,Closed,2024-12-02,4,Closed - False Positive,1.1,N
ALT00313,C02615,2024-11-28,Unusual Activity vs Profile,11791.14,United Kingdom,High,AN034,Closed,2024-11-30,2,Closed - False Positive,0.5,N
ALT01304,C01123,2024-11-28,Large Cash Deposit,56440.01,Panama,High,AN040,Closed,2024-12-07,9,Closed - False Positive,0.7,N
ALT05680,C01614,2024-11-28,Unusual Activity vs Profile,8461.02,United Kingdom,High,AN037,Closed,2024-12-02,4,Closed - False Positive,1.2,N
ALT03651,C01651,2024-11-29,Unusual Activity vs Profile,57583.76,Germany,High,AN035,Closed,2024-12-06,7,Closed - False Positive,0.8,N
ALT04730,C02431,2024-11-29,Rapid Movement of Funds,70742.52,United Kingdom,High,AN040,Closed,2024-11-30,1,Closed - False Positive,0.7,N
ALT03676,C00863,2024-11-29,Round-Amount Transfers,3431.66,United Kingdom,Low,AN034,Closed,2024-12-03,4,Closed - False Positive,1.2,N
ALT02933,C00634,2024-11-29,Large Cash Deposit,27594.2,United Kingdom,Low,AN039,Closed,2024-12-03,4,Closed - False Positive,0.6,N
ALT02749,C02567,2024-11-29,Unusual Activity vs Profile,12024.94,Russia,Medium,AN034,Closed,2024-12-06,7,Closed - False Positive,0.8,N
ALT02190,C01390,2024-11-30,Large Cash Deposit,33924.38,United Kingdom,Low,AN039,Closed,2024-12-05,5,Closed - False Positive,0.6,N
ALT04844,C00502,2024-11-30,Rapid Movement of Funds,6443.92,Hong Kong,Medium,AN040,Closed,2024-12-05,5,Closed - False Positive,0.8,N
ALT00851,C00729,2024-11-30,Round-Amount Transfers,8571.61,United Kingdom,High,AN039,Closed,2024-12-14,14,Closed - False Positive,0.8,N
ALT03527,C02937,2024-11-30,Rapid Movement of Funds,19835.36,United Kingdom,Low,AN034,Closed,2024-12-10,10,Closed - False Positive,1.0,N
ALT02427,C01970,2024-11-30,Dormant Account Reactivation,5136.2,Hong Kong,High,AN034,Closed,2024-12-17,17,Escalated to Investigation,3.0,N
ALT04387,C01429,2024-11-30,Structuring,7828.86,United Kingdom,Low,AN039,Closed,2024-12-06,6,Closed - False Positive,1.1,N
ALT02072,C01755,2024-12-01,Structuring,7769.49,United States,Low,AN033,Closed,2024-12-14,13,Closed - False Positive,0.4,N
ALT06081,C01402,2024-12-01,Unusual Activity vs Profile,1840.72,United Kingdom,High,AN036,Closed,2024-12-14,13,Closed - False Positive,0.8,N
ALT01129,C00187,2024-12-01,High-Risk Jurisdiction Transfer,11787.22,United Kingdom,Medium,AN037,Closed,2024-12-03,2,Closed - False Positive,0.9,N
ALT03739,C00018,2024-12-02,Unusual Activity vs Profile,12955.85,United Kingdom,Medium,AN036,Closed,2024-12-16,14,Escalated to Investigation,12.6,N
ALT01845,C00685,2024-12-02,Large Cash Deposit,45071.46,United Kingdom,High,AN039,Closed,2024-12-16,14,Closed - False Positive,1.0,N
ALT02520,C02741,2024-12-02,Dormant Account Reactivation,58978.56,United Kingdom,High,AN036,Closed,2024-12-14,12,Closed - False Positive,1.0,N
ALT04460,C01995,2024-12-02,Rapid Movement of Funds,8668.57,France,High,AN040,Closed,2024-12-31,29,Escalated to Investigation,9.2,N
ALT04330,C01130,2024-12-02,Large Cash Deposit,11684.45,United Kingdom,Low,AN038,Closed,2024-12-06,4,Closed - False Positive,0.8,N
ALT01313,C02102,2024-12-02,Structuring,8478.11,Russia,Low,AN036,Closed,2024-12-09,7,Closed - False Positive,1.1,N
ALT06173,C00985,2024-12-02,Unusual Activity vs Profile,11044.03,United Kingdom,High,AN036,Closed,2024-12-10,8,Closed - False Positive,0.9,N
ALT04323,C02235,2024-12-02,Unusual Activity vs Profile,12180.4,Hong Kong,Medium,AN039,Closed,2024-12-06,4,Closed - False Positive,0.6,N
ALT00677,C01409,2024-12-02,Rapid Movement of Funds,8235.43,UAE,Medium,AN035,Closed,2024-12-19,17,Closed - False Positive,0.6,N
ALT02196,C00443,2024-12-03,High-Risk Jurisdiction Transfer,5330.68,United Kingdom,Low,AN036,Closed,2024-12-07,4,Closed - False Positive,0.5,N
ALT05567,C00683,2024-12-03,Structuring,9817.45,United Kingdom,Medium,AN036,Closed,2024-12-15,12,Closed - False Positive,1.1,N
ALT00368,C00449,2024-12-03,Rapid Movement of Funds,78419.22,Nigeria,High,AN039,Closed,2024-12-22,19,Escalated to Investigation,10.6,N
ALT03812,C00074,2024-12-03,Unusual Activity vs Profile,41406.55,United Kingdom,High,AN038,Closed,2024-12-13,10,Closed - False Positive,1.1,N
ALT00657,C02417,2024-12-03,High-Risk Jurisdiction Transfer,18570.19,India,Low,AN036,Closed,2024-12-11,8,Closed - False Positive,0.9,N
ALT03673,C01819,2024-12-03,Rapid Movement of Funds,11463.46,United Kingdom,Low,AN036,Closed,2024-12-06,3,Closed - False Positive,0.3,N
ALT00263,C00148,2024-12-03,Dormant Account Reactivation,10091.15,India,Low,AN039,Closed,2024-12-10,7,Closed - False Positive,0.7,N
ALT03976,C02662,2024-12-03,Unusual Activity vs Profile,8682.93,United Kingdom,High,AN035,Closed,2024-12-07,4,Closed - False Positive,1.2,N
ALT01670,C02850,2024-12-03,Round-Amount Transfers,16238.23,United Kingdom,High,AN039,Closed,2024-12-15,12,Closed - False Positive,0.6,N
ALT01673,C00984,2024-12-03,Rapid Movement of Funds,51056.98,UAE,High,AN039,Closed,2024-12-09,6,Closed - False Positive,1.2,N
ALT05174,C01644,2024-12-04,Unusual Activity vs Profile,12678.87,United Kingdom,Low,AN033,Closed,2024-12-09,5,Closed - False Positive,0.6,N
ALT01613,C02839,2024-12-04,Unusual Activity vs Profile,13025.84,United Kingdom,Low,AN038,Closed,2024-12-14,10,Closed - False Positive,1.2,N
ALT00745,C02496,2024-12-04,Rapid Movement of Funds,12522.94,Panama,High,AN040,Closed,2024-12-14,10,Escalated to Investigation,3.1,N
ALT05280,C02974,2024-12-04,Rapid Movement of Funds,5925.71,Germany,High,AN033,Closed,2024-12-07,3,Closed - False Positive,0.5,N
ALT05367,C00357,2024-12-05,Unusual Activity vs Profile,18062.16,United Kingdom,High,AN035,Closed,2024-12-10,5,Closed - False Positive,1.2,N
ALT00336,C02496,2024-12-05,Unusual Activity vs Profile,20733.06,India,High,AN033,Closed,2024-12-24,19,Escalated to Investigation,8.2,N
ALT00700,C01034,2024-12-05,Structuring,7742.59,United Kingdom,Low,AN040,Closed,2024-12-24,19,Closed - False Positive,0.4,N
ALT02401,C00866,2024-12-05,Round-Amount Transfers,12299.37,India,Medium,AN036,Closed,2024-12-12,7,Closed - False Positive,1.0,N
ALT00758,C00126,2024-12-05,Unusual Activity vs Profile,29595.03,UAE,High,AN036,Closed,2024-12-14,9,Closed - False Positive,1.1,N
ALT04561,C01526,2024-12-05,Large Cash Deposit,47108.14,United Kingdom,Low,AN035,Closed,2024-12-13,8,Closed - False Positive,0.4,N
ALT00447,C00302,2024-12-05,Unusual Activity vs Profile,11335.58,Pakistan,Medium,AN039,Closed,2024-12-23,18,Escalated to Investigation,7.9,N
ALT06305,C01186,2024-12-06,High-Risk Jurisdiction Transfer,22931.41,United Kingdom,Low,AN036,Closed,2024-12-11,5,Closed - False Positive,0.7,N
ALT02848,C02875,2024-12-06,Rapid Movement of Funds,17230.58,United Kingdom,Low,AN038,Closed,2024-12-09,3,Closed - False Positive,0.4,N
ALT03694,C02892,2024-12-06,Large Cash Deposit,45690.36,Panama,Medium,AN039,Closed,2024-12-11,5,Closed - False Positive,0.4,N
ALT01015,C00377,2024-12-06,Unusual Activity vs Profile,14971.49,Pakistan,Medium,AN038,Closed,2024-12-25,19,Closed - False Positive,0.4,N
ALT02720,C01580,2024-12-06,Rapid Movement of Funds,9702.52,Hong Kong,Low,AN037,Closed,2024-12-10,4,Closed - False Positive,0.4,N
ALT03703,C02331,2024-12-06,Round-Amount Transfers,8011.34,United Kingdom,Medium,AN036,Closed,2024-12-09,3,Closed - False Positive,0.7,N
ALT06281,C02513,2024-12-06,Unusual Activity vs Profile,31414.95,Panama,Low,AN040,Closed,2024-12-21,15,Closed - False Positive,0.6,N
ALT00869,C00837,2024-12-07,Rapid Movement of Funds,2536.93,United Kingdom,Low,AN040,Closed,2024-12-13,6,Closed - False Positive,0.6,N
ALT01650,C01774,2024-12-07,Rapid Movement of Funds,23669.85,United Kingdom,High,AN040,Closed,2024-12-13,6,Closed - False Positive,0.8,N
ALT06413,C02630,2024-12-07,Rapid Movement of Funds,11476.09,Germany,High,AN040,Closed,2024-12-12,5,Closed - False Positive,0.8,N
ALT00941,C01764,2024-12-07,High-Risk Jurisdiction Transfer,5813.96,United Kingdom,Medium,AN033,Closed,2024-12-13,6,Closed - False Positive,0.5,N
ALT04702,C00715,2024-12-07,High-Risk Jurisdiction Transfer,7550.29,United Kingdom,Medium,AN036,Closed,2024-12-13,6,Closed - False Positive,0.4,N
ALT00342,C01483,2024-12-08,Unusual Activity vs Profile,86960.62,Ireland,High,AN036,Closed,2024-12-15,7,Closed - False Positive,1.1,N
ALT05165,C02496,2024-12-08,Rapid Movement of Funds,19745.17,United Kingdom,High,AN038,Closed,2025-01-02,25,Escalated to Investigation,4.9,N
ALT03983,C00530,2024-12-08,Dormant Account Reactivation,18373.21,United Kingdom,High,AN039,Closed,2024-12-21,13,Closed - False Positive,1.2,N
ALT04651,C01356,2024-12-08,Rapid Movement of Funds,23831.36,United States,Low,AN039,Closed,2024-12-13,5,Closed - False Positive,1.1,N
ALT02894,C00314,2024-12-08,Rapid Movement of Funds,31902.9,United Kingdom,Medium,AN040,Closed,2024-12-20,12,Closed - False Positive,1.0,N
ALT03522,C01591,2024-12-09,High-Risk Jurisdiction Transfer,8271.26,Germany,Low,AN040,Closed,2024-12-12,3,Closed - False Positive,0.9,N
ALT02571,C00486,2024-12-09,Unusual Activity vs Profile,10653.23,United Kingdom,Medium,AN039,Closed,2024-12-16,7,Closed - False Positive,0.8,N
ALT02944,C01048,2024-12-09,Rapid Movement of Funds,24621.08,United Kingdom,Medium,AN035,Closed,2024-12-21,12,Closed - False Positive,0.7,N
ALT01869,C00400,2024-12-09,Structuring,7428.82,United Kingdom,Low,AN033,Closed,2024-12-12,3,Closed - False Positive,0.8,N
ALT00633,C02115,2024-12-09,Rapid Movement of Funds,8876.01,United Kingdom,High,AN039,Closed,2024-12-25,16,Escalated to Investigation,12.9,N
ALT03236,C02652,2024-12-10,Dormant Account Reactivation,17131.77,United Kingdom,Medium,AN034,Closed,2024-12-12,2,Closed - False Positive,0.4,N
ALT04131,C00314,2024-12-10,Rapid Movement of Funds,45548.16,United Kingdom,Low,AN037,Closed,2024-12-27,17,Closed - False Positive,0.7,N
ALT01431,C00026,2024-12-11,High-Risk Jurisdiction Transfer,16043.12,United Kingdom,Low,AN034,Closed,2024-12-13,2,Closed - False Positive,0.5,N
ALT00364,C02118,2024-12-11,Dormant Account Reactivation,38449.64,India,High,AN036,Closed,2025-01-31,51,Escalated to Investigation,3.9,N
ALT04648,C01490,2024-12-11,Dormant Account Reactivation,11501.18,France,Medium,AN040,Closed,2024-12-19,8,Closed - False Positive,1.1,N
ALT02332,C01251,2024-12-11,Round-Amount Transfers,10314.34,United Kingdom,Low,AN037,Closed,2025-01-03,23,SAR Filed,13.7,Y
ALT05674,C02167,2024-12-11,Large Cash Deposit,27993.04,United Kingdom,High,AN037,Closed,2024-12-16,5,Closed - False Positive,1.0,N
ALT05604,C01950,2024-12-11,Structuring,8051.71,United Kingdom,High,AN035,Closed,2024-12-17,6,Closed - False Positive,1.1,N
ALT06272,C00046,2024-12-11,High-Risk Jurisdiction Transfer,39843.8,United Kingdom,Low,AN035,Closed,2024-12-17,6,Closed - False Positive,0.6,N
ALT02590,C02974,2024-12-12,Rapid Movement of Funds,5529.37,United States,High,AN033,Closed,2024-12-16,4,Closed - False Positive,0.6,N
ALT02653,C01690,2024-12-13,High-Risk Jurisdiction Transfer,171463.45,United Kingdom,High,AN037,Closed,2024-12-18,5,Closed - False Positive,0.6,N
ALT02291,C02201,2024-12-13,Dormant Account Reactivation,31507.25,Ireland,High,AN039,Closed,2025-01-29,47,Escalated to Investigation,5.5,N
ALT02875,C00962,2024-12-13,Large Cash Deposit,36461.67,United Kingdom,Low,AN037,Closed,2024-12-23,10,Closed - False Positive,0.6,N
ALT03767,C01721,2024-12-13,Rapid Movement of Funds,7045.22,United Kingdom,Medium,AN036,Closed,2024-12-16,3,Closed - False Positive,0.3,N
ALT02432,C00779,2024-12-14,Unusual Activity vs Profile,6511.86,United States,Low,AN034,Closed,2024-12-18,4,Closed - False Positive,0.4,N
ALT04367,C01292,2024-12-14,Large Cash Deposit,29225.42,United Kingdom,High,AN036,Closed,2024-12-16,2,Closed - False Positive,0.3,N
ALT05285,C02551,2024-12-14,Round-Amount Transfers,18172.83,India,Medium,AN036,Closed,2024-12-15,1,Closed - False Positive,1.2,N
ALT05366,C00975,2024-12-14,Round-Amount Transfers,23995.2,United States,High,AN038,Closed,2025-01-02,19,Escalated to Investigation,6.3,N
ALT03877,C01464,2024-12-14,Round-Amount Transfers,13297.14,United Kingdom,Low,AN040,Closed,2024-12-17,3,Closed - False Positive,0.8,N
ALT05286,C02978,2024-12-15,Rapid Movement of Funds,26875.26,United Kingdom,Medium,AN034,Closed,2024-12-21,6,Closed - False Positive,1.1,N
ALT05880,C00330,2024-12-15,Structuring,8737.92,United Kingdom,High,AN040,Closed,2024-12-17,2,Closed - False Positive,1.1,N
ALT01161,C01314,2024-12-15,High-Risk Jurisdiction Transfer,20058.37,Pakistan,High,AN036,Closed,2024-12-27,12,Closed - False Positive,0.4,N
ALT03788,C02482,2024-12-15,Round-Amount Transfers,13802.28,United Kingdom,High,AN039,Closed,2024-12-25,10,Closed - False Positive,1.0,N
ALT01952,C00037,2024-12-15,Dormant Account Reactivation,50232.31,United Kingdom,High,AN040,Closed,2024-12-17,2,Closed - False Positive,0.5,N
ALT02559,C02600,2024-12-15,High-Risk Jurisdiction Transfer,5203.51,India,High,AN040,Closed,2024-12-18,3,Closed - False Positive,1.1,N
ALT05031,C01874,2024-12-15,Round-Amount Transfers,4688.06,United Kingdom,Medium,AN038,Closed,2024-12-20,5,Closed - False Positive,1.0,N
ALT02136,C02201,2024-12-15,Dormant Account Reactivation,55736.29,United Kingdom,High,AN040,Closed,2024-12-17,2,Closed - False Positive,1.1,N
ALT02108,C00580,2024-12-15,Dormant Account Reactivation,17041.96,United Kingdom,Medium,AN034,Closed,2024-12-29,14,Closed - False Positive,1.1,N
ALT06376,C02481,2024-12-15,Unusual Activity vs Profile,30312.75,United Kingdom,Low,AN039,Closed,2024-12-26,11,Closed - False Positive,1.0,N
ALT00850,C00490,2024-12-16,Structuring,9514.93,United States,Medium,AN036,Closed,2024-12-17,1,Closed - False Positive,0.6,N
ALT03997,C02422,2024-12-16,Large Cash Deposit,27898.06,United Kingdom,Low,AN034,Closed,2024-12-26,10,Closed - False Positive,0.4,N
ALT05149,C02123,2024-12-16,Dormant Account Reactivation,68605.93,United Kingdom,High,AN039,Closed,2024-12-24,8,Closed - False Positive,1.1,N
ALT02035,C02076,2024-12-17,Dormant Account Reactivation,14823.91,United Kingdom,Low,AN034,Closed,2024-12-24,7,Closed - False Positive,0.5,N
ALT01718,C01882,2024-12-17,Large Cash Deposit,24009.37,United Kingdom,Medium,AN035,Closed,2024-12-22,5,Closed - False Positive,1.1,N
ALT01913,C00694,2024-12-17,Structuring,9469.33,UAE,Low,AN037,Closed,2024-12-23,6,Closed - False Positive,0.7,N
ALT06191,C00220,2024-12-17,Dormant Account Reactivation,23321.1,UAE,High,AN037,Closed,2024-12-26,9,Closed - False Positive,1.1,N
ALT03387,C01340,2024-12-17,Unusual Activity vs Profile,6297.35,United Kingdom,Medium,AN040,Closed,2024-12-21,4,Closed - False Positive,1.1,N
ALT01519,C01654,2024-12-18,Large Cash Deposit,58430.23,United Kingdom,High,AN035,Closed,2024-12-29,11,Closed - False Positive,0.4,N
ALT02642,C02435,2024-12-18,Rapid Movement of Funds,12891.89,United Kingdom,High,AN039,Closed,2024-12-24,6,Closed - False Positive,0.8,N
ALT05515,C00792,2024-12-18,Large Cash Deposit,45180.81,United Kingdom,Low,AN038,Closed,2024-12-27,9,Closed - False Positive,1.1,N
ALT00436,C02715,2024-12-18,Rapid Movement of Funds,2325.93,United Kingdom,Medium,AN035,Closed,2025-01-01,14,Closed - False Positive,0.5,N
ALT03771,C02985,2024-12-18,Unusual Activity vs Profile,22126.38,United Kingdom,High,AN035,Closed,2025-01-12,25,Escalated to Investigation,3.7,N
ALT04324,C02446,2024-12-18,Structuring,9895.78,United Kingdom,Medium,AN037,Closed,2024-12-20,2,Closed - False Positive,1.0,N
ALT00217,C02473,2024-12-18,Dormant Account Reactivation,3832.52,UAE,High,AN038,Closed,2025-01-20,33,Escalated to Investigation,7.7,N
ALT00125,C02581,2024-12-19,Structuring,7904.4,United States,High,AN039,Closed,2025-01-04,16,Closed - False Positive,1.1,N
ALT04689,C01562,2024-12-19,Unusual Activity vs Profile,1860.39,UAE,Low,AN035,Closed,2024-12-27,8,Closed - False Positive,0.8,N
ALT04524,C02115,2024-12-19,Rapid Movement of Funds,84762.77,United Kingdom,High,AN036,Closed,2024-12-24,5,Closed - False Positive,0.5,N
ALT04829,C00971,2024-12-19,Unusual Activity vs Profile,59418.44,Germany,High,AN038,Closed,2024-12-24,5,Closed - False Positive,0.6,N
ALT00321,C00729,2024-12-20,Structuring,9739.53,India,High,AN040,Closed,2025-01-08,19,Closed - False Positive,0.4,N
ALT03612,C01236,2024-12-20,Round-Amount Transfers,1463.73,United Kingdom,High,AN040,Closed,2024-12-24,4,Closed - False Positive,1.0,N
ALT01027,C01744,2024-12-20,Structuring,8690.33,United Kingdom,Medium,AN035,Closed,2024-12-26,6,Closed - False Positive,0.4,N
ALT05878,C00547,2024-12-21,Rapid Movement of Funds,21909.33,Panama,Medium,AN039,Closed,2024-12-23,2,Closed - False Positive,1.2,N
ALT04687,C00513,2024-12-21,Large Cash Deposit,25071.4,India,High,AN034,Closed,2025-01-07,17,Closed - False Positive,0.4,N
ALT03951,C01950,2024-12-21,High-Risk Jurisdiction Transfer,14580.15,United Kingdom,High,AN037,Closed,2024-12-27,6,Closed - False Positive,0.8,N
ALT03831,C02678,2024-12-21,Large Cash Deposit,15590.53,United Kingdom,Low,AN038,Closed,2025-01-17,27,Escalated to Investigation,9.6,N
ALT01672,C02991,2024-12-21,High-Risk Jurisdiction Transfer,118860.72,France,High,AN033,Closed,2024-12-27,6,Closed - False Positive,0.4,N
ALT01962,C00860,2024-12-21,Unusual Activity vs Profile,19122.63,Germany,Medium,AN040,Closed,2024-12-25,4,Escalated to Investigation,7.2,N
ALT02246,C00222,2024-12-22,Rapid Movement of Funds,35550.98,Ireland,Medium,AN037,Closed,2024-12-26,4,Closed - False Positive,0.4,N
ALT05836,C02711,2024-12-22,Structuring,7086.33,United States,Medium,AN040,Closed,2024-12-23,1,Closed - False Positive,0.5,N
ALT01562,C02118,2024-12-22,Dormant Account Reactivation,23851.11,Nigeria,High,AN038,Closed,2024-12-29,7,Closed - False Positive,0.6,N
ALT02908,C00609,2024-12-22,High-Risk Jurisdiction Transfer,7901.36,United Kingdom,Low,AN033,Closed,2024-12-30,8,Closed - False Positive,0.4,N
ALT00400,C02692,2024-12-22,Structuring,7871.79,United Kingdom,Medium,AN036,Closed,2024-12-27,5,Closed - False Positive,0.3,N
ALT04986,C02972,2024-12-22,Round-Amount Transfers,13573.87,Panama,High,AN034,Closed,2024-12-30,8,Closed - False Positive,0.7,N
ALT00361,C00492,2024-12-22,Dormant Account Reactivation,9856.42,UAE,Low,AN039,Closed,2024-12-29,7,Closed - False Positive,0.9,N
ALT02840,C02618,2024-12-23,Unusual Activity vs Profile,6144.21,United Kingdom,Low,AN039,Closed,2024-12-24,1,Closed - False Positive,0.6,N
ALT01379,C00074,2024-12-23,Rapid Movement of Funds,5825.16,United Kingdom,High,AN037,Closed,2024-12-24,1,Closed - False Positive,0.6,N
ALT02353,C01896,2024-12-23,Rapid Movement of Funds,1509.84,Germany,High,AN036,Closed,2024-12-28,5,Closed - False Positive,0.3,N
ALT02121,C00051,2024-12-23,Large Cash Deposit,42627.97,United Kingdom,High,AN036,Closed,2024-12-30,7,Closed - False Positive,0.7,N
ALT01651,C00598,2024-12-23,Structuring,9128.23,Germany,Medium,AN037,Closed,2024-12-27,4,Closed - False Positive,1.0,N
ALT05694,C02844,2024-12-23,Large Cash Deposit,19990.01,India,Medium,AN036,Closed,2025-01-02,10,Closed - False Positive,0.7,N
ALT04692,C00678,2024-12-23,Unusual Activity vs Profile,26774.52,United Kingdom,Low,AN039,Closed,2024-12-30,7,Closed - False Positive,0.4,N
ALT02096,C00758,2024-12-24,Rapid Movement of Funds,20077.21,UAE,Medium,AN033,Closed,2024-12-31,7,Closed - False Positive,0.8,N
ALT01398,C01810,2024-12-24,Unusual Activity vs Profile,7929.49,United Kingdom,Medium,AN036,Closed,2024-12-28,4,Closed - False Positive,0.8,N
ALT01871,C00520,2024-12-24,Large Cash Deposit,22943.41,United Kingdom,Medium,AN039,Closed,2024-12-29,5,Closed - False Positive,0.5,N
ALT01288,C00126,2024-12-25,Unusual Activity vs Profile,1552.77,United Kingdom,High,AN038,Closed,2024-12-28,3,Closed - False Positive,0.5,N
ALT03223,C02621,2024-12-26,Large Cash Deposit,53313.16,United Kingdom,High,AN033,Closed,2025-01-22,27,Closed - False Positive,0.9,N
ALT04440,C00707,2024-12-26,High-Risk Jurisdiction Transfer,25181.52,United Kingdom,Low,AN039,Closed,2024-12-31,5,Closed - False Positive,0.8,N
ALT00990,C00853,2024-12-26,Large Cash Deposit,38940.3,United Kingdom,Low,AN037,Closed,2024-12-28,2,Closed - False Positive,0.7,N
ALT04163,C02256,2024-12-26,Dormant Account Reactivation,22541.15,United Kingdom,High,AN040,Closed,2025-01-08,13,Escalated to Investigation,9.2,N
ALT05180,C01297,2024-12-26,Large Cash Deposit,36503.8,Hong Kong,Medium,AN039,Closed,2024-12-27,1,Closed - False Positive,0.8,N
ALT01530,C00627,2024-12-26,Structuring,9104.17,United Kingdom,Medium,AN037,Closed,2025-01-01,6,Closed - False Positive,1.1,N
ALT03330,C00745,2024-12-26,Rapid Movement of Funds,89120.19,Nigeria,High,AN036,Closed,2025-01-09,14,Closed - False Positive,0.8,N
ALT02490,C00688,2024-12-27,Structuring,7334.36,Pakistan,Medium,AN037,Closed,2024-12-29,2,Closed - False Positive,0.5,N
ALT05618,C02734,2024-12-27,Rapid Movement of Funds,43825.83,United Kingdom,Low,AN037,Closed,2025-01-10,14,Closed - False Positive,1.1,N
ALT00719,C00984,2024-12-27,Dormant Account Reactivation,6970.6,United Kingdom,High,AN033,Closed,2024-12-30,3,Closed - False Positive,1.1,N
ALT03463,C00074,2024-12-27,Unusual Activity vs Profile,21162.66,Germany,High,AN037,Closed,2024-12-29,2,Closed - False Positive,0.4,N
ALT03470,C01993,2024-12-27,Unusual Activity vs Profile,142883.37,United Kingdom,High,AN033,Closed,2024-12-31,4,Closed - False Positive,1.1,N
ALT02742,C01321,2024-12-27,Large Cash Deposit,23891.07,Hong Kong,Medium,AN034,Closed,2025-01-19,23,Escalated to Investigation,12.3,N
ALT01958,C00961,2024-12-27,Round-Amount Transfers,18792.82,United Kingdom,Low,AN039,Closed,2025-01-02,6,Closed - False Positive,0.5,N
ALT01964,C00107,2024-12-27,High-Risk Jurisdiction Transfer,20334.71,India,Medium,AN035,Closed,2024-12-29,2,Closed - False Positive,0.9,N
ALT06138,C01819,2024-12-28,Round-Amount Transfers,11366.56,United Kingdom,Low,AN033,Closed,2025-01-06,9,Closed - False Positive,0.4,N
ALT03045,C01162,2024-12-28,Structuring,8388.15,United Kingdom,Medium,AN033,Closed,2025-01-09,12,Closed - False Positive,0.6,N
ALT00788,C01255,2024-12-28,High-Risk Jurisdiction Transfer,7932.0,United Kingdom,Medium,AN040,Closed,2024-12-30,2,Closed - False Positive,1.1,N
ALT00456,C02115,2024-12-28,Unusual Activity vs Profile,4361.18,United Kingdom,High,AN033,Closed,2025-01-08,11,Closed - False Positive,0.9,N
ALT05684,C02630,2024-12-28,Structuring,7541.33,Nigeria,High,AN036,Closed,2025-01-05,8,Closed - False Positive,0.4,N
ALT02738,C00579,2024-12-28,Rapid Movement of Funds,35088.59,United Kingdom,Medium,AN033,Closed,2025-01-01,4,Closed - False Positive,0.9,N
ALT01806,C02556,2024-12-28,Round-Amount Transfers,4094.81,United Kingdom,High,AN037,Closed,2025-01-09,12,Closed - False Positive,0.6,N
ALT04083,C00585,2024-12-29,Rapid Movement of Funds,25873.39,United Kingdom,Medium,AN036,Closed,2025-01-05,7,Closed - False Positive,1.0,N
ALT03071,C01236,2024-12-29,Round-Amount Transfers,65166.55,United Kingdom,High,AN036,Closed,2024-12-31,2,Closed - False Positive,0.9,N
ALT03964,C00564,2024-12-29,Structuring,8395.34,Panama,Low,AN037,Closed,2025-01-04,6,Closed - False Positive,0.9,N
ALT00284,C00119,2024-12-29,Round-Amount Transfers,46509.08,United Kingdom,High,AN037,Closed,2025-01-16,18,Closed - False Positive,0.8,N
ALT05491,C00225,2024-12-29,Unusual Activity vs Profile,11342.12,United Kingdom,Low,AN040,Closed,2025-01-02,4,Closed - False Positive,1.1,N
ALT02335,C02630,2024-12-30,Large Cash Deposit,32104.96,United Kingdom,High,AN037,Closed,2025-01-22,23,SAR Filed,10.3,Y
ALT03064,C00974,2024-12-30,Round-Amount Transfers,10900.78,Germany,Medium,AN034,Closed,2025-01-02,3,Closed - False Positive,0.5,N
ALT04552,C01732,2024-12-30,Large Cash Deposit,56738.49,United Kingdom,High,AN038,Closed,2025-01-04,5,Closed - False Positive,0.7,N
ALT00602,C00690,2024-12-30,Unusual Activity vs Profile,6676.14,United States,Low,AN035,Closed,2025-01-19,20,Closed - False Positive,0.7,N
ALT05085,C00256,2024-12-31,Large Cash Deposit,21388.08,Pakistan,Low,AN034,Closed,2025-01-31,31,Escalated to Investigation,3.8,N
ALT00261,C02948,2024-12-31,Unusual Activity vs Profile,6048.83,United Kingdom,Medium,AN039,Closed,2025-01-04,4,Closed - False Positive,0.4,N
ALT04679,C00290,2024-12-31,Rapid Movement of Funds,38610.6,United Kingdom,Low,AN036,Closed,2025-01-02,2,Closed - False Positive,0.5,N
ALT02530,C00080,2024-12-31,Large Cash Deposit,58658.89,Germany,High,AN035,Closed,2025-01-11,11,Closed - False Positive,0.5,N
ALT03346,C01477,2024-12-31,Rapid Movement of Funds,897.2,United Kingdom,Medium,AN037,Closed,2025-01-08,8,Closed - False Positive,0.9,N
ALT00544,C00217,2024-12-31,Rapid Movement of Funds,31592.61,United Kingdom,Medium,AN038,Closed,2025-01-07,7,Closed - False Positive,0.7,N
ALT01281,C02167,2025-01-01,Round-Amount Transfers,891.59,United Kingdom,High,AN037,Closed,2025-01-03,2,Closed - False Positive,0.9,N
ALT01982,C02102,2025-01-01,Unusual Activity vs Profile,59295.19,Ireland,High,AN039,Closed,2025-01-16,15,Closed - False Positive,1.0,N
ALT05544,C00526,2025-01-01,High-Risk Jurisdiction Transfer,96927.36,Nigeria,High,AN035,Closed,2025-01-06,5,Closed - False Positive,1.1,N
ALT00518,C02600,2025-01-01,Round-Amount Transfers,16705.84,United Kingdom,High,AN040,Closed,2025-01-11,10,Closed - False Positive,0.8,N
ALT05154,C00332,2025-01-01,Rapid Movement of Funds,33788.14,France,High,AN040,Closed,2025-01-08,7,Closed - False Positive,0.7,N
ALT03176,C01456,2025-01-01,Structuring,8814.67,Ireland,High,AN037,Closed,2025-02-05,35,Escalated to Investigation,11.1,N
ALT05562,C02622,2025-01-01,Rapid Movement of Funds,17374.35,Panama,Low,AN033,Closed,2025-01-28,27,SAR Filed,10.3,Y
ALT01887,C00851,2025-01-01,Structuring,9508.58,United Kingdom,Medium,AN039,Closed,2025-01-07,6,Closed - False Positive,0.9,N
ALT05742,C02090,2025-01-01,Large Cash Deposit,32784.34,UAE,Medium,AN035,Closed,2025-01-06,5,Closed - False Positive,0.3,N
ALT00944,C01633,2025-01-02,Large Cash Deposit,47054.51,United Kingdom,Low,AN033,Closed,2025-01-03,1,Closed - False Positive,0.6,N
ALT03012,C01625,2025-01-02,Rapid Movement of Funds,18522.22,Germany,Low,AN039,Closed,2025-01-04,2,Closed - False Positive,0.6,N
ALT03625,C00480,2025-01-02,Unusual Activity vs Profile,13349.26,United Kingdom,Medium,AN035,Closed,2025-01-11,9,Closed - False Positive,0.6,N
ALT03855,C00931,2025-01-02,Large Cash Deposit,43657.67,Pakistan,Low,AN034,Closed,2025-01-08,6,Closed - False Positive,1.0,N
ALT01590,C01220,2025-01-02,Rapid Movement of Funds,35585.84,United Kingdom,Low,AN033,Closed,2025-01-06,4,Closed - False Positive,0.6,N
ALT05254,C02731,2025-01-02,Dormant Account Reactivation,7692.06,United Kingdom,Low,AN037,Closed,2025-01-14,12,Closed - False Positive,0.6,N
ALT04513,C02384,2025-01-02,Unusual Activity vs Profile,6569.17,United States,Medium,AN034,Closed,2025-01-28,26,Escalated to Investigation,8.0,N
ALT02203,C00220,2025-01-02,Unusual Activity vs Profile,35675.49,Pakistan,High,AN034,Closed,2025-01-10,8,Closed - False Positive,0.5,N
ALT05261,C01472,2025-01-02,Rapid Movement of Funds,66070.76,United Kingdom,High,AN037,Closed,2025-01-09,7,Closed - False Positive,0.9,N
ALT00382,C00856,2025-01-02,Unusual Activity vs Profile,2389.78,United Kingdom,High,AN033,Closed,2025-01-13,11,Closed - False Positive,1.2,N
ALT00118,C00703,2025-01-02,Unusual Activity vs Profile,23317.82,India,Low,AN036,Closed,2025-01-21,19,SAR Filed,11.6,Y
ALT01493,C01756,2025-01-02,High-Risk Jurisdiction Transfer,98308.68,Germany,High,AN033,Closed,2025-01-03,1,Closed - False Positive,0.4,N
ALT03609,C00884,2025-01-03,Rapid Movement of Funds,37736.73,United Kingdom,Medium,AN036,Closed,2025-01-09,6,Closed - False Positive,0.5,N
ALT06082,C02385,2025-01-03,Unusual Activity vs Profile,4077.15,United Kingdom,High,AN033,Closed,2025-02-19,47,Escalated to Investigation,8.7,N
ALT04726,C00739,2025-01-03,Structuring,9163.55,United Kingdom,Low,AN033,Closed,2025-01-07,4,Closed - False Positive,0.8,N
ALT02893,C02914,2025-01-03,Large Cash Deposit,31629.15,United Kingdom,Medium,AN038,Closed,2025-01-09,6,Closed - False Positive,0.6,N
ALT01756,C00337,2025-01-03,Unusual Activity vs Profile,13560.91,Ireland,Low,AN040,Closed,2025-01-11,8,Closed - False Positive,0.8,N
ALT06450,C01790,2025-01-03,Large Cash Deposit,50262.61,Nigeria,High,AN037,Closed,2025-01-12,9,Closed - False Positive,0.9,N
ALT00703,C00474,2025-01-03,High-Risk Jurisdiction Transfer,13664.29,United Kingdom,Low,AN038,Closed,2025-01-08,5,Closed - False Positive,0.6,N
ALT03208,C02422,2025-01-04,High-Risk Jurisdiction Transfer,3521.39,Germany,Low,AN038,Closed,2025-01-07,3,Closed - False Positive,1.1,N
ALT06383,C02347,2025-01-04,High-Risk Jurisdiction Transfer,305895.4,Pakistan,High,AN035,Closed,2025-01-08,4,Closed - False Positive,0.5,N
ALT03035,C00080,2025-01-04,Large Cash Deposit,19033.72,Cyprus,High,AN033,Closed,2025-01-07,3,Closed - False Positive,0.6,N
ALT03157,C01167,2025-01-05,Dormant Account Reactivation,7871.52,Cyprus,Low,AN035,Closed,2025-01-07,2,Closed - False Positive,1.2,N
ALT03532,C00206,2025-01-05,Rapid Movement of Funds,21629.6,United States,High,AN039,Closed,2025-01-17,12,Closed - False Positive,0.5,N
ALT02129,C02630,2025-01-05,Large Cash Deposit,44560.65,Pakistan,High,AN039,Closed,2025-01-10,5,Closed - False Positive,0.9,N
ALT01461,C00984,2025-01-05,High-Risk Jurisdiction Transfer,5793.79,Nigeria,High,AN033,Closed,2025-01-08,3,Closed - False Positive,1.2,N
ALT01216,C02210,2025-01-05,Dormant Account Reactivation,25968.75,United Kingdom,High,AN034,Closed,2025-01-09,4,Closed - False Positive,0.8,N
ALT00287,C02215,2025-01-05,Unusual Activity vs Profile,49442.95,India,Low,AN033,Closed,2025-01-08,3,Closed - False Positive,0.7,N
ALT04306,C00724,2025-01-05,Structuring,7661.04,Nigeria,Medium,AN039,Closed,2025-01-08,3,Closed - False Positive,1.1,N
ALT06009,C00016,2025-01-05,Unusual Activity vs Profile,30606.27,United Kingdom,Medium,AN039,Closed,2025-01-14,9,Closed - False Positive,0.5,N
ALT01698,C00863,2025-01-05,High-Risk Jurisdiction Transfer,75212.67,United Kingdom,High,AN035,Closed,2025-01-07,2,Closed - False Positive,0.4,N
ALT01707,C00985,2025-01-05,Structuring,9755.3,United Kingdom,High,AN039,Closed,2025-02-05,31,SAR Filed,7.8,Y
ALT02608,C00895,2025-01-06,Round-Amount Transfers,60291.35,United Kingdom,High,AN037,Closed,2025-01-09,3,Closed - False Positive,0.9,N
ALT04881,C00482,2025-01-06,Large Cash Deposit,31514.58,United Kingdom,Medium,AN038,Closed,2025-01-11,5,Closed - False Positive,1.0,N
ALT05307,C02200,2025-01-06,Structuring,7809.7,United Kingdom,High,AN033,Closed,2025-01-16,10,Closed - False Positive,0.5,N
ALT01870,C00206,2025-01-06,Large Cash Deposit,30126.5,United Kingdom,High,AN038,Closed,2025-02-09,34,SAR Filed,4.9,Y
ALT02157,C01036,2025-01-06,Large Cash Deposit,20606.01,India,Medium,AN033,Closed,2025-02-09,34,SAR Filed,9.3,Y
ALT00017,C00655,2025-01-06,High-Risk Jurisdiction Transfer,8235.15,United Kingdom,Low,AN040,Closed,2025-01-10,4,Closed - False Positive,1.2,N
ALT00020,C00071,2025-01-06,Rapid Movement of Funds,8139.64,United Kingdom,Medium,AN037,Closed,2025-01-08,2,Closed - False Positive,1.0,N
ALT01130,C02476,2025-01-07,Round-Amount Transfers,6313.41,United Kingdom,Medium,AN034,Closed,2025-01-10,3,Closed - False Positive,0.5,N
ALT01112,C00395,2025-01-07,Rapid Movement of Funds,6012.78,United Kingdom,Medium,AN033,Closed,2025-01-16,9,Closed - False Positive,0.8,N
ALT00226,C01414,2025-01-07,Large Cash Deposit,33846.93,United Kingdom,Medium,AN035,Closed,2025-01-14,7,Closed - False Positive,0.8,N
ALT05272,C01995,2025-01-07,Large Cash Deposit,45867.88,United Kingdom,High,AN038,Closed,2025-01-18,11,Closed - False Positive,0.7,N
ALT02094,C00094,2025-01-07,Round-Amount Transfers,34738.85,United Kingdom,Low,AN038,Closed,2025-01-12,5,Closed - False Positive,0.7,N
ALT06158,C00114,2025-01-07,Unusual Activity vs Profile,22305.87,United Kingdom,Low,AN040,Closed,2025-01-17,10,Closed - False Positive,0.5,N
ALT01942,C00142,2025-01-07,Large Cash Deposit,26508.08,United States,Medium,AN034,Closed,2025-01-11,4,Closed - False Positive,0.9,N
ALT05359,C02123,2025-01-08,Structuring,7794.04,United Kingdom,Medium,AN038,Closed,2025-01-17,9,Closed - False Positive,0.9,N
ALT05921,C01862,2025-01-08,Rapid Movement of Funds,4573.16,United Kingdom,Low,AN039,Closed,2025-01-20,12,Closed - False Positive,1.0,N
ALT00574,C00850,2025-01-08,Structuring,7713.47,United Kingdom,Medium,AN040,Closed,2025-01-12,4,Closed - False Positive,0.7,N
ALT04392,C01096,2025-01-08,Unusual Activity vs Profile,10961.85,UAE,Medium,AN037,Closed,2025-01-14,6,Closed - False Positive,0.6,N
ALT00963,C02082,2025-01-09,Dormant Account Reactivation,6907.94,United States,High,AN035,Closed,2025-01-19,10,Closed - False Positive,1.1,N
ALT05962,C00088,2025-01-09,Large Cash Deposit,37130.79,United States,Low,AN040,Closed,2025-01-12,3,Closed - False Positive,0.3,N
ALT02479,C01989,2025-01-09,High-Risk Jurisdiction Transfer,3995.93,United Kingdom,High,AN039,Closed,2025-01-14,5,Closed - False Positive,0.8,N
ALT03715,C00549,2025-01-09,Unusual Activity vs Profile,2381.95,United Kingdom,Medium,AN035,Closed,2025-01-14,5,Closed - False Positive,0.4,N
ALT02062,C01225,2025-01-09,Large Cash Deposit,36035.0,Germany,Low,AN038,Closed,2025-01-13,4,Closed - False Positive,0.4,N
ALT04972,C00966,2025-01-09,Rapid Movement of Funds,11860.41,United Kingdom,Low,AN038,Closed,2025-01-15,6,Closed - False Positive,0.6,N
ALT01850,C01763,2025-01-09,Structuring,8732.02,United Kingdom,Low,AN033,Closed,2025-01-14,5,Closed - False Positive,0.7,N
ALT04862,C02630,2025-01-09,Structuring,8655.79,Russia,High,AN036,Closed,2025-01-14,5,Closed - False Positive,0.5,N
ALT03946,C01896,2025-01-09,Round-Amount Transfers,241835.7,United Kingdom,High,AN040,Closed,2025-01-24,15,Escalated to Investigation,12.4,N
ALT02340,C01258,2025-01-10,High-Risk Jurisdiction Transfer,2879.17,United Kingdom,Medium,AN040,Closed,2025-01-19,9,Closed - False Positive,0.5,N
ALT03911,C00074,2025-01-10,Unusual Activity vs Profile,1897.45,Pakistan,High,AN034,Closed,2025-01-17,7,Closed - False Positive,0.6,N
ALT00860,C01325,2025-01-10,Round-Amount Transfers,17716.96,Germany,Medium,AN037,Closed,2025-01-13,3,Closed - False Positive,0.9,N
ALT00116,C02831,2025-01-10,Unusual Activity vs Profile,21029.03,United States,Low,AN035,Closed,2025-01-15,5,Closed - False Positive,0.9,N
ALT04762,C00247,2025-01-10,Rapid Movement of Funds,4987.03,Ireland,Low,AN036,Closed,2025-01-11,1,Closed - False Positive,0.6,N
ALT02628,C00082,2025-01-10,High-Risk Jurisdiction Transfer,15284.0,France,High,AN039,Closed,2025-01-11,1,Closed - False Positive,1.0,N
ALT03179,C00342,2025-01-10,Unusual Activity vs Profile,31160.14,United Kingdom,Low,AN035,Closed,2025-01-14,4,Closed - False Positive,1.0,N
ALT02487,C00059,2025-01-11,Rapid Movement of Funds,20653.32,United Kingdom,Low,AN040,Closed,2025-01-14,3,Closed - False Positive,0.7,N
ALT05310,C00907,2025-01-11,Round-Amount Transfers,61496.85,United Kingdom,High,AN035,Closed,2025-01-14,3,Closed - False Positive,1.1,N
ALT00053,C01920,2025-01-11,Rapid Movement of Funds,11464.16,Russia,Medium,AN033,Closed,2025-01-18,7,Closed - False Positive,0.7,N
ALT03354,C00332,2025-01-11,High-Risk Jurisdiction Transfer,6189.94,United Kingdom,High,AN037,Closed,2025-01-22,11,Closed - False Positive,1.2,N
ALT01197,C02004,2025-01-11,Round-Amount Transfers,4136.04,United Kingdom,High,AN040,Closed,2025-01-19,8,Closed - False Positive,1.1,N
ALT05681,C00283,2025-01-11,Large Cash Deposit,22145.55,United Kingdom,Medium,AN036,Closed,2025-01-17,6,Closed - False Positive,0.5,N
ALT01783,C02496,2025-01-11,Round-Amount Transfers,117495.23,India,High,AN040,Closed,2025-01-22,11,Closed - False Positive,0.3,N
ALT04144,C01581,2025-01-12,Rapid Movement of Funds,33585.84,United Kingdom,High,AN040,Closed,2025-02-18,37,SAR Filed,7.8,Y
ALT01364,C00700,2025-01-12,Structuring,8259.72,United Kingdom,High,AN037,Closed,2025-01-18,6,Closed - False Positive,0.7,N
ALT03086,C02296,2025-01-12,High-Risk Jurisdiction Transfer,17600.71,Ireland,Medium,AN036,Closed,2025-01-19,7,Closed - False Positive,1.1,N
ALT04496,C00872,2025-01-12,Unusual Activity vs Profile,60249.98,United Kingdom,High,AN033,Closed,2025-01-14,2,Closed - False Positive,0.6,N
ALT04101,C00556,2025-01-12,Rapid Movement of Funds,598.84,United Kingdom,Low,AN034,Closed,2025-01-21,9,Closed - False Positive,1.2,N
ALT04709,C00907,2025-01-12,Rapid Movement of Funds,9786.04,United Kingdom,High,AN035,Closed,2025-03-02,49,Escalated to Investigation,6.4,N
ALT00353,C01561,2025-01-12,Rapid Movement of Funds,37325.32,Ireland,Low,AN040,Closed,2025-01-14,2,Closed - False Positive,0.5,N
ALT03688,C02118,2025-01-12,Large Cash Deposit,20854.32,United Kingdom,High,AN033,Closed,2025-01-17,5,Closed - False Positive,1.1,N
ALT04573,C01590,2025-01-13,Unusual Activity vs Profile,34789.74,United Kingdom,Low,AN034,Closed,2025-01-17,4,Closed - False Positive,0.6,N
ALT01857,C00275,2025-01-14,Rapid Movement of Funds,71292.68,United Kingdom,High,AN036,Closed,2025-01-18,4,Closed - False Positive,1.0,N
ALT03074,C00115,2025-01-14,Large Cash Deposit,44451.01,United Kingdom,High,AN038,Closed,2025-01-26,12,Closed - False Positive,1.0,N
ALT04754,C01252,2025-01-14,Rapid Movement of Funds,13475.08,United Kingdom,High,AN035,Closed,2025-01-18,4,Closed - False Positive,0.9,N
ALT04425,C02263,2025-01-14,Unusual Activity vs Profile,22819.21,United Kingdom,Medium,AN040,Closed,2025-02-09,26,SAR Filed,13.9,Y
ALT05640,C02701,2025-01-15,Rapid Movement of Funds,27743.87,United Kingdom,High,AN040,Closed,2025-01-24,9,Closed - False Positive,0.8,N
ALT01305,C02630,2025-01-15,Round-Amount Transfers,14856.6,United Kingdom,High,AN036,Closed,2025-01-26,11,Closed - False Positive,0.7,N
ALT04937,C02167,2025-01-16,Dormant Account Reactivation,3955.22,United Kingdom,High,AN037,Closed,2025-01-30,14,SAR Filed,13.8,Y
ALT00732,C02999,2025-01-16,High-Risk Jurisdiction Transfer,20616.95,UAE,Low,AN040,Closed,2025-01-21,5,Closed - False Positive,1.2,N
ALT01996,C01365,2025-01-16,High-Risk Jurisdiction Transfer,4963.26,United Kingdom,Medium,AN040,Closed,2025-01-20,4,Closed - False Positive,1.0,N
ALT02542,C00367,2025-01-16,Structuring,9486.75,United Kingdom,Low,AN039,Closed,2025-01-27,11,Closed - False Positive,0.7,N
ALT00233,C02373,2025-01-16,Unusual Activity vs Profile,3522.97,United Kingdom,High,AN033,Closed,2025-01-22,6,Closed - False Positive,0.8,N
ALT00363,C02444,2025-01-16,Dormant Account Reactivation,12695.0,United Kingdom,Low,AN035,Closed,2025-01-18,2,Closed - False Positive,0.7,N
ALT00122,C01744,2025-01-17,Unusual Activity vs Profile,11198.67,United Kingdom,Medium,AN038,Closed,2025-01-22,5,Closed - False Positive,0.7,N
ALT00826,C01207,2025-01-17,High-Risk Jurisdiction Transfer,28341.58,United States,Low,AN035,Closed,2025-01-21,4,Closed - False Positive,1.0,N
ALT02923,C01818,2025-01-17,High-Risk Jurisdiction Transfer,28317.73,United States,Low,AN040,Closed,2025-01-23,6,Closed - False Positive,0.9,N
ALT02942,C02693,2025-01-17,High-Risk Jurisdiction Transfer,30072.02,United Kingdom,Medium,AN037,Closed,2025-01-18,1,Closed - False Positive,1.2,N
ALT04945,C01553,2025-01-17,Large Cash Deposit,46009.78,Panama,Medium,AN036,Closed,2025-01-29,12,Closed - False Positive,0.8,N
ALT04866,C02516,2025-01-17,Large Cash Deposit,50248.32,United Kingdom,High,AN037,Closed,2025-01-26,9,Closed - False Positive,0.7,N
ALT02968,C02403,2025-01-17,Structuring,8957.11,Ireland,Medium,AN034,Closed,2025-02-01,15,Closed - False Positive,0.4,N
ALT05903,C01699,2025-01-17,Rapid Movement of Funds,7929.93,Panama,Low,AN034,Closed,2025-02-06,20,Closed - False Positive,0.9,N
ALT01102,C00051,2025-01-18,Rapid Movement of Funds,9104.97,United Kingdom,High,AN036,Closed,2025-01-27,9,Closed - False Positive,0.5,N
ALT05585,C00205,2025-01-18,Rapid Movement of Funds,37941.93,India,Low,AN033,Closed,2025-01-22,4,Closed - False Positive,0.3,N
ALT03098,C02155,2025-01-18,Round-Amount Transfers,957.47,Germany,High,AN040,Closed,2025-01-21,3,Closed - False Positive,0.7,N
ALT04737,C02049,2025-01-18,Rapid Movement of Funds,4121.66,United Kingdom,High,AN039,Closed,2025-01-24,6,Closed - False Positive,0.8,N
ALT02736,C02504,2025-01-18,Rapid Movement of Funds,6586.37,Panama,Medium,AN035,Closed,2025-01-31,13,Closed - False Positive,1.2,N
ALT03962,C02727,2025-01-18,Unusual Activity vs Profile,6959.29,United Kingdom,Low,AN033,Closed,2025-01-22,4,Closed - False Positive,0.5,N
ALT03599,C01392,2025-01-19,Round-Amount Transfers,4053.57,United Kingdom,Medium,AN040,Closed,2025-01-24,5,Closed - False Positive,0.4,N
ALT04309,C02934,2025-01-19,Round-Amount Transfers,3107.4,United States,High,AN039,Closed,2025-01-27,8,Closed - False Positive,0.7,N
ALT00529,C02788,2025-01-19,Rapid Movement of Funds,14023.37,United Kingdom,High,AN039,Closed,2025-01-29,10,Closed - False Positive,0.3,N
ALT02505,C01456,2025-01-19,Round-Amount Transfers,8662.29,United Kingdom,High,AN040,Closed,2025-03-09,49,SAR Filed,3.8,Y
ALT04900,C01723,2025-01-19,Dormant Account Reactivation,7116.4,Pakistan,Low,AN038,Closed,2025-01-29,10,Closed - False Positive,0.7,N
ALT02026,C00126,2025-01-19,Rapid Movement of Funds,23065.7,United Kingdom,High,AN034,Closed,2025-01-29,10,Closed - False Positive,0.6,N
ALT02351,C00648,2025-01-19,Structuring,9761.12,United Kingdom,Low,AN037,Closed,2025-01-27,8,Closed - False Positive,0.9,N
ALT04566,C02741,2025-01-19,High-Risk Jurisdiction Transfer,5039.37,United Kingdom,Low,AN039,Closed,2025-01-29,10,Closed - False Positive,0.3,N
ALT03146,C00848,2025-01-20,High-Risk Jurisdiction Transfer,20958.58,United Kingdom,High,AN035,Closed,2025-02-04,15,Escalated to Investigation,7.9,N
ALT04557,C02944,2025-01-20,Unusual Activity vs Profile,30939.43,United Kingdom,Low,AN040,Closed,2025-01-27,7,Closed - False Positive,1.1,N
ALT03709,C01364,2025-01-20,Large Cash Deposit,19384.22,United Kingdom,Medium,AN034,Closed,2025-01-22,2,Closed - False Positive,1.2,N
ALT04310,C02788,2025-01-20,High-Risk Jurisdiction Transfer,20397.18,Hong Kong,High,AN038,Closed,2025-01-25,5,Closed - False Positive,0.6,N
ALT03823,C00907,2025-01-20,Round-Amount Transfers,27001.55,United Kingdom,High,AN036,Closed,2025-02-01,12,Closed - False Positive,0.3,N
ALT02576,C02271,2025-01-21,Dormant Account Reactivation,28971.99,Panama,Medium,AN033,Closed,2025-02-01,11,Closed - False Positive,0.8,N
ALT01396,C02158,2025-01-21,Structuring,7831.32,India,Medium,AN040,Closed,2025-01-28,7,Closed - False Positive,0.4,N
ALT01464,C00294,2025-01-21,Structuring,7542.52,United Kingdom,Medium,AN040,Closed,2025-01-25,4,Closed - False Positive,0.4,N
ALT04564,C02049,2025-01-21,Large Cash Deposit,22747.24,United Kingdom,High,AN040,Closed,2025-01-26,5,Closed - False Positive,0.4,N
ALT02587,C02953,2025-01-21,Unusual Activity vs Profile,9804.82,United Kingdom,Medium,AN040,Closed,2025-01-31,10,Closed - False Positive,1.0,N
ALT03430,C02460,2025-01-21,Unusual Activity vs Profile,11090.45,United Kingdom,Medium,AN035,Closed,2025-01-30,9,Closed - False Positive,0.9,N
ALT00888,C00445,2025-01-21,Large Cash Deposit,22752.82,United Kingdom,Low,AN037,Closed,2025-02-01,11,Closed - False Positive,1.0,N
ALT01135,C02295,2025-01-22,Large Cash Deposit,49973.2,India,Medium,AN036,Closed,2025-01-25,3,Closed - False Positive,1.1,N
ALT04636,C00163,2025-01-22,Rapid Movement of Funds,2856.33,United Kingdom,Medium,AN039,Closed,2025-02-01,10,Closed - False Positive,0.6,N
ALT01720,C01492,2025-01-22,Large Cash Deposit,56081.96,United States,High,AN037,Closed,2025-02-10,19,Escalated to Investigation,6.3,N
ALT01177,C02090,2025-01-22,Unusual Activity vs Profile,13126.02,United Kingdom,Medium,AN034,Closed,2025-01-24,2,Closed - False Positive,0.7,N
ALT03903,C02584,2025-01-23,Round-Amount Transfers,25739.19,United Kingdom,Low,AN036,Closed,2025-01-31,8,Closed - False Positive,1.0,N
ALT05760,C00846,2025-01-23,Rapid Movement of Funds,15534.06,Pakistan,Low,AN034,Closed,2025-02-22,30,Escalated to Investigation,13.9,N
ALT04470,C01848,2025-01-23,High-Risk Jurisdiction Transfer,18818.4,United Kingdom,Low,AN040,Closed,2025-01-25,2,Closed - False Positive,0.8,N
ALT04971,C00227,2025-01-23,Round-Amount Transfers,5509.47,United Kingdom,High,AN038,Closed,2025-01-26,3,Closed - False Positive,1.2,N
ALT04010,C02733,2025-01-23,High-Risk Jurisdiction Transfer,23319.19,United Kingdom,Low,AN037,Closed,2025-01-25,2,Closed - False Positive,0.8,N
ALT05759,C01995,2025-01-24,Structuring,8719.59,United Kingdom,High,AN033,Closed,2025-02-03,10,Closed - False Positive,0.8,N
ALT01237,C01578,2025-01-24,Unusual Activity vs Profile,6676.39,United Kingdom,Medium,AN036,Closed,2025-02-01,8,Closed - False Positive,0.6,N
ALT04123,C01532,2025-01-24,Large Cash Deposit,17197.85,Hong Kong,High,AN035,Closed,2025-02-21,28,Escalated to Investigation,7.9,N
ALT03218,C01762,2025-01-24,Large Cash Deposit,58809.85,United Kingdom,High,AN033,Closed,2025-02-01,8,Closed - False Positive,0.7,N
ALT02859,C01599,2025-01-24,High-Risk Jurisdiction Transfer,10530.69,United Kingdom,High,AN033,Closed,2025-02-06,13,Closed - False Positive,0.6,N
ALT04438,C01492,2025-01-24,Structuring,8926.45,United Kingdom,High,AN037,Closed,2025-01-30,6,Closed - False Positive,0.9,N
ALT05816,C00685,2025-01-25,High-Risk Jurisdiction Transfer,33586.02,United Kingdom,High,AN033,Closed,2025-01-31,6,Closed - False Positive,1.0,N
ALT04056,C00881,2025-01-25,Structuring,7990.46,India,Low,AN035,Closed,2025-01-28,3,Closed - False Positive,0.5,N
ALT05073,C00531,2025-01-25,Large Cash Deposit,56223.68,United Kingdom,High,AN034,Closed,2025-01-29,4,Closed - False Positive,0.5,N
ALT01547,C02502,2025-01-25,Rapid Movement of Funds,11046.65,Nigeria,Medium,AN034,Closed,2025-02-02,8,Closed - False Positive,1.1,N
ALT02677,C02910,2025-01-25,High-Risk Jurisdiction Transfer,23847.05,United Kingdom,Low,AN033,Closed,2025-02-10,16,Closed - False Positive,0.9,N
ALT02655,C02593,2025-01-25,Dormant Account Reactivation,44611.43,United Kingdom,High,AN033,Closed,2025-02-01,7,Closed - False Positive,0.8,N
ALT00419,C01986,2025-01-25,Large Cash Deposit,31078.01,United Kingdom,Medium,AN038,Closed,2025-02-11,17,Closed - False Positive,1.2,N
ALT00651,C01376,2025-01-26,Unusual Activity vs Profile,22358.23,United Kingdom,Low,AN036,Closed,2025-02-04,9,Closed - False Positive,0.9,N
ALT05565,C01494,2025-01-26,Structuring,8599.6,India,Low,AN039,Closed,2025-02-04,9,Closed - False Positive,0.5,N
ALT00838,C02943,2025-01-26,High-Risk Jurisdiction Transfer,882.25,United Kingdom,Medium,AN038,Closed,2025-01-29,3,Closed - False Positive,0.9,N
ALT05423,C02708,2025-01-26,Structuring,9091.87,India,Low,AN035,Closed,2025-01-30,4,Closed - False Positive,1.0,N
ALT02614,C01896,2025-01-27,Large Cash Deposit,16463.57,United Kingdom,High,AN036,Closed,2025-02-11,15,Closed - False Positive,0.7,N
ALT01149,C02296,2025-01-27,Dormant Account Reactivation,10785.27,United Kingdom,Medium,AN033,Closed,2025-02-05,9,Closed - False Positive,0.7,N
ALT00429,C00830,2025-01-27,High-Risk Jurisdiction Transfer,21977.07,United Kingdom,Medium,AN037,Closed,2025-01-29,2,Closed - False Positive,0.9,N
ALT02025,C00921,2025-01-27,Large Cash Deposit,16070.8,United Kingdom,Medium,AN033,Closed,2025-01-29,2,Closed - False Positive,0.9,N
ALT05246,C00975,2025-01-27,Dormant Account Reactivation,21421.29,United Kingdom,High,AN033,Closed,2025-02-12,16,Closed - False Positive,0.6,N
ALT05426,C02831,2025-01-27,Dormant Account Reactivation,6693.17,United Kingdom,Medium,AN038,Closed,2025-02-04,8,Closed - False Positive,0.4,N
ALT04498,C01097,2025-01-27,Unusual Activity vs Profile,13054.16,Hong Kong,High,AN036,Closed,2025-01-29,2,Closed - False Positive,0.4,N
ALT06147,C02809,2025-01-27,Large Cash Deposit,24762.2,United Kingdom,High,AN034,Closed,2025-02-01,5,Closed - False Positive,1.0,N
ALT01225,C00694,2025-01-27,Structuring,8516.62,United Kingdom,Medium,AN033,Closed,2025-02-05,9,Closed - False Positive,0.6,N
ALT00449,C01267,2025-01-27,Unusual Activity vs Profile,4193.98,UAE,Low,AN035,Closed,2025-01-29,2,Closed - False Positive,1.0,N
ALT06139,C01627,2025-01-28,Round-Amount Transfers,16050.08,United Kingdom,Medium,AN037,Closed,2025-02-02,5,Closed - False Positive,0.9,N
ALT03137,C00601,2025-01-28,Structuring,7846.25,Cyprus,Low,AN040,Closed,2025-01-30,2,Closed - False Positive,0.9,N
ALT06222,C02924,2025-01-28,Dormant Account Reactivation,26521.47,Germany,Medium,AN036,Closed,2025-01-31,3,Closed - False Positive,0.3,N
ALT05112,C02201,2025-01-28,Unusual Activity vs Profile,37569.14,United Kingdom,High,AN035,Closed,2025-01-31,3,Closed - False Positive,0.4,N
ALT04211,C02331,2025-01-28,Structuring,8322.08,United Kingdom,Low,AN033,Closed,2025-02-02,5,Closed - False Positive,0.5,N
ALT05394,C00828,2025-01-28,Large Cash Deposit,43423.36,United Kingdom,High,AN035,Closed,2025-01-30,2,Closed - False Positive,0.9,N
ALT05730,C01754,2025-01-28,Round-Amount Transfers,6905.19,United Kingdom,Medium,AN036,Closed,2025-01-30,2,Closed - False Positive,1.0,N
ALT01551,C01402,2025-01-28,Rapid Movement of Funds,2514.97,United Kingdom,High,AN038,Closed,2025-02-03,6,Closed - False Positive,0.9,N
ALT00042,C01074,2025-01-29,Unusual Activity vs Profile,65736.76,United Kingdom,High,AN038,Closed,2025-02-03,5,Closed - False Positive,0.4,N
ALT04792,C01338,2025-01-29,Unusual Activity vs Profile,87667.08,Hong Kong,High,AN033,Closed,2025-02-02,4,Closed - False Positive,0.5,N
ALT01449,C01881,2025-01-29,Large Cash Deposit,35830.44,Ireland,High,AN034,Closed,2025-02-03,5,Closed - False Positive,1.1,N
ALT05983,C02566,2025-01-29,Unusual Activity vs Profile,22968.64,United Kingdom,Low,AN039,Closed,2025-02-01,3,Closed - False Positive,0.5,N
ALT02949,C02686,2025-01-29,Unusual Activity vs Profile,50407.73,Germany,High,AN035,Closed,2025-02-15,17,Closed - False Positive,1.2,N
ALT00266,C01094,2025-01-29,Dormant Account Reactivation,9015.46,Pakistan,Low,AN036,Closed,2025-02-05,7,Closed - False Positive,0.6,N
ALT03636,C00513,2025-01-30,Unusual Activity vs Profile,14227.47,United Kingdom,High,AN039,Closed,2025-02-07,8,Closed - False Positive,0.7,N
ALT03631,C01850,2025-01-30,High-Risk Jurisdiction Transfer,4171.93,United Kingdom,High,AN039,Closed,2025-02-09,10,Closed - False Positive,0.6,N
ALT03500,C00078,2025-01-30,Structuring,9099.93,United Kingdom,High,AN037,Closed,2025-02-09,10,Closed - False Positive,0.9,N
ALT00111,C01417,2025-01-30,High-Risk Jurisdiction Transfer,9453.83,United Kingdom,High,AN037,Closed,2025-02-10,11,Closed - False Positive,1.2,N
ALT05372,C01409,2025-01-30,Structuring,9394.62,United Kingdom,Low,AN037,Closed,2025-02-05,6,Closed - False Positive,0.7,N
ALT06311,C02843,2025-01-31,Large Cash Deposit,27826.99,France,High,AN037,Closed,2025-02-06,6,Closed - False Positive,0.6,N
ALT02125,C00859,2025-01-31,Rapid Movement of Funds,6458.35,United Kingdom,Medium,AN033,Closed,2025-02-04,4,Closed - False Positive,0.9,N
ALT05060,C01538,2025-01-31,Large Cash Deposit,32856.55,United Kingdom,Low,AN037,Closed,2025-02-06,6,Closed - False Positive,0.4,N
ALT01823,C02220,2025-01-31,High-Risk Jurisdiction Transfer,9535.89,United Kingdom,Medium,AN040,Closed,2025-02-05,5,Closed - False Positive,0.5,N
ALT00061,C02861,2025-01-31,Large Cash Deposit,47180.95,France,Low,AN033,Closed,2025-02-02,2,Closed - False Positive,1.1,N
ALT02441,C01540,2025-01-31,Rapid Movement of Funds,10205.04,India,Low,AN039,Closed,2025-02-06,6,Closed - False Positive,0.7,N
ALT04515,C00547,2025-01-31,Round-Amount Transfers,909.51,Pakistan,Medium,AN034,Closed,2025-03-01,29,SAR Filed,10.3,Y
ALT06104,C00480,2025-01-31,Unusual Activity vs Profile,1694.75,Cyprus,Medium,AN036,Closed,2025-02-02,2,Closed - False Positive,0.4,N
ALT00619,C00119,2025-02-01,Large Cash Deposit,13673.68,United Kingdom,High,AN036,Closed,2025-02-16,15,Closed - False Positive,0.5,N
ALT02303,C00323,2025-02-01,Round-Amount Transfers,12949.6,United States,Medium,AN035,Closed,2025-02-02,1,Closed - False Positive,0.4,N
ALT06092,C01263,2025-02-01,Dormant Account Reactivation,22513.94,United Kingdom,Low,AN040,Closed,2025-02-11,10,Closed - False Positive,0.4,N
ALT04038,C01292,2025-02-01,Unusual Activity vs Profile,91245.05,Pakistan,High,AN035,Closed,2025-02-12,11,Closed - False Positive,1.0,N
ALT03113,C01074,2025-02-01,Rapid Movement of Funds,2486.22,United Kingdom,Low,AN034,Closed,2025-02-07,6,Closed - False Positive,0.5,N
ALT02651,C02141,2025-02-01,Round-Amount Transfers,78652.95,Ireland,High,AN040,Closed,2025-02-13,12,Closed - False Positive,0.5,N
ALT03919,C02506,2025-02-01,Round-Amount Transfers,44217.94,France,Low,AN035,Closed,2025-02-04,3,Closed - False Positive,0.6,N
ALT01875,C02551,2025-02-02,Round-Amount Transfers,14073.2,United States,Low,AN034,Closed,2025-02-10,8,Closed - False Positive,0.9,N
ALT02213,C01526,2025-02-02,Large Cash Deposit,18826.0,United Kingdom,Medium,AN040,Closed,2025-02-06,4,Closed - False Positive,0.9,N
ALT03880,C01124,2025-02-02,Unusual Activity vs Profile,84340.81,Ireland,High,AN040,Closed,2025-02-05,3,Closed - False Positive,0.9,N
ALT00779,C00576,2025-02-02,Structuring,8492.44,United Kingdom,Low,AN036,Closed,2025-02-06,4,Closed - False Positive,0.4,N
ALT01954,C00828,2025-02-02,Structuring,9828.03,France,High,AN038,Closed,2025-02-11,9,Closed - False Positive,0.8,N
ALT02575,C02974,2025-02-02,Dormant Account Reactivation,2324.06,United Kingdom,High,AN039,Closed,2025-02-03,1,Closed - False Positive,0.4,N
ALT01224,C02581,2025-02-02,Unusual Activity vs Profile,8027.58,United States,High,AN037,Closed,2025-02-13,11,Closed - False Positive,0.8,N
ALT00193,C00713,2025-02-02,Rapid Movement of Funds,25449.69,India,Medium,AN038,Closed,2025-02-10,8,Closed - False Positive,0.4,N
ALT06441,C00078,2025-02-03,Round-Amount Transfers,16203.37,United Kingdom,High,AN033,Closed,2025-02-05,2,Closed - False Positive,1.0,N
ALT03693,C02727,2025-02-03,High-Risk Jurisdiction Transfer,8670.61,Nigeria,Low,AN037,Closed,2025-02-06,3,Closed - False Positive,1.1,N
ALT05897,C02717,2025-02-03,High-Risk Jurisdiction Transfer,12386.14,United Kingdom,Medium,AN040,Closed,2025-02-11,8,Closed - False Positive,0.7,N
ALT00768,C00975,2025-02-03,Large Cash Deposit,16257.41,United Kingdom,High,AN038,Closed,2025-02-07,4,Closed - False Positive,0.9,N
ALT04160,C00179,2025-02-04,Unusual Activity vs Profile,23591.48,United States,High,AN037,Closed,2025-02-25,21,SAR Filed,6.0,Y
ALT01327,C00078,2025-02-04,High-Risk Jurisdiction Transfer,22785.25,Panama,High,AN038,Closed,2025-02-13,9,Closed - False Positive,1.0,N
ALT04774,C01532,2025-02-04,Rapid Movement of Funds,24052.27,United Kingdom,High,AN040,Closed,2025-02-20,16,Closed - False Positive,0.7,N
ALT01526,C02417,2025-02-04,Large Cash Deposit,58578.69,Cyprus,High,AN039,Closed,2025-02-06,2,Closed - False Positive,0.8,N
ALT04938,C01581,2025-02-04,Unusual Activity vs Profile,4254.39,United Kingdom,High,AN040,Closed,2025-02-09,5,Closed - False Positive,0.6,N
ALT00457,C01259,2025-02-04,Large Cash Deposit,25402.39,India,Low,AN036,Closed,2025-02-08,4,Closed - False Positive,0.4,N
ALT04455,C00066,2025-02-04,Structuring,9878.36,United Kingdom,Low,AN040,Closed,2025-02-09,5,Closed - False Positive,0.8,N
ALT04825,C02617,2025-02-05,Unusual Activity vs Profile,321750.27,United Kingdom,High,AN040,Closed,2025-02-10,5,Closed - False Positive,0.5,N
ALT02826,C02004,2025-02-05,Large Cash Deposit,29674.05,Nigeria,High,AN036,Closed,2025-02-09,4,Closed - False Positive,0.4,N
ALT00319,C01539,2025-02-05,Unusual Activity vs Profile,3571.36,United Kingdom,Medium,AN034,Closed,2025-02-07,2,Closed - False Positive,1.0,N
ALT00786,C01728,2025-02-05,Rapid Movement of Funds,3410.82,Ireland,Low,AN039,Closed,2025-02-09,4,Closed - False Positive,1.0,N
ALT05005,C00129,2025-02-05,Structuring,9242.4,United Kingdom,Medium,AN037,Closed,2025-03-12,35,Escalated to Investigation,11.9,N
ALT01873,C01290,2025-02-05,Rapid Movement of Funds,14916.82,United Kingdom,Low,AN035,Closed,2025-02-11,6,Closed - False Positive,1.0,N
ALT03008,C02482,2025-02-05,Large Cash Deposit,31655.45,United Kingdom,High,AN035,Closed,2025-03-02,25,SAR Filed,8.4,Y
ALT03014,C01108,2025-02-06,Unusual Activity vs Profile,58852.36,United Kingdom,High,AN036,Closed,2025-02-11,5,Closed - False Positive,1.1,N
ALT04756,C02843,2025-02-06,Structuring,8478.67,Panama,High,AN039,Closed,2025-03-25,47,SAR Filed,6.0,Y
ALT02785,C02633,2025-02-06,Rapid Movement of Funds,38510.96,United Kingdom,Medium,AN036,Closed,2025-02-08,2,Closed - False Positive,0.9,N
ALT03945,C00497,2025-02-06,Rapid Movement of Funds,4157.75,United Kingdom,Medium,AN035,Closed,2025-02-21,15,Closed - False Positive,0.5,N
ALT04741,C01551,2025-02-07,Round-Amount Transfers,22192.67,Pakistan,Medium,AN038,Closed,2025-02-10,3,Closed - False Positive,1.1,N
ALT05380,C01564,2025-02-07,Dormant Account Reactivation,9355.96,United Kingdom,Low,AN037,Closed,2025-02-10,3,Closed - False Positive,1.1,N
ALT02678,C01970,2025-02-07,Unusual Activity vs Profile,1503.93,United Kingdom,High,AN034,Closed,2025-02-08,1,Closed - False Positive,0.7,N
ALT01458,C02974,2025-02-07,Large Cash Deposit,46150.26,United Kingdom,High,AN037,Closed,2025-02-19,12,SAR Filed,5.2,Y
ALT05587,C02581,2025-02-08,Structuring,9643.9,United Kingdom,High,AN036,Closed,2025-02-17,9,Closed - False Positive,0.3,N
ALT02638,C00513,2025-02-08,Large Cash Deposit,18523.62,United Kingdom,High,AN039,Closed,2025-02-11,3,Closed - False Positive,0.4,N
ALT02588,C01292,2025-02-08,Round-Amount Transfers,26174.76,United Kingdom,High,AN040,Closed,2025-02-12,4,Closed - False Positive,1.1,N
ALT03785,C01699,2025-02-08,Unusual Activity vs Profile,8931.62,United Kingdom,Medium,AN039,Closed,2025-02-13,5,Closed - False Positive,0.3,N
ALT03679,C01336,2025-02-08,Rapid Movement of Funds,4376.34,United Kingdom,Low,AN037,Closed,2025-02-14,6,Closed - False Positive,0.9,N
ALT04828,C02506,2025-02-08,Rapid Movement of Funds,6674.94,United Kingdom,Low,AN037,Closed,2025-02-09,1,Closed - False Positive,0.4,N
ALT01798,C02261,2025-02-08,Structuring,9590.1,United Kingdom,Low,AN036,Closed,2025-02-14,6,Closed - False Positive,1.1,N
ALT05148,C00685,2025-02-08,Round-Amount Transfers,35989.35,United Kingdom,High,AN037,Closed,2025-02-12,4,Closed - False Positive,0.8,N
ALT06269,C01143,2025-02-09,Rapid Movement of Funds,4818.86,Cyprus,Medium,AN036,Closed,2025-02-11,2,Closed - False Positive,0.9,N
ALT03388,C02656,2025-02-09,Large Cash Deposit,21833.48,United Kingdom,High,AN036,Closed,2025-03-16,35,Escalated to Investigation,11.7,N
ALT06127,C01750,2025-02-09,Large Cash Deposit,36083.71,United Kingdom,High,AN040,Closed,2025-02-17,8,Closed - False Positive,0.7,N
ALT00251,C02693,2025-02-09,Rapid Movement of Funds,20304.54,United Kingdom,Medium,AN033,Closed,2025-02-25,16,Closed - False Positive,0.7,N
ALT02862,C02498,2025-02-09,Structuring,7639.45,United Kingdom,Medium,AN035,Closed,2025-02-22,13,Closed - False Positive,1.0,N
ALT03425,C01740,2025-02-10,Large Cash Deposit,37236.04,United Kingdom,Low,AN038,Closed,2025-02-13,3,Closed - False Positive,0.4,N
ALT05721,C00080,2025-02-10,Unusual Activity vs Profile,23964.3,United Kingdom,High,AN036,Closed,2025-02-21,11,Closed - False Positive,0.6,N
ALT01406,C02524,2025-02-10,Round-Amount Transfers,71300.8,United Kingdom,High,AN036,Closed,2025-02-14,4,Closed - False Positive,0.6,N
ALT00475,C02118,2025-02-10,Round-Amount Transfers,11114.83,United Kingdom,High,AN037,Closed,2025-02-16,6,Closed - False Positive,0.5,N
ALT03357,C02934,2025-02-10,Structuring,8247.31,United Kingdom,High,AN034,Closed,2025-02-13,3,Closed - False Positive,0.8,N
ALT04021,C02075,2025-02-10,Round-Amount Transfers,30724.92,India,Medium,AN037,Closed,2025-02-23,13,Closed - False Positive,0.8,N
ALT03661,C02876,2025-02-10,High-Risk Jurisdiction Transfer,14526.7,United Kingdom,Medium,AN039,Closed,2025-02-14,4,Closed - False Positive,0.5,N
ALT05826,C02049,2025-02-10,High-Risk Jurisdiction Transfer,11636.55,United Kingdom,High,AN038,Closed,2025-02-18,8,Closed - False Positive,1.2,N
ALT01738,C01543,2025-02-11,Large Cash Deposit,14629.13,United Kingdom,Medium,AN039,Closed,2025-03-14,31,SAR Filed,4.8,Y
ALT02954,C00975,2025-02-11,Round-Amount Transfers,10514.77,United Kingdom,High,AN040,Closed,2025-02-18,7,Closed - False Positive,0.5,N
ALT05302,C02998,2025-02-11,Structuring,7515.34,United Kingdom,Medium,AN034,Closed,2025-03-16,33,Closed - False Positive,0.6,N
ALT03178,C02305,2025-02-11,Rapid Movement of Funds,15128.06,United Kingdom,Medium,AN034,Closed,2025-02-18,7,Closed - False Positive,0.4,N
ALT04476,C01865,2025-02-11,Structuring,7646.61,United Kingdom,High,AN035,Closed,2025-03-02,19,Escalated to Investigation,13.9,N
ALT01090,C01941,2025-02-11,High-Risk Jurisdiction Transfer,8146.4,United Kingdom,Medium,AN038,Closed,2025-02-24,13,Closed - False Positive,0.8,N
ALT00862,C02877,2025-02-11,Rapid Movement of Funds,19848.09,United Kingdom,Medium,AN033,Closed,2025-02-13,2,Closed - False Positive,1.2,N
ALT05637,C00574,2025-02-11,Structuring,7846.28,United Kingdom,High,AN038,Closed,2025-02-22,11,Closed - False Positive,1.0,N
ALT05528,C01930,2025-02-12,High-Risk Jurisdiction Transfer,135926.1,United Kingdom,High,AN034,Closed,2025-02-20,8,Closed - False Positive,1.2,N
ALT06256,C01591,2025-02-12,Dormant Account Reactivation,2730.38,United States,Medium,AN040,Closed,2025-03-01,17,Closed - False Positive,0.9,N
ALT01382,C00986,2025-02-12,Unusual Activity vs Profile,6906.98,United Kingdom,High,AN036,Closed,2025-02-13,1,Closed - False Positive,0.7,N
ALT02329,C01999,2025-02-12,Unusual Activity vs Profile,12860.07,France,Medium,AN034,Closed,2025-02-19,7,Closed - False Positive,0.5,N
ALT02780,C02985,2025-02-12,Structuring,7723.01,United Kingdom,High,AN039,Closed,2025-02-18,6,Closed - False Positive,1.2,N
ALT00003,C01341,2025-02-12,Rapid Movement of Funds,7894.62,Germany,Medium,AN040,Closed,2025-02-22,10,Closed - False Positive,0.7,N
ALT03620,C02431,2025-02-12,Large Cash Deposit,20769.61,United Kingdom,Medium,AN037,Closed,2025-02-17,5,Closed - False Positive,0.4,N
ALT01121,C00016,2025-02-12,Unusual Activity vs Profile,12989.35,United Kingdom,Medium,AN036,Closed,2025-02-18,6,Closed - False Positive,0.7,N
ALT00685,C02748,2025-02-12,Unusual Activity vs Profile,21522.86,United Kingdom,Medium,AN039,Closed,2025-02-25,13,Closed - False Positive,0.9,N
ALT00839,C01210,2025-02-12,Dormant Account Reactivation,14620.18,Nigeria,High,AN034,Closed,2025-03-03,19,Escalated to Investigation,9.4,N
ALT01154,C00685,2025-02-12,Round-Amount Transfers,57752.61,United Kingdom,High,AN038,Closed,2025-02-27,15,Closed - False Positive,0.6,N
ALT00301,C02817,2025-02-12,Round-Amount Transfers,9318.5,United Kingdom,Low,AN036,Closed,2025-02-14,2,Closed - False Positive,1.0,N
ALT00465,C02496,2025-02-12,Dormant Account Reactivation,50940.49,United Kingdom,High,AN035,Closed,2025-03-02,18,Escalated to Investigation,10.4,N
ALT02526,C00856,2025-02-13,Round-Amount Transfers,28654.32,India,High,AN040,Closed,2025-03-02,17,SAR Filed,5.7,Y
ALT05178,C01402,2025-02-13,Rapid Movement of Funds,1680.96,France,High,AN040,Closed,2025-02-21,8,Closed - False Positive,1.2,N
ALT01516,C01614,2025-02-13,Structuring,9619.96,United Kingdom,High,AN033,Closed,2025-03-03,18,Closed - False Positive,0.5,N
ALT01084,C02908,2025-02-13,Round-Amount Transfers,82389.1,United Kingdom,High,AN037,Closed,2025-02-22,9,Closed - False Positive,0.6,N
ALT01733,C02876,2025-02-13,Rapid Movement of Funds,58209.2,United Kingdom,High,AN036,Closed,2025-02-15,2,Closed - False Positive,0.4,N
ALT03332,C00516,2025-02-13,High-Risk Jurisdiction Transfer,32967.81,United Kingdom,Medium,AN038,Closed,2025-02-15,2,Closed - False Positive,0.8,N
ALT01524,C01994,2025-02-13,Structuring,8174.13,Cyprus,Medium,AN039,Closed,2025-02-15,2,Closed - False Positive,0.8,N
ALT04767,C00752,2025-02-13,Rapid Movement of Funds,1029.82,United Kingdom,Medium,AN033,Closed,2025-02-25,12,Closed - False Positive,0.5,N
ALT05645,C00305,2025-02-14,Unusual Activity vs Profile,11954.38,United Kingdom,Low,AN039,Closed,2025-02-26,12,Closed - False Positive,0.4,N
ALT01656,C01567,2025-02-14,High-Risk Jurisdiction Transfer,18308.74,Pakistan,High,AN036,Closed,2025-02-20,6,Closed - False Positive,1.1,N
ALT06424,C02302,2025-02-14,Large Cash Deposit,25251.91,United Kingdom,High,AN033,Closed,2025-02-17,3,Closed - False Positive,0.9,N
ALT02131,C02904,2025-02-14,Large Cash Deposit,56454.83,United Kingdom,High,AN034,Closed,2025-02-16,2,Closed - False Positive,1.0,N
ALT00810,C00387,2025-02-14,High-Risk Jurisdiction Transfer,3922.99,United Kingdom,Low,AN033,Closed,2025-02-17,3,Closed - False Positive,1.2,N
ALT05066,C01324,2025-02-14,High-Risk Jurisdiction Transfer,18583.16,Ireland,Medium,AN034,Closed,2025-02-19,5,Closed - False Positive,1.0,N
ALT06416,C00115,2025-02-15,Unusual Activity vs Profile,1608.1,India,High,AN040,Closed,2025-03-04,17,Closed - False Positive,1.1,N
ALT01743,C02118,2025-02-15,Rapid Movement of Funds,30091.04,United Kingdom,High,AN038,Closed,2025-02-18,3,Closed - False Positive,0.8,N
ALT04234,C02746,2025-02-15,High-Risk Jurisdiction Transfer,15683.65,United Kingdom,Low,AN040,Closed,2025-03-03,16,Closed - False Positive,0.4,N
ALT04219,C00984,2025-02-15,Dormant Account Reactivation,16100.12,Germany,High,AN036,Closed,2025-02-24,9,Closed - False Positive,0.9,N
ALT01238,C00309,2025-02-15,Rapid Movement of Funds,3777.01,United Kingdom,Medium,AN033,Closed,2025-02-25,10,Closed - False Positive,0.7,N
ALT03070,C00966,2025-02-15,Structuring,9501.38,United Kingdom,Medium,AN040,Closed,2025-02-21,6,Closed - False Positive,0.7,N
ALT05289,C00733,2025-02-15,Dormant Account Reactivation,8698.53,United States,Low,AN039,Closed,2025-03-12,25,Escalated to Investigation,11.6,N
ALT01583,C01695,2025-02-15,Large Cash Deposit,21764.87,Panama,High,AN038,Closed,2025-02-19,4,Closed - False Positive,0.9,N
ALT00349,C01650,2025-02-16,Round-Amount Transfers,12752.41,United Kingdom,Medium,AN033,Closed,2025-02-19,3,Closed - False Positive,0.8,N
ALT03526,C00502,2025-02-16,Rapid Movement of Funds,1100.16,United Kingdom,Medium,AN039,Closed,2025-02-18,2,Closed - False Positive,0.9,N
ALT05830,C00119,2025-02-16,Large Cash Deposit,11898.34,Nigeria,High,AN037,Closed,2025-03-23,35,Escalated to Investigation,7.8,N
ALT05387,C02764,2025-02-16,Structuring,7311.73,United Kingdom,Medium,AN040,Closed,2025-02-18,2,Closed - False Positive,1.1,N
ALT01311,C02725,2025-02-16,Large Cash Deposit,12019.81,United Kingdom,High,AN035,Closed,2025-02-22,6,Closed - False Positive,0.9,N
ALT03678,C01699,2025-02-16,Rapid Movement of Funds,11282.95,United Kingdom,Medium,AN034,Closed,2025-02-20,4,Closed - False Positive,0.7,N
ALT03472,C02689,2025-02-17,Unusual Activity vs Profile,23367.12,Panama,Low,AN039,Closed,2025-02-21,4,Closed - False Positive,1.0,N
ALT06208,C02554,2025-02-17,High-Risk Jurisdiction Transfer,13918.0,Hong Kong,High,AN036,Closed,2025-03-24,35,Escalated to Investigation,4.6,N
ALT05397,C02191,2025-02-17,High-Risk Jurisdiction Transfer,13810.35,Nigeria,Medium,AN033,Closed,2025-02-23,6,Closed - False Positive,0.7,N
ALT04846,C02155,2025-02-17,Structuring,9330.73,United States,High,AN037,Closed,2025-02-25,8,Closed - False Positive,0.9,N
ALT05098,C02808,2025-02-17,Rapid Movement of Funds,35182.13,United Kingdom,Low,AN034,Closed,2025-03-15,26,Closed - False Positive,0.5,N
ALT06345,C01317,2025-02-17,Rapid Movement of Funds,4190.96,United Kingdom,Medium,AN037,Closed,2025-02-23,6,Closed - False Positive,0.6,N
ALT05052,C01289,2025-02-17,Dormant Account Reactivation,11692.57,United States,Low,AN033,Closed,2025-02-24,7,Closed - False Positive,1.0,N
ALT04203,C02715,2025-02-17,Large Cash Deposit,24047.01,Pakistan,Medium,AN035,Closed,2025-02-23,6,Closed - False Positive,1.2,N
ALT02116,C01416,2025-02-17,High-Risk Jurisdiction Transfer,19744.14,Hong Kong,Low,AN038,Closed,2025-02-24,7,Closed - False Positive,0.4,N
ALT00404,C01145,2025-02-18,Rapid Movement of Funds,8278.57,United Kingdom,Low,AN040,Closed,2025-02-26,8,Closed - False Positive,0.9,N
ALT00537,C01116,2025-02-18,Rapid Movement of Funds,24239.06,UAE,Low,AN037,Closed,2025-03-04,14,Closed - False Positive,0.4,N
ALT01043,C01320,2025-02-18,Dormant Account Reactivation,16217.06,Nigeria,Medium,AN040,Closed,2025-02-24,6,Closed - False Positive,0.3,N
ALT01050,C00449,2025-02-18,Structuring,8961.69,United Kingdom,Medium,AN036,Closed,2025-02-22,4,Closed - False Positive,0.3,N
ALT00730,C00474,2025-02-19,Structuring,7100.75,Cyprus,Low,AN040,Closed,2025-02-22,3,Closed - False Positive,0.3,N
ALT04911,C01538,2025-02-19,Structuring,7654.51,Pakistan,Medium,AN040,Closed,2025-02-21,2,Closed - False Positive,0.3,N
ALT02470,C00863,2025-02-19,Structuring,9872.31,Ireland,Medium,AN035,Closed,2025-02-28,9,Closed - False Positive,0.8,N
ALT02112,C01897,2025-02-19,Unusual Activity vs Profile,5382.4,United Kingdom,Medium,AN038,Closed,2025-03-04,13,Closed - False Positive,1.1,N
ALT05343,C02350,2025-02-19,Large Cash Deposit,33187.63,United Kingdom,Medium,AN033,Closed,2025-03-03,12,Closed - False Positive,1.1,N
ALT03859,C01434,2025-02-19,Unusual Activity vs Profile,7899.45,United Kingdom,Medium,AN036,Closed,2025-02-22,3,Closed - False Positive,0.8,N
ALT04576,C01078,2025-02-20,Rapid Movement of Funds,3680.4,United Kingdom,High,AN035,Closed,2025-02-24,4,Closed - False Positive,0.9,N
ALT03835,C01092,2025-02-20,High-Risk Jurisdiction Transfer,150471.83,UAE,High,AN034,Closed,2025-02-25,5,Closed - False Positive,1.0,N
ALT00897,C02781,2025-02-20,Unusual Activity vs Profile,7663.65,Hong Kong,Medium,AN034,Closed,2025-02-24,4,Closed - False Positive,0.4,N
ALT01930,C00436,2025-02-20,Large Cash Deposit,57951.35,Germany,High,AN034,Closed,2025-02-22,2,Closed - False Positive,0.9,N
ALT01491,C00938,2025-02-20,High-Risk Jurisdiction Transfer,2545.27,India,Low,AN034,Closed,2025-02-27,7,Closed - False Positive,0.6,N
ALT06276,C01397,2025-02-20,Rapid Movement of Funds,2785.34,United Kingdom,High,AN038,Closed,2025-03-01,9,Closed - False Positive,0.4,N
ALT06054,C01534,2025-02-21,High-Risk Jurisdiction Transfer,117772.01,Germany,High,AN035,Closed,2025-03-01,8,Closed - False Positive,0.8,N
ALT04533,C02746,2025-02-21,Large Cash Deposit,33822.6,India,Medium,AN038,Closed,2025-02-25,4,Closed - False Positive,0.5,N
ALT01802,C00022,2025-02-21,Round-Amount Transfers,1427.07,Russia,Low,AN036,Closed,2025-02-27,6,Closed - False Positive,1.2,N
ALT02177,C02657,2025-02-21,Unusual Activity vs Profile,10576.02,India,Low,AN036,Closed,2025-02-24,3,Closed - False Positive,0.9,N
ALT01218,C02481,2025-02-21,High-Risk Jurisdiction Transfer,22527.0,United Kingdom,Medium,AN039,Closed,2025-02-24,3,Closed - False Positive,0.9,N
ALT05916,C01154,2025-02-21,Structuring,8564.33,United Kingdom,Low,AN038,Closed,2025-03-06,13,Closed - False Positive,1.2,N
ALT04959,C01776,2025-02-21,High-Risk Jurisdiction Transfer,24750.26,United Kingdom,Medium,AN036,Closed,2025-02-28,7,Closed - False Positive,0.8,N
ALT01196,C00118,2025-02-21,Rapid Movement of Funds,10524.9,United Kingdom,Low,AN037,Closed,2025-03-14,21,Escalated to Investigation,3.3,N
ALT04711,C00301,2025-02-21,Dormant Account Reactivation,43614.27,United Kingdom,Medium,AN034,Closed,2025-02-26,5,Closed - False Positive,0.7,N
ALT06074,C02615,2025-02-21,Dormant Account Reactivation,13795.45,UAE,High,AN035,Closed,2025-03-15,22,Escalated to Investigation,10.0,N
ALT06446,C01684,2025-02-21,Structuring,9478.67,France,Medium,AN034,Closed,2025-02-26,5,Closed - False Positive,1.0,N
ALT01940,C01848,2025-02-21,Unusual Activity vs Profile,165051.06,United Kingdom,High,AN037,Closed,2025-03-01,8,Closed - False Positive,0.7,N
ALT04239,C00694,2025-02-22,High-Risk Jurisdiction Transfer,5480.73,Ireland,Low,AN039,Closed,2025-02-25,3,Closed - False Positive,0.9,N
ALT03129,C01325,2025-02-22,Structuring,9186.86,United Kingdom,Low,AN039,Closed,2025-03-04,10,Closed - False Positive,0.7,N
ALT05976,C00595,2025-02-22,Structuring,7195.09,United Kingdom,Low,AN040,Closed,2025-02-27,5,Closed - False Positive,0.5,N
ALT06189,C02008,2025-02-22,Large Cash Deposit,48949.75,United Kingdom,High,AN037,Closed,2025-02-27,5,Closed - False Positive,1.1,N
ALT06385,C01621,2025-02-22,Unusual Activity vs Profile,6519.19,United Kingdom,Low,AN038,Closed,2025-03-01,7,Closed - False Positive,1.2,N
ALT00203,C02257,2025-02-22,Rapid Movement of Funds,19275.18,United Kingdom,Low,AN034,Closed,2025-03-06,12,Closed - False Positive,1.0,N
ALT03753,C00193,2025-02-22,High-Risk Jurisdiction Transfer,12946.02,United Kingdom,Medium,AN035,Closed,2025-03-02,8,Closed - False Positive,0.8,N
ALT03765,C00460,2025-02-22,High-Risk Jurisdiction Transfer,21560.29,UAE,Low,AN039,Closed,2025-02-25,3,Closed - False Positive,0.9,N
ALT01766,C01399,2025-02-22,Unusual Activity vs Profile,36206.72,United Kingdom,Low,AN039,Closed,2025-02-25,3,Closed - False Positive,0.7,N
ALT02036,C00892,2025-02-22,Unusual Activity vs Profile,7054.44,United Kingdom,Medium,AN038,Closed,2025-03-04,10,Closed - False Positive,1.2,N
ALT01674,C02656,2025-02-23,Large Cash Deposit,27016.75,Nigeria,High,AN040,Closed,2025-02-27,4,Closed - False Positive,0.9,N
ALT00397,C01636,2025-02-23,Structuring,8219.67,Pakistan,Medium,AN036,Closed,2025-03-04,9,Closed - False Positive,0.5,N
ALT04344,C02141,2025-02-23,Structuring,8503.14,India,Low,AN033,Closed,2025-02-28,5,Closed - False Positive,1.1,N
ALT02496,C00259,2025-02-23,Rapid Movement of Funds,11105.3,Ireland,Low,AN034,Closed,2025-03-03,8,Closed - False Positive,0.6,N
ALT03780,C01117,2025-02-23,Dormant Account Reactivation,4928.92,United Kingdom,Medium,AN035,Closed,2025-02-27,4,Closed - False Positive,1.0,N
ALT02472,C02506,2025-02-23,Rapid Movement of Funds,10961.83,United Kingdom,Medium,AN037,Closed,2025-02-26,3,Closed - False Positive,1.2,N
ALT06184,C00649,2025-02-23,Dormant Account Reactivation,17193.46,United Kingdom,High,AN034,Closed,2025-02-28,5,Closed - False Positive,0.8,N
ALT01470,C02098,2025-02-24,Unusual Activity vs Profile,5891.15,UAE,Low,AN038,Closed,2025-03-09,13,Closed - False Positive,0.7,N
ALT04183,C02925,2025-02-24,Rapid Movement of Funds,1924.83,Nigeria,Medium,AN035,Closed,2025-03-17,21,SAR Filed,4.0,Y
ALT03975,C00444,2025-02-24,Dormant Account Reactivation,8067.11,United Kingdom,High,AN034,Closed,2025-03-18,22,Escalated to Investigation,7.9,N
ALT05388,C01073,2025-02-24,Rapid Movement of Funds,9876.57,India,Low,AN033,Closed,2025-03-01,5,Closed - False Positive,1.1,N
ALT05998,C01400,2025-02-24,Rapid Movement of Funds,152142.68,United Kingdom,High,AN038,Closed,2025-03-05,9,Closed - False Positive,0.8,N
ALT01063,C00873,2025-02-24,Structuring,7814.84,UAE,Low,AN038,Closed,2025-03-24,28,SAR Filed,7.7,Y
ALT03746,C00877,2025-02-25,Unusual Activity vs Profile,8429.45,Germany,Low,AN037,Closed,2025-03-06,9,Closed - False Positive,0.5,N
ALT00402,C01477,2025-02-25,Rapid Movement of Funds,19016.71,United States,Low,AN033,Closed,2025-02-27,2,Closed - False Positive,0.8,N
ALT03234,C02944,2025-02-25,Structuring,9342.96,United Kingdom,Low,AN038,Closed,2025-03-02,5,Closed - False Positive,0.8,N
ALT04867,C01336,2025-02-25,Round-Amount Transfers,3898.23,United Kingdom,Medium,AN040,Closed,2025-04-03,37,Escalated to Investigation,13.9,N
ALT05162,C01321,2025-02-25,Structuring,9724.7,United Kingdom,Low,AN033,Closed,2025-03-07,10,Closed - False Positive,0.5,N
ALT03025,C02556,2025-02-25,Unusual Activity vs Profile,22978.4,United Kingdom,High,AN039,Closed,2025-03-01,4,Closed - False Positive,1.1,N
ALT05221,C02574,2025-02-25,Rapid Movement of Funds,4467.25,Ireland,Low,AN035,Closed,2025-03-02,5,Closed - False Positive,1.1,N
ALT00610,C00893,2025-02-25,Rapid Movement of Funds,30842.59,United Kingdom,Medium,AN037,Closed,2025-03-10,13,Closed - False Positive,0.7,N
ALT04739,C00397,2025-02-25,Unusual Activity vs Profile,69337.45,Nigeria,High,AN035,Closed,2025-02-27,2,Closed - False Positive,0.8,N
ALT01971,C02918,2025-02-26,Rapid Movement of Funds,85646.92,United Kingdom,High,AN040,Closed,2025-03-03,5,Closed - False Positive,0.4,N
ALT06327,C02431,2025-02-26,Large Cash Deposit,34242.23,United Kingdom,Low,AN033,Closed,2025-03-01,3,Closed - False Positive,0.9,N
ALT05077,C02516,2025-02-26,High-Risk Jurisdiction Transfer,16214.99,United Kingdom,High,AN037,Closed,2025-03-22,24,SAR Filed,5.1,Y
ALT04869,C02942,2025-02-26,Dormant Account Reactivation,2910.78,United Kingdom,Medium,AN037,Closed,2025-03-12,14,Closed - False Positive,1.1,N
ALT00892,C01386,2025-02-26,High-Risk Jurisdiction Transfer,3580.26,United Kingdom,Medium,AN035,Closed,2025-03-04,6,Closed - False Positive,1.0,N
ALT05744,C02408,2025-02-26,High-Risk Jurisdiction Transfer,60890.37,United Kingdom,High,AN034,Closed,2025-03-04,6,Closed - False Positive,0.5,N
ALT00902,C00163,2025-02-26,Round-Amount Transfers,4093.94,United Kingdom,Low,AN040,Closed,2025-03-07,9,Closed - False Positive,1.0,N
ALT03162,C00574,2025-02-26,Unusual Activity vs Profile,13447.06,India,High,AN039,Closed,2025-03-08,10,Closed - False Positive,0.4,N
ALT06049,C00076,2025-02-26,Large Cash Deposit,58310.62,United Kingdom,High,AN033,Closed,2025-03-04,6,Closed - False Positive,0.7,N
ALT02727,C02638,2025-02-26,Structuring,7728.93,France,Low,AN036,Closed,2025-03-06,8,Closed - False Positive,0.4,N
ALT02760,C02713,2025-02-27,Unusual Activity vs Profile,73359.09,Nigeria,High,AN038,Closed,2025-03-05,6,Closed - False Positive,0.5,N
ALT05630,C01250,2025-02-27,Rapid Movement of Funds,3191.23,Nigeria,Medium,AN034,Closed,2025-03-08,9,Closed - False Positive,0.5,N
ALT01031,C00441,2025-02-28,Structuring,8397.18,United Kingdom,High,AN038,Closed,2025-03-07,7,Closed - False Positive,0.6,N
ALT01169,C02005,2025-02-28,Dormant Account Reactivation,64736.59,UAE,High,AN040,Closed,2025-03-05,5,Closed - False Positive,0.8,N
ALT00596,C02874,2025-02-28,Rapid Movement of Funds,33572.58,Nigeria,Medium,AN036,Closed,2025-03-06,6,Closed - False Positive,1.0,N
ALT01033,C02554,2025-02-28,Structuring,9335.01,India,High,AN036,Closed,2025-03-01,1,Closed - False Positive,1.0,N
ALT03646,C01235,2025-02-28,Rapid Movement of Funds,75550.75,France,High,AN036,Closed,2025-03-03,3,Closed - False Positive,1.1,N
ALT01751,C00193,2025-03-01,Unusual Activity vs Profile,5460.65,United Kingdom,Low,AN036,Closed,2025-03-16,15,SAR Filed,6.2,Y
ALT03624,C01324,2025-03-01,High-Risk Jurisdiction Transfer,26477.66,India,Medium,AN033,Closed,2025-03-08,7,Closed - False Positive,0.4,N
ALT05326,C02041,2025-03-01,High-Risk Jurisdiction Transfer,127842.36,United Kingdom,High,AN039,Closed,2025-03-20,19,Closed - False Positive,0.5,N
ALT00849,C00080,2025-03-01,Structuring,7644.88,United Kingdom,High,AN035,Closed,2025-03-06,5,Closed - False Positive,0.7,N
ALT00739,C02173,2025-03-01,Large Cash Deposit,31270.39,United Kingdom,High,AN040,Closed,2025-03-05,4,Closed - False Positive,0.8,N
ALT00052,C01303,2025-03-01,High-Risk Jurisdiction Transfer,8574.69,United Kingdom,Low,AN035,Closed,2025-03-14,13,Closed - False Positive,0.5,N
ALT02868,C02753,2025-03-01,Structuring,7922.27,United Kingdom,Medium,AN033,Closed,2025-03-04,3,Closed - False Positive,1.0,N
ALT05167,C01339,2025-03-01,High-Risk Jurisdiction Transfer,20457.38,Hong Kong,Low,AN033,Closed,2025-03-10,9,Closed - False Positive,1.2,N
ALT05941,C00907,2025-03-01,High-Risk Jurisdiction Transfer,10145.73,United Kingdom,High,AN035,Closed,2025-03-17,16,Closed - False Positive,0.5,N
ALT01263,C00984,2025-03-01,High-Risk Jurisdiction Transfer,29043.7,United Kingdom,High,AN036,Closed,2025-03-07,6,Closed - False Positive,1.0,N
ALT00172,C00360,2025-03-01,Large Cash Deposit,59174.85,United Kingdom,High,AN034,Closed,2025-03-07,6,Closed - False Positive,0.9,N
ALT02408,C02761,2025-03-01,High-Risk Jurisdiction Transfer,1739.9,United Kingdom,Low,AN034,Closed,2025-03-04,3,Closed - False Positive,1.2,N
ALT03280,C00376,2025-03-02,Large Cash Deposit,51546.98,United Kingdom,High,AN040,Closed,2025-03-11,9,Closed - False Positive,0.8,N
ALT00881,C02450,2025-03-02,Large Cash Deposit,44707.38,United Kingdom,Low,AN033,Closed,2025-03-25,23,SAR Filed,7.3,Y
ALT01542,C00202,2025-03-02,High-Risk Jurisdiction Transfer,10839.3,UAE,Low,AN036,Closed,2025-03-08,6,Closed - False Positive,0.9,N
ALT06259,C00747,2025-03-02,Rapid Movement of Funds,8553.18,United Kingdom,Low,AN034,Closed,2025-03-04,2,Closed - False Positive,0.5,N
ALT00800,C01398,2025-03-02,Unusual Activity vs Profile,9590.24,United Kingdom,Low,AN035,Closed,2025-03-04,2,Closed - False Positive,0.7,N
ALT05766,C02336,2025-03-02,Structuring,9457.28,United Kingdom,High,AN033,Closed,2025-03-30,28,Escalated to Investigation,4.3,N
ALT00160,C00737,2025-03-03,Unusual Activity vs Profile,1502.21,Pakistan,High,AN037,Closed,2025-03-05,2,Closed - False Positive,0.4,N
ALT01174,C00641,2025-03-03,Large Cash Deposit,16216.12,United Kingdom,Medium,AN036,Closed,2025-03-10,7,Closed - False Positive,0.7,N
ALT03398,C01457,2025-03-03,Structuring,9736.64,United Kingdom,Low,AN037,Closed,2025-03-08,5,Closed - False Positive,0.4,N
ALT00435,C01135,2025-03-03,Large Cash Deposit,27888.14,Ireland,Medium,AN038,Closed,2025-03-07,4,Closed - False Positive,0.9,N
ALT02561,C01898,2025-03-03,Unusual Activity vs Profile,11404.03,United Kingdom,Medium,AN039,Closed,2025-03-30,27,SAR Filed,9.3,Y
ALT00143,C00098,2025-03-04,Structuring,7033.35,India,Low,AN037,Closed,2025-03-11,7,Closed - False Positive,0.4,N
ALT06205,C02769,2025-03-04,Large Cash Deposit,27656.54,France,Medium,AN036,Closed,2025-03-11,7,Closed - False Positive,0.4,N
ALT00948,C01156,2025-03-04,Structuring,7078.4,United States,Low,AN039,Closed,2025-03-06,2,Closed - False Positive,0.3,N
ALT00085,C02405,2025-03-04,Dormant Account Reactivation,8464.96,United Kingdom,Low,AN034,Closed,2025-03-06,2,Closed - False Positive,1.1,N
ALT01537,C01557,2025-03-04,Structuring,8014.4,Russia,Medium,AN034,Closed,2025-03-07,3,Closed - False Positive,0.7,N
ALT05576,C02840,2025-03-04,Large Cash Deposit,39597.8,Hong Kong,Low,AN040,Closed,2025-03-21,17,Closed - False Positive,0.5,N
ALT03486,C00498,2025-03-04,Rapid Movement of Funds,2154.38,India,Medium,AN039,Closed,2025-03-09,5,Closed - False Positive,1.1,N
ALT04270,C02115,2025-03-04,Unusual Activity vs Profile,24558.14,United Kingdom,High,AN035,Closed,2025-03-11,7,Closed - False Positive,0.6,N
ALT02981,C01398,2025-03-04,Large Cash Deposit,18476.92,United Kingdom,Low,AN035,Closed,2025-03-14,10,Closed - False Positive,0.4,N
ALT03860,C00826,2025-03-04,High-Risk Jurisdiction Transfer,39661.73,United Kingdom,Low,AN037,Closed,2025-04-10,37,SAR Filed,13.8,Y
ALT04728,C00828,2025-03-05,Round-Amount Transfers,10927.13,Pakistan,High,AN035,Closed,2025-03-10,5,Closed - False Positive,1.2,N
ALT06296,C00601,2025-03-05,Dormant Account Reactivation,9784.31,India,Low,AN035,Closed,2025-04-15,41,Escalated to Investigation,10.1,N
ALT01499,C00341,2025-03-05,Large Cash Deposit,21494.85,United Kingdom,Low,AN034,Closed,2025-04-05,31,Escalated to Investigation,10.9,N
ALT04410,C00126,2025-03-05,Dormant Account Reactivation,40802.5,Nigeria,High,AN039,Closed,2025-03-25,20,Escalated to Investigation,9.0,N
ALT04414,C00015,2025-03-05,Unusual Activity vs Profile,138850.98,United Kingdom,High,AN036,Closed,2025-03-07,2,Closed - False Positive,0.3,N
ALT01373,C01584,2025-03-06,Unusual Activity vs Profile,44416.83,India,Low,AN040,Closed,2025-03-27,21,Escalated to Investigation,10.9,N
ALT05425,C02400,2025-03-06,Large Cash Deposit,13757.08,Nigeria,Low,AN040,Closed,2025-03-08,2,Closed - False Positive,0.4,N
ALT03034,C01531,2025-03-06,Dormant Account Reactivation,65014.09,Cyprus,High,AN035,Closed,2025-03-29,23,SAR Filed,11.0,Y
ALT04058,C01287,2025-03-06,Round-Amount Transfers,12488.86,United Kingdom,Medium,AN037,Closed,2025-03-09,3,Closed - False Positive,0.4,N
ALT01928,C00985,2025-03-06,Structuring,7347.94,United Kingdom,High,AN037,Closed,2025-03-26,20,Closed - False Positive,0.8,N
ALT02781,C01699,2025-03-06,Unusual Activity vs Profile,2443.23,United Kingdom,Medium,AN040,Closed,2025-03-09,3,Closed - False Positive,0.5,N
ALT02841,C01543,2025-03-07,Structuring,8513.8,United Kingdom,Medium,AN038,Closed,2025-03-09,2,Closed - False Positive,1.0,N
ALT04298,C00737,2025-03-07,Structuring,8739.34,United Kingdom,High,AN034,Closed,2025-03-18,11,Closed - False Positive,1.0,N
ALT02077,C00975,2025-03-07,Structuring,8249.62,United Kingdom,High,AN036,Closed,2025-03-14,7,Closed - False Positive,0.9,N
ALT01557,C00660,2025-03-07,Rapid Movement of Funds,152493.1,United Kingdom,High,AN033,Closed,2025-03-10,3,Closed - False Positive,1.0,N
ALT04073,C00215,2025-03-07,Rapid Movement of Funds,14538.31,United Kingdom,Low,AN037,Closed,2025-03-14,7,Closed - False Positive,0.4,N
ALT02611,C01964,2025-03-07,Structuring,9378.93,United Kingdom,Medium,AN037,Closed,2025-03-14,7,Closed - False Positive,0.8,N
ALT03542,C00565,2025-03-07,High-Risk Jurisdiction Transfer,5476.99,United Kingdom,Low,AN039,Closed,2025-03-21,14,Closed - False Positive,0.5,N
ALT03905,C02946,2025-03-07,High-Risk Jurisdiction Transfer,11145.33,India,Medium,AN035,Closed,2025-03-11,4,Closed - False Positive,0.7,N
ALT04848,C02114,2025-03-07,Structuring,8668.69,Cyprus,Medium,AN037,Closed,2025-03-12,5,Closed - False Positive,0.5,N
ALT00808,C02312,2025-03-08,Structuring,7333.54,United Kingdom,Low,AN035,Closed,2025-03-19,11,Closed - False Positive,0.9,N
ALT06014,C02115,2025-03-08,Rapid Movement of Funds,55320.22,United Kingdom,High,AN033,Closed,2025-03-09,1,Closed - False Positive,0.9,N
ALT00734,C02373,2025-03-08,Round-Amount Transfers,42019.22,United Kingdom,High,AN033,Closed,2025-03-09,1,Closed - False Positive,0.5,N
ALT02057,C01901,2025-03-08,Large Cash Deposit,37436.4,United Kingdom,Low,AN037,Closed,2025-03-10,2,Closed - False Positive,1.1,N
ALT00674,C01279,2025-03-08,High-Risk Jurisdiction Transfer,5601.09,Russia,Low,AN038,Closed,2025-03-19,11,Closed - False Positive,0.4,N
ALT02165,C02626,2025-03-08,High-Risk Jurisdiction Transfer,4942.46,France,Low,AN034,Closed,2025-03-20,12,Closed - False Positive,0.8,N
ALT03906,C00176,2025-03-08,Large Cash Deposit,18944.09,United Kingdom,Medium,AN037,Closed,2025-03-15,7,Closed - False Positive,1.0,N
ALT03444,C01532,2025-03-09,High-Risk Jurisdiction Transfer,6853.37,United Kingdom,High,AN033,Closed,2025-03-14,5,Closed - False Positive,0.3,N
ALT02866,C01862,2025-03-09,Unusual Activity vs Profile,5315.56,United States,Low,AN036,Closed,2025-03-13,4,Closed - False Positive,0.3,N
ALT01764,C02829,2025-03-09,Large Cash Deposit,57231.73,United Kingdom,High,AN035,Closed,2025-03-18,9,Closed - False Positive,0.8,N
ALT01104,C01485,2025-03-09,Large Cash Deposit,31786.19,United Kingdom,Medium,AN035,Closed,2025-03-17,8,Closed - False Positive,0.5,N
ALT04548,C01556,2025-03-09,Round-Amount Transfers,18402.72,United Kingdom,Medium,AN038,Closed,2025-03-13,4,Closed - False Positive,0.6,N
ALT02087,C01553,2025-03-09,High-Risk Jurisdiction Transfer,10659.05,United Kingdom,Medium,AN037,Closed,2025-03-14,5,Closed - False Positive,0.7,N
ALT04380,C01881,2025-03-10,Structuring,9762.95,United Kingdom,High,AN034,Closed,2025-03-11,1,Closed - False Positive,0.6,N
ALT01902,C02435,2025-03-10,Rapid Movement of Funds,5783.24,United Kingdom,High,AN034,Closed,2025-03-14,4,Closed - False Positive,0.4,N
ALT00182,C00975,2025-03-10,Dormant Account Reactivation,17236.05,United Kingdom,High,AN040,Closed,2025-03-27,17,Closed - False Positive,1.1,N
ALT05099,C01664,2025-03-10,Dormant Account Reactivation,10421.24,United Kingdom,Medium,AN038,Closed,2025-03-18,8,Closed - False Positive,1.0,N
ALT06164,C02805,2025-03-10,High-Risk Jurisdiction Transfer,9927.86,United Kingdom,Low,AN034,Closed,2025-03-14,4,Closed - False Positive,1.1,N
ALT04360,C02220,2025-03-10,High-Risk Jurisdiction Transfer,31687.46,United States,Medium,AN033,Closed,2025-03-15,5,Closed - False Positive,0.5,N
ALT01340,C00803,2025-03-10,Round-Amount Transfers,6969.25,United Kingdom,Low,AN038,Closed,2025-03-15,5,Closed - False Positive,0.8,N
ALT02955,C02577,2025-03-11,Unusual Activity vs Profile,13651.09,France,Low,AN038,Closed,2025-03-13,2,Closed - False Positive,1.0,N
ALT00345,C00332,2025-03-11,High-Risk Jurisdiction Transfer,13231.33,United States,High,AN040,Closed,2025-03-12,1,Closed - False Positive,0.5,N
ALT00561,C01314,2025-03-11,Rapid Movement of Funds,25209.45,Russia,High,AN036,Closed,2025-03-19,8,Closed - False Positive,0.6,N
ALT03641,C01713,2025-03-11,Large Cash Deposit,52823.63,United Kingdom,High,AN040,Closed,2025-03-13,2,Closed - False Positive,1.0,N
ALT01921,C00139,2025-03-11,High-Risk Jurisdiction Transfer,22590.26,United Kingdom,Medium,AN040,Closed,2025-03-13,2,Closed - False Positive,0.9,N
ALT05874,C02816,2025-03-11,Rapid Movement of Funds,9694.01,United Kingdom,High,AN038,Closed,2025-03-16,5,Closed - False Positive,0.7,N
ALT03302,C01995,2025-03-11,Structuring,9015.32,Germany,High,AN037,Closed,2025-03-19,8,Closed - False Positive,0.5,N
ALT04011,C02829,2025-03-11,Unusual Activity vs Profile,11764.66,United Kingdom,Medium,AN039,Closed,2025-03-25,14,Closed - False Positive,0.3,N
ALT03647,C02385,2025-03-11,Unusual Activity vs Profile,53722.18,United States,High,AN036,Closed,2025-03-16,5,Closed - False Positive,0.5,N
ALT05943,C00781,2025-03-11,Large Cash Deposit,50703.76,United Kingdom,High,AN040,Closed,2025-03-13,2,Closed - False Positive,0.7,N
ALT03055,C01850,2025-03-11,High-Risk Jurisdiction Transfer,78570.7,Ireland,High,AN038,Closed,2025-03-15,4,Closed - False Positive,0.5,N
ALT00791,C00242,2025-03-12,Large Cash Deposit,24885.28,United Kingdom,Low,AN037,Closed,2025-03-18,6,Closed - False Positive,0.4,N
ALT01719,C00046,2025-03-12,Unusual Activity vs Profile,6856.49,United Kingdom,Low,AN040,Closed,2025-04-01,20,Escalated to Investigation,4.3,N
ALT03336,C01995,2025-03-12,Dormant Account Reactivation,9556.93,United Kingdom,High,AN040,Closed,2025-03-16,4,Closed - False Positive,1.2,N
ALT04359,C01661,2025-03-12,Rapid Movement of Funds,17462.08,India,Medium,AN039,Closed,2025-03-21,9,Closed - False Positive,0.8,N
ALT00681,C01197,2025-03-12,Structuring,7851.37,Ireland,Medium,AN033,Closed,2025-03-14,2,Closed - False Positive,1.1,N
ALT04769,C00332,2025-03-12,Large Cash Deposit,40562.54,Ireland,High,AN033,Closed,2025-03-18,6,Closed - False Positive,1.0,N
ALT01012,C00504,2025-03-12,Large Cash Deposit,49182.86,United Kingdom,Medium,AN033,Closed,2025-03-15,3,Closed - False Positive,1.0,N
ALT00921,C01376,2025-03-12,Structuring,8296.54,Hong Kong,Low,AN039,Closed,2025-03-16,4,Closed - False Positive,0.3,N
ALT01595,C02109,2025-03-12,Unusual Activity vs Profile,2962.03,United Kingdom,Low,AN036,Closed,2025-03-18,6,Closed - False Positive,0.7,N
ALT01509,C00860,2025-03-12,High-Risk Jurisdiction Transfer,6600.04,Russia,Medium,AN039,Closed,2025-03-25,13,Closed - False Positive,0.6,N
ALT01126,C01814,2025-03-12,Dormant Account Reactivation,31088.02,United Kingdom,Low,AN034,Closed,2025-03-20,8,Closed - False Positive,0.9,N
ALT00683,C01904,2025-03-12,Unusual Activity vs Profile,39496.44,United Kingdom,High,AN035,Closed,2025-03-20,8,Closed - False Positive,0.8,N
ALT00299,C00660,2025-03-13,Unusual Activity vs Profile,5256.58,United Kingdom,Medium,AN035,Closed,2025-03-15,2,Closed - False Positive,0.3,N
ALT05762,C01959,2025-03-13,Unusual Activity vs Profile,1835.67,United Kingdom,Low,AN033,Closed,2025-03-14,1,Closed - False Positive,1.1,N
ALT02261,C00602,2025-03-13,High-Risk Jurisdiction Transfer,11716.9,United Kingdom,Low,AN037,Closed,2025-03-17,4,Closed - False Positive,0.4,N
ALT01284,C00795,2025-03-13,Unusual Activity vs Profile,18628.13,United Kingdom,Medium,AN040,Closed,2025-03-25,12,Closed - False Positive,0.4,N
ALT03867,C00367,2025-03-13,Unusual Activity vs Profile,17096.01,France,Medium,AN033,Closed,2025-03-20,7,Closed - False Positive,0.8,N
ALT04118,C02056,2025-03-13,Rapid Movement of Funds,9554.96,United Kingdom,Low,AN034,Closed,2025-03-17,4,Closed - False Positive,0.5,N
ALT02278,C00730,2025-03-13,Structuring,9715.41,United Kingdom,Low,AN035,Closed,2025-04-14,32,Escalated to Investigation,3.8,N
ALT02021,C00412,2025-03-13,Unusual Activity vs Profile,27517.75,United Kingdom,Medium,AN034,Closed,2025-03-20,7,Closed - False Positive,1.0,N
ALT01963,C02528,2025-03-13,Unusual Activity vs Profile,11898.25,United Kingdom,Medium,AN035,Closed,2025-03-15,2,Closed - False Positive,0.3,N
ALT03719,C01132,2025-03-13,High-Risk Jurisdiction Transfer,22231.7,United Kingdom,Medium,AN040,Closed,2025-03-16,3,Closed - False Positive,1.1,N
ALT03515,C00318,2025-03-13,Rapid Movement of Funds,3187.15,United Kingdom,High,AN035,Closed,2025-03-25,12,Closed - False Positive,1.0,N
ALT05709,C01944,2025-03-14,Unusual Activity vs Profile,27750.07,Nigeria,High,AN035,Closed,2025-03-23,9,Closed - False Positive,0.4,N
ALT04732,C02078,2025-03-14,Structuring,9393.22,United Kingdom,Low,AN033,Closed,2025-03-22,8,Closed - False Positive,0.7,N
ALT00086,C01583,2025-03-14,High-Risk Jurisdiction Transfer,28877.49,France,Low,AN039,Closed,2025-03-27,13,Closed - False Positive,0.7,N
ALT03322,C00819,2025-03-14,Dormant Account Reactivation,24729.53,United Kingdom,Low,AN036,Closed,2025-03-20,6,Closed - False Positive,1.1,N
ALT05672,C01580,2025-03-15,Structuring,8824.32,Germany,Low,AN037,Closed,2025-03-19,4,Closed - False Positive,0.5,N
ALT03766,C00413,2025-03-15,Round-Amount Transfers,71103.38,UAE,High,AN037,Closed,2025-03-25,10,Closed - False Positive,0.4,N
ALT05348,C00673,2025-03-15,High-Risk Jurisdiction Transfer,8205.45,Pakistan,Medium,AN039,Closed,2025-03-21,6,Closed - False Positive,0.9,N
ALT03837,C00743,2025-03-15,High-Risk Jurisdiction Transfer,3990.57,India,Medium,AN036,Closed,2025-03-24,9,Closed - False Positive,1.2,N
ALT04540,C02713,2025-03-15,Rapid Movement of Funds,30743.54,United Kingdom,Low,AN035,Closed,2025-03-22,7,Closed - False Positive,0.5,N
ALT02449,C00230,2025-03-16,Round-Amount Transfers,5384.39,India,Medium,AN038,Closed,2025-03-19,3,Closed - False Positive,0.5,N
ALT03273,C01989,2025-03-16,Unusual Activity vs Profile,3496.88,United Kingdom,High,AN038,Closed,2025-03-20,4,Closed - False Positive,0.5,N
ALT02102,C01754,2025-03-16,Rapid Movement of Funds,28906.09,United Kingdom,Medium,AN034,Closed,2025-03-20,4,Closed - False Positive,1.0,N
ALT02328,C01594,2025-03-16,Structuring,8102.53,United Kingdom,High,AN036,Closed,2025-03-29,13,Closed - False Positive,0.3,N
ALT03555,C02319,2025-03-16,Dormant Account Reactivation,9633.62,United Kingdom,Medium,AN036,Closed,2025-03-31,15,Closed - False Positive,0.5,N
ALT02768,C01454,2025-03-17,High-Risk Jurisdiction Transfer,2354.06,UAE,Medium,AN033,Closed,2025-03-23,6,Closed - False Positive,0.8,N
ALT05861,C01774,2025-03-17,Unusual Activity vs Profile,12468.63,United Kingdom,High,AN034,Closed,2025-03-23,6,Closed - False Positive,0.8,N
ALT05091,C00396,2025-03-17,Round-Amount Transfers,9067.75,UAE,Medium,AN034,Closed,2025-03-22,5,Closed - False Positive,0.9,N
ALT06453,C02491,2025-03-17,Rapid Movement of Funds,14542.34,United Kingdom,High,AN040,Closed,2025-04-07,21,SAR Filed,3.2,Y
ALT04030,C01097,2025-03-17,Large Cash Deposit,26146.74,United Kingdom,High,AN033,Closed,2025-04-05,19,SAR Filed,13.4,Y
ALT03440,C01143,2025-03-17,High-Risk Jurisdiction Transfer,17685.75,United Kingdom,Low,AN040,Closed,2025-03-19,2,Closed - False Positive,1.1,N
ALT03379,C00773,2025-03-17,Round-Amount Transfers,16437.79,United Kingdom,Medium,AN037,Closed,2025-04-30,44,Escalated to Investigation,8.3,N
ALT00035,C01106,2025-03-18,Structuring,9759.06,United Kingdom,Low,AN040,Closed,2025-03-29,11,Closed - False Positive,0.4,N
ALT02602,C02289,2025-03-18,Round-Amount Transfers,11065.54,Pakistan,High,AN040,Closed,2025-04-14,27,SAR Filed,10.8,Y
ALT04373,C02663,2025-03-18,Large Cash Deposit,18761.2,United Kingdom,Medium,AN038,Closed,2025-03-20,2,Closed - False Positive,0.8,N
ALT03144,C00632,2025-03-18,Rapid Movement of Funds,2911.56,United Kingdom,Low,AN033,Closed,2025-03-20,2,Closed - False Positive,1.0,N
ALT05611,C01959,2025-03-18,Dormant Account Reactivation,212461.2,Hong Kong,High,AN038,Closed,2025-03-20,2,Closed - False Positive,1.1,N
ALT03386,C02299,2025-03-18,Round-Amount Transfers,19002.37,United States,High,AN040,Closed,2025-03-25,7,Closed - False Positive,0.5,N
ALT04858,C02515,2025-03-18,Round-Amount Transfers,4549.88,United States,Medium,AN033,Closed,2025-03-23,5,Closed - False Positive,1.0,N
ALT06473,C01587,2025-03-18,Round-Amount Transfers,85428.86,United Kingdom,High,AN038,Closed,2025-04-01,14,SAR Filed,10.4,Y
ALT01628,C00070,2025-03-19,Round-Amount Transfers,34477.63,United States,High,AN034,Closed,2025-03-22,3,Closed - False Positive,0.3,N
ALT05019,C00494,2025-03-19,Rapid Movement of Funds,15682.7,United Kingdom,Low,AN039,Closed,2025-04-13,25,SAR Filed,5.2,Y
ALT03786,C02465,2025-03-19,Structuring,7591.0,United Kingdom,Low,AN037,Closed,2025-03-25,6,SAR Filed,12.7,Y
ALT01790,C01214,2025-03-19,Rapid Movement of Funds,26860.63,United Kingdom,Low,AN037,Closed,2025-03-28,9,Closed - False Positive,0.5,N
ALT04171,C01599,2025-03-19,Rapid Movement of Funds,32370.13,United Kingdom,High,AN038,Closed,2025-03-24,5,Closed - False Positive,0.3,N
ALT06016,C01854,2025-03-19,Unusual Activity vs Profile,6306.89,Pakistan,High,AN040,Closed,2025-03-26,7,Closed - False Positive,0.7,N
ALT01979,C01397,2025-03-19,Rapid Movement of Funds,46590.68,United Kingdom,High,AN037,Closed,2025-03-31,12,Escalated to Investigation,5.5,N
ALT06151,C00737,2025-03-19,Rapid Movement of Funds,20189.21,UAE,High,AN033,Closed,2025-03-26,7,Closed - False Positive,0.3,N
ALT00661,C00753,2025-03-19,Rapid Movement of Funds,11705.44,United Kingdom,High,AN039,Closed,2025-03-21,2,Closed - False Positive,0.9,N
ALT03921,C02574,2025-03-19,Unusual Activity vs Profile,23585.76,United Kingdom,Medium,AN034,Closed,2025-04-10,22,SAR Filed,9.9,Y
ALT00492,C01567,2025-03-19,Rapid Movement of Funds,2423.23,United Kingdom,High,AN039,Closed,2025-03-22,3,Closed - False Positive,0.9,N
ALT04319,C01125,2025-03-19,Unusual Activity vs Profile,4535.72,United Kingdom,Medium,AN034,Closed,2025-03-31,12,Closed - False Positive,0.4,N
ALT03038,C00453,2025-03-19,High-Risk Jurisdiction Transfer,1331.66,United Kingdom,Medium,AN034,Closed,2025-03-24,5,Closed - False Positive,0.6,N
ALT01993,C00225,2025-03-20,Rapid Movement of Funds,4113.73,United Kingdom,Medium,AN039,Closed,2025-04-10,21,Closed - False Positive,0.8,N
ALT02199,C02725,2025-03-20,High-Risk Jurisdiction Transfer,34702.01,United Kingdom,High,AN033,Closed,2025-05-09,50,Escalated to Investigation,5.2,N
ALT03155,C01086,2025-03-20,Rapid Movement of Funds,12865.05,United Kingdom,High,AN033,Closed,2025-03-24,4,Closed - False Positive,0.4,N
ALT02209,C01635,2025-03-20,Large Cash Deposit,46749.89,United Kingdom,High,AN039,Closed,2025-03-27,7,Closed - False Positive,1.0,N
ALT02056,C02615,2025-03-20,Large Cash Deposit,16352.75,Panama,High,AN040,Closed,2025-03-21,1,Closed - False Positive,1.1,N
ALT02690,C02231,2025-03-21,Structuring,8209.59,UAE,Low,AN040,Closed,2025-03-24,3,Closed - False Positive,0.6,N
ALT01085,C01614,2025-03-21,Unusual Activity vs Profile,30390.13,India,High,AN036,Closed,2025-03-31,10,Closed - False Positive,0.8,N
ALT02567,C01398,2025-03-21,High-Risk Jurisdiction Transfer,5315.04,United Kingdom,Medium,AN038,Closed,2025-04-06,16,Closed - False Positive,0.9,N
ALT06319,C02516,2025-03-21,Unusual Activity vs Profile,8065.95,United Kingdom,High,AN039,Closed,2025-03-26,5,Closed - False Positive,1.1,N
ALT05980,C00332,2025-03-21,Round-Amount Transfers,37534.84,United Kingdom,High,AN037,Closed,2025-03-25,4,Closed - False Positive,1.0,N
ALT04835,C01981,2025-03-21,Rapid Movement of Funds,37701.5,Germany,Low,AN034,Closed,2025-03-22,1,Closed - False Positive,0.8,N
ALT06053,C01275,2025-03-21,High-Risk Jurisdiction Transfer,11790.06,India,Medium,AN040,Closed,2025-03-24,3,Closed - False Positive,0.5,N
ALT02185,C00228,2025-03-21,High-Risk Jurisdiction Transfer,17430.14,United Kingdom,Medium,AN033,Closed,2025-03-28,7,Closed - False Positive,1.1,N
ALT01381,C01207,2025-03-21,Large Cash Deposit,53384.98,United Kingdom,High,AN034,Closed,2025-03-27,6,Closed - False Positive,0.4,N
ALT02402,C01686,2025-03-21,Round-Amount Transfers,47879.51,United Kingdom,High,AN038,Closed,2025-04-05,15,Closed - False Positive,1.2,N
ALT05122,C01292,2025-03-22,Unusual Activity vs Profile,17133.86,Germany,High,AN037,Closed,2025-03-23,1,Closed - False Positive,0.4,N
ALT05141,C02809,2025-03-22,Structuring,8663.18,India,High,AN037,Closed,2025-03-24,2,Closed - False Positive,0.9,N
ALT03883,C00741,2025-03-22,Structuring,7459.59,United Kingdom,Low,AN033,Closed,2025-03-24,2,Closed - False Positive,0.4,N
ALT00440,C01126,2025-03-22,Unusual Activity vs Profile,22450.82,Germany,Low,AN037,Closed,2025-03-24,2,Closed - False Positive,0.9,N
ALT01214,C01754,2025-03-22,Large Cash Deposit,32696.73,India,Medium,AN034,Closed,2025-03-26,4,Closed - False Positive,0.5,N
ALT01645,C02904,2025-03-22,High-Risk Jurisdiction Transfer,31224.11,United Kingdom,High,AN035,Closed,2025-04-09,18,SAR Filed,6.9,Y
ALT03122,C01490,2025-03-23,Rapid Movement of Funds,2774.99,United Kingdom,Low,AN035,Closed,2025-03-29,6,Closed - False Positive,0.4,N
ALT02313,C01272,2025-03-23,Structuring,9078.31,United Kingdom,High,AN037,Closed,2025-04-03,11,Closed - False Positive,0.4,N
ALT00044,C01123,2025-03-23,High-Risk Jurisdiction Transfer,5224.41,United Kingdom,High,AN033,Closed,2025-03-28,5,Closed - False Positive,0.4,N
ALT00726,C00649,2025-03-23,Structuring,9166.41,India,High,AN035,Closed,2025-04-10,18,Escalated to Investigation,7.1,N
ALT05033,C00588,2025-03-23,Unusual Activity vs Profile,13499.01,United Kingdom,Low,AN034,Closed,2025-03-27,4,Closed - False Positive,0.6,N
ALT03592,C01319,2025-03-23,Large Cash Deposit,50780.6,United Kingdom,High,AN035,Closed,2025-03-30,7,Closed - False Positive,0.8,N
ALT02519,C02662,2025-03-23,Large Cash Deposit,27522.49,United Kingdom,High,AN035,Closed,2025-04-02,10,Closed - False Positive,0.8,N
ALT00388,C01091,2025-03-23,Round-Amount Transfers,12683.9,United Kingdom,Medium,AN034,Closed,2025-04-06,14,Escalated to Investigation,9.4,N
ALT01049,C00596,2025-03-23,Round-Amount Transfers,38459.82,United Kingdom,Medium,AN040,Closed,2025-03-26,3,Closed - False Positive,1.1,N
ALT06229,C02284,2025-03-23,Round-Amount Transfers,10618.95,United Kingdom,High,AN036,Closed,2025-03-26,3,Closed - False Positive,0.6,N
ALT00481,C02877,2025-03-23,Unusual Activity vs Profile,10242.79,United Kingdom,Low,AN039,Closed,2025-03-30,7,Closed - False Positive,0.4,N
ALT02869,C02942,2025-03-24,High-Risk Jurisdiction Transfer,17345.79,India,Medium,AN037,Closed,2025-03-29,5,Closed - False Positive,0.6,N
ALT00422,C02768,2025-03-24,Unusual Activity vs Profile,91275.41,United Kingdom,High,AN033,Closed,2025-04-01,8,Closed - False Positive,0.9,N
ALT00138,C00516,2025-03-24,High-Risk Jurisdiction Transfer,7100.86,United Kingdom,Medium,AN033,Closed,2025-03-26,2,Closed - False Positive,0.5,N
ALT02574,C01689,2025-03-24,Structuring,8006.22,United Kingdom,Low,AN033,Closed,2025-03-30,6,Closed - False Positive,0.8,N
ALT03866,C00758,2025-03-24,Structuring,9655.1,India,Low,AN034,Closed,2025-03-28,4,Closed - False Positive,1.0,N
ALT02682,C02515,2025-03-24,Large Cash Deposit,21390.68,United Kingdom,Medium,AN038,Closed,2025-03-27,3,Closed - False Positive,0.8,N
ALT03638,C00766,2025-03-24,High-Risk Jurisdiction Transfer,14261.23,Panama,Medium,AN040,Closed,2025-04-01,8,Closed - False Positive,0.6,N
ALT03269,C01756,2025-03-24,Rapid Movement of Funds,28986.06,UAE,Low,AN033,Closed,2025-03-26,2,Closed - False Positive,0.5,N
ALT03326,C02745,2025-03-24,Structuring,7885.62,Ireland,Medium,AN038,Closed,2025-03-28,4,Closed - False Positive,0.6,N
ALT04899,C02452,2025-03-24,Large Cash Deposit,27335.56,United Kingdom,Low,AN034,Closed,2025-03-30,6,Closed - False Positive,0.8,N
ALT02043,C00570,2025-03-24,Rapid Movement of Funds,17608.79,United Kingdom,Low,AN039,Closed,2025-03-30,6,Closed - False Positive,0.6,N
ALT00045,C01406,2025-03-25,Unusual Activity vs Profile,6465.27,United Kingdom,Low,AN039,Closed,2025-03-28,3,Closed - False Positive,1.0,N
ALT03085,C01291,2025-03-25,Round-Amount Transfers,3153.67,United Kingdom,Low,AN039,Closed,2025-04-01,7,Closed - False Positive,0.4,N
ALT01818,C01545,2025-03-25,Unusual Activity vs Profile,40042.37,United Kingdom,Medium,AN039,Closed,2025-03-31,6,Closed - False Positive,1.1,N
ALT01831,C02502,2025-03-25,Round-Amount Transfers,5317.1,United Kingdom,Medium,AN039,Closed,2025-03-28,3,Closed - False Positive,0.4,N
ALT04137,C00708,2025-03-25,Structuring,8863.84,UAE,Low,AN039,Closed,2025-04-08,14,Escalated to Investigation,12.6,N
ALT01158,C02910,2025-03-25,Large Cash Deposit,42982.0,United Kingdom,Low,AN033,Closed,2025-04-27,33,SAR Filed,11.8,Y
ALT02583,C01720,2025-03-25,High-Risk Jurisdiction Transfer,33608.02,United Kingdom,Medium,AN033,Closed,2025-04-20,26,Closed - False Positive,1.0,N
ALT03350,C01617,2025-03-25,Rapid Movement of Funds,13761.1,United Kingdom,Low,AN040,Closed,2025-04-18,24,Escalated to Investigation,3.3,N
ALT02160,C02465,2025-03-25,Dormant Account Reactivation,31023.66,United Kingdom,Medium,AN037,Closed,2025-04-05,11,Closed - False Positive,0.8,N
ALT03403,C00744,2025-03-25,Dormant Account Reactivation,3093.46,United Kingdom,Low,AN040,Closed,2025-04-02,8,Closed - False Positive,1.0,N
ALT00973,C02190,2025-03-25,Unusual Activity vs Profile,7736.93,United Kingdom,Medium,AN036,Closed,2025-03-28,3,Closed - False Positive,1.1,N
ALT03377,C01389,2025-03-25,Round-Amount Transfers,93314.29,United States,High,AN037,Closed,2025-03-28,3,Closed - False Positive,1.1,N
ALT04331,C00503,2025-03-26,Rapid Movement of Funds,6235.47,United Kingdom,Medium,AN036,Closed,2025-03-30,4,Closed - False Positive,1.2,N
ALT02693,C01869,2025-03-26,Unusual Activity vs Profile,66050.84,Germany,High,AN040,Closed,2025-04-01,6,Closed - False Positive,0.8,N
ALT01210,C02115,2025-03-26,High-Risk Jurisdiction Transfer,42830.22,Ireland,High,AN033,Closed,2025-04-01,6,Closed - False Positive,0.3,N
ALT02022,C02972,2025-03-26,Rapid Movement of Funds,81064.19,United Kingdom,High,AN039,Closed,2025-04-06,11,Closed - False Positive,1.0,N
ALT00448,C00642,2025-03-26,Rapid Movement of Funds,19163.9,United Kingdom,Medium,AN037,Closed,2025-03-31,5,Closed - False Positive,1.1,N
ALT06373,C00083,2025-03-26,Structuring,8699.75,United States,Medium,AN033,Closed,2025-04-03,8,Closed - False Positive,1.1,N
ALT06083,C02039,2025-03-27,Rapid Movement of Funds,13729.33,Hong Kong,Low,AN039,Closed,2025-04-14,18,Closed - False Positive,0.4,N
ALT00759,C01750,2025-03-27,High-Risk Jurisdiction Transfer,6225.84,United Kingdom,High,AN033,Closed,2025-04-03,7,Closed - False Positive,0.9,N
ALT02055,C02235,2025-03-27,Round-Amount Transfers,27678.36,Ireland,Low,AN037,Closed,2025-04-02,6,Closed - False Positive,0.3,N
ALT02854,C01853,2025-03-27,Unusual Activity vs Profile,1478.68,France,Medium,AN038,Closed,2025-04-02,6,Closed - False Positive,0.7,N
ALT01636,C02715,2025-03-27,Round-Amount Transfers,11996.7,UAE,Medium,AN039,Closed,2025-04-06,10,Closed - False Positive,0.8,N
ALT03371,C02039,2025-03-27,Rapid Movement of Funds,13550.77,United Kingdom,Medium,AN038,Closed,2025-03-28,1,Closed - False Positive,0.3,N
ALT05716,C01175,2025-03-27,High-Risk Jurisdiction Transfer,14540.23,United Kingdom,High,AN038,Closed,2025-04-01,5,Closed - False Positive,1.0,N
ALT01264,C02945,2025-03-27,Rapid Movement of Funds,8844.82,Hong Kong,Low,AN040,Closed,2025-03-31,4,Closed - False Positive,1.2,N
ALT06068,C02951,2025-03-27,Rapid Movement of Funds,9124.02,United Kingdom,Medium,AN037,Closed,2025-04-08,12,Closed - False Positive,1.0,N
ALT06430,C00083,2025-03-28,Round-Amount Transfers,7185.45,United Kingdom,Low,AN034,Closed,2025-03-31,3,Closed - False Positive,0.4,N
ALT00163,C02789,2025-03-28,Round-Amount Transfers,2001.26,United Kingdom,High,AN040,Closed,2025-03-30,2,Closed - False Positive,1.0,N
ALT00962,C02554,2025-03-28,Dormant Account Reactivation,23283.62,United Kingdom,High,AN040,Closed,2025-04-13,16,Closed - False Positive,0.6,N
ALT00951,C00618,2025-03-28,Structuring,8751.91,United Kingdom,High,AN038,Closed,2025-04-01,4,Closed - False Positive,0.4,N
ALT04895,C00408,2025-03-28,Structuring,7463.39,United Kingdom,Medium,AN033,Closed,2025-03-30,2,Closed - False Positive,0.5,N
ALT02740,C01504,2025-03-28,Unusual Activity vs Profile,7345.14,United Kingdom,Low,AN038,Closed,2025-04-01,4,Closed - False Positive,0.5,N
ALT03782,C02100,2025-03-28,Dormant Account Reactivation,38387.63,United Kingdom,Medium,AN035,Closed,2025-04-04,7,Closed - False Positive,0.5,N
ALT01671,C01389,2025-03-29,Dormant Account Reactivation,11500.41,Nigeria,Low,AN039,Closed,2025-04-01,3,Closed - False Positive,0.5,N
ALT06085,C01206,2025-03-29,Round-Amount Transfers,7772.58,Ireland,Medium,AN033,Closed,2025-04-04,6,Closed - False Positive,0.5,N
ALT00335,C00144,2025-03-29,Rapid Movement of Funds,11949.45,Russia,Medium,AN039,Closed,2025-04-03,5,Closed - False Positive,0.7,N
ALT06344,C01737,2025-03-29,High-Risk Jurisdiction Transfer,61514.88,Cyprus,High,AN035,Closed,2025-04-02,4,Closed - False Positive,0.4,N
ALT06056,C01519,2025-03-29,Rapid Movement of Funds,11992.63,India,Medium,AN038,Closed,2025-04-01,3,Closed - False Positive,0.9,N
ALT03896,C00063,2025-03-29,Structuring,9015.99,United States,Medium,AN036,Closed,2025-04-01,3,Closed - False Positive,0.3,N
ALT03238,C01775,2025-03-29,Structuring,7179.49,United Kingdom,Low,AN033,Closed,2025-03-30,1,Closed - False Positive,0.8,N
ALT00624,C00205,2025-03-29,Structuring,9773.02,United Kingdom,Low,AN035,Closed,2025-04-06,8,Closed - False Positive,0.7,N
ALT04280,C02662,2025-03-29,Unusual Activity vs Profile,9605.39,France,High,AN036,Closed,2025-03-30,1,Closed - False Positive,0.9,N
ALT03042,C02373,2025-03-29,Rapid Movement of Funds,2912.06,United Kingdom,High,AN040,Closed,2025-04-02,4,Closed - False Positive,0.5,N
ALT05892,C02029,2025-03-29,Unusual Activity vs Profile,33281.97,Ireland,Medium,AN033,Closed,2025-04-03,5,Closed - False Positive,1.1,N
ALT04125,C02894,2025-03-29,Rapid Movement of Funds,5442.91,Germany,Medium,AN035,Closed,2025-04-20,22,SAR Filed,11.3,Y
ALT02863,C02207,2025-03-30,Dormant Account Reactivation,13424.74,Pakistan,Medium,AN034,Closed,2025-04-06,7,Closed - False Positive,0.3,N
ALT01644,C01170,2025-03-30,Unusual Activity vs Profile,16158.46,United Kingdom,Low,AN037,Closed,2025-04-07,8,Closed - False Positive,0.9,N
ALT02784,C00886,2025-03-30,High-Risk Jurisdiction Transfer,12387.14,Nigeria,High,AN040,Closed,2025-04-01,2,Closed - False Positive,1.1,N
ALT00186,C01078,2025-03-30,Rapid Movement of Funds,1491.8,Ireland,High,AN040,Closed,2025-04-03,4,Closed - False Positive,0.8,N
ALT06479,C02567,2025-03-30,Structuring,8354.54,United Kingdom,Medium,AN034,Closed,2025-04-05,6,Closed - False Positive,0.4,N
ALT02448,C02167,2025-03-30,High-Risk Jurisdiction Transfer,9631.71,United Kingdom,High,AN034,Closed,2025-04-08,9,Closed - False Positive,1.1,N
ALT00916,C01219,2025-03-30,Structuring,9568.98,India,High,AN040,Closed,2025-04-18,19,Closed - False Positive,0.8,N
ALT04906,C00457,2025-03-30,High-Risk Jurisdiction Transfer,19411.01,United Kingdom,Medium,AN036,Closed,2025-04-03,4,Closed - False Positive,1.2,N
ALT03327,C01567,2025-03-30,Dormant Account Reactivation,3261.16,United Kingdom,High,AN037,Closed,2025-04-03,4,Closed - False Positive,0.5,N
ALT01039,C00271,2025-03-30,Unusual Activity vs Profile,37952.6,United Kingdom,Medium,AN038,Closed,2025-03-31,1,Closed - False Positive,0.3,N
ALT05488,C00886,2025-03-30,Large Cash Deposit,36877.67,United Kingdom,High,AN039,Closed,2025-04-08,9,Closed - False Positive,0.3,N
ALT02012,C02001,2025-03-30,Rapid Movement of Funds,2393.95,France,Medium,AN038,Closed,2025-04-08,9,Closed - False Positive,1.1,N
ALT06105,C00736,2025-03-31,Dormant Account Reactivation,12448.4,United Kingdom,Low,AN035,Closed,2025-04-05,5,Closed - False Positive,0.7,N
ALT00598,C00139,2025-03-31,Large Cash Deposit,19091.22,Pakistan,Low,AN040,Closed,2025-04-09,9,Closed - False Positive,1.1,N
ALT03158,C02701,2025-03-31,Structuring,8557.51,United Kingdom,High,AN038,Closed,2025-04-02,2,Closed - False Positive,0.8,N
ALT01805,C00231,2025-03-31,Rapid Movement of Funds,7926.02,United Kingdom,Medium,AN033,Closed,2025-04-06,6,Closed - False Positive,0.8,N
ALT05441,C01324,2025-03-31,High-Risk Jurisdiction Transfer,14886.3,United Kingdom,Medium,AN036,Closed,2025-04-02,2,Closed - False Positive,1.1,N
ALT00201,C02284,2025-03-31,Unusual Activity vs Profile,92532.63,India,High,AN038,Closed,2025-04-10,10,Escalated to Investigation,3.4,N
ALT05438,C02005,2025-03-31,Unusual Activity vs Profile,13614.46,United Kingdom,Medium,AN037,Closed,2025-04-03,3,Closed - False Positive,1.1,N
ALT02723,C00441,2025-03-31,Structuring,9617.37,United States,High,AN036,Closed,2025-04-11,11,Closed - False Positive,0.9,N
ALT01286,C00066,2025-03-31,Rapid Movement of Funds,28140.45,Pakistan,Low,AN034,Closed,2025-04-04,4,Closed - False Positive,0.4,N
ALT06156,C00439,2025-03-31,High-Risk Jurisdiction Transfer,4227.4,United Kingdom,Medium,AN033,Closed,2025-04-25,25,SAR Filed,5.8,Y
ALT04052,C00263,2025-03-31,Structuring,7825.3,Germany,Medium,AN033,Closed,2025-04-07,7,Closed - False Positive,1.0,N
ALT00434,C01073,2025-03-31,Unusual Activity vs Profile,10734.86,United States,Low,AN034,Closed,2025-04-01,1,Closed - False Positive,1.0,N
ALT02802,C02496,2025-04-01,Round-Amount Transfers,9614.82,United Kingdom,High,AN040,Closed,2025-04-05,4,Closed - False Positive,0.4,N
ALT02838,C00290,2025-04-01,Rapid Movement of Funds,5505.0,United Kingdom,Low,AN034,Closed,2025-04-02,1,Closed - False Positive,0.7,N
ALT05886,C00133,2025-04-01,Structuring,8527.33,United Kingdom,High,AN038,Closed,2025-04-07,6,Closed - False Positive,0.4,N
ALT02825,C01803,2025-04-01,Unusual Activity vs Profile,42909.34,United Kingdom,High,AN035,Closed,2025-05-01,30,SAR Filed,4.0,Y
ALT05900,C00225,2025-04-01,Unusual Activity vs Profile,7709.77,India,Medium,AN037,Closed,2025-04-09,8,Closed - False Positive,0.4,N
ALT04198,C01182,2025-04-01,Unusual Activity vs Profile,837.52,United Kingdom,Medium,AN037,Closed,2025-04-04,3,Closed - False Positive,1.1,N
ALT03114,C02617,2025-04-01,Large Cash Deposit,16863.68,India,Medium,AN038,Closed,2025-04-06,5,Closed - False Positive,0.6,N
ALT01025,C00104,2025-04-02,Rapid Movement of Funds,9068.62,Cyprus,Medium,AN040,Closed,2025-04-11,9,Closed - False Positive,0.9,N
ALT04974,C01415,2025-04-02,Dormant Account Reactivation,9705.39,Nigeria,Low,AN036,Closed,2025-04-17,15,Closed - False Positive,0.8,N
ALT04207,C00047,2025-04-02,High-Risk Jurisdiction Transfer,7580.11,Nigeria,Low,AN033,Closed,2025-04-13,11,Closed - False Positive,0.4,N
ALT02390,C02282,2025-04-02,Unusual Activity vs Profile,4201.91,United States,Medium,AN034,Closed,2025-04-11,9,Closed - False Positive,0.7,N
ALT02137,C01750,2025-04-02,High-Risk Jurisdiction Transfer,9266.22,United Kingdom,High,AN034,Closed,2025-04-08,6,Closed - False Positive,1.2,N
ALT00556,C01333,2025-04-02,Structuring,7178.95,United Kingdom,Low,AN036,Closed,2025-04-08,6,Closed - False Positive,1.1,N
ALT01345,C02962,2025-04-02,Round-Amount Transfers,3511.71,France,Low,AN035,Closed,2025-04-09,7,Closed - False Positive,0.8,N
ALT04522,C00082,2025-04-02,Structuring,8524.6,United Kingdom,High,AN040,Closed,2025-04-09,7,Closed - False Positive,0.7,N
ALT02818,C01879,2025-04-02,Rapid Movement of Funds,45029.6,United Kingdom,Medium,AN034,Closed,2025-04-03,1,Closed - False Positive,1.0,N
ALT01846,C00461,2025-04-02,Rapid Movement of Funds,2491.19,United States,Medium,AN035,Closed,2025-04-03,1,Closed - False Positive,0.9,N
ALT02972,C01858,2025-04-03,Structuring,8713.88,United Kingdom,Low,AN037,Closed,2025-04-09,6,Closed - False Positive,1.0,N
ALT01957,C00568,2025-04-03,Dormant Account Reactivation,12206.02,United Kingdom,Medium,AN037,Closed,2025-04-06,3,Closed - False Positive,0.4,N
ALT04902,C02336,2025-04-03,Large Cash Deposit,29724.75,United Kingdom,High,AN033,Closed,2025-04-13,10,Closed - False Positive,0.5,N
ALT02354,C02768,2025-04-03,High-Risk Jurisdiction Transfer,3391.63,United Kingdom,Low,AN036,Closed,2025-04-18,15,Closed - False Positive,0.7,N
ALT03066,C02503,2025-04-03,Unusual Activity vs Profile,10293.67,United Kingdom,Medium,AN038,Closed,2025-04-06,3,Closed - False Positive,0.9,N
ALT04896,C02934,2025-04-03,Structuring,9099.72,United States,High,AN040,Closed,2025-04-08,5,Closed - False Positive,0.8,N
ALT04861,C00481,2025-04-03,High-Risk Jurisdiction Transfer,73469.18,United States,High,AN038,Closed,2025-04-14,11,Closed - False Positive,0.9,N
ALT03250,C02203,2025-04-03,Dormant Account Reactivation,2867.27,United Kingdom,Low,AN039,Closed,2025-04-12,9,Escalated to Investigation,7.8,N
ALT05642,C00700,2025-04-03,Unusual Activity vs Profile,14911.81,Cyprus,High,AN040,Closed,2025-04-11,8,Closed - False Positive,1.2,N
ALT00603,C01455,2025-04-03,Rapid Movement of Funds,13480.84,United Kingdom,High,AN033,Closed,2025-04-08,5,Closed - False Positive,0.7,N
ALT00386,C02158,2025-04-03,Structuring,9789.25,Nigeria,Low,AN038,Closed,2025-05-05,32,SAR Filed,11.5,Y
ALT00247,C00954,2025-04-03,Rapid Movement of Funds,3538.67,United Kingdom,Medium,AN038,Closed,2025-04-09,6,Closed - False Positive,0.9,N
ALT05858,C02524,2025-04-03,Structuring,8699.97,United Kingdom,Low,AN036,Closed,2025-04-15,12,Closed - False Positive,0.8,N
ALT05471,C01350,2025-04-03,Large Cash Deposit,21738.8,France,Medium,AN037,Closed,2025-04-08,5,Closed - False Positive,0.7,N
ALT03286,C02056,2025-04-03,Large Cash Deposit,25997.41,UAE,Medium,AN039,Closed,2025-04-08,5,Closed - False Positive,1.0,N
ALT00606,C00504,2025-04-03,Structuring,9394.32,India,Medium,AN039,Closed,2025-04-18,15,Closed - False Positive,0.7,N
ALT01843,C01739,2025-04-04,Structuring,7970.68,United Kingdom,Low,AN037,Closed,2025-04-11,7,Closed - False Positive,0.7,N
ALT02227,C01069,2025-04-04,Unusual Activity vs Profile,21491.65,United Kingdom,Medium,AN036,Closed,2025-04-15,11,Closed - False Positive,0.8,N
ALT00819,C02918,2025-04-04,Unusual Activity vs Profile,29880.34,United Kingdom,Medium,AN033,Closed,2025-04-11,7,Closed - False Positive,0.7,N
ALT04181,C01904,2025-04-04,Rapid Movement of Funds,12930.22,United Kingdom,High,AN035,Closed,2025-04-08,4,Closed - False Positive,0.7,N
ALT00813,C01941,2025-04-04,Rapid Movement of Funds,3846.43,UAE,Medium,AN033,Closed,2025-04-05,1,Closed - False Positive,0.9,N
ALT00803,C00833,2025-04-04,Rapid Movement of Funds,6605.42,United Kingdom,Low,AN037,Closed,2025-04-13,9,Closed - False Positive,0.5,N
ALT03772,C01074,2025-04-04,Unusual Activity vs Profile,35580.1,United Kingdom,Low,AN033,Closed,2025-04-13,9,Closed - False Positive,0.3,N
ALT02100,C00872,2025-04-04,Large Cash Deposit,57011.12,United Kingdom,High,AN036,Closed,2025-04-13,9,Closed - False Positive,1.0,N
ALT06073,C02843,2025-04-04,High-Risk Jurisdiction Transfer,11619.52,United Kingdom,High,AN039,Closed,2025-04-15,11,Escalated to Investigation,11.9,N
ALT05305,C01353,2025-04-05,Unusual Activity vs Profile,21553.74,France,Medium,AN040,Closed,2025-04-08,3,Closed - False Positive,0.9,N
ALT03030,C00287,2025-04-05,Large Cash Deposit,11411.16,United Kingdom,Medium,AN035,Closed,2025-04-07,2,Closed - False Positive,0.8,N
ALT04095,C02990,2025-04-05,Structuring,8244.66,United Kingdom,Low,AN034,Closed,2025-04-06,1,Closed - False Positive,1.0,N
ALT04147,C01556,2025-04-05,High-Risk Jurisdiction Transfer,82767.16,United Kingdom,High,AN040,Closed,2025-04-10,5,Closed - False Positive,0.9,N
ALT00458,C02122,2025-04-05,Unusual Activity vs Profile,33565.48,Germany,Medium,AN034,Closed,2025-04-10,5,Closed - False Positive,0.9,N
ALT00478,C00066,2025-04-05,High-Risk Jurisdiction Transfer,36339.55,Hong Kong,Medium,AN034,Closed,2025-04-10,5,Closed - False Positive,0.5,N
ALT05855,C01979,2025-04-05,Large Cash Deposit,34991.97,United Kingdom,Low,AN040,Closed,2025-04-06,1,Closed - False Positive,0.5,N
ALT04358,C01214,2025-04-05,Large Cash Deposit,18358.98,United Kingdom,Medium,AN039,Closed,2025-04-11,6,Closed - False Positive,0.6,N
ALT03992,C01532,2025-04-05,High-Risk Jurisdiction Transfer,4070.45,UAE,High,AN037,Closed,2025-04-09,4,Closed - False Positive,0.6,N
ALT01943,C01060,2025-04-05,Structuring,7542.11,United Kingdom,Low,AN034,Closed,2025-04-12,7,Closed - False Positive,0.4,N
ALT02469,C00985,2025-04-06,Structuring,9076.82,United Kingdom,High,AN033,Closed,2025-04-08,2,Closed - False Positive,0.9,N
ALT04299,C01982,2025-04-06,High-Risk Jurisdiction Transfer,16182.27,United Kingdom,Medium,AN033,Closed,2025-04-10,4,Closed - False Positive,1.1,N
ALT01415,C01614,2025-04-06,Structuring,8961.76,United States,High,AN035,Closed,2025-04-13,7,Closed - False Positive,1.0,N
ALT01683,C01999,2025-04-06,Structuring,9782.45,Panama,Medium,AN033,Closed,2025-04-14,8,Closed - False Positive,0.4,N
ALT01292,C02990,2025-04-06,Large Cash Deposit,18046.31,Cyprus,Low,AN035,Closed,2025-04-11,5,Closed - False Positive,0.4,N
ALT00713,C00160,2025-04-06,Large Cash Deposit,42385.29,United Kingdom,Medium,AN037,Closed,2025-04-10,4,Closed - False Positive,1.0,N
ALT05741,C01705,2025-04-06,Round-Amount Transfers,24254.6,United States,Low,AN033,Closed,2025-04-13,7,Closed - False Positive,0.4,N
ALT03972,C01686,2025-04-07,Rapid Movement of Funds,3884.78,United States,High,AN036,Closed,2025-04-24,17,SAR Filed,4.4,Y
ALT06100,C02515,2025-04-07,Structuring,8427.18,United Kingdom,Medium,AN039,Closed,2025-04-12,5,Closed - False Positive,0.7,N
ALT03192,C00104,2025-04-07,Rapid Movement of Funds,9070.06,United Kingdom,Medium,AN035,Closed,2025-04-09,2,Closed - False Positive,0.7,N
ALT00267,C02640,2025-04-07,High-Risk Jurisdiction Transfer,43864.35,UAE,Medium,AN033,Closed,2025-04-16,9,Closed - False Positive,0.9,N
ALT05134,C02435,2025-04-07,Large Cash Deposit,32911.8,Russia,High,AN040,Closed,2025-04-12,5,Closed - False Positive,0.9,N
ALT01087,C02683,2025-04-07,Dormant Account Reactivation,37457.92,Hong Kong,Low,AN034,Closed,2025-04-11,4,Closed - False Positive,0.7,N
ALT01240,C00070,2025-04-07,Unusual Activity vs Profile,4016.98,United States,High,AN036,Closed,2025-05-01,24,Escalated to Investigation,4.7,N
ALT01593,C01094,2025-04-07,Dormant Account Reactivation,5527.08,UAE,Medium,AN033,Closed,2025-04-24,17,Escalated to Investigation,8.5,N
ALT00956,C01995,2025-04-07,Rapid Movement of Funds,8213.84,United Kingdom,High,AN037,Closed,2025-04-12,5,Closed - False Positive,0.7,N
ALT01356,C01633,2025-04-07,Round-Amount Transfers,9040.51,United Kingdom,Low,AN038,Closed,2025-04-17,10,Closed - False Positive,0.5,N
ALT02634,C00935,2025-04-08,Rapid Movement of Funds,10372.43,United Kingdom,Medium,AN036,Closed,2025-04-09,1,Closed - False Positive,1.0,N
ALT05965,C01414,2025-04-08,High-Risk Jurisdiction Transfer,6616.03,United Kingdom,Medium,AN040,Closed,2025-04-12,4,Closed - False Positive,1.1,N
ALT04098,C02192,2025-04-08,Large Cash Deposit,14984.86,United Kingdom,Low,AN038,Closed,2025-04-14,6,Closed - False Positive,0.4,N
ALT04791,C02299,2025-04-08,Round-Amount Transfers,22331.69,Germany,High,AN038,Closed,2025-04-11,3,Closed - False Positive,0.6,N
ALT00230,C02470,2025-04-08,Rapid Movement of Funds,8330.04,United Kingdom,High,AN037,Closed,2025-04-25,17,Escalated to Investigation,9.0,N
ALT00516,C01774,2025-04-08,Round-Amount Transfers,77029.68,United Kingdom,High,AN034,Closed,2025-04-17,9,Closed - False Positive,0.9,N
ALT01001,C00245,2025-04-08,Rapid Movement of Funds,9516.7,United Kingdom,Medium,AN034,Closed,2025-04-17,9,Closed - False Positive,1.0,N
ALT03389,C00485,2025-04-08,Rapid Movement of Funds,45931.87,United Kingdom,High,AN037,Closed,2025-04-15,7,Closed - False Positive,0.8,N
ALT01207,C02974,2025-04-08,Unusual Activity vs Profile,62431.69,United Kingdom,High,AN033,Closed,2025-04-17,9,Closed - False Positive,0.3,N
ALT04104,C02969,2025-04-09,Structuring,7790.92,United Kingdom,Low,AN038,Closed,2025-04-11,2,Closed - False Positive,0.7,N
ALT02268,C01830,2025-04-09,Rapid Movement of Funds,1810.06,Nigeria,Medium,AN033,Closed,2025-04-10,1,Closed - False Positive,0.6,N
ALT05074,C00983,2025-04-09,Structuring,7747.55,United Kingdom,High,AN040,Closed,2025-04-17,8,Closed - False Positive,1.2,N
ALT04469,C01563,2025-04-09,High-Risk Jurisdiction Transfer,2071.18,United Kingdom,Low,AN035,Closed,2025-04-17,8,Closed - False Positive,1.0,N
ALT01348,C00179,2025-04-09,Rapid Movement of Funds,9992.05,United Kingdom,High,AN034,Closed,2025-04-14,5,Closed - False Positive,1.2,N
ALT03577,C01455,2025-04-09,High-Risk Jurisdiction Transfer,10496.87,Germany,High,AN037,Closed,2025-04-10,1,Closed - False Positive,0.5,N
ALT03502,C02566,2025-04-09,Rapid Movement of Funds,5876.32,UAE,Medium,AN040,Closed,2025-04-10,1,Closed - False Positive,1.1,N
ALT05682,C00440,2025-04-09,Unusual Activity vs Profile,83422.0,United Kingdom,High,AN034,Closed,2025-04-15,6,Closed - False Positive,0.6,N
ALT00828,C01298,2025-04-09,Unusual Activity vs Profile,6979.93,United Kingdom,High,AN036,Closed,2025-04-17,8,Closed - False Positive,0.4,N
ALT04597,C02368,2025-04-10,Round-Amount Transfers,17240.76,United Kingdom,Medium,AN037,Closed,2025-04-17,7,Closed - False Positive,1.0,N
ALT04637,C00423,2025-04-10,Rapid Movement of Funds,110870.51,United Kingdom,High,AN036,Closed,2025-04-18,8,Closed - False Positive,0.7,N
ALT00107,C02482,2025-04-10,High-Risk Jurisdiction Transfer,1677.35,United Kingdom,High,AN035,Closed,2025-04-11,1,Closed - False Positive,0.4,N
ALT03011,C02303,2025-04-10,Round-Amount Transfers,16565.39,India,Medium,AN036,Closed,2025-04-25,15,Closed - False Positive,0.8,N
ALT03116,C00163,2025-04-11,Unusual Activity vs Profile,6986.49,United Kingdom,Medium,AN039,Closed,2025-04-13,2,Closed - False Positive,1.1,N
ALT03534,C02284,2025-04-11,Large Cash Deposit,34329.62,France,High,AN039,Closed,2025-04-17,6,Closed - False Positive,1.2,N
ALT00981,C00861,2025-04-11,Round-Amount Transfers,9250.31,United Kingdom,Low,AN034,Closed,2025-04-13,2,Closed - False Positive,0.8,N
ALT03206,C00557,2025-04-11,Rapid Movement of Funds,18664.49,France,Medium,AN033,Closed,2025-04-19,8,Closed - False Positive,0.6,N
ALT00489,C00833,2025-04-11,Rapid Movement of Funds,54705.01,United Kingdom,High,AN036,Closed,2025-04-14,3,Closed - False Positive,1.2,N
ALT02809,C01519,2025-04-11,Structuring,9786.19,United Kingdom,Medium,AN035,Closed,2025-04-21,10,Closed - False Positive,1.2,N
ALT04510,C01348,2025-04-11,Rapid Movement of Funds,8271.88,United Kingdom,Medium,AN040,Closed,2025-04-23,12,Closed - False Positive,0.8,N
ALT03345,C00703,2025-04-11,Round-Amount Transfers,16530.04,Ireland,Medium,AN035,Closed,2025-04-24,13,Closed - False Positive,0.4,N
ALT04936,C02302,2025-04-11,Round-Amount Transfers,29105.08,India,High,AN038,Closed,2025-04-27,16,Closed - False Positive,0.5,N
ALT03321,C02179,2025-04-11,Unusual Activity vs Profile,35479.94,United States,Medium,AN033,Closed,2025-04-16,5,Closed - False Positive,0.3,N
ALT06417,C00293,2025-04-11,Rapid Movement of Funds,57810.07,United Kingdom,High,AN040,Closed,2025-04-12,1,Closed - False Positive,0.4,N
ALT02935,C00063,2025-04-11,Structuring,8463.12,Pakistan,Medium,AN038,Closed,2025-04-21,10,Closed - False Positive,1.2,N
ALT03404,C02724,2025-04-12,Unusual Activity vs Profile,47375.78,India,Low,AN036,Closed,2025-04-22,10,Closed - False Positive,0.8,N
ALT03897,C02241,2025-04-12,Large Cash Deposit,24282.44,United Kingdom,Medium,AN039,Closed,2025-04-17,5,Closed - False Positive,0.8,N
ALT02231,C01175,2025-04-12,Round-Amount Transfers,11440.96,Russia,High,AN038,Closed,2025-04-17,5,Closed - False Positive,0.9,N
ALT00477,C00504,2025-04-12,Unusual Activity vs Profile,12066.29,United Kingdom,Low,AN037,Closed,2025-04-25,13,Closed - False Positive,0.9,N
ALT02584,C01272,2025-04-13,Rapid Movement of Funds,16455.52,United Kingdom,High,AN033,Closed,2025-04-19,6,Closed - False Positive,0.4,N
ALT04952,C02210,2025-04-13,High-Risk Jurisdiction Transfer,10967.69,United Kingdom,High,AN040,Closed,2025-04-17,4,Closed - False Positive,0.3,N
ALT02734,C02256,2025-04-13,Rapid Movement of Funds,4560.92,United Kingdom,High,AN040,Closed,2025-04-22,9,Closed - False Positive,0.5,N
ALT00212,C02861,2025-04-13,Structuring,9657.95,United Kingdom,Low,AN034,Closed,2025-04-16,3,Closed - False Positive,1.1,N
ALT00300,C02307,2025-04-13,High-Risk Jurisdiction Transfer,3676.81,United Kingdom,Medium,AN033,Closed,2025-04-21,8,Closed - False Positive,1.1,N
ALT02075,C01297,2025-04-13,Unusual Activity vs Profile,7028.3,United Kingdom,Low,AN033,Closed,2025-04-18,5,Closed - False Positive,0.4,N
ALT06341,C01078,2025-04-13,Large Cash Deposit,14173.47,Pakistan,High,AN033,Closed,2025-04-30,17,Closed - False Positive,1.1,N
ALT05270,C01628,2025-04-14,Structuring,7725.45,United Kingdom,High,AN035,Closed,2025-04-16,2,Closed - False Positive,0.5,N
ALT03005,C01654,2025-04-14,Round-Amount Transfers,3542.02,Cyprus,Low,AN037,Closed,2025-04-24,10,Closed - False Positive,0.8,N
ALT04979,C00757,2025-04-14,Rapid Movement of Funds,4574.85,United Kingdom,Low,AN037,Closed,2025-04-26,12,Closed - False Positive,0.9,N
ALT00961,C02937,2025-04-14,High-Risk Jurisdiction Transfer,16774.12,United Kingdom,Low,AN040,Closed,2025-04-17,3,Closed - False Positive,0.4,N
ALT03194,C02352,2025-04-14,Unusual Activity vs Profile,11098.77,United Kingdom,High,AN034,Closed,2025-04-24,10,Closed - False Positive,0.5,N
ALT05710,C02336,2025-04-14,Rapid Movement of Funds,15665.96,United Kingdom,High,AN037,Closed,2025-04-17,3,Closed - False Positive,0.5,N
ALT04466,C02940,2025-04-14,Dormant Account Reactivation,6083.24,United Kingdom,Low,AN040,Closed,2025-04-18,4,Closed - False Positive,0.5,N
ALT03344,C00318,2025-04-15,High-Risk Jurisdiction Transfer,25730.39,Panama,High,AN039,Closed,2025-04-30,15,Closed - False Positive,1.1,N
ALT05235,C00934,2025-04-15,Rapid Movement of Funds,33568.27,Pakistan,Low,AN040,Closed,2025-04-20,5,Closed - False Positive,1.2,N
ALT02422,C00523,2025-04-15,Structuring,8220.14,UAE,Medium,AN037,Closed,2025-05-31,46,SAR Filed,10.0,Y
ALT01643,C01252,2025-04-15,Large Cash Deposit,33819.39,Cyprus,High,AN039,Closed,2025-04-21,6,Closed - False Positive,0.5,N
ALT03188,C00618,2025-04-15,Round-Amount Transfers,5219.11,United Kingdom,High,AN037,Closed,2025-05-02,17,Escalated to Investigation,8.7,N
ALT04893,C00509,2025-04-15,Unusual Activity vs Profile,4863.45,United Kingdom,Low,AN035,Closed,2025-04-17,2,Closed - False Positive,0.4,N
ALT00347,C02739,2025-04-15,Large Cash Deposit,45196.99,UAE,Medium,AN036,Closed,2025-04-29,14,SAR Filed,9.4,Y
ALT03349,C00331,2025-04-15,Rapid Movement of Funds,98266.0,India,High,AN033,Closed,2025-04-18,3,Closed - False Positive,1.1,N
ALT05243,C02454,2025-04-16,Structuring,8307.35,United Kingdom,High,AN035,Closed,2025-04-23,7,Closed - False Positive,0.4,N
ALT02800,C01477,2025-04-16,Rapid Movement of Funds,2095.33,United States,Low,AN033,Closed,2025-04-30,14,Closed - False Positive,1.0,N
ALT04271,C02974,2025-04-16,High-Risk Jurisdiction Transfer,1462.09,Nigeria,High,AN036,Closed,2025-04-18,2,Closed - False Positive,1.1,N
ALT05536,C02953,2025-04-16,Dormant Account Reactivation,6478.16,Germany,Low,AN036,Closed,2025-04-25,9,Closed - False Positive,1.0,N
ALT04481,C02857,2025-04-16,High-Risk Jurisdiction Transfer,1432.43,United Kingdom,Low,AN036,Closed,2025-04-18,2,Closed - False Positive,0.6,N
ALT01190,C02708,2025-04-16,Round-Amount Transfers,35482.68,Panama,Medium,AN034,Closed,2025-04-25,9,Closed - False Positive,0.8,N
ALT01420,C02458,2025-04-16,Round-Amount Transfers,80905.1,United Kingdom,High,AN040,Closed,2025-04-22,6,Closed - False Positive,0.6,N
ALT00508,C01156,2025-04-16,High-Risk Jurisdiction Transfer,22891.64,United Kingdom,Medium,AN040,Closed,2025-04-30,14,Closed - False Positive,1.2,N
ALT03579,C02758,2025-04-16,Large Cash Deposit,45907.79,United Kingdom,Medium,AN036,Closed,2025-05-11,25,SAR Filed,5.5,Y
ALT00640,C00152,2025-04-16,Rapid Movement of Funds,12347.74,United Kingdom,High,AN039,Closed,2025-04-24,8,Closed - False Positive,0.7,N
ALT04009,C02496,2025-04-16,Structuring,7937.13,France,High,AN035,Closed,2025-04-25,9,Closed - False Positive,1.1,N
ALT03858,C01967,2025-04-16,Unusual Activity vs Profile,176509.76,United Kingdom,High,AN036,Closed,2025-04-20,4,Closed - False Positive,0.8,N
ALT02782,C02595,2025-04-16,Large Cash Deposit,30360.67,United Kingdom,Low,AN035,Closed,2025-04-21,5,Closed - False Positive,0.6,N
ALT01914,C01045,2025-04-17,Rapid Movement of Funds,31465.44,Ireland,High,AN033,Closed,2025-05-01,14,SAR Filed,5.2,Y
ALT03402,C01616,2025-04-17,Structuring,9122.95,United Kingdom,Low,AN038,Closed,2025-04-19,2,Closed - False Positive,1.1,N
ALT06313,C01341,2025-04-17,High-Risk Jurisdiction Transfer,13591.26,United Kingdom,Medium,AN035,Closed,2025-04-26,9,Closed - False Positive,0.9,N
ALT05106,C02004,2025-04-17,Large Cash Deposit,46373.52,United Kingdom,High,AN034,Closed,2025-04-24,7,Closed - False Positive,0.9,N
ALT00909,C00574,2025-04-17,Structuring,9272.23,UAE,High,AN038,Closed,2025-05-07,20,Closed - False Positive,0.8,N
ALT01736,C00557,2025-04-17,High-Risk Jurisdiction Transfer,2511.75,United Kingdom,Low,AN033,Closed,2025-04-20,3,Closed - False Positive,0.8,N
ALT03054,C00962,2025-04-17,Large Cash Deposit,13060.81,United Kingdom,Medium,AN036,Closed,2025-04-22,5,Closed - False Positive,1.0,N
ALT05632,C01635,2025-04-17,Unusual Activity vs Profile,11273.24,United Kingdom,High,AN033,Closed,2025-05-01,14,Closed - False Positive,0.6,N
ALT03111,C02525,2025-04-17,Unusual Activity vs Profile,42348.81,France,Medium,AN033,Closed,2025-04-21,4,Closed - False Positive,0.8,N
ALT04997,C00986,2025-04-17,High-Risk Jurisdiction Transfer,6861.06,United Kingdom,High,AN040,Closed,2025-04-20,3,Closed - False Positive,0.8,N
ALT01558,C01565,2025-04-17,High-Risk Jurisdiction Transfer,7551.48,United Kingdom,High,AN033,Closed,2025-04-23,6,Closed - False Positive,0.7,N
ALT01425,C00403,2025-04-17,Round-Amount Transfers,9071.46,United Kingdom,Medium,AN040,Closed,2025-04-23,6,Closed - False Positive,1.0,N
ALT01328,C00371,2025-04-17,Rapid Movement of Funds,12283.27,Cyprus,Medium,AN035,Closed,2025-04-24,7,Closed - False Positive,0.4,N
ALT00871,C00353,2025-04-17,Unusual Activity vs Profile,25236.24,Germany,High,AN038,Closed,2025-04-22,5,Closed - False Positive,0.4,N
ALT02149,C01683,2025-04-17,Unusual Activity vs Profile,2204.67,United Kingdom,Low,AN034,Closed,2025-04-20,3,Closed - False Positive,1.1,N
ALT04875,C01353,2025-04-17,Rapid Movement of Funds,846.4,United Kingdom,Low,AN034,Closed,2025-05-11,24,Escalated to Investigation,4.8,N
ALT01896,C00720,2025-04-17,High-Risk Jurisdiction Transfer,29869.07,United Kingdom,Medium,AN039,Closed,2025-04-24,7,Closed - False Positive,0.7,N
ALT02998,C01362,2025-04-17,Rapid Movement of Funds,42848.35,Cyprus,Low,AN034,Closed,2025-04-23,6,Closed - False Positive,1.2,N
ALT04222,C02974,2025-04-17,Unusual Activity vs Profile,21325.95,United Kingdom,High,AN033,Closed,2025-04-30,13,Escalated to Investigation,10.5,N
ALT05619,C02657,2025-04-17,Structuring,8812.1,United Kingdom,Low,AN039,Closed,2025-04-26,9,Closed - False Positive,1.0,N
ALT06026,C01760,2025-04-17,Structuring,8222.38,UAE,Low,AN036,Closed,2025-04-26,9,Closed - False Positive,0.3,N
ALT05809,C00082,2025-04-18,Structuring,7666.27,United Kingdom,High,AN037,Closed,2025-04-26,8,Closed - False Positive,1.1,N
ALT00710,C00133,2025-04-18,Dormant Account Reactivation,48773.79,Germany,High,AN039,Closed,2025-04-22,4,Closed - False Positive,0.6,N
ALT00269,C02674,2025-04-18,Large Cash Deposit,39830.01,India,Low,AN034,Closed,2025-05-03,15,SAR Filed,5.7,Y
ALT06474,C00133,2025-04-18,Structuring,9035.51,India,High,AN039,Closed,2025-04-19,1,Closed - False Positive,0.5,N
ALT03672,C01468,2025-04-19,Unusual Activity vs Profile,4482.04,United Kingdom,Medium,AN036,Closed,2025-04-20,1,Closed - False Positive,0.4,N
ALT00399,C01336,2025-04-19,Structuring,7072.44,India,Medium,AN040,Closed,2025-04-29,10,Closed - False Positive,1.1,N
ALT04808,C00651,2025-04-19,Large Cash Deposit,53708.53,UAE,High,AN036,Closed,2025-04-21,2,Closed - False Positive,0.9,N
ALT04215,C00074,2025-04-19,High-Risk Jurisdiction Transfer,11454.13,Nigeria,High,AN035,Closed,2025-04-30,11,Closed - False Positive,1.0,N
ALT01337,C00504,2025-04-19,Dormant Account Reactivation,32744.5,United Kingdom,Medium,AN040,Closed,2025-04-24,5,Closed - False Positive,0.8,N
ALT02721,C01052,2025-04-19,High-Risk Jurisdiction Transfer,179986.6,United Kingdom,High,AN040,Closed,2025-04-24,5,Closed - False Positive,0.6,N
ALT03015,C01075,2025-04-19,Dormant Account Reactivation,23936.86,United Kingdom,Low,AN034,Closed,2025-04-27,8,Closed - False Positive,0.4,N
ALT00381,C01950,2025-04-19,Structuring,9893.09,United Kingdom,High,AN038,Closed,2025-05-01,12,Closed - False Positive,0.4,N
ALT05025,C02851,2025-04-19,Structuring,9247.4,Hong Kong,Low,AN034,Closed,2025-04-29,10,Closed - False Positive,0.9,N
ALT03190,C02715,2025-04-19,Large Cash Deposit,52602.38,United Kingdom,High,AN036,Closed,2025-04-21,2,Closed - False Positive,1.1,N
ALT05825,C00194,2025-04-19,Structuring,9880.91,United Kingdom,Low,AN039,Closed,2025-04-22,3,Closed - False Positive,1.2,N
ALT03443,C01596,2025-04-19,Round-Amount Transfers,7510.16,Nigeria,Medium,AN037,Closed,2025-04-23,4,Closed - False Positive,0.5,N
ALT04580,C02987,2025-04-20,Unusual Activity vs Profile,9656.96,Germany,Low,AN037,Closed,2025-04-23,3,Closed - False Positive,0.4,N
ALT01350,C00295,2025-04-20,Rapid Movement of Funds,9360.05,Germany,Medium,AN038,Closed,2025-04-24,4,Closed - False Positive,0.3,N
ALT06375,C02421,2025-04-20,Unusual Activity vs Profile,8163.82,United Kingdom,Medium,AN033,Closed,2025-04-25,5,Closed - False Positive,0.4,N
ALT03698,C00342,2025-04-20,Structuring,9411.46,United Kingdom,Medium,AN033,Closed,2025-05-03,13,Closed - False Positive,0.7,N
ALT02500,C00676,2025-04-20,Rapid Movement of Funds,2812.1,United Kingdom,Low,AN039,Closed,2025-04-23,3,Closed - False Positive,0.9,N
ALT00880,C01493,2025-04-20,Structuring,9776.28,Germany,Medium,AN036,Closed,2025-04-30,10,Closed - False Positive,0.4,N
ALT00418,C01686,2025-04-20,Large Cash Deposit,32546.42,India,High,AN036,Closed,2025-04-27,7,Closed - False Positive,0.5,N
ALT02333,C00899,2025-04-20,Large Cash Deposit,31273.43,India,Medium,AN035,Closed,2025-04-23,3,Closed - False Positive,1.0,N
ALT00214,C01805,2025-04-20,Rapid Movement of Funds,18023.04,Russia,Medium,AN035,Closed,2025-04-24,4,Closed - False Positive,0.5,N
ALT00686,C02482,2025-04-20,Dormant Account Reactivation,15965.83,United Kingdom,High,AN040,Closed,2025-04-21,1,Closed - False Positive,0.4,N
ALT01097,C02936,2025-04-21,Rapid Movement of Funds,4149.33,United Kingdom,Medium,AN039,Closed,2025-05-06,15,Closed - False Positive,0.5,N
ALT02415,C02580,2025-04-21,Unusual Activity vs Profile,30220.88,United States,Medium,AN035,Closed,2025-04-26,5,Closed - False Positive,1.1,N
ALT00074,C01417,2025-04-21,Structuring,8659.81,United Kingdom,High,AN033,Closed,2025-04-24,3,Closed - False Positive,1.1,N
ALT06298,C01656,2025-04-21,Large Cash Deposit,30073.89,India,Medium,AN040,Closed,2025-04-26,5,Closed - False Positive,1.2,N
ALT03863,C01538,2025-04-21,High-Risk Jurisdiction Transfer,5457.39,United Kingdom,Low,AN033,Closed,2025-05-03,12,Closed - False Positive,0.8,N
ALT04356,C02167,2025-04-21,Structuring,7904.68,United Kingdom,High,AN033,Closed,2025-04-24,3,Closed - False Positive,1.1,N
ALT06004,C00870,2025-04-21,Unusual Activity vs Profile,8635.78,United States,Medium,AN039,Closed,2025-05-05,14,Closed - False Positive,1.1,N
ALT01113,C01125,2025-04-21,Unusual Activity vs Profile,2425.81,United Kingdom,Medium,AN040,Closed,2025-04-23,2,Closed - False Positive,0.7,N
ALT02716,C00465,2025-04-21,Rapid Movement of Funds,2346.98,United Kingdom,Low,AN037,Closed,2025-04-22,1,Closed - False Positive,0.9,N
ALT00954,C02421,2025-04-21,High-Risk Jurisdiction Transfer,24484.58,United Kingdom,Medium,AN033,Closed,2025-04-27,6,Closed - False Positive,0.7,N
ALT01787,C01763,2025-04-21,Structuring,9469.72,United Kingdom,Medium,AN038,Closed,2025-04-27,6,Closed - False Positive,1.1,N
ALT05530,C02352,2025-04-22,Rapid Movement of Funds,7987.55,United Kingdom,High,AN039,Closed,2025-04-26,4,Closed - False Positive,1.2,N
ALT00539,C00848,2025-04-22,Rapid Movement of Funds,3483.14,France,High,AN037,Closed,2025-04-28,6,Closed - False Positive,0.8,N
ALT03696,C01102,2025-04-22,Unusual Activity vs Profile,3684.69,United Kingdom,Medium,AN039,Closed,2025-04-29,7,Closed - False Positive,0.8,N
ALT06351,C02556,2025-04-22,Rapid Movement of Funds,3363.8,United Kingdom,High,AN034,Closed,2025-05-03,11,Closed - False Positive,1.2,N
ALT00081,C00510,2025-04-22,Unusual Activity vs Profile,25787.02,United Kingdom,Medium,AN034,Closed,2025-04-29,7,Closed - False Positive,1.0,N
ALT02276,C02972,2025-04-22,High-Risk Jurisdiction Transfer,8416.51,United Kingdom,High,AN035,Closed,2025-05-01,9,Closed - False Positive,0.8,N
ALT00043,C01989,2025-04-22,Unusual Activity vs Profile,98801.23,United Kingdom,High,AN039,Closed,2025-04-27,5,Closed - False Positive,0.5,N
ALT02481,C00975,2025-04-22,High-Risk Jurisdiction Transfer,19229.25,United Kingdom,High,AN037,Closed,2025-04-28,6,Closed - False Positive,1.1,N
ALT03508,C00996,2025-04-22,Round-Amount Transfers,2274.25,Nigeria,Medium,AN034,Closed,2025-04-24,2,Closed - False Positive,0.9,N
ALT06022,C00104,2025-04-22,High-Risk Jurisdiction Transfer,7321.48,Germany,Medium,AN038,Closed,2025-04-29,7,Closed - False Positive,1.1,N
ALT00770,C00898,2025-04-22,Large Cash Deposit,38945.4,United Kingdom,Medium,AN035,Closed,2025-05-07,15,Closed - False Positive,0.9,N
ALT00501,C02892,2025-04-23,High-Risk Jurisdiction Transfer,15677.69,United Kingdom,Medium,AN035,Closed,2025-04-30,7,Closed - False Positive,0.6,N
ALT01066,C01540,2025-04-23,Unusual Activity vs Profile,5392.07,UAE,Low,AN038,Closed,2025-04-24,1,Closed - False Positive,0.7,N
ALT03213,C02087,2025-04-23,Unusual Activity vs Profile,66695.64,United Kingdom,High,AN034,Closed,2025-05-02,9,Closed - False Positive,0.4,N
ALT02109,C02199,2025-04-23,Structuring,9552.57,United Kingdom,Medium,AN040,Closed,2025-04-26,3,Closed - False Positive,0.7,N
ALT02161,C01950,2025-04-23,Unusual Activity vs Profile,26560.89,United Kingdom,High,AN037,Closed,2025-05-02,9,Closed - False Positive,1.1,N
ALT05432,C00753,2025-04-23,Large Cash Deposit,34881.21,Germany,High,AN037,Closed,2025-04-25,2,Closed - False Positive,1.2,N
ALT03287,C00588,2025-04-23,Unusual Activity vs Profile,8054.16,United Kingdom,Medium,AN035,Closed,2025-05-29,36,Closed - False Positive,1.2,N
ALT02712,C02352,2025-04-23,Unusual Activity vs Profile,146450.26,United Kingdom,High,AN036,Closed,2025-04-25,2,Closed - False Positive,0.5,N
ALT00199,C01970,2025-04-23,Round-Amount Transfers,4264.18,Russia,High,AN034,Closed,2025-04-26,3,Closed - False Positive,0.4,N
ALT04543,C02499,2025-04-24,High-Risk Jurisdiction Transfer,15352.54,United Kingdom,High,AN035,Closed,2025-05-01,7,Escalated to Investigation,4.2,N
ALT00276,C00489,2025-04-24,Unusual Activity vs Profile,11409.04,India,Medium,AN033,Closed,2025-04-30,6,Closed - False Positive,1.0,N
ALT04836,C01251,2025-04-24,Unusual Activity vs Profile,17142.24,United Kingdom,Medium,AN034,Closed,2025-04-29,5,Closed - False Positive,1.2,N
ALT05212,C00729,2025-04-24,Dormant Account Reactivation,10293.85,United Kingdom,High,AN033,Closed,2025-05-22,28,Escalated to Investigation,7.1,N
ALT03347,C02357,2025-04-24,Structuring,7046.26,United Kingdom,Medium,AN040,Closed,2025-05-06,12,Closed - False Positive,0.6,N
ALT05659,C02008,2025-04-25,Round-Amount Transfers,169061.18,United Kingdom,High,AN034,Closed,2025-05-03,8,Closed - False Positive,0.8,N
ALT03150,C01291,2025-04-25,Unusual Activity vs Profile,60160.98,Nigeria,High,AN034,Closed,2025-05-27,32,Escalated to Investigation,8.7,N
ALT06377,C00559,2025-04-25,Structuring,7230.13,Pakistan,Medium,AN034,Closed,2025-04-30,5,Closed - False Positive,0.5,N
ALT02265,C02789,2025-04-25,Large Cash Deposit,18574.73,Hong Kong,High,AN035,Closed,2025-05-20,25,SAR Filed,10.9,Y
ALT00572,C00369,2025-04-25,Round-Amount Transfers,133604.16,Ireland,High,AN040,Closed,2025-05-04,9,Closed - False Positive,0.5,N
ALT05596,C01078,2025-04-25,Structuring,7999.28,United Kingdom,High,AN037,Closed,2025-05-17,22,SAR Filed,9.2,Y
ALT05290,C01117,2025-04-25,Round-Amount Transfers,4947.82,UAE,Medium,AN040,Closed,2025-04-29,4,Closed - False Positive,0.9,N
ALT01230,C00966,2025-04-26,Large Cash Deposit,38058.39,United Kingdom,Low,AN039,Closed,2025-04-30,4,Closed - False Positive,1.1,N
ALT02323,C00107,2025-04-26,Rapid Movement of Funds,2725.81,Hong Kong,Medium,AN036,Closed,2025-04-29,3,Closed - False Positive,0.3,N
ALT04154,C00535,2025-04-26,Round-Amount Transfers,16807.58,United Kingdom,Low,AN038,Closed,2025-05-01,5,Closed - False Positive,0.9,N
ALT03348,C02333,2025-04-26,Unusual Activity vs Profile,22686.51,United Kingdom,Medium,AN033,Closed,2025-05-01,5,Closed - False Positive,0.6,N
ALT05849,C00305,2025-04-26,Unusual Activity vs Profile,10374.14,United Kingdom,Medium,AN035,Closed,2025-04-28,2,Closed - False Positive,0.9,N
ALT04839,C00650,2025-04-26,Rapid Movement of Funds,12225.15,United Kingdom,High,AN038,Closed,2025-04-29,3,Closed - False Positive,0.9,N
ALT01535,C01078,2025-04-26,Round-Amount Transfers,28067.89,United Kingdom,High,AN034,Closed,2025-04-29,3,Closed - False Positive,0.4,N
ALT05183,C00280,2025-04-26,Structuring,8309.47,Germany,Medium,AN037,Closed,2025-05-01,5,Closed - False Positive,0.9,N
ALT06206,C00614,2025-04-26,Dormant Account Reactivation,7593.07,UAE,Medium,AN034,Closed,2025-05-01,5,SAR Filed,5.1,Y
ALT02680,C02438,2025-04-26,Structuring,7702.72,Pakistan,Medium,AN035,Closed,2025-05-01,5,Closed - False Positive,0.4,N
ALT02788,C01116,2025-04-26,Structuring,8071.64,France,Medium,AN033,Closed,2025-05-08,12,Escalated to Investigation,11.7,N
ALT00280,C02352,2025-04-26,High-Risk Jurisdiction Transfer,6350.75,Nigeria,High,AN035,Closed,2025-04-29,3,Closed - False Positive,0.7,N
ALT03569,C00056,2025-04-27,Structuring,8116.46,United Kingdom,Medium,AN034,Closed,2025-05-08,11,Closed - False Positive,0.4,N
ALT05560,C00133,2025-04-27,Unusual Activity vs Profile,5215.57,United Kingdom,High,AN039,Closed,2025-05-10,13,Closed - False Positive,0.4,N
ALT02992,C01473,2025-04-27,Dormant Account Reactivation,11474.51,United Kingdom,Medium,AN034,Closed,2025-04-28,1,Closed - False Positive,1.1,N
ALT05783,C02912,2025-04-27,Round-Amount Transfers,6217.95,Germany,Medium,AN040,Closed,2025-05-01,4,Closed - False Positive,0.6,N
ALT00874,C01637,2025-04-28,Dormant Account Reactivation,1185.58,United States,Low,AN038,Closed,2025-05-03,5,Closed - False Positive,0.6,N
ALT03315,C02516,2025-04-28,Round-Amount Transfers,6227.67,United Kingdom,High,AN036,Closed,2025-05-01,3,Closed - False Positive,1.2,N
ALT02437,C00441,2025-04-28,Structuring,9460.92,Germany,High,AN037,Closed,2025-06-06,39,Escalated to Investigation,12.2,N
ALT06279,C01437,2025-04-28,Unusual Activity vs Profile,26003.02,United Kingdom,High,AN033,Closed,2025-05-02,4,Closed - False Positive,0.5,N
ALT03355,C01693,2025-04-28,Unusual Activity vs Profile,16668.44,UAE,Low,AN037,Closed,2025-04-30,2,Closed - False Positive,1.2,N
ALT05797,C02834,2025-04-28,Unusual Activity vs Profile,14789.99,United Kingdom,High,AN037,Closed,2025-05-01,3,Closed - False Positive,0.7,N
ALT03889,C02395,2025-04-28,Unusual Activity vs Profile,36191.33,India,Low,AN034,Closed,2025-05-14,16,Closed - False Positive,0.6,N
ALT05535,C00443,2025-04-28,Structuring,9336.06,Nigeria,Medium,AN035,Closed,2025-05-03,5,Closed - False Positive,0.9,N
ALT01959,C00856,2025-04-29,Rapid Movement of Funds,5179.45,France,High,AN039,Closed,2025-05-12,13,SAR Filed,6.0,Y
ALT05467,C02484,2025-04-29,Round-Amount Transfers,34757.26,United States,Low,AN037,Closed,2025-05-19,20,Closed - False Positive,0.7,N
ALT06238,C01762,2025-04-29,Dormant Account Reactivation,9245.73,Germany,Low,AN033,Closed,2025-05-04,5,Closed - False Positive,1.2,N
ALT04231,C00206,2025-04-29,Large Cash Deposit,9756.87,United Kingdom,High,AN033,Closed,2025-05-04,5,Closed - False Positive,0.6,N
ALT00407,C02674,2025-04-29,Rapid Movement of Funds,17967.56,Ireland,Low,AN036,Closed,2025-05-14,15,Escalated to Investigation,6.3,N
ALT04216,C00408,2025-04-29,Unusual Activity vs Profile,2663.21,United Kingdom,Medium,AN037,Closed,2025-05-01,2,Closed - False Positive,0.6,N
ALT01059,C00069,2025-04-29,Large Cash Deposit,23911.63,United Kingdom,Medium,AN035,Closed,2025-05-12,13,Closed - False Positive,0.8,N
ALT00630,C02046,2025-04-29,Large Cash Deposit,47897.0,United Kingdom,Medium,AN033,Closed,2025-05-05,6,Closed - False Positive,0.3,N
ALT03266,C01532,2025-04-29,Rapid Movement of Funds,16828.84,United Kingdom,High,AN033,Closed,2025-05-02,3,Closed - False Positive,0.6,N
ALT04311,C02115,2025-04-29,Unusual Activity vs Profile,6647.32,India,High,AN036,Closed,2025-05-12,13,Closed - False Positive,0.7,N
ALT01180,C02656,2025-04-29,Rapid Movement of Funds,4946.4,United Kingdom,High,AN040,Closed,2025-05-02,3,Closed - False Positive,0.8,N
ALT04873,C02782,2025-04-29,Rapid Movement of Funds,22420.48,United Kingdom,Low,AN040,Closed,2025-05-11,12,Closed - False Positive,1.0,N
ALT04327,C02421,2025-04-29,Large Cash Deposit,21814.43,United Kingdom,Medium,AN040,Closed,2025-05-12,13,Closed - False Positive,0.7,N
ALT01072,C02809,2025-04-29,Rapid Movement of Funds,5684.94,France,High,AN034,Closed,2025-05-05,6,Closed - False Positive,0.8,N
ALT06485,C02635,2025-04-29,Unusual Activity vs Profile,86594.43,Panama,High,AN033,Closed,2025-05-04,5,Closed - False Positive,0.8,N
ALT00095,C00846,2025-04-29,Large Cash Deposit,9956.27,United Kingdom,Low,AN035,Closed,2025-05-07,8,Closed - False Positive,0.7,N
ALT03288,C01776,2025-04-30,High-Risk Jurisdiction Transfer,2668.04,United Kingdom,Medium,AN039,Closed,2025-05-06,6,Closed - False Positive,1.1,N
ALT04122,C01031,2025-04-30,Structuring,8819.89,United Kingdom,Low,AN039,Closed,2025-05-05,5,Closed - False Positive,0.5,N
ALT05690,C01094,2025-04-30,Unusual Activity vs Profile,7087.36,UAE,Low,AN038,Closed,2025-05-09,9,Closed - False Positive,0.9,N
ALT01582,C00758,2025-04-30,Rapid Movement of Funds,1783.85,Germany,Medium,AN033,Closed,2025-05-27,27,Escalated to Investigation,8.5,N
ALT02664,C01895,2025-04-30,Large Cash Deposit,22459.4,United Kingdom,Medium,AN037,Closed,2025-05-07,7,Closed - False Positive,0.5,N
ALT00291,C00457,2025-04-30,Unusual Activity vs Profile,7489.95,United Kingdom,Medium,AN035,Closed,2025-05-09,9,Closed - False Positive,0.5,N
ALT00617,C00001,2025-04-30,Large Cash Deposit,18924.64,United States,Medium,AN034,Closed,2025-05-10,10,Closed - False Positive,0.9,N
ALT05555,C00925,2025-04-30,Structuring,7047.68,India,Medium,AN036,Closed,2025-05-24,24,Escalated to Investigation,5.1,N
ALT03729,C00491,2025-04-30,Dormant Account Reactivation,29682.22,United Kingdom,Medium,AN036,Closed,2025-05-04,4,Closed - False Positive,1.1,N
ALT05863,C02931,2025-05-01,Rapid Movement of Funds,16853.16,United Kingdom,High,AN035,Closed,2025-05-02,1,Closed - False Positive,0.5,N
ALT02899,C02239,2025-05-01,Unusual Activity vs Profile,68419.46,United Kingdom,High,AN037,Closed,2025-05-03,2,Closed - False Positive,1.2,N
ALT03915,C00051,2025-05-01,Unusual Activity vs Profile,1152.65,United Kingdom,High,AN038,Closed,2025-05-05,4,Closed - False Positive,0.4,N
ALT00599,C00197,2025-05-01,Rapid Movement of Funds,41218.8,Russia,Medium,AN036,Closed,2025-05-03,2,Closed - False Positive,1.0,N
ALT01157,C02173,2025-05-01,Rapid Movement of Funds,4590.34,United Kingdom,High,AN033,Closed,2025-05-05,4,Closed - False Positive,0.7,N
ALT02458,C00812,2025-05-01,Round-Amount Transfers,2841.58,United Kingdom,High,AN037,Closed,2025-05-05,4,Closed - False Positive,0.8,N
ALT04962,C02201,2025-05-01,Rapid Movement of Funds,5872.31,Nigeria,High,AN033,Closed,2025-05-08,7,Closed - False Positive,0.4,N
ALT00051,C01292,2025-05-01,Dormant Account Reactivation,16731.91,United Kingdom,High,AN038,Closed,2025-05-05,4,Closed - False Positive,0.5,N
ALT01301,C01970,2025-05-01,Large Cash Deposit,10457.38,Pakistan,High,AN040,Closed,2025-05-12,11,Closed - False Positive,1.2,N
ALT01276,C02593,2025-05-01,Structuring,7792.58,United Kingdom,High,AN035,Closed,2025-05-04,3,Closed - False Positive,0.7,N
ALT03799,C02520,2025-05-01,Rapid Movement of Funds,21815.04,Germany,Low,AN038,Closed,2025-05-07,6,Closed - False Positive,1.0,N
ALT02982,C02289,2025-05-01,Structuring,7922.83,Ireland,High,AN033,Closed,2025-05-10,9,SAR Filed,11.5,Y
ALT05504,C00226,2025-05-02,High-Risk Jurisdiction Transfer,14472.75,Panama,Low,AN035,Closed,2025-05-04,2,Closed - False Positive,1.0,N
ALT01534,C02990,2025-05-02,High-Risk Jurisdiction Transfer,6353.01,United States,Medium,AN040,Closed,2025-05-09,7,Closed - False Positive,1.0,N
ALT03215,C00971,2025-05-02,Large Cash Deposit,44990.3,United Kingdom,Medium,AN035,Closed,2025-05-05,3,Closed - False Positive,0.5,N
ALT03456,C01985,2025-05-02,High-Risk Jurisdiction Transfer,33722.97,United Kingdom,Medium,AN033,Closed,2025-05-09,7,Closed - False Positive,0.7,N
ALT04114,C02162,2025-05-02,Large Cash Deposit,47945.03,United Kingdom,Medium,AN040,Closed,2025-05-08,6,Closed - False Positive,0.3,N
ALT00442,C01702,2025-05-02,High-Risk Jurisdiction Transfer,16813.85,United Kingdom,Medium,AN037,Closed,2025-05-05,3,Closed - False Positive,1.1,N
ALT02133,C02361,2025-05-02,Dormant Account Reactivation,15904.71,United Kingdom,Low,AN038,Closed,2025-05-05,3,Closed - False Positive,1.0,N
ALT00179,C00557,2025-05-02,Unusual Activity vs Profile,26724.39,United Kingdom,Medium,AN039,Closed,2025-05-23,21,Closed - False Positive,0.9,N
ALT03653,C00080,2025-05-02,Rapid Movement of Funds,22620.41,United Kingdom,High,AN039,Closed,2025-05-10,8,Closed - False Positive,0.5,N
ALT02492,C01214,2025-05-02,Large Cash Deposit,58751.21,United Kingdom,High,AN040,Closed,2025-05-06,4,Closed - False Positive,0.9,N
ALT02523,C00801,2025-05-02,Structuring,7106.82,UAE,Low,AN039,Closed,2025-05-12,10,Closed - False Positive,1.2,N
ALT04488,C00315,2025-05-02,Rapid Movement of Funds,89952.14,United Kingdom,High,AN035,Closed,2025-05-07,5,Closed - False Positive,0.4,N
ALT06055,C00908,2025-05-02,Large Cash Deposit,41516.28,United Kingdom,Medium,AN040,Closed,2025-05-10,8,Closed - False Positive,0.7,N
ALT02814,C02767,2025-05-02,Structuring,7645.54,India,Medium,AN034,Closed,2025-05-08,6,Closed - False Positive,0.6,N
ALT02754,C02703,2025-05-03,Unusual Activity vs Profile,29461.97,United Kingdom,Medium,AN040,Closed,2025-05-18,15,Closed - False Positive,1.1,N
ALT00350,C00864,2025-05-03,Round-Amount Transfers,11666.59,United Kingdom,Medium,AN033,Closed,2025-05-10,7,Closed - False Positive,1.0,N
ALT02527,C01441,2025-05-03,Structuring,8500.31,United Kingdom,Low,AN037,Closed,2025-05-19,16,Closed - False Positive,1.1,N
ALT03663,C01492,2025-05-03,Round-Amount Transfers,4132.27,United Kingdom,High,AN039,Closed,2025-05-05,2,Closed - False Positive,0.9,N
ALT04688,C02048,2025-05-03,Large Cash Deposit,25937.93,Nigeria,Medium,AN036,Closed,2025-05-04,1,Closed - False Positive,1.1,N
ALT05130,C02741,2025-05-03,Dormant Account Reactivation,16419.2,United Kingdom,Low,AN034,Closed,2025-05-05,2,Closed - False Positive,0.6,N
ALT02556,C00375,2025-05-03,High-Risk Jurisdiction Transfer,60914.29,United Kingdom,High,AN034,Closed,2025-05-05,2,Closed - False Positive,0.3,N
ALT05088,C00220,2025-05-03,High-Risk Jurisdiction Transfer,59275.49,Nigeria,High,AN039,Closed,2025-05-04,1,Closed - False Positive,1.1,N
ALT00900,C01819,2025-05-04,Structuring,9007.69,United Kingdom,Low,AN036,Closed,2025-05-06,2,Closed - False Positive,0.8,N
ALT05319,C02241,2025-05-04,Structuring,9065.49,United Kingdom,Low,AN034,Closed,2025-05-06,2,Closed - False Positive,0.6,N
ALT05550,C02395,2025-05-04,Large Cash Deposit,43064.84,Nigeria,Medium,AN035,Closed,2025-05-11,7,Closed - False Positive,0.7,N
ALT03634,C01513,2025-05-04,Rapid Movement of Funds,1933.23,UAE,Medium,AN038,Closed,2025-05-20,16,Closed - False Positive,0.7,N
ALT00594,C00967,2025-05-05,Rapid Movement of Funds,6385.95,United Kingdom,Low,AN037,Closed,2025-05-08,3,Closed - False Positive,0.5,N
ALT04281,C00621,2025-05-05,Large Cash Deposit,21076.52,United Kingdom,Medium,AN034,Closed,2025-05-15,10,Closed - False Positive,0.9,N
ALT05521,C01809,2025-05-05,Rapid Movement of Funds,6532.9,United Kingdom,Low,AN033,Closed,2025-05-17,12,Closed - False Positive,0.7,N
ALT06447,C02931,2025-05-05,Unusual Activity vs Profile,93196.82,Ireland,High,AN034,Closed,2025-05-10,5,Closed - False Positive,1.1,N
ALT06433,C01097,2025-05-05,Large Cash Deposit,11021.85,United Kingdom,High,AN039,Closed,2025-05-09,4,Closed - False Positive,0.4,N
ALT05931,C02904,2025-05-05,Unusual Activity vs Profile,17832.39,United Kingdom,High,AN039,Closed,2025-05-15,10,Closed - False Positive,0.4,N
ALT00113,C01635,2025-05-05,Rapid Movement of Funds,15195.77,UAE,High,AN034,Closed,2025-05-22,17,Closed - False Positive,0.9,N
ALT02822,C02065,2025-05-05,Round-Amount Transfers,18161.89,India,Medium,AN040,Closed,2025-05-18,13,Closed - False Positive,1.1,N
ALT03615,C02928,2025-05-05,Rapid Movement of Funds,30081.63,United Kingdom,High,AN037,Closed,2025-05-07,2,Closed - False Positive,1.0,N
ALT01599,C02898,2025-05-05,High-Risk Jurisdiction Transfer,4714.15,Ireland,Medium,AN035,Closed,2025-05-13,8,Closed - False Positive,0.6,N
ALT04885,C02797,2025-05-06,Large Cash Deposit,34762.83,United Kingdom,Medium,AN040,Closed,2025-05-13,7,Closed - False Positive,0.6,N
ALT04437,C00329,2025-05-06,High-Risk Jurisdiction Transfer,46097.2,United Kingdom,Medium,AN034,Closed,2025-05-10,4,Closed - False Positive,1.2,N
ALT05628,C02990,2025-05-06,Rapid Movement of Funds,27008.07,United Kingdom,Low,AN035,Closed,2025-05-08,2,Closed - False Positive,0.7,N
ALT04007,C02206,2025-05-06,Round-Amount Transfers,5123.76,United Kingdom,Low,AN040,Closed,2025-05-14,8,Closed - False Positive,1.2,N
ALT04834,C00485,2025-05-06,Dormant Account Reactivation,9622.44,Nigeria,High,AN033,Closed,2025-05-08,2,Closed - False Positive,0.4,N
ALT01776,C00741,2025-05-06,Rapid Movement of Funds,8218.29,UAE,Low,AN040,Closed,2025-05-09,3,Closed - False Positive,1.1,N
ALT01293,C01320,2025-05-06,Large Cash Deposit,55182.81,United Kingdom,High,AN035,Closed,2025-05-07,1,Closed - False Positive,0.6,N
ALT06360,C02087,2025-05-06,Rapid Movement of Funds,5266.68,India,Medium,AN040,Closed,2025-05-11,5,Closed - False Positive,0.4,N
ALT01060,C01913,2025-05-07,Round-Amount Transfers,10643.42,Hong Kong,Low,AN034,Closed,2025-05-09,2,Closed - False Positive,0.5,N
ALT02540,C01289,2025-05-07,Rapid Movement of Funds,8832.97,United Kingdom,Medium,AN040,Closed,2025-05-16,9,Closed - False Positive,1.0,N
ALT01403,C01865,2025-05-07,Round-Amount Transfers,7085.82,Hong Kong,High,AN035,Closed,2025-05-22,15,Closed - False Positive,0.7,N
ALT03424,C01210,2025-05-07,Unusual Activity vs Profile,16432.47,UAE,High,AN037,Closed,2025-05-11,4,Closed - False Positive,0.5,N
ALT01123,C02287,2025-05-07,Round-Amount Transfers,24770.47,United Kingdom,Low,AN039,Closed,2025-05-11,4,Closed - False Positive,0.6,N
ALT03585,C02286,2025-05-07,High-Risk Jurisdiction Transfer,16726.69,United Kingdom,High,AN038,Closed,2025-05-17,10,Closed - False Positive,0.9,N
ALT01441,C02678,2025-05-07,Large Cash Deposit,34442.15,United Kingdom,Medium,AN037,Closed,2025-05-12,5,Closed - False Positive,0.4,N
ALT00937,C02120,2025-05-07,Unusual Activity vs Profile,7945.56,United Kingdom,Low,AN035,Closed,2025-05-17,10,Closed - False Positive,0.4,N
ALT00573,C02361,2025-05-07,Rapid Movement of Funds,4957.73,United Kingdom,Low,AN037,Closed,2025-05-09,2,Closed - False Positive,0.3,N
ALT04446,C02463,2025-05-07,Rapid Movement of Funds,20637.41,United Kingdom,Medium,AN039,Closed,2025-06-13,37,SAR Filed,6.9,Y
ALT00923,C01556,2025-05-07,Unusual Activity vs Profile,2659.64,United Kingdom,Low,AN039,Closed,2025-05-09,2,Closed - False Positive,1.2,N
ALT00229,C02078,2025-05-08,Structuring,8856.79,United Kingdom,Low,AN037,Closed,2025-05-20,12,Closed - False Positive,0.8,N
ALT04347,C00334,2025-05-08,Round-Amount Transfers,6068.99,Panama,Low,AN038,Closed,2025-05-31,23,Escalated to Investigation,6.5,N
ALT03209,C01094,2025-05-08,High-Risk Jurisdiction Transfer,27585.99,United Kingdom,Medium,AN038,Closed,2025-05-27,19,Closed - False Positive,1.1,N
ALT02537,C00986,2025-05-08,High-Risk Jurisdiction Transfer,2077.84,India,High,AN034,Closed,2025-05-10,2,Closed - False Positive,0.7,N
ALT05184,C02134,2025-05-08,Round-Amount Transfers,31984.21,United Kingdom,High,AN034,Closed,2025-05-15,7,Closed - False Positive,1.2,N
ALT00899,C01078,2025-05-08,Large Cash Deposit,45235.8,UAE,High,AN038,Closed,2025-05-15,7,Closed - False Positive,1.1,N
ALT05369,C00937,2025-05-08,Large Cash Deposit,25339.75,Pakistan,Low,AN036,Closed,2025-05-30,22,Closed - False Positive,0.6,N
ALT02729,C00291,2025-05-08,Rapid Movement of Funds,17530.34,UAE,Medium,AN039,Closed,2025-05-15,7,Closed - False Positive,0.9,N
ALT01434,C01981,2025-05-09,Large Cash Deposit,53306.81,India,High,AN036,Closed,2025-05-15,6,Closed - False Positive,0.8,N
ALT04085,C02764,2025-05-09,Large Cash Deposit,29734.86,United Kingdom,Medium,AN039,Closed,2025-05-16,7,Closed - False Positive,0.3,N
ALT03212,C00126,2025-05-09,Unusual Activity vs Profile,2506.77,United States,High,AN039,Closed,2025-05-12,3,Closed - False Positive,0.4,N
ALT02667,C02200,2025-05-09,Unusual Activity vs Profile,3883.73,United Kingdom,High,AN038,Closed,2025-05-16,7,Closed - False Positive,0.7,N
ALT04145,C00881,2025-05-09,Unusual Activity vs Profile,30587.95,Cyprus,Medium,AN033,Closed,2025-06-05,27,Escalated to Investigation,5.2,N
ALT06133,C01175,2025-05-09,Unusual Activity vs Profile,11537.87,United Kingdom,High,AN037,Closed,2025-06-04,26,Escalated to Investigation,11.6,N
ALT00216,C02962,2025-05-09,Rapid Movement of Funds,26689.2,United Kingdom,Medium,AN036,Closed,2025-05-11,2,Closed - False Positive,0.9,N
ALT05297,C01359,2025-05-09,High-Risk Jurisdiction Transfer,132357.31,United Kingdom,High,AN040,Closed,2025-05-11,2,Closed - False Positive,0.9,N
ALT01076,C01737,2025-05-09,Large Cash Deposit,59533.94,United Kingdom,High,AN034,Closed,2025-05-13,4,Closed - False Positive,0.6,N
ALT03499,C01946,2025-05-10,Unusual Activity vs Profile,1994.23,United Kingdom,Low,AN034,Closed,2025-05-12,2,Closed - False Positive,0.8,N
ALT05860,C01432,2025-05-10,Rapid Movement of Funds,3065.74,United Kingdom,Low,AN033,Closed,2025-05-19,9,Closed - False Positive,1.1,N
ALT00665,C00467,2025-05-10,High-Risk Jurisdiction Transfer,5117.4,Hong Kong,Low,AN035,Closed,2025-05-22,12,Closed - False Positive,1.0,N
ALT05844,C01420,2025-05-10,Structuring,7534.11,United Kingdom,Medium,AN039,Closed,2025-05-16,6,Closed - False Positive,0.7,N
ALT05201,C00999,2025-05-10,Unusual Activity vs Profile,6712.68,United Kingdom,Medium,AN036,Closed,2025-05-18,8,Closed - False Positive,0.8,N
ALT01394,C02689,2025-05-10,High-Risk Jurisdiction Transfer,80480.5,Germany,High,AN039,Closed,2025-05-15,5,Closed - False Positive,0.5,N
ALT02294,C01130,2025-05-10,High-Risk Jurisdiction Transfer,25628.92,India,Medium,AN038,Closed,2025-05-13,3,Closed - False Positive,0.5,N
ALT04161,C00367,2025-05-11,Unusual Activity vs Profile,7618.64,United Kingdom,Low,AN038,Closed,2025-05-16,5,Closed - False Positive,1.0,N
ALT05697,C01572,2025-05-11,Structuring,8154.46,UAE,Medium,AN035,Closed,2025-05-18,7,Closed - False Positive,0.5,N
ALT05010,C02877,2025-05-11,High-Risk Jurisdiction Transfer,18684.76,United Kingdom,Medium,AN040,Closed,2025-05-16,5,Closed - False Positive,0.8,N
ALT00971,C02491,2025-05-11,Dormant Account Reactivation,61033.13,United Kingdom,High,AN033,Closed,2025-05-21,10,Escalated to Investigation,9.4,N
ALT01185,C01806,2025-05-11,Rapid Movement of Funds,4732.4,United Kingdom,Medium,AN033,Closed,2025-05-22,11,Closed - False Positive,0.5,N
ALT03998,C02609,2025-05-11,Rapid Movement of Funds,6712.88,United Kingdom,Low,AN040,Closed,2025-05-16,5,Closed - False Positive,0.6,N
ALT06378,C00001,2025-05-11,Large Cash Deposit,58463.42,United Kingdom,High,AN034,Closed,2025-05-19,8,Closed - False Positive,0.8,N
ALT05020,C01994,2025-05-11,Rapid Movement of Funds,15697.31,United Kingdom,Medium,AN035,Closed,2025-06-10,30,Escalated to Investigation,13.3,N
ALT04970,C02576,2025-05-11,Unusual Activity vs Profile,13672.92,United Kingdom,Medium,AN036,Closed,2025-05-25,14,Closed - False Positive,0.9,N
ALT04797,C02019,2025-05-11,Large Cash Deposit,36352.18,Pakistan,Medium,AN033,Closed,2025-05-17,6,Closed - False Positive,0.7,N
ALT05743,C00874,2025-05-12,Round-Amount Transfers,29519.18,Germany,Medium,AN036,Closed,2025-05-17,5,Closed - False Positive,0.9,N
ALT03994,C01370,2025-05-12,High-Risk Jurisdiction Transfer,7083.05,Hong Kong,Medium,AN034,Closed,2025-05-20,8,Closed - False Positive,0.5,N
ALT04200,C00722,2025-05-12,Rapid Movement of Funds,15383.95,India,Low,AN036,Closed,2025-05-23,11,Closed - False Positive,0.9,N
ALT02977,C02087,2025-05-12,Unusual Activity vs Profile,5810.69,United Kingdom,Medium,AN034,Closed,2025-05-15,3,Closed - False Positive,0.6,N
ALT03370,C01045,2025-05-12,High-Risk Jurisdiction Transfer,40080.43,United Kingdom,High,AN040,Closed,2025-05-30,18,Escalated to Investigation,6.2,N
ALT04786,C01537,2025-05-12,Large Cash Deposit,11769.24,United Kingdom,Low,AN038,Closed,2025-05-23,11,Closed - False Positive,1.0,N
ALT01094,C01739,2025-05-12,High-Risk Jurisdiction Transfer,6069.13,United Kingdom,Medium,AN034,Closed,2025-05-17,5,Closed - False Positive,0.8,N
ALT05714,C01515,2025-05-12,High-Risk Jurisdiction Transfer,28567.84,United Kingdom,Medium,AN035,Closed,2025-05-17,5,Closed - False Positive,1.0,N
ALT03447,C01614,2025-05-12,Dormant Account Reactivation,1043.83,Russia,High,AN034,Closed,2025-05-19,7,Closed - False Positive,0.9,N
ALT05313,C02286,2025-05-12,Rapid Movement of Funds,17559.9,United Kingdom,High,AN033,Closed,2025-05-19,7,Closed - False Positive,1.1,N
ALT06287,C01314,2025-05-13,Rapid Movement of Funds,16202.47,India,High,AN036,Closed,2025-05-23,10,Closed - False Positive,1.2,N
ALT04777,C00010,2025-05-13,Unusual Activity vs Profile,3069.12,United Kingdom,Low,AN039,Closed,2025-05-25,12,Closed - False Positive,1.1,N
ALT06130,C02652,2025-05-13,Dormant Account Reactivation,15777.42,United Kingdom,Low,AN036,Closed,2025-05-18,5,Closed - False Positive,1.1,N
ALT03781,C01959,2025-05-13,Large Cash Deposit,23894.37,United Kingdom,Low,AN040,Closed,2025-05-15,2,Closed - False Positive,0.6,N
ALT04191,C01950,2025-05-13,Unusual Activity vs Profile,12054.89,United Kingdom,High,AN036,Closed,2025-05-18,5,Closed - False Positive,1.1,N
ALT02528,C00737,2025-05-13,Rapid Movement of Funds,16574.0,United Kingdom,High,AN037,Closed,2025-05-23,10,Closed - False Positive,0.6,N
ALT06246,C01264,2025-05-14,High-Risk Jurisdiction Transfer,12432.39,United Kingdom,Low,AN035,Closed,2025-05-18,4,Closed - False Positive,0.4,N
ALT05924,C01888,2025-05-14,Round-Amount Transfers,8390.65,Ireland,Medium,AN035,Closed,2025-05-21,7,Closed - False Positive,0.5,N
ALT05311,C00286,2025-05-14,Unusual Activity vs Profile,18176.42,United Kingdom,Low,AN034,Closed,2025-05-17,3,Closed - False Positive,0.5,N
ALT01605,C00880,2025-05-14,High-Risk Jurisdiction Transfer,12371.98,United Kingdom,Low,AN033,Closed,2025-05-31,17,Closed - False Positive,0.6,N
ALT03319,C00349,2025-05-14,Rapid Movement of Funds,23062.69,United Kingdom,Medium,AN038,Closed,2025-05-18,4,Closed - False Positive,0.5,N
ALT06195,C01785,2025-05-14,Rapid Movement of Funds,41028.88,India,Low,AN039,Closed,2025-05-20,6,Closed - False Positive,0.6,N
ALT06253,C02669,2025-05-14,Round-Amount Transfers,18773.87,United Kingdom,High,AN038,Closed,2025-05-20,6,Closed - False Positive,0.5,N
ALT06348,C00018,2025-05-14,Unusual Activity vs Profile,30395.54,United Kingdom,Low,AN038,Closed,2025-05-16,2,Closed - False Positive,0.4,N
ALT03272,C00873,2025-05-14,Structuring,7482.47,Russia,Medium,AN035,Closed,2025-05-18,4,Closed - False Positive,0.9,N
ALT05341,C02020,2025-05-14,High-Risk Jurisdiction Transfer,8067.83,United Kingdom,Low,AN034,Closed,2025-05-20,6,Closed - False Positive,0.7,N
ALT02521,C00066,2025-05-14,High-Risk Jurisdiction Transfer,2389.98,United Kingdom,Low,AN033,Closed,2025-05-17,3,Closed - False Positive,0.7,N
ALT05026,C00265,2025-05-15,Round-Amount Transfers,22141.34,Pakistan,High,AN037,Closed,2025-05-16,1,Closed - False Positive,0.7,N
ALT02920,C00983,2025-05-15,Round-Amount Transfers,7025.47,United Kingdom,High,AN036,Closed,2025-05-19,4,Closed - False Positive,1.0,N
ALT01513,C01621,2025-05-15,Dormant Account Reactivation,14865.5,United Kingdom,Medium,AN038,Closed,2025-05-16,1,Closed - False Positive,1.1,N
ALT05636,C02573,2025-05-15,Round-Amount Transfers,23717.91,United Kingdom,Low,AN034,Closed,2025-05-20,5,Closed - False Positive,0.8,N
ALT05696,C00015,2025-05-15,Unusual Activity vs Profile,2899.96,Ireland,Low,AN036,Closed,2025-05-18,3,Closed - False Positive,0.4,N
ALT06369,C02817,2025-05-15,Dormant Account Reactivation,2426.14,Cyprus,Medium,AN033,Closed,2025-05-20,5,Closed - False Positive,1.1,N
ALT00059,C01592,2025-05-15,Structuring,7147.66,United Kingdom,Medium,AN038,Closed,2025-05-22,7,Closed - False Positive,1.2,N
ALT00443,C00685,2025-05-15,Structuring,8677.98,United Kingdom,High,AN033,Closed,2025-05-29,14,SAR Filed,4.3,Y
ALT00327,C00318,2025-05-15,Dormant Account Reactivation,12760.93,United Kingdom,High,AN033,Closed,2025-05-18,3,Closed - False Positive,1.1,N
ALT04044,C00109,2025-05-15,Rapid Movement of Funds,98959.95,France,High,AN033,Closed,2025-05-24,9,Closed - False Positive,0.8,N
ALT05879,C01138,2025-05-15,Rapid Movement of Funds,15362.12,United Kingdom,Medium,AN039,Closed,2025-05-19,4,Closed - False Positive,0.9,N
ALT00753,C00126,2025-05-15,Unusual Activity vs Profile,14282.67,Ireland,High,AN035,Closed,2025-05-19,4,Closed - False Positive,0.8,N
ALT02381,C02890,2025-05-15,Large Cash Deposit,41595.9,United Kingdom,Low,AN034,Closed,2025-05-20,5,Closed - False Positive,0.7,N
ALT02798,C02161,2025-05-15,Rapid Movement of Funds,23065.93,United Kingdom,Medium,AN034,Closed,2025-05-19,4,Closed - False Positive,0.8,N
ALT05317,C02461,2025-05-16,Unusual Activity vs Profile,3327.03,United Kingdom,Low,AN034,Closed,2025-05-19,3,Closed - False Positive,0.9,N
ALT00608,C01542,2025-05-16,Structuring,9755.1,United Kingdom,Medium,AN038,Closed,2025-05-19,3,Closed - False Positive,0.7,N
ALT06154,C00842,2025-05-16,Structuring,8493.39,United Kingdom,Medium,AN035,Closed,2025-05-22,6,Closed - False Positive,0.8,N
ALT05385,C00440,2025-05-16,Structuring,8196.69,United Kingdom,High,AN033,Closed,2025-05-24,8,Closed - False Positive,1.1,N
ALT01325,C00730,2025-05-16,Dormant Account Reactivation,60682.39,India,High,AN035,Closed,2025-05-24,8,Closed - False Positive,0.6,N
ALT04188,C00727,2025-05-16,Unusual Activity vs Profile,69931.02,United Kingdom,High,AN037,Closed,2025-05-24,8,Closed - False Positive,0.7,N
ALT01170,C01716,2025-05-16,Large Cash Deposit,41366.89,UAE,Low,AN035,Closed,2025-05-30,14,Closed - False Positive,1.0,N
ALT03519,C00227,2025-05-16,Large Cash Deposit,16024.02,United Kingdom,High,AN035,Closed,2025-05-19,3,Closed - False Positive,0.5,N
ALT05975,C02032,2025-05-17,Rapid Movement of Funds,76453.16,United Kingdom,High,AN039,Closed,2025-05-22,5,Closed - False Positive,0.4,N
ALT03118,C00645,2025-05-17,Structuring,9843.39,United Kingdom,Medium,AN038,Closed,2025-05-22,5,Closed - False Positive,0.7,N
ALT02198,C02807,2025-05-17,Large Cash Deposit,49679.25,United Kingdom,High,AN033,Closed,2025-05-25,8,Closed - False Positive,0.6,N
ALT01705,C02286,2025-05-17,Unusual Activity vs Profile,11712.07,United Kingdom,High,AN039,Closed,2025-05-29,12,Closed - False Positive,0.7,N
ALT01235,C02454,2025-05-17,Dormant Account Reactivation,9826.64,United Kingdom,High,AN037,Closed,2025-05-21,4,Closed - False Positive,1.2,N
ALT03123,C02843,2025-05-17,High-Risk Jurisdiction Transfer,18879.03,United Kingdom,High,AN037,Closed,2025-05-21,4,Closed - False Positive,0.7,N
ALT04585,C00361,2025-05-17,Rapid Movement of Funds,52894.57,France,High,AN034,Closed,2025-05-30,13,Closed - False Positive,1.0,N
ALT04257,C02382,2025-05-17,Rapid Movement of Funds,18526.07,India,Low,AN036,Closed,2025-05-22,5,Closed - False Positive,1.0,N
ALT06024,C02289,2025-05-17,Rapid Movement of Funds,9981.45,United Kingdom,High,AN039,Closed,2025-05-25,8,Closed - False Positive,0.9,N
ALT05575,C01301,2025-05-17,High-Risk Jurisdiction Transfer,7399.3,United Kingdom,Medium,AN038,Closed,2025-05-30,13,Escalated to Investigation,6.4,N
ALT03481,C02232,2025-05-17,High-Risk Jurisdiction Transfer,19169.15,United Kingdom,Medium,AN039,Closed,2025-05-25,8,Closed - False Positive,1.0,N
ALT05532,C02816,2025-05-18,Dormant Account Reactivation,26242.6,United Kingdom,High,AN037,Closed,2025-05-24,6,Closed - False Positive,0.8,N
ALT04626,C00975,2025-05-18,Unusual Activity vs Profile,32829.97,United Kingdom,High,AN039,Closed,2025-06-14,27,Escalated to Investigation,12.5,N
ALT05224,C00082,2025-05-18,Rapid Movement of Funds,42499.22,UAE,High,AN035,Closed,2025-06-22,35,Escalated to Investigation,5.8,N
ALT01511,C01292,2025-05-18,Dormant Account Reactivation,40965.28,United Kingdom,High,AN039,Closed,2025-05-23,5,Closed - False Positive,1.0,N
ALT00627,C02505,2025-05-18,Large Cash Deposit,24737.98,United Kingdom,Low,AN039,Closed,2025-05-31,13,Escalated to Investigation,9.4,N
ALT04630,C02302,2025-05-18,Unusual Activity vs Profile,14670.97,Pakistan,High,AN033,Closed,2025-05-24,6,Closed - False Positive,1.0,N
ALT05332,C01903,2025-05-18,Large Cash Deposit,51551.1,Ireland,High,AN037,Closed,2025-05-26,8,Closed - False Positive,0.5,N
ALT02139,C01907,2025-05-18,High-Risk Jurisdiction Transfer,44532.68,United Kingdom,Low,AN037,Closed,2025-05-19,1,Closed - False Positive,0.9,N
ALT02659,C01214,2025-05-19,Unusual Activity vs Profile,39644.76,United Kingdom,Low,AN033,Closed,2025-05-22,3,Closed - False Positive,1.1,N
ALT03848,C01074,2025-05-19,Round-Amount Transfers,9054.02,Nigeria,Medium,AN037,Closed,2025-05-30,11,Closed - False Positive,0.7,N
ALT05049,C02118,2025-05-19,Structuring,7306.73,United Kingdom,High,AN039,Closed,2025-05-26,7,Closed - False Positive,0.7,N
ALT05288,C00353,2025-05-19,Rapid Movement of Funds,1311.28,United Kingdom,High,AN036,Closed,2025-05-29,10,Closed - False Positive,0.5,N
ALT05547,C00193,2025-05-19,Unusual Activity vs Profile,19534.14,United Kingdom,Medium,AN037,Closed,2025-05-28,9,Closed - False Positive,0.6,N
ALT04871,C00735,2025-05-19,Large Cash Deposit,14186.3,United Kingdom,Medium,AN033,Closed,2025-05-23,4,Closed - False Positive,0.6,N
ALT05650,C01582,2025-05-19,Large Cash Deposit,11235.14,United Kingdom,Medium,AN040,Closed,2025-05-22,3,Closed - False Positive,1.1,N
ALT02426,C01096,2025-05-19,Structuring,7033.79,United Kingdom,Medium,AN039,Closed,2025-05-25,6,Closed - False Positive,0.9,N
ALT03494,C02669,2025-05-19,Large Cash Deposit,49425.31,United States,High,AN035,Closed,2025-05-23,4,Closed - False Positive,0.4,N
ALT05667,C02389,2025-05-20,Rapid Movement of Funds,70590.15,United Kingdom,High,AN034,Closed,2025-05-24,4,Closed - False Positive,0.6,N
ALT05958,C01291,2025-05-20,Rapid Movement of Funds,53422.62,Panama,High,AN039,Closed,2025-05-25,5,Closed - False Positive,0.9,N
ALT00567,C01207,2025-05-20,Large Cash Deposit,45561.83,United Kingdom,Medium,AN034,Closed,2025-05-22,2,Closed - False Positive,0.3,N
ALT04124,C00509,2025-05-20,Structuring,9877.9,United Kingdom,Medium,AN037,Closed,2025-05-23,3,Closed - False Positive,0.7,N
ALT02637,C02909,2025-05-20,Rapid Movement of Funds,11857.69,United Kingdom,Medium,AN038,Closed,2025-05-29,9,Closed - False Positive,0.4,N
ALT01249,C01854,2025-05-20,Round-Amount Transfers,12686.41,United Kingdom,High,AN039,Closed,2025-05-22,2,Closed - False Positive,0.4,N
ALT02926,C00408,2025-05-20,Large Cash Deposit,40863.18,United Kingdom,Low,AN039,Closed,2025-05-22,2,Closed - False Positive,1.2,N
ALT01148,C00207,2025-05-20,Round-Amount Transfers,62185.54,United Kingdom,High,AN038,Closed,2025-05-24,4,Closed - False Positive,0.9,N
ALT04961,C01979,2025-05-20,Large Cash Deposit,28942.48,Ireland,Medium,AN038,Closed,2025-05-25,5,Closed - False Positive,0.9,N
ALT04090,C01465,2025-05-20,Round-Amount Transfers,16447.2,UAE,Medium,AN033,Closed,2025-05-23,3,Closed - False Positive,1.1,N
ALT03271,C00047,2025-05-20,Unusual Activity vs Profile,84550.56,United Kingdom,High,AN039,Closed,2025-05-23,3,Closed - False Positive,0.6,N
ALT00101,C00202,2025-05-20,Rapid Movement of Funds,11778.96,Pakistan,Medium,AN033,Closed,2025-05-27,7,Closed - False Positive,0.5,N
ALT06187,C00888,2025-05-21,Large Cash Deposit,48589.19,United Kingdom,Low,AN038,Closed,2025-05-25,4,Closed - False Positive,0.6,N
ALT01610,C02727,2025-05-21,High-Risk Jurisdiction Transfer,7259.73,United Kingdom,Medium,AN039,Closed,2025-05-25,4,Closed - False Positive,0.5,N
ALT00939,C00732,2025-05-21,Large Cash Deposit,18385.55,Ireland,High,AN035,Closed,2025-05-27,6,Closed - False Positive,0.8,N
ALT05668,C01640,2025-05-21,High-Risk Jurisdiction Transfer,10257.48,Nigeria,High,AN034,Closed,2025-05-24,3,Closed - False Positive,0.4,N
ALT02778,C00574,2025-05-21,Unusual Activity vs Profile,13598.64,United Kingdom,High,AN036,Closed,2025-05-23,2,Closed - False Positive,0.9,N
ALT04019,C02520,2025-05-21,High-Risk Jurisdiction Transfer,8236.28,UAE,Low,AN034,Closed,2025-06-02,12,Closed - False Positive,0.8,N
ALT01663,C00530,2025-05-22,Round-Amount Transfers,24888.4,United Kingdom,High,AN038,Closed,2025-06-01,10,Closed - False Positive,0.4,N
ALT02915,C02530,2025-05-22,Large Cash Deposit,29596.65,United Kingdom,High,AN034,Closed,2025-06-22,31,Escalated to Investigation,6.9,N
ALT00415,C00856,2025-05-22,Rapid Movement of Funds,97310.69,United Kingdom,High,AN038,Closed,2025-06-07,16,SAR Filed,8.9,Y
ALT01877,C01637,2025-05-22,Large Cash Deposit,41711.64,United Kingdom,Low,AN038,Closed,2025-05-24,2,Closed - False Positive,0.7,N
ALT04518,C01854,2025-05-22,Large Cash Deposit,36898.1,Germany,High,AN037,Closed,2025-05-26,4,Closed - False Positive,0.6,N
ALT05030,C01755,2025-05-22,High-Risk Jurisdiction Transfer,3955.89,United Kingdom,Medium,AN039,Closed,2025-05-27,5,Closed - False Positive,0.8,N
ALT02013,C00138,2025-05-22,Structuring,9518.1,United Kingdom,High,AN035,Closed,2025-05-24,2,Closed - False Positive,0.8,N
ALT06436,C01044,2025-05-22,Structuring,8634.91,United Kingdom,Medium,AN033,Closed,2025-05-31,9,Closed - False Positive,1.2,N
ALT04649,C02221,2025-05-22,Unusual Activity vs Profile,5423.21,UAE,Medium,AN033,Closed,2025-05-23,1,Closed - False Positive,1.0,N
ALT03991,C02400,2025-05-22,Unusual Activity vs Profile,30666.1,United Kingdom,Medium,AN033,Closed,2025-06-24,33,SAR Filed,14.0,Y
ALT04606,C00592,2025-05-22,Unusual Activity vs Profile,6417.24,Pakistan,Medium,AN036,Closed,2025-06-02,11,Closed - False Positive,1.0,N
ALT00867,C01854,2025-05-22,Large Cash Deposit,16381.01,India,High,AN033,Closed,2025-06-05,14,Closed - False Positive,1.2,N
ALT05824,C00992,2025-05-22,Round-Amount Transfers,2639.14,United Kingdom,Low,AN040,Closed,2025-05-31,9,Closed - False Positive,0.4,N
ALT02050,C02240,2025-05-22,Large Cash Deposit,29138.77,United Kingdom,Medium,AN040,Closed,2025-06-01,10,Closed - False Positive,0.8,N
ALT04405,C00975,2025-05-22,Large Cash Deposit,25376.71,United Kingdom,High,AN037,Closed,2025-06-02,11,Closed - False Positive,0.7,N
ALT02045,C02439,2025-05-23,Structuring,9711.15,United Kingdom,Low,AN040,Closed,2025-05-28,5,Closed - False Positive,0.4,N
ALT04615,C00849,2025-05-23,Structuring,8423.84,United Kingdom,High,AN039,Closed,2025-05-31,8,Closed - False Positive,0.4,N
ALT03063,C00063,2025-05-23,Rapid Movement of Funds,11232.13,United Kingdom,Medium,AN039,Closed,2025-05-30,7,Closed - False Positive,0.6,N
ALT05819,C01949,2025-05-23,Rapid Movement of Funds,5600.48,France,Medium,AN040,Closed,2025-05-25,2,Closed - False Positive,0.8,N
ALT01717,C02058,2025-05-23,Dormant Account Reactivation,11815.37,United Kingdom,Medium,AN038,Closed,2025-06-01,9,Closed - False Positive,0.6,N
ALT05898,C02737,2025-05-23,Structuring,9590.49,United Kingdom,Low,AN040,Closed,2025-06-02,10,Closed - False Positive,1.1,N
ALT01175,C01565,2025-05-23,Round-Amount Transfers,30556.69,United Kingdom,High,AN036,Closed,2025-05-24,1,Closed - False Positive,1.1,N
ALT05531,C01636,2025-05-23,Dormant Account Reactivation,4008.56,United Kingdom,Medium,AN039,Closed,2025-05-28,5,Closed - False Positive,0.8,N
ALT06419,C00007,2025-05-23,Large Cash Deposit,58279.77,United Kingdom,High,AN036,Closed,2025-05-24,1,Closed - False Positive,1.0,N
ALT00552,C00332,2025-05-24,Unusual Activity vs Profile,1844.97,Pakistan,High,AN033,Closed,2025-05-28,4,Closed - False Positive,0.7,N
ALT02429,C01964,2025-05-24,High-Risk Jurisdiction Transfer,26736.63,United States,Low,AN040,Closed,2025-05-27,3,Closed - False Positive,0.6,N
ALT00756,C01970,2025-05-24,High-Risk Jurisdiction Transfer,93547.89,United Kingdom,High,AN039,Closed,2025-05-26,2,Closed - False Positive,0.6,N
ALT01363,C02576,2025-05-24,Unusual Activity vs Profile,32106.11,United Kingdom,Medium,AN036,Closed,2025-05-28,4,Closed - False Positive,0.5,N
ALT00778,C01314,2025-05-24,Large Cash Deposit,14873.51,Russia,High,AN039,Closed,2025-05-27,3,Closed - False Positive,1.0,N
ALT00522,C00985,2025-05-24,Dormant Account Reactivation,14353.34,Panama,High,AN038,Closed,2025-06-24,31,SAR Filed,4.3,Y
ALT03421,C01987,2025-05-25,Unusual Activity vs Profile,15285.22,United Kingdom,Medium,AN040,Closed,2025-06-04,10,Closed - False Positive,0.9,N
ALT02255,C02875,2025-05-25,Unusual Activity vs Profile,21875.21,Germany,Low,AN038,Closed,2025-07-08,44,SAR Filed,8.0,Y
ALT02722,C02675,2025-05-25,Dormant Account Reactivation,79114.26,United States,High,AN040,Closed,2025-05-31,6,Closed - False Positive,0.7,N
ALT04815,C01356,2025-05-25,High-Risk Jurisdiction Transfer,18652.07,Russia,Medium,AN037,Closed,2025-06-06,12,Closed - False Positive,0.5,N
ALT00464,C02372,2025-05-25,Large Cash Deposit,35965.78,Cyprus,Medium,AN040,Closed,2025-05-30,5,Closed - False Positive,0.5,N
ALT06390,C02826,2025-05-25,Large Cash Deposit,50246.88,United Kingdom,High,AN039,Closed,2025-05-30,5,Closed - False Positive,0.4,N
ALT05237,C01826,2025-05-25,Structuring,8473.24,United Kingdom,Low,AN037,Closed,2025-05-28,3,Closed - False Positive,1.1,N
ALT01074,C01528,2025-05-25,Round-Amount Transfers,54145.21,United Kingdom,High,AN037,Closed,2025-05-28,3,Closed - False Positive,0.9,N
ALT02475,C02892,2025-05-25,Large Cash Deposit,54835.53,Pakistan,High,AN038,Closed,2025-05-28,3,Closed - False Positive,0.6,N
ALT04478,C01710,2025-05-25,Rapid Movement of Funds,13936.18,United Kingdom,Low,AN033,Closed,2025-06-05,11,Closed - False Positive,0.4,N
ALT02758,C02871,2025-05-25,Structuring,8360.74,United Kingdom,Medium,AN039,Closed,2025-06-05,11,Closed - False Positive,0.5,N
ALT04403,C02850,2025-05-25,High-Risk Jurisdiction Transfer,2709.75,United Kingdom,High,AN036,Closed,2025-06-06,12,Closed - False Positive,1.0,N
ALT03414,C00676,2025-05-25,Rapid Movement of Funds,9452.77,United Kingdom,Low,AN037,Closed,2025-07-15,51,Escalated to Investigation,10.7,N
ALT05356,C02677,2025-05-25,Unusual Activity vs Profile,80908.02,India,High,AN033,Closed,2025-05-31,6,Closed - False Positive,1.2,N
ALT05956,C00120,2025-05-25,Unusual Activity vs Profile,32877.07,United States,Medium,AN034,Closed,2025-06-01,7,Closed - False Positive,0.3,N
ALT05677,C00966,2025-05-25,High-Risk Jurisdiction Transfer,12948.93,United Kingdom,Medium,AN034,Closed,2025-06-06,12,Closed - False Positive,1.1,N
ALT00307,C01628,2025-05-25,Structuring,8039.99,Pakistan,High,AN036,Closed,2025-05-29,4,Closed - False Positive,0.8,N
ALT05067,C00485,2025-05-26,Unusual Activity vs Profile,60569.73,United Kingdom,High,AN038,Closed,2025-05-31,5,Closed - False Positive,1.1,N
ALT04661,C01612,2025-05-26,Rapid Movement of Funds,144592.3,Nigeria,High,AN037,Closed,2025-06-08,13,Closed - False Positive,1.0,N
ALT05580,C02712,2025-05-26,Round-Amount Transfers,6111.25,United Kingdom,High,AN037,Closed,2025-05-27,1,Closed - False Positive,0.5,N
ALT02570,C01251,2025-05-26,Rapid Movement of Funds,34485.31,UAE,Medium,AN038,Closed,2025-06-01,6,Closed - False Positive,0.6,N
ALT03671,C02725,2025-05-26,High-Risk Jurisdiction Transfer,61348.68,United Kingdom,High,AN040,Closed,2025-06-04,9,Closed - False Positive,1.0,N
ALT00175,C02034,2025-05-26,Large Cash Deposit,13003.66,France,Low,AN038,Closed,2025-06-12,17,Closed - False Positive,0.9,N
ALT06169,C00599,2025-05-26,Dormant Account Reactivation,69242.15,United Kingdom,High,AN034,Closed,2025-06-07,12,Closed - False Positive,0.8,N
ALT02292,C02849,2025-05-26,High-Risk Jurisdiction Transfer,147360.86,United Kingdom,High,AN039,Closed,2025-06-04,9,Closed - False Positive,0.4,N
ALT04943,C02336,2025-05-26,Structuring,8547.38,United Kingdom,High,AN038,Closed,2025-06-02,7,Closed - False Positive,0.9,N
ALT01618,C01871,2025-05-26,Structuring,9276.4,United Kingdom,Low,AN037,Closed,2025-05-29,3,Closed - False Positive,0.8,N
ALT03745,C02049,2025-05-26,Rapid Movement of Funds,62662.78,United Kingdom,High,AN035,Closed,2025-05-29,3,Closed - False Positive,0.9,N
ALT04589,C02133,2025-05-26,Large Cash Deposit,14397.01,Cyprus,Low,AN034,Closed,2025-05-30,4,Closed - False Positive,0.9,N
ALT03183,C02568,2025-05-27,Large Cash Deposit,20534.79,United Kingdom,Medium,AN036,Closed,2025-05-31,4,Closed - False Positive,0.5,N
ALT05213,C02454,2025-05-27,Structuring,7990.68,United Kingdom,High,AN037,Closed,2025-06-02,6,Closed - False Positive,0.7,N
ALT01767,C02286,2025-05-27,Unusual Activity vs Profile,9381.37,United States,High,AN035,Closed,2025-05-29,2,Closed - False Positive,0.7,N
ALT06457,C02511,2025-05-27,Unusual Activity vs Profile,14277.87,Cyprus,Medium,AN034,Closed,2025-05-29,2,Closed - False Positive,0.8,N
ALT05304,C02862,2025-05-27,High-Risk Jurisdiction Transfer,21787.22,Ireland,Low,AN040,Closed,2025-06-05,9,Closed - False Positive,0.9,N
ALT05652,C03000,2025-05-27,Dormant Account Reactivation,22553.26,United Kingdom,Low,AN034,Closed,2025-06-06,10,Closed - False Positive,1.2,N
ALT01793,C00896,2025-05-27,Dormant Account Reactivation,7311.65,United Kingdom,Low,AN036,Closed,2025-06-14,18,Closed - False Positive,1.0,N
ALT05097,C02454,2025-05-27,Unusual Activity vs Profile,14122.15,India,High,AN033,Closed,2025-06-21,25,Escalated to Investigation,8.3,N
ALT04365,C01004,2025-05-27,Structuring,8012.4,United Kingdom,Medium,AN035,Closed,2025-05-29,2,Closed - False Positive,0.7,N
ALT00281,C00414,2025-05-27,Round-Amount Transfers,39037.0,United Kingdom,Medium,AN040,Closed,2025-05-28,1,Closed - False Positive,0.4,N
ALT00469,C00265,2025-05-27,High-Risk Jurisdiction Transfer,3884.2,United Kingdom,High,AN039,Closed,2025-06-02,6,Closed - False Positive,1.2,N
ALT01457,C02038,2025-05-27,High-Risk Jurisdiction Transfer,6202.36,United Kingdom,High,AN035,Closed,2025-06-02,6,Closed - False Positive,0.6,N
ALT04357,C00557,2025-05-27,Structuring,9727.62,United Kingdom,Medium,AN034,Closed,2025-06-04,8,Closed - False Positive,0.7,N
ALT05720,C01945,2025-05-27,Structuring,7638.27,United Kingdom,Low,AN035,Closed,2025-05-28,1,Closed - False Positive,0.4,N
ALT02388,C00651,2025-05-28,High-Risk Jurisdiction Transfer,3980.78,United Kingdom,Low,AN037,Closed,2025-06-09,12,Closed - False Positive,0.6,N
ALT04111,C01199,2025-05-28,Structuring,7142.65,Ireland,Medium,AN039,Closed,2025-05-31,3,Closed - False Positive,0.9,N
ALT05868,C02038,2025-05-28,Rapid Movement of Funds,6047.38,France,High,AN036,Closed,2025-06-11,14,Escalated to Investigation,4.3,N
ALT02747,C01709,2025-05-28,Structuring,9080.11,United Kingdom,Medium,AN035,Closed,2025-06-04,7,Closed - False Positive,0.4,N
ALT05968,C01847,2025-05-28,Dormant Account Reactivation,36386.7,United Kingdom,Low,AN033,Closed,2025-06-03,6,Closed - False Positive,0.9,N
ALT04087,C01749,2025-05-28,Large Cash Deposit,57617.34,United States,High,AN035,Closed,2025-06-17,20,Closed - False Positive,0.9,N
ALT00311,C01222,2025-05-28,Rapid Movement of Funds,45257.17,UAE,High,AN035,Closed,2025-05-31,3,Closed - False Positive,0.4,N
ALT03497,C00650,2025-05-28,Structuring,9401.84,Nigeria,High,AN040,Closed,2025-06-11,14,Closed - False Positive,0.6,N
ALT02310,C00983,2025-05-28,Rapid Movement of Funds,3832.97,United States,High,AN033,Closed,2025-06-04,7,Closed - False Positive,0.6,N
ALT01035,C00392,2025-05-28,Structuring,9157.46,United Kingdom,Low,AN039,Closed,2025-06-01,4,Closed - False Positive,1.0,N
ALT01897,C02669,2025-05-28,Unusual Activity vs Profile,6949.55,United Kingdom,High,AN037,Closed,2025-06-06,9,Closed - False Positive,0.6,N
ALT02020,C00519,2025-05-28,Dormant Account Reactivation,21182.48,India,Medium,AN034,Closed,2025-05-29,1,Closed - False Positive,0.7,N
ALT01665,C01776,2025-05-29,Structuring,9389.28,United Kingdom,Low,AN034,Closed,2025-06-02,4,Closed - False Positive,0.6,N
ALT06096,C01947,2025-05-29,Structuring,9053.66,United Kingdom,Medium,AN036,Closed,2025-06-13,15,Closed - False Positive,0.6,N
ALT03733,C01218,2025-05-29,Rapid Movement of Funds,3178.66,Germany,Medium,AN039,Closed,2025-06-06,8,Closed - False Positive,1.1,N
ALT04221,C02656,2025-05-29,Structuring,9431.97,India,High,AN035,Closed,2025-06-01,3,Closed - False Positive,0.4,N
ALT03861,C00909,2025-05-29,Unusual Activity vs Profile,5496.72,United Kingdom,Low,AN033,Closed,2025-06-06,8,Closed - False Positive,0.8,N
ALT04933,C02701,2025-05-29,High-Risk Jurisdiction Transfer,12459.93,Ireland,High,AN037,Closed,2025-06-04,6,Closed - False Positive,1.2,N
ALT06397,C01461,2025-05-29,Structuring,7123.72,Nigeria,Medium,AN039,Closed,2025-06-06,8,Closed - False Positive,0.4,N
ALT04789,C01178,2025-05-29,Unusual Activity vs Profile,1684.55,United Kingdom,Low,AN037,Closed,2025-06-02,4,Closed - False Positive,0.7,N
ALT01234,C01471,2025-05-29,Round-Amount Transfers,10190.44,United Kingdom,Low,AN033,Closed,2025-06-04,6,Closed - False Positive,1.1,N
ALT00173,C02727,2025-05-29,Dormant Account Reactivation,21432.59,United Kingdom,Low,AN034,Closed,2025-06-04,6,Closed - False Positive,1.1,N
ALT05096,C01558,2025-05-29,High-Risk Jurisdiction Transfer,4940.8,United Kingdom,Medium,AN035,Closed,2025-06-01,3,Closed - False Positive,0.6,N
ALT01165,C00358,2025-05-29,Structuring,7971.59,United Kingdom,Low,AN040,Closed,2025-06-11,13,Closed - False Positive,0.9,N
ALT00142,C00507,2025-05-29,Dormant Account Reactivation,85028.29,United Kingdom,High,AN037,Closed,2025-07-12,44,Escalated to Investigation,3.7,N
ALT05168,C02826,2025-05-30,High-Risk Jurisdiction Transfer,6941.91,Cyprus,Low,AN039,Closed,2025-06-17,18,Closed - False Positive,0.8,N
ALT00385,C01045,2025-05-30,Structuring,8260.86,United Kingdom,High,AN040,Closed,2025-06-05,6,Closed - False Positive,0.3,N
ALT01568,C02837,2025-05-30,Large Cash Deposit,36818.03,United Kingdom,Medium,AN040,Closed,2025-06-02,3,Closed - False Positive,0.6,N
ALT03300,C02353,2025-05-30,Round-Amount Transfers,265714.18,Nigeria,High,AN036,Closed,2025-06-08,9,Closed - False Positive,0.7,N
ALT06415,C02834,2025-05-30,Unusual Activity vs Profile,135965.41,United Kingdom,High,AN036,Closed,2025-05-31,1,Closed - False Positive,0.8,N
ALT03587,C02289,2025-05-30,Unusual Activity vs Profile,12173.64,United Kingdom,High,AN040,Closed,2025-06-05,6,Closed - False Positive,0.4,N
ALT01265,C02834,2025-05-30,Unusual Activity vs Profile,10137.52,United Kingdom,High,AN034,Closed,2025-06-24,25,Escalated to Investigation,8.7,N
ALT00707,C01189,2025-05-30,Round-Amount Transfers,20175.4,UAE,Medium,AN035,Closed,2025-06-03,4,Closed - False Positive,1.0,N
ALT01625,C02758,2025-05-30,Round-Amount Transfers,23695.73,United Kingdom,Medium,AN036,Closed,2025-06-09,10,Closed - False Positive,0.5,N
ALT02366,C00957,2025-05-30,Large Cash Deposit,54852.07,United Kingdom,High,AN038,Closed,2025-06-03,4,Closed - False Positive,0.5,N
ALT00032,C01496,2025-05-30,High-Risk Jurisdiction Transfer,21858.65,United Kingdom,Medium,AN038,Closed,2025-06-03,4,Closed - False Positive,1.1,N
ALT02640,C01931,2025-05-30,Unusual Activity vs Profile,10176.74,United Kingdom,Low,AN039,Closed,2025-06-06,7,Closed - False Positive,1.0,N
ALT01859,C00872,2025-05-31,Large Cash Deposit,35091.53,United Kingdom,Low,AN039,Closed,2025-06-30,30,Escalated to Investigation,3.6,N
ALT00398,C00737,2025-05-31,Round-Amount Transfers,8370.65,United Kingdom,High,AN038,Closed,2025-06-16,16,Escalated to Investigation,12.3,N
ALT00357,C02509,2025-05-31,Large Cash Deposit,52749.14,India,High,AN034,Closed,2025-06-03,3,Closed - False Positive,0.7,N
ALT00308,C02681,2025-05-31,Structuring,7486.09,UAE,Low,AN039,Closed,2025-06-02,2,Closed - False Positive,0.6,N
ALT03252,C02237,2025-05-31,Rapid Movement of Funds,33883.56,Nigeria,High,AN038,Closed,2025-06-18,18,Closed - False Positive,0.4,N
ALT05735,C02073,2025-05-31,Structuring,8914.98,United Kingdom,Low,AN040,Closed,2025-06-08,8,Closed - False Positive,1.2,N
ALT03257,C00750,2025-05-31,Unusual Activity vs Profile,5942.45,UAE,Low,AN037,Closed,2025-06-05,5,Closed - False Positive,1.1,N
ALT05862,C00039,2025-05-31,High-Risk Jurisdiction Transfer,261560.93,United Kingdom,High,AN033,Closed,2025-06-15,15,Escalated to Investigation,4.6,N
ALT04538,C00353,2025-05-31,Structuring,8822.79,United Kingdom,High,AN040,Closed,2025-06-05,5,Closed - False Positive,0.4,N
ALT01436,C01080,2025-05-31,Structuring,7824.08,United Kingdom,Low,AN037,Closed,2025-06-02,2,Closed - False Positive,0.3,N
ALT03968,C02614,2025-06-01,High-Risk Jurisdiction Transfer,34301.33,Pakistan,Low,AN034,Closed,2025-06-07,6,Closed - False Positive,0.8,N
ALT05233,C00634,2025-06-01,Unusual Activity vs Profile,19810.53,United Kingdom,Medium,AN033,Closed,2025-06-04,3,Closed - False Positive,0.6,N
ALT06425,C00440,2025-06-01,Unusual Activity vs Profile,11742.42,Ireland,High,AN036,Closed,2025-06-06,5,Closed - False Positive,0.9,N
ALT02146,C00474,2025-06-01,Large Cash Deposit,41985.33,France,Low,AN035,Closed,2025-06-07,6,Closed - False Positive,0.7,N
ALT05901,C00950,2025-06-01,Unusual Activity vs Profile,15973.39,France,Low,AN037,Closed,2025-06-07,6,Closed - False Positive,1.0,N
ALT04249,C01754,2025-06-01,Structuring,9878.0,Germany,Low,AN033,Closed,2025-06-03,2,Closed - False Positive,0.8,N
ALT00109,C00017,2025-06-01,Unusual Activity vs Profile,3305.59,United Kingdom,High,AN039,Closed,2025-06-07,6,Closed - False Positive,1.0,N
ALT06174,C00618,2025-06-01,Unusual Activity vs Profile,39398.5,United Kingdom,High,AN039,Closed,2025-06-06,5,Closed - False Positive,0.9,N
ALT03026,C02232,2025-06-01,Structuring,8423.53,United Kingdom,Low,AN039,Closed,2025-06-04,3,Closed - False Positive,0.4,N
ALT05557,C01925,2025-06-01,Large Cash Deposit,27881.74,Hong Kong,Medium,AN035,Closed,2025-06-08,7,Closed - False Positive,1.1,N
ALT03639,C01801,2025-06-01,Rapid Movement of Funds,129053.57,India,High,AN038,Closed,2025-06-05,4,Closed - False Positive,1.1,N
ALT00189,C02757,2025-06-01,Unusual Activity vs Profile,3755.79,United Kingdom,Medium,AN037,Closed,2025-06-07,6,Closed - False Positive,0.9,N
ALT05693,C01073,2025-06-02,Structuring,9367.47,United Kingdom,Medium,AN039,Closed,2025-06-08,6,Closed - False Positive,0.6,N
ALT05840,C00828,2025-06-02,High-Risk Jurisdiction Transfer,12449.58,United Kingdom,High,AN035,Closed,2025-06-11,9,Closed - False Positive,0.6,N
ALT02398,C01384,2025-06-02,Structuring,8741.59,United Kingdom,Low,AN034,Closed,2025-06-13,11,SAR Filed,4.6,Y
ALT05639,C00076,2025-06-02,High-Risk Jurisdiction Transfer,180139.46,United Kingdom,High,AN033,Closed,2025-06-08,6,Closed - False Positive,0.5,N
ALT03352,C01330,2025-06-02,Rapid Movement of Funds,23940.53,United Kingdom,Medium,AN037,Closed,2025-06-16,14,Closed - False Positive,0.8,N
ALT00555,C02728,2025-06-02,Rapid Movement of Funds,30328.06,United States,Medium,AN034,Closed,2025-06-18,16,SAR Filed,11.4,Y
ALT05559,C00001,2025-06-02,High-Risk Jurisdiction Transfer,79980.96,United Kingdom,High,AN038,Closed,2025-06-05,3,Closed - False Positive,1.1,N
ALT03416,C02215,2025-06-02,High-Risk Jurisdiction Transfer,10128.39,France,Low,AN038,Closed,2025-06-08,6,Closed - False Positive,0.9,N
ALT00012,C02432,2025-06-02,Unusual Activity vs Profile,23955.64,United Kingdom,Medium,AN040,Closed,2025-06-10,8,Closed - False Positive,0.5,N
ALT00767,C02635,2025-06-02,Dormant Account Reactivation,1224.93,United Kingdom,Medium,AN033,Closed,2025-06-21,19,Closed - False Positive,0.5,N
ALT05259,C01521,2025-06-02,Unusual Activity vs Profile,6846.11,India,Medium,AN033,Closed,2025-06-07,5,Closed - False Positive,0.4,N
ALT05472,C02299,2025-06-02,Structuring,7205.68,United Kingdom,High,AN036,Closed,2025-06-08,6,Closed - False Positive,1.1,N
ALT01552,C00133,2025-06-02,Rapid Movement of Funds,1916.51,United Kingdom,High,AN039,Closed,2025-06-16,14,Closed - False Positive,1.0,N
ALT02795,C01567,2025-06-03,Unusual Activity vs Profile,40210.68,United Kingdom,High,AN040,Closed,2025-06-07,4,Closed - False Positive,0.5,N
ALT01732,C01263,2025-06-03,Dormant Account Reactivation,5487.37,United Kingdom,Medium,AN037,Closed,2025-06-15,12,Closed - False Positive,0.4,N
ALT03985,C01871,2025-06-03,Structuring,7044.1,United Kingdom,Medium,AN034,Closed,2025-06-13,10,Closed - False Positive,0.9,N
ALT03228,C00896,2025-06-03,Dormant Account Reactivation,10803.98,France,Medium,AN037,Closed,2025-06-08,5,Closed - False Positive,1.2,N
ALT06248,C01397,2025-06-03,Rapid Movement of Funds,15415.11,United Kingdom,High,AN036,Closed,2025-06-15,12,Closed - False Positive,1.0,N
ALT02365,C02509,2025-06-03,Structuring,9259.6,United Kingdom,Low,AN039,Closed,2025-06-05,2,Closed - False Positive,0.3,N
ALT00769,C00673,2025-06-03,Structuring,7121.95,Nigeria,Low,AN034,Closed,2025-06-13,10,Closed - False Positive,0.5,N
ALT00134,C00610,2025-06-03,Round-Amount Transfers,13129.8,United Kingdom,Medium,AN034,Closed,2025-06-08,5,Closed - False Positive,1.0,N
ALT02184,C02675,2025-06-03,Unusual Activity vs Profile,3407.59,United Kingdom,High,AN033,Closed,2025-06-13,10,Closed - False Positive,0.9,N
ALT01183,C02712,2025-06-03,Rapid Movement of Funds,3662.25,Ireland,High,AN034,Closed,2025-06-08,5,Closed - False Positive,0.6,N
ALT00798,C02957,2025-06-03,Rapid Movement of Funds,16535.37,United Kingdom,Low,AN036,Closed,2025-06-13,10,Closed - False Positive,0.4,N
ALT04308,C01184,2025-06-03,High-Risk Jurisdiction Transfer,1220.84,United States,Low,AN040,Closed,2025-06-12,9,Closed - False Positive,1.1,N
ALT02296,C00353,2025-06-04,High-Risk Jurisdiction Transfer,25740.46,United Kingdom,High,AN035,Closed,2025-06-10,6,Closed - False Positive,0.4,N
ALT05708,C02635,2025-06-04,Rapid Movement of Funds,13552.28,United Kingdom,Medium,AN039,Closed,2025-06-19,15,Escalated to Investigation,5.0,N
ALT03410,C02049,2025-06-04,Rapid Movement of Funds,49909.9,United States,High,AN034,Closed,2025-06-10,6,Closed - False Positive,1.0,N
ALT00200,C01809,2025-06-04,High-Risk Jurisdiction Transfer,30419.78,United Kingdom,Low,AN040,Closed,2025-06-17,13,SAR Filed,3.2,Y
ALT01774,C01390,2025-06-05,Round-Amount Transfers,1975.51,United Kingdom,Medium,AN037,Closed,2025-06-06,1,Closed - False Positive,1.1,N
ALT05009,C02855,2025-06-05,Dormant Account Reactivation,28479.55,United Kingdom,Low,AN036,Closed,2025-06-21,16,Closed - False Positive,0.4,N
ALT03119,C02010,2025-06-05,Large Cash Deposit,50831.72,United Kingdom,High,AN034,Closed,2025-06-22,17,Closed - False Positive,1.0,N
ALT05654,C02253,2025-06-05,Structuring,9169.21,United Kingdom,Low,AN034,Closed,2025-06-09,4,Closed - False Positive,0.4,N
ALT04755,C00003,2025-06-05,Unusual Activity vs Profile,18744.27,United Kingdom,Low,AN037,Closed,2025-06-24,19,Closed - False Positive,0.7,N
ALT00597,C00466,2025-06-05,Dormant Account Reactivation,62131.78,United Kingdom,High,AN038,Closed,2025-06-09,4,Closed - False Positive,0.5,N
ALT03495,C01556,2025-06-05,Large Cash Deposit,50010.8,United Kingdom,High,AN039,Closed,2025-06-12,7,Closed - False Positive,0.8,N
ALT05449,C01757,2025-06-05,High-Risk Jurisdiction Transfer,8585.16,United Kingdom,Medium,AN035,Closed,2025-06-09,4,Closed - False Positive,0.8,N
ALT05490,C01185,2025-06-05,Large Cash Deposit,37837.81,United Kingdom,Low,AN035,Closed,2025-06-08,3,Closed - False Positive,0.5,N
ALT02158,C02793,2025-06-05,Rapid Movement of Funds,9253.82,United Kingdom,Medium,AN035,Closed,2025-06-09,4,Closed - False Positive,0.6,N
ALT01110,C00562,2025-06-06,High-Risk Jurisdiction Transfer,7404.13,United Kingdom,Medium,AN037,Closed,2025-06-20,14,Closed - False Positive,0.8,N
ALT01948,C01248,2025-06-06,Unusual Activity vs Profile,7659.0,United Kingdom,Medium,AN040,Closed,2025-06-12,6,Closed - False Positive,0.3,N
ALT03832,C01493,2025-06-06,Rapid Movement of Funds,1321.44,Russia,Low,AN034,Closed,2025-06-13,7,Closed - False Positive,1.0,N
ALT03412,C00970,2025-06-06,Large Cash Deposit,20817.17,United Kingdom,High,AN037,Closed,2025-06-18,12,SAR Filed,4.0,Y
ALT03871,C00959,2025-06-06,Unusual Activity vs Profile,6071.96,United Kingdom,Low,AN036,Closed,2025-06-14,8,Closed - False Positive,0.7,N
ALT03984,C02039,2025-06-06,Large Cash Deposit,27370.97,United Kingdom,Low,AN036,Closed,2025-06-16,10,Closed - False Positive,0.6,N
ALT06064,C00080,2025-06-06,High-Risk Jurisdiction Transfer,106315.49,United Kingdom,High,AN034,Closed,2025-06-08,2,Closed - False Positive,0.9,N
ALT06386,C02367,2025-06-06,Dormant Account Reactivation,6799.61,United Kingdom,High,AN038,Closed,2025-06-11,5,Closed - False Positive,0.7,N
ALT00221,C00946,2025-06-06,Rapid Movement of Funds,9683.26,Germany,Low,AN040,Closed,2025-06-17,11,Closed - False Positive,1.1,N
ALT04375,C02669,2025-06-07,High-Risk Jurisdiction Transfer,12196.74,United Kingdom,High,AN034,Closed,2025-06-14,7,Closed - False Positive,0.7,N
ALT06438,C02248,2025-06-07,Rapid Movement of Funds,11180.46,Ireland,High,AN035,Closed,2025-06-11,4,Closed - False Positive,0.5,N
ALT02988,C01510,2025-06-07,Rapid Movement of Funds,4847.46,United Kingdom,Low,AN040,Closed,2025-06-12,5,Closed - False Positive,0.7,N
ALT05468,C02887,2025-06-07,Unusual Activity vs Profile,11270.49,Nigeria,Low,AN037,Closed,2025-06-11,4,Closed - False Positive,1.1,N
ALT03626,C02451,2025-06-07,Rapid Movement of Funds,6927.21,United Kingdom,Low,AN040,Closed,2025-06-18,11,Closed - False Positive,0.8,N
ALT05991,C01084,2025-06-07,High-Risk Jurisdiction Transfer,132034.99,Ireland,High,AN038,Closed,2025-06-13,6,Closed - False Positive,0.4,N
ALT02320,C00856,2025-06-07,Large Cash Deposit,54860.06,India,High,AN037,Closed,2025-06-11,4,Closed - False Positive,0.3,N
ALT06062,C02934,2025-06-07,Rapid Movement of Funds,7094.34,United Kingdom,High,AN039,Closed,2025-06-19,12,Closed - False Positive,0.7,N
ALT04720,C01287,2025-06-07,Structuring,7835.33,United Kingdom,Low,AN038,Closed,2025-06-13,6,Closed - False Positive,1.0,N
ALT00326,C01455,2025-06-07,Structuring,7829.97,United Kingdom,High,AN034,Closed,2025-06-16,9,Closed - False Positive,1.1,N
ALT03941,C01298,2025-06-07,Large Cash Deposit,34670.77,Pakistan,High,AN037,Closed,2025-06-15,8,Closed - False Positive,0.9,N
ALT02837,C00119,2025-06-07,Round-Amount Transfers,5871.74,Pakistan,High,AN037,Closed,2025-06-11,4,Closed - False Positive,1.0,N
ALT05607,C01003,2025-06-08,Dormant Account Reactivation,20472.53,United Kingdom,Medium,AN038,Closed,2025-06-12,4,Closed - False Positive,0.6,N
ALT03483,C00664,2025-06-08,Unusual Activity vs Profile,5335.14,Germany,Low,AN034,Closed,2025-06-17,9,Closed - False Positive,0.7,N
ALT00174,C00082,2025-06-08,Unusual Activity vs Profile,10516.84,United Kingdom,High,AN035,Closed,2025-06-13,5,Closed - False Positive,1.0,N
ALT05059,C01565,2025-06-08,Unusual Activity vs Profile,34947.65,Pakistan,High,AN033,Closed,2025-06-18,10,Escalated to Investigation,10.5,N
ALT02171,C02202,2025-06-08,Structuring,8070.75,India,Medium,AN034,Closed,2025-06-15,7,Closed - False Positive,0.5,N
ALT00503,C01457,2025-06-08,Structuring,9694.57,United Kingdom,Medium,AN033,Closed,2025-06-16,8,Closed - False Positive,0.3,N
ALT04371,C01338,2025-06-08,Unusual Activity vs Profile,821.41,United Kingdom,Medium,AN035,Closed,2025-06-17,9,Closed - False Positive,0.9,N
ALT05177,C00997,2025-06-08,High-Risk Jurisdiction Transfer,7930.68,United Kingdom,Medium,AN033,Closed,2025-06-10,2,Closed - False Positive,0.9,N
ALT02300,C01774,2025-06-08,Unusual Activity vs Profile,16554.85,United Kingdom,High,AN039,Closed,2025-06-23,15,Escalated to Investigation,10.7,N
ALT00760,C02474,2025-06-09,Dormant Account Reactivation,21404.96,Ireland,Low,AN035,Closed,2025-06-20,11,Closed - False Positive,1.2,N
ALT05871,C01116,2025-06-09,Large Cash Deposit,17131.76,Ireland,Low,AN038,Closed,2025-06-29,20,Escalated to Investigation,4.7,N
ALT02752,C00971,2025-06-09,Structuring,9784.43,United Kingdom,Low,AN035,Closed,2025-06-15,6,Closed - False Positive,0.4,N
ALT03649,C00205,2025-06-09,High-Risk Jurisdiction Transfer,3887.21,Nigeria,Medium,AN039,Closed,2025-06-10,1,Closed - False Positive,1.0,N
ALT04103,C02644,2025-06-09,Rapid Movement of Funds,7128.8,United Kingdom,Medium,AN039,Closed,2025-06-15,6,Closed - False Positive,0.5,N
ALT03205,C00074,2025-06-09,Dormant Account Reactivation,32098.13,United Kingdom,High,AN038,Closed,2025-06-21,12,Closed - False Positive,1.1,N
ALT01641,C02632,2025-06-09,Structuring,8729.69,United Kingdom,Low,AN040,Closed,2025-06-10,1,Closed - False Positive,1.0,N
ALT03084,C02669,2025-06-09,Rapid Movement of Funds,4450.18,United Kingdom,High,AN033,Closed,2025-06-12,3,Closed - False Positive,0.8,N
ALT05765,C01219,2025-06-09,Rapid Movement of Funds,3239.55,Ireland,High,AN038,Closed,2025-06-17,8,Closed - False Positive,0.9,N
ALT03924,C01752,2025-06-10,Structuring,7342.38,United Kingdom,Low,AN037,Closed,2025-06-14,4,Closed - False Positive,0.8,N
ALT01310,C02489,2025-06-10,Large Cash Deposit,9314.1,United Kingdom,Medium,AN035,Closed,2025-06-27,17,Escalated to Investigation,11.3,N
ALT02560,C01190,2025-06-10,Round-Amount Transfers,137554.77,Ireland,High,AN034,Closed,2025-06-18,8,Closed - False Positive,1.1,N
ALT02604,C01879,2025-06-10,Rapid Movement of Funds,1304.27,India,Medium,AN037,Closed,2025-06-13,3,Closed - False Positive,0.9,N
ALT03879,C00427,2025-06-10,Unusual Activity vs Profile,4488.08,India,Low,AN037,Closed,2025-06-22,12,Closed - False Positive,1.1,N
ALT03613,C01817,2025-06-10,Structuring,9499.79,United States,Low,AN034,Closed,2025-06-12,2,Closed - False Positive,0.9,N
ALT00390,C01893,2025-06-10,Round-Amount Transfers,24465.5,United States,Medium,AN035,Closed,2025-07-07,27,Escalated to Investigation,9.5,N
ALT00975,C00685,2025-06-10,Dormant Account Reactivation,1132.18,France,High,AN034,Closed,2025-06-16,6,Closed - False Positive,1.1,N
ALT01408,C01628,2025-06-10,Large Cash Deposit,16593.57,United Kingdom,High,AN033,Closed,2025-06-12,2,Closed - False Positive,0.7,N
ALT03862,C01573,2025-06-11,Large Cash Deposit,21358.53,India,Low,AN040,Closed,2025-06-15,4,Closed - False Positive,0.3,N
ALT02794,C02109,2025-06-11,Unusual Activity vs Profile,28703.57,Germany,Medium,AN035,Closed,2025-06-13,2,Closed - False Positive,0.3,N
ALT04768,C02463,2025-06-11,Rapid Movement of Funds,9561.48,India,Medium,AN033,Closed,2025-07-10,29,Escalated to Investigation,11.1,N
ALT02999,C02807,2025-06-11,Structuring,7006.53,Ireland,High,AN033,Closed,2025-06-20,9,Closed - False Positive,0.8,N
ALT01653,C01850,2025-06-11,Unusual Activity vs Profile,4864.43,United Kingdom,High,AN039,Closed,2025-06-26,15,Closed - False Positive,0.4,N
ALT05172,C02758,2025-06-11,Structuring,9428.96,United Kingdom,Low,AN039,Closed,2025-06-15,4,Closed - False Positive,0.6,N
ALT06043,C01230,2025-06-11,Large Cash Deposit,33487.86,United Kingdom,Medium,AN035,Closed,2025-06-15,4,Closed - False Positive,1.1,N
ALT00078,C01047,2025-06-11,High-Risk Jurisdiction Transfer,5734.15,Cyprus,High,AN036,Closed,2025-06-12,1,Closed - False Positive,1.0,N
ALT05163,C01490,2025-06-11,Structuring,9891.16,United Kingdom,Medium,AN040,Closed,2025-06-19,8,Closed - False Positive,0.6,N
ALT03335,C00985,2025-06-11,Round-Amount Transfers,7674.55,United Kingdom,High,AN040,Closed,2025-06-30,19,Escalated to Investigation,7.2,N
ALT02979,C02709,2025-06-11,High-Risk Jurisdiction Transfer,12117.57,United States,Medium,AN040,Closed,2025-06-19,8,Closed - False Positive,1.1,N
ALT01955,C00754,2025-06-11,Unusual Activity vs Profile,7408.69,India,Medium,AN035,Closed,2025-06-14,3,Closed - False Positive,0.3,N
ALT02675,C02118,2025-06-11,High-Risk Jurisdiction Transfer,5024.66,India,High,AN037,Closed,2025-06-17,6,Closed - False Positive,0.6,N
ALT01646,C00812,2025-06-11,Structuring,9029.91,United Kingdom,High,AN036,Closed,2025-06-18,7,Closed - False Positive,0.9,N
ALT05592,C01231,2025-06-12,Unusual Activity vs Profile,66511.74,United States,High,AN037,Closed,2025-07-10,28,Escalated to Investigation,11.5,N
ALT04770,C01602,2025-06-12,Rapid Movement of Funds,14550.58,Germany,Medium,AN034,Closed,2025-06-19,7,Closed - False Positive,0.5,N
ALT03965,C01353,2025-06-12,Unusual Activity vs Profile,2130.19,Hong Kong,Medium,AN036,Closed,2025-06-26,14,Closed - False Positive,0.7,N
ALT04426,C02048,2025-06-12,Unusual Activity vs Profile,11486.41,United Kingdom,Low,AN036,Closed,2025-07-11,29,Escalated to Investigation,10.8,N
ALT01602,C01834,2025-06-12,Unusual Activity vs Profile,22784.47,United Kingdom,Medium,AN038,Closed,2025-06-16,4,Closed - False Positive,1.1,N
ALT04229,C01561,2025-06-12,Round-Amount Transfers,3257.85,United Kingdom,Low,AN039,Closed,2025-06-18,6,Closed - False Positive,0.8,N
ALT02697,C02931,2025-06-12,Round-Amount Transfers,38129.7,Nigeria,High,AN040,Closed,2025-06-17,5,Closed - False Positive,1.2,N
ALT04918,C00444,2025-06-12,Unusual Activity vs Profile,24122.06,United Kingdom,High,AN034,Closed,2025-07-10,28,Escalated to Investigation,8.4,N
ALT01395,C02436,2025-06-12,Unusual Activity vs Profile,9725.14,India,Low,AN037,Closed,2025-06-20,8,Closed - False Positive,0.7,N
ALT02178,C01391,2025-06-12,High-Risk Jurisdiction Transfer,9427.41,UAE,Medium,AN038,Closed,2025-06-14,2,Closed - False Positive,0.9,N
ALT00152,C01592,2025-06-12,Rapid Movement of Funds,21837.82,United States,Low,AN033,Closed,2025-06-14,2,Closed - False Positive,0.4,N
ALT05601,C02061,2025-06-13,Round-Amount Transfers,3699.75,United Kingdom,Medium,AN038,Closed,2025-07-19,36,Escalated to Investigation,10.9,N
ALT00695,C02263,2025-06-13,Large Cash Deposit,40333.95,Hong Kong,Low,AN034,Closed,2025-06-20,7,Closed - False Positive,1.2,N
ALT04135,C00716,2025-06-13,High-Risk Jurisdiction Transfer,1789.69,United Kingdom,High,AN040,Closed,2025-06-20,7,Closed - False Positive,1.1,N
ALT01492,C01295,2025-06-13,Unusual Activity vs Profile,13349.7,United Kingdom,Medium,AN037,Closed,2025-06-16,3,Closed - False Positive,0.4,N
ALT05002,C00551,2025-06-13,High-Risk Jurisdiction Transfer,19110.72,United Kingdom,Medium,AN040,Closed,2025-06-17,4,Closed - False Positive,0.7,N
ALT03725,C02289,2025-06-13,Rapid Movement of Funds,16441.2,United Kingdom,High,AN034,Closed,2025-06-18,5,Closed - False Positive,0.4,N
ALT01747,C01761,2025-06-13,Rapid Movement of Funds,5318.99,United Kingdom,Low,AN038,Closed,2025-06-22,9,Closed - False Positive,0.5,N
ALT05131,C01443,2025-06-13,Rapid Movement of Funds,34376.74,United Kingdom,Low,AN039,Closed,2025-06-16,3,Closed - False Positive,0.6,N
ALT01022,C02849,2025-06-13,Round-Amount Transfers,3519.9,United Kingdom,Medium,AN038,Closed,2025-06-24,11,Closed - False Positive,1.0,N
ALT03217,C01039,2025-06-13,Unusual Activity vs Profile,16008.99,United Kingdom,Medium,AN037,Closed,2025-06-23,10,Closed - False Positive,0.5,N
ALT01616,C00485,2025-06-14,Structuring,8547.83,United Kingdom,High,AN038,Closed,2025-06-18,4,Closed - False Positive,0.4,N
ALT04107,C01443,2025-06-14,Dormant Account Reactivation,54300.38,United Kingdom,High,AN038,Closed,2025-06-25,11,Closed - False Positive,0.5,N
ALT03049,C01047,2025-06-14,Large Cash Deposit,50000.54,United Kingdom,High,AN035,Closed,2025-06-24,10,Closed - False Positive,0.5,N
ALT03442,C00700,2025-06-14,Rapid Movement of Funds,68610.1,United Kingdom,High,AN037,Closed,2025-06-19,5,Closed - False Positive,0.8,N
ALT04924,C01162,2025-06-14,Structuring,8523.86,Russia,Low,AN039,Closed,2025-07-09,25,Closed - False Positive,0.7,N
ALT05986,C01580,2025-06-14,Large Cash Deposit,24893.01,United Kingdom,Medium,AN033,Closed,2025-06-20,6,Closed - False Positive,1.0,N
ALT04950,C02944,2025-06-14,Round-Amount Transfers,4434.05,France,Low,AN033,Closed,2025-06-17,3,Closed - False Positive,0.9,N
ALT00315,C02173,2025-06-14,Rapid Movement of Funds,75929.99,United Kingdom,High,AN040,Closed,2025-06-20,6,Closed - False Positive,0.6,N
ALT01270,C02496,2025-06-14,Round-Amount Transfers,13634.07,United Kingdom,High,AN034,Closed,2025-06-16,2,Closed - False Positive,0.8,N
ALT04197,C01692,2025-06-14,Large Cash Deposit,19298.98,United Kingdom,Medium,AN037,Closed,2025-07-01,17,SAR Filed,9.9,Y
ALT06487,C01713,2025-06-14,Large Cash Deposit,52661.77,United Kingdom,High,AN036,Closed,2025-06-24,10,Closed - False Positive,0.7,N
ALT05850,C01495,2025-06-14,Round-Amount Transfers,7623.81,United Kingdom,Low,AN039,Closed,2025-07-02,18,Closed - False Positive,1.0,N
ALT03454,C02753,2025-06-15,Unusual Activity vs Profile,13829.48,Ireland,Low,AN034,Closed,2025-06-20,5,Closed - False Positive,0.8,N
ALT03175,C02287,2025-06-15,Unusual Activity vs Profile,13121.02,Germany,Low,AN037,Closed,2025-07-12,27,Closed - False Positive,0.9,N
ALT02396,C01755,2025-06-15,Round-Amount Transfers,12356.82,United States,Medium,AN037,Closed,2025-06-27,12,Closed - False Positive,1.1,N
ALT01690,C00385,2025-06-15,Round-Amount Transfers,23349.77,United States,Medium,AN033,Closed,2025-07-01,16,Closed - False Positive,1.2,N
ALT01775,C02500,2025-06-15,Round-Amount Transfers,7961.14,United Kingdom,High,AN033,Closed,2025-06-17,2,Closed - False Positive,1.0,N
ALT00394,C02158,2025-06-15,Unusual Activity vs Profile,9784.23,United Kingdom,Medium,AN038,Closed,2025-06-17,2,Closed - False Positive,0.4,N
ALT01761,C00598,2025-06-15,Structuring,9867.88,United Kingdom,Low,AN033,Closed,2025-06-28,13,Closed - False Positive,1.0,N
ALT03970,C00421,2025-06-15,High-Risk Jurisdiction Transfer,8579.78,United Kingdom,Low,AN036,Closed,2025-06-26,11,Closed - False Positive,0.8,N
ALT03841,C02143,2025-06-16,Structuring,8846.32,United States,Medium,AN037,Closed,2025-06-20,4,Closed - False Positive,1.0,N
ALT04668,C01691,2025-06-16,Unusual Activity vs Profile,1959.8,United Kingdom,Low,AN040,Closed,2025-06-18,2,Closed - False Positive,0.9,N
ALT03306,C00371,2025-06-16,Structuring,9548.8,United Kingdom,Medium,AN037,Closed,2025-06-22,6,Closed - False Positive,0.4,N
ALT02595,C02167,2025-06-16,Unusual Activity vs Profile,56954.13,Russia,High,AN037,Closed,2025-06-19,3,Closed - False Positive,1.0,N
ALT00530,C01429,2025-06-16,High-Risk Jurisdiction Transfer,7477.21,United Kingdom,Medium,AN040,Closed,2025-06-25,9,Closed - False Positive,0.4,N
ALT05959,C02593,2025-06-16,Structuring,9442.81,United Kingdom,High,AN040,Closed,2025-07-19,33,Escalated to Investigation,12.5,N
ALT04541,C01103,2025-06-16,Large Cash Deposit,55338.16,Hong Kong,High,AN037,Closed,2025-06-27,11,Closed - False Positive,0.3,N
ALT03052,C02600,2025-06-17,Unusual Activity vs Profile,35287.56,United Kingdom,High,AN040,Closed,2025-07-02,15,Closed - False Positive,1.0,N
ALT03450,C02083,2025-06-17,Rapid Movement of Funds,4576.04,United Kingdom,Medium,AN038,Closed,2025-07-07,20,Closed - False Positive,1.0,N
ALT00720,C02816,2025-06-17,Rapid Movement of Funds,38009.37,United Kingdom,High,AN037,Closed,2025-07-04,17,Escalated to Investigation,4.4,N
ALT04153,C02678,2025-06-17,Dormant Account Reactivation,12999.68,Nigeria,Medium,AN034,Closed,2025-06-26,9,Closed - False Positive,1.1,N
ALT06037,C01736,2025-06-17,Large Cash Deposit,15923.76,United Kingdom,Medium,AN036,Closed,2025-06-23,6,Closed - False Positive,0.4,N
ALT04245,C02687,2025-06-17,Round-Amount Transfers,79622.8,United Kingdom,High,AN038,Closed,2025-06-20,3,Closed - False Positive,0.7,N
ALT03105,C00763,2025-06-17,High-Risk Jurisdiction Transfer,94221.68,United Kingdom,High,AN037,Closed,2025-06-21,4,Closed - False Positive,1.1,N
ALT00680,C01046,2025-06-17,Rapid Movement of Funds,5637.27,Ireland,Low,AN039,Closed,2025-06-26,9,Closed - False Positive,0.8,N
ALT04062,C00732,2025-06-17,Structuring,7753.48,United Kingdom,High,AN038,Closed,2025-07-26,39,Escalated to Investigation,6.0,N
ALT06070,C00152,2025-06-17,Round-Amount Transfers,5105.36,Hong Kong,High,AN038,Closed,2025-06-20,3,Closed - False Positive,0.7,N
ALT01538,C02115,2025-06-17,Round-Amount Transfers,3400.91,United Kingdom,High,AN038,Closed,2025-06-20,3,Closed - False Positive,0.9,N
ALT00225,C02693,2025-06-17,Dormant Account Reactivation,26014.05,United Kingdom,Medium,AN035,Closed,2025-06-27,10,Closed - False Positive,1.0,N
ALT01307,C01279,2025-06-17,Structuring,9061.58,United Kingdom,Medium,AN035,Closed,2025-06-22,5,Closed - False Positive,0.9,N
ALT03605,C02118,2025-06-17,Structuring,7500.01,United Kingdom,High,AN035,Closed,2025-06-26,9,Closed - False Positive,0.7,N
ALT00041,C01392,2025-06-17,Structuring,7383.38,United Kingdom,Low,AN039,Closed,2025-06-23,6,Closed - False Positive,0.6,N
ALT00423,C02744,2025-06-18,Unusual Activity vs Profile,12136.35,Cyprus,Medium,AN037,Closed,2025-06-23,5,Closed - False Positive,0.6,N
ALT00566,C01992,2025-06-18,Rapid Movement of Funds,30294.03,United Kingdom,Low,AN039,Closed,2025-06-26,8,Closed - False Positive,0.7,N
ALT06101,C01377,2025-06-18,Large Cash Deposit,16204.45,United Kingdom,Medium,AN034,Closed,2025-06-21,3,Closed - False Positive,0.9,N
ALT04254,C00562,2025-06-18,Rapid Movement of Funds,30647.23,United Kingdom,Low,AN039,Closed,2025-06-27,9,Closed - False Positive,1.0,N
ALT00736,C01411,2025-06-18,Rapid Movement of Funds,24626.83,United Kingdom,Medium,AN037,Closed,2025-06-21,3,Closed - False Positive,1.2,N
ALT05247,C00692,2025-06-18,Unusual Activity vs Profile,53041.84,United Kingdom,High,AN040,Closed,2025-06-22,4,Closed - False Positive,0.5,N
ALT05382,C00482,2025-06-18,Structuring,7130.9,United Kingdom,Medium,AN039,Closed,2025-06-22,4,Closed - False Positive,0.3,N
ALT02041,C00942,2025-06-18,Rapid Movement of Funds,10101.86,France,Low,AN040,Closed,2025-06-23,5,Closed - False Positive,0.7,N
ALT03359,C02195,2025-06-18,Round-Amount Transfers,10763.99,United Kingdom,Low,AN037,Closed,2025-06-25,7,Closed - False Positive,0.6,N
ALT00244,C02516,2025-06-18,Dormant Account Reactivation,58252.43,United Kingdom,High,AN038,Closed,2025-06-30,12,Closed - False Positive,0.4,N
ALT01835,C01599,2025-06-18,Structuring,8630.67,United Kingdom,High,AN034,Closed,2025-06-21,3,Closed - False Positive,0.4,N
ALT02081,C02093,2025-06-18,High-Risk Jurisdiction Transfer,6260.64,United Kingdom,Medium,AN037,Closed,2025-06-23,5,Closed - False Positive,0.4,N
ALT00036,C02523,2025-06-18,Rapid Movement of Funds,9509.09,United Kingdom,Low,AN040,Closed,2025-07-23,35,Escalated to Investigation,4.2,N
ALT05655,C02038,2025-06-19,Round-Amount Transfers,5997.79,United Kingdom,High,AN037,Closed,2025-06-26,7,Closed - False Positive,0.4,N
ALT03434,C02985,2025-06-19,Structuring,9357.76,United Kingdom,High,AN040,Closed,2025-06-28,9,Closed - False Positive,0.4,N
ALT04289,C00133,2025-06-19,High-Risk Jurisdiction Transfer,30486.08,India,High,AN038,Closed,2025-06-25,6,Closed - False Positive,1.1,N
ALT00833,C00006,2025-06-19,Structuring,7930.87,United Kingdom,High,AN040,Closed,2025-07-01,12,Closed - False Positive,0.7,N
ALT05188,C01822,2025-06-19,Large Cash Deposit,49203.73,Germany,High,AN035,Closed,2025-07-12,23,Closed - False Positive,0.5,N
ALT05365,C02454,2025-06-19,Structuring,8599.11,United Kingdom,High,AN037,Closed,2025-06-21,2,Closed - False Positive,0.5,N
ALT02593,C02999,2025-06-19,Round-Amount Transfers,56013.49,United States,High,AN033,Closed,2025-06-27,8,Closed - False Positive,0.6,N
ALT05208,C02369,2025-06-19,High-Risk Jurisdiction Transfer,34279.4,UAE,Low,AN038,Closed,2025-06-23,4,Closed - False Positive,0.5,N
ALT01532,C00373,2025-06-19,Unusual Activity vs Profile,23927.06,United Kingdom,Medium,AN035,Closed,2025-06-27,8,Closed - False Positive,1.2,N
ALT03885,C00581,2025-06-19,Structuring,8506.3,Germany,Medium,AN033,Closed,2025-06-21,2,Closed - False Positive,1.0,N
ALT05316,C02396,2025-06-19,Round-Amount Transfers,140678.67,United States,High,AN037,Closed,2025-06-24,5,Closed - False Positive,0.6,N
ALT04493,C00729,2025-06-19,Rapid Movement of Funds,23656.11,United Kingdom,High,AN035,Closed,2025-06-21,2,Closed - False Positive,0.7,N
ALT03298,C00191,2025-06-19,Round-Amount Transfers,16316.61,Ireland,Medium,AN039,Closed,2025-06-20,1,Closed - False Positive,0.9,N
ALT03730,C00812,2025-06-19,Unusual Activity vs Profile,7870.86,United Kingdom,High,AN033,Closed,2025-06-21,2,Closed - False Positive,0.4,N
ALT03768,C01630,2025-06-19,Structuring,7183.8,Cyprus,Low,AN036,Closed,2025-06-23,4,Closed - False Positive,1.0,N
ALT00459,C01578,2025-06-20,Unusual Activity vs Profile,7209.95,United Kingdom,Low,AN033,Closed,2025-06-29,9,Closed - False Positive,0.8,N
ALT02744,C01361,2025-06-20,Structuring,8680.93,United Kingdom,High,AN033,Closed,2025-06-22,2,Closed - False Positive,0.5,N
ALT01296,C01637,2025-06-20,Round-Amount Transfers,4656.98,United Kingdom,Medium,AN040,Closed,2025-06-26,6,Closed - False Positive,0.9,N
ALT04247,C01780,2025-06-20,High-Risk Jurisdiction Transfer,11206.84,United Kingdom,Medium,AN039,Closed,2025-07-01,11,Closed - False Positive,0.5,N
ALT03080,C00996,2025-06-20,Structuring,7850.47,UAE,Low,AN033,Closed,2025-06-27,7,Closed - False Positive,1.1,N
ALT06398,C02155,2025-06-20,Round-Amount Transfers,3054.46,United Kingdom,High,AN040,Closed,2025-06-28,8,Closed - False Positive,0.7,N
ALT04930,C02551,2025-06-20,Unusual Activity vs Profile,6074.25,United Kingdom,Low,AN040,Closed,2025-06-21,1,Closed - False Positive,0.4,N
ALT03728,C02190,2025-06-20,Round-Amount Transfers,2841.21,India,Medium,AN035,Closed,2025-06-24,4,Closed - False Positive,1.0,N
ALT04708,C01774,2025-06-20,Dormant Account Reactivation,13485.49,India,High,AN037,Closed,2025-06-22,2,Closed - False Positive,1.0,N
ALT04457,C02327,2025-06-21,Unusual Activity vs Profile,86668.67,United States,High,AN035,Closed,2025-06-24,3,Closed - False Positive,0.5,N
ALT06462,C02220,2025-06-21,Unusual Activity vs Profile,7047.66,Ireland,Low,AN038,Closed,2025-07-02,11,Closed - False Positive,1.1,N
ALT04242,C02844,2025-06-21,Structuring,8192.0,Panama,Medium,AN038,Closed,2025-06-24,3,Closed - False Positive,0.8,N
ALT00264,C02220,2025-06-21,Unusual Activity vs Profile,42214.61,United Kingdom,Medium,AN034,Closed,2025-07-23,32,Escalated to Investigation,8.5,N
ALT00656,C00560,2025-06-21,Large Cash Deposit,19480.42,United Kingdom,Low,AN038,Closed,2025-06-25,4,Closed - False Positive,0.6,N
ALT04194,C02928,2025-06-21,High-Risk Jurisdiction Transfer,19228.7,Nigeria,High,AN038,Closed,2025-06-29,8,Closed - False Positive,0.4,N
ALT02762,C01063,2025-06-21,Large Cash Deposit,58671.02,Nigeria,High,AN033,Closed,2025-07-11,20,SAR Filed,7.0,Y
ALT03027,C00354,2025-06-21,Structuring,8355.25,United Kingdom,Low,AN036,Closed,2025-07-06,15,Closed - False Positive,1.0,N
ALT01384,C01281,2025-06-21,High-Risk Jurisdiction Transfer,7596.42,Russia,Medium,AN040,Closed,2025-07-23,32,SAR Filed,8.7,Y
ALT03050,C01594,2025-06-21,Structuring,9790.08,United Kingdom,High,AN033,Closed,2025-06-30,9,Closed - False Positive,1.0,N
ALT02985,C01112,2025-06-21,Round-Amount Transfers,30196.68,United Kingdom,Medium,AN040,Closed,2025-06-27,6,Closed - False Positive,0.9,N
ALT03433,C00767,2025-06-21,Unusual Activity vs Profile,75206.77,United Kingdom,High,AN036,Closed,2025-06-25,4,Closed - False Positive,0.5,N
ALT00227,C01361,2025-06-22,Structuring,8379.11,United Kingdom,High,AN036,Closed,2025-06-25,3,Closed - False Positive,1.2,N
ALT01864,C00305,2025-06-22,Rapid Movement of Funds,3129.68,Cyprus,Medium,AN036,Closed,2025-07-10,18,Closed - False Positive,0.6,N
ALT00580,C02656,2025-06-22,Unusual Activity vs Profile,4314.92,United Kingdom,High,AN037,Closed,2025-07-05,13,SAR Filed,13.5,Y
ALT00306,C01195,2025-06-22,Unusual Activity vs Profile,10364.23,United Kingdom,Low,AN039,Closed,2025-06-24,2,Closed - False Positive,0.6,N
ALT03827,C00637,2025-06-22,Rapid Movement of Funds,12431.58,Ireland,Medium,AN033,Closed,2025-07-11,19,Escalated to Investigation,9.6,N
ALT03296,C00320,2025-06-22,Large Cash Deposit,14177.29,United Kingdom,Medium,AN040,Closed,2025-07-05,13,Closed - False Positive,1.2,N
ALT02543,C02422,2025-06-22,Dormant Account Reactivation,15428.22,United Kingdom,Low,AN040,Closed,2025-06-27,5,Closed - False Positive,0.4,N
ALT04035,C00667,2025-06-22,Large Cash Deposit,9038.61,United Kingdom,Medium,AN035,Closed,2025-06-24,2,Closed - False Positive,0.9,N
ALT03247,C00006,2025-06-22,Unusual Activity vs Profile,48377.63,Hong Kong,High,AN035,Closed,2025-06-24,2,Closed - False Positive,0.5,N
ALT00022,C02849,2025-06-22,Structuring,9287.72,Nigeria,Medium,AN039,Closed,2025-06-27,5,Closed - False Positive,0.6,N
ALT06116,C00886,2025-06-22,High-Risk Jurisdiction Transfer,7768.26,United Kingdom,High,AN040,Closed,2025-07-01,9,Closed - False Positive,1.0,N
ALT05586,C02203,2025-06-22,Large Cash Deposit,32515.53,United Kingdom,Low,AN039,Closed,2025-06-23,1,Closed - False Positive,0.5,N
ALT02578,C00449,2025-06-22,Dormant Account Reactivation,116674.99,United Kingdom,High,AN037,Closed,2025-06-24,2,Closed - False Positive,0.5,N
ALT04509,C02861,2025-06-22,Large Cash Deposit,58021.99,UAE,High,AN037,Closed,2025-06-26,4,Closed - False Positive,0.4,N
ALT03152,C01230,2025-06-22,Rapid Movement of Funds,31145.65,United Kingdom,Low,AN033,Closed,2025-07-02,10,Closed - False Positive,1.1,N
ALT04164,C02731,2025-06-23,Unusual Activity vs Profile,32670.8,United Kingdom,Low,AN035,Closed,2025-06-25,2,Closed - False Positive,0.6,N
ALT03953,C01086,2025-06-23,Structuring,9489.28,Pakistan,High,AN039,Closed,2025-06-27,4,Closed - False Positive,0.6,N
ALT05013,C00803,2025-06-23,Rapid Movement of Funds,26783.07,United Kingdom,Low,AN035,Closed,2025-07-02,9,SAR Filed,11.6,Y
ALT04096,C02806,2025-06-23,Unusual Activity vs Profile,8711.94,United Kingdom,Low,AN039,Closed,2025-06-28,5,Closed - False Positive,1.0,N
ALT01332,C00017,2025-06-23,Rapid Movement of Funds,24839.83,United Kingdom,High,AN033,Closed,2025-06-27,4,Closed - False Positive,0.3,N
ALT00784,C01405,2025-06-23,Dormant Account Reactivation,47675.22,United Kingdom,High,AN038,Closed,2025-07-03,10,Closed - False Positive,1.2,N
ALT05610,C00008,2025-06-23,Rapid Movement of Funds,30183.97,Pakistan,Low,AN040,Closed,2025-06-28,5,Closed - False Positive,0.9,N
ALT00795,C01875,2025-06-23,Round-Amount Transfers,29648.96,United Kingdom,Medium,AN037,Closed,2025-06-28,5,Closed - False Positive,1.1,N
ALT04610,C02581,2025-06-24,Structuring,7385.31,United Kingdom,High,AN040,Closed,2025-06-27,3,Closed - False Positive,1.1,N
ALT00639,C01196,2025-06-24,Rapid Movement of Funds,65563.8,United Kingdom,High,AN034,Closed,2025-07-05,11,Closed - False Positive,0.3,N
ALT04165,C00954,2025-06-24,Unusual Activity vs Profile,3638.89,Russia,Low,AN037,Closed,2025-07-04,10,Closed - False Positive,0.6,N
ALT03239,C02685,2025-06-24,Large Cash Deposit,56974.52,UAE,High,AN040,Closed,2025-07-06,12,Closed - False Positive,0.6,N
ALT01556,C02334,2025-06-24,Structuring,9672.35,India,Medium,AN040,Closed,2025-06-27,3,Closed - False Positive,1.0,N
ALT04521,C02504,2025-06-24,Large Cash Deposit,44644.18,France,Low,AN034,Closed,2025-07-02,8,Closed - False Positive,1.1,N
ALT05750,C01750,2025-06-24,Rapid Movement of Funds,35281.31,United Kingdom,High,AN039,Closed,2025-06-30,6,Closed - False Positive,0.6,N
ALT03214,C02958,2025-06-24,Structuring,7213.04,Panama,Low,AN037,Closed,2025-06-28,4,Closed - False Positive,0.6,N
ALT05930,C00856,2025-06-24,Dormant Account Reactivation,37324.4,United Kingdom,High,AN034,Closed,2025-07-06,12,Escalated to Investigation,3.7,N
ALT02502,C01254,2025-06-24,Unusual Activity vs Profile,10617.86,United States,Medium,AN039,Closed,2025-06-29,5,Closed - False Positive,1.2,N
ALT03292,C02237,2025-06-24,Structuring,7155.47,United Kingdom,High,AN034,Closed,2025-07-20,26,Escalated to Investigation,4.2,N
ALT00509,C01491,2025-06-24,Structuring,8932.5,United Kingdom,Low,AN038,Closed,2025-06-26,2,Closed - False Positive,0.9,N
ALT06157,C00957,2025-06-24,Rapid Movement of Funds,441758.1,United Kingdom,High,AN034,Closed,2025-06-29,5,Closed - False Positive,0.5,N
ALT01020,C00763,2025-06-24,Unusual Activity vs Profile,46316.42,United Kingdom,High,AN033,Closed,2025-07-02,8,Closed - False Positive,0.8,N
ALT02159,C01002,2025-06-24,High-Risk Jurisdiction Transfer,16032.94,United Kingdom,Low,AN036,Closed,2025-07-04,10,Closed - False Positive,1.1,N
ALT05464,C00970,2025-06-24,Large Cash Deposit,53190.22,United Kingdom,High,AN038,Closed,2025-06-27,3,Closed - False Positive,1.0,N
ALT03928,C00067,2025-06-24,Dormant Account Reactivation,5444.09,Germany,High,AN036,Closed,2025-06-29,5,Closed - False Positive,1.1,N
ALT04376,C01295,2025-06-24,Round-Amount Transfers,43353.39,United Kingdom,Low,AN036,Closed,2025-06-27,3,Closed - False Positive,1.1,N
ALT05584,C00421,2025-06-24,Rapid Movement of Funds,3009.28,United Kingdom,Medium,AN038,Closed,2025-06-25,1,Closed - False Positive,0.7,N
ALT05362,C01069,2025-06-24,Large Cash Deposit,53819.85,United Kingdom,High,AN037,Closed,2025-07-07,13,Closed - False Positive,1.0,N
ALT00532,C00696,2025-06-24,Round-Amount Transfers,7721.96,United Kingdom,Low,AN038,Closed,2025-06-26,2,Closed - False Positive,1.2,N
ALT04126,C02661,2025-06-25,Large Cash Deposit,45414.48,Panama,Medium,AN040,Closed,2025-07-02,7,Closed - False Positive,1.1,N
ALT04904,C01426,2025-06-25,Structuring,8522.68,Cyprus,Medium,AN034,Closed,2025-07-05,10,Closed - False Positive,1.1,N
ALT06121,C01606,2025-06-25,High-Risk Jurisdiction Transfer,7790.37,United Kingdom,Medium,AN040,Closed,2025-07-12,17,Closed - False Positive,1.0,N
ALT00914,C02167,2025-06-25,Rapid Movement of Funds,19547.95,United Kingdom,High,AN033,Closed,2025-06-27,2,Closed - False Positive,0.9,N
ALT03081,C01823,2025-06-25,Rapid Movement of Funds,2222.61,Pakistan,High,AN040,Closed,2025-07-05,10,Closed - False Positive,0.7,N
ALT02019,C01846,2025-06-25,Dormant Account Reactivation,4803.6,United Kingdom,Medium,AN033,Closed,2025-08-09,45,SAR Filed,3.6,Y
ALT05813,C02968,2025-06-25,Structuring,8493.68,India,Low,AN040,Closed,2025-07-05,10,Closed - False Positive,0.3,N
ALT02380,C02125,2025-06-25,Dormant Account Reactivation,46343.46,United Kingdom,Low,AN035,Closed,2025-06-26,1,Closed - False Positive,0.7,N
ALT00196,C01531,2025-06-25,Rapid Movement of Funds,9630.15,Hong Kong,Medium,AN036,Closed,2025-07-06,11,Closed - False Positive,0.3,N
ALT01832,C02691,2025-06-25,Unusual Activity vs Profile,5384.55,Hong Kong,High,AN039,Closed,2025-07-04,9,Closed - False Positive,0.6,N
ALT03293,C01567,2025-06-26,Round-Amount Transfers,79319.91,United Kingdom,High,AN039,Closed,2025-07-02,6,Closed - False Positive,1.1,N
ALT04841,C01083,2025-06-26,Large Cash Deposit,45224.26,United Kingdom,High,AN035,Closed,2025-06-28,2,Closed - False Positive,0.5,N
ALT01803,C02408,2025-06-26,Round-Amount Transfers,46166.72,France,Medium,AN034,Closed,2025-06-30,4,Closed - False Positive,0.5,N
ALT02684,C02898,2025-06-26,Unusual Activity vs Profile,11991.93,United Kingdom,Medium,AN039,Closed,2025-07-09,13,Closed - False Positive,0.5,N
ALT05460,C01689,2025-06-26,High-Risk Jurisdiction Transfer,10586.94,United Kingdom,Low,AN035,Closed,2025-07-09,13,Closed - False Positive,0.5,N
ALT01630,C01981,2025-06-26,Round-Amount Transfers,76862.11,United Kingdom,High,AN040,Closed,2025-07-12,16,SAR Filed,6.1,Y
ALT02018,C01072,2025-06-26,Unusual Activity vs Profile,3831.51,United Kingdom,High,AN033,Closed,2025-07-04,8,Closed - False Positive,0.5,N
ALT05484,C02860,2025-06-26,Unusual Activity vs Profile,20882.34,United Kingdom,High,AN039,Closed,2025-07-03,7,Closed - False Positive,0.5,N
ALT03058,C01243,2025-06-26,Structuring,9529.45,United Kingdom,Medium,AN034,Closed,2025-07-04,8,Closed - False Positive,0.8,N
ALT01682,C00119,2025-06-27,Unusual Activity vs Profile,4796.55,United Kingdom,High,AN035,Closed,2025-07-04,7,Closed - False Positive,0.8,N
ALT05234,C01271,2025-06-27,Round-Amount Transfers,25476.6,United Kingdom,Low,AN033,Closed,2025-06-29,2,Closed - False Positive,0.4,N
ALT05597,C00375,2025-06-27,Unusual Activity vs Profile,116366.27,France,High,AN034,Closed,2025-06-28,1,Closed - False Positive,1.0,N
ALT06371,C00810,2025-06-27,Large Cash Deposit,16356.04,United Kingdom,Medium,AN040,Closed,2025-07-05,8,Closed - False Positive,0.3,N
ALT06039,C02757,2025-06-27,High-Risk Jurisdiction Transfer,19656.44,United Kingdom,Low,AN033,Closed,2025-07-01,4,Closed - False Positive,1.2,N
ALT01163,C01279,2025-06-27,Rapid Movement of Funds,29672.24,Ireland,Medium,AN040,Closed,2025-07-01,4,Closed - False Positive,0.5,N
ALT01868,C02173,2025-06-27,Structuring,8456.74,United Kingdom,High,AN040,Closed,2025-07-03,6,Closed - False Positive,0.4,N
ALT06221,C01709,2025-06-28,Rapid Movement of Funds,24422.88,United Kingdom,Medium,AN034,Closed,2025-07-01,3,Closed - False Positive,0.9,N
ALT03200,C01750,2025-06-28,High-Risk Jurisdiction Transfer,2671.75,United Kingdom,High,AN034,Closed,2025-07-06,8,Closed - False Positive,0.8,N
ALT04953,C02743,2025-06-28,Structuring,7203.35,United Kingdom,Medium,AN037,Closed,2025-07-05,7,Closed - False Positive,1.1,N
ALT05294,C00572,2025-06-28,Unusual Activity vs Profile,104696.63,United Kingdom,High,AN038,Closed,2025-07-02,4,Closed - False Positive,0.7,N
ALT02706,C02873,2025-06-28,High-Risk Jurisdiction Transfer,3060.23,United Kingdom,Low,AN036,Closed,2025-07-01,3,Closed - False Positive,0.6,N
ALT01407,C01354,2025-06-28,Rapid Movement of Funds,69886.7,United Kingdom,High,AN033,Closed,2025-07-03,5,Closed - False Positive,0.4,N
ALT04698,C01520,2025-06-28,Structuring,9673.57,United Kingdom,Low,AN037,Closed,2025-07-02,4,Closed - False Positive,1.0,N
ALT04633,C02297,2025-06-28,Unusual Activity vs Profile,17894.42,United Kingdom,Medium,AN034,Closed,2025-07-13,15,Closed - False Positive,1.2,N
ALT05811,C00357,2025-06-28,Large Cash Deposit,51602.97,UAE,High,AN039,Closed,2025-07-07,9,Closed - False Positive,0.6,N
ALT04494,C02372,2025-06-28,Large Cash Deposit,34555.31,India,Medium,AN036,Closed,2025-07-03,5,Closed - False Positive,0.6,N
ALT00582,C02385,2025-06-29,Unusual Activity vs Profile,32188.39,United Kingdom,High,AN034,Closed,2025-06-30,1,Closed - False Positive,0.7,N
ALT02554,C00513,2025-06-29,Large Cash Deposit,40576.89,United Kingdom,High,AN036,Closed,2025-08-02,34,Escalated to Investigation,4.1,N
ALT04879,C00957,2025-06-29,Large Cash Deposit,44710.39,United Kingdom,Low,AN035,Closed,2025-07-09,10,Closed - False Positive,0.7,N
ALT01755,C00212,2025-06-29,Structuring,8083.95,United Kingdom,Medium,AN037,Closed,2025-06-30,1,Closed - False Positive,0.6,N
ALT03736,C01640,2025-06-29,Round-Amount Transfers,29996.1,United Kingdom,High,AN035,Closed,2025-07-10,11,Closed - False Positive,0.7,N
ALT02373,C00925,2025-06-29,High-Risk Jurisdiction Transfer,7680.2,Cyprus,Low,AN033,Closed,2025-07-01,2,Closed - False Positive,0.6,N
ALT04680,C00396,2025-06-29,High-Risk Jurisdiction Transfer,9920.92,India,Medium,AN037,Closed,2025-07-01,2,Closed - False Positive,0.5,N
ALT02361,C00594,2025-06-29,Large Cash Deposit,49041.46,United Kingdom,Medium,AN037,Closed,2025-07-03,4,Closed - False Positive,0.3,N
ALT01908,C01999,2025-06-29,Dormant Account Reactivation,5476.29,Ireland,Low,AN040,Closed,2025-07-08,9,Closed - False Positive,0.9,N
ALT00578,C02135,2025-06-29,Large Cash Deposit,37323.4,Pakistan,High,AN034,Closed,2025-07-03,4,Closed - False Positive,0.3,N
ALT01068,C02530,2025-06-29,Structuring,7527.01,United Kingdom,High,AN038,Closed,2025-07-17,18,Closed - False Positive,0.9,N
ALT01691,C00909,2025-06-29,Large Cash Deposit,50947.0,Pakistan,High,AN040,Closed,2025-07-10,11,Closed - False Positive,0.5,N
ALT02459,C01064,2025-06-29,Structuring,7999.94,Cyprus,Low,AN035,Closed,2025-07-01,2,Closed - False Positive,0.8,N
ALT03503,C00649,2025-06-29,Large Cash Deposit,11423.04,France,High,AN033,Closed,2025-07-02,3,Closed - False Positive,0.9,N
ALT05081,C02523,2025-06-29,Rapid Movement of Funds,43964.67,United Kingdom,Medium,AN039,Closed,2025-07-03,4,Closed - False Positive,0.5,N
ALT02709,C01567,2025-06-29,High-Risk Jurisdiction Transfer,11363.38,United Kingdom,High,AN037,Closed,2025-07-06,7,Closed - False Positive,1.0,N
ALT05293,C01739,2025-06-29,Unusual Activity vs Profile,3571.75,UAE,Medium,AN036,Closed,2025-07-02,3,Closed - False Positive,0.7,N
ALT00987,C01680,2025-06-29,Rapid Movement of Funds,39578.1,India,Low,AN034,Closed,2025-07-09,10,Closed - False Positive,0.5,N
ALT01910,C00654,2025-06-30,High-Risk Jurisdiction Transfer,34063.87,United Kingdom,High,AN039,Closed,2025-07-05,5,Closed - False Positive,1.2,N
ALT02987,C02929,2025-06-30,Structuring,8850.0,UAE,Medium,AN036,Closed,2025-07-01,1,Closed - False Positive,1.1,N
ALT03140,C01835,2025-06-30,Large Cash Deposit,34146.27,Panama,Medium,AN034,Closed,2025-07-09,9,Closed - False Positive,0.4,N
ALT05339,C02903,2025-06-30,Large Cash Deposit,33982.15,United Kingdom,Medium,AN034,Closed,2025-07-06,6,Closed - False Positive,0.4,N
ALT01026,C01810,2025-06-30,Unusual Activity vs Profile,3523.68,United Kingdom,Medium,AN036,Closed,2025-07-04,4,Closed - False Positive,1.2,N
ALT02164,C00620,2025-06-30,Rapid Movement of Funds,25900.03,United Kingdom,Medium,AN040,Closed,2025-07-01,1,Closed - False Positive,0.3,N
ALT02463,C02530,2025-06-30,Structuring,8452.99,United Kingdom,High,AN039,Closed,2025-07-04,4,Closed - False Positive,0.4,N
ALT04152,C02788,2025-06-30,Structuring,9770.25,United Kingdom,High,AN036,Closed,2025-07-08,8,Closed - False Positive,0.9,N
ALT03864,C01391,2025-06-30,Structuring,7914.99,United Kingdom,Medium,AN037,Closed,2025-07-06,6,Closed - False Positive,1.2,N
ALT05411,C02567,2025-07-01,Unusual Activity vs Profile,12890.81,France,Medium,AN036,Closed,2025-07-15,14,Closed - False Positive,0.4,N
ALT00110,C01287,2025-07-01,Dormant Account Reactivation,3958.72,United Kingdom,Low,AN033,Closed,2025-07-09,8,Closed - False Positive,1.0,N
ALT01131,C01692,2025-07-01,Unusual Activity vs Profile,11911.35,France,Low,AN040,Closed,2025-07-05,4,Closed - False Positive,1.1,N
ALT04776,C00480,2025-07-01,Rapid Movement of Funds,7050.71,Ireland,Low,AN036,Closed,2025-07-09,8,Closed - False Positive,0.5,N
ALT01484,C00404,2025-07-01,Structuring,9758.66,United Kingdom,Medium,AN035,Closed,2025-07-12,11,Closed - False Positive,0.5,N
ALT05006,C00026,2025-07-01,Structuring,8657.61,India,Low,AN038,Closed,2025-07-08,7,Closed - False Positive,0.7,N
ALT01164,C00539,2025-07-01,Unusual Activity vs Profile,2981.02,United Kingdom,High,AN039,Closed,2025-07-22,21,SAR Filed,9.2,Y
ALT06354,C02565,2025-07-01,Unusual Activity vs Profile,12073.55,United Kingdom,Medium,AN036,Closed,2025-07-07,6,Closed - False Positive,1.1,N
ALT03186,C00212,2025-07-01,Large Cash Deposit,35449.66,United Kingdom,Low,AN039,Closed,2025-07-10,9,Closed - False Positive,0.6,N
ALT04339,C01674,2025-07-01,Structuring,9691.1,Ireland,High,AN040,Closed,2025-07-06,5,Closed - False Positive,1.1,N
ALT05418,C01795,2025-07-01,Unusual Activity vs Profile,8071.64,United Kingdom,Medium,AN034,Closed,2025-07-02,1,Closed - False Positive,0.4,N
ALT04449,C00257,2025-07-01,High-Risk Jurisdiction Transfer,14427.53,Cyprus,Medium,AN034,Closed,2025-07-10,9,Closed - False Positive,0.9,N
ALT04293,C01510,2025-07-01,Dormant Account Reactivation,3397.37,United Kingdom,Medium,AN034,Closed,2025-07-04,3,Closed - False Positive,0.9,N
ALT04237,C00734,2025-07-01,Dormant Account Reactivation,6931.08,Nigeria,Low,AN040,Closed,2025-07-07,6,Closed - False Positive,0.7,N
ALT02462,C02436,2025-07-01,Structuring,9747.61,India,Low,AN038,Closed,2025-07-03,2,Closed - False Positive,0.6,N
ALT03488,C01117,2025-07-01,Round-Amount Transfers,11396.48,United Kingdom,Low,AN040,Closed,2025-07-07,6,Closed - False Positive,0.8,N
ALT00526,C01622,2025-07-01,Rapid Movement of Funds,2548.03,Nigeria,Medium,AN037,Closed,2025-07-06,5,Closed - False Positive,0.9,N
ALT06331,C01346,2025-07-01,High-Risk Jurisdiction Transfer,10490.84,United Kingdom,Medium,AN033,Closed,2025-07-18,17,Escalated to Investigation,13.5,N
ALT06197,C02788,2025-07-02,Unusual Activity vs Profile,1922.85,United Kingdom,High,AN033,Closed,2025-07-09,7,Closed - False Positive,0.7,N
ALT04935,C00413,2025-07-02,Unusual Activity vs Profile,11228.9,India,Medium,AN033,Closed,2025-07-07,5,Closed - False Positive,1.0,N
ALT02724,C02491,2025-07-02,Rapid Movement of Funds,10235.03,Hong Kong,High,AN039,Closed,2025-07-21,19,Escalated to Investigation,9.9,N
ALT06190,C00059,2025-07-02,Rapid Movement of Funds,12756.34,United Kingdom,Low,AN040,Closed,2025-07-04,2,Closed - False Positive,1.1,N
ALT03051,C00235,2025-07-02,Structuring,9354.38,United Kingdom,Low,AN035,Closed,2025-07-18,16,Closed - False Positive,1.1,N
ALT00103,C02458,2025-07-02,Rapid Movement of Funds,36107.21,United Kingdom,High,AN035,Closed,2025-07-21,19,Escalated to Investigation,6.8,N
ALT05477,C01754,2025-07-02,Rapid Movement of Funds,12925.61,Nigeria,Medium,AN037,Closed,2025-07-22,20,Closed - False Positive,0.6,N
ALT01290,C01937,2025-07-02,Rapid Movement of Funds,3229.97,United Kingdom,Low,AN039,Closed,2025-07-11,9,Closed - False Positive,1.2,N
ALT02433,C00010,2025-07-02,Structuring,9528.64,Pakistan,Low,AN037,Closed,2025-07-05,3,Closed - False Positive,0.7,N
ALT05284,C00936,2025-07-02,High-Risk Jurisdiction Transfer,12498.66,United Kingdom,Medium,AN033,Closed,2025-07-15,13,Escalated to Investigation,12.0,N
ALT06464,C02691,2025-07-02,Large Cash Deposit,44690.37,United Kingdom,High,AN040,Closed,2025-07-13,11,Closed - False Positive,0.8,N
ALT06129,C00401,2025-07-03,Structuring,8958.1,United Kingdom,Low,AN036,Closed,2025-07-09,6,Closed - False Positive,1.0,N
ALT06461,C01632,2025-07-03,Structuring,7397.69,United Kingdom,Low,AN036,Closed,2025-07-15,12,Closed - False Positive,1.1,N
ALT04418,C00513,2025-07-03,Unusual Activity vs Profile,5901.43,United Kingdom,High,AN033,Closed,2025-07-26,23,Escalated to Investigation,11.3,N
ALT04253,C02237,2025-07-03,Unusual Activity vs Profile,2592.66,Nigeria,High,AN036,Closed,2025-07-05,2,Closed - False Positive,0.9,N
ALT02327,C02383,2025-07-03,Dormant Account Reactivation,5967.03,United Kingdom,Low,AN040,Closed,2025-07-12,9,Closed - False Positive,0.7,N
ALT01501,C00265,2025-07-03,High-Risk Jurisdiction Transfer,34828.71,United Kingdom,High,AN035,Closed,2025-07-11,8,Closed - False Positive,1.1,N
ALT02343,C02008,2025-07-03,Large Cash Deposit,48608.76,United Kingdom,High,AN039,Closed,2025-07-05,2,Closed - False Positive,0.3,N
ALT04204,C02482,2025-07-04,Structuring,9508.29,United Kingdom,High,AN040,Closed,2025-07-12,8,SAR Filed,10.2,Y
ALT06439,C00422,2025-07-04,Unusual Activity vs Profile,9014.22,Germany,Medium,AN034,Closed,2025-07-09,5,Closed - False Positive,0.6,N
ALT00801,C00716,2025-07-04,Structuring,8620.0,United Kingdom,High,AN035,Closed,2025-07-28,24,SAR Filed,7.8,Y
ALT03099,C02327,2025-07-04,Structuring,9049.57,United Kingdom,Low,AN035,Closed,2025-07-09,5,Closed - False Positive,0.6,N
ALT01571,C00953,2025-07-04,Large Cash Deposit,13731.05,United Kingdom,Low,AN033,Closed,2025-07-09,5,Closed - False Positive,0.9,N
ALT03282,C02286,2025-07-04,Rapid Movement of Funds,36166.1,United Kingdom,High,AN034,Closed,2025-07-30,26,Escalated to Investigation,4.1,N
ALT02372,C01210,2025-07-04,Rapid Movement of Funds,10358.51,United Kingdom,High,AN039,Closed,2025-07-07,3,Closed - False Positive,1.0,N
ALT05350,C01795,2025-07-04,Dormant Account Reactivation,17440.36,United Kingdom,Low,AN037,Closed,2025-07-11,7,Closed - False Positive,0.7,N
ALT06392,C02225,2025-07-04,Round-Amount Transfers,10891.35,Hong Kong,Medium,AN034,Closed,2025-07-20,16,Closed - False Positive,0.4,N
ALT01594,C00054,2025-07-05,Unusual Activity vs Profile,20471.55,United Kingdom,Medium,AN033,Closed,2025-07-13,8,Closed - False Positive,0.5,N
ALT04999,C02809,2025-07-05,Unusual Activity vs Profile,14876.83,United Kingdom,High,AN034,Closed,2025-07-10,5,Closed - False Positive,0.7,N
ALT01044,C02749,2025-07-05,High-Risk Jurisdiction Transfer,3333.71,United Kingdom,Medium,AN034,Closed,2025-07-11,6,Closed - False Positive,0.7,N
ALT00106,C02205,2025-07-05,Rapid Movement of Funds,18828.29,Ireland,Low,AN035,Closed,2025-07-06,1,Closed - False Positive,0.9,N
ALT03686,C02336,2025-07-05,Rapid Movement of Funds,64384.54,United States,High,AN040,Closed,2025-07-08,3,Closed - False Positive,0.7,N
ALT04757,C02662,2025-07-05,Structuring,7866.9,Germany,High,AN036,Closed,2025-07-12,7,Closed - False Positive,1.1,N
ALT01041,C02322,2025-07-05,Rapid Movement of Funds,3070.55,UAE,Medium,AN037,Closed,2025-07-16,11,Closed - False Positive,0.3,N
ALT02465,C02566,2025-07-05,Large Cash Deposit,51137.76,United Kingdom,High,AN035,Closed,2025-07-10,5,Closed - False Positive,0.6,N
ALT02049,C02708,2025-07-05,Dormant Account Reactivation,3866.34,United Kingdom,Low,AN033,Closed,2025-07-15,10,Closed - False Positive,0.4,N
ALT01512,C01801,2025-07-05,Round-Amount Transfers,2949.51,United Kingdom,Medium,AN036,Closed,2025-07-09,4,Closed - False Positive,1.1,N
ALT05502,C00104,2025-07-05,Dormant Account Reactivation,12952.96,United Kingdom,Low,AN038,Closed,2025-07-12,7,Closed - False Positive,0.8,N
ALT00066,C00719,2025-07-05,Round-Amount Transfers,1721.43,United Kingdom,Low,AN040,Closed,2025-07-08,3,Closed - False Positive,0.7,N
ALT00104,C01307,2025-07-05,Unusual Activity vs Profile,10442.03,United Kingdom,High,AN036,Closed,2025-07-15,10,Closed - False Positive,0.6,N
ALT05352,C01572,2025-07-05,Structuring,7053.65,United Kingdom,Medium,AN033,Closed,2025-07-07,2,Closed - False Positive,0.5,N
ALT02986,C00013,2025-07-05,Structuring,7600.6,Germany,Medium,AN037,Closed,2025-07-17,12,Closed - False Positive,0.8,N
ALT03065,C01326,2025-07-05,High-Risk Jurisdiction Transfer,27022.58,India,Medium,AN035,Closed,2025-07-07,2,Closed - False Positive,1.0,N
ALT05196,C02789,2025-07-05,Structuring,8232.27,United Kingdom,High,AN035,Closed,2025-07-09,4,Closed - False Positive,0.8,N
ALT00083,C01372,2025-07-06,High-Risk Jurisdiction Transfer,6768.71,Nigeria,Low,AN038,Closed,2025-07-07,1,Closed - False Positive,0.9,N
ALT04284,C01557,2025-07-06,Structuring,8791.68,United Kingdom,Medium,AN040,Closed,2025-07-07,1,Closed - False Positive,1.2,N
ALT00696,C02772,2025-07-06,High-Risk Jurisdiction Transfer,45436.08,United Kingdom,Medium,AN037,Closed,2025-07-21,15,Closed - False Positive,0.6,N
ALT03680,C00828,2025-07-06,High-Risk Jurisdiction Transfer,17348.85,United Kingdom,High,AN039,Closed,2025-08-11,36,Escalated to Investigation,3.8,N
ALT00288,C01589,2025-07-06,Rapid Movement of Funds,3456.29,United States,Low,AN035,Closed,2025-07-18,12,Closed - False Positive,1.0,N
ALT03576,C02202,2025-07-06,Round-Amount Transfers,16338.49,United Kingdom,Medium,AN034,Closed,2025-07-16,10,Closed - False Positive,1.1,N
ALT00250,C01403,2025-07-06,Rapid Movement of Funds,84046.03,Ireland,High,AN037,Closed,2025-07-11,5,Closed - False Positive,1.1,N
ALT00612,C02072,2025-07-06,Rapid Movement of Funds,4742.68,United Kingdom,Low,AN035,Closed,2025-07-10,4,Closed - False Positive,0.6,N
ALT04047,C00599,2025-07-06,Dormant Account Reactivation,13661.58,United Kingdom,Low,AN039,Closed,2025-07-09,3,Closed - False Positive,1.2,N
ALT03600,C02870,2025-07-06,Structuring,9183.0,India,Medium,AN035,Closed,2025-07-11,5,Closed - False Positive,0.7,N
ALT01385,C01024,2025-07-07,Large Cash Deposit,25486.46,Cyprus,Medium,AN033,Closed,2025-07-14,7,Closed - False Positive,0.9,N
ALT02304,C00772,2025-07-07,High-Risk Jurisdiction Transfer,10342.8,United Kingdom,Low,AN037,Closed,2025-07-09,2,Closed - False Positive,0.9,N
ALT01016,C02367,2025-07-07,High-Risk Jurisdiction Transfer,82480.29,United Kingdom,High,AN040,Closed,2025-07-15,8,Closed - False Positive,1.1,N
ALT02973,C01346,2025-07-07,Structuring,7147.42,United Kingdom,Medium,AN040,Closed,2025-07-11,4,Closed - False Positive,0.5,N
ALT00804,C01910,2025-07-07,Unusual Activity vs Profile,11527.82,United Kingdom,Low,AN038,Closed,2025-07-10,3,Closed - False Positive,0.4,N
ALT00729,C01794,2025-07-07,Unusual Activity vs Profile,1305.53,Ireland,Low,AN033,Closed,2025-07-11,4,Closed - False Positive,0.4,N
ALT02953,C02871,2025-07-07,Dormant Account Reactivation,91318.9,United Kingdom,High,AN039,Closed,2025-07-14,7,Closed - False Positive,0.8,N
ALT05024,C02440,2025-07-07,Structuring,9437.19,France,Medium,AN036,Closed,2025-07-09,2,Closed - False Positive,1.1,N
ALT01007,C00358,2025-07-07,Structuring,8472.37,United Kingdom,Medium,AN038,Closed,2025-07-12,5,Closed - False Positive,1.1,N
ALT02015,C02904,2025-07-07,Structuring,7244.58,Pakistan,High,AN035,Closed,2025-07-22,15,Closed - False Positive,0.7,N
ALT05942,C00560,2025-07-07,Unusual Activity vs Profile,15432.34,France,Low,AN040,Closed,2025-07-17,10,Closed - False Positive,1.1,N
ALT03752,C00316,2025-07-07,Round-Amount Transfers,3244.76,United Kingdom,Low,AN035,Closed,2025-07-31,24,Closed - False Positive,0.5,N
ALT03517,C00441,2025-07-07,Rapid Movement of Funds,17806.87,UAE,High,AN039,Closed,2025-07-17,10,Closed - False Positive,0.9,N
ALT02244,C00590,2025-07-07,Unusual Activity vs Profile,14262.38,United Kingdom,Low,AN040,Closed,2025-07-11,4,Closed - False Positive,1.0,N
ALT05712,C00909,2025-07-08,Large Cash Deposit,49554.38,United Kingdom,Low,AN036,Closed,2025-07-14,6,Closed - False Positive,1.0,N
ALT03830,C00095,2025-07-08,Large Cash Deposit,46557.03,United Kingdom,Medium,AN039,Closed,2025-07-22,14,Closed - False Positive,0.5,N
ALT04631,C00291,2025-07-08,Rapid Movement of Funds,7213.7,Ireland,Medium,AN033,Closed,2025-07-10,2,Closed - False Positive,0.5,N
ALT04795,C00835,2025-07-08,Structuring,9301.2,United Kingdom,Low,AN035,Closed,2025-07-12,4,Closed - False Positive,0.5,N
ALT02378,C02379,2025-07-08,Round-Amount Transfers,4251.05,Russia,Medium,AN035,Closed,2025-07-11,3,Closed - False Positive,1.0,N
ALT05138,C00403,2025-07-08,High-Risk Jurisdiction Transfer,17059.43,United States,Medium,AN040,Closed,2025-07-11,3,Closed - False Positive,0.4,N
ALT05050,C00067,2025-07-08,Large Cash Deposit,56606.4,United Kingdom,High,AN034,Closed,2025-07-14,6,Closed - False Positive,1.2,N
ALT03575,C02853,2025-07-08,Dormant Account Reactivation,35623.89,United States,Medium,AN038,Closed,2025-07-13,5,Closed - False Positive,0.9,N
ALT01922,C01674,2025-07-08,Large Cash Deposit,34252.01,United Kingdom,High,AN036,Closed,2025-07-12,4,Closed - False Positive,0.4,N
ALT05647,C02092,2025-07-08,Unusual Activity vs Profile,13234.94,UAE,Low,AN037,Closed,2025-07-14,6,Closed - False Positive,0.3,N
ALT05723,C01532,2025-07-08,Structuring,8418.69,United Kingdom,High,AN038,Closed,2025-07-15,7,Closed - False Positive,0.8,N
ALT00295,C02847,2025-07-08,Dormant Account Reactivation,59263.69,United Kingdom,High,AN033,Closed,2025-07-13,5,Closed - False Positive,1.0,N
ALT04415,C02780,2025-07-08,Dormant Account Reactivation,15213.56,United Kingdom,Medium,AN037,Closed,2025-07-12,4,Closed - False Positive,0.8,N
ALT00473,C02415,2025-07-08,Dormant Account Reactivation,6933.73,Panama,Medium,AN036,Closed,2025-07-12,4,Closed - False Positive,1.2,N
ALT00145,C02444,2025-07-08,Large Cash Deposit,42852.13,France,Low,AN037,Closed,2025-07-19,11,Closed - False Positive,1.0,N
ALT00528,C02019,2025-07-08,Unusual Activity vs Profile,16107.24,India,Medium,AN037,Closed,2025-07-09,1,Closed - False Positive,0.7,N
ALT05513,C01670,2025-07-08,High-Risk Jurisdiction Transfer,19632.37,United Kingdom,Medium,AN034,Closed,2025-07-11,3,Closed - False Positive,1.0,N
ALT02368,C02237,2025-07-08,Large Cash Deposit,49833.22,United Kingdom,High,AN033,Closed,2025-07-09,1,Closed - False Positive,0.5,N
ALT03588,C00328,2025-07-08,Rapid Movement of Funds,9047.0,Nigeria,Medium,AN035,Closed,2025-07-09,1,Closed - False Positive,0.9,N
ALT05171,C01272,2025-07-08,Round-Amount Transfers,8178.46,United Kingdom,High,AN040,Closed,2025-07-16,8,Closed - False Positive,1.2,N
ALT02284,C02458,2025-07-08,Dormant Account Reactivation,9885.02,Ireland,High,AN036,Closed,2025-07-15,7,Closed - False Positive,1.1,N
ALT02975,C00133,2025-07-09,Structuring,7312.87,UAE,High,AN033,Closed,2025-07-10,1,Closed - False Positive,1.2,N
ALT04408,C02874,2025-07-09,High-Risk Jurisdiction Transfer,18459.94,United Kingdom,Medium,AN035,Closed,2025-07-12,3,Closed - False Positive,0.7,N
ALT02668,C00206,2025-07-09,Rapid Movement of Funds,17616.07,United Kingdom,High,AN035,Closed,2025-07-21,12,Closed - False Positive,0.7,N
ALT00259,C01820,2025-07-09,Rapid Movement of Funds,1034.18,United Kingdom,Medium,AN036,Closed,2025-07-12,3,Closed - False Positive,0.6,N
ALT01961,C02639,2025-07-09,Structuring,8084.38,United Kingdom,Medium,AN036,Closed,2025-07-22,13,Closed - False Positive,0.6,N
ALT04532,C02001,2025-07-09,Round-Amount Transfers,3953.93,United Kingdom,Medium,AN039,Closed,2025-07-10,1,Closed - False Positive,1.1,N
ALT01933,C00191,2025-07-09,Rapid Movement of Funds,18029.62,India,Low,AN033,Closed,2025-07-18,9,Closed - False Positive,0.4,N
ALT00243,C02684,2025-07-09,High-Risk Jurisdiction Transfer,25424.7,Nigeria,Medium,AN034,Closed,2025-07-13,4,Closed - False Positive,0.6,N
ALT01040,C01896,2025-07-09,Rapid Movement of Funds,53979.71,India,High,AN036,Closed,2025-07-17,8,Closed - False Positive,1.2,N
ALT02728,C01670,2025-07-09,Large Cash Deposit,51560.91,Pakistan,High,AN033,Closed,2025-07-22,13,Closed - False Positive,0.8,N
ALT05011,C00018,2025-07-09,Rapid Movement of Funds,3658.97,United Kingdom,Low,AN033,Closed,2025-07-12,3,Closed - False Positive,0.8,N
ALT01849,C00122,2025-07-09,Unusual Activity vs Profile,15073.14,United Kingdom,Low,AN037,Closed,2025-07-12,3,Closed - False Positive,0.4,N
ALT02150,C01959,2025-07-10,High-Risk Jurisdiction Transfer,5997.96,United Kingdom,Medium,AN038,Closed,2025-07-16,6,Closed - False Positive,0.4,N
ALT04091,C01182,2025-07-10,Rapid Movement of Funds,35098.15,Hong Kong,Medium,AN038,Closed,2025-07-15,5,Closed - False Positive,0.5,N
ALT00405,C02934,2025-07-10,Structuring,7900.29,United Kingdom,High,AN035,Closed,2025-07-13,3,Closed - False Positive,1.0,N
ALT03041,C01361,2025-07-10,Structuring,7490.79,India,High,AN035,Closed,2025-07-14,4,Closed - False Positive,0.6,N
ALT00907,C02486,2025-07-10,Rapid Movement of Funds,1440.63,United Kingdom,Medium,AN040,Closed,2025-07-21,11,Closed - False Positive,0.6,N
ALT06330,C00649,2025-07-10,Structuring,9533.84,Nigeria,High,AN038,Closed,2025-07-12,2,Closed - False Positive,0.8,N
ALT00930,C01453,2025-07-10,Large Cash Deposit,14680.33,United Kingdom,Medium,AN036,Closed,2025-07-22,12,Closed - False Positive,0.9,N
ALT01684,C01141,2025-07-10,High-Risk Jurisdiction Transfer,20157.34,United Kingdom,Low,AN039,Closed,2025-07-22,12,Escalated to Investigation,9.9,N
ALT02718,C01024,2025-07-10,Structuring,9864.14,France,Medium,AN039,Closed,2025-07-12,2,Closed - False Positive,1.1,N
ALT03538,C02463,2025-07-10,High-Risk Jurisdiction Transfer,13211.91,United Kingdom,Low,AN039,Closed,2025-07-27,17,Escalated to Investigation,12.0,N
ALT04574,C01088,2025-07-10,High-Risk Jurisdiction Transfer,6014.38,Nigeria,High,AN035,Closed,2025-07-12,2,Closed - False Positive,0.5,N
ALT04864,C00248,2025-07-10,Unusual Activity vs Profile,36153.34,United Kingdom,Medium,AN038,Closed,2025-07-11,1,Closed - False Positive,1.0,N
ALT04343,C00939,2025-07-10,Round-Amount Transfers,9755.59,United Kingdom,Medium,AN035,Closed,2025-07-14,4,Closed - False Positive,0.5,N
ALT04246,C00510,2025-07-10,High-Risk Jurisdiction Transfer,4015.72,United Kingdom,Low,AN038,Closed,2025-07-12,2,Closed - False Positive,0.7,N
ALT06031,C01623,2025-07-10,High-Risk Jurisdiction Transfer,37051.01,Nigeria,Medium,AN034,Closed,2025-07-15,5,Closed - False Positive,0.4,N
ALT00102,C01083,2025-07-11,Unusual Activity vs Profile,34264.62,United Kingdom,High,AN034,Closed,2025-07-18,7,Closed - False Positive,0.4,N
ALT05831,C02928,2025-07-11,Unusual Activity vs Profile,125533.49,Ireland,High,AN040,Closed,2025-07-19,8,Closed - False Positive,0.6,N
ALT05166,C00621,2025-07-11,Dormant Account Reactivation,6903.8,United Kingdom,Low,AN034,Closed,2025-07-18,7,Closed - False Positive,0.4,N
ALT03340,C00705,2025-07-11,Unusual Activity vs Profile,15677.1,United Kingdom,Medium,AN035,Closed,2025-07-16,5,Closed - False Positive,0.8,N
ALT05902,C02669,2025-07-11,Unusual Activity vs Profile,1425.67,United Kingdom,High,AN037,Closed,2025-07-15,4,Closed - False Positive,0.4,N
ALT06300,C00438,2025-07-11,Rapid Movement of Funds,30868.23,United Kingdom,Medium,AN038,Closed,2025-07-20,9,Closed - False Positive,1.1,N
ALT01124,C02674,2025-07-11,Dormant Account Reactivation,9145.33,Germany,Medium,AN033,Closed,2025-08-03,23,Escalated to Investigation,10.5,N
ALT04105,C01375,2025-07-11,Dormant Account Reactivation,1851.03,United Kingdom,Medium,AN035,Closed,2025-07-14,3,Closed - False Positive,0.6,N
ALT02407,C02630,2025-07-11,Round-Amount Transfers,11761.53,United Kingdom,High,AN036,Closed,2025-07-16,5,Closed - False Positive,1.0,N
ALT00863,C00826,2025-07-11,Large Cash Deposit,9726.11,India,Medium,AN037,Closed,2025-07-14,3,Closed - False Positive,1.1,N
ALT04053,C02776,2025-07-11,High-Risk Jurisdiction Transfer,6927.52,United Kingdom,Medium,AN035,Closed,2025-07-14,3,Closed - False Positive,0.5,N
ALT06010,C01007,2025-07-12,High-Risk Jurisdiction Transfer,43655.55,United States,Medium,AN036,Closed,2025-07-16,4,Closed - False Positive,0.3,N
ALT00585,C01397,2025-07-12,Unusual Activity vs Profile,10996.07,United Kingdom,High,AN040,Closed,2025-07-16,4,Closed - False Positive,1.0,N
ALT00403,C01072,2025-07-12,Structuring,9740.81,United States,High,AN033,Closed,2025-07-15,3,Closed - False Positive,1.2,N
ALT04840,C01669,2025-07-12,High-Risk Jurisdiction Transfer,26214.99,United Kingdom,Medium,AN037,Closed,2025-07-18,6,Closed - False Positive,0.7,N
ALT00926,C01999,2025-07-12,Rapid Movement of Funds,1240.82,United Kingdom,Medium,AN040,Closed,2025-08-02,21,Escalated to Investigation,7.4,N
ALT01727,C02284,2025-07-12,Large Cash Deposit,30032.7,United Kingdom,High,AN040,Closed,2025-08-08,27,Escalated to Investigation,10.1,N
ALT00938,C02253,2025-07-12,Rapid Movement of Funds,48804.48,United Kingdom,Medium,AN035,Closed,2025-07-18,6,Closed - False Positive,0.6,N
ALT01054,C02748,2025-07-12,Unusual Activity vs Profile,18572.74,India,Medium,AN037,Closed,2025-07-14,2,Closed - False Positive,1.1,N
ALT06357,C01095,2025-07-12,Round-Amount Transfers,13532.8,United Kingdom,Medium,AN035,Closed,2025-07-18,6,Closed - False Positive,0.6,N
ALT03323,C00618,2025-07-13,Unusual Activity vs Profile,20000.22,United Kingdom,High,AN040,Closed,2025-07-16,3,Closed - False Positive,1.0,N
ALT01302,C02193,2025-07-13,Rapid Movement of Funds,23756.11,United Kingdom,Medium,AN036,Closed,2025-07-15,2,Closed - False Positive,1.0,N
ALT05527,C00608,2025-07-13,Large Cash Deposit,17971.27,Pakistan,Medium,AN039,Closed,2025-07-20,7,Closed - False Positive,0.5,N
ALT01242,C00176,2025-07-13,Unusual Activity vs Profile,64677.47,France,High,AN035,Closed,2025-07-14,1,Closed - False Positive,1.1,N
ALT01988,C02561,2025-07-13,Large Cash Deposit,11372.58,United States,High,AN039,Closed,2025-07-17,4,Closed - False Positive,0.4,N
ALT06372,C02287,2025-07-13,High-Risk Jurisdiction Transfer,4786.89,United Kingdom,Medium,AN034,Closed,2025-07-18,5,Closed - False Positive,0.6,N
ALT00506,C02615,2025-07-13,Structuring,8153.47,United Kingdom,High,AN033,Closed,2025-07-22,9,Closed - False Positive,1.0,N
ALT06128,C02938,2025-07-13,Round-Amount Transfers,4262.09,Hong Kong,Medium,AN033,Closed,2025-07-19,6,Closed - False Positive,1.0,N
ALT01078,C01686,2025-07-13,Large Cash Deposit,33990.95,India,High,AN038,Closed,2025-07-20,7,Closed - False Positive,1.0,N
ALT03932,C00539,2025-07-13,Structuring,8668.28,United States,High,AN034,Closed,2025-07-26,13,Closed - False Positive,0.7,N
ALT06295,C00078,2025-07-13,Round-Amount Transfers,48971.96,United Kingdom,High,AN034,Closed,2025-07-16,3,Closed - False Positive,0.6,N
ALT03947,C02289,2025-07-13,Unusual Activity vs Profile,43259.33,United Kingdom,High,AN038,Closed,2025-07-16,3,Closed - False Positive,0.9,N
ALT02902,C01737,2025-07-13,Dormant Account Reactivation,3901.29,Pakistan,Medium,AN038,Closed,2025-07-22,9,Closed - False Positive,0.6,N
ALT04578,C02006,2025-07-13,High-Risk Jurisdiction Transfer,39285.62,India,Low,AN040,Closed,2025-08-08,26,Closed - False Positive,1.2,N
ALT02857,C02114,2025-07-13,Rapid Movement of Funds,52161.76,United Kingdom,High,AN037,Closed,2025-07-18,5,Closed - False Positive,0.8,N
ALT03738,C01850,2025-07-13,Unusual Activity vs Profile,7422.63,Pakistan,High,AN036,Closed,2025-07-17,4,Closed - False Positive,0.9,N
ALT05140,C02621,2025-07-13,Large Cash Deposit,37813.25,United Kingdom,Low,AN034,Closed,2025-07-25,12,Closed - False Positive,1.1,N
ALT03571,C01116,2025-07-13,Structuring,7002.99,India,Low,AN040,Closed,2025-07-18,5,Closed - False Positive,0.4,N
ALT00547,C02721,2025-07-13,Round-Amount Transfers,16487.15,United Kingdom,Medium,AN037,Closed,2025-07-15,2,Closed - False Positive,0.6,N
ALT03925,C02115,2025-07-14,Large Cash Deposit,33151.11,United Kingdom,High,AN040,Closed,2025-07-21,7,Closed - False Positive,0.9,N
ALT01467,C00846,2025-07-14,Rapid Movement of Funds,12666.79,France,Low,AN034,Closed,2025-07-16,2,Closed - False Positive,0.7,N
ALT04781,C02330,2025-07-14,Unusual Activity vs Profile,6703.83,United Kingdom,Low,AN038,Closed,2025-07-27,13,Closed - False Positive,0.3,N
ALT01731,C00532,2025-07-14,Structuring,9467.3,United Kingdom,Medium,AN036,Closed,2025-07-16,2,Closed - False Positive,0.6,N
ALT02518,C01466,2025-07-14,Unusual Activity vs Profile,13965.45,United Kingdom,Low,AN037,Closed,2025-07-17,3,Closed - False Positive,0.9,N
ALT00330,C00971,2025-07-14,Large Cash Deposit,28599.99,United Kingdom,Medium,AN035,Closed,2025-08-13,30,Escalated to Investigation,4.0,N
ALT00414,C02972,2025-07-14,High-Risk Jurisdiction Transfer,15380.58,United Kingdom,High,AN038,Closed,2025-07-16,2,Closed - False Positive,1.1,N
ALT05391,C01425,2025-07-14,Round-Amount Transfers,15870.94,UAE,Low,AN033,Closed,2025-07-20,6,Closed - False Positive,0.5,N
ALT02662,C01065,2025-07-14,Unusual Activity vs Profile,85696.0,United Kingdom,High,AN038,Closed,2025-07-16,2,Closed - False Positive,0.8,N
ALT01566,C02816,2025-07-15,Rapid Movement of Funds,2624.87,United Kingdom,High,AN035,Closed,2025-07-27,12,Closed - False Positive,0.4,N
ALT00494,C00343,2025-07-15,Round-Amount Transfers,24696.75,United Kingdom,High,AN038,Closed,2025-07-28,13,Closed - False Positive,0.3,N
ALT06275,C00408,2025-07-15,Structuring,8291.12,Ireland,Low,AN037,Closed,2025-07-21,6,Closed - False Positive,0.4,N
ALT04407,C02686,2025-07-15,Unusual Activity vs Profile,120923.67,Germany,High,AN038,Closed,2025-07-30,15,Escalated to Investigation,3.0,N
ALT02971,C02202,2025-07-15,Dormant Account Reactivation,2060.62,India,Medium,AN034,Closed,2025-07-23,8,Closed - False Positive,0.6,N
ALT01951,C01025,2025-07-15,Rapid Movement of Funds,12038.86,United Kingdom,Low,AN039,Closed,2025-07-16,1,Closed - False Positive,0.4,N
ALT01985,C01570,2025-07-15,High-Risk Jurisdiction Transfer,47639.73,UAE,High,AN036,Closed,2025-07-24,9,Closed - False Positive,0.3,N
ALT02104,C02286,2025-07-15,Unusual Activity vs Profile,12680.25,United Kingdom,High,AN039,Closed,2025-07-22,7,Closed - False Positive,1.0,N
ALT02538,C01853,2025-07-15,Unusual Activity vs Profile,61687.78,India,High,AN038,Closed,2025-07-27,12,Closed - False Positive,0.8,N
ALT00712,C01904,2025-07-15,Large Cash Deposit,59786.57,UAE,High,AN035,Closed,2025-07-31,16,Escalated to Investigation,12.7,N
ALT06288,C02454,2025-07-16,Rapid Movement of Funds,53871.51,United Kingdom,High,AN033,Closed,2025-07-23,7,Closed - False Positive,0.3,N
ALT03843,C01009,2025-07-16,High-Risk Jurisdiction Transfer,3092.62,United Kingdom,Medium,AN033,Closed,2025-07-19,3,Closed - False Positive,1.0,N
ALT00115,C02499,2025-07-16,Round-Amount Transfers,99401.49,United Kingdom,High,AN038,Closed,2025-07-20,4,Closed - False Positive,0.9,N
ALT03301,C01570,2025-07-16,Rapid Movement of Funds,3874.46,United Kingdom,High,AN040,Closed,2025-07-19,3,Closed - False Positive,0.7,N
ALT06102,C01417,2025-07-16,High-Risk Jurisdiction Transfer,17854.71,India,High,AN036,Closed,2025-08-06,21,Escalated to Investigation,10.4,N
ALT00490,C01773,2025-07-16,Structuring,7512.37,France,Low,AN037,Closed,2025-07-24,8,Closed - False Positive,0.3,N
ALT05638,C00133,2025-07-16,High-Risk Jurisdiction Transfer,63521.62,Ireland,High,AN035,Closed,2025-07-19,3,Closed - False Positive,0.3,N
ALT06498,C01674,2025-07-16,Rapid Movement of Funds,11326.15,United Kingdom,High,AN036,Closed,2025-07-22,6,Closed - False Positive,0.5,N
ALT02281,C00730,2025-07-16,Round-Amount Transfers,7380.06,United Kingdom,Low,AN035,Closed,2025-08-06,21,Closed - False Positive,0.4,N
ALT06170,C00649,2025-07-16,Dormant Account Reactivation,10802.21,United Kingdom,High,AN039,Closed,2025-07-26,10,Closed - False Positive,0.4,N
ALT01494,C02860,2025-07-16,Unusual Activity vs Profile,90835.36,United Kingdom,High,AN033,Closed,2025-07-19,3,Closed - False Positive,1.2,N
ALT01861,C01428,2025-07-16,Unusual Activity vs Profile,8935.57,United Kingdom,Medium,AN034,Closed,2025-07-21,5,Closed - False Positive,1.0,N
ALT05922,C01492,2025-07-16,Rapid Movement of Funds,6037.18,India,High,AN033,Closed,2025-07-24,8,Closed - False Positive,0.5,N
ALT04944,C02669,2025-07-16,Unusual Activity vs Profile,28163.64,Pakistan,High,AN035,Closed,2025-07-19,3,Closed - False Positive,0.4,N
ALT03756,C02910,2025-07-16,Unusual Activity vs Profile,43013.18,United Kingdom,Low,AN035,Closed,2025-07-29,13,Closed - False Positive,0.9,N
ALT03145,C02462,2025-07-16,Dormant Account Reactivation,3926.68,France,Medium,AN036,Closed,2025-07-21,5,Closed - False Positive,0.4,N
ALT05866,C02591,2025-07-16,Structuring,9681.76,United Kingdom,Medium,AN040,Closed,2025-07-27,11,Closed - False Positive,0.5,N
ALT06012,C01681,2025-07-17,High-Risk Jurisdiction Transfer,12910.61,United Kingdom,Medium,AN039,Closed,2025-07-20,3,Closed - False Positive,0.7,N
ALT00919,C00691,2025-07-17,Rapid Movement of Funds,11073.95,United Kingdom,Low,AN033,Closed,2025-07-31,14,Closed - False Positive,0.7,N
ALT02251,C00220,2025-07-17,Rapid Movement of Funds,41811.1,Panama,High,AN040,Closed,2025-07-22,5,Closed - False Positive,0.8,N
ALT01160,C01270,2025-07-17,High-Risk Jurisdiction Transfer,42738.99,India,Medium,AN038,Closed,2025-07-20,3,Closed - False Positive,0.7,N
ALT06137,C01537,2025-07-17,Large Cash Deposit,19249.07,UAE,Low,AN040,Closed,2025-07-21,4,Closed - False Positive,0.7,N
ALT01004,C02473,2025-07-17,Large Cash Deposit,41323.98,United Kingdom,High,AN034,Closed,2025-07-29,12,Closed - False Positive,0.9,N
ALT01268,C00215,2025-07-17,High-Risk Jurisdiction Transfer,52535.17,United Kingdom,High,AN037,Closed,2025-08-08,22,Escalated to Investigation,10.8,N
ALT01080,C00260,2025-07-17,Rapid Movement of Funds,11242.27,United Kingdom,Low,AN038,Closed,2025-07-25,8,Closed - False Positive,0.8,N
ALT05142,C00345,2025-07-17,Structuring,7812.85,United Kingdom,Low,AN033,Closed,2025-07-20,3,Closed - False Positive,1.2,N
ALT01445,C02928,2025-07-17,Structuring,9751.33,India,High,AN036,Closed,2025-07-30,13,Closed - False Positive,0.4,N
ALT05802,C01228,2025-07-17,Unusual Activity vs Profile,54830.14,United Kingdom,High,AN039,Closed,2025-07-25,8,Closed - False Positive,0.5,N
ALT03779,C00707,2025-07-17,Structuring,8765.85,United Kingdom,Low,AN038,Closed,2025-07-22,5,Closed - False Positive,0.7,N
ALT02485,C02482,2025-07-17,Unusual Activity vs Profile,8275.05,United Kingdom,High,AN035,Closed,2025-07-31,14,Closed - False Positive,0.5,N
ALT03803,C01750,2025-07-17,High-Risk Jurisdiction Transfer,2930.13,Germany,High,AN036,Closed,2025-07-23,6,Closed - False Positive,0.7,N
ALT06194,C02294,2025-07-17,Large Cash Deposit,19178.99,Cyprus,Medium,AN034,Closed,2025-07-21,4,Closed - False Positive,0.8,N
ALT00790,C00608,2025-07-18,Dormant Account Reactivation,73102.17,United Kingdom,High,AN036,Closed,2025-07-26,8,Closed - False Positive,1.2,N
ALT01081,C01278,2025-07-18,Unusual Activity vs Profile,2543.86,United Kingdom,Medium,AN037,Closed,2025-07-20,2,Closed - False Positive,0.7,N
ALT00600,C01330,2025-07-18,Dormant Account Reactivation,33034.5,UAE,Medium,AN039,Closed,2025-07-24,6,Closed - False Positive,0.7,N
ALT03869,C01878,2025-07-18,High-Risk Jurisdiction Transfer,20881.65,United Kingdom,High,AN033,Closed,2025-07-31,13,Closed - False Positive,0.7,N
ALT00521,C01848,2025-07-18,Structuring,8664.19,India,Low,AN038,Closed,2025-07-23,5,Closed - False Positive,1.1,N
ALT01970,C01974,2025-07-18,Rapid Movement of Funds,9520.76,United Kingdom,High,AN035,Closed,2025-07-28,10,Closed - False Positive,0.6,N
ALT05103,C02186,2025-07-18,Rapid Movement of Funds,8474.27,United Kingdom,Low,AN037,Closed,2025-07-23,5,Closed - False Positive,0.7,N
ALT04220,C02556,2025-07-18,Unusual Activity vs Profile,30806.64,United Kingdom,High,AN040,Closed,2025-07-21,3,Closed - False Positive,1.0,N
ALT03507,C00740,2025-07-18,High-Risk Jurisdiction Transfer,6956.58,Pakistan,Medium,AN036,Closed,2025-07-22,4,Closed - False Positive,0.4,N
ALT03284,C00441,2025-07-18,Large Cash Deposit,50187.22,United Kingdom,High,AN036,Closed,2025-07-26,8,Closed - False Positive,0.5,N
ALT04760,C01378,2025-07-18,Large Cash Deposit,9909.78,United Kingdom,Medium,AN036,Closed,2025-07-26,8,Closed - False Positive,0.8,N
ALT03706,C00464,2025-07-18,Unusual Activity vs Profile,28799.01,United Kingdom,Low,AN035,Closed,2025-07-24,6,Closed - False Positive,0.3,N
ALT03195,C00855,2025-07-18,Large Cash Deposit,16896.97,United Kingdom,Medium,AN040,Closed,2025-07-23,5,Closed - False Positive,0.7,N
ALT01681,C00983,2025-07-18,Unusual Activity vs Profile,84535.95,United Kingdom,High,AN038,Closed,2025-07-22,4,Closed - False Positive,0.5,N
ALT01931,C01592,2025-07-18,Unusual Activity vs Profile,18282.07,United Kingdom,Low,AN039,Closed,2025-07-28,10,Closed - False Positive,0.6,N
ALT05283,C01359,2025-07-18,Large Cash Deposit,27818.68,UAE,High,AN034,Closed,2025-07-21,3,Closed - False Positive,0.9,N
ALT04887,C00539,2025-07-19,High-Risk Jurisdiction Transfer,58421.07,United Kingdom,High,AN037,Closed,2025-07-29,10,Closed - False Positive,0.4,N
ALT04821,C01613,2025-07-19,Round-Amount Transfers,4143.53,Pakistan,High,AN033,Closed,2025-07-31,12,Closed - False Positive,0.8,N
ALT04268,C00647,2025-07-19,Rapid Movement of Funds,9681.6,Panama,Medium,AN033,Closed,2025-07-25,6,Closed - False Positive,0.6,N
ALT00340,C01045,2025-07-19,Rapid Movement of Funds,14748.68,United Kingdom,High,AN036,Closed,2025-07-23,4,Closed - False Positive,0.9,N
ALT00005,C02928,2025-07-19,High-Risk Jurisdiction Transfer,6863.53,United Kingdom,High,AN037,Closed,2025-08-08,20,Closed - False Positive,0.4,N
ALT05329,C02179,2025-07-19,Large Cash Deposit,43250.68,United Kingdom,Medium,AN038,Closed,2025-09-10,53,Escalated to Investigation,7.8,N
ALT03790,C00240,2025-07-19,Round-Amount Transfers,11252.94,United States,Medium,AN038,Closed,2025-07-23,4,Closed - False Positive,0.7,N
ALT00688,C00738,2025-07-19,Unusual Activity vs Profile,24510.82,United Kingdom,Low,AN039,Closed,2025-07-24,5,Closed - False Positive,0.7,N
ALT02346,C00230,2025-07-19,Large Cash Deposit,39716.5,United Kingdom,Low,AN035,Closed,2025-07-24,5,Closed - False Positive,1.0,N
ALT00896,C02344,2025-07-19,Rapid Movement of Funds,190951.98,Hong Kong,High,AN039,Closed,2025-08-11,23,Closed - False Positive,0.7,N
ALT01057,C01700,2025-07-19,Unusual Activity vs Profile,124328.7,United Kingdom,High,AN033,Closed,2025-07-25,6,Closed - False Positive,0.9,N
ALT01456,C02029,2025-07-19,Rapid Movement of Funds,10615.6,United Kingdom,Medium,AN033,Closed,2025-07-23,4,Closed - False Positive,1.0,N
ALT05692,C02117,2025-07-19,Dormant Account Reactivation,21292.15,United Kingdom,Medium,AN037,Closed,2025-08-03,15,Closed - False Positive,0.9,N
ALT00757,C00484,2025-07-19,Large Cash Deposit,50984.31,United Kingdom,High,AN039,Closed,2025-08-01,13,Closed - False Positive,0.9,N
ALT03618,C00027,2025-07-20,Rapid Movement of Funds,8435.78,France,Medium,AN033,Closed,2025-07-26,6,Closed - False Positive,1.0,N
ALT02195,C00788,2025-07-20,High-Risk Jurisdiction Transfer,10172.22,United Kingdom,Medium,AN033,Closed,2025-07-25,5,Closed - False Positive,0.6,N
ALT06071,C02461,2025-07-20,Unusual Activity vs Profile,39744.92,United Kingdom,Medium,AN034,Closed,2025-07-24,4,Closed - False Positive,1.0,N
ALT02279,C02134,2025-07-20,Rapid Movement of Funds,2031.41,United Kingdom,High,AN037,Closed,2025-08-13,24,Closed - False Positive,0.5,N
ALT00998,C01813,2025-07-20,Rapid Movement of Funds,4842.06,UAE,Low,AN035,Closed,2025-07-22,2,Closed - False Positive,0.8,N
ALT01073,C02340,2025-07-20,Rapid Movement of Funds,75007.26,Ireland,High,AN039,Closed,2025-07-22,2,Closed - False Positive,1.1,N
ALT02613,C00179,2025-07-20,Unusual Activity vs Profile,52388.64,Germany,High,AN037,Closed,2025-08-23,34,Escalated to Investigation,6.8,N
ALT05370,C00654,2025-07-20,Large Cash Deposit,22181.02,United Kingdom,High,AN037,Closed,2025-07-25,5,Closed - False Positive,1.0,N
ALT05392,C00010,2025-07-20,Rapid Movement of Funds,10588.18,United Kingdom,Low,AN040,Closed,2025-07-22,2,Closed - False Positive,0.6,N
ALT02589,C02756,2025-07-20,Dormant Account Reactivation,24256.74,United Kingdom,Low,AN033,Closed,2025-07-30,10,Closed - False Positive,0.8,N
ALT03701,C00840,2025-07-20,Structuring,9032.4,France,Low,AN040,Closed,2025-07-27,7,Closed - False Positive,1.1,N
ALT05260,C01047,2025-07-21,Unusual Activity vs Profile,11844.76,United Kingdom,High,AN037,Closed,2025-08-13,23,Escalated to Investigation,6.8,N
ALT05338,C01439,2025-07-21,Unusual Activity vs Profile,8400.6,United Kingdom,High,AN034,Closed,2025-08-09,19,SAR Filed,11.3,Y
ALT04981,C01045,2025-07-21,Rapid Movement of Funds,19695.88,United Kingdom,High,AN038,Closed,2025-07-23,2,Closed - False Positive,1.1,N
ALT01038,C00385,2025-07-21,Large Cash Deposit,22323.83,United Kingdom,Medium,AN034,Closed,2025-07-28,7,Closed - False Positive,0.4,N
ALT00119,C01992,2025-07-21,Round-Amount Transfers,13547.51,United Kingdom,Medium,AN039,Closed,2025-07-25,4,Closed - False Positive,0.7,N
ALT03582,C02822,2025-07-21,Rapid Movement of Funds,8585.52,United Kingdom,Low,AN034,Closed,2025-07-23,2,Closed - False Positive,0.8,N
ALT03037,C02435,2025-07-21,Round-Amount Transfers,4520.67,United Kingdom,High,AN034,Closed,2025-07-23,2,Closed - False Positive,1.0,N
ALT04682,C02788,2025-07-21,Unusual Activity vs Profile,35935.58,United Kingdom,High,AN035,Closed,2025-08-04,14,Closed - False Positive,0.5,N
ALT00339,C00511,2025-07-21,Round-Amount Transfers,20932.84,Germany,Low,AN040,Closed,2025-07-30,9,Closed - False Positive,0.9,N
ALT04594,C02905,2025-07-21,High-Risk Jurisdiction Transfer,1777.61,United Kingdom,High,AN039,Closed,2025-07-28,7,Closed - False Positive,0.9,N
ALT06107,C00896,2025-07-21,Rapid Movement of Funds,10615.74,United Kingdom,Medium,AN038,Closed,2025-07-24,3,Closed - False Positive,1.2,N
ALT02339,C01919,2025-07-21,High-Risk Jurisdiction Transfer,2596.69,United Kingdom,Medium,AN039,Closed,2025-07-26,5,Closed - False Positive,0.4,N
ALT04279,C01857,2025-07-22,Unusual Activity vs Profile,13372.23,United States,Medium,AN040,Closed,2025-08-02,11,Closed - False Positive,0.9,N
ALT01146,C00754,2025-07-22,Unusual Activity vs Profile,14530.74,United Kingdom,Medium,AN038,Closed,2025-09-02,42,SAR Filed,8.0,Y
ALT02951,C02529,2025-07-22,Rapid Movement of Funds,28576.64,United Kingdom,Medium,AN034,Closed,2025-08-04,13,Escalated to Investigation,7.6,N
ALT05124,C01542,2025-07-22,Rapid Movement of Funds,143405.85,India,High,AN036,Closed,2025-07-26,4,Closed - False Positive,0.5,N
ALT04346,C00876,2025-07-22,Dormant Account Reactivation,8485.72,United States,Low,AN037,Closed,2025-07-25,3,Closed - False Positive,0.3,N
ALT04960,C00695,2025-07-22,Large Cash Deposit,19251.35,United Kingdom,Medium,AN037,Closed,2025-07-24,2,Closed - False Positive,0.6,N
ALT01863,C02904,2025-07-22,Structuring,7960.26,India,High,AN039,Closed,2025-07-27,5,Closed - False Positive,0.8,N
ALT03660,C02835,2025-07-22,Unusual Activity vs Profile,21393.96,United Kingdom,Medium,AN038,Closed,2025-07-30,8,Closed - False Positive,1.1,N
ALT06492,C01515,2025-07-22,High-Risk Jurisdiction Transfer,23923.11,United Kingdom,Medium,AN035,Closed,2025-07-28,6,Closed - False Positive,0.9,N
ALT02715,C01495,2025-07-22,Round-Amount Transfers,29231.02,United Kingdom,Medium,AN035,Closed,2025-07-24,2,Closed - False Positive,0.5,N
ALT03602,C02350,2025-07-22,Rapid Movement of Funds,37257.94,United Kingdom,Medium,AN036,Closed,2025-07-23,1,Closed - False Positive,0.5,N
ALT04326,C00907,2025-07-23,Large Cash Deposit,33030.72,United Kingdom,High,AN039,Closed,2025-07-25,2,Closed - False Positive,0.6,N
ALT01889,C00730,2025-07-23,Rapid Movement of Funds,9480.58,United Kingdom,Medium,AN033,Closed,2025-07-25,2,Closed - False Positive,1.1,N
ALT04349,C00761,2025-07-23,Round-Amount Transfers,25772.77,United Kingdom,Low,AN034,Closed,2025-07-28,5,Closed - False Positive,0.5,N
ALT02317,C02931,2025-07-23,High-Risk Jurisdiction Transfer,6806.37,United Kingdom,High,AN034,Closed,2025-07-29,6,Closed - False Positive,1.0,N
ALT03677,C00485,2025-07-23,Structuring,7449.07,United Kingdom,High,AN036,Closed,2025-07-25,2,Closed - False Positive,1.1,N
ALT04450,C00488,2025-07-23,Structuring,9144.99,United Kingdom,Low,AN033,Closed,2025-07-28,5,Closed - False Positive,1.2,N
ALT01622,C00859,2025-07-23,Round-Amount Transfers,89701.7,Germany,High,AN034,Closed,2025-08-02,10,Closed - False Positive,0.7,N
ALT00861,C01949,2025-07-23,Round-Amount Transfers,23350.65,United Kingdom,Low,AN036,Closed,2025-07-25,2,Closed - False Positive,0.8,N
ALT03124,C02081,2025-07-23,Dormant Account Reactivation,27197.58,United Kingdom,Medium,AN037,Closed,2025-07-31,8,Closed - False Positive,0.5,N
ALT00253,C01685,2025-07-23,Unusual Activity vs Profile,34426.33,UAE,Medium,AN039,Closed,2025-08-19,27,Escalated to Investigation,5.8,N
ALT06282,C02004,2025-07-23,Round-Amount Transfers,35927.46,United States,High,AN034,Closed,2025-07-25,2,Closed - False Positive,0.5,N
ALT00426,C02879,2025-07-23,Round-Amount Transfers,12325.37,Nigeria,Medium,AN035,Closed,2025-08-11,19,SAR Filed,4.4,Y
ALT01780,C01053,2025-07-23,Structuring,8221.8,Nigeria,Low,AN037,Closed,2025-08-09,17,Closed - False Positive,0.6,N
ALT05785,C01835,2025-07-23,High-Risk Jurisdiction Transfer,25277.96,United Kingdom,Low,AN033,Closed,2025-08-01,9,Closed - False Positive,0.7,N
ALT03593,C01196,2025-07-23,Structuring,8393.3,United Kingdom,Medium,AN033,Closed,2025-08-02,10,Closed - False Positive,0.8,N
ALT00536,C00082,2025-07-23,Round-Amount Transfers,35162.18,United Kingdom,High,AN038,Closed,2025-07-27,4,Closed - False Positive,0.4,N
ALT04209,C02454,2025-07-24,Large Cash Deposit,18299.37,India,High,AN033,Closed,2025-07-27,3,Closed - False Positive,0.4,N
ALT01257,C00207,2025-07-24,Dormant Account Reactivation,27972.53,United Kingdom,Medium,AN035,Closed,2025-08-02,9,Closed - False Positive,0.4,N
ALT02222,C02834,2025-07-24,Unusual Activity vs Profile,18347.14,United Kingdom,High,AN038,Closed,2025-07-29,5,Closed - False Positive,0.4,N
ALT00908,C01653,2025-07-24,High-Risk Jurisdiction Transfer,79882.99,United Kingdom,High,AN035,Closed,2025-07-29,5,Closed - False Positive,0.5,N
ALT04842,C00539,2025-07-24,Rapid Movement of Funds,67181.08,United Kingdom,High,AN036,Closed,2025-07-27,3,Closed - False Positive,1.0,N
ALT05796,C02974,2025-07-24,Unusual Activity vs Profile,9498.76,United Kingdom,High,AN035,Closed,2025-07-30,6,Closed - False Positive,0.6,N
ALT01466,C02513,2025-07-24,High-Risk Jurisdiction Transfer,50600.83,United Kingdom,High,AN036,Closed,2025-07-31,7,Closed - False Positive,0.8,N
ALT06391,C00133,2025-07-24,Large Cash Deposit,55603.23,United Kingdom,High,AN034,Closed,2025-08-12,19,Closed - False Positive,1.2,N
ALT01481,C02256,2025-07-24,High-Risk Jurisdiction Transfer,53851.86,India,High,AN035,Closed,2025-08-08,15,Closed - False Positive,1.2,N
ALT03675,C01640,2025-07-24,Unusual Activity vs Profile,5062.45,United Kingdom,High,AN039,Closed,2025-07-28,4,Closed - False Positive,0.9,N
ALT00007,C01527,2025-07-24,Large Cash Deposit,18294.55,United Kingdom,Medium,AN036,Closed,2025-07-31,7,Closed - False Positive,0.8,N
ALT05220,C01017,2025-07-24,Rapid Movement of Funds,13241.21,Ireland,Low,AN035,Closed,2025-07-26,2,Closed - False Positive,0.8,N
ALT03125,C00760,2025-07-24,Unusual Activity vs Profile,4862.0,United Kingdom,Medium,AN037,Closed,2025-07-30,6,Closed - False Positive,0.8,N
ALT04115,C01339,2025-07-25,Unusual Activity vs Profile,110209.3,Cyprus,High,AN034,Closed,2025-08-09,15,Closed - False Positive,1.0,N
ALT05590,C02504,2025-07-25,Large Cash Deposit,40787.19,United Kingdom,Low,AN040,Closed,2025-09-05,42,Escalated to Investigation,8.2,N
ALT03232,C02453,2025-07-25,High-Risk Jurisdiction Transfer,28612.18,Russia,Medium,AN033,Closed,2025-08-07,13,Closed - False Positive,1.1,N
ALT01938,C01483,2025-07-25,Unusual Activity vs Profile,11385.7,United Kingdom,Medium,AN036,Closed,2025-08-02,8,Closed - False Positive,0.6,N
ALT03699,C01599,2025-07-25,Unusual Activity vs Profile,7092.72,France,High,AN036,Closed,2025-08-02,8,Closed - False Positive,0.9,N
ALT00559,C00017,2025-07-25,High-Risk Jurisdiction Transfer,22675.2,United Kingdom,High,AN035,Closed,2025-08-12,18,Closed - False Positive,1.2,N
ALT02817,C02561,2025-07-25,High-Risk Jurisdiction Transfer,3993.7,United Kingdom,High,AN035,Closed,2025-08-04,10,Closed - False Positive,0.6,N
ALT02298,C01995,2025-07-25,Large Cash Deposit,40822.94,United Kingdom,High,AN037,Closed,2025-08-22,28,Escalated to Investigation,5.7,N
ALT01468,C02181,2025-07-25,Round-Amount Transfers,17304.99,United Kingdom,Low,AN037,Closed,2025-08-06,12,Closed - False Positive,0.9,N
ALT00413,C02850,2025-07-25,Unusual Activity vs Profile,15840.05,United Kingdom,High,AN034,Closed,2025-07-31,6,Closed - False Positive,0.8,N
ALT04228,C01015,2025-07-25,Round-Amount Transfers,6316.44,Hong Kong,High,AN040,Closed,2025-08-11,17,Closed - False Positive,0.8,N
ALT06489,C00401,2025-07-25,High-Risk Jurisdiction Transfer,5932.3,United Kingdom,Medium,AN033,Closed,2025-08-02,8,Closed - False Positive,0.6,N
ALT01572,C02556,2025-07-25,High-Risk Jurisdiction Transfer,25004.91,Hong Kong,High,AN035,Closed,2025-07-30,5,Closed - False Positive,0.4,N
ALT04179,C01640,2025-07-25,Round-Amount Transfers,16835.39,United Kingdom,High,AN034,Closed,2025-08-05,11,Closed - False Positive,0.6,N
ALT00746,C01578,2025-07-25,Large Cash Deposit,12008.8,Germany,Medium,AN039,Closed,2025-08-04,10,Closed - False Positive,1.1,N
ALT05116,C02742,2025-07-25,Unusual Activity vs Profile,43701.24,Nigeria,Medium,AN035,Closed,2025-08-01,7,Closed - False Positive,0.7,N
ALT05223,C02793,2025-07-25,Round-Amount Transfers,10544.82,France,Medium,AN040,Closed,2025-07-31,6,Closed - False Positive,0.6,N
ALT01826,C02525,2025-07-25,Structuring,8235.07,UAE,Medium,AN037,Closed,2025-08-05,11,Closed - False Positive,1.2,N
ALT02924,C01827,2025-07-25,Structuring,7657.78,Panama,Low,AN036,Closed,2025-07-29,4,Closed - False Positive,0.9,N
ALT01898,C01925,2025-07-25,Rapid Movement of Funds,12109.55,United Kingdom,Medium,AN034,Closed,2025-08-05,11,Closed - False Positive,0.5,N
ALT00668,C00574,2025-07-25,Structuring,7805.54,United Kingdom,High,AN035,Closed,2025-08-06,12,Closed - False Positive,1.2,N
ALT01023,C02593,2025-07-25,Rapid Movement of Funds,5618.14,United Kingdom,High,AN034,Closed,2025-09-05,42,Escalated to Investigation,4.8,N
ALT01347,C02849,2025-07-25,Round-Amount Transfers,10218.52,United Kingdom,Medium,AN034,Closed,2025-07-26,1,Closed - False Positive,0.7,N
ALT00524,C02934,2025-07-25,Unusual Activity vs Profile,4918.21,United Kingdom,High,AN040,Closed,2025-09-16,53,Escalated to Investigation,6.0,N
ALT04678,C01878,2025-07-26,Structuring,9549.17,United Kingdom,High,AN034,Closed,2025-09-17,53,Escalated to Investigation,12.2,N
ALT00978,C02243,2025-07-26,High-Risk Jurisdiction Transfer,8383.28,United Kingdom,Medium,AN040,Closed,2025-08-13,18,Closed - False Positive,0.4,N
ALT00209,C01984,2025-07-26,Structuring,8980.72,India,Low,AN034,Closed,2025-08-12,17,Closed - False Positive,1.1,N
ALT06001,C00302,2025-07-26,Unusual Activity vs Profile,10722.09,United States,Low,AN036,Closed,2025-07-31,5,Closed - False Positive,0.7,N
ALT03082,C02038,2025-07-26,Unusual Activity vs Profile,15033.29,United Kingdom,High,AN038,Closed,2025-08-04,9,Closed - False Positive,0.4,N
ALT01632,C00444,2025-07-26,Round-Amount Transfers,23629.66,United Kingdom,High,AN033,Closed,2025-08-01,6,Closed - False Positive,0.7,N
ALT05727,C02460,2025-07-26,Large Cash Deposit,59866.08,United Kingdom,High,AN034,Closed,2025-08-01,6,Closed - False Positive,1.0,N
ALT01372,C02292,2025-07-26,Dormant Account Reactivation,11808.33,United Kingdom,High,AN034,Closed,2025-08-20,25,Escalated to Investigation,6.5,N
ALT01888,C01460,2025-07-26,Unusual Activity vs Profile,127346.44,India,High,AN038,Closed,2025-07-30,4,Closed - False Positive,0.6,N
ALT01611,C02056,2025-07-26,Unusual Activity vs Profile,12416.46,United Kingdom,Low,AN037,Closed,2025-08-09,14,Closed - False Positive,0.4,N
ALT04793,C02807,2025-07-26,Structuring,8303.46,Panama,High,AN039,Closed,2025-07-27,1,Closed - False Positive,0.7,N
ALT06235,C01926,2025-07-26,Structuring,8832.33,UAE,Low,AN036,Closed,2025-08-13,18,Closed - False Positive,0.8,N
ALT02950,C00375,2025-07-26,Round-Amount Transfers,33146.17,India,Low,AN036,Closed,2025-07-27,1,Closed - False Positive,0.3,N
ALT04674,C02014,2025-07-27,Dormant Account Reactivation,20642.45,United Kingdom,Low,AN033,Closed,2025-07-31,4,Closed - False Positive,0.4,N
ALT00060,C02112,2025-07-27,Rapid Movement of Funds,5317.01,United Kingdom,Low,AN035,Closed,2025-08-03,7,Closed - False Positive,0.7,N
ALT06403,C01083,2025-07-27,High-Risk Jurisdiction Transfer,91589.57,United Kingdom,High,AN033,Closed,2025-08-01,5,Closed - False Positive,0.7,N
ALT05773,C02284,2025-07-27,Rapid Movement of Funds,10684.22,United Kingdom,High,AN040,Closed,2025-08-18,22,SAR Filed,7.4,Y
ALT01746,C02686,2025-07-27,Unusual Activity vs Profile,50038.12,United Kingdom,High,AN038,Closed,2025-08-03,7,Closed - False Positive,0.4,N
ALT04572,C02694,2025-07-27,High-Risk Jurisdiction Transfer,3409.34,Hong Kong,High,AN039,Closed,2025-08-05,9,SAR Filed,9.3,Y
ALT03539,C00636,2025-07-27,High-Risk Jurisdiction Transfer,14693.07,United Kingdom,Low,AN035,Closed,2025-07-29,2,Closed - False Positive,0.3,N
ALT01067,C00679,2025-07-27,Dormant Account Reactivation,70095.81,United Kingdom,High,AN035,Closed,2025-07-30,3,Closed - False Positive,1.2,N
ALT02101,C00654,2025-07-27,Large Cash Deposit,33784.19,United Kingdom,High,AN034,Closed,2025-08-03,7,Closed - False Positive,1.2,N
ALT02204,C02466,2025-07-27,Rapid Movement of Funds,20819.89,United Kingdom,Low,AN038,Closed,2025-07-30,3,Closed - False Positive,0.9,N
ALT02959,C01410,2025-07-27,Large Cash Deposit,21077.68,United Kingdom,High,AN036,Closed,2025-08-01,5,Closed - False Positive,0.4,N
ALT01426,C01623,2025-07-27,Round-Amount Transfers,41455.74,UAE,Medium,AN035,Closed,2025-08-07,11,Closed - False Positive,0.7,N
ALT06278,C02714,2025-07-27,Structuring,7927.63,United Kingdom,Medium,AN037,Closed,2025-07-29,2,Closed - False Positive,0.6,N
ALT04089,C02289,2025-07-27,Rapid Movement of Funds,73187.04,United Kingdom,High,AN035,Closed,2025-08-12,16,Closed - False Positive,0.9,N
ALT01528,C00654,2025-07-27,Rapid Movement of Funds,6945.25,Ireland,High,AN038,Closed,2025-07-29,2,Closed - False Positive,0.7,N
ALT01980,C01567,2025-07-27,Unusual Activity vs Profile,11645.73,United Kingdom,High,AN037,Closed,2025-07-28,1,Closed - False Positive,0.6,N
ALT00693,C01213,2025-07-27,Round-Amount Transfers,21771.88,United Kingdom,Medium,AN040,Closed,2025-08-10,14,Closed - False Positive,1.0,N
ALT00690,C01690,2025-07-27,Rapid Movement of Funds,76675.38,United Kingdom,High,AN039,Closed,2025-08-01,5,Closed - False Positive,0.8,N
ALT04080,C02015,2025-07-27,Large Cash Deposit,58591.19,United Kingdom,High,AN035,Closed,2025-08-04,8,Closed - False Positive,1.0,N
ALT00870,C01461,2025-07-27,High-Risk Jurisdiction Transfer,70308.25,United Kingdom,High,AN040,Closed,2025-07-29,2,Closed - False Positive,0.7,N
ALT02142,C00016,2025-07-28,Dormant Account Reactivation,11158.77,United Kingdom,Medium,AN036,Closed,2025-08-05,8,Closed - False Positive,0.6,N
ALT02907,C02797,2025-07-28,Structuring,9696.54,United Kingdom,Medium,AN037,Closed,2025-08-02,5,Closed - False Positive,0.6,N
ALT03151,C02974,2025-07-28,Structuring,7058.65,United Kingdom,High,AN036,Closed,2025-08-03,6,Closed - False Positive,0.5,N
ALT02928,C01279,2025-07-28,Structuring,9183.9,United Kingdom,Medium,AN038,Closed,2025-08-14,17,Closed - False Positive,0.5,N
ALT02545,C01613,2025-07-28,High-Risk Jurisdiction Transfer,2848.09,United Kingdom,High,AN040,Closed,2025-08-09,12,Closed - False Positive,1.1,N
ALT01709,C02618,2025-07-28,Structuring,7570.72,United Kingdom,Medium,AN036,Closed,2025-08-03,6,Closed - False Positive,0.4,N
ALT01138,C01160,2025-07-28,Large Cash Deposit,16349.09,United States,Low,AN035,Closed,2025-09-10,44,SAR Filed,12.8,Y
ALT05473,C00274,2025-07-28,Rapid Movement of Funds,10774.57,United Kingdom,Low,AN036,Closed,2025-07-29,1,Closed - False Positive,0.6,N
ALT00369,C01629,2025-07-28,Rapid Movement of Funds,3873.07,United States,Medium,AN039,Closed,2025-08-02,5,Closed - False Positive,0.9,N
ALT04609,C01175,2025-07-28,Rapid Movement of Funds,765.5,United Kingdom,High,AN034,Closed,2025-08-18,21,Escalated to Investigation,8.2,N
ALT00512,C00975,2025-07-28,Dormant Account Reactivation,5424.79,United Kingdom,High,AN033,Closed,2025-08-14,17,Closed - False Positive,0.4,N
ALT03431,C00698,2025-07-28,Unusual Activity vs Profile,15569.53,United Kingdom,Low,AN034,Closed,2025-08-28,31,Closed - False Positive,1.0,N
ALT00821,C01405,2025-07-28,Dormant Account Reactivation,7167.2,United Kingdom,High,AN034,Closed,2025-08-02,5,Closed - False Positive,0.7,N
ALT01334,C00100,2025-07-29,Dormant Account Reactivation,3835.64,United Kingdom,Medium,AN037,Closed,2025-08-02,4,Closed - False Positive,0.4,N
ALT02533,C02691,2025-07-29,Rapid Movement of Funds,26521.1,United Kingdom,High,AN040,Closed,2025-08-05,7,Closed - False Positive,0.4,N
ALT03382,C00748,2025-07-29,Large Cash Deposit,19515.93,United Kingdom,Medium,AN039,Closed,2025-07-31,2,Closed - False Positive,0.4,N
ALT02989,C02712,2025-07-29,Round-Amount Transfers,77755.31,United Kingdom,High,AN035,Closed,2025-08-07,9,Closed - False Positive,0.9,N
ALT05419,C00375,2025-07-29,Large Cash Deposit,26054.57,United States,Medium,AN038,Closed,2025-08-01,3,Closed - False Positive,0.8,N
ALT04012,C02292,2025-07-29,Round-Amount Transfers,7056.74,United Kingdom,High,AN034,Closed,2025-08-25,27,Escalated to Investigation,6.7,N
ALT06429,C00539,2025-07-29,Structuring,7393.56,United Kingdom,High,AN033,Closed,2025-08-03,5,Closed - False Positive,0.5,N
ALT04748,C02461,2025-07-29,Round-Amount Transfers,18232.84,Nigeria,Low,AN034,Closed,2025-08-08,10,Closed - False Positive,0.7,N
ALT03143,C00022,2025-07-29,Rapid Movement of Funds,1483.43,United Kingdom,Medium,AN037,Closed,2025-08-04,6,Closed - False Positive,1.1,N
ALT04676,C01532,2025-07-29,Large Cash Deposit,19030.89,United Kingdom,High,AN038,Closed,2025-08-10,12,Closed - False Positive,1.0,N
ALT03142,C00744,2025-07-29,Round-Amount Transfers,46680.75,Cyprus,Medium,AN037,Closed,2025-08-10,12,Closed - False Positive,1.1,N
ALT02405,C01047,2025-07-29,Unusual Activity vs Profile,150781.94,France,High,AN033,Closed,2025-08-02,4,Closed - False Positive,0.4,N
ALT00873,C02911,2025-07-29,Rapid Movement of Funds,129370.02,Germany,High,AN037,Closed,2025-08-03,5,Closed - False Positive,0.9,N
ALT03944,C00811,2025-07-29,Structuring,8532.36,Cyprus,Medium,AN039,Closed,2025-07-31,2,Closed - False Positive,0.4,N
ALT02153,C01447,2025-07-29,High-Risk Jurisdiction Transfer,17870.36,United Kingdom,Medium,AN040,Closed,2025-08-03,5,Closed - False Positive,0.6,N
ALT00671,C02651,2025-07-29,Large Cash Deposit,59550.17,United Kingdom,High,AN040,Closed,2025-08-18,20,SAR Filed,10.6,Y
ALT00940,C00530,2025-07-29,Rapid Movement of Funds,23860.71,United Kingdom,High,AN037,Closed,2025-08-30,32,SAR Filed,10.8,Y
ALT00835,C02525,2025-07-29,Round-Amount Transfers,22202.36,Pakistan,Medium,AN038,Closed,2025-08-09,11,Closed - False Positive,0.6,N
ALT04374,C02125,2025-07-30,Structuring,7893.74,United Kingdom,Low,AN038,Closed,2025-08-13,14,Closed - False Positive,1.1,N
ALT04130,C02622,2025-07-30,Unusual Activity vs Profile,24844.76,Nigeria,Medium,AN035,Closed,2025-08-06,7,Closed - False Positive,1.0,N
ALT00570,C00645,2025-07-30,Round-Amount Transfers,1218.6,United Kingdom,Medium,AN040,Closed,2025-08-03,4,Closed - False Positive,0.8,N
ALT03668,C01613,2025-07-30,Structuring,9790.04,Russia,High,AN037,Closed,2025-08-04,5,Closed - False Positive,0.4,N
ALT06239,C02822,2025-07-30,Large Cash Deposit,18819.39,United Kingdom,Medium,AN040,Closed,2025-08-01,2,Closed - False Positive,0.8,N
ALT05512,C01424,2025-07-30,Rapid Movement of Funds,11802.27,United Kingdom,Low,AN040,Closed,2025-08-04,5,Closed - False Positive,1.1,N
ALT03524,C02239,2025-07-30,Large Cash Deposit,27661.44,United Kingdom,Medium,AN035,Closed,2025-08-11,12,Closed - False Positive,0.3,N
ALT06245,C01933,2025-07-30,Round-Amount Transfers,3661.3,UAE,Medium,AN035,Closed,2025-08-10,11,Closed - False Positive,0.7,N
ALT00872,C01573,2025-07-30,Unusual Activity vs Profile,14033.16,United Kingdom,Low,AN040,Closed,2025-08-02,3,Closed - False Positive,0.5,N
ALT01804,C01674,2025-07-30,Dormant Account Reactivation,46585.25,United Kingdom,High,AN039,Closed,2025-08-02,3,Closed - False Positive,1.1,N
ALT01945,C01752,2025-07-30,Structuring,8517.01,United Kingdom,Medium,AN037,Closed,2025-08-09,10,Closed - False Positive,0.7,N
ALT02234,C02904,2025-07-30,Unusual Activity vs Profile,16224.74,United Kingdom,High,AN034,Closed,2025-08-04,5,Closed - False Positive,1.0,N
ALT06076,C00539,2025-07-30,High-Risk Jurisdiction Transfer,75195.45,Ireland,High,AN038,Closed,2025-08-06,7,Closed - False Positive,0.4,N
ALT05907,C00539,2025-07-31,Dormant Account Reactivation,13240.23,United States,High,AN036,Closed,2025-08-06,6,Closed - False Positive,0.4,N
ALT06405,C01016,2025-07-31,Structuring,9820.75,United Kingdom,Low,AN034,Closed,2025-08-07,7,Closed - False Positive,1.2,N
ALT01423,C02600,2025-07-31,Large Cash Deposit,23582.43,France,High,AN039,Closed,2025-08-05,5,Closed - False Positive,0.4,N
ALT05997,C02223,2025-07-31,Large Cash Deposit,15041.22,United Kingdom,Medium,AN033,Closed,2025-08-04,4,Closed - False Positive,0.6,N
ALT00996,C00040,2025-07-31,Round-Amount Transfers,12273.63,United Kingdom,Medium,AN039,Closed,2025-08-11,11,Closed - False Positive,0.6,N
ALT00898,C00982,2025-07-31,Dormant Account Reactivation,11133.58,United Kingdom,Medium,AN039,Closed,2025-08-12,12,Closed - False Positive,1.0,N
ALT01917,C00594,2025-07-31,Unusual Activity vs Profile,86272.42,United Kingdom,High,AN040,Closed,2025-08-09,9,Closed - False Positive,0.6,N
ALT05155,C00534,2025-07-31,Rapid Movement of Funds,14600.33,Ireland,Medium,AN040,Closed,2025-08-07,7,Closed - False Positive,0.6,N
ALT02903,C02496,2025-07-31,Large Cash Deposit,15521.66,Panama,High,AN033,Closed,2025-08-03,3,Closed - False Positive,1.2,N
ALT03578,C01614,2025-07-31,Structuring,7989.1,United States,High,AN033,Closed,2025-08-05,5,Closed - False Positive,0.8,N
ALT05265,C00630,2025-08-01,High-Risk Jurisdiction Transfer,193415.05,United Kingdom,High,AN035,Closed,2025-08-15,14,Closed - False Positive,0.5,N
ALT00466,C00370,2025-08-01,Rapid Movement of Funds,65865.57,Germany,High,AN035,Closed,2025-08-02,1,Closed - False Positive,1.1,N
ALT03627,C02765,2025-08-01,Large Cash Deposit,46012.18,United Kingdom,Low,AN037,Closed,2025-08-10,9,Closed - False Positive,0.7,N
ALT02581,C00732,2025-08-01,Large Cash Deposit,26862.21,United Kingdom,High,AN033,Closed,2025-08-05,4,Closed - False Positive,0.9,N
ALT01355,C00080,2025-08-01,Unusual Activity vs Profile,6045.73,United Kingdom,High,AN035,Closed,2025-08-04,3,Closed - False Positive,0.8,N
ALT06120,C02648,2025-08-01,High-Risk Jurisdiction Transfer,12129.5,United Kingdom,Medium,AN038,Closed,2025-08-10,9,Closed - False Positive,0.6,N
ALT02397,C00776,2025-08-01,Round-Amount Transfers,22001.48,Pakistan,Medium,AN040,Closed,2025-08-05,4,Closed - False Positive,1.1,N
ALT01374,C00234,2025-08-01,Unusual Activity vs Profile,1391.32,United Kingdom,Low,AN033,Closed,2025-08-04,3,Closed - False Positive,0.6,N
ALT00890,C02034,2025-08-01,Unusual Activity vs Profile,8890.93,United Kingdom,Medium,AN037,Closed,2025-08-14,13,Closed - False Positive,0.6,N
ALT01132,C00878,2025-08-01,Large Cash Deposit,33634.96,United Kingdom,Low,AN036,Closed,2025-08-08,7,Closed - False Positive,1.1,N
ALT05102,C00863,2025-08-01,Unusual Activity vs Profile,177518.82,Pakistan,High,AN036,Closed,2025-08-06,5,Closed - False Positive,0.4,N
ALT05884,C01868,2025-08-01,Rapid Movement of Funds,2284.85,United Kingdom,Medium,AN038,Closed,2025-08-07,6,Closed - False Positive,1.2,N
ALT00127,C01613,2025-08-01,Unusual Activity vs Profile,31644.54,United Kingdom,High,AN033,Closed,2025-08-05,4,Closed - False Positive,0.9,N
ALT04596,C02039,2025-08-01,Round-Amount Transfers,19620.67,United Kingdom,Medium,AN034,Closed,2025-08-02,1,Closed - False Positive,0.8,N
ALT01652,C01301,2025-08-01,Rapid Movement of Funds,6904.66,Nigeria,Medium,AN040,Closed,2025-08-17,16,Closed - False Positive,0.5,N
ALT04434,C00865,2025-08-01,Dormant Account Reactivation,31764.44,United Kingdom,High,AN036,Closed,2025-08-04,3,Closed - False Positive,0.9,N
ALT04562,C01911,2025-08-01,Structuring,7716.41,United Kingdom,Medium,AN034,Closed,2025-08-08,7,Closed - False Positive,1.1,N
ALT03360,C01041,2025-08-02,Rapid Movement of Funds,9431.89,UAE,Medium,AN037,Closed,2025-08-07,5,Closed - False Positive,0.9,N
ALT02058,C00258,2025-08-02,Structuring,7653.79,India,Medium,AN039,Closed,2025-08-07,5,Closed - False Positive,0.9,N
ALT02280,C01419,2025-08-02,Round-Amount Transfers,7564.45,United Kingdom,Low,AN036,Closed,2025-08-10,8,Closed - False Positive,1.0,N
ALT01042,C02292,2025-08-02,Rapid Movement of Funds,25677.9,UAE,High,AN034,Closed,2025-08-08,6,Closed - False Positive,0.4,N
ALT00889,C00788,2025-08-02,Rapid Movement of Funds,2731.23,United Kingdom,Medium,AN039,Closed,2025-08-04,2,Closed - False Positive,0.4,N
ALT03714,C00828,2025-08-02,Unusual Activity vs Profile,19170.52,United Kingdom,High,AN036,Closed,2025-08-14,12,Closed - False Positive,0.9,N
ALT05044,C02905,2025-08-02,Rapid Movement of Funds,17177.98,United Kingdom,High,AN035,Closed,2025-08-27,25,Escalated to Investigation,4.4,N
ALT03087,C02916,2025-08-02,Round-Amount Transfers,23605.91,Ireland,High,AN037,Closed,2025-08-07,5,Closed - False Positive,0.5,N
ALT05334,C00959,2025-08-02,Rapid Movement of Funds,4681.93,United Kingdom,Medium,AN034,Closed,2025-08-25,23,Escalated to Investigation,10.8,N
ALT04022,C01674,2025-08-02,Unusual Activity vs Profile,70817.25,Germany,High,AN038,Closed,2025-08-05,3,Closed - False Positive,0.9,N
ALT05629,C01570,2025-08-02,Structuring,8764.05,United Kingdom,High,AN035,Closed,2025-08-12,10,Closed - False Positive,0.8,N
ALT01874,C02617,2025-08-02,Structuring,8404.81,United Kingdom,Medium,AN038,Closed,2025-08-11,9,Closed - False Positive,0.8,N
ALT03809,C02694,2025-08-02,Dormant Account Reactivation,15722.28,United Kingdom,High,AN039,Closed,2025-08-11,9,Closed - False Positive,0.9,N
ALT03973,C00219,2025-08-02,Large Cash Deposit,54880.24,United Kingdom,High,AN035,Closed,2025-08-04,2,Closed - False Positive,0.4,N
ALT00411,C01722,2025-08-02,Unusual Activity vs Profile,10156.5,United States,Medium,AN036,Closed,2025-08-24,22,SAR Filed,7.8,Y
ALT05662,C00161,2025-08-03,Unusual Activity vs Profile,5465.93,UAE,Medium,AN033,Closed,2025-08-25,22,Escalated to Investigation,13.9,N
ALT01909,C01565,2025-08-03,Rapid Movement of Funds,8392.24,United Kingdom,High,AN034,Closed,2025-08-06,3,Closed - False Positive,0.8,N
ALT03616,C00536,2025-08-03,Dormant Account Reactivation,29327.87,United Kingdom,Low,AN036,Closed,2025-08-07,4,Closed - False Positive,0.3,N
ALT03246,C01901,2025-08-03,High-Risk Jurisdiction Transfer,12918.27,Germany,Medium,AN037,Closed,2025-08-12,9,Closed - False Positive,0.5,N
ALT06374,C00992,2025-08-03,Unusual Activity vs Profile,3983.99,United Kingdom,Low,AN035,Closed,2025-08-06,3,Closed - False Positive,0.5,N
ALT01637,C01809,2025-08-03,High-Risk Jurisdiction Transfer,34422.07,United Kingdom,Low,AN034,Closed,2025-08-05,2,Closed - False Positive,0.7,N
ALT03235,C02187,2025-08-03,Unusual Activity vs Profile,5445.28,United Kingdom,Low,AN034,Closed,2025-08-05,2,Closed - False Positive,0.9,N
ALT03095,C01078,2025-08-03,Structuring,8592.35,Pakistan,High,AN038,Closed,2025-08-24,21,SAR Filed,13.3,Y
ALT00054,C01585,2025-08-03,Unusual Activity vs Profile,9400.69,United Kingdom,Medium,AN039,Closed,2025-08-18,15,Closed - False Positive,1.0,N
ALT01254,C01850,2025-08-03,Structuring,9697.95,UAE,High,AN037,Closed,2025-08-08,5,Closed - False Positive,0.9,N
ALT02258,C00828,2025-08-03,Rapid Movement of Funds,12425.11,United Kingdom,High,AN035,Closed,2025-08-18,15,Closed - False Positive,0.7,N
ALT04514,C00080,2025-08-03,Unusual Activity vs Profile,2664.46,United Kingdom,High,AN037,Closed,2025-08-08,5,Closed - False Positive,0.7,N
ALT03328,C00006,2025-08-03,Dormant Account Reactivation,50078.78,United Kingdom,High,AN038,Closed,2025-08-15,12,SAR Filed,4.6,Y
ALT06472,C00275,2025-08-03,Unusual Activity vs Profile,3681.49,United Kingdom,Low,AN036,Closed,2025-08-10,7,Closed - False Positive,0.9,N
ALT06075,C01551,2025-08-03,Structuring,8805.53,United Kingdom,Medium,AN035,Closed,2025-08-18,15,Escalated to Investigation,11.6,N
ALT02845,C00227,2025-08-03,Structuring,7706.94,United Kingdom,High,AN037,Closed,2025-08-12,9,Closed - False Positive,0.9,N
ALT06481,C00692,2025-08-04,Rapid Movement of Funds,19095.91,France,Medium,AN038,Closed,2025-08-09,5,Closed - False Positive,1.0,N
ALT03644,C02946,2025-08-04,Structuring,7379.98,United Kingdom,Medium,AN034,Closed,2025-08-10,6,Closed - False Positive,0.6,N
ALT05600,C01421,2025-08-04,High-Risk Jurisdiction Transfer,66135.92,United Kingdom,High,AN038,Closed,2025-08-11,7,Closed - False Positive,0.8,N
ALT04361,C02886,2025-08-04,High-Risk Jurisdiction Transfer,19383.35,United Kingdom,Low,AN034,Closed,2025-08-08,4,Closed - False Positive,0.7,N
ALT02285,C00899,2025-08-04,Unusual Activity vs Profile,28441.21,United Kingdom,Medium,AN037,Closed,2025-08-11,7,Closed - False Positive,0.3,N
ALT03741,C00447,2025-08-04,Unusual Activity vs Profile,28378.83,United Kingdom,Low,AN034,Closed,2025-08-12,8,Closed - False Positive,0.5,N
ALT02097,C02265,2025-08-04,Dormant Account Reactivation,18311.8,United Kingdom,Low,AN036,Closed,2025-08-17,13,Escalated to Investigation,5.3,N
ALT00482,C02691,2025-08-04,Structuring,7093.12,India,High,AN035,Closed,2025-08-08,4,Closed - False Positive,0.4,N
ALT05814,C00975,2025-08-04,Large Cash Deposit,40097.84,United Kingdom,High,AN038,Closed,2025-08-19,15,SAR Filed,4.5,Y
ALT04017,C02181,2025-08-04,Rapid Movement of Funds,35575.87,Ireland,Medium,AN040,Closed,2025-08-10,6,Closed - False Positive,1.0,N
ALT00642,C00180,2025-08-04,Unusual Activity vs Profile,87869.08,United Kingdom,High,AN035,Closed,2025-08-20,16,Closed - False Positive,0.6,N
ALT05501,C02788,2025-08-04,Structuring,9314.5,United Kingdom,High,AN037,Closed,2025-08-07,3,Closed - False Positive,0.5,N
ALT03299,C02004,2025-08-04,Unusual Activity vs Profile,3305.59,United Kingdom,High,AN036,Closed,2025-08-11,7,Closed - False Positive,0.4,N
ALT01575,C02152,2025-08-04,Rapid Movement of Funds,6547.29,United Kingdom,High,AN035,Closed,2025-08-14,10,Closed - False Positive,0.6,N
ALT06388,C01694,2025-08-04,Unusual Activity vs Profile,7799.13,United Kingdom,Low,AN036,Closed,2025-08-08,4,Closed - False Positive,0.4,N
ALT01137,C00145,2025-08-05,Large Cash Deposit,37793.16,United Kingdom,Medium,AN040,Closed,2025-08-07,2,Closed - False Positive,0.4,N
ALT04652,C02535,2025-08-05,High-Risk Jurisdiction Transfer,24434.15,UAE,Medium,AN036,Closed,2025-08-13,8,Closed - False Positive,0.5,N
ALT02023,C01527,2025-08-05,Unusual Activity vs Profile,13765.83,United Kingdom,Low,AN033,Closed,2025-08-11,6,Closed - False Positive,0.5,N
ALT04508,C01567,2025-08-05,Rapid Movement of Funds,21352.7,India,High,AN037,Closed,2025-08-09,4,Closed - False Positive,0.6,N
ALT04956,C02789,2025-08-05,Structuring,8982.65,United Kingdom,High,AN035,Closed,2025-10-19,75,Escalated to Investigation,14.0,N
ALT03169,C02720,2025-08-05,Large Cash Deposit,37193.44,United Kingdom,High,AN033,Closed,2025-08-14,9,Closed - False Positive,1.0,N
ALT01114,C00392,2025-08-05,Rapid Movement of Funds,4356.05,United Kingdom,Medium,AN033,Closed,2025-08-13,8,Closed - False Positive,0.9,N
ALT04657,C00227,2025-08-05,Unusual Activity vs Profile,1192.78,United Kingdom,High,AN038,Closed,2025-08-07,2,Closed - False Positive,0.5,N
ALT00799,C02809,2025-08-05,Rapid Movement of Funds,6241.87,United Kingdom,High,AN035,Closed,2025-08-16,11,Closed - False Positive,1.0,N
ALT00583,C02591,2025-08-05,Large Cash Deposit,23979.63,United Kingdom,Low,AN034,Closed,2025-08-15,10,Closed - False Positive,0.6,N
ALT06020,C00965,2025-08-05,Unusual Activity vs Profile,11877.35,United Kingdom,Medium,AN035,Closed,2025-08-08,3,Closed - False Positive,1.1,N
ALT03959,C00930,2025-08-05,Unusual Activity vs Profile,36611.1,United Kingdom,Medium,AN040,Closed,2025-08-11,6,Closed - False Positive,0.4,N
ALT02783,C01104,2025-08-05,Large Cash Deposit,59542.22,United Kingdom,High,AN033,Closed,2025-08-11,6,Closed - False Positive,0.6,N
ALT04283,C00983,2025-08-06,High-Risk Jurisdiction Transfer,37861.65,United Kingdom,High,AN035,Closed,2025-08-07,1,Closed - False Positive,1.0,N
ALT05014,C00220,2025-08-06,Round-Amount Transfers,3717.51,United Kingdom,High,AN035,Closed,2025-08-18,12,Closed - False Positive,0.8,N
ALT01506,C01558,2025-08-06,Dormant Account Reactivation,7830.48,United Kingdom,Low,AN040,Closed,2025-08-10,4,Closed - False Positive,0.7,N
ALT03635,C02789,2025-08-06,Structuring,8594.2,United Kingdom,High,AN040,Closed,2025-08-08,2,Closed - False Positive,1.2,N
ALT01446,C00789,2025-08-06,High-Risk Jurisdiction Transfer,25537.99,United Kingdom,Low,AN035,Closed,2025-08-22,16,Closed - False Positive,0.6,N
ALT01439,C00975,2025-08-06,Rapid Movement of Funds,8515.47,Cyprus,High,AN038,Closed,2025-08-13,7,Closed - False Positive,1.2,N
ALT03775,C00070,2025-08-06,Structuring,7852.3,United Kingdom,High,AN040,Closed,2025-10-01,56,Escalated to Investigation,13.9,N
ALT01295,C00509,2025-08-06,Rapid Movement of Funds,3432.64,United Kingdom,Low,AN039,Closed,2025-08-10,4,Closed - False Positive,1.1,N
ALT01294,C00201,2025-08-06,Large Cash Deposit,17536.73,Cyprus,Medium,AN038,Closed,2025-08-11,5,Closed - False Positive,0.7,N
ALT01173,C00730,2025-08-06,Large Cash Deposit,18937.71,United Kingdom,Medium,AN034,Closed,2025-08-26,20,Closed - False Positive,0.4,N
ALT06243,C02561,2025-08-06,Rapid Movement of Funds,8117.5,United Kingdom,High,AN036,Closed,2025-08-10,4,Closed - False Positive,0.5,N
ALT02962,C01405,2025-08-06,High-Risk Jurisdiction Transfer,85931.54,Ireland,High,AN039,Closed,2025-08-07,1,Closed - False Positive,1.0,N
ALT05701,C02630,2025-08-06,Structuring,7881.57,United States,High,AN036,Closed,2025-08-19,13,Escalated to Investigation,4.9,N
ALT00818,C02519,2025-08-06,High-Risk Jurisdiction Transfer,2299.33,United Kingdom,Medium,AN035,Closed,2025-08-09,3,Closed - False Positive,0.3,N
ALT00562,C01560,2025-08-07,Dormant Account Reactivation,20437.9,United Kingdom,Low,AN033,Closed,2025-08-09,2,Closed - False Positive,0.6,N
ALT01089,C01650,2025-08-07,Rapid Movement of Funds,4530.69,United Kingdom,Low,AN034,Closed,2025-08-09,2,Closed - False Positive,0.7,N
ALT01447,C02135,2025-08-07,High-Risk Jurisdiction Transfer,19610.78,India,High,AN036,Closed,2025-08-27,20,Closed - False Positive,0.7,N
ALT00966,C00900,2025-08-07,Unusual Activity vs Profile,30824.93,United Kingdom,Low,AN036,Closed,2025-08-17,10,Closed - False Positive,0.4,N
ALT04822,C00037,2025-08-07,Structuring,8957.99,France,Low,AN034,Closed,2025-08-11,4,Closed - False Positive,0.4,N
ALT05393,C01670,2025-08-07,High-Risk Jurisdiction Transfer,45442.67,United Kingdom,Medium,AN033,Closed,2025-08-14,7,Closed - False Positive,0.4,N
ALT01202,C02325,2025-08-07,Structuring,8030.26,United Kingdom,Medium,AN039,Closed,2025-08-09,2,Closed - False Positive,0.7,N
ALT03289,C00453,2025-08-07,Large Cash Deposit,32398.07,India,Low,AN036,Closed,2025-08-12,5,Closed - False Positive,0.5,N
ALT02369,C00431,2025-08-07,Structuring,8007.36,Ireland,Medium,AN035,Closed,2025-08-17,10,Closed - False Positive,0.9,N
ALT03285,C02834,2025-08-07,Structuring,8459.12,Hong Kong,High,AN036,Closed,2025-08-13,6,Closed - False Positive,0.9,N
ALT02930,C00224,2025-08-07,High-Risk Jurisdiction Transfer,43465.22,United States,Medium,AN037,Closed,2025-08-13,6,Closed - False Positive,0.7,N
ALT00488,C01425,2025-08-07,Rapid Movement of Funds,3307.12,Russia,Medium,AN039,Closed,2025-08-17,10,Closed - False Positive,1.0,N
ALT02639,C01612,2025-08-07,Unusual Activity vs Profile,22721.6,France,Medium,AN034,Closed,2025-08-10,3,Closed - False Positive,1.1,N
ALT00165,C02336,2025-08-08,Structuring,7292.22,United Kingdom,High,AN037,Closed,2025-08-10,2,Closed - False Positive,0.8,N
ALT03820,C02906,2025-08-08,Unusual Activity vs Profile,1450.54,United Kingdom,Low,AN040,Closed,2025-08-21,13,Closed - False Positive,0.6,N
ALT06067,C02995,2025-08-08,Structuring,8784.51,Hong Kong,Medium,AN035,Closed,2025-08-23,15,Closed - False Positive,0.8,N
ALT01838,C02570,2025-08-08,Unusual Activity vs Profile,2385.73,United Kingdom,Medium,AN036,Closed,2025-09-07,30,Escalated to Investigation,3.7,N
ALT05328,C01992,2025-08-08,Unusual Activity vs Profile,7608.41,United Kingdom,Low,AN034,Closed,2025-08-17,9,Closed - False Positive,0.9,N
ALT00967,C02248,2025-08-08,High-Risk Jurisdiction Transfer,59498.14,United Kingdom,High,AN037,Closed,2025-08-15,7,Closed - False Positive,0.3,N
ALT00091,C02418,2025-08-08,Rapid Movement of Funds,16427.59,United Kingdom,Medium,AN039,Closed,2025-08-16,8,Closed - False Positive,0.7,N
ALT05945,C00463,2025-08-08,High-Risk Jurisdiction Transfer,2066.65,United Kingdom,High,AN040,Closed,2025-08-12,4,Closed - False Positive,0.4,N
ALT05480,C00422,2025-08-08,Dormant Account Reactivation,6038.85,United Kingdom,Low,AN033,Closed,2025-08-13,5,Closed - False Positive,0.8,N
ALT00027,C01588,2025-08-08,Structuring,7479.81,France,Medium,AN034,Closed,2025-08-15,7,Closed - False Positive,1.0,N
ALT00303,C00015,2025-08-08,Rapid Movement of Funds,3359.28,United Kingdom,Medium,AN035,Closed,2025-08-16,8,Closed - False Positive,0.9,N
ALT05230,C01975,2025-08-08,Round-Amount Transfers,15212.44,United Kingdom,Medium,AN035,Closed,2025-08-12,4,Closed - False Positive,1.0,N
ALT02890,C00758,2025-08-08,Unusual Activity vs Profile,17078.35,United Kingdom,Medium,AN036,Closed,2025-08-27,19,Escalated to Investigation,13.5,N
ALT03664,C01366,2025-08-09,Unusual Activity vs Profile,57393.67,Ireland,High,AN035,Closed,2025-08-11,2,Closed - False Positive,1.0,N
ALT03187,C01018,2025-08-09,High-Risk Jurisdiction Transfer,5336.08,Pakistan,Medium,AN040,Closed,2025-08-14,5,Closed - False Positive,1.1,N
ALT03479,C02751,2025-08-09,Rapid Movement of Funds,28786.97,United Kingdom,Medium,AN033,Closed,2025-08-14,5,Closed - False Positive,0.7,N
ALT05228,C02289,2025-08-09,High-Risk Jurisdiction Transfer,11700.66,United Kingdom,High,AN035,Closed,2025-08-21,12,Escalated to Investigation,5.1,N
ALT00925,C00828,2025-08-09,Round-Amount Transfers,6337.49,UAE,High,AN036,Closed,2025-08-13,4,Closed - False Positive,0.6,N
ALT06237,C01781,2025-08-09,Round-Amount Transfers,5073.45,United Kingdom,Low,AN033,Closed,2025-08-18,9,Closed - False Positive,0.8,N
ALT02548,C00421,2025-08-09,Rapid Movement of Funds,8473.46,Nigeria,Low,AN039,Closed,2025-09-16,38,Escalated to Investigation,7.3,N
ALT04719,C00217,2025-08-09,Rapid Movement of Funds,7959.43,United Kingdom,Medium,AN035,Closed,2025-08-14,5,Closed - False Positive,0.4,N
ALT06352,C01832,2025-08-09,Structuring,9300.76,United Kingdom,Medium,AN039,Closed,2025-08-12,3,Closed - False Positive,0.6,N
ALT04447,C00151,2025-08-09,Unusual Activity vs Profile,4963.35,United Kingdom,Low,AN038,Closed,2025-08-18,9,Closed - False Positive,0.8,N
ALT00834,C01733,2025-08-09,Large Cash Deposit,37314.9,India,Low,AN034,Closed,2025-08-13,4,Closed - False Positive,0.6,N
ALT05043,C02818,2025-08-09,Rapid Movement of Funds,3337.47,United Kingdom,Medium,AN036,Closed,2025-08-14,5,Closed - False Positive,0.6,N
ALT01561,C02420,2025-08-09,Rapid Movement of Funds,38463.8,Germany,Low,AN036,Closed,2025-08-11,2,Closed - False Positive,0.4,N
ALT02666,C00539,2025-08-09,Round-Amount Transfers,11737.98,United Kingdom,High,AN040,Closed,2025-08-17,8,Closed - False Positive,1.1,N
ALT01825,C01817,2025-08-09,Rapid Movement of Funds,7007.08,United Kingdom,Low,AN040,Closed,2025-08-12,3,Closed - False Positive,0.9,N
ALT05378,C01222,2025-08-09,Dormant Account Reactivation,28792.63,United Kingdom,High,AN037,Closed,2025-08-10,1,Closed - False Positive,0.5,N
ALT05808,C00078,2025-08-09,High-Risk Jurisdiction Transfer,8334.3,United Kingdom,High,AN039,Closed,2025-08-19,10,Closed - False Positive,0.7,N
ALT05876,C01865,2025-08-09,Unusual Activity vs Profile,7459.62,Cyprus,High,AN033,Closed,2025-08-18,9,Closed - False Positive,0.7,N
ALT01753,C00340,2025-08-09,Structuring,9211.36,United Kingdom,Medium,AN040,Closed,2025-08-12,3,Closed - False Positive,0.9,N
ALT00274,C02904,2025-08-09,Rapid Movement of Funds,108229.04,United Kingdom,High,AN040,Closed,2025-08-13,4,Closed - False Positive,1.1,N
ALT02033,C00463,2025-08-10,Rapid Movement of Funds,2791.27,United Kingdom,High,AN035,Closed,2025-08-16,6,Closed - False Positive,0.7,N
ALT04583,C02369,2025-08-10,High-Risk Jurisdiction Transfer,10305.54,United Kingdom,Medium,AN035,Closed,2025-08-12,2,Closed - False Positive,0.7,N
ALT05347,C01283,2025-08-10,Large Cash Deposit,37220.0,United Kingdom,Low,AN037,Closed,2025-08-16,6,Closed - False Positive,1.2,N
ALT04068,C00452,2025-08-10,Rapid Movement of Funds,18643.46,United Kingdom,Low,AN037,Closed,2025-08-31,21,Escalated to Investigation,6.6,N
ALT00653,C00002,2025-08-10,Large Cash Deposit,42832.22,United Kingdom,Low,AN035,Closed,2025-08-23,13,Closed - False Positive,0.8,N
ALT04740,C02418,2025-08-10,Unusual Activity vs Profile,33706.07,United Kingdom,Medium,AN039,Closed,2025-08-20,10,Closed - False Positive,1.1,N
ALT01079,C02111,2025-08-10,High-Risk Jurisdiction Transfer,45407.54,United Kingdom,High,AN036,Closed,2025-08-14,4,Closed - False Positive,0.8,N
ALT03658,C02932,2025-08-10,Large Cash Deposit,43701.52,Cyprus,Medium,AN040,Closed,2025-08-19,9,Closed - False Positive,0.4,N
ALT02141,C01974,2025-08-10,Large Cash Deposit,17054.48,United Kingdom,High,AN039,Closed,2025-08-14,4,Closed - False Positive,0.5,N
ALT06051,C00257,2025-08-10,Rapid Movement of Funds,2948.29,UAE,Low,AN037,Closed,2025-08-13,3,Closed - False Positive,0.5,N
ALT03237,C02706,2025-08-10,Large Cash Deposit,22215.49,United Kingdom,Low,AN034,Closed,2025-08-12,2,Closed - False Positive,1.1,N
ALT04894,C01423,2025-08-10,Rapid Movement of Funds,4890.7,United Kingdom,Medium,AN034,Closed,2025-08-16,6,Closed - False Positive,1.1,N
ALT01781,C00284,2025-08-10,Round-Amount Transfers,17658.76,India,Medium,AN033,Closed,2025-08-18,8,Closed - False Positive,0.7,N
ALT04453,C02630,2025-08-10,Round-Amount Transfers,33428.71,UAE,High,AN034,Closed,2025-08-22,12,Closed - False Positive,1.2,N
ALT03930,C00738,2025-08-10,Unusual Activity vs Profile,97400.57,Germany,High,AN035,Closed,2025-08-29,19,Closed - False Positive,0.9,N
ALT05239,C00029,2025-08-10,Rapid Movement of Funds,10307.37,India,Low,AN036,Closed,2025-08-12,2,Closed - False Positive,0.7,N
ALT02984,C02691,2025-08-10,Large Cash Deposit,15933.51,United Kingdom,High,AN033,Closed,2025-08-25,15,Closed - False Positive,0.9,N
ALT05644,C02878,2025-08-10,High-Risk Jurisdiction Transfer,4340.18,United States,Medium,AN036,Closed,2025-08-12,2,Closed - False Positive,0.6,N
ALT05381,C02248,2025-08-11,Structuring,7256.37,United Kingdom,High,AN036,Closed,2025-08-13,2,Closed - False Positive,1.2,N
ALT02509,C02730,2025-08-11,High-Risk Jurisdiction Transfer,15382.35,Panama,Medium,AN035,Closed,2025-08-18,7,Closed - False Positive,0.8,N
ALT06225,C01616,2025-08-11,Dormant Account Reactivation,3317.96,India,Low,AN040,Closed,2025-08-13,2,Closed - False Positive,0.6,N
ALT04140,C00477,2025-08-11,Large Cash Deposit,25552.12,United Kingdom,Medium,AN033,Closed,2025-08-25,14,Closed - False Positive,1.2,N
ALT03702,C02295,2025-08-11,Structuring,7113.09,United Kingdom,Medium,AN033,Closed,2025-08-13,2,Closed - False Positive,0.8,N
ALT05882,C00459,2025-08-11,Large Cash Deposit,30848.5,Hong Kong,Medium,AN038,Closed,2025-08-15,4,Closed - False Positive,0.5,N
ALT01478,C02860,2025-08-11,Round-Amount Transfers,24907.55,United Kingdom,High,AN037,Closed,2025-08-13,2,Closed - False Positive,1.1,N
ALT05413,C00475,2025-08-11,Unusual Activity vs Profile,34864.05,United Kingdom,Medium,AN038,Closed,2025-08-19,8,Closed - False Positive,0.8,N
ALT00474,C02082,2025-08-11,Rapid Movement of Funds,24665.6,Nigeria,High,AN034,Closed,2025-08-16,5,Closed - False Positive,0.5,N
ALT06486,C02807,2025-08-11,Rapid Movement of Funds,11528.85,Nigeria,High,AN036,Closed,2025-08-20,9,Closed - False Positive,1.0,N
ALT04729,C02612,2025-08-11,Structuring,9539.96,United Kingdom,Medium,AN037,Closed,2025-08-16,5,Closed - False Positive,0.8,N
ALT01829,C01455,2025-08-11,Unusual Activity vs Profile,19198.11,Russia,High,AN039,Closed,2025-08-18,7,Closed - False Positive,1.1,N
ALT02938,C01613,2025-08-11,Large Cash Deposit,34474.32,UAE,High,AN037,Closed,2025-08-12,1,Closed - False Positive,0.4,N
ALT00495,C01835,2025-08-12,Large Cash Deposit,17155.06,United Kingdom,Low,AN037,Closed,2025-08-14,2,Closed - False Positive,0.9,N
ALT06493,C00968,2025-08-12,Rapid Movement of Funds,24262.33,United Kingdom,Low,AN038,Closed,2025-08-15,3,Closed - False Positive,0.4,N
ALT01799,C00457,2025-08-12,Rapid Movement of Funds,4094.19,UAE,Medium,AN035,Closed,2025-08-16,4,Closed - False Positive,1.2,N
ALT03852,C02837,2025-08-12,Rapid Movement of Funds,32529.65,United Kingdom,Low,AN034,Closed,2025-08-22,10,SAR Filed,8.6,Y
ALT06449,C01426,2025-08-12,Rapid Movement of Funds,3502.46,Cyprus,Medium,AN039,Closed,2025-08-14,2,Closed - False Positive,1.1,N
ALT00542,C01974,2025-08-12,Large Cash Deposit,9005.23,United Kingdom,High,AN038,Closed,2025-08-14,2,Closed - False Positive,0.9,N
ALT03466,C02091,2025-08-12,Large Cash Deposit,53804.83,United Kingdom,High,AN034,Closed,2025-08-28,16,Closed - False Positive,0.8,N
ALT00194,C01385,2025-08-12,Rapid Movement of Funds,12473.88,United Kingdom,Medium,AN037,Closed,2025-08-20,8,Closed - False Positive,1.2,N
ALT04850,C02038,2025-08-12,High-Risk Jurisdiction Transfer,19434.57,Russia,High,AN040,Closed,2025-08-18,6,Closed - False Positive,1.1,N
ALT02912,C00422,2025-08-12,Round-Amount Transfers,5363.45,United Kingdom,Medium,AN038,Closed,2025-08-18,6,Closed - False Positive,0.7,N
ALT03608,C02823,2025-08-12,High-Risk Jurisdiction Transfer,29792.84,France,Medium,AN034,Closed,2025-08-17,5,Closed - False Positive,0.5,N
ALT02006,C01322,2025-08-12,Dormant Account Reactivation,6653.83,United Kingdom,Medium,AN036,Closed,2025-10-10,59,Escalated to Investigation,7.2,N
ALT01748,C00365,2025-08-12,Unusual Activity vs Profile,24787.44,India,High,AN039,Closed,2025-08-26,14,Closed - False Positive,1.0,N
ALT06333,C01961,2025-08-12,Rapid Movement of Funds,43442.53,United Kingdom,Medium,AN033,Closed,2025-08-26,14,Closed - False Positive,0.6,N
ALT00737,C01573,2025-08-12,High-Risk Jurisdiction Transfer,14576.06,United Kingdom,Medium,AN040,Closed,2025-08-21,9,Closed - False Positive,0.8,N
ALT04759,C00115,2025-08-13,Rapid Movement of Funds,2901.88,United Kingdom,High,AN034,Closed,2025-08-16,3,Closed - False Positive,0.6,N
ALT03338,C00054,2025-08-13,Dormant Account Reactivation,6999.04,United Kingdom,Medium,AN040,Closed,2025-08-17,4,Closed - False Positive,0.8,N
ALT02225,C01597,2025-08-13,Structuring,8404.02,Cyprus,Medium,AN037,Closed,2025-08-17,4,Closed - False Positive,1.1,N
ALT05737,C01175,2025-08-13,Structuring,9546.91,United States,High,AN033,Closed,2025-08-18,5,Closed - False Positive,0.9,N
ALT03331,C02367,2025-08-13,Rapid Movement of Funds,9634.78,United Kingdom,High,AN035,Closed,2025-08-20,7,Closed - False Positive,0.4,N
ALT03230,C01816,2025-08-13,Structuring,8552.11,United Kingdom,Low,AN035,Closed,2025-09-01,19,Closed - False Positive,1.0,N
ALT02170,C00411,2025-08-13,Large Cash Deposit,57374.45,United Kingdom,High,AN039,Closed,2025-08-17,4,Closed - False Positive,0.5,N
ALT03570,C01523,2025-08-13,Dormant Account Reactivation,6715.51,United Kingdom,Low,AN035,Closed,2025-08-27,14,Closed - False Positive,0.4,N
ALT04334,C00487,2025-08-13,Rapid Movement of Funds,4558.66,United Kingdom,Medium,AN035,Closed,2025-08-15,2,Closed - False Positive,0.4,N
ALT01885,C01219,2025-08-13,Structuring,9578.11,France,High,AN038,Closed,2025-08-25,12,Closed - False Positive,0.8,N
ALT00957,C00440,2025-08-13,Structuring,7190.35,United Kingdom,High,AN035,Closed,2025-08-20,7,Closed - False Positive,0.3,N
ALT06119,C02109,2025-08-13,Structuring,8823.52,India,Medium,AN033,Closed,2025-08-16,3,Closed - False Positive,0.8,N
ALT06362,C01811,2025-08-13,High-Risk Jurisdiction Transfer,30733.61,UAE,Medium,AN040,Closed,2025-08-16,3,Closed - False Positive,0.3,N
ALT01451,C00027,2025-08-13,Unusual Activity vs Profile,26383.0,United Kingdom,Medium,AN037,Closed,2025-08-18,5,Closed - False Positive,0.7,N
ALT02513,C02274,2025-08-13,Large Cash Deposit,28678.65,United Kingdom,Low,AN033,Closed,2025-08-18,5,Closed - False Positive,0.4,N
ALT03637,C02190,2025-08-13,Rapid Movement of Funds,1166.42,United Kingdom,Low,AN036,Closed,2025-08-15,2,Closed - False Positive,0.7,N
ALT00248,C02287,2025-08-13,Structuring,9401.72,United Kingdom,Medium,AN036,Closed,2025-08-15,2,Closed - False Positive,0.5,N
ALT03253,C02981,2025-08-14,High-Risk Jurisdiction Transfer,56463.53,United Kingdom,High,AN038,Closed,2025-08-19,5,Closed - False Positive,1.2,N
ALT01514,C02008,2025-08-14,Structuring,9490.47,United Kingdom,High,AN040,Closed,2025-08-15,1,Closed - False Positive,0.4,N
ALT03935,C01252,2025-08-14,Large Cash Deposit,59038.76,United Kingdom,High,AN035,Closed,2025-08-26,12,Closed - False Positive,0.9,N
ALT04745,C00961,2025-08-14,Unusual Activity vs Profile,39553.44,United Kingdom,Medium,AN040,Closed,2025-08-27,13,Closed - False Positive,1.2,N
ALT06355,C02292,2025-08-14,Structuring,8110.47,United Kingdom,High,AN037,Closed,2025-08-23,9,Closed - False Positive,1.0,N
ALT05561,C00151,2025-08-14,Round-Amount Transfers,6321.7,Pakistan,Medium,AN038,Closed,2025-08-20,6,Closed - False Positive,0.5,N
ALT01168,C00394,2025-08-14,Large Cash Deposit,33481.53,United Kingdom,Low,AN038,Closed,2025-08-17,3,Closed - False Positive,1.0,N
ALT05955,C00665,2025-08-14,Round-Amount Transfers,29529.36,United Kingdom,High,AN040,Closed,2025-08-20,6,Closed - False Positive,1.0,N
ALT05625,C00737,2025-08-14,High-Risk Jurisdiction Transfer,19824.19,United Kingdom,High,AN036,Closed,2025-08-20,6,Closed - False Positive,1.1,N
ALT00549,C02345,2025-08-14,Round-Amount Transfers,8432.14,Germany,High,AN034,Closed,2025-09-07,24,Escalated to Investigation,10.1,N
ALT05524,C01878,2025-08-14,High-Risk Jurisdiction Transfer,1463.83,United Kingdom,High,AN038,Closed,2025-08-20,6,Closed - False Positive,0.5,N
ALT01770,C02682,2025-08-14,Rapid Movement of Funds,24415.58,Pakistan,Low,AN037,Closed,2025-08-19,5,Closed - False Positive,0.5,N
ALT02114,C00304,2025-08-14,High-Risk Jurisdiction Transfer,3559.36,United Kingdom,Medium,AN033,Closed,2025-08-16,2,Closed - False Positive,0.6,N
ALT03665,C01095,2025-08-14,Large Cash Deposit,51818.53,United Kingdom,High,AN037,Closed,2025-08-16,2,Closed - False Positive,0.5,N
ALT02068,C01417,2025-08-14,Large Cash Deposit,20183.82,Hong Kong,High,AN034,Closed,2025-08-26,12,Closed - False Positive,0.8,N
ALT05249,C00546,2025-08-14,High-Risk Jurisdiction Transfer,54683.1,UAE,High,AN035,Closed,2025-08-21,7,Closed - False Positive,0.4,N
ALT05321,C00909,2025-08-14,Structuring,7266.22,United Kingdom,Medium,AN036,Closed,2025-09-09,26,SAR Filed,10.6,Y
ALT00802,C00189,2025-08-14,Rapid Movement of Funds,17734.82,Ireland,Medium,AN036,Closed,2025-08-15,1,Closed - False Positive,0.9,N
ALT02201,C00332,2025-08-14,Large Cash Deposit,42453.97,United Kingdom,High,AN034,Closed,2025-08-28,14,Escalated to Investigation,8.1,N
ALT01497,C02618,2025-08-15,Round-Amount Transfers,2804.09,United Kingdom,Low,AN034,Closed,2025-08-21,6,Closed - False Positive,0.9,N
ALT04082,C00550,2025-08-15,Rapid Movement of Funds,2790.71,United Kingdom,Low,AN034,Closed,2025-08-20,5,Closed - False Positive,1.1,N
ALT04577,C00131,2025-08-15,Structuring,8829.79,United Kingdom,Low,AN036,Closed,2025-08-20,5,Closed - False Positive,0.6,N
ALT04735,C00191,2025-08-15,Large Cash Deposit,40174.24,United Kingdom,Low,AN040,Closed,2025-08-23,8,Closed - False Positive,0.6,N
ALT03198,C02115,2025-08-15,Rapid Movement of Funds,14060.47,France,High,AN033,Closed,2025-08-22,7,Closed - False Positive,1.1,N
ALT00191,C00328,2025-08-15,Large Cash Deposit,33307.77,Nigeria,Low,AN039,Closed,2025-08-17,2,Closed - False Positive,0.4,N
ALT05806,C00735,2025-08-15,Rapid Movement of Funds,15871.63,UAE,Medium,AN038,Closed,2025-09-07,23,SAR Filed,6.9,Y
ALT04512,C00561,2025-08-15,Structuring,9784.26,Pakistan,Low,AN033,Closed,2025-09-02,18,Closed - False Positive,1.0,N
ALT05483,C02346,2025-08-15,Rapid Movement of Funds,203534.91,United Kingdom,High,AN034,Closed,2025-08-20,5,Closed - False Positive,0.6,N
ALT01555,C00974,2025-08-15,Dormant Account Reactivation,624.65,United Kingdom,Medium,AN034,Closed,2025-08-21,6,Closed - False Positive,1.1,N
ALT00915,C00654,2025-08-15,Dormant Account Reactivation,1575.55,France,High,AN040,Closed,2025-08-18,3,Closed - False Positive,0.8,N
ALT01769,C02111,2025-08-15,Unusual Activity vs Profile,3388.9,United Kingdom,High,AN037,Closed,2025-08-28,13,Closed - False Positive,0.3,N
ALT01560,C00318,2025-08-15,Round-Amount Transfers,14918.91,India,High,AN038,Closed,2025-08-18,3,Closed - False Positive,0.9,N
ALT04413,C00942,2025-08-15,Unusual Activity vs Profile,3172.21,United States,Medium,AN037,Closed,2025-08-24,9,Closed - False Positive,0.5,N
ALT03857,C02387,2025-08-15,Large Cash Deposit,53134.31,United Kingdom,High,AN038,Closed,2025-08-24,9,Closed - False Positive,0.4,N
ALT01814,C01083,2025-08-15,Structuring,7651.48,UAE,High,AN033,Closed,2025-08-16,1,Closed - False Positive,0.6,N
ALT01508,C01087,2025-08-15,Dormant Account Reactivation,10551.58,Ireland,Low,AN037,Closed,2025-08-18,3,Closed - False Positive,1.1,N
ALT05612,C02671,2025-08-15,Unusual Activity vs Profile,11401.79,India,Medium,AN039,Closed,2025-08-23,8,Closed - False Positive,0.9,N
ALT05330,C00225,2025-08-16,Unusual Activity vs Profile,20228.87,United Kingdom,Low,AN036,Closed,2025-08-25,9,Closed - False Positive,0.8,N
ALT03999,C02943,2025-08-16,Large Cash Deposit,42640.99,India,Low,AN038,Closed,2025-09-30,45,Escalated to Investigation,7.5,N
ALT04870,C02720,2025-08-16,High-Risk Jurisdiction Transfer,47176.25,United Kingdom,High,AN038,Closed,2025-08-21,5,Closed - False Positive,0.5,N
ALT03083,C02581,2025-08-16,Large Cash Deposit,22722.93,UAE,High,AN035,Closed,2025-08-21,5,Closed - False Positive,0.5,N
ALT01619,C02516,2025-08-16,Rapid Movement of Funds,22827.78,United Kingdom,High,AN040,Closed,2025-08-21,5,Closed - False Positive,0.6,N
ALT05881,C01608,2025-08-16,Round-Amount Transfers,5173.51,United Kingdom,Medium,AN040,Closed,2025-08-21,5,Closed - False Positive,0.8,N
ALT02508,C00831,2025-08-16,Dormant Account Reactivation,8778.32,United Kingdom,Medium,AN038,Closed,2025-08-22,6,Closed - False Positive,1.1,N
ALT03343,C02373,2025-08-16,Large Cash Deposit,46922.72,UAE,High,AN039,Closed,2025-08-18,2,Closed - False Positive,1.0,N
ALT00483,C00630,2025-08-16,Large Cash Deposit,37556.47,UAE,Medium,AN034,Closed,2025-08-20,4,Closed - False Positive,0.5,N
ALT05299,C00401,2025-08-16,Structuring,8404.59,India,Medium,AN033,Closed,2025-09-01,16,Closed - False Positive,1.2,N
ALT01615,C02137,2025-08-16,High-Risk Jurisdiction Transfer,33909.14,Hong Kong,Low,AN038,Closed,2025-08-20,4,Closed - False Positive,1.2,N
ALT01694,C01439,2025-08-16,Dormant Account Reactivation,85141.22,India,High,AN037,Closed,2025-08-18,2,Closed - False Positive,1.0,N
ALT02406,C01331,2025-08-16,Unusual Activity vs Profile,6661.75,United Kingdom,Medium,AN035,Closed,2025-08-20,4,Closed - False Positive,0.5,N
ALT04368,C01307,2025-08-16,Dormant Account Reactivation,8416.44,United Kingdom,High,AN039,Closed,2025-09-04,19,Escalated to Investigation,7.3,N
ALT02315,C01226,2025-08-16,High-Risk Jurisdiction Transfer,18302.16,United Kingdom,Medium,AN039,Closed,2025-08-25,9,Closed - False Positive,0.5,N
ALT02643,C02292,2025-08-16,Unusual Activity vs Profile,15200.18,United Kingdom,High,AN034,Closed,2025-08-21,5,Closed - False Positive,0.7,N
ALT00631,C00479,2025-08-17,Large Cash Deposit,9888.14,United Kingdom,Low,AN035,Closed,2025-08-19,2,Closed - False Positive,0.3,N
ALT02609,C01575,2025-08-17,Unusual Activity vs Profile,1851.62,United Kingdom,Medium,AN034,Closed,2025-08-22,5,Closed - False Positive,0.6,N
ALT01009,C02860,2025-08-17,Dormant Account Reactivation,134752.13,United Kingdom,High,AN040,Closed,2025-08-25,8,Closed - False Positive,0.9,N
ALT00634,C02224,2025-08-17,Rapid Movement of Funds,9337.97,United States,Low,AN039,Closed,2025-08-24,7,Closed - False Positive,0.6,N
ALT06017,C01970,2025-08-17,Unusual Activity vs Profile,12980.55,UAE,High,AN037,Closed,2025-08-21,4,Closed - False Positive,0.4,N
ALT01762,C00414,2025-08-17,Dormant Account Reactivation,15426.29,United Kingdom,Medium,AN038,Closed,2025-08-23,6,Closed - False Positive,0.8,N
ALT01232,C02345,2025-08-17,High-Risk Jurisdiction Transfer,22901.88,United Kingdom,High,AN034,Closed,2025-08-27,10,Closed - False Positive,0.5,N
ALT00936,C00109,2025-08-17,Rapid Movement of Funds,15041.17,United Kingdom,Low,AN040,Closed,2025-08-22,5,Closed - False Positive,1.0,N
ALT01274,C02223,2025-08-17,Large Cash Deposit,56939.42,Ireland,High,AN039,Closed,2025-08-21,4,Closed - False Positive,1.0,N
ALT02766,C01608,2025-08-17,Unusual Activity vs Profile,74921.14,United Kingdom,High,AN037,Closed,2025-08-22,5,Closed - False Positive,0.6,N
ALT05079,C00094,2025-08-17,Unusual Activity vs Profile,20106.52,United Kingdom,Medium,AN035,Closed,2025-08-30,13,Closed - False Positive,0.5,N
ALT06483,C01809,2025-08-17,Large Cash Deposit,14523.64,United Kingdom,Medium,AN037,Closed,2025-08-29,12,Closed - False Positive,0.4,N
ALT01247,C00445,2025-08-17,Unusual Activity vs Profile,20726.04,United Kingdom,Medium,AN034,Closed,2025-08-22,5,Closed - False Positive,1.1,N
ALT03798,C00085,2025-08-18,Large Cash Deposit,10367.78,United Kingdom,Low,AN037,Closed,2025-08-22,4,Closed - False Positive,0.8,N
ALT01391,C02665,2025-08-18,High-Risk Jurisdiction Transfer,5189.54,United Kingdom,Low,AN035,Closed,2025-08-22,4,Closed - False Positive,0.5,N
ALT01788,C01117,2025-08-18,Round-Amount Transfers,2474.73,United Kingdom,Low,AN037,Closed,2025-08-20,2,Closed - False Positive,0.9,N
ALT00055,C01272,2025-08-18,Unusual Activity vs Profile,3178.57,United Kingdom,High,AN035,Closed,2025-08-22,4,Closed - False Positive,1.0,N
ALT05325,C00555,2025-08-18,Round-Amount Transfers,4293.92,United Kingdom,Medium,AN034,Closed,2025-09-01,14,Closed - False Positive,0.8,N
ALT03193,C00754,2025-08-18,Large Cash Deposit,58252.56,India,High,AN038,Closed,2025-08-30,12,Closed - False Positive,0.7,N
ALT06365,C01336,2025-08-18,Round-Amount Transfers,5721.5,United Kingdom,Low,AN038,Closed,2025-08-24,6,Closed - False Positive,1.1,N
ALT00380,C01928,2025-08-18,High-Risk Jurisdiction Transfer,8745.83,United Kingdom,Medium,AN040,Closed,2025-08-23,5,Closed - False Positive,1.0,N
ALT02536,C01327,2025-08-18,High-Risk Jurisdiction Transfer,149969.41,United States,High,AN038,Closed,2025-08-21,3,Closed - False Positive,0.3,N
ALT00843,C01924,2025-08-18,Structuring,8541.98,Nigeria,Low,AN034,Closed,2025-08-22,4,Closed - False Positive,0.7,N
ALT05117,C02172,2025-08-18,Rapid Movement of Funds,7031.8,Germany,Medium,AN035,Closed,2025-09-23,36,SAR Filed,6.3,Y
ALT01998,C02817,2025-08-18,Unusual Activity vs Profile,6696.19,United Kingdom,Low,AN033,Closed,2025-08-21,3,Closed - False Positive,0.4,N
ALT03455,C00227,2025-08-18,Large Cash Deposit,28240.67,France,High,AN037,Closed,2025-09-16,29,SAR Filed,9.7,Y
ALT02815,C02867,2025-08-18,High-Risk Jurisdiction Transfer,33255.52,India,Medium,AN034,Closed,2025-08-21,3,Closed - False Positive,0.9,N
ALT04568,C00584,2025-08-18,Unusual Activity vs Profile,34331.35,United States,Medium,AN040,Closed,2025-08-27,9,Closed - False Positive,0.4,N
ALT02691,C02834,2025-08-18,Round-Amount Transfers,12007.16,Pakistan,High,AN040,Closed,2025-08-31,13,SAR Filed,5.9,Y
ALT06339,C01850,2025-08-18,Rapid Movement of Funds,37728.26,United Kingdom,High,AN040,Closed,2025-08-25,7,Closed - False Positive,0.8,N
ALT02067,C01244,2025-08-18,Structuring,7384.66,United Kingdom,Low,AN035,Closed,2025-08-23,5,Closed - False Positive,0.9,N
ALT06317,C00600,2025-08-18,Large Cash Deposit,43594.36,Hong Kong,Medium,AN039,Closed,2025-08-25,7,Closed - False Positive,0.4,N
ALT02917,C01030,2025-08-18,Dormant Account Reactivation,12852.26,United States,Medium,AN033,Closed,2025-08-19,1,Closed - False Positive,0.8,N
ALT03654,C02600,2025-08-19,Rapid Movement of Funds,14413.48,Cyprus,High,AN035,Closed,2025-08-24,5,Closed - False Positive,0.4,N
ALT05462,C02043,2025-08-19,Unusual Activity vs Profile,5170.84,United Kingdom,Medium,AN033,Closed,2025-08-31,12,Closed - False Positive,0.8,N
ALT03043,C00365,2025-08-19,High-Risk Jurisdiction Transfer,2114.49,United Kingdom,High,AN033,Closed,2025-09-17,29,Escalated to Investigation,11.6,N
ALT02522,C00771,2025-08-19,Round-Amount Transfers,124932.3,United Kingdom,High,AN037,Closed,2025-08-21,2,Closed - False Positive,0.5,N
ALT04820,C00764,2025-08-19,Unusual Activity vs Profile,7956.4,Pakistan,Medium,AN040,Closed,2025-08-30,11,Closed - False Positive,1.1,N
ALT06123,C02860,2025-08-19,Unusual Activity vs Profile,40769.7,United Kingdom,High,AN040,Closed,2025-08-25,6,Closed - False Positive,0.9,N
ALT05700,C01757,2025-08-19,Unusual Activity vs Profile,44627.02,Germany,Medium,AN035,Closed,2025-08-28,9,Closed - False Positive,0.6,N
ALT03000,C01623,2025-08-19,Rapid Movement of Funds,8573.21,France,Medium,AN035,Closed,2025-08-25,6,Closed - False Positive,0.8,N
ALT03368,C00896,2025-08-19,Round-Amount Transfers,15471.24,United Kingdom,Low,AN039,Closed,2025-08-21,2,Closed - False Positive,1.1,N
ALT04119,C01896,2025-08-19,Round-Amount Transfers,13032.28,United Kingdom,High,AN034,Closed,2025-09-13,25,Closed - False Positive,0.6,N
ALT02906,C02015,2025-08-19,Large Cash Deposit,55668.78,United States,High,AN036,Closed,2025-08-24,5,Closed - False Positive,1.0,N
ALT02617,C00227,2025-08-19,Structuring,8965.37,United Kingdom,High,AN039,Closed,2025-08-30,11,Closed - False Positive,1.0,N
ALT00236,C01765,2025-08-20,Dormant Account Reactivation,29698.95,United Kingdom,Low,AN040,Closed,2025-08-23,3,Closed - False Positive,0.6,N
ALT02289,C02148,2025-08-20,Structuring,7492.14,Germany,Medium,AN033,Closed,2025-08-22,2,Closed - False Positive,0.9,N
ALT03406,C00568,2025-08-20,Large Cash Deposit,13938.19,United Kingdom,Low,AN034,Closed,2025-08-24,4,Closed - False Positive,0.5,N
ALT05042,C01911,2025-08-20,High-Risk Jurisdiction Transfer,41674.82,United Kingdom,Medium,AN034,Closed,2025-08-22,2,Closed - False Positive,1.1,N
ALT03409,C01885,2025-08-20,Structuring,8607.52,United Kingdom,Medium,AN038,Closed,2025-08-31,11,Closed - False Positive,0.5,N
ALT04290,C02834,2025-08-20,Large Cash Deposit,15121.66,United Kingdom,High,AN033,Closed,2025-08-26,6,Closed - False Positive,0.8,N
ALT01246,C02656,2025-08-20,Large Cash Deposit,17938.57,United Kingdom,High,AN033,Closed,2025-08-23,3,Closed - False Positive,0.5,N
ALT02482,C00453,2025-08-20,High-Risk Jurisdiction Transfer,59097.31,United Kingdom,High,AN033,Closed,2025-08-29,9,Closed - False Positive,1.1,N
ALT04276,C00418,2025-08-20,Structuring,7482.94,United Kingdom,Low,AN034,Closed,2025-08-24,4,Closed - False Positive,0.8,N
ALT00432,C02860,2025-08-20,Structuring,7816.32,Pakistan,High,AN034,Closed,2025-08-26,6,Closed - False Positive,0.9,N
ALT04484,C01737,2025-08-20,Rapid Movement of Funds,3101.82,United Kingdom,Low,AN035,Closed,2025-08-26,6,Closed - False Positive,0.4,N
ALT02516,C01885,2025-08-20,Structuring,7708.07,United Kingdom,Low,AN033,Closed,2025-08-25,5,Closed - False Positive,0.8,N
ALT00389,C02968,2025-08-20,Rapid Movement of Funds,4832.04,India,Medium,AN036,Closed,2025-08-23,3,Closed - False Positive,0.4,N
ALT03667,C00463,2025-08-20,Structuring,9590.39,United Kingdom,High,AN035,Closed,2025-08-26,6,Closed - False Positive,0.7,N
ALT03362,C01598,2025-08-20,Unusual Activity vs Profile,29156.29,United Kingdom,Medium,AN037,Closed,2025-08-25,5,Closed - False Positive,0.4,N
ALT03216,C01026,2025-08-20,Unusual Activity vs Profile,48811.72,Pakistan,Low,AN036,Closed,2025-09-16,27,Closed - False Positive,0.6,N
ALT05306,C02689,2025-08-20,Round-Amount Transfers,35775.11,United Kingdom,Medium,AN037,Closed,2025-08-26,6,Closed - False Positive,0.9,N
ALT01699,C02951,2025-08-20,Large Cash Deposit,53784.78,United Kingdom,High,AN034,Closed,2025-08-23,3,Closed - False Positive,0.9,N
ALT05788,C00513,2025-08-20,Round-Amount Transfers,1576.48,United Kingdom,High,AN036,Closed,2025-09-05,16,SAR Filed,11.6,Y
ALT00749,C02312,2025-08-20,Dormant Account Reactivation,144855.68,Russia,High,AN033,Closed,2025-08-26,6,Closed - False Positive,1.0,N
ALT00234,C00444,2025-08-20,Dormant Account Reactivation,64265.58,Germany,High,AN040,Closed,2025-08-25,5,Closed - False Positive,1.1,N
ALT02086,C02972,2025-08-20,Unusual Activity vs Profile,45327.65,UAE,High,AN037,Closed,2025-08-24,4,Closed - False Positive,1.0,N
ALT01314,C00172,2025-08-21,Large Cash Deposit,26667.18,Hong Kong,Medium,AN038,Closed,2025-08-22,1,Closed - False Positive,0.6,N
ALT03912,C02662,2025-08-21,Round-Amount Transfers,32749.28,United Kingdom,High,AN035,Closed,2025-08-27,6,Closed - False Positive,0.8,N
ALT00084,C02345,2025-08-21,Unusual Activity vs Profile,11151.94,Nigeria,High,AN035,Closed,2025-08-23,2,Closed - False Positive,1.0,N
ALT03489,C02299,2025-08-21,Structuring,8618.73,France,High,AN039,Closed,2025-09-17,27,Escalated to Investigation,13.1,N
ALT00279,C00508,2025-08-21,Rapid Movement of Funds,5522.42,United Kingdom,Medium,AN038,Closed,2025-08-24,3,Closed - False Positive,0.7,N
ALT02861,C02160,2025-08-21,Rapid Movement of Funds,44034.69,United Kingdom,Medium,AN036,Closed,2025-09-02,12,Closed - False Positive,0.7,N
ALT06264,C02326,2025-08-21,Structuring,8309.4,United Kingdom,High,AN038,Closed,2025-08-26,5,Closed - False Positive,0.5,N
ALT01844,C02874,2025-08-21,Round-Amount Transfers,5737.39,United Kingdom,Medium,AN033,Closed,2025-08-28,7,Closed - False Positive,1.1,N
ALT05291,C00001,2025-08-21,Rapid Movement of Funds,3171.35,United Kingdom,Medium,AN037,Closed,2025-08-29,8,Closed - False Positive,0.9,N
ALT05104,C02155,2025-08-21,Large Cash Deposit,17285.76,United Kingdom,High,AN037,Closed,2025-08-30,9,Closed - False Positive,0.4,N
ALT00846,C02299,2025-08-21,Rapid Movement of Funds,1766.07,Nigeria,High,AN036,Closed,2025-08-27,6,Closed - False Positive,0.7,N
ALT05928,C00477,2025-08-21,High-Risk Jurisdiction Transfer,3031.54,United Kingdom,Low,AN033,Closed,2025-09-11,21,Escalated to Investigation,13.1,N
ALT00796,C02807,2025-08-21,Structuring,7230.75,United Kingdom,High,AN037,Closed,2025-08-24,3,Closed - False Positive,1.2,N
ALT04479,C01230,2025-08-21,Large Cash Deposit,39249.5,United Kingdom,Medium,AN038,Closed,2025-08-28,7,Closed - False Positive,0.5,N
ALT05905,C00983,2025-08-21,Dormant Account Reactivation,9213.77,United Kingdom,High,AN036,Closed,2025-09-01,11,Closed - False Positive,0.5,N
ALT04965,C02448,2025-08-21,Large Cash Deposit,36826.36,Panama,Low,AN034,Closed,2025-08-26,5,Closed - False Positive,0.4,N
ALT05778,C01823,2025-08-21,Large Cash Deposit,42345.01,United Kingdom,High,AN039,Closed,2025-08-31,10,Closed - False Positive,0.4,N
ALT04656,C00812,2025-08-21,Rapid Movement of Funds,1262.4,United Kingdom,High,AN037,Closed,2025-08-24,3,Closed - False Positive,0.9,N
ALT01763,C00452,2025-08-22,Unusual Activity vs Profile,22108.23,United Kingdom,Low,AN040,Closed,2025-08-31,9,Closed - False Positive,1.0,N
ALT03838,C01560,2025-08-22,Structuring,7640.6,Pakistan,Medium,AN037,Closed,2025-09-01,10,Closed - False Positive,1.0,N
ALT02042,C01705,2025-08-22,Round-Amount Transfers,35011.77,United Kingdom,Medium,AN039,Closed,2025-08-25,3,Closed - False Positive,0.6,N
ALT01096,C01023,2025-08-22,Rapid Movement of Funds,1922.4,United States,Medium,AN037,Closed,2025-08-24,2,Closed - False Positive,0.4,N
ALT01614,C01874,2025-08-22,Large Cash Deposit,17420.48,United Kingdom,Medium,AN038,Closed,2025-08-26,4,Closed - False Positive,1.1,N
ALT03721,C00995,2025-08-22,Structuring,8649.79,Cyprus,Medium,AN033,Closed,2025-08-23,1,Closed - False Positive,0.5,N
ALT02772,C02712,2025-08-22,High-Risk Jurisdiction Transfer,2979.54,United Kingdom,High,AN035,Closed,2025-08-24,2,Closed - False Positive,0.8,N
ALT00208,C02157,2025-08-22,High-Risk Jurisdiction Transfer,16406.51,Cyprus,Low,AN037,Closed,2025-08-25,3,Closed - False Positive,0.9,N
ALT04149,C02237,2025-08-22,Unusual Activity vs Profile,9055.86,United Kingdom,High,AN035,Closed,2025-09-13,22,Escalated to Investigation,7.0,N
ALT04394,C01761,2025-08-22,Rapid Movement of Funds,4173.11,Hong Kong,Low,AN034,Closed,2025-09-01,10,Closed - False Positive,0.4,N
ALT05665,C00100,2025-08-22,Dormant Account Reactivation,131881.41,United Kingdom,High,AN033,Closed,2025-08-26,4,Closed - False Positive,0.7,N
ALT06353,C02898,2025-08-23,Dormant Account Reactivation,39643.5,Germany,Medium,AN035,Closed,2025-10-01,39,SAR Filed,11.1,Y
ALT00025,C02725,2025-08-23,Dormant Account Reactivation,35656.72,United Kingdom,High,AN038,Closed,2025-08-25,2,Closed - False Positive,0.4,N
ALT00431,C01405,2025-08-23,Round-Amount Transfers,7172.03,United States,High,AN036,Closed,2025-08-29,6,Closed - False Positive,0.4,N
ALT01308,C02986,2025-08-23,Unusual Activity vs Profile,52642.43,Cyprus,High,AN040,Closed,2025-08-27,4,Closed - False Positive,1.1,N
ALT05853,C00927,2025-08-23,Rapid Movement of Funds,138878.62,UAE,High,AN039,Closed,2025-08-25,2,Closed - False Positive,1.0,N
ALT04942,C01231,2025-08-23,Unusual Activity vs Profile,146974.76,United Kingdom,High,AN035,Closed,2025-08-30,7,Closed - False Positive,1.2,N
ALT04662,C02224,2025-08-23,Structuring,9653.83,United Kingdom,Medium,AN038,Closed,2025-09-04,12,Closed - False Positive,0.6,N
ALT04169,C02362,2025-08-23,Structuring,7176.73,United Kingdom,Low,AN033,Closed,2025-09-05,13,Closed - False Positive,0.5,N
ALT05057,C02228,2025-08-23,High-Risk Jurisdiction Transfer,10933.45,United Kingdom,Low,AN040,Closed,2025-08-29,6,Closed - False Positive,0.8,N
ALT03695,C01421,2025-08-23,Dormant Account Reactivation,124405.24,United States,High,AN037,Closed,2025-08-29,6,Closed - False Positive,0.3,N
ALT04445,C02167,2025-08-23,Rapid Movement of Funds,9202.54,United Kingdom,High,AN037,Closed,2025-08-27,4,Closed - False Positive,0.3,N
ALT04567,C02326,2025-08-23,Large Cash Deposit,19368.55,United Kingdom,High,AN039,Closed,2025-08-26,3,Closed - False Positive,1.0,N
ALT04642,C01272,2025-08-23,Unusual Activity vs Profile,62888.53,India,High,AN039,Closed,2025-09-21,29,SAR Filed,4.9,Y
ALT00372,C01410,2025-08-24,Rapid Movement of Funds,3693.89,UAE,High,AN037,Closed,2025-08-30,6,Closed - False Positive,0.7,N
ALT04998,C00191,2025-08-24,High-Risk Jurisdiction Transfer,52991.18,Cyprus,High,AN038,Closed,2025-09-01,8,Closed - False Positive,0.4,N
ALT01354,C02038,2025-08-24,Unusual Activity vs Profile,4900.78,United States,High,AN040,Closed,2025-08-27,3,Closed - False Positive,0.5,N
ALT01620,C00859,2025-08-24,Structuring,9122.68,Pakistan,Medium,AN033,Closed,2025-10-27,64,Escalated to Investigation,3.2,N
ALT01744,C00699,2025-08-24,Unusual Activity vs Profile,15367.32,Germany,Medium,AN039,Closed,2025-08-27,3,Closed - False Positive,0.7,N
ALT03979,C02530,2025-08-24,Structuring,8057.41,India,High,AN039,Closed,2025-09-08,15,Closed - False Positive,0.6,N
ALT02871,C01844,2025-08-24,Round-Amount Transfers,20782.05,Germany,Medium,AN034,Closed,2025-08-30,6,Closed - False Positive,0.4,N
ALT03584,C02500,2025-08-24,Large Cash Deposit,37841.8,United Kingdom,High,AN040,Closed,2025-08-31,7,Closed - False Positive,0.8,N
ALT00884,C01420,2025-08-24,Dormant Account Reactivation,6396.63,United Kingdom,Medium,AN033,Closed,2025-09-05,12,Closed - False Positive,0.8,N
ALT02966,C00744,2025-08-24,Unusual Activity vs Profile,11885.49,United Kingdom,Low,AN035,Closed,2025-08-27,3,Closed - False Positive,0.6,N
ALT04772,C00540,2025-08-24,Rapid Movement of Funds,6621.09,Ireland,Low,AN036,Closed,2025-09-06,13,Closed - False Positive,0.8,N
ALT02394,C02885,2025-08-24,Unusual Activity vs Profile,40709.3,United Kingdom,Medium,AN034,Closed,2025-08-27,3,Closed - False Positive,0.5,N
ALT00886,C02354,2025-08-24,High-Risk Jurisdiction Transfer,13833.95,United Kingdom,Low,AN036,Closed,2025-09-03,10,Escalated to Investigation,7.8,N
ALT01893,C02263,2025-08-24,Rapid Movement of Funds,118434.38,India,High,AN038,Closed,2025-09-07,14,Closed - False Positive,0.6,N
ALT02685,C02725,2025-08-25,Unusual Activity vs Profile,5670.86,Pakistan,High,AN033,Closed,2025-08-30,5,Closed - False Positive,1.1,N
ALT06230,C00620,2025-08-25,Unusual Activity vs Profile,19386.37,UAE,Low,AN036,Closed,2025-09-04,10,Closed - False Positive,0.9,N
ALT03659,C00783,2025-08-25,Unusual Activity vs Profile,9466.68,United Kingdom,Medium,AN036,Closed,2025-08-26,1,Closed - False Positive,0.6,N
ALT04262,C02772,2025-08-25,Structuring,8297.53,United Kingdom,Medium,AN034,Closed,2025-08-29,4,Closed - False Positive,0.8,N
ALT02135,C00353,2025-08-25,Round-Amount Transfers,5196.32,United Kingdom,High,AN039,Closed,2025-09-08,14,Closed - False Positive,1.0,N
ALT00822,C02549,2025-08-25,Large Cash Deposit,41192.59,United Kingdom,Low,AN040,Closed,2025-08-29,4,Closed - False Positive,1.2,N
ALT00332,C01591,2025-08-25,Large Cash Deposit,40016.97,Pakistan,Medium,AN040,Closed,2025-08-27,2,Closed - False Positive,1.2,N
ALT00256,C02286,2025-08-25,Unusual Activity vs Profile,31562.04,United Kingdom,High,AN035,Closed,2025-09-01,7,Closed - False Positive,0.3,N
ALT04178,C00485,2025-08-25,Round-Amount Transfers,9403.1,United Kingdom,High,AN039,Closed,2025-09-29,35,SAR Filed,7.7,Y
ALT04400,C00219,2025-08-25,Rapid Movement of Funds,14618.49,United Kingdom,Low,AN037,Closed,2025-08-31,6,Closed - False Positive,0.9,N
ALT03754,C01754,2025-08-25,Large Cash Deposit,38354.67,United Kingdom,Low,AN036,Closed,2025-08-29,4,Closed - False Positive,0.9,N
ALT02236,C01425,2025-08-25,Rapid Movement of Funds,10071.47,United Kingdom,Low,AN038,Closed,2025-08-30,5,Closed - False Positive,0.6,N
ALT01371,C01309,2025-08-25,Structuring,8789.59,United Kingdom,Low,AN038,Closed,2025-08-27,2,Closed - False Positive,0.7,N
ALT06445,C00307,2025-08-25,Unusual Activity vs Profile,31387.85,Ireland,Low,AN038,Closed,2025-09-04,10,Closed - False Positive,0.5,N
ALT01414,C01515,2025-08-25,Structuring,7247.51,United Kingdom,Low,AN037,Closed,2025-09-03,9,Closed - False Positive,0.9,N
ALT05115,C00635,2025-08-25,Rapid Movement of Funds,34971.51,United Kingdom,Medium,AN033,Closed,2025-08-28,3,Closed - False Positive,0.6,N
ALT03320,C02668,2025-08-25,Structuring,9291.42,United Kingdom,Medium,AN034,Closed,2025-08-31,6,Closed - False Positive,0.4,N
ALT03982,C00219,2025-08-25,High-Risk Jurisdiction Transfer,6201.19,United Kingdom,Medium,AN040,Closed,2025-09-05,11,Closed - False Positive,0.7,N
ALT00708,C00440,2025-08-26,Rapid Movement of Funds,228410.51,Pakistan,High,AN033,Closed,2025-09-02,7,Closed - False Positive,1.2,N
ALT00699,C00865,2025-08-26,Large Cash Deposit,24755.52,United Kingdom,High,AN038,Closed,2025-08-28,2,Closed - False Positive,0.6,N
ALT05160,C01353,2025-08-26,Unusual Activity vs Profile,7108.56,Ireland,Low,AN037,Closed,2025-09-01,6,Closed - False Positive,1.2,N
ALT05179,C02274,2025-08-26,Structuring,9296.41,Cyprus,Medium,AN035,Closed,2025-08-27,1,Closed - False Positive,1.2,N
ALT04472,C00243,2025-08-26,Rapid Movement of Funds,92099.57,United Kingdom,High,AN034,Closed,2025-09-05,10,Closed - False Positive,0.8,N
ALT01923,C01536,2025-08-26,Unusual Activity vs Profile,51318.98,United Kingdom,High,AN039,Closed,2025-08-30,4,Closed - False Positive,1.0,N
ALT02625,C02972,2025-08-26,Structuring,7255.38,United Kingdom,High,AN040,Closed,2025-09-05,10,Closed - False Positive,0.6,N
ALT04939,C02118,2025-08-26,Dormant Account Reactivation,2605.52,UAE,High,AN035,Closed,2025-09-05,10,Closed - False Positive,0.8,N
ALT06045,C00032,2025-08-26,Structuring,8646.85,United Kingdom,Low,AN037,Closed,2025-08-29,3,Closed - False Positive,0.3,N
ALT02791,C00886,2025-08-26,Dormant Account Reactivation,39768.1,United Kingdom,High,AN034,Closed,2025-09-13,18,SAR Filed,3.4,Y
ALT01442,C02345,2025-08-26,Unusual Activity vs Profile,2909.9,United Kingdom,High,AN039,Closed,2025-09-04,9,Closed - False Positive,0.7,N
ALT05732,C01008,2025-08-27,Rapid Movement of Funds,55286.26,United Kingdom,High,AN038,Closed,2025-09-03,7,Closed - False Positive,0.3,N
ALT04613,C02848,2025-08-27,Rapid Movement of Funds,26532.59,United Kingdom,High,AN040,Closed,2025-09-10,14,Closed - False Positive,0.4,N
ALT06029,C02459,2025-08-27,High-Risk Jurisdiction Transfer,6653.54,United Kingdom,Medium,AN033,Closed,2025-08-30,3,Closed - False Positive,0.5,N
ALT02443,C01336,2025-08-27,Large Cash Deposit,46879.87,United Kingdom,Medium,AN039,Closed,2025-08-29,2,Closed - False Positive,0.7,N
ALT03492,C00949,2025-08-27,Rapid Movement of Funds,5785.84,United Kingdom,High,AN038,Closed,2025-10-08,42,SAR Filed,5.0,Y
ALT02755,C01044,2025-08-27,Large Cash Deposit,58842.07,United Kingdom,High,AN039,Closed,2025-08-29,2,Closed - False Positive,0.3,N
ALT00697,C02118,2025-08-27,Structuring,8736.61,United Kingdom,High,AN035,Closed,2025-09-02,6,Closed - False Positive,0.6,N
ALT06308,C02446,2025-08-27,Rapid Movement of Funds,1718.97,UAE,Medium,AN040,Closed,2025-09-04,8,Closed - False Positive,0.8,N
ALT01700,C00528,2025-08-27,Unusual Activity vs Profile,11052.02,Pakistan,Medium,AN033,Closed,2025-09-06,10,Closed - False Positive,1.0,N
ALT03341,C00778,2025-08-27,Rapid Movement of Funds,5489.43,Russia,Medium,AN037,Closed,2025-08-30,3,Closed - False Positive,0.4,N
ALT03572,C02326,2025-08-27,Round-Amount Transfers,28718.49,United Kingdom,High,AN038,Closed,2025-09-06,10,Closed - False Positive,1.1,N
ALT04142,C02545,2025-08-27,Unusual Activity vs Profile,36133.17,United Kingdom,Low,AN040,Closed,2025-09-01,5,Closed - False Positive,0.4,N
ALT05564,C00970,2025-08-27,Rapid Movement of Funds,11685.99,Nigeria,High,AN034,Closed,2025-09-01,5,Closed - False Positive,1.1,N
ALT01086,C00956,2025-08-27,High-Risk Jurisdiction Transfer,63706.76,Ireland,High,AN037,Closed,2025-09-01,5,Closed - False Positive,1.0,N
ALT05383,C01233,2025-08-27,Unusual Activity vs Profile,108346.92,United Kingdom,High,AN039,Closed,2025-09-02,6,Closed - False Positive,0.6,N
ALT00970,C00661,2025-08-27,Dormant Account Reactivation,80631.78,Hong Kong,High,AN033,Closed,2025-08-30,3,Closed - False Positive,0.6,N
ALT06363,C01340,2025-08-27,Dormant Account Reactivation,861.42,United Kingdom,Low,AN039,Closed,2025-08-30,3,Closed - False Positive,0.6,N
ALT02801,C02908,2025-08-27,Rapid Movement of Funds,28730.21,United Kingdom,Medium,AN033,Closed,2025-10-04,38,SAR Filed,9.9,Y
ALT01711,C00855,2025-08-27,Structuring,7200.4,United Kingdom,Medium,AN038,Closed,2025-09-04,8,Closed - False Positive,0.9,N
ALT04604,C01657,2025-08-28,Large Cash Deposit,41017.9,United Kingdom,Medium,AN037,Closed,2025-09-03,6,Closed - False Positive,1.1,N
ALT05910,C01935,2025-08-28,Unusual Activity vs Profile,15001.46,India,Low,AN040,Closed,2025-08-31,3,Closed - False Positive,1.0,N
ALT02210,C01033,2025-08-28,Large Cash Deposit,37732.93,United Kingdom,Low,AN038,Closed,2025-08-30,2,Closed - False Positive,0.4,N
ALT05877,C01577,2025-08-28,Large Cash Deposit,35832.51,United Kingdom,Low,AN035,Closed,2025-08-29,1,Closed - False Positive,0.8,N
ALT02088,C02048,2025-08-28,Round-Amount Transfers,3651.48,United States,Low,AN035,Closed,2025-09-05,8,Closed - False Positive,0.3,N
ALT05095,C02520,2025-08-28,High-Risk Jurisdiction Transfer,2255.73,United Kingdom,Medium,AN033,Closed,2025-09-04,7,Closed - False Positive,0.6,N
ALT01106,C00017,2025-08-28,Round-Amount Transfers,12328.46,United Kingdom,High,AN035,Closed,2025-08-31,3,Closed - False Positive,0.8,N
ALT03040,C01974,2025-08-28,Large Cash Deposit,20568.85,United Kingdom,High,AN034,Closed,2025-09-07,10,Closed - False Positive,0.9,N
ALT06122,C00949,2025-08-28,Dormant Account Reactivation,9219.35,United Kingdom,High,AN038,Closed,2025-08-31,3,Closed - False Positive,0.7,N
ALT01941,C02717,2025-08-28,High-Risk Jurisdiction Transfer,9989.87,India,Low,AN039,Closed,2025-09-08,11,Closed - False Positive,1.1,N
ALT03666,C02373,2025-08-28,Large Cash Deposit,55191.8,Cyprus,High,AN040,Closed,2025-08-30,2,Closed - False Positive,1.0,N
ALT06202,C02630,2025-08-28,Large Cash Deposit,22316.99,United Kingdom,High,AN039,Closed,2025-09-03,6,Closed - False Positive,0.5,N
ALT02544,C01405,2025-08-28,Large Cash Deposit,23577.77,United Kingdom,High,AN036,Closed,2025-09-05,8,Closed - False Positive,0.7,N
ALT01765,C01063,2025-08-28,Structuring,8126.76,United States,High,AN038,Closed,2025-08-30,2,Closed - False Positive,0.8,N
ALT05200,C02545,2025-08-28,Rapid Movement of Funds,6355.42,Cyprus,Medium,AN040,Closed,2025-09-01,4,Closed - False Positive,0.6,N
ALT04705,C02326,2025-08-28,Round-Amount Transfers,7457.85,United Kingdom,High,AN040,Closed,2025-09-09,12,Closed - False Positive,1.0,N
ALT02672,C00763,2025-08-28,Unusual Activity vs Profile,27688.4,United Kingdom,High,AN039,Closed,2025-09-13,16,Escalated to Investigation,4.0,N
ALT01122,C01970,2025-08-28,High-Risk Jurisdiction Transfer,8163.78,Nigeria,High,AN037,Closed,2025-09-01,4,Closed - False Positive,1.1,N
ALT05458,C02504,2025-08-28,Round-Amount Transfers,4614.19,United Kingdom,Medium,AN037,Closed,2025-09-06,9,Closed - False Positive,0.6,N
ALT00065,C01803,2025-08-28,Structuring,7434.0,United Kingdom,High,AN036,Closed,2025-09-01,4,Closed - False Positive,0.8,N
ALT06456,C02274,2025-08-29,Large Cash Deposit,36346.37,France,Medium,AN037,Closed,2025-09-11,13,Closed - False Positive,1.1,N
ALT04336,C02097,2025-08-29,Rapid Movement of Funds,3643.55,United Kingdom,Low,AN038,Closed,2025-09-01,3,Closed - False Positive,0.4,N
ALT00246,C01955,2025-08-29,Round-Amount Transfers,24876.29,Nigeria,Medium,AN033,Closed,2025-09-01,3,Closed - False Positive,0.3,N
ALT03133,C00487,2025-08-29,Large Cash Deposit,28223.9,United States,Low,AN033,Closed,2025-09-02,4,Closed - False Positive,0.6,N
ALT04305,C00691,2025-08-29,High-Risk Jurisdiction Transfer,21782.66,United Kingdom,Low,AN034,Closed,2025-09-01,3,Closed - False Positive,0.9,N
ALT00039,C01735,2025-08-29,High-Risk Jurisdiction Transfer,9036.28,Nigeria,Medium,AN036,Closed,2025-09-01,3,Closed - False Positive,0.4,N
ALT02290,C02615,2025-08-29,Round-Amount Transfers,8086.58,United Kingdom,High,AN037,Closed,2025-09-10,12,Closed - False Positive,0.4,N
ALT00678,C02292,2025-08-29,Rapid Movement of Funds,28848.39,United Kingdom,High,AN036,Closed,2025-09-02,4,Closed - False Positive,0.8,N
ALT04890,C02340,2025-08-29,Unusual Activity vs Profile,50025.86,United Kingdom,High,AN037,Closed,2025-09-07,9,Closed - False Positive,1.2,N
ALT05268,C00529,2025-08-29,High-Risk Jurisdiction Transfer,35360.31,United Kingdom,Medium,AN039,Closed,2025-09-09,11,Closed - False Positive,1.1,N
ALT05456,C00520,2025-08-29,Structuring,9635.06,Pakistan,Low,AN036,Closed,2025-09-03,5,Closed - False Positive,0.6,N
ALT01997,C00484,2025-08-29,High-Risk Jurisdiction Transfer,2742.02,Nigeria,Low,AN037,Closed,2025-10-01,33,Escalated to Investigation,10.8,N
ALT01667,C00921,2025-08-29,Structuring,7060.73,Pakistan,Low,AN037,Closed,2025-08-31,2,Closed - False Positive,1.1,N
ALT05827,C02004,2025-08-29,Rapid Movement of Funds,3190.75,United Kingdom,High,AN037,Closed,2025-08-31,2,Closed - False Positive,0.6,N
ALT02093,C00661,2025-08-29,Dormant Account Reactivation,45970.73,UAE,High,AN034,Closed,2025-08-30,1,Closed - False Positive,0.7,N
ALT03277,C02087,2025-08-29,Large Cash Deposit,45808.36,United Kingdom,Medium,AN035,Closed,2025-09-01,3,Closed - False Positive,0.9,N
ALT01504,C01845,2025-08-29,Rapid Movement of Funds,48712.33,United Kingdom,Low,AN037,Closed,2025-09-12,14,Closed - False Positive,1.0,N
ALT01475,C02879,2025-08-29,Unusual Activity vs Profile,30712.67,Cyprus,Medium,AN036,Closed,2025-09-09,11,Closed - False Positive,1.1,N
ALT05514,C01460,2025-08-29,Structuring,7601.8,United Kingdom,High,AN036,Closed,2025-09-03,5,Closed - False Positive,0.6,N
ALT02005,C01672,2025-08-29,Large Cash Deposit,51445.92,Ireland,High,AN034,Closed,2025-08-31,2,Closed - False Positive,0.6,N
ALT04951,C00155,2025-08-30,Round-Amount Transfers,3907.37,United Kingdom,Low,AN040,Closed,2025-09-18,19,SAR Filed,11.4,Y
ALT01972,C00485,2025-08-30,High-Risk Jurisdiction Transfer,34869.96,United Kingdom,High,AN038,Closed,2025-09-16,17,Closed - False Positive,0.4,N
ALT01116,C01233,2025-08-30,Dormant Account Reactivation,9018.33,United Kingdom,Medium,AN034,Closed,2025-09-02,3,Closed - False Positive,0.6,N
ALT02743,C02351,2025-08-30,High-Risk Jurisdiction Transfer,19317.53,United Kingdom,Low,AN036,Closed,2025-09-08,9,Closed - False Positive,0.6,N
ALT01827,C01122,2025-08-30,Unusual Activity vs Profile,73945.41,United Kingdom,High,AN036,Closed,2025-09-12,13,Closed - False Positive,0.7,N
ALT01668,C00347,2025-08-30,Rapid Movement of Funds,10974.58,United Kingdom,Low,AN036,Closed,2025-09-03,4,Closed - False Positive,0.7,N
ALT02555,C02791,2025-08-30,Unusual Activity vs Profile,4394.55,United Kingdom,Medium,AN036,Closed,2025-09-04,5,Closed - False Positive,0.7,N
ALT02404,C01592,2025-08-30,Rapid Movement of Funds,13618.98,United Kingdom,Low,AN040,Closed,2025-08-31,1,Closed - False Positive,0.5,N
ALT03826,C02775,2025-08-30,Dormant Account Reactivation,1859.03,Nigeria,Low,AN037,Closed,2025-09-03,4,Closed - False Positive,1.2,N
ALT04671,C00501,2025-08-30,Round-Amount Transfers,3890.8,India,Low,AN039,Closed,2025-09-20,21,SAR Filed,5.8,Y
ALT01578,C01824,2025-08-30,High-Risk Jurisdiction Transfer,3568.47,United Kingdom,Low,AN034,Closed,2025-09-06,7,Closed - False Positive,0.5,N
ALT03931,C02037,2025-08-30,Large Cash Deposit,42100.68,Cyprus,Medium,AN038,Closed,2025-09-05,6,Closed - False Positive,0.7,N
ALT02229,C00227,2025-08-30,Unusual Activity vs Profile,87202.59,Ireland,High,AN037,Closed,2025-09-04,5,Closed - False Positive,0.9,N
ALT05354,C00506,2025-08-31,Round-Amount Transfers,7783.51,United Kingdom,Low,AN039,Closed,2025-09-05,5,Closed - False Positive,1.2,N
ALT02688,C00171,2025-08-31,Dormant Account Reactivation,16787.0,United Kingdom,Medium,AN038,Closed,2025-09-14,14,Closed - False Positive,0.8,N
ALT04113,C02852,2025-08-31,Unusual Activity vs Profile,36200.01,United Kingdom,Low,AN036,Closed,2025-09-08,8,Closed - False Positive,0.7,N
ALT00150,C00457,2025-08-31,Dormant Account Reactivation,18443.45,United Kingdom,Medium,AN040,Closed,2025-09-07,7,Closed - False Positive,0.4,N
ALT01758,C00511,2025-08-31,Dormant Account Reactivation,58593.06,United Kingdom,High,AN034,Closed,2025-09-06,6,Closed - False Positive,0.7,N
ALT05037,C00374,2025-08-31,Unusual Activity vs Profile,7557.11,United States,Low,AN036,Closed,2025-09-04,4,Closed - False Positive,1.2,N
ALT01730,C00755,2025-08-31,Structuring,8915.88,India,Medium,AN040,Closed,2025-09-07,7,Closed - False Positive,0.8,N
ALT01986,C01141,2025-08-31,Round-Amount Transfers,3771.57,United Kingdom,Medium,AN039,Closed,2025-09-04,4,Closed - False Positive,0.5,N
ALT05276,C02352,2025-08-31,Rapid Movement of Funds,33603.24,United Kingdom,High,AN033,Closed,2025-09-07,7,Closed - False Positive,0.5,N
ALT04419,C02173,2025-08-31,Round-Amount Transfers,4730.02,United Kingdom,High,AN040,Closed,2025-09-02,2,Closed - False Positive,0.9,N
ALT06199,C02158,2025-08-31,Unusual Activity vs Profile,20071.78,United Kingdom,Medium,AN035,Closed,2025-09-28,28,Escalated to Investigation,11.3,N
ALT02983,C00917,2025-08-31,Dormant Account Reactivation,8268.31,Pakistan,Low,AN034,Closed,2025-09-14,14,Closed - False Positive,0.4,N
ALT06135,C01219,2025-08-31,High-Risk Jurisdiction Transfer,14545.25,United Kingdom,High,AN038,Closed,2025-09-02,2,Closed - False Positive,0.9,N
ALT03131,C01739,2025-08-31,Large Cash Deposit,39176.3,United Kingdom,Low,AN039,Closed,2025-09-08,8,Closed - False Positive,0.7,N
ALT02483,C02292,2025-08-31,High-Risk Jurisdiction Transfer,7361.45,UAE,High,AN034,Closed,2025-09-02,2,Closed - False Positive,0.3,N
ALT01797,C00883,2025-08-31,Unusual Activity vs Profile,27989.71,Pakistan,Low,AN037,Closed,2025-09-03,3,Closed - False Positive,0.9,N
ALT03032,C02470,2025-09-01,High-Risk Jurisdiction Transfer,39148.73,United Kingdom,High,AN036,Closed,2025-09-07,6,Closed - False Positive,0.7,N
ALT06015,C02107,2025-09-01,Dormant Account Reactivation,68933.1,UAE,High,AN036,Closed,2025-09-08,7,Closed - False Positive,0.8,N
ALT02169,C00349,2025-09-01,Large Cash Deposit,23313.55,United Kingdom,Low,AN038,Closed,2025-09-04,3,Closed - False Positive,0.7,N
ALT05335,C02807,2025-09-01,Large Cash Deposit,39249.71,Panama,High,AN040,Closed,2025-09-09,8,Closed - False Positive,0.4,N
ALT05345,C00984,2025-09-01,Dormant Account Reactivation,20631.5,India,High,AN038,Closed,2025-09-06,5,Closed - False Positive,0.4,N
ALT02965,C01424,2025-09-01,High-Risk Jurisdiction Transfer,24740.08,United Kingdom,Medium,AN037,Closed,2025-10-07,36,Escalated to Investigation,12.6,N
ALT01139,C01025,2025-09-01,High-Risk Jurisdiction Transfer,11988.94,United Kingdom,Medium,AN040,Closed,2025-09-05,4,Closed - False Positive,0.3,N
ALT06283,C00740,2025-09-01,Structuring,7346.79,United Kingdom,Low,AN038,Closed,2025-09-08,7,Closed - False Positive,0.8,N
ALT04775,C01631,2025-09-01,Unusual Activity vs Profile,57845.75,United States,High,AN036,Closed,2025-09-08,7,Closed - False Positive,1.1,N
ALT02286,C00299,2025-09-01,Unusual Activity vs Profile,13355.39,United Kingdom,Low,AN034,Closed,2025-09-05,4,Closed - False Positive,0.5,N
ALT03467,C01575,2025-09-01,Rapid Movement of Funds,5010.31,United Kingdom,Medium,AN034,Closed,2025-09-12,11,Closed - False Positive,0.5,N
ALT05581,C02118,2025-09-01,Unusual Activity vs Profile,18318.02,United Kingdom,High,AN039,Closed,2025-09-03,2,Closed - False Positive,0.7,N
ALT06258,C02987,2025-09-01,Large Cash Deposit,23402.71,United Kingdom,Medium,AN038,Closed,2025-09-08,7,Closed - False Positive,0.8,N
ALT03902,C02713,2025-09-01,Structuring,7953.92,United Kingdom,Medium,AN037,Closed,2025-09-07,6,Closed - False Positive,0.3,N
ALT05728,C02429,2025-09-01,Round-Amount Transfers,8347.19,United Kingdom,Low,AN038,Closed,2025-09-11,10,Closed - False Positive,0.8,N
ALT02931,C01285,2025-09-01,Dormant Account Reactivation,18003.98,India,High,AN038,Closed,2025-09-03,2,Closed - False Positive,0.5,N
ALT02961,C01922,2025-09-02,Structuring,7243.3,Ireland,Medium,AN034,Closed,2025-09-07,5,Closed - False Positive,0.6,N
ALT02994,C00274,2025-09-02,Rapid Movement of Funds,30732.83,Nigeria,Medium,AN040,Closed,2025-09-15,13,Closed - False Positive,0.7,N
ALT00588,C02623,2025-09-02,Round-Amount Transfers,11254.35,UAE,Low,AN039,Closed,2025-09-03,1,Closed - False Positive,1.1,N
ALT06284,C01877,2025-09-02,Unusual Activity vs Profile,6974.63,United Kingdom,Low,AN039,Closed,2025-09-11,9,Closed - False Positive,0.6,N
ALT00989,C01868,2025-09-02,Dormant Account Reactivation,19949.07,United Kingdom,Medium,AN033,Closed,2025-09-11,9,Closed - False Positive,0.9,N
ALT06223,C01117,2025-09-02,Unusual Activity vs Profile,18666.22,United Kingdom,Medium,AN035,Closed,2025-09-07,5,Closed - False Positive,0.6,N
ALT06094,C02012,2025-09-02,Dormant Account Reactivation,6504.37,United Kingdom,Medium,AN033,Closed,2025-09-07,5,Closed - False Positive,0.9,N
ALT04320,C01236,2025-09-02,Round-Amount Transfers,16200.28,United Kingdom,High,AN035,Closed,2025-09-04,2,Closed - False Positive,1.2,N
ALT04354,C01846,2025-09-02,High-Risk Jurisdiction Transfer,8869.78,United Kingdom,Low,AN038,Closed,2025-09-05,3,Closed - False Positive,0.6,N
ALT03559,C01003,2025-09-02,Dormant Account Reactivation,4722.72,United Kingdom,Low,AN038,Closed,2025-09-17,15,Closed - False Positive,1.2,N
ALT05429,C02656,2025-09-02,Unusual Activity vs Profile,39985.21,United Kingdom,High,AN037,Closed,2025-09-17,15,Closed - False Positive,0.8,N
ALT06443,C02336,2025-09-03,Round-Amount Transfers,12508.45,United Kingdom,High,AN035,Closed,2025-10-03,30,Escalated to Investigation,6.4,N
ALT05534,C01935,2025-09-03,Structuring,8146.89,United Kingdom,Medium,AN038,Closed,2025-09-06,3,Closed - False Positive,0.8,N
ALT05749,C01824,2025-09-03,Round-Amount Transfers,14555.15,Germany,Medium,AN036,Closed,2025-09-10,7,Closed - False Positive,1.0,N
ALT05205,C00995,2025-09-03,Rapid Movement of Funds,25864.71,United Kingdom,Medium,AN037,Closed,2025-09-07,4,Closed - False Positive,0.8,N
ALT04713,C00604,2025-09-03,Dormant Account Reactivation,11501.2,United Kingdom,Low,AN039,Closed,2025-10-11,38,SAR Filed,3.6,Y
ALT06058,C02931,2025-09-03,Rapid Movement of Funds,12126.11,United Kingdom,High,AN038,Closed,2025-09-11,8,Closed - False Positive,0.9,N
ALT04423,C00661,2025-09-03,Unusual Activity vs Profile,1261.88,United Kingdom,High,AN039,Closed,2025-09-16,13,Closed - False Positive,0.5,N
ALT05281,C00650,2025-09-03,Unusual Activity vs Profile,24925.95,India,High,AN039,Closed,2025-09-07,4,Closed - False Positive,0.6,N
ALT06500,C02632,2025-09-03,Rapid Movement of Funds,7550.68,United Kingdom,Medium,AN038,Closed,2025-09-18,15,Escalated to Investigation,4.3,N
ALT00088,C02353,2025-09-03,High-Risk Jurisdiction Transfer,21080.36,Hong Kong,Medium,AN037,Closed,2025-09-18,15,Closed - False Positive,1.1,N
ALT01573,C01021,2025-09-03,Round-Amount Transfers,27232.28,United Kingdom,Medium,AN034,Closed,2025-09-11,8,Closed - False Positive,1.2,N
ALT00887,C00780,2025-09-03,Structuring,7875.37,United Kingdom,Medium,AN038,Closed,2025-09-10,7,Closed - False Positive,0.8,N
ALT01565,C00949,2025-09-03,Unusual Activity vs Profile,15608.41,United Kingdom,High,AN033,Closed,2025-09-08,5,Closed - False Positive,0.5,N
ALT00704,C01667,2025-09-03,Rapid Movement of Funds,36653.42,Germany,High,AN039,Closed,2025-09-11,8,Closed - False Positive,0.8,N
ALT01664,C01175,2025-09-03,Round-Amount Transfers,27390.13,UAE,High,AN033,Closed,2025-09-11,8,Escalated to Investigation,13.9,N
ALT02064,C00329,2025-09-03,Unusual Activity vs Profile,3206.77,India,Low,AN035,Closed,2025-09-07,4,Closed - False Positive,0.8,N
ALT01053,C01523,2025-09-03,Rapid Movement of Funds,68008.64,United Kingdom,High,AN038,Closed,2025-09-09,6,Closed - False Positive,1.0,N
ALT02650,C01627,2025-09-04,High-Risk Jurisdiction Transfer,32155.21,United Kingdom,Medium,AN033,Closed,2025-09-09,5,Closed - False Positive,0.9,N
ALT01661,C00493,2025-09-04,Rapid Movement of Funds,15787.11,Ireland,Low,AN034,Closed,2025-09-10,6,Closed - False Positive,1.1,N
ALT03737,C02522,2025-09-04,Structuring,8134.99,United Kingdom,Medium,AN038,Closed,2025-09-08,4,Closed - False Positive,0.5,N
ALT03742,C01215,2025-09-04,Round-Amount Transfers,1006.93,United Kingdom,Low,AN039,Closed,2025-09-11,7,Closed - False Positive,0.5,N
ALT05152,C00138,2025-09-04,Dormant Account Reactivation,30081.48,France,High,AN038,Closed,2025-09-16,12,Closed - False Positive,0.8,N
ALT05251,C01657,2025-09-04,High-Risk Jurisdiction Transfer,17189.4,United Kingdom,Low,AN038,Closed,2025-09-07,3,Closed - False Positive,1.1,N
ALT00824,C02034,2025-09-04,Dormant Account Reactivation,3277.8,United Kingdom,Medium,AN040,Closed,2025-09-09,5,Closed - False Positive,0.4,N
ALT01377,C01610,2025-09-04,Unusual Activity vs Profile,15616.12,United Kingdom,Medium,AN039,Closed,2025-09-06,2,Closed - False Positive,0.6,N
ALT03943,C01158,2025-09-04,Round-Amount Transfers,20849.53,India,Medium,AN037,Closed,2025-09-12,8,Closed - False Positive,0.9,N
ALT03420,C01131,2025-09-04,Round-Amount Transfers,2567.38,France,Medium,AN036,Closed,2025-09-17,13,Closed - False Positive,0.8,N
ALT03881,C00755,2025-09-04,Rapid Movement of Funds,10341.11,United Kingdom,Medium,AN039,Closed,2025-09-12,8,Closed - False Positive,0.6,N
ALT01983,C02971,2025-09-04,High-Risk Jurisdiction Transfer,86363.3,United Kingdom,High,AN034,Closed,2025-09-08,4,Closed - False Positive,0.5,N
ALT00325,C00604,2025-09-04,Rapid Movement of Funds,13330.65,United Kingdom,Medium,AN038,Closed,2025-09-09,5,Closed - False Positive,0.5,N
ALT05101,C02774,2025-09-04,Rapid Movement of Funds,15896.82,United Kingdom,Medium,AN037,Closed,2025-09-08,4,Closed - False Positive,0.7,N
ALT03960,C01964,2025-09-04,High-Risk Jurisdiction Transfer,33115.68,United Kingdom,Medium,AN039,Closed,2025-09-16,12,Closed - False Positive,0.8,N
ALT00877,C01895,2025-09-05,Structuring,7241.07,United Kingdom,Medium,AN038,Closed,2025-09-17,12,Closed - False Positive,0.7,N
ALT05507,C02556,2025-09-05,Round-Amount Transfers,45181.6,United Kingdom,High,AN034,Closed,2025-09-07,2,Closed - False Positive,0.5,N
ALT00147,C00022,2025-09-05,Unusual Activity vs Profile,97894.9,India,High,AN039,Closed,2025-09-13,8,Closed - False Positive,0.8,N
ALT00034,C01456,2025-09-05,Unusual Activity vs Profile,10090.89,Ireland,High,AN033,Closed,2025-09-08,3,Closed - False Positive,0.3,N
ALT01992,C00051,2025-09-05,Structuring,7580.68,UAE,High,AN033,Closed,2025-09-23,18,SAR Filed,5.3,Y
ALT05663,C01274,2025-09-05,Structuring,7474.52,United Kingdom,High,AN035,Closed,2025-09-07,2,Closed - False Positive,1.1,N
ALT04758,C01904,2025-09-05,Round-Amount Transfers,11077.81,France,High,AN034,Closed,2025-09-09,4,Closed - False Positive,0.9,N
ALT00876,C00955,2025-09-05,Rapid Movement of Funds,17271.35,Nigeria,Medium,AN039,Closed,2025-09-15,10,Closed - False Positive,0.7,N
ALT06207,C01307,2025-09-05,Unusual Activity vs Profile,2530.91,UAE,High,AN034,Closed,2025-09-11,6,Closed - False Positive,1.0,N
ALT01300,C01719,2025-09-05,Unusual Activity vs Profile,13677.45,United Kingdom,High,AN040,Closed,2025-09-07,2,Closed - False Positive,0.9,N
ALT00008,C00209,2025-09-05,Unusual Activity vs Profile,24446.89,United Kingdom,Low,AN035,Closed,2025-09-11,6,Closed - False Positive,0.5,N
ALT00504,C02711,2025-09-05,Unusual Activity vs Profile,5463.12,Russia,Medium,AN036,Closed,2025-09-09,4,Closed - False Positive,0.5,N
ALT03898,C00191,2025-09-05,Large Cash Deposit,47294.89,Hong Kong,Low,AN033,Closed,2025-09-09,4,Closed - False Positive,0.6,N
ALT00706,C02461,2025-09-05,High-Risk Jurisdiction Transfer,1559.18,United Kingdom,Medium,AN035,Closed,2025-09-08,3,Closed - False Positive,1.1,N
ALT05108,C02694,2025-09-05,Rapid Movement of Funds,20907.18,India,High,AN033,Closed,2025-09-14,9,Closed - False Positive,0.5,N
ALT04168,C02098,2025-09-05,Rapid Movement of Funds,19472.37,United Kingdom,Medium,AN036,Closed,2025-09-16,11,SAR Filed,10.0,Y
ALT06271,C01316,2025-09-05,Structuring,8768.88,Cyprus,Medium,AN037,Closed,2025-09-09,4,Closed - False Positive,1.1,N
ALT02027,C00185,2025-09-06,Structuring,7041.36,United Kingdom,Medium,AN038,Closed,2025-09-12,6,Closed - False Positive,0.4,N
ALT06414,C02284,2025-09-06,Rapid Movement of Funds,39123.16,UAE,High,AN035,Closed,2025-09-15,9,Closed - False Positive,1.1,N
ALT05430,C02492,2025-09-06,Large Cash Deposit,44944.75,United Kingdom,High,AN040,Closed,2025-09-16,10,Closed - False Positive,0.6,N
ALT04001,C02224,2025-09-06,Unusual Activity vs Profile,12125.62,Nigeria,Low,AN034,Closed,2025-09-12,6,Closed - False Positive,0.5,N
ALT01368,C01618,2025-09-06,Structuring,8178.92,United Kingdom,Medium,AN034,Closed,2025-09-11,5,Closed - False Positive,0.3,N
ALT03795,C00489,2025-09-06,Unusual Activity vs Profile,42758.45,United Kingdom,Low,AN037,Closed,2025-09-09,3,Closed - False Positive,0.9,N
ALT05072,C00875,2025-09-06,Rapid Movement of Funds,6152.42,United Kingdom,Low,AN033,Closed,2025-09-19,13,Closed - False Positive,1.0,N
ALT06411,C02816,2025-09-06,Large Cash Deposit,45703.95,United Kingdom,High,AN039,Closed,2025-09-24,18,SAR Filed,10.0,Y
ALT01162,C00069,2025-09-06,High-Risk Jurisdiction Transfer,40335.01,Pakistan,Medium,AN033,Closed,2025-09-13,7,Closed - False Positive,0.7,N
ALT00762,C01088,2025-09-06,Rapid Movement of Funds,21559.17,United Kingdom,High,AN038,Closed,2025-09-10,4,Closed - False Positive,0.3,N
ALT01696,C02352,2025-09-06,Rapid Movement of Funds,21466.48,United Kingdom,High,AN033,Closed,2025-09-08,2,Closed - False Positive,0.8,N
ALT00132,C02641,2025-09-06,Dormant Account Reactivation,29022.84,United Kingdom,Medium,AN039,Closed,2025-09-11,5,Closed - False Positive,0.8,N
ALT04272,C02914,2025-09-06,Rapid Movement of Funds,89250.96,United Kingdom,High,AN038,Closed,2025-09-12,6,Closed - False Positive,0.9,N
ALT04804,C01039,2025-09-06,Rapid Movement of Funds,19506.2,United Kingdom,Low,AN033,Closed,2025-09-13,7,Closed - False Positive,0.7,N
ALT05211,C01425,2025-09-06,Large Cash Deposit,58727.38,United Kingdom,High,AN036,Closed,2025-09-13,7,Closed - False Positive,0.5,N
ALT06380,C01535,2025-09-06,Unusual Activity vs Profile,33551.58,United Kingdom,Medium,AN040,Closed,2025-09-09,3,Closed - False Positive,0.5,N
ALT01482,C02882,2025-09-06,Dormant Account Reactivation,15928.61,United Kingdom,Medium,AN033,Closed,2025-09-22,16,Closed - False Positive,1.0,N
ALT05996,C00240,2025-09-06,Rapid Movement of Funds,11618.44,United Kingdom,Medium,AN039,Closed,2025-09-08,2,Closed - False Positive,0.4,N
ALT02344,C02882,2025-09-06,Structuring,9406.02,United Kingdom,Medium,AN040,Closed,2025-09-13,7,Closed - False Positive,0.8,N
ALT05635,C02923,2025-09-06,Large Cash Deposit,27333.31,United Kingdom,Low,AN040,Closed,2025-09-09,3,Closed - False Positive,0.3,N
ALT02321,C01544,2025-09-06,Dormant Account Reactivation,29539.68,United Kingdom,Medium,AN035,Closed,2025-09-09,3,Closed - False Positive,0.5,N
ALT00480,C00308,2025-09-07,High-Risk Jurisdiction Transfer,6219.81,United Kingdom,Medium,AN035,Closed,2025-09-19,12,Closed - False Positive,1.1,N
ALT00614,C01657,2025-09-07,Unusual Activity vs Profile,19085.11,UAE,Low,AN038,Closed,2025-09-22,15,Closed - False Positive,0.9,N
ALT04151,C00778,2025-09-07,Rapid Movement of Funds,19573.36,United Kingdom,Medium,AN039,Closed,2025-09-14,7,Closed - False Positive,0.3,N
ALT05707,C00679,2025-09-07,High-Risk Jurisdiction Transfer,39824.44,United Kingdom,Low,AN033,Closed,2025-09-09,2,Closed - False Positive,0.4,N
ALT04727,C00754,2025-09-07,Structuring,9885.45,Germany,Low,AN038,Closed,2025-09-10,3,Closed - False Positive,0.5,N
ALT04602,C00784,2025-09-07,Structuring,7936.16,Ireland,Low,AN039,Closed,2025-09-13,6,Closed - False Positive,1.2,N
ALT00764,C02175,2025-09-07,Unusual Activity vs Profile,3559.97,France,Low,AN037,Closed,2025-09-11,4,Closed - False Positive,0.4,N
ALT04800,C02294,2025-09-07,Structuring,7004.74,UAE,Medium,AN033,Closed,2025-09-23,16,Closed - False Positive,1.2,N
ALT03940,C00849,2025-09-07,High-Risk Jurisdiction Transfer,21823.56,Pakistan,High,AN033,Closed,2025-09-14,7,Closed - False Positive,0.7,N
ALT02358,C00106,2025-09-07,High-Risk Jurisdiction Transfer,39138.11,United States,Low,AN035,Closed,2025-09-10,3,Closed - False Positive,1.0,N
ALT02282,C01686,2025-09-07,Rapid Movement of Funds,1804.9,India,High,AN040,Closed,2025-09-08,1,Closed - False Positive,0.8,N
ALT01740,C00343,2025-09-07,Dormant Account Reactivation,7186.73,United Kingdom,High,AN039,Closed,2025-09-11,4,Closed - False Positive,1.0,N
ALT03449,C01088,2025-09-07,High-Risk Jurisdiction Transfer,1321.09,United Kingdom,High,AN039,Closed,2025-09-11,4,Closed - False Positive,1.2,N
ALT05529,C00957,2025-09-08,Round-Amount Transfers,14166.56,United States,Medium,AN033,Closed,2025-09-11,3,Closed - False Positive,0.6,N
ALT02775,C01460,2025-09-08,High-Risk Jurisdiction Transfer,108891.03,United Kingdom,High,AN035,Closed,2025-09-18,10,Closed - False Positive,0.8,N
ALT04041,C01038,2025-09-08,Large Cash Deposit,16223.13,United Kingdom,Medium,AN035,Closed,2025-09-14,6,Closed - False Positive,0.5,N
ALT05890,C01619,2025-09-08,Large Cash Deposit,24583.84,Russia,Medium,AN037,Closed,2025-10-05,27,SAR Filed,3.2,Y
ALT05888,C02643,2025-09-08,Rapid Movement of Funds,9626.58,India,Medium,AN036,Closed,2025-09-12,4,Closed - False Positive,1.2,N
ALT00421,C01955,2025-09-08,Rapid Movement of Funds,9760.83,United Kingdom,Low,AN036,Closed,2025-09-24,16,Escalated to Investigation,10.4,N
ALT05776,C02499,2025-09-08,Rapid Movement of Funds,17296.07,United Kingdom,High,AN033,Closed,2025-09-20,12,Closed - False Positive,0.8,N
ALT04704,C02721,2025-09-08,Unusual Activity vs Profile,5139.2,United Kingdom,Low,AN038,Closed,2025-09-16,8,Closed - False Positive,0.3,N
ALT05588,C01932,2025-09-08,Dormant Account Reactivation,5987.1,United Kingdom,Low,AN033,Closed,2025-09-25,17,SAR Filed,3.5,Y
ALT02287,C02599,2025-09-08,Large Cash Deposit,47431.35,United Kingdom,Low,AN036,Closed,2025-09-12,4,Closed - False Positive,0.8,N
ALT06167,C01903,2025-09-08,Large Cash Deposit,28558.02,United Kingdom,Medium,AN038,Closed,2025-09-16,8,Closed - False Positive,1.0,N
ALT01796,C01803,2025-09-08,Large Cash Deposit,26834.44,India,High,AN033,Closed,2025-09-12,4,Closed - False Positive,0.5,N
ALT01789,C02067,2025-09-09,Structuring,8780.39,United Kingdom,Medium,AN040,Closed,2025-09-14,5,Closed - False Positive,0.7,N
ALT03468,C01088,2025-09-09,Unusual Activity vs Profile,3100.05,United Kingdom,High,AN033,Closed,2025-09-15,6,Closed - False Positive,1.1,N
ALT00731,C01258,2025-09-09,Large Cash Deposit,16234.79,United Kingdom,Low,AN040,Closed,2025-09-14,5,Closed - False Positive,0.9,N
ALT00922,C00949,2025-09-09,Structuring,7513.43,Germany,High,AN039,Closed,2025-09-11,2,Closed - False Positive,0.4,N
ALT04616,C01274,2025-09-09,Round-Amount Transfers,10180.07,United Kingdom,High,AN035,Closed,2025-09-16,7,Closed - False Positive,0.8,N
ALT04618,C02878,2025-09-09,Rapid Movement of Funds,1923.73,Ireland,Medium,AN034,Closed,2025-09-14,5,Closed - False Positive,1.1,N
ALT00314,C02625,2025-09-09,Rapid Movement of Funds,72404.69,Cyprus,High,AN037,Closed,2025-09-13,4,Closed - False Positive,0.7,N
ALT01387,C01410,2025-09-09,Round-Amount Transfers,7075.17,Russia,High,AN039,Closed,2025-09-17,8,Closed - False Positive,0.9,N
ALT05917,C02111,2025-09-09,High-Risk Jurisdiction Transfer,11190.33,United Kingdom,High,AN033,Closed,2025-09-14,5,Closed - False Positive,0.4,N
ALT05613,C01088,2025-09-09,Unusual Activity vs Profile,3246.35,United Kingdom,High,AN039,Closed,2025-09-20,11,Closed - False Positive,0.3,N
ALT02828,C00441,2025-09-09,Rapid Movement of Funds,10533.15,United Kingdom,High,AN040,Closed,2025-09-11,2,Closed - False Positive,0.9,N
ALT03423,C01361,2025-09-09,Dormant Account Reactivation,45608.86,Panama,High,AN035,Closed,2025-09-22,13,Closed - False Positive,1.2,N
ALT05227,C02834,2025-09-09,High-Risk Jurisdiction Transfer,39381.13,Pakistan,High,AN035,Closed,2025-09-13,4,Closed - False Positive,0.5,N
ALT03568,C02860,2025-09-09,Large Cash Deposit,44180.59,United Kingdom,High,AN040,Closed,2025-09-13,4,Closed - False Positive,0.7,N
ALT04714,C00463,2025-09-09,Unusual Activity vs Profile,92757.34,Ireland,High,AN036,Closed,2025-09-19,10,SAR Filed,4.3,Y
ALT00430,C00983,2025-09-09,Unusual Activity vs Profile,21845.09,Ireland,High,AN037,Closed,2025-09-13,4,Closed - False Positive,0.7,N
ALT01299,C01224,2025-09-09,High-Risk Jurisdiction Transfer,9671.6,United Kingdom,High,AN039,Closed,2025-09-15,6,Closed - False Positive,0.5,N
ALT03558,C00067,2025-09-09,Dormant Account Reactivation,10755.17,United Kingdom,High,AN033,Closed,2025-09-12,3,Closed - False Positive,0.5,N
ALT06143,C02499,2025-09-09,High-Risk Jurisdiction Transfer,2816.73,Germany,High,AN040,Closed,2025-09-20,11,Closed - False Positive,0.6,N
ALT02964,C02289,2025-09-09,Structuring,7856.47,United Kingdom,High,AN038,Closed,2025-10-12,33,Escalated to Investigation,3.2,N
ALT01255,C01131,2025-09-09,Rapid Movement of Funds,6119.17,United Kingdom,Low,AN033,Closed,2025-09-18,9,Closed - False Positive,0.3,N
ALT00164,C01405,2025-09-10,Large Cash Deposit,43189.04,United Kingdom,High,AN035,Closed,2025-09-16,6,Closed - False Positive,1.2,N
ALT04957,C02245,2025-09-10,High-Risk Jurisdiction Transfer,15766.55,United Kingdom,Low,AN037,Closed,2025-09-11,1,Closed - False Positive,0.7,N
ALT02670,C01219,2025-09-10,Structuring,7572.49,United Kingdom,High,AN035,Closed,2025-09-22,12,Closed - False Positive,0.5,N
ALT01144,C02545,2025-09-10,Dormant Account Reactivation,13811.7,United Kingdom,Medium,AN036,Closed,2025-09-16,6,Closed - False Positive,0.8,N
ALT05331,C01072,2025-09-10,Rapid Movement of Funds,10975.58,United States,High,AN036,Closed,2025-09-18,8,Closed - False Positive,0.7,N
ALT05463,C01288,2025-09-10,High-Risk Jurisdiction Transfer,50267.99,Pakistan,High,AN035,Closed,2025-09-12,2,Closed - False Positive,1.1,N
ALT04643,C01942,2025-09-10,Round-Amount Transfers,6621.85,United Kingdom,Low,AN040,Closed,2025-09-20,10,Closed - False Positive,0.7,N
ALT04847,C00530,2025-09-10,Large Cash Deposit,39421.38,United States,High,AN040,Closed,2025-09-14,4,Closed - False Positive,0.8,N
ALT01108,C00255,2025-09-10,Structuring,7520.61,United Kingdom,Medium,AN037,Closed,2025-09-22,12,Closed - False Positive,1.0,N
ALT03986,C01086,2025-09-10,Rapid Movement of Funds,15265.67,Pakistan,High,AN037,Closed,2025-10-09,29,Escalated to Investigation,11.9,N
ALT01233,C00475,2025-09-10,Rapid Movement of Funds,5584.49,Pakistan,Medium,AN037,Closed,2025-09-21,11,Closed - False Positive,0.4,N
ALT03313,C00151,2025-09-10,High-Risk Jurisdiction Transfer,19514.81,Cyprus,Medium,AN035,Closed,2025-09-15,5,Closed - False Positive,0.5,N
ALT05333,C01462,2025-09-10,Large Cash Deposit,48452.23,United Kingdom,Medium,AN033,Closed,2025-09-27,17,Closed - False Positive,0.8,N
ALT01541,C01566,2025-09-10,Structuring,8404.44,India,Medium,AN039,Closed,2025-09-12,2,Closed - False Positive,1.0,N
ALT01463,C02772,2025-09-11,Rapid Movement of Funds,5461.08,Germany,Medium,AN037,Closed,2025-09-14,3,Closed - False Positive,1.1,N
ALT06136,C02762,2025-09-11,Unusual Activity vs Profile,13786.23,Nigeria,Medium,AN040,Closed,2025-09-16,5,Closed - False Positive,1.0,N
ALT06395,C00673,2025-09-11,Large Cash Deposit,28553.7,United Kingdom,Medium,AN037,Closed,2025-09-12,1,Closed - False Positive,1.2,N
ALT05769,C01035,2025-09-11,Rapid Movement of Funds,8779.13,United Kingdom,Low,AN039,Closed,2025-09-22,11,Closed - False Positive,0.6,N
ALT02174,C01565,2025-09-11,Rapid Movement of Funds,19389.04,United Kingdom,High,AN034,Closed,2025-09-13,2,Closed - False Positive,0.5,N
ALT03339,C00538,2025-09-11,High-Risk Jurisdiction Transfer,130754.59,Hong Kong,High,AN037,Closed,2025-09-18,7,Closed - False Positive,0.8,N
ALT04192,C01368,2025-09-11,Rapid Movement of Funds,1578.04,Nigeria,Medium,AN036,Closed,2025-09-20,9,Closed - False Positive,1.2,N
ALT04955,C00099,2025-09-11,Structuring,9673.2,United Kingdom,Medium,AN033,Closed,2025-09-13,2,Closed - False Positive,0.7,N
ALT01649,C01035,2025-09-11,High-Risk Jurisdiction Transfer,3080.46,India,Low,AN038,Closed,2025-09-16,5,Closed - False Positive,0.4,N
ALT00496,C02967,2025-09-11,Large Cash Deposit,51160.83,Germany,High,AN037,Closed,2025-09-22,11,Closed - False Positive,0.9,N
ALT02046,C02567,2025-09-11,Rapid Movement of Funds,74403.05,UAE,High,AN035,Closed,2025-09-16,5,Closed - False Positive,0.5,N
ALT02040,C01287,2025-09-11,Large Cash Deposit,25314.17,United Kingdom,Medium,AN033,Closed,2025-09-16,5,Closed - False Positive,0.6,N
ALT03381,C01224,2025-09-11,Rapid Movement of Funds,12740.0,United Kingdom,High,AN033,Closed,2025-09-13,2,Closed - False Positive,0.5,N
ALT04304,C00191,2025-09-12,Round-Amount Transfers,20056.13,Ireland,Low,AN040,Closed,2025-09-15,3,Closed - False Positive,0.4,N
ALT03621,C01251,2025-09-12,Structuring,9249.32,United Kingdom,Medium,AN034,Closed,2025-09-14,2,Closed - False Positive,1.1,N
ALT04383,C02422,2025-09-12,Rapid Movement of Funds,4646.42,United Kingdom,Medium,AN036,Closed,2025-09-19,7,Closed - False Positive,1.2,N
ALT02364,C01577,2025-09-12,Unusual Activity vs Profile,4815.75,United Kingdom,Low,AN038,Closed,2025-09-14,2,Closed - False Positive,1.1,N
ALT04947,C02336,2025-09-12,Dormant Account Reactivation,15790.52,Cyprus,High,AN035,Closed,2025-09-15,3,Closed - False Positive,0.5,N
ALT00852,C02435,2025-09-12,Rapid Movement of Funds,4125.03,United Kingdom,High,AN038,Closed,2025-09-15,3,Closed - False Positive,0.8,N
ALT01527,C02376,2025-09-12,Large Cash Deposit,44079.29,United Kingdom,Low,AN039,Closed,2025-09-14,2,Closed - False Positive,0.5,N
ALT02148,C00163,2025-09-12,Large Cash Deposit,45676.55,United Kingdom,Low,AN034,Closed,2025-10-14,32,Escalated to Investigation,13.7,N
ALT00064,C00949,2025-09-12,Unusual Activity vs Profile,15337.99,United Kingdom,High,AN037,Closed,2025-09-19,7,Closed - False Positive,0.7,N
ALT00260,C01029,2025-09-12,Unusual Activity vs Profile,4719.21,United Kingdom,Low,AN037,Closed,2025-09-16,4,Closed - False Positive,0.9,N
ALT01367,C01306,2025-09-12,Unusual Activity vs Profile,11349.99,United Kingdom,Medium,AN033,Closed,2025-10-06,24,Escalated to Investigation,10.2,N
ALT05982,C02554,2025-09-12,Unusual Activity vs Profile,1521.43,United Kingdom,High,AN039,Closed,2025-09-15,3,Closed - False Positive,0.9,N
ALT05967,C01662,2025-09-12,Dormant Account Reactivation,17658.34,United Kingdom,High,AN036,Closed,2025-09-14,2,Closed - False Positive,1.0,N
ALT01624,C01744,2025-09-12,Large Cash Deposit,28238.01,United Kingdom,Low,AN037,Closed,2025-09-25,13,Closed - False Positive,0.9,N
ALT04184,C00811,2025-09-12,Large Cash Deposit,53234.64,United Kingdom,High,AN038,Closed,2025-09-20,8,Closed - False Positive,0.5,N
ALT03265,C01279,2025-09-12,High-Risk Jurisdiction Transfer,9571.01,United Kingdom,Medium,AN035,Closed,2025-09-19,7,Closed - False Positive,1.1,N
ALT01251,C00365,2025-09-12,Rapid Movement of Funds,51833.21,United Kingdom,High,AN037,Closed,2025-09-26,14,Closed - False Positive,1.2,N
ALT01306,C02720,2025-09-12,Unusual Activity vs Profile,13858.09,United Kingdom,High,AN036,Closed,2025-09-19,7,Closed - False Positive,0.9,N
ALT03509,C01047,2025-09-12,High-Risk Jurisdiction Transfer,5297.75,United Kingdom,High,AN039,Closed,2025-09-18,6,Closed - False Positive,0.5,N
ALT06089,C02904,2025-09-12,Unusual Activity vs Profile,10167.55,United Kingdom,High,AN038,Closed,2025-09-18,6,Closed - False Positive,0.5,N
ALT05123,C01868,2025-09-12,Unusual Activity vs Profile,17996.64,United Kingdom,Low,AN040,Closed,2025-09-23,11,Closed - False Positive,1.1,N
ALT00377,C01379,2025-09-13,Structuring,7299.35,United Kingdom,Low,AN039,Closed,2025-10-11,28,SAR Filed,7.7,Y
ALT03726,C01902,2025-09-13,Large Cash Deposit,51942.42,United Kingdom,High,AN038,Closed,2025-09-18,5,Closed - False Positive,0.4,N
ALT06079,C02200,2025-09-13,Large Cash Deposit,33245.33,Germany,High,AN033,Closed,2025-09-25,12,Closed - False Positive,0.8,N
ALT04024,C01447,2025-09-13,High-Risk Jurisdiction Transfer,38317.11,United Kingdom,Medium,AN034,Closed,2025-09-17,4,Closed - False Positive,0.7,N
ALT02363,C01508,2025-09-13,Unusual Activity vs Profile,14471.12,United Kingdom,Medium,AN037,Closed,2025-09-14,1,Closed - False Positive,1.0,N
ALT04162,C01424,2025-09-13,Dormant Account Reactivation,9480.56,Ireland,Low,AN038,Closed,2025-09-23,10,Closed - False Positive,0.4,N
ALT02510,C01835,2025-09-13,Rapid Movement of Funds,13607.82,Russia,Medium,AN036,Closed,2025-09-20,7,Closed - False Positive,0.4,N
ALT01734,C01199,2025-09-13,Round-Amount Transfers,1960.22,United Kingdom,Medium,AN034,Closed,2025-09-17,4,Closed - False Positive,0.7,N
ALT02600,C01599,2025-09-13,Rapid Movement of Funds,884.47,United Kingdom,High,AN039,Closed,2025-09-19,6,Closed - False Positive,1.1,N
ALT00374,C00009,2025-09-13,Unusual Activity vs Profile,12498.5,United Kingdom,Low,AN035,Closed,2025-09-21,8,Closed - False Positive,1.1,N
ALT03950,C00402,2025-09-13,Structuring,9147.33,United Kingdom,High,AN036,Closed,2025-09-18,5,Closed - False Positive,0.5,N
ALT06165,C01285,2025-09-13,Structuring,7183.23,Pakistan,High,AN036,Closed,2025-11-23,71,Escalated to Investigation,3.8,N
ALT04233,C01111,2025-09-13,Rapid Movement of Funds,11826.18,United Kingdom,Low,AN037,Closed,2025-10-09,26,SAR Filed,6.7,Y
ALT05699,C00372,2025-09-13,Round-Amount Transfers,5002.35,Cyprus,Medium,AN033,Closed,2025-09-26,13,Closed - False Positive,0.5,N
ALT05570,C02207,2025-09-13,Dormant Account Reactivation,6943.85,Hong Kong,Medium,AN039,Closed,2025-09-15,2,Closed - False Positive,1.0,N
ALT03276,C01464,2025-09-13,Unusual Activity vs Profile,9651.49,Pakistan,Medium,AN033,Closed,2025-10-19,36,Escalated to Investigation,8.3,N
ALT05594,C00343,2025-09-13,High-Risk Jurisdiction Transfer,9176.9,United Kingdom,High,AN039,Closed,2025-10-10,27,Escalated to Investigation,10.1,N
ALT04621,C02367,2025-09-13,Rapid Movement of Funds,46923.6,United States,High,AN040,Closed,2025-09-15,2,Closed - False Positive,0.5,N
ALT06387,C01129,2025-09-13,Rapid Movement of Funds,35554.34,United Kingdom,Low,AN036,Closed,2025-09-16,3,Closed - False Positive,1.0,N
ALT01018,C00443,2025-09-13,Unusual Activity vs Profile,21377.24,United Kingdom,Medium,AN034,Closed,2025-09-17,4,Closed - False Positive,1.1,N
ALT05453,C01435,2025-09-13,Rapid Movement of Funds,22125.25,United Kingdom,High,AN036,Closed,2025-10-06,23,Closed - False Positive,1.0,N
ALT04226,C01536,2025-09-14,High-Risk Jurisdiction Transfer,6712.69,United Kingdom,Low,AN040,Closed,2025-09-19,5,Closed - False Positive,0.6,N
ALT05203,C02731,2025-09-14,Rapid Movement of Funds,17653.71,Nigeria,Medium,AN034,Closed,2025-09-22,8,Closed - False Positive,0.3,N
ALT03361,C02259,2025-09-14,Rapid Movement of Funds,39523.61,United Kingdom,Medium,AN038,Closed,2025-09-23,9,Closed - False Positive,0.5,N
ALT02031,C02850,2025-09-14,High-Risk Jurisdiction Transfer,2870.45,Nigeria,High,AN038,Closed,2025-09-20,6,Closed - False Positive,0.9,N
ALT05573,C02873,2025-09-14,Structuring,8193.58,United Kingdom,Medium,AN040,Closed,2025-09-20,6,Closed - False Positive,0.8,N
ALT01695,C01266,2025-09-14,Rapid Movement of Funds,29233.16,United Kingdom,Medium,AN034,Closed,2025-09-17,3,Closed - False Positive,0.9,N
ALT01055,C00925,2025-09-14,Rapid Movement of Funds,9825.2,Ireland,Low,AN040,Closed,2025-09-17,3,Closed - False Positive,1.0,N
ALT02916,C01175,2025-09-14,Unusual Activity vs Profile,23611.77,United Kingdom,High,AN038,Closed,2025-09-15,1,Closed - False Positive,0.4,N
ALT02511,C01163,2025-09-14,Round-Amount Transfers,10515.55,India,Low,AN036,Closed,2025-09-22,8,Closed - False Positive,0.6,N
ALT04537,C00505,2025-09-14,Large Cash Deposit,54453.74,Hong Kong,High,AN035,Closed,2025-10-01,17,Closed - False Positive,0.3,N
ALT02221,C01577,2025-09-14,Unusual Activity vs Profile,8787.62,United Kingdom,Low,AN037,Closed,2025-09-22,8,Closed - False Positive,0.5,N
ALT03894,C01270,2025-09-14,Round-Amount Transfers,9822.85,United Kingdom,Low,AN038,Closed,2025-09-18,4,Closed - False Positive,0.8,N
ALT03177,C02220,2025-09-14,Structuring,8498.37,Hong Kong,Low,AN033,Closed,2025-09-21,7,Closed - False Positive,0.9,N
ALT01280,C00332,2025-09-14,Unusual Activity vs Profile,7184.78,India,High,AN038,Closed,2025-10-12,28,Escalated to Investigation,4.5,N
ALT01920,C02159,2025-09-14,Rapid Movement of Funds,3796.25,Hong Kong,Medium,AN040,Closed,2025-10-02,18,Escalated to Investigation,8.0,N
ALT04424,C02669,2025-09-14,Unusual Activity vs Profile,70577.05,United States,High,AN038,Closed,2025-09-20,6,Closed - False Positive,0.8,N
ALT02995,C01628,2025-09-14,High-Risk Jurisdiction Transfer,22747.22,United Kingdom,High,AN038,Closed,2025-09-16,2,Closed - False Positive,0.3,N
ALT01597,C01052,2025-09-14,High-Risk Jurisdiction Transfer,14309.54,Germany,Low,AN040,Closed,2025-09-15,1,Closed - False Positive,1.0,N
ALT03549,C02558,2025-09-14,Rapid Movement of Funds,21882.37,United Kingdom,Medium,AN036,Closed,2025-09-16,2,Closed - False Positive,0.9,N
ALT01932,C00949,2025-09-14,Unusual Activity vs Profile,13210.21,Germany,High,AN034,Closed,2025-09-20,6,Closed - False Positive,1.0,N
ALT02316,C00481,2025-09-14,Rapid Movement of Funds,19068.33,United Kingdom,High,AN035,Closed,2025-09-22,8,Closed - False Positive,0.4,N
ALT00949,C01983,2025-09-14,High-Risk Jurisdiction Transfer,48221.14,United Kingdom,Medium,AN034,Closed,2025-09-27,13,Closed - False Positive,0.6,N
ALT05119,C01854,2025-09-15,High-Risk Jurisdiction Transfer,29363.45,United Kingdom,High,AN034,Closed,2025-09-24,9,Closed - False Positive,0.5,N
ALT01186,C01977,2025-09-15,Rapid Movement of Funds,25344.09,United Kingdom,Low,AN040,Closed,2025-10-01,16,Escalated to Investigation,7.1,N
ALT05032,C02552,2025-09-15,Rapid Movement of Funds,7138.42,Germany,Low,AN038,Closed,2025-09-23,8,Closed - False Positive,1.0,N
ALT01411,C00235,2025-09-15,Rapid Movement of Funds,28648.51,Panama,Medium,AN039,Closed,2025-09-24,9,Closed - False Positive,0.4,N
ALT01574,C02496,2025-09-15,High-Risk Jurisdiction Transfer,4197.03,United Kingdom,High,AN033,Closed,2025-09-20,5,Closed - False Positive,0.7,N
ALT01147,C01285,2025-09-15,Structuring,7688.58,United Kingdom,High,AN036,Closed,2025-09-19,4,Closed - False Positive,0.7,N
ALT02641,C02082,2025-09-15,Dormant Account Reactivation,4498.96,UAE,High,AN034,Closed,2025-09-21,6,Closed - False Positive,0.8,N
ALT03242,C02983,2025-09-15,High-Risk Jurisdiction Transfer,14022.88,United Kingdom,Low,AN036,Closed,2025-09-17,2,Closed - False Positive,1.1,N
ALT06469,C01298,2025-09-15,Round-Amount Transfers,51406.53,Pakistan,High,AN038,Closed,2025-09-27,12,Closed - False Positive,0.9,N
ALT01448,C00255,2025-09-15,Structuring,7105.82,United Kingdom,Medium,AN040,Closed,2025-09-22,7,Closed - False Positive,0.9,N
ALT04252,C01513,2025-09-15,Large Cash Deposit,25347.71,United Kingdom,Low,AN033,Closed,2025-09-18,3,Closed - False Positive,0.6,N
ALT05118,C01368,2025-09-15,Round-Amount Transfers,72305.98,Nigeria,High,AN036,Closed,2025-10-03,18,Escalated to Investigation,13.7,N
ALT05915,C00220,2025-09-16,Structuring,8966.58,United Kingdom,High,AN034,Closed,2025-09-24,8,Closed - False Positive,0.9,N
ALT05914,C02644,2025-09-16,Dormant Account Reactivation,8247.34,United Kingdom,Medium,AN038,Closed,2025-09-26,10,Closed - False Positive,1.2,N
ALT05255,C01854,2025-09-16,Large Cash Deposit,14413.22,United Kingdom,High,AN034,Closed,2025-09-22,6,Closed - False Positive,1.1,N
ALT05835,C02046,2025-09-16,Large Cash Deposit,47956.63,United Kingdom,Low,AN038,Closed,2025-09-21,5,Closed - False Positive,1.1,N
ALT04166,C01291,2025-09-16,Structuring,8540.33,United Kingdom,Medium,AN040,Closed,2025-09-25,9,Closed - False Positive,1.1,N
ALT02319,C02237,2025-09-16,Dormant Account Reactivation,6272.92,United Kingdom,High,AN033,Closed,2025-09-28,12,Closed - False Positive,0.9,N
ALT02239,C00418,2025-09-16,Large Cash Deposit,50274.31,United Kingdom,High,AN036,Closed,2025-09-20,4,Closed - False Positive,0.5,N
ALT04925,C01593,2025-09-16,Rapid Movement of Funds,33978.92,United Kingdom,Low,AN036,Closed,2025-09-23,7,Closed - False Positive,1.1,N
ALT02348,C00122,2025-09-16,Unusual Activity vs Profile,45354.09,United States,Low,AN040,Closed,2025-09-26,10,Closed - False Positive,1.0,N
ALT04483,C02662,2025-09-16,High-Risk Jurisdiction Transfer,8199.0,United Kingdom,High,AN040,Closed,2025-10-16,30,Escalated to Investigation,5.3,N
ALT02371,C01255,2025-09-16,Unusual Activity vs Profile,12200.17,United Kingdom,Medium,AN037,Closed,2025-09-18,2,Closed - False Positive,0.6,N
ALT02377,C00949,2025-09-16,Round-Amount Transfers,40232.89,United Kingdom,High,AN034,Closed,2025-09-22,6,Closed - False Positive,0.5,N
ALT06069,C00763,2025-09-16,Structuring,8174.39,United Kingdom,High,AN036,Closed,2025-09-18,2,Closed - False Positive,0.8,N
ALT04318,C02165,2025-09-16,High-Risk Jurisdiction Transfer,25298.24,United Kingdom,Medium,AN037,Closed,2025-09-22,6,Closed - False Positive,1.1,N
ALT02423,C00009,2025-09-16,Rapid Movement of Funds,9005.13,Ireland,Low,AN036,Closed,2025-09-23,7,Closed - False Positive,1.0,N
ALT02000,C01965,2025-09-16,Rapid Movement of Funds,4607.65,United Kingdom,Medium,AN033,Closed,2025-09-18,2,Closed - False Positive,0.7,N
ALT01399,C00589,2025-09-16,Dormant Account Reactivation,12372.27,United Kingdom,Medium,AN040,Closed,2025-09-25,9,Closed - False Positive,0.9,N
ALT03996,C00005,2025-09-16,Structuring,7922.94,United Kingdom,Medium,AN040,Closed,2025-09-21,5,Closed - False Positive,0.7,N
ALT04277,C02473,2025-09-16,Round-Amount Transfers,101521.72,United Kingdom,High,AN037,Closed,2025-09-17,1,Closed - False Positive,0.9,N
ALT03308,C01405,2025-09-16,Structuring,9571.06,United Kingdom,High,AN034,Closed,2025-09-26,10,Closed - False Positive,1.0,N
ALT00814,C01122,2025-09-16,Rapid Movement of Funds,4318.57,United Kingdom,Low,AN038,Closed,2025-09-20,4,Closed - False Positive,0.4,N
ALT03417,C00535,2025-09-17,Round-Amount Transfers,9151.89,United Kingdom,Medium,AN034,Closed,2025-09-20,3,Closed - False Positive,1.0,N
ALT03842,C01386,2025-09-17,Structuring,9363.82,United Kingdom,Low,AN040,Closed,2025-09-22,5,Closed - False Positive,0.9,N
ALT05136,C02742,2025-09-17,Rapid Movement of Funds,17807.33,India,Low,AN037,Closed,2025-09-19,2,Closed - False Positive,0.7,N
ALT01483,C02490,2025-09-17,Structuring,8616.61,United Kingdom,Low,AN033,Closed,2025-10-07,20,Closed - False Positive,1.0,N
ALT04838,C00716,2025-09-17,Round-Amount Transfers,28380.77,Germany,High,AN036,Closed,2025-09-26,9,Closed - False Positive,0.8,N
ALT02700,C00127,2025-09-17,Large Cash Deposit,38457.12,United Kingdom,Medium,AN036,Closed,2025-09-19,2,Closed - False Positive,0.7,N
ALT03907,C00166,2025-09-17,Rapid Movement of Funds,15056.66,United States,Medium,AN033,Closed,2025-09-25,8,Closed - False Positive,0.4,N
ALT05137,C02432,2025-09-17,High-Risk Jurisdiction Transfer,9979.82,Pakistan,Medium,AN037,Closed,2025-09-20,3,Closed - False Positive,0.6,N
ALT01490,C00017,2025-09-17,Rapid Movement of Funds,18951.93,Ireland,High,AN036,Closed,2025-09-22,5,Closed - False Positive,0.4,N
ALT02733,C02053,2025-09-17,Round-Amount Transfers,6363.61,United Kingdom,Low,AN040,Closed,2025-10-17,30,Escalated to Investigation,3.7,N
ALT04623,C01336,2025-09-17,High-Risk Jurisdiction Transfer,13957.42,United Kingdom,Medium,AN038,Closed,2025-09-21,4,Closed - False Positive,0.8,N
ALT05058,C02809,2025-09-17,Rapid Movement of Funds,3401.8,India,High,AN034,Closed,2025-09-20,3,Closed - False Positive,0.5,N
ALT01392,C01307,2025-09-17,Structuring,7680.05,United Kingdom,High,AN040,Closed,2025-09-18,1,Closed - False Positive,0.8,N
ALT04601,C00435,2025-09-17,Unusual Activity vs Profile,163018.48,United Kingdom,High,AN035,Closed,2025-09-21,4,Closed - False Positive,1.1,N
ALT05775,C00255,2025-09-17,Structuring,9352.55,United Kingdom,Medium,AN038,Closed,2025-09-22,5,Closed - False Positive,0.7,N
ALT05685,C00848,2025-09-17,Unusual Activity vs Profile,3967.51,United Kingdom,High,AN037,Closed,2025-09-26,9,Closed - False Positive,0.4,N
ALT04224,C01757,2025-09-17,Unusual Activity vs Profile,1326.46,United Kingdom,Medium,AN034,Closed,2025-09-27,10,Closed - False Positive,0.3,N
ALT02488,C02701,2025-09-17,Large Cash Deposit,16562.37,United Kingdom,High,AN034,Closed,2025-09-24,7,Closed - False Positive,1.2,N
ALT03974,C01105,2025-09-18,Unusual Activity vs Profile,5799.56,France,Medium,AN039,Closed,2025-09-19,1,Closed - False Positive,0.8,N
ALT00787,C02657,2025-09-18,Large Cash Deposit,20112.28,United Kingdom,Low,AN040,Closed,2025-09-21,3,Closed - False Positive,1.0,N
ALT03789,C00812,2025-09-18,Structuring,9694.73,Nigeria,High,AN034,Closed,2025-10-01,13,Closed - False Positive,0.4,N
ALT04516,C00970,2025-09-18,Rapid Movement of Funds,26253.61,United Kingdom,High,AN037,Closed,2025-10-12,24,Escalated to Investigation,8.0,N
ALT01194,C02416,2025-09-18,Rapid Movement of Funds,8606.63,Nigeria,High,AN040,Closed,2025-10-21,33,SAR Filed,4.8,Y
ALT00462,C01490,2025-09-18,Unusual Activity vs Profile,11086.91,United Kingdom,Medium,AN033,Closed,2025-09-21,3,Closed - False Positive,1.2,N
ALT03562,C00017,2025-09-18,Large Cash Deposit,51303.58,United Kingdom,High,AN034,Closed,2025-09-23,5,Closed - False Positive,1.2,N
ALT03595,C02815,2025-09-18,Unusual Activity vs Profile,15989.06,United Kingdom,Medium,AN033,Closed,2025-09-23,5,Closed - False Positive,0.4,N
ALT02084,C00874,2025-09-18,Structuring,9896.46,United Kingdom,Medium,AN040,Closed,2025-09-27,9,Closed - False Positive,0.5,N
ALT02416,C02133,2025-09-18,Unusual Activity vs Profile,7913.05,United Kingdom,Low,AN040,Closed,2025-09-21,3,Closed - False Positive,1.0,N
ALT02384,C02454,2025-09-18,Unusual Activity vs Profile,15392.55,France,High,AN034,Closed,2025-09-23,5,Closed - False Positive,0.6,N
ALT04991,C00231,2025-09-18,Rapid Movement of Funds,18596.79,United Kingdom,Low,AN034,Closed,2025-09-25,7,Closed - False Positive,0.6,N
ALT05373,C02527,2025-09-18,Unusual Activity vs Profile,5135.79,United States,Medium,AN038,Closed,2025-09-21,3,Closed - False Positive,0.9,N
ALT05551,C00218,2025-09-18,Rapid Movement of Funds,39059.54,United Kingdom,Low,AN034,Closed,2025-09-27,9,Closed - False Positive,1.1,N
ALT01211,C02412,2025-09-18,Structuring,9745.99,United Kingdom,Medium,AN033,Closed,2025-09-25,7,Closed - False Positive,0.9,N
ALT03611,C00052,2025-09-19,Structuring,8134.82,France,High,AN037,Closed,2025-09-28,9,Closed - False Positive,0.7,N
ALT00702,C02608,2025-09-19,Large Cash Deposit,44455.86,United Kingdom,Medium,AN035,Closed,2025-10-01,12,Closed - False Positive,1.1,N
ALT04654,C00639,2025-09-19,High-Risk Jurisdiction Transfer,39971.1,United Kingdom,Medium,AN036,Closed,2025-09-21,2,Closed - False Positive,0.8,N
ALT00682,C00463,2025-09-19,Dormant Account Reactivation,48478.56,Cyprus,High,AN035,Closed,2025-10-08,19,Closed - False Positive,0.6,N
ALT00533,C00738,2025-09-19,Unusual Activity vs Profile,8985.8,Ireland,Low,AN035,Closed,2025-09-23,4,Closed - False Positive,0.5,N
ALT02761,C01674,2025-09-19,Structuring,9001.05,United Kingdom,High,AN039,Closed,2025-10-01,12,Closed - False Positive,1.1,N
ALT02110,C01196,2025-09-19,Structuring,8426.22,United Kingdom,Medium,AN033,Closed,2025-09-23,4,Closed - False Positive,0.9,N
ALT05804,C02597,2025-09-19,Rapid Movement of Funds,216835.5,Cyprus,High,AN036,Closed,2025-09-22,3,Closed - False Positive,0.4,N
ALT04000,C00945,2025-09-19,Dormant Account Reactivation,18698.03,UAE,Medium,AN036,Closed,2025-09-27,8,Closed - False Positive,0.7,N
ALT05349,C00116,2025-09-19,Large Cash Deposit,25070.86,United States,Medium,AN039,Closed,2025-09-23,4,Closed - False Positive,0.8,N
ALT00396,C02789,2025-09-19,High-Risk Jurisdiction Transfer,7401.77,United Kingdom,High,AN033,Closed,2025-09-23,4,Closed - False Positive,0.8,N
ALT01987,C02931,2025-09-19,Dormant Account Reactivation,27670.68,UAE,High,AN037,Closed,2025-10-24,35,Escalated to Investigation,4.6,N
ALT03934,C02082,2025-09-20,Structuring,7230.52,United Kingdom,High,AN036,Closed,2025-09-27,7,Closed - False Positive,0.5,N
ALT03093,C00271,2025-09-20,High-Risk Jurisdiction Transfer,154005.64,United Kingdom,High,AN033,Closed,2025-09-28,8,Closed - False Positive,1.0,N
ALT01895,C00562,2025-09-20,High-Risk Jurisdiction Transfer,18650.02,United Kingdom,Medium,AN034,Closed,2025-09-24,4,Closed - False Positive,1.0,N
ALT04241,C00836,2025-09-20,Round-Amount Transfers,12132.82,United States,Low,AN040,Closed,2025-09-28,8,Closed - False Positive,0.4,N
ALT04891,C01635,2025-09-20,Rapid Movement of Funds,85891.29,Pakistan,High,AN035,Closed,2025-09-24,4,Closed - False Positive,1.0,N
ALT05589,C02111,2025-09-20,Round-Amount Transfers,3032.45,UAE,High,AN035,Closed,2025-09-22,2,Closed - False Positive,1.0,N
ALT00123,C00518,2025-09-20,Unusual Activity vs Profile,11575.79,Nigeria,Low,AN035,Closed,2025-09-24,4,Closed - False Positive,0.7,N
ALT04199,C01361,2025-09-20,Round-Amount Transfers,2195.31,India,High,AN035,Closed,2025-10-09,19,Escalated to Investigation,4.8,N
ALT04190,C02443,2025-09-20,Large Cash Deposit,51189.74,United Kingdom,High,AN036,Closed,2025-09-29,9,Closed - False Positive,0.6,N
ALT03153,C01017,2025-09-20,Rapid Movement of Funds,21144.36,United Kingdom,Medium,AN040,Closed,2025-09-23,3,Closed - False Positive,0.4,N
ALT00959,C02691,2025-09-20,High-Risk Jurisdiction Transfer,13155.94,United Kingdom,High,AN034,Closed,2025-09-23,3,Closed - False Positive,0.5,N
ALT02605,C01093,2025-09-20,Structuring,9649.88,Nigeria,Medium,AN033,Closed,2025-09-22,2,Closed - False Positive,1.0,N
ALT04819,C00836,2025-09-21,Structuring,8717.91,United Kingdom,Medium,AN039,Closed,2025-09-24,3,Closed - False Positive,0.6,N
ALT05683,C00652,2025-09-21,Round-Amount Transfers,17086.34,United Kingdom,Medium,AN039,Closed,2025-09-28,7,Closed - False Positive,0.3,N
ALT04379,C00618,2025-09-21,High-Risk Jurisdiction Transfer,22387.53,France,High,AN040,Closed,2025-10-17,26,Escalated to Investigation,11.6,N
ALT04778,C01581,2025-09-21,Large Cash Deposit,10228.52,United Kingdom,High,AN035,Closed,2025-09-25,4,Closed - False Positive,1.0,N
ALT06086,C02111,2025-09-21,Rapid Movement of Funds,12534.05,United Kingdom,High,AN040,Closed,2025-10-15,24,SAR Filed,11.4,Y
ALT01006,C01224,2025-09-21,Unusual Activity vs Profile,9356.97,United Kingdom,High,AN036,Closed,2025-10-01,10,Closed - False Positive,1.1,N
ALT01969,C02396,2025-09-21,Dormant Account Reactivation,53912.34,Nigeria,High,AN035,Closed,2025-09-29,8,Closed - False Positive,0.5,N
ALT06338,C02531,2025-09-21,Rapid Movement of Funds,8254.0,UAE,Medium,AN038,Closed,2025-10-06,15,SAR Filed,9.7,Y
ALT00711,C00921,2025-09-21,High-Risk Jurisdiction Transfer,15007.19,Ireland,Low,AN038,Closed,2025-10-08,17,Closed - False Positive,0.5,N
ALT01576,C01550,2025-09-21,Round-Amount Transfers,14336.77,Ireland,Low,AN040,Closed,2025-09-22,1,Closed - False Positive,0.4,N
ALT03461,C00764,2025-09-21,High-Risk Jurisdiction Transfer,3707.29,United Kingdom,Medium,AN037,Closed,2025-09-29,8,Closed - False Positive,0.9,N
ALT05895,C00917,2025-09-21,Large Cash Deposit,13554.52,United States,Medium,AN035,Closed,2025-09-23,2,Closed - False Positive,0.7,N
ALT05972,C01332,2025-09-21,Rapid Movement of Funds,8670.86,Pakistan,Low,AN040,Closed,2025-10-07,16,SAR Filed,5.1,Y
ALT04266,C00062,2025-09-21,Unusual Activity vs Profile,101673.7,Hong Kong,High,AN033,Closed,2025-09-27,6,Closed - False Positive,0.9,N
ALT00637,C00440,2025-09-21,Round-Amount Transfers,38581.48,United Kingdom,High,AN038,Closed,2025-09-25,4,Closed - False Positive,1.0,N
ALT03586,C01175,2025-09-21,Unusual Activity vs Profile,4407.7,Ireland,High,AN035,Closed,2025-09-24,3,Closed - False Positive,0.9,N
ALT00540,C02598,2025-09-21,High-Risk Jurisdiction Transfer,95355.35,United Kingdom,High,AN033,Closed,2025-09-26,5,Closed - False Positive,0.4,N
ALT00715,C01620,2025-09-21,High-Risk Jurisdiction Transfer,12756.64,United Kingdom,High,AN034,Closed,2025-10-11,20,SAR Filed,5.7,Y
ALT02266,C02193,2025-09-21,Large Cash Deposit,17737.51,India,Low,AN035,Closed,2025-09-26,5,Closed - False Positive,0.8,N
ALT02272,C00727,2025-09-22,Dormant Account Reactivation,11157.54,Germany,Low,AN036,Closed,2025-09-25,3,Closed - False Positive,1.0,N
ALT00928,C01252,2025-09-22,Round-Amount Transfers,36259.55,United Kingdom,High,AN033,Closed,2025-09-29,7,Closed - False Positive,0.5,N
ALT05883,C00883,2025-09-22,High-Risk Jurisdiction Transfer,32622.15,France,Low,AN033,Closed,2025-09-26,4,Closed - False Positive,1.1,N
ALT02660,C01292,2025-09-22,Large Cash Deposit,35969.57,Russia,High,AN037,Closed,2025-09-25,3,Closed - False Positive,1.0,N
ALT00992,C02905,2025-09-22,Structuring,7089.06,United Kingdom,High,AN040,Closed,2025-10-08,16,SAR Filed,12.8,Y
ALT00935,C00621,2025-09-22,Rapid Movement of Funds,14555.9,United Kingdom,Medium,AN038,Closed,2025-10-02,10,Closed - False Positive,0.5,N
ALT05913,C00728,2025-09-22,Structuring,7834.11,Ireland,Low,AN039,Closed,2025-09-27,5,Closed - False Positive,0.5,N
ALT00479,C00295,2025-09-22,High-Risk Jurisdiction Transfer,26833.17,Pakistan,Medium,AN035,Closed,2025-09-23,1,Closed - False Positive,0.6,N
ALT02558,C00075,2025-09-22,Large Cash Deposit,37960.92,United Kingdom,Medium,AN040,Closed,2025-09-28,6,Closed - False Positive,1.0,N
ALT03927,C02960,2025-09-22,Round-Amount Transfers,25432.54,United Kingdom,Medium,AN036,Closed,2025-09-26,4,Closed - False Positive,1.0,N
ALT04967,C01114,2025-09-22,Large Cash Deposit,46841.9,Panama,Medium,AN038,Closed,2025-11-06,45,SAR Filed,5.0,Y
ALT04683,C01878,2025-09-22,Unusual Activity vs Profile,1211.86,United Kingdom,High,AN036,Closed,2025-09-25,3,Closed - False Positive,1.1,N
ALT04832,C02466,2025-09-22,Large Cash Deposit,46895.29,United Kingdom,Medium,AN033,Closed,2025-09-24,2,Closed - False Positive,0.7,N
ALT01882,C01221,2025-09-22,Dormant Account Reactivation,81069.69,UAE,High,AN036,Closed,2025-09-26,4,Closed - False Positive,0.9,N
ALT04303,C01561,2025-09-22,Dormant Account Reactivation,46291.23,United Kingdom,Medium,AN036,Closed,2025-09-27,5,Closed - False Positive,1.0,N
ALT03929,C02237,2025-09-22,Structuring,8535.0,Pakistan,High,AN036,Closed,2025-10-10,18,Closed - False Positive,0.8,N
ALT05194,C00882,2025-09-22,High-Risk Jurisdiction Transfer,9634.65,France,Medium,AN036,Closed,2025-10-03,11,Closed - False Positive,0.6,N
ALT05971,C02910,2025-09-22,Rapid Movement of Funds,20320.71,United States,Medium,AN036,Closed,2025-09-25,3,Closed - False Positive,0.7,N
ALT04286,C01538,2025-09-22,Rapid Movement of Funds,52227.79,United Kingdom,High,AN033,Closed,2025-09-25,3,Closed - False Positive,0.5,N
ALT03437,C02730,2025-09-22,Rapid Movement of Funds,93577.69,United Kingdom,High,AN036,Closed,2025-10-05,13,Closed - False Positive,0.5,N
ALT06366,C02911,2025-09-22,Rapid Movement of Funds,24819.74,Hong Kong,Low,AN033,Closed,2025-10-27,35,SAR Filed,13.5,Y
ALT03793,C01272,2025-09-23,Unusual Activity vs Profile,5040.76,UAE,High,AN035,Closed,2025-09-30,7,Closed - False Positive,1.1,N
ALT05402,C01285,2025-09-23,Structuring,8552.85,United Kingdom,High,AN038,Closed,2025-10-06,13,Closed - False Positive,0.8,N
ALT02387,C02256,2025-09-23,Dormant Account Reactivation,6479.65,Ireland,High,AN040,Closed,2025-09-29,6,Closed - False Positive,0.4,N
ALT05993,C02657,2025-09-23,Dormant Account Reactivation,14652.22,United Kingdom,Low,AN038,Closed,2025-09-27,4,Closed - False Positive,1.0,N
ALT04995,C00568,2025-09-23,High-Risk Jurisdiction Transfer,13275.76,United Kingdom,Low,AN040,Closed,2025-09-30,7,Closed - False Positive,0.9,N
ALT00913,C02426,2025-09-23,Unusual Activity vs Profile,19988.15,United Kingdom,Low,AN037,Closed,2025-09-28,5,Closed - False Positive,0.4,N
ALT04763,C01245,2025-09-23,Large Cash Deposit,43909.89,United Kingdom,Medium,AN033,Closed,2025-09-27,4,Closed - False Positive,0.7,N
ALT01405,C00104,2025-09-23,Round-Amount Transfers,55879.97,United Kingdom,High,AN037,Closed,2025-09-25,2,Closed - False Positive,0.3,N
ALT04697,C01878,2025-09-23,Unusual Activity vs Profile,5858.66,Panama,High,AN034,Closed,2025-09-30,7,Closed - False Positive,0.3,N
ALT00744,C00994,2025-09-23,High-Risk Jurisdiction Transfer,4661.81,United Kingdom,Low,AN036,Closed,2025-09-25,2,Closed - False Positive,0.4,N
ALT03657,C01997,2025-09-23,High-Risk Jurisdiction Transfer,12908.51,UAE,Medium,AN037,Closed,2025-09-26,3,Closed - False Positive,0.7,N
ALT06358,C00082,2025-09-23,Unusual Activity vs Profile,15529.1,France,High,AN033,Closed,2025-10-12,19,Escalated to Investigation,12.1,N
ALT06337,C02435,2025-09-23,Large Cash Deposit,38490.98,United Kingdom,High,AN038,Closed,2025-09-24,1,Closed - False Positive,0.9,N
ALT02493,C02108,2025-09-23,Rapid Movement of Funds,20246.42,United Kingdom,Medium,AN035,Closed,2025-09-28,5,Closed - False Positive,0.9,N
ALT05533,C02200,2025-09-23,Rapid Movement of Funds,4198.16,United Kingdom,High,AN036,Closed,2025-09-28,5,Closed - False Positive,1.0,N
ALT01536,C00182,2025-09-23,High-Risk Jurisdiction Transfer,15491.58,India,Low,AN037,Closed,2025-10-02,9,Closed - False Positive,0.9,N
ALT05608,C02916,2025-09-23,High-Risk Jurisdiction Transfer,98983.69,United Kingdom,High,AN033,Closed,2025-09-27,4,Closed - False Positive,0.4,N
ALT06118,C01498,2025-09-23,Large Cash Deposit,14046.12,United Kingdom,Medium,AN034,Closed,2025-09-29,6,Closed - False Positive,0.8,N
ALT00040,C00844,2025-09-24,Unusual Activity vs Profile,9623.42,United Kingdom,Low,AN038,Closed,2025-10-05,11,Closed - False Positive,0.9,N
ALT02895,C01688,2025-09-24,Unusual Activity vs Profile,47365.7,United Kingdom,Medium,AN036,Closed,2025-09-28,4,Closed - False Positive,1.0,N
ALT02707,C02284,2025-09-24,Large Cash Deposit,20210.94,United Kingdom,High,AN035,Closed,2025-09-28,4,Closed - False Positive,1.1,N
ALT04314,C01457,2025-09-24,Dormant Account Reactivation,6420.08,United Kingdom,Medium,AN035,Closed,2025-10-06,12,Closed - False Positive,1.0,N
ALT03836,C02712,2025-09-24,Large Cash Deposit,25384.59,United Kingdom,High,AN034,Closed,2025-10-03,9,Closed - False Positive,1.1,N
ALT00507,C00394,2025-09-24,High-Risk Jurisdiction Transfer,17667.69,United Kingdom,Low,AN035,Closed,2025-09-28,4,Closed - False Positive,0.8,N
ALT06233,C00521,2025-09-24,Large Cash Deposit,56531.27,United Kingdom,High,AN033,Closed,2025-09-28,4,Closed - False Positive,0.8,N
ALT00666,C00179,2025-09-24,Structuring,9354.35,United Kingdom,High,AN038,Closed,2025-10-07,13,Closed - False Positive,0.3,N
ALT01662,C02956,2025-09-24,Unusual Activity vs Profile,37154.99,United States,Low,AN036,Closed,2025-09-26,2,Closed - False Positive,0.4,N
ALT02683,C02123,2025-09-24,Rapid Movement of Funds,23396.74,United Kingdom,Low,AN034,Closed,2025-10-03,9,Closed - False Positive,0.4,N
ALT00577,C00477,2025-09-25,Rapid Movement of Funds,32934.2,India,Medium,AN035,Closed,2025-10-02,7,Closed - False Positive,0.5,N
ALT01742,C01045,2025-09-25,Structuring,7430.35,United Kingdom,High,AN039,Closed,2025-10-03,8,Closed - False Positive,0.8,N
ALT04177,C02451,2025-09-25,Rapid Movement of Funds,10072.34,Hong Kong,Low,AN036,Closed,2025-09-30,5,Closed - False Positive,0.5,N
ALT04750,C00812,2025-09-25,Large Cash Deposit,56789.72,United Kingdom,High,AN038,Closed,2025-10-06,11,Escalated to Investigation,13.9,N
ALT00023,C00703,2025-09-25,Unusual Activity vs Profile,24884.44,United Kingdom,Low,AN037,Closed,2025-10-15,20,Escalated to Investigation,13.8,N
ALT01925,C01059,2025-09-25,Rapid Movement of Funds,8559.48,United Kingdom,Low,AN033,Closed,2025-10-05,10,Closed - False Positive,1.0,N
ALT01821,C00706,2025-09-25,Structuring,9376.37,Cyprus,Medium,AN038,Closed,2025-09-27,2,Closed - False Positive,0.5,N
ALT04157,C01314,2025-09-25,Unusual Activity vs Profile,8498.83,United Kingdom,High,AN038,Closed,2025-09-28,3,Closed - False Positive,0.4,N
ALT01947,C02827,2025-09-25,Dormant Account Reactivation,27594.5,United Kingdom,Low,AN037,Closed,2025-10-05,10,Closed - False Positive,0.5,N
ALT04355,C00052,2025-09-25,Unusual Activity vs Profile,18546.88,United Kingdom,High,AN039,Closed,2025-09-29,4,Closed - False Positive,1.0,N
ALT01159,C02738,2025-09-25,Unusual Activity vs Profile,29205.39,United Kingdom,Medium,AN039,Closed,2025-09-28,3,Closed - False Positive,1.1,N
ALT03126,C02891,2025-09-25,Round-Amount Transfers,2120.87,India,Medium,AN033,Closed,2025-09-29,4,Closed - False Positive,1.2,N
ALT00348,C00478,2025-09-25,Dormant Account Reactivation,28213.84,Germany,Medium,AN034,Closed,2025-10-31,36,Escalated to Investigation,8.3,N
ALT00352,C00079,2025-09-25,Large Cash Deposit,24423.03,Germany,Medium,AN033,Closed,2025-10-10,15,Closed - False Positive,1.0,N
ALT03589,C00054,2025-09-25,Unusual Activity vs Profile,12199.58,United Kingdom,Low,AN040,Closed,2025-10-08,13,Closed - False Positive,1.2,N
ALT03220,C01100,2025-09-25,High-Risk Jurisdiction Transfer,9300.05,Pakistan,Medium,AN039,Closed,2025-09-27,2,Closed - False Positive,1.2,N
ALT04641,C00590,2025-09-25,Rapid Movement of Funds,13985.55,United Kingdom,Low,AN035,Closed,2025-09-26,1,Closed - False Positive,1.1,N
ALT03874,C02834,2025-09-25,Unusual Activity vs Profile,56551.95,India,High,AN033,Closed,2025-09-30,5,Closed - False Positive,0.8,N
ALT00206,C00876,2025-09-25,Unusual Activity vs Profile,4533.33,Panama,Low,AN040,Closed,2025-10-04,9,Closed - False Positive,0.6,N
ALT05181,C02390,2025-09-25,Unusual Activity vs Profile,7483.17,Pakistan,Medium,AN036,Closed,2025-10-02,7,Closed - False Positive,0.8,N
ALT02074,C00359,2025-09-25,High-Risk Jurisdiction Transfer,34522.56,Cyprus,Low,AN034,Closed,2025-10-06,11,Closed - False Positive,1.1,N
ALT02645,C00166,2025-09-25,High-Risk Jurisdiction Transfer,131323.94,United Kingdom,High,AN033,Closed,2025-09-27,2,Closed - False Positive,0.9,N
ALT04490,C02459,2025-09-26,Rapid Movement of Funds,103248.53,United Kingdom,High,AN038,Closed,2025-10-02,6,Closed - False Positive,0.8,N
ALT02403,C01588,2025-09-26,High-Risk Jurisdiction Transfer,9072.07,United Kingdom,Medium,AN035,Closed,2025-11-06,41,SAR Filed,12.4,Y
ALT06381,C01532,2025-09-26,High-Risk Jurisdiction Transfer,24576.83,United Kingdom,High,AN034,Closed,2025-10-07,11,Closed - False Positive,0.7,N
ALT01019,C00353,2025-09-26,Large Cash Deposit,21851.28,United Kingdom,High,AN034,Closed,2025-10-02,6,Closed - False Positive,0.3,N
ALT00994,C00152,2025-09-26,Dormant Account Reactivation,3422.55,Ireland,High,AN035,Closed,2025-10-03,7,Closed - False Positive,0.6,N
ALT02132,C01212,2025-09-26,Dormant Account Reactivation,13791.69,Pakistan,Medium,AN034,Closed,2025-10-04,8,Closed - False Positive,1.2,N
ALT00844,C00191,2025-09-26,Dormant Account Reactivation,15972.73,United Kingdom,Low,AN039,Closed,2025-10-05,9,Closed - False Positive,1.0,N
ALT04644,C00421,2025-09-26,High-Risk Jurisdiction Transfer,4059.76,United Kingdom,Medium,AN038,Closed,2025-09-30,4,Closed - False Positive,1.1,N
ALT01973,C00454,2025-09-26,Large Cash Deposit,59349.39,France,High,AN035,Closed,2025-10-02,6,Closed - False Positive,0.6,N
ALT04404,C00322,2025-09-26,Structuring,8653.97,India,Medium,AN039,Closed,2025-10-12,16,Closed - False Positive,0.5,N
ALT04258,C01243,2025-09-26,High-Risk Jurisdiction Transfer,48037.99,United Kingdom,Medium,AN039,Closed,2025-10-03,7,Closed - False Positive,0.5,N
ALT05371,C02535,2025-09-26,Unusual Activity vs Profile,65511.05,India,High,AN040,Closed,2025-10-03,7,Closed - False Positive,0.6,N
ALT03390,C02226,2025-09-26,Large Cash Deposit,24074.11,United Kingdom,Medium,AN035,Closed,2025-09-29,3,Closed - False Positive,0.6,N
ALT06023,C02022,2025-09-26,Unusual Activity vs Profile,2307.46,United Kingdom,Medium,AN036,Closed,2025-10-03,7,Closed - False Positive,0.8,N
ALT01208,C00851,2025-09-26,Unusual Activity vs Profile,23838.93,United States,Medium,AN034,Closed,2025-09-29,3,Closed - False Positive,0.8,N
ALT04475,C02675,2025-09-26,Dormant Account Reactivation,5099.04,United States,High,AN033,Closed,2025-09-30,4,Closed - False Positive,0.6,N
ALT05979,C00968,2025-09-26,Structuring,7522.65,Nigeria,Low,AN040,Closed,2025-10-10,14,Escalated to Investigation,10.3,N
ALT04112,C02609,2025-09-26,Rapid Movement of Funds,5799.78,United Kingdom,Low,AN037,Closed,2025-10-02,6,Closed - False Positive,0.5,N
ALT00777,C01326,2025-09-26,High-Risk Jurisdiction Transfer,33448.27,United Kingdom,Low,AN035,Closed,2025-10-05,9,Closed - False Positive,1.0,N
ALT06192,C02294,2025-09-26,Rapid Movement of Funds,22970.37,United Kingdom,Low,AN035,Closed,2025-10-05,9,Closed - False Positive,0.3,N
ALT00673,C01015,2025-09-26,Large Cash Deposit,27492.45,Nigeria,High,AN036,Closed,2025-10-05,9,Closed - False Positive,1.0,N
ALT03459,C01016,2025-09-26,High-Risk Jurisdiction Transfer,59537.97,United Kingdom,High,AN036,Closed,2025-09-28,2,Closed - False Positive,0.9,N
ALT04889,C02017,2025-09-26,Structuring,7628.95,United Kingdom,Medium,AN040,Closed,2025-09-29,3,Closed - False Positive,1.0,N
ALT06478,C01131,2025-09-26,Round-Amount Transfers,44728.14,Nigeria,Medium,AN036,Closed,2025-10-01,5,Closed - False Positive,0.9,N
ALT05061,C00039,2025-09-26,Structuring,7297.64,United Kingdom,High,AN034,Closed,2025-10-01,5,Closed - False Positive,0.6,N
ALT04996,C02318,2025-09-27,Structuring,7412.63,Ireland,Low,AN035,Closed,2025-10-14,17,Closed - False Positive,0.4,N
ALT05834,C01019,2025-09-27,Dormant Account Reactivation,10187.06,United Kingdom,Low,AN033,Closed,2025-10-02,5,Closed - False Positive,1.1,N
ALT02774,C00706,2025-09-27,Rapid Movement of Funds,14377.69,United Kingdom,Medium,AN037,Closed,2025-09-29,2,Closed - False Positive,0.8,N
ALT04120,C00002,2025-09-27,Rapid Movement of Funds,23077.57,Nigeria,Low,AN039,Closed,2025-09-30,3,Closed - False Positive,0.7,N
ALT03749,C02847,2025-09-27,High-Risk Jurisdiction Transfer,51663.79,United States,High,AN037,Closed,2025-10-01,4,Closed - False Positive,1.2,N
ALT05648,C02170,2025-09-27,Unusual Activity vs Profile,20452.9,United States,Medium,AN035,Closed,2025-10-04,7,Closed - False Positive,0.8,N
ALT00733,C00985,2025-09-27,Rapid Movement of Funds,737.84,United Kingdom,High,AN037,Closed,2025-10-07,10,Closed - False Positive,0.3,N
ALT05219,C00104,2025-09-27,Structuring,8580.12,India,Low,AN037,Closed,2025-10-09,12,Closed - False Positive,0.5,N
ALT02676,C00907,2025-09-27,Dormant Account Reactivation,5825.18,United Kingdom,High,AN039,Closed,2025-10-02,5,Closed - False Positive,1.0,N
ALT05966,C01613,2025-09-27,Structuring,8915.73,United Kingdom,High,AN035,Closed,2025-09-29,2,Closed - False Positive,0.6,N
ALT00645,C02438,2025-09-27,Large Cash Deposit,54579.22,UAE,High,AN038,Closed,2025-09-30,3,Closed - False Positive,1.2,N
ALT02796,C00206,2025-09-27,Structuring,8156.35,United Kingdom,High,AN037,Closed,2025-09-29,2,Closed - False Positive,0.8,N
ALT03160,C00402,2025-09-27,Large Cash Deposit,26851.16,Hong Kong,High,AN036,Closed,2025-10-01,4,Closed - False Positive,0.7,N
ALT05125,C02843,2025-09-27,Round-Amount Transfers,5653.52,Cyprus,High,AN040,Closed,2025-10-02,5,Closed - False Positive,1.1,N
ALT05078,C00166,2025-09-27,High-Risk Jurisdiction Transfer,16734.99,United Kingdom,Low,AN034,Closed,2025-09-28,1,Closed - False Positive,1.1,N
ALT03713,C00501,2025-09-27,Unusual Activity vs Profile,135146.38,United Kingdom,High,AN039,Closed,2025-10-10,13,Closed - False Positive,0.7,N
ALT01269,C00654,2025-09-27,Round-Amount Transfers,60541.86,Panama,High,AN037,Closed,2025-10-02,5,Closed - False Positive,1.0,N
ALT05300,C01662,2025-09-27,Structuring,9389.57,Ireland,High,AN035,Closed,2025-10-29,32,Escalated to Investigation,13.5,N
ALT06329,C00868,2025-09-27,Large Cash Deposit,51624.2,UAE,High,AN036,Closed,2025-10-08,11,Closed - False Positive,0.6,N
ALT02299,C02055,2025-09-28,Large Cash Deposit,24136.89,United Kingdom,Low,AN035,Closed,2025-10-06,8,Closed - False Positive,0.7,N
ALT05206,C00920,2025-09-28,Rapid Movement of Funds,7486.06,Hong Kong,Medium,AN036,Closed,2025-10-04,6,Closed - False Positive,0.3,N
ALT04451,C00142,2025-09-28,Rapid Movement of Funds,7177.49,India,Medium,AN033,Closed,2025-10-03,5,Closed - False Positive,0.5,N
ALT04865,C00235,2025-09-28,Unusual Activity vs Profile,109652.88,United Kingdom,High,AN038,Closed,2025-10-04,6,Closed - False Positive,0.6,N
ALT02126,C01410,2025-09-28,High-Risk Jurisdiction Transfer,47491.75,United Kingdom,High,AN039,Closed,2025-10-03,5,Closed - False Positive,1.2,N
ALT01187,C00816,2025-09-28,High-Risk Jurisdiction Transfer,17214.85,Panama,Low,AN039,Closed,2025-10-07,9,Closed - False Positive,1.0,N
ALT04966,C02348,2025-09-28,Round-Amount Transfers,78029.67,Nigeria,High,AN039,Closed,2025-10-09,11,Closed - False Positive,1.0,N
ALT05761,C01063,2025-09-28,Large Cash Deposit,34047.57,India,High,AN033,Closed,2025-10-09,11,Closed - False Positive,0.8,N
ALT03108,C00052,2025-09-28,Unusual Activity vs Profile,3589.2,United Kingdom,High,AN033,Closed,2025-11-02,35,Escalated to Investigation,11.1,N
ALT05852,C02570,2025-09-28,Rapid Movement of Funds,10319.46,United Kingdom,Low,AN040,Closed,2025-10-10,12,Closed - False Positive,1.0,N
ALT05719,C02666,2025-09-28,Large Cash Deposit,59296.05,France,High,AN040,Closed,2025-10-05,7,Closed - False Positive,0.5,N
ALT02331,C01363,2025-09-28,Rapid Movement of Funds,8767.03,United Kingdom,Medium,AN038,Closed,2025-10-03,5,Closed - False Positive,0.5,N
ALT04707,C02248,2025-09-28,Structuring,7938.04,United Kingdom,High,AN036,Closed,2025-10-11,13,Closed - False Positive,0.8,N
ALT01739,C00463,2025-09-28,High-Risk Jurisdiction Transfer,11303.46,United Kingdom,High,AN034,Closed,2025-10-06,8,Closed - False Positive,0.4,N
ALT05722,C02336,2025-09-28,Large Cash Deposit,59649.0,United Kingdom,High,AN038,Closed,2025-10-03,5,Escalated to Investigation,13.6,N
ALT05218,C01219,2025-09-28,Structuring,7502.91,Germany,High,AN039,Closed,2025-10-04,6,Closed - False Positive,1.2,N
ALT05135,C01123,2025-09-28,Unusual Activity vs Profile,29615.31,United Kingdom,High,AN040,Closed,2025-10-05,7,Closed - False Positive,0.5,N
ALT05815,C00162,2025-09-28,Unusual Activity vs Profile,16549.83,Ireland,Medium,AN035,Closed,2025-10-05,7,Closed - False Positive,0.5,N
ALT04587,C01479,2025-09-28,Structuring,7737.31,India,Medium,AN034,Closed,2025-10-04,6,Closed - False Positive,0.5,N
ALT00370,C01224,2025-09-28,Large Cash Deposit,43665.43,United Kingdom,High,AN035,Closed,2025-11-05,38,SAR Filed,3.8,Y
ALT03462,C01907,2025-09-28,Round-Amount Transfers,17589.47,Nigeria,Medium,AN040,Closed,2025-10-01,3,Closed - False Positive,0.5,N
ALT00517,C02807,2025-09-29,Round-Amount Transfers,1406.02,United Kingdom,High,AN034,Closed,2025-10-24,25,Escalated to Investigation,9.9,N
ALT00662,C02666,2025-09-29,Round-Amount Transfers,16101.17,United Kingdom,High,AN033,Closed,2025-10-04,5,Closed - False Positive,0.3,N
ALT05646,C01507,2025-09-29,Rapid Movement of Funds,26983.16,Ireland,High,AN038,Closed,2025-10-02,3,Closed - False Positive,0.8,N
ALT03329,C00042,2025-09-29,High-Risk Jurisdiction Transfer,150077.12,Russia,High,AN039,Closed,2025-10-16,17,Escalated to Investigation,6.3,N
ALT03802,C01007,2025-09-29,Large Cash Deposit,42421.76,United States,Low,AN036,Closed,2025-10-01,2,Closed - False Positive,1.2,N
ALT02632,C01495,2025-09-29,Structuring,7460.4,United Kingdom,Low,AN036,Closed,2025-10-06,7,Closed - False Positive,0.9,N
ALT02478,C01801,2025-09-29,Dormant Account Reactivation,7618.2,United Kingdom,Low,AN035,Closed,2025-09-30,1,Closed - False Positive,0.9,N
ALT01339,C01044,2025-09-29,Unusual Activity vs Profile,65021.96,Germany,High,AN038,Closed,2025-10-04,5,Closed - False Positive,0.9,N
ALT05169,C00643,2025-09-29,High-Risk Jurisdiction Transfer,21524.56,India,High,AN037,Closed,2025-10-15,16,Closed - False Positive,0.6,N
ALT05175,C00685,2025-09-29,High-Risk Jurisdiction Transfer,8184.36,India,High,AN037,Closed,2025-10-25,26,Escalated to Investigation,5.4,N
ALT02657,C02292,2025-09-29,Rapid Movement of Funds,6939.56,Germany,High,AN034,Closed,2025-10-08,9,Closed - False Positive,0.6,N
ALT05990,C01823,2025-09-29,Rapid Movement of Funds,24429.55,United Kingdom,High,AN033,Closed,2025-10-08,9,Closed - False Positive,0.4,N
ALT01429,C02789,2025-09-29,Round-Amount Transfers,7443.21,United Kingdom,High,AN038,Closed,2025-10-08,9,Closed - False Positive,0.7,N
ALT01145,C00389,2025-09-29,Structuring,7818.65,United Kingdom,Medium,AN036,Closed,2025-10-24,25,SAR Filed,13.9,Y
ALT01813,C01330,2025-09-29,Round-Amount Transfers,7961.91,Ireland,Medium,AN040,Closed,2025-10-14,15,Closed - False Positive,1.1,N
ALT04264,C02469,2025-09-29,Dormant Account Reactivation,44100.23,Nigeria,Medium,AN037,Closed,2025-10-06,7,Closed - False Positive,0.4,N
ALT01322,C01850,2025-09-29,Structuring,7120.77,Nigeria,High,AN036,Closed,2025-09-30,1,Closed - False Positive,0.5,N
ALT04816,C00597,2025-09-29,Rapid Movement of Funds,61968.25,United Kingdom,High,AN040,Closed,2025-09-30,1,Closed - False Positive,0.5,N
ALT03643,C02599,2025-09-30,Structuring,9699.42,United Kingdom,Low,AN036,Closed,2025-10-09,9,SAR Filed,13.7,Y
ALT02696,C01468,2025-09-30,High-Risk Jurisdiction Transfer,22524.62,United Kingdom,Low,AN036,Closed,2025-10-02,2,Closed - False Positive,0.6,N
ALT02531,C02884,2025-09-30,Unusual Activity vs Profile,113823.49,Nigeria,High,AN040,Closed,2025-10-13,13,Closed - False Positive,0.7,N
ALT03244,C02097,2025-09-30,Rapid Movement of Funds,7385.42,United Kingdom,Low,AN035,Closed,2025-10-07,7,Closed - False Positive,0.9,N
ALT02811,C01397,2025-09-30,Unusual Activity vs Profile,6584.38,United Kingdom,High,AN039,Closed,2025-10-05,5,Closed - False Positive,0.5,N
ALT02812,C01352,2025-09-30,Unusual Activity vs Profile,18497.47,United Kingdom,Low,AN039,Closed,2025-10-07,7,Closed - False Positive,1.2,N
ALT05848,C02038,2025-09-30,Unusual Activity vs Profile,2632.75,United Kingdom,High,AN033,Closed,2025-10-01,1,Closed - False Positive,1.1,N
ALT04393,C02352,2025-09-30,High-Risk Jurisdiction Transfer,5210.47,United Kingdom,High,AN034,Closed,2025-11-07,38,SAR Filed,7.4,Y
ALT06324,C01635,2025-09-30,Unusual Activity vs Profile,39357.86,United Kingdom,High,AN038,Closed,2025-10-07,7,Closed - False Positive,0.7,N
ALT00781,C02033,2025-09-30,High-Risk Jurisdiction Transfer,76547.34,United Kingdom,High,AN036,Closed,2025-10-01,1,Closed - False Positive,0.3,N
ALT02305,C00079,2025-09-30,Structuring,7472.48,United Kingdom,Low,AN036,Closed,2025-10-08,8,Closed - False Positive,1.1,N
ALT04912,C02216,2025-09-30,High-Risk Jurisdiction Transfer,12001.95,United Kingdom,Low,AN039,Closed,2025-10-07,7,Closed - False Positive,1.2,N
ALT04884,C02286,2025-09-30,Rapid Movement of Funds,10913.93,Nigeria,High,AN035,Closed,2025-10-05,5,Closed - False Positive,0.5,N
ALT05238,C02049,2025-09-30,Dormant Account Reactivation,24261.38,United Kingdom,High,AN034,Closed,2025-10-01,1,Closed - False Positive,1.1,N
ALT06409,C02722,2025-09-30,Structuring,9202.28,India,Medium,AN040,Closed,2025-10-15,15,Closed - False Positive,0.4,N
ALT01201,C02049,2025-09-30,Unusual Activity vs Profile,14405.5,United Kingdom,High,AN035,Closed,2025-10-08,8,Closed - False Positive,0.6,N
ALT01386,C00890,2025-09-30,Structuring,9207.51,Nigeria,Medium,AN040,Closed,2025-10-02,2,Closed - False Positive,0.8,N
ALT00018,C01389,2025-09-30,Round-Amount Transfers,59471.05,Ireland,High,AN035,Closed,2025-10-05,5,Closed - False Positive,0.3,N
ALT01454,C02969,2025-09-30,Large Cash Deposit,53764.38,United Kingdom,High,AN034,Closed,2025-10-05,5,Closed - False Positive,0.5,N
ALT01703,C01064,2025-09-30,Large Cash Deposit,34907.45,United Kingdom,Low,AN034,Closed,2025-10-09,9,Closed - False Positive,0.9,N
ALT03094,C00987,2025-09-30,Round-Amount Transfers,15032.19,France,Medium,AN033,Closed,2025-10-08,8,Closed - False Positive,0.4,N
ALT03448,C02843,2025-09-30,High-Risk Jurisdiction Transfer,8137.4,United Kingdom,High,AN040,Closed,2025-10-16,16,Closed - False Positive,0.4,N
ALT06482,C00161,2025-09-30,Dormant Account Reactivation,2108.54,United Kingdom,Low,AN037,Closed,2025-10-02,2,Closed - False Positive,1.1,N
ALT04827,C02312,2025-09-30,Structuring,7789.19,United Kingdom,Medium,AN036,Closed,2025-10-03,3,Closed - False Positive,0.3,N
ALT02215,C02286,2025-09-30,High-Risk Jurisdiction Transfer,6649.03,Ireland,High,AN038,Closed,2025-10-12,12,Closed - False Positive,0.4,N
ALT05390,C00643,2025-09-30,Large Cash Deposit,44011.91,India,High,AN034,Closed,2025-10-03,3,Closed - False Positive,1.0,N
ALT01278,C00142,2025-09-30,Unusual Activity vs Profile,70792.4,United Kingdom,High,AN040,Closed,2025-10-02,2,Closed - False Positive,1.0,N
ALT03564,C02666,2025-09-30,High-Risk Jurisdiction Transfer,1862.0,United Kingdom,High,AN033,Closed,2025-10-03,3,Closed - False Positive,0.8,N
ALT03546,C01274,2025-09-30,Round-Amount Transfers,10631.1,United Kingdom,High,AN033,Closed,2025-10-02,2,Closed - False Positive,0.6,N
ALT01820,C00998,2025-10-01,Round-Amount Transfers,3963.3,India,High,AN040,Closed,2025-10-05,4,Closed - False Positive,1.0,N
ALT00857,C01672,2025-10-01,Dormant Account Reactivation,4801.83,Germany,Medium,AN039,Closed,2025-10-09,8,Closed - False Positive,0.5,N
ALT05415,C02610,2025-10-01,Unusual Activity vs Profile,20319.9,United Kingdom,Low,AN035,Closed,2025-11-18,48,SAR Filed,9.9,Y
ALT02016,C01410,2025-10-01,Structuring,7845.45,United Kingdom,High,AN039,Closed,2025-10-07,6,Closed - False Positive,0.8,N
ALT05800,C01662,2025-10-01,Unusual Activity vs Profile,95035.55,UAE,High,AN037,Closed,2025-10-04,3,Closed - False Positive,1.2,N
ALT00538,C02277,2025-10-01,Round-Amount Transfers,2239.49,United Kingdom,Low,AN033,Closed,2025-10-05,4,Closed - False Positive,0.5,N
ALT01312,C01708,2025-10-01,Dormant Account Reactivation,4018.93,United Kingdom,Medium,AN036,Closed,2025-10-03,2,Closed - False Positive,0.4,N
ALT04182,C01694,2025-10-01,Dormant Account Reactivation,3784.63,United Kingdom,Medium,AN034,Closed,2025-10-06,5,Closed - False Positive,0.4,N
ALT05114,C01609,2025-10-01,Round-Amount Transfers,39510.8,Cyprus,Low,AN036,Closed,2025-10-11,10,Closed - False Positive,0.7,N
ALT01045,C00463,2025-10-01,Unusual Activity vs Profile,11710.91,United States,High,AN040,Closed,2025-10-14,13,Closed - False Positive,1.1,N
ALT04040,C02049,2025-10-01,Round-Amount Transfers,52924.22,United Kingdom,High,AN039,Closed,2025-10-17,16,Closed - False Positive,0.4,N
ALT05029,C01476,2025-10-01,Large Cash Deposit,32716.05,United Kingdom,Low,AN040,Closed,2025-10-06,5,Closed - False Positive,0.6,N
ALT01070,C02292,2025-10-01,Unusual Activity vs Profile,47276.54,United Kingdom,High,AN034,Closed,2025-10-05,4,Closed - False Positive,1.0,N
ALT06477,C02882,2025-10-01,Unusual Activity vs Profile,6864.01,Germany,Medium,AN037,Closed,2025-10-14,13,Closed - False Positive,0.7,N
ALT01989,C02904,2025-10-01,Unusual Activity vs Profile,2518.02,United Kingdom,High,AN033,Closed,2025-10-11,10,Closed - False Positive,1.2,N
ALT02464,C00752,2025-10-01,Large Cash Deposit,34994.85,Pakistan,Low,AN040,Closed,2025-10-24,23,Escalated to Investigation,6.6,N
ALT01404,C01850,2025-10-01,Structuring,8301.48,United Kingdom,High,AN036,Closed,2025-10-04,3,Closed - False Positive,0.7,N
ALT03847,C00006,2025-10-01,Unusual Activity vs Profile,43778.93,United Kingdom,High,AN034,Closed,2025-10-04,3,Closed - False Positive,0.3,N
ALT04897,C02956,2025-10-02,Dormant Account Reactivation,7293.98,United Kingdom,Medium,AN038,Closed,2025-10-04,2,Closed - False Positive,1.1,N
ALT06150,C02522,2025-10-02,Rapid Movement of Funds,14955.34,United Kingdom,Medium,AN036,Closed,2025-10-05,3,Closed - False Positive,0.6,N
ALT01428,C02345,2025-10-02,Structuring,7009.73,United Kingdom,High,AN034,Closed,2025-10-07,5,Closed - False Positive,1.1,N
ALT01621,C01395,2025-10-02,Large Cash Deposit,31876.0,United Kingdom,Medium,AN034,Closed,2025-10-10,8,Closed - False Positive,0.6,N
ALT01935,C00998,2025-10-02,Round-Amount Transfers,44022.64,United Kingdom,High,AN038,Closed,2025-10-09,7,Closed - False Positive,0.9,N
ALT02564,C01397,2025-10-02,Round-Amount Transfers,22746.46,United Kingdom,High,AN040,Closed,2025-10-25,23,Escalated to Investigation,13.2,N
ALT06163,C02610,2025-10-02,Round-Amount Transfers,7594.49,Pakistan,Low,AN040,Closed,2025-10-15,13,Closed - False Positive,0.8,N
ALT06286,C02345,2025-10-02,Unusual Activity vs Profile,8582.5,Panama,High,AN038,Closed,2025-10-07,5,Closed - False Positive,0.4,N
ALT04624,C02113,2025-10-02,Unusual Activity vs Profile,8267.55,United Kingdom,Low,AN036,Closed,2025-10-03,1,Closed - False Positive,0.8,N
ALT04612,C01570,2025-10-02,Large Cash Deposit,19114.36,United Kingdom,High,AN035,Closed,2025-10-11,9,Closed - False Positive,0.8,N
ALT06347,C01774,2025-10-02,Rapid Movement of Funds,22876.64,United Kingdom,High,AN040,Closed,2025-10-04,2,Closed - False Positive,0.4,N
ALT06346,C02934,2025-10-02,Large Cash Deposit,46211.49,United Kingdom,High,AN034,Closed,2025-10-19,17,SAR Filed,12.3,Y
ALT02123,C01064,2025-10-02,Structuring,7402.12,United Kingdom,Low,AN037,Closed,2025-10-09,7,Closed - False Positive,0.6,N
ALT03590,C02630,2025-10-02,High-Risk Jurisdiction Transfer,7898.6,Pakistan,High,AN037,Closed,2025-10-08,6,Closed - False Positive,0.5,N
ALT02334,C00543,2025-10-02,Dormant Account Reactivation,13218.2,United Kingdom,Low,AN038,Closed,2025-10-06,4,Closed - False Positive,0.7,N
ALT05374,C02962,2025-10-02,Round-Amount Transfers,19044.14,United Kingdom,Medium,AN035,Closed,2025-10-10,8,Closed - False Positive,0.3,N
ALT04550,C00375,2025-10-02,Large Cash Deposit,33283.97,UAE,Medium,AN037,Closed,2025-10-04,2,Closed - False Positive,0.4,N
ALT04333,C00004,2025-10-02,Unusual Activity vs Profile,28099.77,United Kingdom,High,AN038,Closed,2025-10-05,3,Closed - False Positive,0.4,N
ALT02024,C01566,2025-10-02,Unusual Activity vs Profile,1460.04,United Kingdom,Medium,AN035,Closed,2025-10-09,7,Closed - False Positive,0.5,N
ALT01056,C01109,2025-10-02,Dormant Account Reactivation,54892.91,Germany,High,AN038,Closed,2025-10-07,5,Closed - False Positive,1.1,N
ALT00344,C02248,2025-10-03,Round-Amount Transfers,60787.42,Panama,High,AN035,Closed,2025-10-09,6,Closed - False Positive,0.4,N
ALT00652,C02577,2025-10-03,Unusual Activity vs Profile,13917.51,United Kingdom,Medium,AN036,Closed,2025-10-13,10,Escalated to Investigation,12.6,N
ALT04639,C00402,2025-10-03,Structuring,8033.49,United Kingdom,High,AN037,Closed,2025-10-09,6,Closed - False Positive,1.0,N
ALT02124,C01479,2025-10-03,High-Risk Jurisdiction Transfer,2603.05,Nigeria,Low,AN033,Closed,2025-10-14,11,Closed - False Positive,0.6,N
ALT02078,C01224,2025-10-03,Unusual Activity vs Profile,22201.63,India,High,AN033,Closed,2025-10-06,3,Closed - False Positive,1.0,N
ALT04439,C02636,2025-10-03,Structuring,8828.84,United Kingdom,Low,AN033,Closed,2025-10-05,2,Closed - False Positive,0.6,N
ALT00387,C02530,2025-10-03,Round-Amount Transfers,6829.48,United Kingdom,High,AN034,Closed,2025-10-11,8,Closed - False Positive,0.5,N
ALT04665,C02232,2025-10-03,Structuring,8273.86,United Kingdom,Medium,AN034,Closed,2025-10-04,1,Closed - False Positive,0.5,N
ALT01065,C02299,2025-10-04,Structuring,8926.77,United States,High,AN037,Closed,2025-10-13,9,Closed - False Positive,0.9,N
ALT01657,C00989,2025-10-04,Unusual Activity vs Profile,6589.69,United Kingdom,Medium,AN039,Closed,2025-10-30,26,SAR Filed,8.2,Y
ALT06234,C01222,2025-10-04,Rapid Movement of Funds,6091.65,United Kingdom,High,AN033,Closed,2025-10-11,7,Closed - False Positive,0.6,N
ALT01726,C00035,2025-10-04,Round-Amount Transfers,477.78,United Kingdom,Medium,AN039,Closed,2025-10-07,3,Closed - False Positive,0.5,N
ALT03485,C02017,2025-10-04,Rapid Movement of Funds,5794.84,United Kingdom,Medium,AN036,Closed,2025-10-11,7,Closed - False Positive,1.1,N
ALT01013,C02666,2025-10-04,Unusual Activity vs Profile,109127.15,Germany,High,AN036,Closed,2025-10-13,9,Closed - False Positive,0.3,N
ALT00283,C01606,2025-10-04,Structuring,7469.41,France,Low,AN033,Closed,2025-10-09,5,Closed - False Positive,1.2,N
ALT03141,C01131,2025-10-04,Unusual Activity vs Profile,1436.49,Nigeria,Low,AN036,Closed,2025-10-12,8,Closed - False Positive,0.8,N
ALT04480,C01402,2025-10-04,Large Cash Deposit,59797.33,Nigeria,High,AN037,Closed,2025-11-01,28,Escalated to Investigation,13.6,N
ALT03356,C02170,2025-10-04,Dormant Account Reactivation,158220.29,UAE,High,AN036,Closed,2025-10-18,14,Escalated to Investigation,9.5,N
ALT02958,C00998,2025-10-04,Dormant Account Reactivation,50101.65,United Kingdom,High,AN033,Closed,2025-10-08,4,Closed - False Positive,1.1,N
ALT03529,C02482,2025-10-04,Unusual Activity vs Profile,9230.78,United Kingdom,High,AN036,Closed,2025-10-06,2,Closed - False Positive,0.5,N
ALT05805,C02675,2025-10-04,Structuring,8471.37,United Kingdom,High,AN040,Closed,2025-10-08,4,Closed - False Positive,0.8,N
ALT06437,C00826,2025-10-04,Large Cash Deposit,23474.02,Ireland,Low,AN033,Closed,2025-10-13,9,Closed - False Positive,1.2,N
ALT00845,C01570,2025-10-04,Structuring,8117.49,Pakistan,High,AN033,Closed,2025-10-06,2,Closed - False Positive,1.1,N
ALT06368,C02297,2025-10-04,Unusual Activity vs Profile,33743.63,Ireland,Low,AN034,Closed,2025-10-08,4,Closed - False Positive,0.3,N
ALT04263,C02636,2025-10-04,Rapid Movement of Funds,4516.87,United Kingdom,Low,AN033,Closed,2025-10-21,17,Closed - False Positive,1.1,N
ALT02440,C00889,2025-10-04,Structuring,8202.85,Panama,Medium,AN038,Closed,2025-10-30,26,Escalated to Investigation,7.4,N
ALT03700,C00304,2025-10-04,High-Risk Jurisdiction Transfer,45447.67,United States,Low,AN034,Closed,2025-10-09,5,Closed - False Positive,0.9,N
ALT04814,C00481,2025-10-04,Unusual Activity vs Profile,20662.42,Russia,High,AN033,Closed,2025-10-10,6,Closed - False Positive,1.0,N
ALT01419,C01311,2025-10-05,Structuring,8518.92,United Kingdom,Low,AN035,Closed,2025-10-20,15,Closed - False Positive,1.2,N
ALT01937,C02418,2025-10-05,Rapid Movement of Funds,7946.82,United Kingdom,Medium,AN034,Closed,2025-10-09,4,Closed - False Positive,0.6,N
ALT05076,C01283,2025-10-05,Rapid Movement of Funds,12057.46,Russia,Medium,AN035,Closed,2025-10-09,4,Closed - False Positive,0.3,N
ALT01544,C02820,2025-10-05,Large Cash Deposit,36064.65,United Kingdom,Low,AN035,Closed,2025-10-08,3,Closed - False Positive,0.3,N
ALT00859,C00554,2025-10-05,Dormant Account Reactivation,10462.65,United Kingdom,Medium,AN034,Closed,2025-10-07,2,Closed - False Positive,0.7,N
ALT01669,C02140,2025-10-05,Unusual Activity vs Profile,2243.87,Germany,Medium,AN034,Closed,2025-10-11,6,Closed - False Positive,0.5,N
ALT00691,C00031,2025-10-05,Round-Amount Transfers,23943.85,United Kingdom,Medium,AN033,Closed,2025-10-16,11,Closed - False Positive,0.8,N
ALT00141,C01662,2025-10-05,High-Risk Jurisdiction Transfer,8109.38,UAE,High,AN037,Closed,2025-10-20,15,SAR Filed,6.5,Y
ALT05258,C01028,2025-10-05,Unusual Activity vs Profile,31152.71,United Kingdom,Medium,AN038,Closed,2025-10-10,5,Closed - False Positive,0.8,N
ALT05190,C00985,2025-10-05,Structuring,9274.09,UAE,High,AN040,Closed,2025-10-31,26,Closed - False Positive,0.4,N
ALT03674,C02140,2025-10-05,Large Cash Deposit,57559.42,India,High,AN040,Closed,2025-10-21,16,Closed - False Positive,0.4,N
ALT04614,C01097,2025-10-05,Rapid Movement of Funds,109548.45,United Kingdom,High,AN035,Closed,2025-10-11,6,Closed - False Positive,0.6,N
ALT02004,C02039,2025-10-05,High-Risk Jurisdiction Transfer,19654.58,France,Medium,AN033,Closed,2025-10-08,3,Closed - False Positive,0.3,N
ALT03480,C02418,2025-10-05,Large Cash Deposit,35310.58,United Kingdom,Medium,AN035,Closed,2025-10-20,15,Closed - False Positive,0.8,N
ALT00296,C00271,2025-10-05,Rapid Movement of Funds,31470.87,United Kingdom,Low,AN039,Closed,2025-10-07,2,Closed - False Positive,0.5,N
ALT00471,C00218,2025-10-05,Structuring,8935.14,United Kingdom,Low,AN038,Closed,2025-10-09,4,Closed - False Positive,0.5,N
ALT04136,C00485,2025-10-06,Unusual Activity vs Profile,4330.34,United Kingdom,High,AN037,Closed,2025-11-12,37,Escalated to Investigation,6.2,N
ALT06066,C00159,2025-10-06,Dormant Account Reactivation,46158.48,Nigeria,Medium,AN034,Closed,2025-10-07,1,Closed - False Positive,1.0,N
ALT01422,C02458,2025-10-06,Round-Amount Transfers,4773.12,Germany,High,AN037,Closed,2025-10-10,4,Closed - False Positive,0.9,N
ALT03196,C02473,2025-10-06,Round-Amount Transfers,9273.22,Ireland,High,AN033,Closed,2025-10-09,3,Closed - False Positive,1.1,N
ALT05725,C02738,2025-10-06,Large Cash Deposit,36195.8,United Kingdom,Medium,AN034,Closed,2025-10-16,10,Closed - False Positive,0.7,N
ALT03478,C00815,2025-10-06,Rapid Movement of Funds,3377.83,France,Medium,AN035,Closed,2025-10-13,7,SAR Filed,6.4,Y
ALT01839,C01595,2025-10-06,Structuring,9799.51,United Kingdom,Medium,AN036,Closed,2025-10-15,9,Escalated to Investigation,11.5,N
ALT03159,C00440,2025-10-06,Rapid Movement of Funds,20275.18,United Kingdom,High,AN034,Closed,2025-10-07,1,Closed - False Positive,0.5,N
ALT02577,C02499,2025-10-06,Rapid Movement of Funds,23956.69,United Kingdom,High,AN034,Closed,2025-11-27,52,Escalated to Investigation,9.0,N
ALT03904,C00972,2025-10-06,Rapid Movement of Funds,7653.81,Cyprus,Medium,AN038,Closed,2025-10-08,2,Closed - False Positive,0.4,N
ALT03413,C01787,2025-10-06,High-Risk Jurisdiction Transfer,2800.69,Pakistan,Low,AN036,Closed,2025-10-11,5,Closed - False Positive,0.6,N
ALT00068,C02840,2025-10-06,Unusual Activity vs Profile,63881.03,United Kingdom,High,AN039,Closed,2025-10-15,9,Closed - False Positive,0.4,N
ALT01936,C02000,2025-10-06,Unusual Activity vs Profile,23502.16,United Kingdom,Low,AN036,Closed,2025-10-17,11,Closed - False Positive,0.4,N
ALT03374,C01018,2025-10-06,Rapid Movement of Funds,14608.12,Pakistan,Medium,AN038,Closed,2025-10-11,5,Closed - False Positive,1.1,N
ALT02839,C00378,2025-10-06,Unusual Activity vs Profile,3086.29,United Kingdom,Medium,AN037,Closed,2025-10-08,2,Closed - False Positive,0.9,N
ALT00885,C01013,2025-10-06,Large Cash Deposit,29153.46,United Kingdom,Low,AN033,Closed,2025-10-18,12,Closed - False Positive,0.6,N
ALT00622,C02853,2025-10-06,Unusual Activity vs Profile,29832.79,Germany,Medium,AN035,Closed,2025-10-11,5,Closed - False Positive,0.9,N
ALT03482,C00940,2025-10-06,Unusual Activity vs Profile,11673.83,United Kingdom,Medium,AN033,Closed,2025-10-09,3,Closed - False Positive,0.5,N
ALT05068,C00334,2025-10-06,High-Risk Jurisdiction Transfer,22849.84,India,Low,AN039,Closed,2025-10-26,20,Closed - False Positive,0.3,N
ALT04464,C00949,2025-10-07,Structuring,9843.51,Ireland,High,AN036,Closed,2025-10-13,6,Closed - False Positive,0.4,N
ALT04988,C02136,2025-10-07,High-Risk Jurisdiction Transfer,9816.66,United Kingdom,Low,AN039,Closed,2025-10-17,10,Closed - False Positive,1.0,N
ALT01476,C02852,2025-10-07,Rapid Movement of Funds,10499.56,India,Medium,AN035,Closed,2025-10-11,4,Closed - False Positive,0.4,N
ALT04559,C01160,2025-10-07,Dormant Account Reactivation,7933.28,United Kingdom,Medium,AN039,Closed,2025-10-12,5,Closed - False Positive,0.7,N
ALT00249,C01638,2025-10-07,Rapid Movement of Funds,4847.24,United Kingdom,Medium,AN033,Closed,2025-10-10,3,Closed - False Positive,0.4,N
ALT02646,C00238,2025-10-07,Dormant Account Reactivation,5531.02,United States,Low,AN037,Closed,2025-10-10,3,Closed - False Positive,0.9,N
ALT00351,C02248,2025-10-07,Dormant Account Reactivation,9043.87,United Kingdom,High,AN037,Closed,2025-10-11,4,Closed - False Positive,1.0,N
ALT04731,C00475,2025-10-07,Structuring,7471.85,United Kingdom,Low,AN034,Closed,2025-10-08,1,Closed - False Positive,1.1,N
ALT04338,C00088,2025-10-07,Unusual Activity vs Profile,3244.67,United Kingdom,Low,AN039,Closed,2025-10-13,6,Closed - False Positive,0.3,N
ALT01034,C00485,2025-10-07,Dormant Account Reactivation,8094.96,Cyprus,High,AN040,Closed,2025-10-08,1,Closed - False Positive,0.4,N
ALT00931,C01229,2025-10-07,High-Risk Jurisdiction Transfer,9273.25,United Kingdom,Medium,AN037,Closed,2025-10-31,24,Escalated to Investigation,6.6,N
ALT03385,C02416,2025-10-07,Rapid Movement of Funds,29442.41,Pakistan,High,AN037,Closed,2025-10-13,6,Closed - False Positive,0.7,N
ALT00722,C02221,2025-10-07,Structuring,7537.47,France,Low,AN038,Closed,2025-10-09,2,Closed - False Positive,0.9,N
ALT05353,C00865,2025-10-07,Rapid Movement of Funds,1556.1,Nigeria,High,AN036,Closed,2025-10-27,20,Escalated to Investigation,8.2,N
ALT01876,C02899,2025-10-07,High-Risk Jurisdiction Transfer,1969.72,Ireland,Low,AN040,Closed,2025-10-12,5,Closed - False Positive,1.1,N
ALT04856,C00998,2025-10-07,High-Risk Jurisdiction Transfer,12753.35,India,High,AN033,Closed,2025-10-13,6,Closed - False Positive,0.6,N
ALT03536,C02167,2025-10-07,Unusual Activity vs Profile,11286.52,United Kingdom,High,AN035,Closed,2025-10-15,8,Closed - False Positive,1.2,N
ALT06302,C02288,2025-10-07,Rapid Movement of Funds,2785.35,United Kingdom,Low,AN038,Closed,2025-10-17,10,Closed - False Positive,0.6,N
ALT04992,C02292,2025-10-07,Large Cash Deposit,31956.74,France,High,AN037,Closed,2025-10-18,11,Closed - False Positive,0.3,N
ALT00205,C01835,2025-10-07,Unusual Activity vs Profile,9733.08,India,Low,AN035,Closed,2025-10-10,3,Closed - False Positive,0.4,N
ALT02619,C00133,2025-10-07,Large Cash Deposit,35970.29,Nigeria,High,AN037,Closed,2025-10-10,3,Closed - False Positive,1.2,N
ALT02413,C00998,2025-10-08,Dormant Account Reactivation,24472.89,India,High,AN033,Closed,2025-10-19,11,Closed - False Positive,1.2,N
ALT03429,C00699,2025-10-08,Large Cash Deposit,28980.62,France,Low,AN037,Closed,2025-10-18,10,Closed - False Positive,0.4,N
ALT01317,C01755,2025-10-08,High-Risk Jurisdiction Transfer,4688.28,United Kingdom,Low,AN033,Closed,2025-10-20,12,Closed - False Positive,0.3,N
ALT04969,C02656,2025-10-08,Large Cash Deposit,37712.52,United Kingdom,High,AN034,Closed,2025-10-11,3,Closed - False Positive,0.5,N
ALT06454,C02656,2025-10-08,Large Cash Deposit,42363.85,United Kingdom,High,AN034,Closed,2025-10-13,5,Closed - False Positive,1.0,N
ALT06250,C01823,2025-10-08,Rapid Movement of Funds,3938.15,United Kingdom,High,AN037,Closed,2025-10-11,3,Closed - False Positive,0.9,N
ALT02182,C02021,2025-10-08,Dormant Account Reactivation,23743.77,United Kingdom,Medium,AN037,Closed,2025-10-14,6,Closed - False Positive,0.6,N
ALT03731,C01455,2025-10-08,Rapid Movement of Funds,120981.71,United Kingdom,High,AN040,Closed,2025-10-17,9,Closed - False Positive,1.0,N
ALT05422,C00577,2025-10-08,Unusual Activity vs Profile,31597.2,India,Low,AN040,Closed,2025-10-11,3,Closed - False Positive,1.2,N
ALT02484,C02202,2025-10-08,Large Cash Deposit,9877.7,United Kingdom,Medium,AN038,Closed,2025-10-15,7,Closed - False Positive,0.4,N
ALT00581,C00402,2025-10-08,Dormant Account Reactivation,21606.08,United Kingdom,High,AN037,Closed,2025-10-17,9,Closed - False Positive,0.9,N
ALT00774,C02111,2025-10-08,Dormant Account Reactivation,5291.24,India,High,AN038,Closed,2025-10-11,3,Closed - False Positive,0.5,N
ALT00056,C00004,2025-10-08,Dormant Account Reactivation,184904.16,United Kingdom,High,AN036,Closed,2025-11-01,24,Escalated to Investigation,6.7,N
ALT04046,C01674,2025-10-08,Dormant Account Reactivation,13871.16,India,High,AN037,Closed,2025-10-10,2,Closed - False Positive,0.4,N
ALT05038,C02712,2025-10-08,Rapid Movement of Funds,3272.96,United Kingdom,High,AN033,Closed,2025-10-15,7,Closed - False Positive,0.5,N
ALT04782,C02546,2025-10-08,Unusual Activity vs Profile,2753.27,Germany,Low,AN038,Closed,2025-10-13,5,Closed - False Positive,0.7,N
ALT05361,C01620,2025-10-08,High-Risk Jurisdiction Transfer,11307.31,United Kingdom,High,AN038,Closed,2025-10-15,7,Closed - False Positive,1.0,N
ALT04485,C00657,2025-10-08,Unusual Activity vs Profile,7726.51,Panama,Medium,AN040,Closed,2025-10-15,7,Closed - False Positive,1.1,N
ALT01048,C01650,2025-10-08,High-Risk Jurisdiction Transfer,6050.78,France,Medium,AN033,Closed,2025-10-12,4,Closed - False Positive,0.6,N
ALT03395,C01419,2025-10-08,Large Cash Deposit,54166.71,United Kingdom,High,AN039,Closed,2025-10-12,4,Closed - False Positive,0.5,N
ALT05318,C02319,2025-10-09,Dormant Account Reactivation,12051.66,United Kingdom,Medium,AN038,Closed,2025-10-15,6,Closed - False Positive,0.8,N
ALT02649,C02174,2025-10-09,Round-Amount Transfers,9007.9,United Kingdom,Low,AN039,Closed,2025-10-27,18,Escalated to Investigation,13.1,N
ALT04910,C02736,2025-10-09,Unusual Activity vs Profile,83879.17,United Kingdom,High,AN033,Closed,2025-10-17,8,Closed - False Positive,1.1,N
ALT05469,C02067,2025-10-09,Structuring,7480.72,UAE,Low,AN037,Closed,2025-10-13,4,Closed - False Positive,1.0,N
ALT00355,C02228,2025-10-09,Structuring,7994.8,United Kingdom,Medium,AN038,Closed,2025-10-16,7,Closed - False Positive,0.4,N
ALT05981,C00868,2025-10-09,High-Risk Jurisdiction Transfer,35980.93,United Kingdom,Medium,AN040,Closed,2025-10-13,4,Closed - False Positive,0.5,N
ALT04459,C01642,2025-10-09,Structuring,8800.37,France,Medium,AN035,Closed,2025-10-16,7,Closed - False Positive,1.2,N
ALT04402,C00778,2025-10-09,Unusual Activity vs Profile,94148.5,United Kingdom,High,AN034,Closed,2025-10-16,7,Closed - False Positive,0.4,N
ALT02831,C01472,2025-10-09,Unusual Activity vs Profile,35478.45,United Kingdom,Medium,AN039,Closed,2025-10-11,2,Closed - False Positive,0.7,N
ALT00797,C02327,2025-10-09,Rapid Movement of Funds,16338.39,UAE,Medium,AN040,Closed,2025-10-13,4,Closed - False Positive,0.4,N
ALT02367,C00989,2025-10-09,High-Risk Jurisdiction Transfer,7995.17,Nigeria,Medium,AN039,Closed,2025-10-19,10,Closed - False Positive,0.6,N
ALT06336,C00273,2025-10-09,Structuring,8412.17,Russia,Medium,AN038,Closed,2025-10-12,3,Closed - False Positive,0.4,N
ALT05041,C01794,2025-10-09,Rapid Movement of Funds,1428.37,Panama,Low,AN033,Closed,2025-11-06,28,Escalated to Investigation,4.0,N
ALT02594,C02465,2025-10-09,Rapid Movement of Funds,28521.58,United Kingdom,Medium,AN039,Closed,2025-10-16,7,Closed - False Positive,0.6,N
ALT05944,C01026,2025-10-09,Round-Amount Transfers,10843.47,United Kingdom,Medium,AN035,Closed,2025-10-16,7,Closed - False Positive,0.3,N
ALT01911,C00766,2025-10-09,Large Cash Deposit,23901.81,India,Medium,AN034,Closed,2025-11-22,44,SAR Filed,5.9,Y
ALT02382,C00365,2025-10-09,Structuring,8840.68,United Kingdom,High,AN039,Closed,2025-10-15,6,Closed - False Positive,0.7,N
ALT06268,C02373,2025-10-09,High-Risk Jurisdiction Transfer,10296.28,United Kingdom,High,AN040,Closed,2025-10-23,14,Closed - False Positive,1.2,N
ALT01862,C01861,2025-10-09,Rapid Movement of Funds,41732.12,United Kingdom,Medium,AN035,Closed,2025-10-16,7,Closed - False Positive,0.9,N
ALT03173,C01377,2025-10-09,Large Cash Deposit,18686.77,United Kingdom,Medium,AN034,Closed,2025-10-18,9,Closed - False Positive,0.4,N
ALT02836,C02631,2025-10-09,Rapid Movement of Funds,17792.62,United Kingdom,Low,AN034,Closed,2025-10-18,9,Closed - False Positive,1.1,N
ALT05007,C01793,2025-10-09,Large Cash Deposit,24765.31,United Kingdom,Medium,AN036,Closed,2025-10-18,9,Closed - False Positive,1.0,N
ALT05676,C01506,2025-10-09,Large Cash Deposit,10528.28,Panama,Low,AN034,Closed,2025-10-14,5,Closed - False Positive,0.6,N
ALT03369,C00415,2025-10-10,Structuring,7852.35,United Kingdom,Medium,AN033,Closed,2025-11-02,23,SAR Filed,9.5,Y
ALT04773,C00067,2025-10-10,High-Risk Jurisdiction Transfer,33846.6,Germany,High,AN037,Closed,2025-10-12,2,Closed - False Positive,1.0,N
ALT02821,C01841,2025-10-10,Rapid Movement of Funds,11230.39,United Kingdom,Medium,AN036,Closed,2025-10-18,8,Closed - False Positive,0.7,N
ALT00591,C01379,2025-10-10,Structuring,7440.63,United Kingdom,Medium,AN036,Closed,2025-10-22,12,Closed - False Positive,0.4,N
ALT00548,C00228,2025-10-10,Unusual Activity vs Profile,3832.5,United Kingdom,Medium,AN038,Closed,2025-10-30,20,Closed - False Positive,0.7,N
ALT02267,C00444,2025-10-10,Rapid Movement of Funds,20907.5,United Kingdom,High,AN033,Closed,2025-10-20,10,Closed - False Positive,1.0,N
ALT02891,C01662,2025-10-10,High-Risk Jurisdiction Transfer,23370.58,United Kingdom,High,AN037,Closed,2025-10-14,4,Closed - False Positive,0.4,N
ALT02308,C02766,2025-10-10,Unusual Activity vs Profile,15916.9,Germany,Medium,AN036,Closed,2025-10-20,10,Closed - False Positive,0.6,N
ALT01011,C02387,2025-10-10,Rapid Movement of Funds,4132.26,United Kingdom,Medium,AN039,Closed,2025-10-13,3,Closed - False Positive,0.3,N
ALT05661,C01882,2025-10-10,Structuring,9552.53,Cyprus,Low,AN034,Closed,2025-10-16,6,Closed - False Positive,0.7,N
ALT05969,C02608,2025-10-10,Structuring,8127.48,United Kingdom,Medium,AN039,Closed,2025-11-02,23,Escalated to Investigation,13.7,N
ALT05653,C01507,2025-10-10,Rapid Movement of Funds,6332.98,France,High,AN038,Closed,2025-10-15,5,Closed - False Positive,1.0,N
ALT01479,C02818,2025-10-10,High-Risk Jurisdiction Transfer,3057.29,UAE,Medium,AN039,Closed,2025-10-15,5,Closed - False Positive,0.9,N
ALT00098,C02173,2025-10-10,Structuring,7803.08,United Kingdom,High,AN035,Closed,2025-10-11,1,Closed - False Positive,1.2,N
ALT04529,C00021,2025-10-10,Unusual Activity vs Profile,16850.25,United Kingdom,Low,AN036,Closed,2025-10-15,5,Closed - False Positive,1.0,N
ALT04121,C02949,2025-10-10,Structuring,9119.5,Nigeria,Medium,AN034,Closed,2025-10-13,3,Closed - False Positive,0.8,N
ALT03552,C02906,2025-10-10,Structuring,8339.54,United Kingdom,Medium,AN036,Closed,2025-10-15,5,Closed - False Positive,1.1,N
ALT05622,C01385,2025-10-10,Dormant Account Reactivation,9116.22,Nigeria,Low,AN035,Closed,2025-10-15,5,Closed - False Positive,0.7,N
ALT02218,C00213,2025-10-10,Large Cash Deposit,13662.67,United Kingdom,Medium,AN036,Closed,2025-11-04,25,SAR Filed,3.1,Y
ALT03393,C02607,2025-10-10,Rapid Movement of Funds,11038.38,United Kingdom,High,AN033,Closed,2025-10-15,5,Closed - False Positive,0.6,N
ALT01092,C00649,2025-10-10,Unusual Activity vs Profile,8578.17,United Kingdom,High,AN039,Closed,2025-10-22,12,Closed - False Positive,0.7,N
ALT01666,C02807,2025-10-11,Large Cash Deposit,46200.61,Germany,High,AN037,Closed,2025-10-16,5,Closed - False Positive,0.9,N
ALT02454,C00079,2025-10-11,Large Cash Deposit,15770.27,United States,Medium,AN036,Closed,2025-10-19,8,Closed - False Positive,1.0,N
ALT03174,C02929,2025-10-11,Rapid Movement of Funds,12693.07,United Kingdom,Low,AN035,Closed,2025-10-12,1,Closed - False Positive,0.9,N
ALT01433,C00849,2025-10-11,Unusual Activity vs Profile,28518.76,United Kingdom,High,AN036,Closed,2025-10-17,6,Closed - False Positive,0.4,N
ALT04854,C00965,2025-10-11,Structuring,7219.14,United Kingdom,Medium,AN034,Closed,2025-10-19,8,Closed - False Positive,1.1,N
ALT03583,C01129,2025-10-11,Dormant Account Reactivation,7658.88,United Kingdom,Medium,AN039,Closed,2025-10-13,2,Closed - False Positive,0.8,N
ALT00676,C01285,2025-10-11,Rapid Movement of Funds,11048.14,United Kingdom,High,AN037,Closed,2025-10-16,5,Closed - False Positive,0.5,N
ALT02770,C00908,2025-10-11,Large Cash Deposit,18806.08,United Kingdom,Medium,AN040,Closed,2025-10-13,2,Closed - False Positive,0.4,N
ALT05062,C00258,2025-10-11,Unusual Activity vs Profile,29937.97,United Kingdom,Low,AN039,Closed,2025-10-14,3,Closed - False Positive,0.7,N
ALT04441,C01325,2025-10-11,Round-Amount Transfers,8345.48,United Kingdom,Medium,AN037,Closed,2025-10-15,4,Closed - False Positive,1.2,N
ALT01901,C02320,2025-10-11,High-Risk Jurisdiction Transfer,3737.41,India,Low,AN033,Closed,2025-10-19,8,Closed - False Positive,0.7,N
ALT05004,C01398,2025-10-11,Rapid Movement of Funds,6994.5,United Kingdom,Low,AN036,Closed,2025-10-19,8,Closed - False Positive,0.5,N
ALT02307,C00554,2025-10-11,Rapid Movement of Funds,6611.48,United Kingdom,Medium,AN036,Closed,2025-10-14,3,Closed - False Positive,0.9,N
ALT02547,C02697,2025-10-11,Unusual Activity vs Profile,25259.17,United Kingdom,Medium,AN036,Closed,2025-10-13,2,Closed - False Positive,0.8,N
ALT04690,C01896,2025-10-11,Round-Amount Transfers,29593.28,United Kingdom,High,AN035,Closed,2025-10-30,19,SAR Filed,7.0,Y
ALT05145,C01574,2025-10-11,Dormant Account Reactivation,59499.69,United Kingdom,High,AN038,Closed,2025-10-15,4,Closed - False Positive,0.5,N
ALT05229,C01570,2025-10-11,High-Risk Jurisdiction Transfer,7064.05,Panama,High,AN035,Closed,2025-10-19,8,Closed - False Positive,1.1,N
ALT01487,C01125,2025-10-11,High-Risk Jurisdiction Transfer,18966.84,United Kingdom,Medium,AN036,Closed,2025-10-13,2,Closed - False Positive,0.9,N
ALT02498,C00298,2025-10-11,Rapid Movement of Funds,6794.52,United Kingdom,Medium,AN034,Closed,2025-10-14,3,Closed - False Positive,0.9,N
ALT00376,C00843,2025-10-11,Dormant Account Reactivation,22577.91,Nigeria,Low,AN035,Closed,2025-11-08,28,SAR Filed,7.4,Y
ALT05845,C00186,2025-10-11,Unusual Activity vs Profile,25134.7,Ireland,Medium,AN034,Closed,2025-10-16,5,Closed - False Positive,1.0,N
ALT00258,C02691,2025-10-11,Round-Amount Transfers,204328.21,United Kingdom,High,AN036,Closed,2025-10-15,4,Closed - False Positive,0.8,N
ALT03560,C00220,2025-10-11,Round-Amount Transfers,77751.65,United States,High,AN036,Closed,2025-10-15,4,Closed - False Positive,0.6,N
ALT05082,C01977,2025-10-12,Structuring,9343.06,United Kingdom,Low,AN038,Closed,2025-10-17,5,Closed - False Positive,1.1,N
ALT00882,C00322,2025-10-12,Unusual Activity vs Profile,84029.95,United Kingdom,High,AN034,Closed,2025-10-14,2,Closed - False Positive,1.1,N
ALT04766,C00855,2025-10-12,High-Risk Jurisdiction Transfer,49420.7,India,Medium,AN040,Closed,2025-10-15,3,Closed - False Positive,1.1,N
ALT05558,C02722,2025-10-12,High-Risk Jurisdiction Transfer,45610.33,United Kingdom,Medium,AN033,Closed,2025-10-19,7,Closed - False Positive,1.0,N
ALT03846,C01348,2025-10-12,Round-Amount Transfers,10208.59,United Kingdom,Medium,AN038,Closed,2025-10-18,6,Closed - False Positive,1.1,N
ALT00853,C01406,2025-10-12,Rapid Movement of Funds,15979.53,United Kingdom,Low,AN039,Closed,2025-10-16,4,Closed - False Positive,1.0,N
ALT04917,C00668,2025-10-12,High-Risk Jurisdiction Transfer,54789.67,United Kingdom,High,AN040,Closed,2025-10-15,3,Closed - False Positive,0.3,N
ALT06254,C02593,2025-10-12,Large Cash Deposit,26725.85,India,High,AN039,Closed,2025-10-17,5,Closed - False Positive,0.6,N
ALT01517,C01651,2025-10-12,Large Cash Deposit,26106.01,United Kingdom,Medium,AN035,Closed,2025-10-25,13,Closed - False Positive,0.4,N
ALT05506,C00949,2025-10-12,Rapid Movement of Funds,2486.42,Panama,High,AN034,Closed,2025-10-26,14,SAR Filed,7.1,Y
ALT03110,C00705,2025-10-12,Unusual Activity vs Profile,3900.98,United Kingdom,Medium,AN033,Closed,2025-10-16,4,Closed - False Positive,0.7,N
ALT02400,C00421,2025-10-12,Structuring,9891.08,United Kingdom,Low,AN033,Closed,2025-10-22,10,Closed - False Positive,0.5,N
ALT02507,C00650,2025-10-12,Large Cash Deposit,33534.05,United Kingdom,High,AN040,Closed,2025-10-31,19,Closed - False Positive,0.7,N
ALT04563,C01591,2025-10-12,High-Risk Jurisdiction Transfer,18700.71,Cyprus,Medium,AN033,Closed,2025-10-15,3,Closed - False Positive,0.9,N
ALT01639,C02038,2025-10-12,Unusual Activity vs Profile,17370.7,India,High,AN034,Closed,2025-10-14,2,Closed - False Positive,0.5,N
ALT03757,C00351,2025-10-13,Structuring,8884.0,United Kingdom,Medium,AN035,Closed,2025-10-26,13,Closed - False Positive,0.9,N
ALT02562,C01822,2025-10-13,High-Risk Jurisdiction Transfer,25444.7,UAE,High,AN040,Closed,2025-10-22,9,Closed - False Positive,1.1,N
ALT00452,C00763,2025-10-13,Rapid Movement of Funds,13312.11,Hong Kong,High,AN036,Closed,2025-10-15,2,Closed - False Positive,0.3,N
ALT04571,C02499,2025-10-13,Unusual Activity vs Profile,53375.67,United Kingdom,High,AN035,Closed,2025-10-19,6,Closed - False Positive,0.8,N
ALT05240,C02607,2025-10-13,High-Risk Jurisdiction Transfer,46270.5,United Kingdom,High,AN037,Closed,2025-10-27,14,Closed - False Positive,1.2,N
ALT01346,C00495,2025-10-13,Large Cash Deposit,55690.61,France,High,AN035,Closed,2025-10-23,10,Closed - False Positive,0.7,N
ALT00277,C00910,2025-10-13,Structuring,9873.15,Germany,Medium,AN036,Closed,2025-10-20,7,Closed - False Positive,1.2,N
ALT01109,C00759,2025-10-13,Large Cash Deposit,20253.32,United Kingdom,Low,AN039,Closed,2025-10-18,5,Closed - False Positive,1.1,N
ALT03033,C02848,2025-10-13,Unusual Activity vs Profile,40604.48,Cyprus,High,AN034,Closed,2025-10-19,6,Closed - False Positive,0.6,N
ALT03010,C00998,2025-10-13,Rapid Movement of Funds,5232.48,United Kingdom,High,AN039,Closed,2025-10-18,5,Closed - False Positive,0.7,N
ALT05215,C01047,2025-10-13,High-Risk Jurisdiction Transfer,48867.86,United Kingdom,High,AN033,Closed,2025-10-14,1,Closed - False Positive,0.5,N
ALT03681,C01047,2025-10-13,Unusual Activity vs Profile,101331.65,Pakistan,High,AN033,Closed,2025-10-22,9,Closed - False Positive,1.2,N
ALT02771,C00255,2025-10-13,Structuring,9427.9,United Kingdom,Low,AN034,Closed,2025-10-27,14,Closed - False Positive,1.1,N
ALT05017,C00840,2025-10-13,Large Cash Deposit,39214.56,Ireland,Medium,AN036,Closed,2025-10-17,4,Closed - False Positive,1.2,N
ALT04558,C00327,2025-10-13,Structuring,7088.62,United Kingdom,Low,AN033,Closed,2025-10-25,12,Closed - False Positive,1.1,N
ALT00235,C02496,2025-10-13,Dormant Account Reactivation,8188.01,United Kingdom,High,AN039,Closed,2025-10-16,3,Closed - False Positive,0.3,N
ALT03358,C00029,2025-10-13,Unusual Activity vs Profile,11180.52,United Kingdom,Medium,AN039,Closed,2025-10-16,3,Closed - False Positive,0.4,N
ALT04645,C01439,2025-10-13,Unusual Activity vs Profile,3601.3,United Kingdom,High,AN039,Closed,2025-10-21,8,Closed - False Positive,0.6,N
ALT03088,C01614,2025-10-13,Structuring,9719.96,United Kingdom,High,AN037,Closed,2025-10-16,3,Closed - False Positive,0.9,N
ALT05157,C01408,2025-10-13,Round-Amount Transfers,36829.03,Ireland,Medium,AN038,Closed,2025-10-20,7,Closed - False Positive,0.8,N
ALT05021,C01023,2025-10-14,Dormant Account Reactivation,5034.98,Pakistan,Medium,AN039,Closed,2025-10-26,12,Closed - False Positive,1.1,N
ALT03622,C02581,2025-10-14,Round-Amount Transfers,8562.38,India,High,AN034,Closed,2025-10-18,4,Closed - False Positive,1.0,N
ALT01061,C01123,2025-10-14,Dormant Account Reactivation,16820.54,United Kingdom,High,AN034,Closed,2025-10-18,4,Closed - False Positive,0.9,N
ALT05150,C02289,2025-10-14,Large Cash Deposit,53884.04,United Kingdom,High,AN040,Closed,2025-10-15,1,Closed - False Positive,0.7,N
ALT02524,C00998,2025-10-14,Round-Amount Transfers,75861.91,United Kingdom,High,AN034,Closed,2025-10-23,9,Closed - False Positive,0.7,N
ALT05599,C00624,2025-10-14,High-Risk Jurisdiction Transfer,3173.49,UAE,Medium,AN037,Closed,2025-10-26,12,Closed - False Positive,0.6,N
ALT02061,C02656,2025-10-14,High-Risk Jurisdiction Transfer,3746.36,Nigeria,High,AN040,Closed,2025-10-27,13,Closed - False Positive,0.8,N
ALT06216,C02012,2025-10-14,Rapid Movement of Funds,15350.41,Ireland,Low,AN039,Closed,2025-10-19,5,Closed - False Positive,0.4,N
ALT00772,C02666,2025-10-14,Rapid Movement of Funds,75494.7,Nigeria,High,AN040,Closed,2025-11-05,22,Closed - False Positive,0.4,N
ALT04670,C00968,2025-10-14,Structuring,9026.48,United Kingdom,Low,AN035,Closed,2025-10-22,8,Closed - False Positive,0.5,N
ALT05086,C01582,2025-10-14,Dormant Account Reactivation,24547.32,United Kingdom,Low,AN036,Closed,2025-10-31,17,Closed - False Positive,0.3,N
ALT01359,C02731,2025-10-14,Unusual Activity vs Profile,6280.26,Ireland,Medium,AN035,Closed,2025-10-15,1,Closed - False Positive,0.7,N
ALT00366,C00778,2025-10-14,Large Cash Deposit,9241.32,United Kingdom,Low,AN036,Closed,2025-10-15,1,Closed - False Positive,1.1,N
ALT05961,C01448,2025-10-14,Structuring,9751.84,United Kingdom,Medium,AN036,Closed,2025-11-01,18,Escalated to Investigation,8.7,N
ALT03961,C00168,2025-10-14,Unusual Activity vs Profile,79646.63,Hong Kong,High,AN036,Closed,2025-10-18,4,Closed - False Positive,0.8,N
ALT06475,C02149,2025-10-14,Rapid Movement of Funds,17231.38,United Kingdom,Low,AN039,Closed,2025-10-15,1,Closed - False Positive,0.3,N
ALT04799,C00787,2025-10-14,Round-Amount Transfers,32754.65,United Kingdom,Medium,AN035,Closed,2025-10-19,5,Closed - False Positive,1.0,N
ALT05214,C02610,2025-10-14,Rapid Movement of Funds,23081.68,Cyprus,Low,AN038,Closed,2025-10-23,9,Closed - False Positive,1.2,N
ALT00515,C02751,2025-10-15,High-Risk Jurisdiction Transfer,31681.86,United Kingdom,Low,AN040,Closed,2025-10-19,4,Closed - False Positive,1.2,N
ALT00166,C02607,2025-10-15,Rapid Movement of Funds,21503.91,United Kingdom,High,AN035,Closed,2025-10-23,8,Closed - False Positive,0.9,N
ALT02447,C02698,2025-10-15,Round-Amount Transfers,16762.71,United Kingdom,Low,AN033,Closed,2025-10-21,6,Closed - False Positive,0.4,N
ALT01182,C01297,2025-10-15,Dormant Account Reactivation,12350.91,France,Medium,AN035,Closed,2025-10-20,5,Closed - False Positive,0.4,N
ALT01133,C00372,2025-10-15,Large Cash Deposit,10881.29,United States,Low,AN039,Closed,2025-10-22,7,Closed - False Positive,0.6,N
ALT03956,C01378,2025-10-15,High-Risk Jurisdiction Transfer,8067.99,United Kingdom,Medium,AN038,Closed,2025-10-20,5,Closed - False Positive,0.8,N
ALT06072,C02800,2025-10-15,High-Risk Jurisdiction Transfer,3595.21,United Kingdom,Low,AN038,Closed,2025-10-26,11,Closed - False Positive,1.1,N
ALT03400,C01314,2025-10-15,Unusual Activity vs Profile,4554.47,United Kingdom,High,AN036,Closed,2025-10-21,6,Closed - False Positive,0.9,N
ALT04102,C00486,2025-10-15,Dormant Account Reactivation,34490.82,United Kingdom,Low,AN039,Closed,2025-10-22,7,Closed - False Positive,0.5,N
ALT05287,C00521,2025-10-15,Rapid Movement of Funds,4471.71,United Kingdom,Low,AN040,Closed,2025-10-16,1,Closed - False Positive,1.2,N
ALT05244,C00683,2025-10-15,High-Risk Jurisdiction Transfer,1371.79,United Kingdom,Medium,AN039,Closed,2025-10-20,5,Closed - False Positive,0.8,N
ALT05147,C02706,2025-10-15,Unusual Activity vs Profile,38379.22,United Kingdom,Low,AN035,Closed,2025-10-28,13,Closed - False Positive,1.2,N
ALT06468,C02681,2025-10-15,Large Cash Deposit,10693.0,United Kingdom,Medium,AN035,Closed,2025-10-27,12,Closed - False Positive,0.8,N
ALT03490,C01949,2025-10-15,High-Risk Jurisdiction Transfer,48899.5,United Kingdom,Low,AN033,Closed,2025-10-30,15,Escalated to Investigation,13.0,N
ALT03002,C02036,2025-10-15,Rapid Movement of Funds,3761.1,United Kingdom,Medium,AN037,Closed,2025-10-18,3,Closed - False Positive,0.6,N
ALT03511,C02256,2025-10-15,Dormant Account Reactivation,26911.05,United States,High,AN034,Closed,2025-10-24,9,Closed - False Positive,1.0,N
ALT00213,C01298,2025-10-15,High-Risk Jurisdiction Transfer,21146.1,United Kingdom,High,AN039,Closed,2025-10-20,5,Closed - False Positive,1.0,N
ALT00717,C02511,2025-10-16,Dormant Account Reactivation,13702.77,Russia,Low,AN036,Closed,2025-10-28,12,Closed - False Positive,1.1,N
ALT04382,C00333,2025-10-16,Unusual Activity vs Profile,7402.33,Panama,Medium,AN033,Closed,2025-10-22,6,Closed - False Positive,1.1,N
ALT01680,C01822,2025-10-16,Rapid Movement of Funds,5573.45,United Kingdom,High,AN038,Closed,2025-10-25,9,Closed - False Positive,1.1,N
ALT02669,C00643,2025-10-16,Round-Amount Transfers,2917.92,United Kingdom,High,AN038,Closed,2025-10-23,7,Escalated to Investigation,6.0,N
ALT01473,C02530,2025-10-16,Structuring,7517.47,United Kingdom,High,AN037,Closed,2025-10-24,8,Closed - False Positive,0.7,N
ALT02996,C02295,2025-10-16,Unusual Activity vs Profile,4072.07,Ireland,Medium,AN035,Closed,2025-11-01,16,Escalated to Investigation,12.5,N
ALT06451,C01058,2025-10-16,High-Risk Jurisdiction Transfer,9495.85,United States,Low,AN035,Closed,2025-10-26,10,Closed - False Positive,1.1,N
ALT02900,C01423,2025-10-16,High-Risk Jurisdiction Transfer,20746.23,United States,Medium,AN038,Closed,2025-10-17,1,Closed - False Positive,0.7,N
ALT05695,C00115,2025-10-16,High-Risk Jurisdiction Transfer,4084.31,United Kingdom,High,AN034,Closed,2025-10-22,6,Closed - False Positive,1.0,N
ALT04143,C00836,2025-10-16,High-Risk Jurisdiction Transfer,8198.42,India,Low,AN034,Closed,2025-11-03,18,Closed - False Positive,0.5,N
ALT06465,C02379,2025-10-16,Structuring,8373.58,United States,Low,AN034,Closed,2025-10-23,7,Closed - False Positive,1.1,N
ALT01771,C01613,2025-10-16,Round-Amount Transfers,104194.04,United Kingdom,High,AN040,Closed,2025-10-28,12,SAR Filed,8.4,Y
ALT01172,C02443,2025-10-16,Structuring,9140.01,UAE,Medium,AN034,Closed,2025-10-29,13,Escalated to Investigation,12.9,N
ALT02089,C02607,2025-10-16,Structuring,7376.41,United Kingdom,High,AN033,Closed,2025-10-18,2,Closed - False Positive,0.5,N
ALT02156,C00139,2025-10-16,Unusual Activity vs Profile,25717.86,Ireland,Medium,AN040,Closed,2025-10-23,7,Closed - False Positive,0.5,N
ALT05563,C02020,2025-10-16,High-Risk Jurisdiction Transfer,59170.11,UAE,High,AN033,Closed,2025-10-18,2,Closed - False Positive,0.6,N
ALT03007,C01015,2025-10-16,Unusual Activity vs Profile,11424.81,India,High,AN038,Closed,2025-10-20,4,Closed - False Positive,0.6,N
ALT03645,C01512,2025-10-16,Rapid Movement of Funds,5661.02,United Kingdom,Medium,AN037,Closed,2025-10-18,2,Closed - False Positive,0.6,N
ALT00410,C01063,2025-10-16,Unusual Activity vs Profile,41955.61,United States,High,AN038,Closed,2025-10-19,3,Closed - False Positive,0.5,N
ALT02757,C01642,2025-10-16,Rapid Movement of Funds,44941.13,Pakistan,Low,AN037,Closed,2025-11-27,42,Escalated to Investigation,4.6,N
ALT05384,C00637,2025-10-16,Large Cash Deposit,30850.92,United Kingdom,Low,AN039,Closed,2025-10-21,5,Closed - False Positive,0.6,N
ALT00793,C01123,2025-10-16,Unusual Activity vs Profile,52068.69,United Kingdom,High,AN036,Closed,2025-11-07,22,SAR Filed,3.6,Y
ALT05933,C00665,2025-10-16,Round-Amount Transfers,1634.68,United Kingdom,High,AN040,Closed,2025-10-23,7,Closed - False Positive,0.8,N
ALT03557,C00646,2025-10-16,Unusual Activity vs Profile,9537.49,India,Medium,AN037,Closed,2025-10-19,3,Closed - False Positive,0.4,N
ALT03888,C02336,2025-10-17,Structuring,7531.98,Pakistan,High,AN033,Closed,2025-10-24,7,Closed - False Positive,0.7,N
ALT05609,C00191,2025-10-17,Unusual Activity vs Profile,15792.98,United States,Medium,AN040,Closed,2025-10-21,4,Closed - False Positive,0.9,N
ALT05633,C02499,2025-10-17,High-Risk Jurisdiction Transfer,3974.46,United Kingdom,High,AN040,Closed,2025-11-11,25,Escalated to Investigation,11.4,N
ALT04411,C01347,2025-10-17,Unusual Activity vs Profile,200923.93,United Kingdom,High,AN036,Closed,2025-10-23,6,Closed - False Positive,0.6,N
ALT02976,C01226,2025-10-17,Unusual Activity vs Profile,39516.35,India,Medium,AN037,Closed,2025-10-23,6,Closed - False Positive,0.6,N
ALT04432,C01570,2025-10-17,High-Risk Jurisdiction Transfer,14249.84,United Kingdom,High,AN034,Closed,2025-10-18,1,Closed - False Positive,0.5,N
ALT03760,C00046,2025-10-17,Unusual Activity vs Profile,5606.37,Nigeria,Medium,AN038,Closed,2025-11-18,32,Escalated to Investigation,10.3,N
ALT03528,C01345,2025-10-17,Round-Amount Transfers,7566.25,United Kingdom,Low,AN038,Closed,2025-10-22,5,Closed - False Positive,1.0,N
ALT02453,C00151,2025-10-17,Structuring,9570.17,United Kingdom,Low,AN040,Closed,2025-10-29,12,Closed - False Positive,0.6,N
ALT04660,C00568,2025-10-17,Unusual Activity vs Profile,42127.06,Germany,Medium,AN034,Closed,2025-10-24,7,Closed - False Positive,0.4,N
ALT05127,C01613,2025-10-17,Rapid Movement of Funds,9667.44,Pakistan,High,AN040,Closed,2025-10-22,5,Closed - False Positive,0.6,N
ALT00378,C02793,2025-10-17,Unusual Activity vs Profile,29998.36,UAE,Low,AN038,Closed,2025-10-20,3,Closed - False Positive,0.4,N
ALT03211,C00004,2025-10-17,Rapid Movement of Funds,116598.76,UAE,High,AN033,Closed,2025-10-24,7,Closed - False Positive,0.9,N
ALT04213,C02287,2025-10-17,Rapid Movement of Funds,2572.13,United States,Low,AN033,Closed,2025-10-27,10,Closed - False Positive,0.6,N
ALT02546,C02053,2025-10-17,High-Risk Jurisdiction Transfer,4284.97,United Kingdom,Medium,AN035,Closed,2025-10-22,5,Closed - False Positive,0.5,N
ALT02242,C01427,2025-10-17,Unusual Activity vs Profile,9236.82,Cyprus,Medium,AN036,Closed,2025-10-21,4,Closed - False Positive,0.8,N
ALT00215,C00113,2025-10-17,High-Risk Jurisdiction Transfer,14139.18,UAE,Medium,AN034,Closed,2025-10-24,7,Closed - False Positive,0.7,N
ALT02011,C02674,2025-10-17,Structuring,8814.52,India,Medium,AN037,Closed,2025-10-20,3,Closed - False Positive,1.0,N
ALT01907,C00214,2025-10-17,Rapid Movement of Funds,27464.17,India,Low,AN034,Closed,2025-10-22,5,Closed - False Positive,0.6,N
ALT00806,C00004,2025-10-17,Structuring,8316.0,United Kingdom,High,AN038,Closed,2025-10-23,6,Closed - False Positive,0.4,N
ALT00395,C00839,2025-10-17,High-Risk Jurisdiction Transfer,7073.14,United Kingdom,High,AN038,Closed,2025-10-21,4,Closed - False Positive,0.4,N
ALT03453,C01750,2025-10-18,Unusual Activity vs Profile,22008.83,United Kingdom,High,AN033,Closed,2025-10-21,3,Closed - False Positive,0.3,N
ALT02355,C02492,2025-10-18,Dormant Account Reactivation,1592.46,Pakistan,High,AN038,Closed,2025-10-27,9,Closed - False Positive,1.1,N
ALT00601,C02391,2025-10-18,Round-Amount Transfers,20665.88,Pakistan,High,AN036,Closed,2025-10-21,3,Closed - False Positive,0.7,N
ALT02376,C01254,2025-10-18,Round-Amount Transfers,16768.4,United Kingdom,Medium,AN035,Closed,2025-10-19,1,Closed - False Positive,0.6,N
ALT01601,C00955,2025-10-18,Structuring,7092.72,Ireland,Medium,AN033,Closed,2025-10-23,5,Closed - False Positive,0.7,N
ALT00331,C02687,2025-10-18,Unusual Activity vs Profile,7678.71,UAE,Low,AN040,Closed,2025-10-19,1,Closed - False Positive,0.6,N
ALT02205,C02544,2025-10-18,Round-Amount Transfers,2453.75,UAE,Medium,AN035,Closed,2025-10-21,3,Closed - False Positive,0.5,N
ALT00169,C00070,2025-10-18,Unusual Activity vs Profile,57778.37,United Kingdom,High,AN039,Closed,2025-10-22,4,Closed - False Positive,0.8,N
ALT04066,C01677,2025-10-18,Structuring,7054.16,Russia,Low,AN033,Closed,2025-10-22,4,Closed - False Positive,0.4,N
ALT03473,C00989,2025-10-18,High-Risk Jurisdiction Transfer,6757.49,India,Medium,AN034,Closed,2025-10-24,6,Closed - False Positive,0.4,N
ALT00932,C01330,2025-10-18,Rapid Movement of Funds,6091.07,Nigeria,Low,AN036,Closed,2025-10-21,3,Closed - False Positive,0.6,N
ALT04031,C02353,2025-10-18,Round-Amount Transfers,19939.38,United Kingdom,Medium,AN035,Closed,2025-11-07,20,Closed - False Positive,0.5,N
ALT01101,C02916,2025-10-18,Structuring,8208.05,India,High,AN039,Closed,2025-11-14,27,Escalated to Investigation,3.5,N
ALT02621,C02820,2025-10-18,Unusual Activity vs Profile,19199.37,Germany,Medium,AN033,Closed,2025-10-26,8,Closed - False Positive,0.5,N
ALT00114,C01850,2025-10-18,High-Risk Jurisdiction Transfer,6654.5,United Kingdom,High,AN038,Closed,2025-10-27,9,Closed - False Positive,1.1,N
ALT04005,C02861,2025-10-18,Structuring,8082.63,United Kingdom,Medium,AN039,Closed,2025-10-21,3,Closed - False Positive,0.7,N
ALT03692,C01582,2025-10-18,Round-Amount Transfers,2665.56,Nigeria,Medium,AN038,Closed,2025-10-25,7,Closed - False Positive,0.7,N
ALT01834,C02108,2025-10-18,Unusual Activity vs Profile,5611.73,United Kingdom,Medium,AN034,Closed,2025-10-23,5,Closed - False Positive,0.5,N
ALT04018,C02441,2025-10-18,Round-Amount Transfers,3324.12,United Kingdom,Medium,AN038,Closed,2025-10-21,3,Closed - False Positive,0.7,N
ALT04658,C00505,2025-10-18,Dormant Account Reactivation,40240.3,United Kingdom,Medium,AN035,Closed,2025-10-20,2,Closed - False Positive,0.8,N
ALT00424,C02834,2025-10-18,Unusual Activity vs Profile,4675.12,India,High,AN034,Closed,2025-10-20,2,Closed - False Positive,1.0,N
ALT00502,C01480,2025-10-19,Rapid Movement of Funds,878.07,United Kingdom,Medium,AN033,Closed,2025-10-29,10,Closed - False Positive,0.5,N
ALT02557,C02041,2025-10-19,Rapid Movement of Funds,103516.29,United Kingdom,High,AN040,Closed,2025-10-25,6,Closed - False Positive,0.4,N
ALT06247,C00330,2025-10-19,Unusual Activity vs Profile,69754.37,United Kingdom,High,AN033,Closed,2025-10-27,8,Closed - False Positive,1.1,N
ALT03154,C01737,2025-10-19,Unusual Activity vs Profile,6332.34,United Kingdom,Medium,AN039,Closed,2025-10-21,2,Closed - False Positive,0.4,N
ALT01899,C00328,2025-10-19,Rapid Movement of Funds,18084.46,United Kingdom,Medium,AN033,Closed,2025-10-25,6,Closed - False Positive,0.4,N
ALT05489,C01031,2025-10-19,Round-Amount Transfers,17933.2,Russia,Medium,AN033,Closed,2025-10-23,4,Closed - False Positive,1.1,N
ALT04607,C01456,2025-10-19,Structuring,9423.6,United Kingdom,High,AN037,Closed,2025-10-27,8,Closed - False Positive,0.6,N
ALT01991,C00972,2025-10-19,Unusual Activity vs Profile,35611.87,United Kingdom,Low,AN034,Closed,2025-11-06,18,Closed - False Positive,0.8,N
ALT01052,C00923,2025-10-19,Large Cash Deposit,57615.41,United Kingdom,High,AN035,Closed,2025-11-16,28,Escalated to Investigation,6.4,N
ALT01010,C00816,2025-10-19,Rapid Movement of Funds,19650.55,United Kingdom,Low,AN034,Closed,2025-10-23,4,Closed - False Positive,0.5,N
ALT01252,C02720,2025-10-19,Round-Amount Transfers,37036.86,United Kingdom,High,AN035,Closed,2025-11-10,22,Escalated to Investigation,10.9,N
ALT04436,C00538,2025-10-19,Structuring,7522.5,United Kingdom,Medium,AN036,Closed,2025-10-31,12,Closed - False Positive,1.2,N
ALT00079,C00987,2025-10-19,Rapid Movement of Funds,22376.47,United Kingdom,Medium,AN039,Closed,2025-10-25,6,Closed - False Positive,0.9,N
ALT00455,C02595,2025-10-19,Rapid Movement of Funds,114678.18,United Kingdom,High,AN037,Closed,2025-11-05,17,Closed - False Positive,0.8,N
ALT04973,C00799,2025-10-19,Unusual Activity vs Profile,25223.51,Ireland,Medium,AN040,Closed,2025-10-26,7,Closed - False Positive,0.9,N
ALT06219,C02018,2025-10-19,Large Cash Deposit,42592.94,France,Low,AN035,Closed,2025-10-23,4,Closed - False Positive,1.2,N
ALT05292,C01112,2025-10-19,Rapid Movement of Funds,11258.93,United Kingdom,Medium,AN033,Closed,2025-10-28,9,Closed - False Positive,1.2,N
ALT03147,C01614,2025-10-19,Unusual Activity vs Profile,186877.84,Ireland,High,AN033,Closed,2025-11-02,14,Closed - False Positive,0.7,N
ALT02713,C02162,2025-10-19,Rapid Movement of Funds,8572.84,Pakistan,Medium,AN035,Closed,2025-10-30,11,Closed - False Positive,0.7,N
ALT04378,C00913,2025-10-19,Rapid Movement of Funds,2160.28,Cyprus,Medium,AN039,Closed,2025-11-09,21,Closed - False Positive,1.1,N
ALT05520,C02666,2025-10-20,High-Risk Jurisdiction Transfer,4865.66,United Kingdom,High,AN038,Closed,2025-11-30,41,SAR Filed,12.3,Y
ALT04684,C00022,2025-10-20,Large Cash Deposit,43392.5,United Kingdom,Medium,AN040,Closed,2025-10-26,6,Closed - False Positive,0.8,N
ALT04348,C00762,2025-10-20,High-Risk Jurisdiction Transfer,18505.53,United Kingdom,High,AN033,Closed,2025-10-31,11,SAR Filed,5.1,Y
ALT02399,C00830,2025-10-20,Large Cash Deposit,22739.04,India,Medium,AN034,Closed,2025-10-26,6,Closed - False Positive,0.6,N
ALT02393,C00776,2025-10-20,Structuring,9727.07,Germany,Low,AN040,Closed,2025-10-23,3,Closed - False Positive,0.8,N
ALT03365,C02742,2025-10-20,Dormant Account Reactivation,25310.98,United Kingdom,Low,AN039,Closed,2025-10-27,7,Closed - False Positive,0.4,N
ALT03833,C02213,2025-10-20,High-Risk Jurisdiction Transfer,6951.66,United Kingdom,Low,AN039,Closed,2025-10-23,3,Closed - False Positive,0.6,N
ALT05549,C00515,2025-10-20,Rapid Movement of Funds,8487.93,India,Medium,AN038,Closed,2025-10-29,9,Closed - False Positive,1.2,N
ALT05537,C00569,2025-10-20,Unusual Activity vs Profile,54042.66,United Kingdom,High,AN037,Closed,2025-10-23,3,Closed - False Positive,0.3,N
ALT04297,C02694,2025-10-20,Rapid Movement of Funds,18675.24,Germany,High,AN036,Closed,2025-10-23,3,Closed - False Positive,0.7,N
ALT02601,C01336,2025-10-20,High-Risk Jurisdiction Transfer,9255.2,United Kingdom,Low,AN038,Closed,2025-10-22,2,Closed - False Positive,0.8,N
ALT02119,C01690,2025-10-20,Structuring,8748.1,United Kingdom,Medium,AN033,Closed,2025-10-26,6,Closed - False Positive,0.4,N
ALT00531,C01770,2025-10-20,High-Risk Jurisdiction Transfer,10352.69,United Kingdom,High,AN035,Closed,2025-10-27,7,Closed - False Positive,0.6,N
ALT00270,C01949,2025-10-20,Unusual Activity vs Profile,5666.86,United States,Medium,AN034,Closed,2025-10-28,8,Closed - False Positive,1.1,N
ALT03958,C02459,2025-10-20,Large Cash Deposit,45843.43,United Kingdom,Medium,AN036,Closed,2025-10-22,2,Closed - False Positive,0.7,N
ALT01609,C00284,2025-10-20,Structuring,8686.96,United Kingdom,Medium,AN033,Closed,2025-10-24,4,Closed - False Positive,1.0,N
ALT03457,C01291,2025-10-20,Unusual Activity vs Profile,22818.93,United Kingdom,Medium,AN039,Closed,2025-10-30,10,Closed - False Positive,1.1,N
ALT05064,C01842,2025-10-20,Unusual Activity vs Profile,4046.18,France,Medium,AN037,Closed,2025-10-27,7,Closed - False Positive,0.4,N
ALT02322,C00261,2025-10-20,Structuring,7344.84,United States,Low,AN034,Closed,2025-10-25,5,Closed - False Positive,0.7,N
ALT05780,C00155,2025-10-20,Unusual Activity vs Profile,11161.72,United Kingdom,Low,AN037,Closed,2025-11-02,13,Closed - False Positive,1.2,N
ALT02318,C02627,2025-10-21,Large Cash Deposit,28413.21,UAE,Medium,AN035,Closed,2025-10-25,4,Closed - False Positive,0.5,N
ALT03650,C02170,2025-10-21,High-Risk Jurisdiction Transfer,2873.53,United Kingdom,Medium,AN033,Closed,2025-10-23,2,Closed - False Positive,0.6,N
ALT01222,C02037,2025-10-21,Structuring,8204.16,United Kingdom,Low,AN033,Closed,2025-10-27,6,Closed - False Positive,0.7,N
ALT00514,C02863,2025-10-21,High-Risk Jurisdiction Transfer,10292.07,United Kingdom,Medium,AN040,Closed,2025-10-23,2,Closed - False Positive,0.5,N
ALT03828,C00770,2025-10-21,Structuring,8630.21,United Kingdom,Low,AN037,Closed,2025-10-26,5,Closed - False Positive,1.1,N
ALT06227,C01575,2025-10-21,Unusual Activity vs Profile,40896.36,Pakistan,Medium,AN035,Closed,2025-11-02,12,Closed - False Positive,0.5,N
ALT00510,C01455,2025-10-21,Rapid Movement of Funds,2061.17,India,High,AN036,Closed,2025-12-02,42,Escalated to Investigation,8.7,N
ALT00918,C01405,2025-10-21,High-Risk Jurisdiction Transfer,18205.9,United Kingdom,High,AN040,Closed,2025-11-29,39,SAR Filed,3.2,Y
ALT02739,C01684,2025-10-21,Large Cash Deposit,53542.96,Hong Kong,High,AN040,Closed,2025-10-26,5,Closed - False Positive,0.8,N
ALT05953,C01448,2025-10-21,Structuring,9312.8,United Kingdom,Low,AN039,Closed,2025-10-28,7,Closed - False Positive,1.1,N
ALT04833,C02416,2025-10-21,Structuring,9645.82,United Kingdom,High,AN039,Closed,2025-10-24,3,Closed - False Positive,1.0,N
ALT00170,C00831,2025-10-21,Structuring,9267.3,United Kingdom,Low,AN034,Closed,2025-10-25,4,Closed - False Positive,0.6,N
ALT05466,C02067,2025-10-21,Dormant Account Reactivation,3287.97,United Kingdom,Low,AN034,Closed,2025-10-29,8,Closed - False Positive,0.7,N
ALT00089,C02669,2025-10-21,High-Risk Jurisdiction Transfer,5276.36,United Kingdom,High,AN037,Closed,2025-10-28,7,Closed - False Positive,0.8,N
ALT00605,C02522,2025-10-21,Rapid Movement of Funds,11013.99,United Kingdom,Medium,AN034,Closed,2025-10-28,7,Closed - False Positive,0.4,N
ALT05820,C01073,2025-10-21,Structuring,9011.49,United Kingdom,Medium,AN038,Closed,2025-11-08,18,Closed - False Positive,0.3,N
ALT06155,C00179,2025-10-21,Unusual Activity vs Profile,12348.63,United Kingdom,High,AN039,Closed,2025-10-30,9,Closed - False Positive,0.8,N
ALT04595,C02499,2025-10-21,Unusual Activity vs Profile,15820.27,India,High,AN040,Closed,2025-10-25,4,Closed - False Positive,0.4,N
ALT01088,C01292,2025-10-21,Round-Amount Transfers,28309.43,UAE,High,AN040,Closed,2025-10-22,1,Closed - False Positive,0.4,N
ALT01082,C02286,2025-10-21,Large Cash Deposit,20143.75,United Kingdom,High,AN039,Closed,2025-10-25,4,Closed - False Positive,0.4,N
ALT05257,C00780,2025-10-22,Large Cash Deposit,10008.79,Panama,Medium,AN036,Closed,2025-10-27,5,Closed - False Positive,0.6,N
ALT01540,C00402,2025-10-22,Rapid Movement of Funds,6993.96,United Kingdom,High,AN038,Closed,2025-11-23,32,Escalated to Investigation,8.2,N
ALT01525,C02668,2025-10-22,Structuring,8733.73,United Kingdom,Medium,AN040,Closed,2025-11-01,10,Closed - False Positive,0.4,N
ALT02629,C00101,2025-10-22,Unusual Activity vs Profile,126054.36,Germany,High,AN040,Closed,2025-10-31,9,Closed - False Positive,0.4,N
ALT03884,C01690,2025-10-22,Large Cash Deposit,26546.07,Nigeria,Medium,AN040,Closed,2025-10-31,9,Closed - False Positive,1.1,N
ALT03460,C02710,2025-10-22,Unusual Activity vs Profile,14980.9,Cyprus,Medium,AN035,Closed,2025-10-30,8,Closed - False Positive,0.4,N
ALT03755,C00762,2025-10-22,Large Cash Deposit,12572.26,United Kingdom,High,AN033,Closed,2025-10-25,3,Closed - False Positive,0.7,N
ALT03689,C01492,2025-10-22,Unusual Activity vs Profile,38747.03,United Kingdom,High,AN039,Closed,2025-11-08,17,Escalated to Investigation,6.1,N
ALT05784,C01535,2025-10-22,Large Cash Deposit,35163.32,Russia,Low,AN033,Closed,2025-10-24,2,Closed - False Positive,0.4,N
ALT02764,C01030,2025-10-22,Rapid Movement of Funds,31080.48,Nigeria,Low,AN036,Closed,2025-10-26,4,Closed - False Positive,1.0,N
ALT01191,C00883,2025-10-22,Large Cash Deposit,23860.74,United Kingdom,Low,AN037,Closed,2025-11-01,10,Closed - False Positive,1.0,N
ALT05793,C02416,2025-10-22,Rapid Movement of Funds,69566.27,United Kingdom,High,AN034,Closed,2025-11-06,15,Escalated to Investigation,3.8,N
ALT05984,C02492,2025-10-22,Large Cash Deposit,46147.15,United Kingdom,High,AN037,Closed,2025-10-26,4,Closed - False Positive,1.1,N
ALT06267,C00357,2025-10-22,Rapid Movement of Funds,6710.08,Russia,High,AN037,Closed,2025-10-26,4,Closed - False Positive,0.6,N
ALT02419,C00148,2025-10-22,Round-Amount Transfers,125829.9,France,High,AN037,Closed,2025-10-31,9,SAR Filed,3.6,Y
ALT06393,C01567,2025-10-22,Rapid Movement of Funds,10168.58,France,High,AN037,Closed,2025-10-26,4,Closed - False Positive,0.8,N
ALT02048,C02068,2025-10-22,Structuring,8870.97,United Kingdom,Medium,AN035,Closed,2025-11-07,16,Closed - False Positive,0.8,N
ALT01459,C00690,2025-10-22,Large Cash Deposit,14744.93,Hong Kong,Medium,AN033,Closed,2025-10-28,6,Closed - False Positive,1.1,N
ALT02565,C00005,2025-10-22,High-Risk Jurisdiction Transfer,11805.2,United Kingdom,Medium,AN040,Closed,2025-10-26,4,Closed - False Positive,0.9,N
ALT05360,C00951,2025-10-22,Unusual Activity vs Profile,23388.92,United Kingdom,Medium,AN036,Closed,2025-10-30,8,Closed - False Positive,0.7,N
ALT05170,C00615,2025-10-22,Large Cash Deposit,18517.99,United Kingdom,Low,AN036,Closed,2025-10-30,8,Closed - False Positive,0.7,N
ALT01319,C00488,2025-10-22,Structuring,7925.73,United Kingdom,Low,AN034,Closed,2025-10-26,4,Closed - False Positive,0.3,N
ALT05336,C00729,2025-10-22,Dormant Account Reactivation,6765.29,United Kingdom,High,AN039,Closed,2025-10-25,3,Closed - False Positive,1.0,N
ALT01600,C01405,2025-10-22,Rapid Movement of Funds,12188.9,UAE,High,AN039,Closed,2025-10-25,3,Closed - False Positive,1.2,N
ALT05434,C00996,2025-10-22,Structuring,8565.41,United Kingdom,Low,AN040,Closed,2025-10-28,6,Closed - False Positive,0.9,N
ALT04452,C00534,2025-10-23,Structuring,9134.43,UAE,Low,AN035,Closed,2025-10-29,6,Closed - False Positive,0.9,N
ALT01153,C01668,2025-10-23,Unusual Activity vs Profile,1804.9,United Kingdom,Medium,AN035,Closed,2025-11-09,17,Closed - False Positive,0.6,N
ALT05451,C02284,2025-10-23,Rapid Movement of Funds,13164.21,United Kingdom,High,AN034,Closed,2025-10-24,1,Closed - False Positive,1.2,N
ALT00554,C01190,2025-10-23,Dormant Account Reactivation,6347.71,United Kingdom,Low,AN035,Closed,2025-11-02,10,Closed - False Positive,1.0,N
ALT00087,C01410,2025-10-23,Rapid Movement of Funds,65991.17,United Kingdom,High,AN033,Closed,2025-10-30,7,Closed - False Positive,0.6,N
ALT01256,C01845,2025-10-23,Rapid Movement of Funds,5410.44,United Kingdom,Medium,AN038,Closed,2025-10-27,4,Closed - False Positive,0.4,N
ALT00461,C01111,2025-10-23,High-Risk Jurisdiction Transfer,7304.68,United Kingdom,Medium,AN037,Closed,2025-11-08,16,Closed - False Positive,1.0,N
ALT04473,C01963,2025-10-23,Rapid Movement of Funds,8334.23,United Kingdom,Medium,AN035,Closed,2025-11-18,26,Escalated to Investigation,11.4,N
ALT05100,C01819,2025-10-23,Round-Amount Transfers,56756.81,United Kingdom,High,AN039,Closed,2025-10-31,8,Closed - False Positive,0.9,N
ALT01906,C02013,2025-10-23,Structuring,7118.35,United Kingdom,Medium,AN039,Closed,2025-10-25,2,Closed - False Positive,0.6,N
ALT04456,C00770,2025-10-23,Dormant Account Reactivation,178837.22,United Kingdom,High,AN034,Closed,2025-10-30,7,Closed - False Positive,0.4,N
ALT06494,C01609,2025-10-23,Structuring,8629.92,United States,Medium,AN039,Closed,2025-10-25,2,Closed - False Positive,0.9,N
ALT04598,C02492,2025-10-23,Unusual Activity vs Profile,6533.32,France,High,AN040,Closed,2025-10-28,5,Closed - False Positive,0.6,N
ALT00785,C02566,2025-10-23,High-Risk Jurisdiction Transfer,17623.93,United Kingdom,Medium,AN038,Closed,2025-10-30,7,Closed - False Positive,1.0,N
ALT02039,C01340,2025-10-23,Large Cash Deposit,44138.49,United Kingdom,Medium,AN037,Closed,2025-10-29,6,Closed - False Positive,0.4,N
ALT06274,C01643,2025-10-23,Round-Amount Transfers,678.72,Ireland,Medium,AN035,Closed,2025-10-26,3,Closed - False Positive,0.7,N
ALT04109,C00822,2025-10-23,Unusual Activity vs Profile,6804.25,United Kingdom,High,AN033,Closed,2025-10-27,4,Closed - False Positive,0.7,N
ALT05408,C02357,2025-10-23,Rapid Movement of Funds,13137.42,United Kingdom,Low,AN036,Closed,2025-10-29,6,Closed - False Positive,1.1,N
ALT04717,C02913,2025-10-23,Structuring,7091.94,United Kingdom,Low,AN038,Closed,2025-10-31,8,Closed - False Positive,0.5,N
ALT05500,C01512,2025-10-23,Rapid Movement of Funds,15053.89,United States,Medium,AN039,Closed,2025-10-27,4,Closed - False Positive,0.7,N
ALT04666,C00839,2025-10-23,Large Cash Deposit,53831.84,United Kingdom,High,AN038,Closed,2025-10-31,8,Closed - False Positive,0.8,N
ALT01725,C01642,2025-10-23,Large Cash Deposit,16338.44,United Kingdom,Medium,AN034,Closed,2025-11-01,9,Closed - False Positive,0.4,N
ALT00655,C01712,2025-10-23,Unusual Activity vs Profile,23245.89,United Kingdom,Medium,AN037,Closed,2025-10-30,7,Closed - False Positive,0.8,N
ALT00716,C00918,2025-10-23,Rapid Movement of Funds,2833.31,Nigeria,High,AN039,Closed,2025-11-14,22,SAR Filed,5.4,Y
ALT06379,C02875,2025-10-23,Dormant Account Reactivation,9344.45,United Kingdom,Low,AN033,Closed,2025-10-26,3,Closed - False Positive,0.6,N
ALT01357,C01224,2025-10-23,Structuring,7445.04,United Kingdom,High,AN036,Closed,2025-10-28,5,Closed - False Positive,0.4,N
ALT05448,C02348,2025-10-24,Unusual Activity vs Profile,18648.97,UAE,Low,AN038,Closed,2025-10-29,5,Closed - False Positive,1.2,N
ALT02245,C02325,2025-10-24,Round-Amount Transfers,57990.35,United Kingdom,High,AN034,Closed,2025-10-31,7,Closed - False Positive,1.1,N
ALT02233,C00343,2025-10-24,Structuring,9565.62,France,High,AN039,Closed,2025-10-30,6,Closed - False Positive,0.4,N
ALT00438,C00421,2025-10-24,Rapid Movement of Funds,6409.94,United Kingdom,Medium,AN037,Closed,2025-10-31,7,Closed - False Positive,0.9,N
ALT05455,C01451,2025-10-24,Large Cash Deposit,18448.71,United Kingdom,Low,AN034,Closed,2025-10-27,3,Closed - False Positive,1.1,N
ALT02152,C02174,2025-10-24,Round-Amount Transfers,10741.06,United Kingdom,Medium,AN040,Closed,2025-10-27,3,Closed - False Positive,0.7,N
ALT00460,C01595,2025-10-24,High-Risk Jurisdiction Transfer,20474.11,United States,Low,AN037,Closed,2025-11-18,25,SAR Filed,7.4,Y
ALT05556,C02473,2025-10-24,High-Risk Jurisdiction Transfer,3844.12,France,High,AN036,Closed,2025-11-01,8,Closed - False Positive,0.4,N
ALT01977,C01862,2025-10-24,Rapid Movement of Funds,2507.18,United Kingdom,Low,AN037,Closed,2025-10-26,2,Closed - False Positive,0.4,N
ALT02259,C02915,2025-10-24,Unusual Activity vs Profile,38322.88,United States,Low,AN040,Closed,2025-10-30,6,Closed - False Positive,0.5,N
ALT05264,C01239,2025-10-24,Structuring,7437.45,United States,Low,AN036,Closed,2025-10-28,4,Closed - False Positive,1.2,N
ALT05949,C00227,2025-10-24,Rapid Movement of Funds,6445.28,Cyprus,High,AN037,Closed,2025-10-27,3,Closed - False Positive,0.8,N
ALT00534,C01582,2025-10-24,Rapid Movement of Funds,5756.02,United Kingdom,Medium,AN039,Closed,2025-10-30,6,Closed - False Positive,0.6,N
ALT04072,C01560,2025-10-24,Large Cash Deposit,53125.57,United Kingdom,High,AN033,Closed,2025-11-13,20,Closed - False Positive,0.4,N
ALT02615,C01506,2025-10-24,Unusual Activity vs Profile,416482.39,United Kingdom,High,AN036,Closed,2025-11-01,8,Closed - False Positive,0.5,N
ALT05838,C02570,2025-10-24,Round-Amount Transfers,31695.55,Ireland,Medium,AN039,Closed,2025-11-05,12,Closed - False Positive,0.9,N
ALT04429,C00256,2025-10-24,Large Cash Deposit,43242.78,United States,Medium,AN036,Closed,2025-10-26,2,Closed - False Positive,1.0,N
ALT02607,C02348,2025-10-24,Round-Amount Transfers,24628.88,United Kingdom,Medium,AN034,Closed,2025-11-22,29,SAR Filed,4.9,Y
ALT00525,C02905,2025-10-24,Rapid Movement of Funds,15193.03,Pakistan,High,AN039,Closed,2025-11-13,20,Escalated to Investigation,4.2,N
ALT00840,C02818,2025-10-24,Unusual Activity vs Profile,703.89,Panama,Low,AN035,Closed,2025-10-26,2,Closed - False Positive,1.2,N
ALT05375,C00509,2025-10-25,Unusual Activity vs Profile,4305.9,United Kingdom,Medium,AN038,Closed,2025-10-29,4,Closed - False Positive,1.0,N
ALT03735,C02368,2025-10-25,Dormant Account Reactivation,4264.51,Ireland,Low,AN037,Closed,2025-10-30,5,Closed - False Positive,0.4,N
ALT01659,C01674,2025-10-25,Large Cash Deposit,23408.97,United Kingdom,High,AN040,Closed,2025-10-26,1,Closed - False Positive,0.6,N
ALT04667,C01078,2025-10-25,Rapid Movement of Funds,3006.86,United Kingdom,High,AN039,Closed,2025-10-31,6,Closed - False Positive,0.6,N
ALT06177,C01950,2025-10-25,Rapid Movement of Funds,7601.24,United Kingdom,High,AN033,Closed,2025-11-05,11,Closed - False Positive,0.8,N
ALT00468,C01110,2025-10-25,Unusual Activity vs Profile,7532.39,United Kingdom,Low,AN036,Closed,2025-10-31,6,Closed - False Positive,0.8,N
ALT05508,C01123,2025-10-25,Large Cash Deposit,13090.45,Nigeria,High,AN036,Closed,2025-10-26,1,Closed - False Positive,1.2,N
ALT03936,C02005,2025-10-25,Unusual Activity vs Profile,10495.14,United Kingdom,Low,AN037,Closed,2025-10-30,5,Closed - False Positive,1.1,N
ALT03629,C00220,2025-10-25,Unusual Activity vs Profile,2955.23,United Kingdom,High,AN038,Closed,2025-11-19,25,Escalated to Investigation,4.3,N
ALT06257,C02669,2025-10-25,Large Cash Deposit,40682.23,United Kingdom,High,AN039,Closed,2025-10-27,2,Closed - False Positive,0.6,N
ALT04565,C00661,2025-10-25,Unusual Activity vs Profile,15501.92,Russia,High,AN033,Closed,2025-10-30,5,Closed - False Positive,0.7,N
ALT02216,C00210,2025-10-25,Unusual Activity vs Profile,18128.69,United States,Low,AN034,Closed,2025-11-15,21,Closed - False Positive,0.7,N
ALT01545,C00118,2025-10-25,High-Risk Jurisdiction Transfer,45154.71,United Kingdom,Low,AN035,Closed,2025-11-05,11,Closed - False Positive,1.2,N
ALT00485,C02879,2025-10-25,Unusual Activity vs Profile,20973.49,Pakistan,Medium,AN040,Closed,2025-10-30,5,Closed - False Positive,0.8,N
ALT03565,C01708,2025-10-25,Unusual Activity vs Profile,13244.01,United Kingdom,Low,AN037,Closed,2025-10-29,4,Closed - False Positive,0.9,N
ALT01030,C02935,2025-10-25,Structuring,7649.68,Nigeria,Medium,AN035,Closed,2025-11-02,8,Closed - False Positive,1.2,N
ALT01277,C00222,2025-10-25,Large Cash Deposit,50268.02,Ireland,High,AN037,Closed,2025-10-29,4,Closed - False Positive,1.2,N
ALT00391,C01527,2025-10-25,Structuring,9363.45,United Kingdom,Medium,AN034,Closed,2025-11-01,7,Closed - False Positive,0.7,N
ALT02960,C02407,2025-10-25,Rapid Movement of Funds,12624.66,Panama,Low,AN037,Closed,2025-11-04,10,Closed - False Positive,1.1,N
ALT03878,C02906,2025-10-25,Structuring,8517.94,United Kingdom,Low,AN033,Closed,2025-10-28,3,Closed - False Positive,0.9,N
ALT02566,C02367,2025-10-25,Unusual Activity vs Profile,8799.95,United Kingdom,High,AN040,Closed,2025-10-29,4,Closed - False Positive,0.8,N
ALT05256,C02140,2025-10-25,Large Cash Deposit,30102.49,Ireland,Low,AN034,Closed,2025-11-11,17,Closed - False Positive,0.4,N
ALT04813,C02869,2025-10-25,Structuring,7366.81,United Kingdom,Low,AN034,Closed,2025-10-27,2,Closed - False Positive,0.5,N
ALT04810,C00378,2025-10-25,Rapid Movement of Funds,3175.27,United Kingdom,Medium,AN039,Closed,2025-10-28,3,Closed - False Positive,0.3,N
ALT05192,C02461,2025-10-25,Round-Amount Transfers,25642.02,United Kingdom,Medium,AN038,Closed,2025-10-31,6,Closed - False Positive,0.4,N
ALT02980,C01878,2025-10-25,Rapid Movement of Funds,6466.85,United Kingdom,High,AN035,Closed,2025-10-30,5,Closed - False Positive,1.1,N
ALT05216,C02859,2025-10-25,Large Cash Deposit,56390.0,United Kingdom,High,AN040,Closed,2025-11-01,7,Closed - False Positive,0.6,N
ALT05542,C00213,2025-10-26,Rapid Movement of Funds,1831.16,United Kingdom,Low,AN038,Closed,2025-11-01,6,Closed - False Positive,0.8,N
ALT00629,C00986,2025-10-26,Unusual Activity vs Profile,30898.0,United Kingdom,High,AN038,Closed,2025-11-03,8,Closed - False Positive,0.7,N
ALT04907,C01285,2025-10-26,High-Risk Jurisdiction Transfer,15480.6,United Kingdom,High,AN036,Closed,2025-11-06,11,SAR Filed,8.2,Y
ALT03817,C01770,2025-10-26,Unusual Activity vs Profile,41855.87,United Kingdom,High,AN039,Closed,2025-10-28,2,Closed - False Positive,0.4,N
ALT01737,C00732,2025-10-26,Unusual Activity vs Profile,14791.39,United Kingdom,High,AN034,Closed,2025-11-01,6,Closed - False Positive,0.7,N
ALT04919,C02227,2025-10-26,Large Cash Deposit,19202.22,Russia,Medium,AN036,Closed,2025-11-07,12,Closed - False Positive,0.9,N
ALT01397,C01878,2025-10-26,Round-Amount Transfers,4342.82,Ireland,High,AN037,Closed,2025-10-31,5,Closed - False Positive,0.5,N
ALT03598,C02467,2025-10-26,Unusual Activity vs Profile,37947.11,India,Low,AN033,Closed,2025-11-04,9,Closed - False Positive,0.4,N
ALT06003,C00241,2025-10-26,Structuring,9428.46,Russia,High,AN039,Closed,2025-11-01,6,Closed - False Positive,0.9,N
ALT02689,C02399,2025-10-26,Dormant Account Reactivation,9252.83,Nigeria,Low,AN039,Closed,2025-10-29,3,Closed - False Positive,0.3,N
ALT00563,C00760,2025-10-26,Unusual Activity vs Profile,11989.02,Hong Kong,Medium,AN039,Closed,2025-10-27,1,Closed - False Positive,0.6,N
ALT03415,C02482,2025-10-26,High-Risk Jurisdiction Transfer,34309.3,United Kingdom,High,AN036,Closed,2025-10-29,3,Closed - False Positive,0.6,N
ALT05452,C00428,2025-10-26,Rapid Movement of Funds,1419.09,United Kingdom,Low,AN038,Closed,2025-10-30,4,Closed - False Positive,0.7,N
ALT05414,C00882,2025-10-26,Dormant Account Reactivation,5627.29,United Kingdom,Low,AN037,Closed,2025-11-05,10,Closed - False Positive,0.8,N
ALT05757,C01613,2025-10-26,Unusual Activity vs Profile,28880.07,United Kingdom,High,AN036,Closed,2025-10-29,3,Closed - False Positive,0.7,N
ALT06091,C01532,2025-10-26,Rapid Movement of Funds,22704.49,United Kingdom,High,AN039,Closed,2025-11-06,11,Closed - False Positive,0.4,N
ALT03394,C02345,2025-10-26,Unusual Activity vs Profile,19603.12,United Kingdom,High,AN033,Closed,2025-12-17,52,Escalated to Investigation,11.5,N
ALT05782,C00039,2025-10-26,Dormant Account Reactivation,5660.68,Nigeria,High,AN034,Closed,2025-11-06,11,Closed - False Positive,0.3,N
ALT04172,C02292,2025-10-26,Round-Amount Transfers,10265.59,United Kingdom,High,AN034,Closed,2025-10-29,3,Closed - False Positive,1.0,N
ALT00983,C02691,2025-10-26,High-Risk Jurisdiction Transfer,22102.5,France,High,AN033,Closed,2025-10-28,2,Closed - False Positive,0.4,N
ALT02474,C01035,2025-10-26,Large Cash Deposit,48860.44,United Kingdom,Medium,AN037,Closed,2025-11-03,8,Closed - False Positive,0.5,N
ALT04467,C02379,2025-10-26,Large Cash Deposit,50727.45,United Kingdom,High,AN034,Closed,2025-11-04,9,Escalated to Investigation,11.6,N
ALT02283,C00716,2025-10-26,Rapid Movement of Funds,19999.27,India,High,AN040,Closed,2025-10-27,1,Closed - False Positive,0.9,N
ALT02501,C02667,2025-10-27,High-Risk Jurisdiction Transfer,64027.99,United Kingdom,High,AN038,Closed,2025-10-31,4,Closed - False Positive,0.6,N
ALT05673,C00122,2025-10-27,Dormant Account Reactivation,36453.03,United Kingdom,Medium,AN038,Closed,2025-11-04,8,Closed - False Positive,0.4,N
ALT01808,C02742,2025-10-27,Round-Amount Transfers,2851.74,United Kingdom,Medium,AN036,Closed,2025-10-31,4,Closed - False Positive,0.4,N
ALT02993,C02693,2025-10-27,Large Cash Deposit,44366.12,Russia,Low,AN038,Closed,2025-11-05,9,Closed - False Positive,0.5,N
ALT03530,C01665,2025-10-27,Dormant Account Reactivation,6028.55,UAE,Low,AN034,Closed,2025-11-01,5,Closed - False Positive,0.7,N
ALT03815,C02369,2025-10-27,Large Cash Deposit,10012.55,Hong Kong,Low,AN036,Closed,2025-11-01,5,Closed - False Positive,0.9,N
ALT06490,C01025,2025-10-27,Structuring,9158.41,United Kingdom,Medium,AN035,Closed,2025-11-15,19,Closed - False Positive,0.4,N
ALT01728,C02149,2025-10-27,Dormant Account Reactivation,37034.58,United Kingdom,Low,AN036,Closed,2025-11-06,10,Closed - False Positive,0.6,N
ALT03722,C01508,2025-10-27,Unusual Activity vs Profile,2378.6,United Kingdom,Low,AN037,Closed,2025-10-29,2,Closed - False Positive,1.0,N
ALT06065,C01009,2025-10-27,High-Risk Jurisdiction Transfer,28752.7,United Kingdom,Low,AN037,Closed,2025-10-29,2,Closed - False Positive,0.8,N
ALT04811,C00539,2025-10-27,Unusual Activity vs Profile,47389.66,Ireland,High,AN039,Closed,2025-11-20,24,SAR Filed,7.6,Y
ALT05545,C00456,2025-10-27,Structuring,8226.29,Russia,Low,AN038,Closed,2025-11-09,13,Closed - False Positive,0.6,N
ALT02193,C00803,2025-10-27,Unusual Activity vs Profile,41592.51,Germany,Low,AN040,Closed,2025-10-31,4,Closed - False Positive,0.4,N
ALT05957,C01414,2025-10-27,Unusual Activity vs Profile,69803.91,United Kingdom,High,AN036,Closed,2025-11-05,9,Closed - False Positive,0.9,N
ALT01253,C01881,2025-10-27,Large Cash Deposit,29584.63,United Kingdom,High,AN034,Closed,2025-11-10,14,Closed - False Positive,1.0,N
ALT04693,C00013,2025-10-27,Unusual Activity vs Profile,6595.11,UAE,Low,AN036,Closed,2025-11-05,9,Closed - False Positive,1.0,N
ALT05417,C02504,2025-10-27,Rapid Movement of Funds,17142.64,United Kingdom,Medium,AN040,Closed,2025-11-04,8,Closed - False Positive,1.2,N
ALT05763,C02219,2025-10-27,Round-Amount Transfers,28822.4,United States,Low,AN034,Closed,2025-11-20,24,SAR Filed,5.2,Y
ALT02053,C01567,2025-10-27,Large Cash Deposit,15639.78,UAE,High,AN039,Closed,2025-11-01,5,Closed - False Positive,1.2,N
ALT02853,C02287,2025-10-27,Structuring,7249.12,UAE,Medium,AN035,Closed,2025-11-06,10,Closed - False Positive,0.6,N
ALT04243,C00152,2025-10-28,Structuring,8459.04,UAE,High,AN033,Closed,2025-11-01,4,Closed - False Positive,0.5,N
ALT01978,C00253,2025-10-28,High-Risk Jurisdiction Transfer,25660.08,United Kingdom,Low,AN038,Closed,2025-11-19,22,Escalated to Investigation,11.5,N
ALT04057,C01083,2025-10-28,High-Risk Jurisdiction Transfer,16611.5,France,High,AN040,Closed,2025-10-29,1,Closed - False Positive,0.3,N
ALT05786,C02593,2025-10-28,Dormant Account Reactivation,20689.06,France,High,AN039,Closed,2025-10-31,3,Closed - False Positive,1.1,N
ALT01485,C01251,2025-10-28,Round-Amount Transfers,9288.88,United Kingdom,Medium,AN040,Closed,2025-10-30,2,Closed - False Positive,0.5,N
ALT03535,C01274,2025-10-28,High-Risk Jurisdiction Transfer,14180.9,United Kingdom,High,AN034,Closed,2025-11-16,19,Escalated to Investigation,6.6,N
ALT01855,C01849,2025-10-28,High-Risk Jurisdiction Transfer,18211.83,United Kingdom,Low,AN040,Closed,2025-11-03,6,Closed - False Positive,1.2,N
ALT02421,C01736,2025-10-28,Unusual Activity vs Profile,20467.36,Germany,Medium,AN036,Closed,2025-11-03,6,Closed - False Positive,0.4,N
ALT05859,C00868,2025-10-28,Unusual Activity vs Profile,8421.82,Hong Kong,Medium,AN037,Closed,2025-11-01,4,Closed - False Positive,1.1,N
ALT00664,C00496,2025-10-28,Unusual Activity vs Profile,43387.98,United Kingdom,Low,AN035,Closed,2025-11-11,14,Closed - False Positive,1.1,N
ALT03926,C01453,2025-10-28,Dormant Account Reactivation,125407.46,United Kingdom,High,AN036,Closed,2025-10-30,2,Closed - False Positive,0.3,N
ALT00692,C01904,2025-10-28,Structuring,8168.47,United Kingdom,High,AN033,Closed,2025-11-11,14,Escalated to Investigation,7.0,N
ALT05450,C02097,2025-10-28,Unusual Activity vs Profile,8664.47,United Kingdom,Medium,AN037,Closed,2025-11-14,17,Closed - False Positive,0.6,N
ALT02069,C02475,2025-10-28,Rapid Movement of Funds,8534.63,United Kingdom,Low,AN037,Closed,2025-10-31,3,Closed - False Positive,0.8,N
ALT02856,C02663,2025-10-28,Dormant Account Reactivation,99931.97,United Kingdom,High,AN036,Closed,2025-10-31,3,Closed - False Positive,0.7,N
ALT04032,C02345,2025-10-28,Unusual Activity vs Profile,11668.89,United States,High,AN040,Closed,2025-11-01,4,Closed - False Positive,0.9,N
ALT05476,C00463,2025-10-28,Unusual Activity vs Profile,2577.37,United Kingdom,High,AN033,Closed,2025-11-04,7,Closed - False Positive,1.1,N
ALT01596,C01395,2025-10-28,Unusual Activity vs Profile,40632.18,Nigeria,Medium,AN038,Closed,2025-11-04,7,Closed - False Positive,1.2,N
ALT05929,C02874,2025-10-28,Unusual Activity vs Profile,13142.28,Nigeria,Low,AN040,Closed,2025-11-01,4,Closed - False Positive,0.8,N
ALT03436,C01015,2025-10-28,Round-Amount Transfers,30863.26,United Kingdom,High,AN038,Closed,2025-11-06,9,Closed - False Positive,0.9,N
ALT00006,C01628,2025-10-28,Round-Amount Transfers,7949.87,United States,High,AN036,Closed,2025-10-30,2,Closed - False Positive,0.9,N
ALT05926,C02273,2025-10-28,Structuring,8546.99,Pakistan,Medium,AN039,Closed,2025-11-02,5,Closed - False Positive,0.5,N
ALT00071,C02534,2025-10-29,High-Risk Jurisdiction Transfer,12789.97,United Kingdom,Medium,AN034,Closed,2025-11-10,12,Closed - False Positive,0.9,N
ALT04761,C00897,2025-10-29,Structuring,7366.8,United Kingdom,High,AN033,Closed,2025-11-05,7,Closed - False Positive,0.9,N
ALT00735,C00619,2025-10-29,Dormant Account Reactivation,4223.1,United Kingdom,Low,AN035,Closed,2025-11-02,4,Closed - False Positive,0.8,N
ALT03783,C01047,2025-10-29,Large Cash Deposit,17830.87,United Kingdom,High,AN040,Closed,2025-11-05,7,Closed - False Positive,0.6,N
ALT05689,C00699,2025-10-29,Unusual Activity vs Profile,5391.72,United Kingdom,Low,AN038,Closed,2025-11-02,4,Closed - False Positive,1.1,N
ALT03451,C00704,2025-10-29,Dormant Account Reactivation,5981.02,Hong Kong,Medium,AN037,Closed,2025-11-04,6,Closed - False Positive,1.1,N
ALT06052,C00081,2025-10-29,Structuring,8308.57,United Kingdom,Medium,AN038,Closed,2025-11-07,9,Closed - False Positive,0.9,N
ALT01950,C01002,2025-10-29,High-Risk Jurisdiction Transfer,26485.26,United Kingdom,Low,AN036,Closed,2025-11-05,7,Closed - False Positive,0.9,N
ALT02389,C01220,2025-10-29,Large Cash Deposit,48461.07,United States,Medium,AN035,Closed,2025-11-09,11,Closed - False Positive,0.5,N
ALT04783,C01771,2025-10-29,Round-Amount Transfers,10589.87,United Kingdom,Low,AN034,Closed,2025-11-02,4,Closed - False Positive,0.8,N
ALT02473,C01018,2025-10-29,Unusual Activity vs Profile,6277.69,United States,Low,AN036,Closed,2025-11-05,7,Closed - False Positive,1.0,N
ALT00195,C00845,2025-10-29,Unusual Activity vs Profile,5519.04,India,Medium,AN033,Closed,2025-11-05,7,Closed - False Positive,0.4,N
ALT00341,C02854,2025-10-29,Unusual Activity vs Profile,16141.24,United Kingdom,High,AN034,Closed,2025-11-14,16,Closed - False Positive,0.4,N
ALT02943,C01285,2025-10-29,High-Risk Jurisdiction Transfer,115912.57,United Kingdom,High,AN033,Closed,2025-11-01,3,Closed - False Positive,0.4,N
ALT00579,C02223,2025-10-29,High-Risk Jurisdiction Transfer,6935.52,United Kingdom,Medium,AN034,Closed,2025-11-10,12,Closed - False Positive,0.3,N
ALT04055,C00955,2025-10-29,Rapid Movement of Funds,6467.84,United Kingdom,Medium,AN035,Closed,2025-11-04,6,Closed - False Positive,0.8,N
ALT04282,C02646,2025-10-29,High-Risk Jurisdiction Transfer,29357.03,United Kingdom,Low,AN036,Closed,2025-11-25,27,SAR Filed,12.5,Y
ALT02180,C01686,2025-10-29,Large Cash Deposit,17663.08,United Kingdom,High,AN038,Closed,2025-11-14,16,Escalated to Investigation,7.9,N
ALT02207,C02956,2025-10-29,Unusual Activity vs Profile,3662.02,United States,Medium,AN037,Closed,2025-11-01,3,Closed - False Positive,0.8,N
ALT04542,C00418,2025-10-29,Structuring,7380.06,Ireland,Medium,AN036,Closed,2025-11-08,10,Closed - False Positive,0.7,N
ALT03939,C02105,2025-10-29,Large Cash Deposit,35961.62,United Kingdom,Medium,AN035,Closed,2025-11-04,6,Closed - False Positive,0.4,N
ALT01677,C02666,2025-10-29,Structuring,9345.86,Hong Kong,High,AN035,Closed,2025-11-09,11,Closed - False Positive,0.4,N
ALT01995,C01774,2025-10-29,Structuring,7606.09,United Kingdom,High,AN033,Closed,2025-11-10,12,Escalated to Investigation,10.7,N
ALT03089,C02216,2025-10-30,Structuring,9474.91,Germany,Low,AN040,Closed,2025-11-01,2,Closed - False Positive,0.6,N
ALT01654,C01179,2025-10-30,Large Cash Deposit,9509.0,United Kingdom,Low,AN040,Closed,2025-11-08,9,Closed - False Positive,1.2,N
ALT00497,C00456,2025-10-30,Structuring,8543.0,United Kingdom,Low,AN035,Closed,2025-11-01,2,Closed - False Positive,0.4,N
ALT03724,C02303,2025-10-30,Dormant Account Reactivation,4114.85,United Kingdom,Medium,AN036,Closed,2025-11-07,8,Closed - False Positive,0.5,N
ALT01617,C00876,2025-10-30,Dormant Account Reactivation,5739.5,United Kingdom,Medium,AN034,Closed,2025-11-04,5,Closed - False Positive,1.0,N
ALT01702,C01885,2025-10-30,Round-Amount Transfers,12611.76,United Kingdom,Medium,AN033,Closed,2025-11-17,18,Closed - False Positive,1.1,N
ALT02385,C02918,2025-10-30,High-Risk Jurisdiction Transfer,3896.43,United Kingdom,Medium,AN034,Closed,2025-11-05,6,Closed - False Positive,0.5,N
ALT06168,C00101,2025-10-30,Dormant Account Reactivation,32076.51,United Kingdom,Medium,AN040,Closed,2025-11-21,22,Closed - False Positive,0.7,N
ALT01455,C02055,2025-10-30,Unusual Activity vs Profile,11062.63,United Kingdom,Low,AN036,Closed,2025-11-01,2,Closed - False Positive,1.0,N
ALT05736,C02233,2025-10-30,Rapid Movement of Funds,8619.17,United Kingdom,Low,AN036,Closed,2025-11-07,8,Closed - False Positive,0.5,N
ALT00511,C00112,2025-10-30,High-Risk Jurisdiction Transfer,5389.18,United Kingdom,Low,AN037,Closed,2025-11-09,10,Closed - False Positive,1.1,N
ALT05364,C01640,2025-10-30,Rapid Movement of Funds,13795.91,United Kingdom,High,AN038,Closed,2025-11-09,10,Closed - False Positive,0.5,N
ALT04915,C00656,2025-10-30,High-Risk Jurisdiction Transfer,3619.96,United Kingdom,Medium,AN037,Closed,2025-11-09,10,Closed - False Positive,0.8,N
ALT05231,C02882,2025-10-30,Structuring,8092.17,United Kingdom,Medium,AN037,Closed,2025-12-06,37,SAR Filed,8.3,Y
ALT03224,C02248,2025-10-30,Rapid Movement of Funds,10234.91,United Kingdom,High,AN037,Closed,2025-11-02,3,Closed - False Positive,0.8,N
ALT01223,C01674,2025-10-30,Rapid Movement of Funds,11352.93,United Kingdom,High,AN038,Closed,2025-11-03,4,Closed - False Positive,0.9,N
ALT01120,C01088,2025-10-30,Structuring,8999.9,United Kingdom,High,AN037,Closed,2025-11-08,9,Closed - False Positive,0.7,N
ALT02829,C01454,2025-10-30,Unusual Activity vs Profile,7206.09,India,Low,AN039,Closed,2025-11-09,10,Closed - False Positive,0.4,N
ALT00643,C00162,2025-10-30,Round-Amount Transfers,20189.45,Ireland,Medium,AN034,Closed,2025-11-16,17,Closed - False Positive,0.3,N
ALT05191,C02129,2025-10-31,Unusual Activity vs Profile,8430.78,United Kingdom,Medium,AN034,Closed,2025-11-13,13,Closed - False Positive,1.1,N
ALT02947,C00817,2025-10-31,Unusual Activity vs Profile,8044.68,United Kingdom,Medium,AN039,Closed,2025-11-05,5,Closed - False Positive,0.6,N
ALT00924,C00918,2025-10-31,Structuring,9021.85,United Kingdom,High,AN040,Closed,2025-11-01,1,Closed - False Positive,0.5,N
ALT04744,C00923,2025-10-31,Rapid Movement of Funds,6591.83,India,Medium,AN039,Closed,2025-11-06,6,Closed - False Positive,1.1,N
ALT01773,C01856,2025-10-31,Structuring,7375.83,United Kingdom,Medium,AN037,Closed,2025-11-04,4,Closed - False Positive,0.4,N
ALT01697,C01236,2025-10-31,Structuring,8222.05,United Kingdom,High,AN040,Closed,2025-11-13,13,Closed - False Positive,0.3,N
ALT01176,C00328,2025-10-31,Round-Amount Transfers,2086.42,United Kingdom,Medium,AN038,Closed,2025-11-03,3,Closed - False Positive,0.7,N
ALT06038,C02809,2025-10-31,Rapid Movement of Funds,18041.86,Germany,High,AN040,Closed,2025-11-02,2,Closed - False Positive,0.4,N
ALT04444,C01906,2025-10-31,Rapid Movement of Funds,5371.51,United Kingdom,Medium,AN039,Closed,2025-11-05,5,Closed - False Positive,0.9,N
ALT05554,C00983,2025-10-31,Dormant Account Reactivation,4614.67,United States,High,AN034,Closed,2025-11-08,8,Closed - False Positive,0.4,N
ALT04301,C01500,2025-10-31,Large Cash Deposit,44211.56,United Kingdom,Low,AN040,Closed,2025-11-03,3,Closed - False Positive,1.0,N
ALT03829,C01842,2025-10-31,High-Risk Jurisdiction Transfer,8838.18,United Kingdom,Low,AN039,Closed,2025-11-07,7,Closed - False Positive,1.0,N
ALT05851,C02411,2025-10-31,Dormant Account Reactivation,41351.39,India,Medium,AN034,Closed,2025-11-03,3,Closed - False Positive,0.7,N
ALT03540,C02722,2025-10-31,Rapid Movement of Funds,96196.53,Nigeria,High,AN035,Closed,2025-11-05,5,Closed - False Positive,1.1,N
ALT01443,C01932,2025-10-31,Unusual Activity vs Profile,39935.96,United Kingdom,Medium,AN040,Closed,2025-11-05,5,Closed - False Positive,1.0,N
ALT01816,C02834,2025-10-31,Rapid Movement of Funds,24599.89,France,High,AN035,Closed,2025-11-04,4,Closed - False Positive,1.0,N
ALT00618,C02442,2025-10-31,Round-Amount Transfers,3672.81,United Kingdom,Medium,AN037,Closed,2025-11-10,10,Closed - False Positive,0.9,N
ALT00968,C01292,2025-10-31,Dormant Account Reactivation,3821.19,United Kingdom,High,AN037,Closed,2025-11-02,2,Closed - False Positive,1.0,N
ALT02163,C01982,2025-10-31,Rapid Movement of Funds,41486.77,United Kingdom,Low,AN038,Closed,2025-11-13,13,Closed - False Positive,0.7,N
ALT00621,C01819,2025-10-31,High-Risk Jurisdiction Transfer,9631.93,India,Medium,AN039,Closed,2025-11-15,15,Closed - False Positive,1.0,N
ALT00178,C01283,2025-10-31,Rapid Movement of Funds,68800.91,Nigeria,High,AN038,Closed,2025-11-10,10,Closed - False Positive,1.1,N
ALT05688,C01492,2025-10-31,Structuring,9574.34,Ireland,High,AN035,Closed,2025-11-06,6,Closed - False Positive,0.8,N
ALT04065,C00079,2025-10-31,Structuring,8083.26,France,Medium,AN035,Closed,2025-11-01,1,Closed - False Positive,1.1,N
ALT02756,C02510,2025-11-01,Rapid Movement of Funds,30511.06,Ireland,Low,AN039,Closed,2025-11-08,7,Closed - False Positive,1.1,N
ALT04948,C02853,2025-11-01,High-Risk Jurisdiction Transfer,16062.13,United Kingdom,Medium,AN036,Closed,2025-11-05,4,Closed - False Positive,0.4,N
ALT03138,C01850,2025-11-01,Dormant Account Reactivation,11553.41,United Kingdom,High,AN037,Closed,2025-11-04,3,Closed - False Positive,0.5,N
ALT01178,C02809,2025-11-01,Structuring,8049.16,United States,High,AN039,Closed,2025-11-08,7,Closed - False Positive,1.1,N
ALT00805,C02728,2025-11-01,Dormant Account Reactivation,9373.36,United Kingdom,Medium,AN034,Closed,2025-11-07,6,Closed - False Positive,0.6,N
ALT02805,C00490,2025-11-01,Large Cash Deposit,26069.86,Cyprus,Medium,AN036,Closed,2025-11-03,2,Closed - False Positive,0.5,N
ALT03513,C02336,2025-11-01,Large Cash Deposit,34620.3,United Kingdom,High,AN037,Closed,2025-11-06,5,Closed - False Positive,0.8,N
ALT00498,C01507,2025-11-01,Unusual Activity vs Profile,4977.09,United Kingdom,High,AN039,Closed,2025-11-07,6,Closed - False Positive,0.7,N
ALT00428,C02747,2025-11-01,Unusual Activity vs Profile,45162.41,Cyprus,Medium,AN040,Closed,2025-11-07,6,Closed - False Positive,1.1,N
ALT01273,C00796,2025-11-01,Structuring,7787.79,United Kingdom,Low,AN035,Closed,2025-11-07,6,Closed - False Positive,0.7,N
ALT04504,C00535,2025-11-01,Large Cash Deposit,11718.12,United Kingdom,Medium,AN040,Closed,2025-11-11,10,Closed - False Positive,0.6,N
ALT01603,C01241,2025-11-01,Large Cash Deposit,56416.66,United Kingdom,High,AN036,Closed,2025-11-08,7,Closed - False Positive,0.6,N
ALT05791,C00769,2025-11-01,Structuring,9503.21,United Kingdom,Medium,AN038,Closed,2025-11-11,10,Closed - False Positive,1.1,N
ALT00014,C00192,2025-11-01,Round-Amount Transfers,9747.77,India,Low,AN036,Closed,2025-11-02,1,Closed - False Positive,1.0,N
ALT06431,C00700,2025-11-01,Unusual Activity vs Profile,21772.46,United Kingdom,High,AN039,Closed,2025-11-05,4,Escalated to Investigation,7.1,N
ALT05733,C01153,2025-11-01,Rapid Movement of Funds,14024.16,Ireland,Medium,AN040,Closed,2025-11-04,3,Closed - False Positive,0.9,N
ALT01192,C02974,2025-11-01,Rapid Movement of Funds,26199.03,United Kingdom,High,AN033,Closed,2025-11-04,3,Closed - False Positive,0.5,N
ALT04116,C01107,2025-11-01,Structuring,8037.15,United Kingdom,Medium,AN037,Closed,2025-11-02,1,Closed - False Positive,0.3,N
ALT01721,C02149,2025-11-01,Structuring,7796.97,United Kingdom,Medium,AN034,Closed,2025-11-09,8,Closed - False Positive,0.9,N
ALT04026,C00509,2025-11-01,Round-Amount Transfers,1968.1,United Kingdom,Low,AN036,Closed,2025-11-05,4,Closed - False Positive,0.7,N
ALT00751,C00206,2025-11-01,High-Risk Jurisdiction Transfer,27117.31,India,High,AN039,Closed,2025-11-06,5,Closed - False Positive,0.6,N
ALT06215,C02667,2025-11-02,Large Cash Deposit,16184.55,Pakistan,Medium,AN035,Closed,2025-11-15,13,Closed - False Positive,1.1,N
ALT03078,C02855,2025-11-02,Structuring,9382.46,United Kingdom,Low,AN034,Closed,2025-11-10,8,Closed - False Positive,0.8,N
ALT04507,C02692,2025-11-02,Structuring,8837.49,United Kingdom,Low,AN039,Closed,2025-11-05,3,Closed - False Positive,1.1,N
ALT00318,C01482,2025-11-02,Rapid Movement of Funds,117196.82,UAE,High,AN040,Closed,2025-11-03,1,Closed - False Positive,0.4,N
ALT00568,C00496,2025-11-02,Structuring,9106.17,United States,Medium,AN040,Closed,2025-11-14,12,Closed - False Positive,1.1,N
ALT06228,C02784,2025-11-02,Unusual Activity vs Profile,8831.11,United States,Medium,AN039,Closed,2025-11-12,10,Closed - False Positive,0.8,N
ALT00297,C01548,2025-11-02,High-Risk Jurisdiction Transfer,49133.84,United Kingdom,High,AN038,Closed,2025-11-25,23,SAR Filed,12.7,Y
ALT04747,C01018,2025-11-02,Unusual Activity vs Profile,17897.3,Russia,Medium,AN038,Closed,2025-11-07,5,Closed - False Positive,0.4,N
ALT04399,C01758,2025-11-02,High-Risk Jurisdiction Transfer,19963.38,United Kingdom,Medium,AN038,Closed,2025-11-06,4,Closed - False Positive,0.5,N
ALT05756,C00241,2025-11-02,High-Risk Jurisdiction Transfer,41972.89,Cyprus,High,AN039,Closed,2025-11-05,3,Closed - False Positive,0.8,N
ALT02810,C00528,2025-11-02,High-Risk Jurisdiction Transfer,64371.23,United Kingdom,High,AN040,Closed,2025-11-09,7,Closed - False Positive,0.8,N
ALT04672,C00077,2025-11-02,Structuring,8556.83,Germany,Medium,AN037,Closed,2025-11-12,10,SAR Filed,12.6,Y
ALT00952,C01274,2025-11-02,Unusual Activity vs Profile,24291.06,United Kingdom,High,AN034,Closed,2025-11-10,8,Closed - False Positive,0.8,N
ALT05056,C02136,2025-11-02,Large Cash Deposit,57847.25,United Kingdom,High,AN040,Closed,2025-11-07,5,Closed - False Positive,0.3,N
ALT01156,C02034,2025-11-02,High-Risk Jurisdiction Transfer,4767.05,Germany,Medium,AN035,Closed,2025-11-09,7,Closed - False Positive,0.5,N
ALT03317,C01958,2025-11-02,Unusual Activity vs Profile,21882.32,United Kingdom,Medium,AN033,Closed,2025-11-04,2,Closed - False Positive,0.4,N
ALT06401,C02720,2025-11-02,Large Cash Deposit,26436.16,United States,High,AN040,Closed,2025-11-09,7,Closed - False Positive,0.8,N
ALT00878,C02581,2025-11-02,Large Cash Deposit,58025.7,Ireland,High,AN034,Closed,2025-11-07,5,Closed - False Positive,0.4,N
ALT04412,C02698,2025-11-02,Large Cash Deposit,45484.56,United Kingdom,Low,AN039,Closed,2025-11-06,4,Closed - False Positive,1.0,N
ALT01329,C00650,2025-11-02,Unusual Activity vs Profile,23685.58,Germany,High,AN040,Closed,2025-11-17,15,Escalated to Investigation,6.8,N
ALT02192,C01855,2025-11-02,Large Cash Deposit,37956.57,United Kingdom,Low,AN039,Closed,2025-11-09,7,Closed - False Positive,0.4,N
ALT02410,C00719,2025-11-02,Large Cash Deposit,18280.28,United Kingdom,Low,AN035,Closed,2025-11-10,8,Closed - False Positive,0.5,N
ALT05593,C01481,2025-11-02,High-Risk Jurisdiction Transfer,25932.03,United States,Low,AN037,Closed,2025-11-08,6,Closed - False Positive,0.7,N
ALT03533,C01530,2025-11-03,Unusual Activity vs Profile,21312.51,United Kingdom,Medium,AN036,Closed,2025-11-06,3,Closed - False Positive,0.8,N
ALT05787,C02955,2025-11-03,Large Cash Deposit,38026.54,United Kingdom,Medium,AN033,Closed,2025-11-14,11,SAR Filed,12.6,Y
ALT04006,C00619,2025-11-03,Rapid Movement of Funds,24683.82,United Kingdom,Low,AN036,Closed,2025-11-08,5,Closed - False Positive,1.1,N
ALT01383,C01121,2025-11-03,Unusual Activity vs Profile,21145.18,United Kingdom,Low,AN039,Closed,2025-11-08,5,Closed - False Positive,0.7,N
ALT03642,C00415,2025-11-03,High-Risk Jurisdiction Transfer,27681.08,United Kingdom,Medium,AN040,Closed,2025-11-09,6,Closed - False Positive,0.5,N
ALT01366,C02877,2025-11-03,Unusual Activity vs Profile,5859.38,United Kingdom,Low,AN036,Closed,2025-11-21,18,Closed - False Positive,1.0,N
ALT04185,C01528,2025-11-03,Structuring,9069.96,Ireland,Low,AN037,Closed,2025-11-05,2,Closed - False Positive,0.6,N
ALT03474,C02599,2025-11-03,Unusual Activity vs Profile,31879.16,United Kingdom,Low,AN039,Closed,2025-11-04,1,Closed - False Positive,0.5,N
ALT05789,C00204,2025-11-03,Large Cash Deposit,47642.54,United Kingdom,Low,AN035,Closed,2025-11-12,9,Closed - False Positive,0.7,N
ALT03384,C00700,2025-11-03,Structuring,9699.42,United Kingdom,High,AN036,Closed,2025-11-14,11,Closed - False Positive,1.0,N
ALT01150,C02326,2025-11-03,High-Risk Jurisdiction Transfer,15616.39,India,High,AN039,Closed,2025-11-07,4,Closed - False Positive,0.7,N
ALT06131,C00463,2025-11-03,High-Risk Jurisdiction Transfer,32977.15,Germany,High,AN036,Closed,2025-11-08,5,Closed - False Positive,0.3,N
ALT04248,C01088,2025-11-03,High-Risk Jurisdiction Transfer,17324.05,United Kingdom,High,AN036,Closed,2025-11-15,12,Closed - False Positive,0.4,N
ALT02293,C00828,2025-11-03,Rapid Movement of Funds,5627.96,United Kingdom,High,AN034,Closed,2025-11-06,3,Closed - False Positive,0.4,N
ALT00694,C02373,2025-11-03,Round-Amount Transfers,87335.51,United Kingdom,High,AN035,Closed,2025-11-06,3,Closed - False Positive,0.7,N
ALT04817,C01298,2025-11-03,Rapid Movement of Funds,17508.04,United Kingdom,High,AN037,Closed,2025-11-12,9,Closed - False Positive,0.5,N
ALT02059,C00273,2025-11-03,Large Cash Deposit,57904.44,Pakistan,High,AN034,Closed,2025-11-06,3,Closed - False Positive,1.2,N
ALT02612,C00530,2025-11-03,Rapid Movement of Funds,41292.67,India,High,AN034,Closed,2025-11-07,4,Closed - False Positive,0.4,N
ALT04883,C00998,2025-11-03,Large Cash Deposit,38919.04,France,High,AN039,Closed,2025-11-08,5,Closed - False Positive,0.8,N
ALT01976,C00133,2025-11-03,Rapid Movement of Funds,112012.59,United Kingdom,High,AN038,Closed,2025-11-10,7,Closed - False Positive,0.9,N
ALT04500,C02720,2025-11-03,Large Cash Deposit,9469.75,United Kingdom,High,AN038,Closed,2025-11-09,6,Closed - False Positive,1.2,N
ALT00747,C00792,2025-11-03,Unusual Activity vs Profile,11913.3,United Kingdom,Low,AN040,Closed,2025-11-06,3,Closed - False Positive,0.7,N
ALT03520,C01765,2025-11-04,Structuring,9613.61,United Kingdom,Medium,AN039,Closed,2025-11-06,2,Closed - False Positive,1.2,N
ALT03139,C01937,2025-11-04,Structuring,7019.88,Ireland,Low,AN034,Closed,2025-11-07,3,Closed - False Positive,1.1,N
ALT02248,C02453,2025-11-04,Unusual Activity vs Profile,17531.86,United Kingdom,Low,AN033,Closed,2025-11-20,16,SAR Filed,7.9,Y
ALT01563,C00612,2025-11-04,Structuring,9151.12,United Kingdom,Medium,AN033,Closed,2025-11-21,17,Closed - False Positive,1.1,N
ALT05039,C00147,2025-11-04,Structuring,9619.91,United Kingdom,Medium,AN038,Closed,2025-11-28,24,Closed - False Positive,1.1,N
ALT03264,C00073,2025-11-04,Structuring,9324.91,United Kingdom,Low,AN035,Closed,2025-11-07,3,Closed - False Positive,0.8,N
ALT01811,C02386,2025-11-04,Structuring,7373.71,United Kingdom,Medium,AN039,Closed,2025-11-17,13,Closed - False Positive,1.2,N
ALT05807,C01103,2025-11-04,Round-Amount Transfers,7081.34,United Kingdom,Medium,AN039,Closed,2025-11-11,7,Closed - False Positive,1.1,N
ALT03130,C00598,2025-11-04,High-Risk Jurisdiction Transfer,25712.55,Hong Kong,Low,AN040,Closed,2025-11-07,3,Closed - False Positive,0.9,N
ALT03135,C00817,2025-11-04,Large Cash Deposit,24055.32,United Kingdom,Low,AN035,Closed,2025-11-09,5,Closed - False Positive,0.4,N
ALT00950,C01611,2025-11-04,Dormant Account Reactivation,5893.45,United Kingdom,Low,AN037,Closed,2025-11-08,4,Closed - False Positive,0.4,N
ALT02551,C02885,2025-11-04,High-Risk Jurisdiction Transfer,4381.19,Hong Kong,Medium,AN035,Closed,2025-11-07,3,Closed - False Positive,0.4,N
ALT05617,C01635,2025-11-04,Unusual Activity vs Profile,33612.06,United Kingdom,High,AN038,Closed,2025-11-09,5,Closed - False Positive,0.4,N
ALT00854,C01620,2025-11-04,Large Cash Deposit,22006.6,United Kingdom,High,AN039,Closed,2025-11-10,6,Closed - False Positive,1.1,N
ALT05487,C02607,2025-11-04,High-Risk Jurisdiction Transfer,14986.37,United Kingdom,High,AN039,Closed,2025-12-15,41,Escalated to Investigation,6.9,N
ALT00748,C00529,2025-11-04,Rapid Movement of Funds,19015.46,France,Medium,AN035,Closed,2025-11-13,9,Closed - False Positive,0.3,N
ALT06077,C01361,2025-11-04,High-Risk Jurisdiction Transfer,23805.93,Ireland,High,AN039,Closed,2025-11-18,14,Closed - False Positive,1.0,N
ALT05738,C00729,2025-11-05,High-Risk Jurisdiction Transfer,10192.3,India,High,AN038,Closed,2025-11-21,16,Closed - False Positive,0.6,N
ALT02553,C02174,2025-11-05,Unusual Activity vs Profile,105926.09,United Kingdom,High,AN037,Closed,2025-11-17,12,Closed - False Positive,0.7,N
ALT04430,C00767,2025-11-05,Rapid Movement of Funds,3188.54,United Kingdom,Low,AN035,Closed,2025-11-08,3,Closed - False Positive,0.5,N
ALT03079,C01856,2025-11-05,Rapid Movement of Funds,29562.11,Pakistan,Medium,AN037,Closed,2025-11-16,11,Closed - False Positive,0.4,N
ALT03127,C01716,2025-11-05,High-Risk Jurisdiction Transfer,10950.8,United Kingdom,Medium,AN036,Closed,2025-11-10,5,Closed - False Positive,1.2,N
ALT03231,C01063,2025-11-05,Rapid Movement of Funds,6228.13,United Kingdom,High,AN034,Closed,2025-11-18,13,Escalated to Investigation,3.4,N
ALT05854,C01444,2025-11-05,Dormant Account Reactivation,28132.04,United Kingdom,Low,AN034,Closed,2025-11-13,8,Closed - False Positive,0.5,N
ALT00272,C00169,2025-11-05,Unusual Activity vs Profile,9674.55,United Kingdom,Medium,AN040,Closed,2025-11-11,6,Closed - False Positive,0.7,N
ALT00575,C02861,2025-11-05,Unusual Activity vs Profile,17593.39,United Kingdom,Medium,AN035,Closed,2025-11-15,10,Closed - False Positive,0.6,N
ALT06270,C01937,2025-11-05,Rapid Movement of Funds,3563.68,United Kingdom,Medium,AN040,Closed,2025-11-10,5,Closed - False Positive,1.0,N
ALT05706,C00398,2025-11-05,Unusual Activity vs Profile,20247.67,United Kingdom,Medium,AN039,Closed,2025-11-11,6,SAR Filed,6.9,Y
ALT02115,C01410,2025-11-05,Structuring,9582.7,United Kingdom,High,AN036,Closed,2025-11-24,19,Closed - False Positive,1.0,N
ALT01791,C01729,2025-11-05,Rapid Movement of Funds,9182.79,United States,Medium,AN035,Closed,2025-11-13,8,Closed - False Positive,1.0,N
ALT01409,C00215,2025-11-05,High-Risk Jurisdiction Transfer,19504.72,United Kingdom,Medium,AN037,Closed,2025-11-09,4,Closed - False Positive,0.3,N
ALT02066,C02738,2025-11-05,Unusual Activity vs Profile,13908.83,United Kingdom,Low,AN040,Closed,2025-11-06,1,Closed - False Positive,0.7,N
ALT02243,C01709,2025-11-05,Unusual Activity vs Profile,9144.68,Germany,Low,AN034,Closed,2025-11-10,5,Closed - False Positive,0.5,N
ALT00181,C01618,2025-11-05,High-Risk Jurisdiction Transfer,69227.3,United Kingdom,High,AN039,Closed,2025-11-12,7,Closed - False Positive,1.0,N
ALT01358,C00495,2025-11-05,Unusual Activity vs Profile,14010.66,United Kingdom,Medium,AN036,Closed,2025-12-02,27,Escalated to Investigation,8.7,N
ALT03891,C02561,2025-11-05,Structuring,9089.94,United Kingdom,High,AN040,Closed,2025-11-10,5,Closed - False Positive,0.6,N
ALT03047,C01219,2025-11-05,Rapid Movement of Funds,7338.71,UAE,High,AN034,Closed,2025-11-08,3,Closed - False Positive,1.0,N
ALT00754,C01202,2025-11-05,Round-Amount Transfers,22084.06,United Kingdom,Medium,AN040,Closed,2025-11-11,6,Closed - False Positive,1.0,N
ALT04366,C00665,2025-11-05,Structuring,7011.85,United Kingdom,High,AN037,Closed,2025-11-10,5,Closed - False Positive,0.5,N
ALT04857,C01968,2025-11-05,Rapid Movement of Funds,21573.44,United Kingdom,Medium,AN040,Closed,2025-11-07,2,Closed - False Positive,0.8,N
ALT03690,C00741,2025-11-05,Large Cash Deposit,14375.58,United States,Medium,AN036,Closed,2025-11-10,5,Closed - False Positive,0.9,N
ALT04734,C00052,2025-11-05,Unusual Activity vs Profile,7056.28,France,High,AN040,Closed,2025-11-13,8,Closed - False Positive,0.3,N
ALT00219,C02302,2025-11-05,Unusual Activity vs Profile,98622.82,United Kingdom,High,AN040,Closed,2025-11-09,4,Closed - False Positive,1.0,N
ALT05821,C01083,2025-11-05,Unusual Activity vs Profile,3369.09,France,High,AN034,Closed,2025-11-30,25,Escalated to Investigation,4.9,N
ALT03822,C00016,2025-11-06,Large Cash Deposit,22125.85,Pakistan,Medium,AN036,Closed,2025-11-07,1,Closed - False Positive,0.6,N
ALT02880,C00379,2025-11-06,Dormant Account Reactivation,33334.31,United Kingdom,Low,AN036,Closed,2025-11-11,5,Closed - False Positive,0.6,N
ALT03166,C02823,2025-11-06,Unusual Activity vs Profile,11665.23,United Kingdom,Low,AN035,Closed,2025-11-11,5,Closed - False Positive,0.8,N
ALT04205,C01512,2025-11-06,Structuring,7074.78,United States,Low,AN034,Closed,2025-11-11,5,Closed - False Positive,0.9,N
ALT06213,C01577,2025-11-06,Large Cash Deposit,15522.12,United Kingdom,Low,AN034,Closed,2025-11-18,12,Closed - False Positive,0.5,N
ALT03922,C02073,2025-11-06,High-Risk Jurisdiction Transfer,5361.27,United Kingdom,Low,AN033,Closed,2025-11-10,4,Closed - False Positive,1.2,N
ALT01412,C00650,2025-11-06,Unusual Activity vs Profile,93613.73,United Kingdom,High,AN040,Closed,2025-11-12,6,Closed - False Positive,1.0,N
ALT05089,C02284,2025-11-06,Rapid Movement of Funds,961.12,United Kingdom,High,AN039,Closed,2025-11-21,15,Escalated to Investigation,12.9,N
ALT00292,C00494,2025-11-06,Unusual Activity vs Profile,46698.65,United Kingdom,Medium,AN037,Closed,2025-11-12,6,Closed - False Positive,0.4,N
ALT00832,C00796,2025-11-06,Unusual Activity vs Profile,8551.54,United States,Low,AN034,Closed,2025-11-10,4,Closed - False Positive,1.1,N
ALT01318,C01768,2025-11-06,Unusual Activity vs Profile,12594.51,United Kingdom,Low,AN038,Closed,2025-11-09,3,Closed - False Positive,0.6,N
ALT03263,C00840,2025-11-06,High-Risk Jurisdiction Transfer,7839.41,Nigeria,Medium,AN039,Closed,2025-11-08,2,Closed - False Positive,1.0,N
ALT00714,C02967,2025-11-06,Unusual Activity vs Profile,2244.82,United Kingdom,Medium,AN038,Closed,2025-11-14,8,Closed - False Positive,0.6,N
ALT02702,C01401,2025-11-06,Dormant Account Reactivation,9185.15,United Kingdom,Low,AN033,Closed,2025-11-10,4,Closed - False Positive,0.8,N
ALT06455,C01620,2025-11-06,Large Cash Deposit,21929.24,United States,High,AN040,Closed,2025-11-13,7,Closed - False Positive,0.5,N
ALT02127,C01508,2025-11-06,Unusual Activity vs Profile,10327.93,India,Low,AN035,Closed,2025-11-13,7,Closed - False Positive,0.4,N
ALT03435,C02937,2025-11-06,Unusual Activity vs Profile,133723.76,United Kingdom,High,AN040,Closed,2025-12-04,28,SAR Filed,8.4,Y
ALT02014,C02500,2025-11-06,Round-Amount Transfers,6044.32,United Kingdom,High,AN039,Closed,2025-11-27,21,Closed - False Positive,0.5,N
ALT05498,C01915,2025-11-06,Round-Amount Transfers,12865.61,United Kingdom,Medium,AN033,Closed,2025-11-07,1,Closed - False Positive,0.7,N
ALT01008,C01532,2025-11-06,Structuring,9847.78,United Kingdom,High,AN040,Closed,2025-12-03,27,Escalated to Investigation,12.3,N
ALT04582,C00352,2025-11-06,Round-Amount Transfers,15238.9,United Kingdom,High,AN034,Closed,2025-11-16,10,Closed - False Positive,0.4,N
ALT06318,C02416,2025-11-06,Large Cash Deposit,49585.8,Hong Kong,High,AN034,Closed,2025-11-14,8,Closed - False Positive,0.9,N
ALT01840,C02287,2025-11-06,Large Cash Deposit,50451.19,Nigeria,High,AN037,Closed,2025-11-07,1,Closed - False Positive,0.6,N
ALT02168,C00051,2025-11-06,Structuring,9561.31,United Kingdom,High,AN033,Closed,2025-12-06,30,Escalated to Investigation,5.3,N
ALT03446,C00612,2025-11-06,Rapid Movement of Funds,6328.72,United Kingdom,Medium,AN039,Closed,2025-11-13,7,Closed - False Positive,0.6,N
ALT00672,C00352,2025-11-07,Unusual Activity vs Profile,12626.76,United Kingdom,High,AN036,Closed,2025-11-17,10,Closed - False Positive,0.9,N
ALT01981,C00255,2025-11-07,Large Cash Deposit,48703.51,United Kingdom,Medium,AN035,Closed,2025-11-25,18,Escalated to Investigation,6.7,N
ALT00586,C01878,2025-11-07,Structuring,8735.4,Germany,High,AN040,Closed,2025-11-20,13,Closed - False Positive,0.6,N
ALT01430,C01274,2025-11-07,High-Risk Jurisdiction Transfer,157344.06,India,High,AN040,Closed,2025-11-09,2,Closed - False Positive,0.4,N
ALT04037,C00643,2025-11-07,Large Cash Deposit,44434.11,United Kingdom,High,AN034,Closed,2025-11-14,7,Closed - False Positive,0.8,N
ALT04982,C02438,2025-11-07,Large Cash Deposit,45198.38,Ireland,Low,AN035,Closed,2025-11-15,8,Closed - False Positive,1.0,N
ALT05828,C00897,2025-11-07,Rapid Movement of Funds,1308.1,United Kingdom,High,AN037,Closed,2025-11-12,5,Closed - False Positive,0.8,N
ALT05176,C00447,2025-11-07,Unusual Activity vs Profile,4131.19,UAE,Low,AN036,Closed,2025-11-08,1,Closed - False Positive,1.2,N
ALT00154,C01304,2025-11-07,Large Cash Deposit,17385.56,Pakistan,Medium,AN033,Closed,2025-11-09,2,Closed - False Positive,0.6,N
ALT03333,C01750,2025-11-07,Dormant Account Reactivation,43057.98,United Kingdom,High,AN034,Closed,2025-11-10,3,Closed - False Positive,0.5,N
ALT01181,C00213,2025-11-07,Structuring,9700.88,United Kingdom,Low,AN040,Closed,2025-11-30,23,Closed - False Positive,0.8,N
ALT04635,C00986,2025-11-07,Unusual Activity vs Profile,5567.42,France,High,AN039,Closed,2025-11-12,5,Closed - False Positive,0.6,N
ALT05909,C02901,2025-11-07,Rapid Movement of Funds,6027.45,India,Medium,AN036,Closed,2025-11-10,3,Closed - False Positive,0.9,N
ALT03740,C02959,2025-11-07,Structuring,9523.07,France,Medium,AN039,Closed,2025-11-15,8,Closed - False Positive,0.9,N
ALT05110,C01000,2025-11-07,Round-Amount Transfers,13511.7,Pakistan,Medium,AN038,Closed,2025-11-16,9,Closed - False Positive,0.6,N
ALT05518,C01972,2025-11-07,Round-Amount Transfers,1570.85,France,Medium,AN040,Closed,2025-11-16,9,Closed - False Positive,0.5,N
ALT00905,C02391,2025-11-07,Large Cash Deposit,13496.17,UAE,High,AN033,Closed,2025-11-12,5,Closed - False Positive,0.5,N
ALT05951,C01143,2025-11-07,Rapid Movement of Funds,55629.78,United Kingdom,High,AN035,Closed,2025-11-10,3,Closed - False Positive,0.7,N
ALT03294,C00459,2025-11-07,High-Risk Jurisdiction Transfer,12320.33,United Kingdom,Low,AN039,Closed,2025-11-13,6,Closed - False Positive,0.8,N
ALT00159,C02974,2025-11-07,Rapid Movement of Funds,25387.4,Panama,High,AN037,Closed,2025-11-08,1,Closed - False Positive,0.7,N
ALT05977,C02611,2025-11-08,Rapid Movement of Funds,44595.4,Ireland,Medium,AN040,Closed,2025-11-23,15,Closed - False Positive,0.3,N
ALT01472,C02132,2025-11-08,High-Risk Jurisdiction Transfer,10642.34,United Kingdom,Low,AN034,Closed,2025-11-19,11,Closed - False Positive,0.5,N
ALT06162,C02583,2025-11-08,Round-Amount Transfers,8361.51,United Kingdom,Low,AN040,Closed,2025-11-19,11,Closed - False Positive,0.5,N
ALT05932,C00662,2025-11-08,Large Cash Deposit,23954.29,United Kingdom,Medium,AN033,Closed,2025-11-17,9,Closed - False Positive,0.5,N
ALT02352,C00175,2025-11-08,Structuring,8564.24,United Kingdom,Low,AN039,Closed,2025-11-10,2,Closed - False Positive,0.4,N
ALT00866,C00438,2025-11-08,Rapid Movement of Funds,70260.47,United Kingdom,High,AN038,Closed,2025-11-10,2,Closed - False Positive,0.3,N
ALT02974,C00479,2025-11-08,High-Risk Jurisdiction Transfer,8309.54,United Kingdom,Medium,AN039,Closed,2025-11-14,6,Closed - False Positive,0.8,N
ALT00875,C00656,2025-11-08,Structuring,7560.13,United Kingdom,Low,AN034,Closed,2025-12-03,25,Escalated to Investigation,6.2,N
ALT05151,C00081,2025-11-08,Unusual Activity vs Profile,10538.62,France,Medium,AN039,Closed,2025-11-13,5,Closed - False Positive,0.7,N
ALT06309,C00352,2025-11-08,Rapid Movement of Funds,2652.87,United Kingdom,High,AN035,Closed,2025-11-15,7,Closed - False Positive,0.9,N
ALT00092,C02820,2025-11-08,Structuring,7339.43,United Kingdom,Low,AN039,Closed,2025-11-15,7,Closed - False Positive,0.6,N
ALT01741,C02024,2025-11-08,Structuring,7994.45,France,Medium,AN033,Closed,2025-11-11,3,Closed - False Positive,0.3,N
ALT01134,C00880,2025-11-08,Structuring,9405.99,United Kingdom,Low,AN038,Closed,2025-11-13,5,Closed - False Positive,1.0,N
ALT02991,C00615,2025-11-08,Structuring,8756.25,United Kingdom,Medium,AN035,Closed,2025-11-10,2,Closed - False Positive,1.0,N
ALT00222,C00750,2025-11-08,Unusual Activity vs Profile,56457.69,Ireland,High,AN037,Closed,2025-11-14,6,Closed - False Positive,1.0,N
ALT05428,C00246,2025-11-08,Rapid Movement of Funds,79757.43,United States,High,AN037,Closed,2025-11-13,5,Closed - False Positive,0.9,N
ALT01111,C00370,2025-11-08,Rapid Movement of Funds,15508.31,United Kingdom,Low,AN035,Closed,2025-11-12,4,Closed - False Positive,0.9,N
ALT05832,C01602,2025-11-08,Dormant Account Reactivation,22956.81,United Kingdom,Medium,AN038,Closed,2025-11-14,6,Closed - False Positive,0.6,N
ALT05631,C01361,2025-11-08,Rapid Movement of Funds,3665.68,India,High,AN034,Closed,2025-11-13,5,Closed - False Positive,0.4,N
ALT03318,C01243,2025-11-08,High-Risk Jurisdiction Transfer,71031.71,United Kingdom,High,AN037,Closed,2025-11-12,4,Closed - False Positive,0.4,N
ALT03872,C00521,2025-11-08,Structuring,8702.82,United Kingdom,Medium,AN033,Closed,2025-11-17,9,Closed - False Positive,0.6,N
ALT03023,C01060,2025-11-08,Unusual Activity vs Profile,21533.13,India,Medium,AN034,Closed,2025-11-18,10,Closed - False Positive,0.5,N
ALT02692,C02289,2025-11-08,Rapid Movement of Funds,20463.55,United Kingdom,High,AN039,Closed,2025-11-16,8,Closed - False Positive,0.8,N
ALT01437,C01915,2025-11-08,Dormant Account Reactivation,26401.62,United Kingdom,Medium,AN036,Closed,2025-11-11,3,Closed - False Positive,1.0,N
ALT01967,C00665,2025-11-08,Structuring,7106.74,United Kingdom,High,AN039,Closed,2025-11-29,21,Escalated to Investigation,6.0,N
ALT03046,C02581,2025-11-08,Dormant Account Reactivation,1911.28,United Kingdom,High,AN038,Closed,2025-11-11,3,Closed - False Positive,0.6,N
ALT04267,C01435,2025-11-08,Structuring,7187.02,Nigeria,High,AN034,Closed,2025-12-03,25,SAR Filed,6.5,Y
ALT06322,C00048,2025-11-08,Structuring,8107.14,United Kingdom,Medium,AN033,Closed,2025-11-12,4,Closed - False Positive,0.5,N
ALT01554,C01569,2025-11-08,High-Risk Jurisdiction Transfer,4703.18,United Kingdom,Low,AN040,Closed,2025-11-18,10,Closed - False Positive,1.0,N
ALT03597,C01954,2025-11-09,Rapid Movement of Funds,8098.81,United Kingdom,Medium,AN037,Closed,2025-11-17,8,Closed - False Positive,0.6,N
ALT01142,C01439,2025-11-09,Unusual Activity vs Profile,18265.29,United Kingdom,High,AN038,Closed,2025-11-22,13,Closed - False Positive,0.8,N
ALT02274,C01090,2025-11-09,Rapid Movement of Funds,17043.64,India,Low,AN040,Closed,2025-11-15,6,Closed - False Positive,0.8,N
ALT06342,C01347,2025-11-09,Unusual Activity vs Profile,45408.05,United Kingdom,Low,AN040,Closed,2025-11-26,17,Escalated to Investigation,8.8,N
ALT00076,C01481,2025-11-09,Unusual Activity vs Profile,9188.17,United Kingdom,Medium,AN037,Closed,2025-12-13,34,Escalated to Investigation,9.2,N
ALT00999,C01905,2025-11-09,High-Risk Jurisdiction Transfer,55747.88,United Kingdom,High,AN039,Closed,2025-11-16,7,Closed - False Positive,0.5,N
ALT01241,C00511,2025-11-09,Unusual Activity vs Profile,5162.41,United Kingdom,Medium,AN035,Closed,2025-11-13,4,Closed - False Positive,0.3,N
ALT02029,C02133,2025-11-09,Round-Amount Transfers,16000.88,United Kingdom,Medium,AN036,Closed,2025-11-15,6,Closed - False Positive,0.6,N
ALT06011,C00868,2025-11-09,High-Risk Jurisdiction Transfer,7240.98,United Kingdom,Low,AN039,Closed,2025-12-07,28,SAR Filed,3.1,Y
ALT06217,C00384,2025-11-09,Structuring,7749.08,United Kingdom,Medium,AN040,Closed,2025-11-14,5,Closed - False Positive,1.0,N
ALT04617,C01192,2025-11-09,Dormant Account Reactivation,8033.01,United Kingdom,Low,AN036,Closed,2025-11-11,2,Closed - False Positive,0.9,N
ALT04976,C00512,2025-11-09,High-Risk Jurisdiction Transfer,4578.42,Russia,Medium,AN034,Closed,2025-11-14,5,Closed - False Positive,0.7,N
ALT04148,C00947,2025-11-09,Structuring,9786.93,United Kingdom,Low,AN039,Closed,2025-11-15,6,Closed - False Positive,1.1,N
ALT06141,C00716,2025-11-09,Dormant Account Reactivation,99540.76,Nigeria,High,AN037,Closed,2025-12-03,24,Escalated to Investigation,8.7,N
ALT02191,C01371,2025-11-09,Unusual Activity vs Profile,8022.53,Ireland,Low,AN033,Closed,2025-11-14,5,Closed - False Positive,0.6,N
ALT05012,C01853,2025-11-09,Structuring,9460.24,United Kingdom,Low,AN034,Closed,2025-11-10,1,Closed - False Positive,0.5,N
ALT01005,C00865,2025-11-09,Round-Amount Transfers,3748.84,United Kingdom,High,AN039,Closed,2025-11-10,1,Closed - False Positive,1.0,N
ALT01712,C00983,2025-11-10,Structuring,7025.69,United Kingdom,High,AN036,Closed,2025-11-12,2,Closed - False Positive,1.0,N
ALT01642,C02307,2025-11-10,Unusual Activity vs Profile,3992.62,Pakistan,Medium,AN038,Closed,2025-11-17,7,Closed - False Positive,1.0,N
ALT02238,C00482,2025-11-10,Structuring,7477.14,United Kingdom,Low,AN034,Closed,2025-11-25,15,Closed - False Positive,1.1,N
ALT02694,C02354,2025-11-10,High-Risk Jurisdiction Transfer,33241.67,United Kingdom,Medium,AN040,Closed,2025-11-19,9,Closed - False Positive,0.6,N
ALT02228,C01362,2025-11-10,Unusual Activity vs Profile,24722.91,United Kingdom,Medium,AN036,Closed,2025-11-29,19,Escalated to Investigation,7.9,N
ALT01975,C00986,2025-11-10,Dormant Account Reactivation,15948.31,Russia,High,AN039,Closed,2025-11-18,8,SAR Filed,11.2,Y
ALT05401,C01972,2025-11-10,Structuring,9256.09,United Kingdom,Medium,AN033,Closed,2025-11-18,8,Closed - False Positive,0.4,N
ALT04027,C02691,2025-11-10,Unusual Activity vs Profile,1230.51,Panama,High,AN040,Closed,2025-11-18,8,Closed - False Positive,1.2,N
ALT02477,C01440,2025-11-10,Round-Amount Transfers,3264.22,United Kingdom,Low,AN036,Closed,2025-11-16,6,Closed - False Positive,0.9,N
ALT01117,C00352,2025-11-10,Unusual Activity vs Profile,13583.19,United Kingdom,High,AN034,Closed,2025-11-16,6,Closed - False Positive,0.5,N
ALT02140,C02086,2025-11-10,Large Cash Deposit,23853.27,France,Medium,AN034,Closed,2025-11-15,5,Closed - False Positive,0.8,N
ALT04029,C00241,2025-11-10,Round-Amount Transfers,24675.17,United Kingdom,High,AN033,Closed,2025-11-13,3,Closed - False Positive,0.9,N
ALT03734,C01448,2025-11-10,Rapid Movement of Funds,22153.66,UAE,Medium,AN037,Closed,2025-11-18,8,Closed - False Positive,0.9,N
ALT01778,C00031,2025-11-10,Rapid Movement of Funds,16154.54,United Kingdom,Medium,AN036,Closed,2025-11-23,13,Closed - False Positive,0.4,N
ALT00322,C02006,2025-11-10,High-Risk Jurisdiction Transfer,8557.36,United States,Low,AN033,Closed,2025-11-20,10,Closed - False Positive,1.1,N
ALT05000,C00718,2025-11-10,Round-Amount Transfers,24546.24,United Kingdom,Medium,AN040,Closed,2025-11-17,7,Closed - False Positive,0.6,N
ALT00910,C00869,2025-11-10,Dormant Account Reactivation,19575.97,France,Medium,AN035,Closed,2025-11-13,3,Closed - False Positive,0.5,N
ALT02181,C00343,2025-11-10,Rapid Movement of Funds,47500.28,United Kingdom,High,AN034,Closed,2025-11-14,4,Closed - False Positive,0.6,N
ALT06134,C01548,2025-11-10,High-Risk Jurisdiction Transfer,1428.31,United Kingdom,High,AN039,Closed,2025-11-15,5,Closed - False Positive,0.3,N
ALT03092,C00625,2025-11-10,Large Cash Deposit,34806.74,United Kingdom,Low,AN037,Closed,2025-11-13,3,Closed - False Positive,0.6,N
ALT02051,C01446,2025-11-10,Unusual Activity vs Profile,89073.89,United Kingdom,High,AN040,Closed,2025-11-21,11,Closed - False Positive,1.0,N
ALT03591,C02927,2025-11-10,Unusual Activity vs Profile,3944.89,United Kingdom,Medium,AN036,Closed,2025-11-27,17,SAR Filed,12.2,Y
ALT02295,C01924,2025-11-10,Round-Amount Transfers,8665.41,India,Medium,AN033,Closed,2025-12-08,28,SAR Filed,7.9,Y
ALT02038,C01488,2025-11-10,Unusual Activity vs Profile,14375.58,United Kingdom,Medium,AN034,Closed,2025-11-21,11,Closed - False Positive,0.6,N
ALT00058,C02152,2025-11-10,Unusual Activity vs Profile,77494.66,United Kingdom,High,AN033,Closed,2025-11-13,3,Closed - False Positive,0.9,N
ALT05322,C01576,2025-11-10,High-Risk Jurisdiction Transfer,12739.08,United States,Medium,AN035,Closed,2025-11-14,4,Closed - False Positive,0.7,N
ALT03245,C02961,2025-11-11,Large Cash Deposit,32201.49,United Kingdom,Medium,AN035,Closed,2025-11-17,6,Closed - False Positive,0.5,N
ALT00133,C02725,2025-11-11,Rapid Movement of Funds,21923.86,United Kingdom,High,AN040,Closed,2025-11-15,4,Closed - False Positive,1.0,N
ALT02765,C02382,2025-11-11,Round-Amount Transfers,17592.22,UAE,Medium,AN035,Closed,2025-11-17,6,Closed - False Positive,0.5,N
ALT03075,C00605,2025-11-11,Unusual Activity vs Profile,22637.46,Cyprus,Medium,AN035,Closed,2025-11-25,14,Closed - False Positive,1.0,N
ALT00903,C02039,2025-11-11,Unusual Activity vs Profile,6182.0,Hong Kong,Low,AN034,Closed,2025-11-15,4,Closed - False Positive,0.4,N
ALT03068,C02543,2025-11-11,Rapid Movement of Funds,50546.19,France,High,AN040,Closed,2025-11-16,5,Closed - False Positive,0.5,N
ALT00202,C00178,2025-11-11,Round-Amount Transfers,15265.38,France,Medium,AN037,Closed,2025-11-25,14,Closed - False Positive,0.5,N
ALT03060,C02292,2025-11-11,Dormant Account Reactivation,8409.65,United Kingdom,High,AN036,Closed,2025-11-18,7,Closed - False Positive,0.8,N
ALT06027,C01532,2025-11-11,Rapid Movement of Funds,5498.46,UAE,High,AN040,Closed,2025-11-22,11,Closed - False Positive,0.4,N
ALT01836,C00532,2025-11-11,Rapid Movement of Funds,2055.04,France,Low,AN034,Closed,2025-11-16,5,Closed - False Positive,0.5,N
ALT04159,C01063,2025-11-11,Rapid Movement of Funds,1331.67,United Kingdom,High,AN034,Closed,2025-11-15,4,Closed - False Positive,0.3,N
ALT02099,C02340,2025-11-11,Rapid Movement of Funds,20535.38,United Kingdom,Low,AN035,Closed,2025-11-16,5,Closed - False Positive,1.0,N
ALT05812,C02615,2025-11-11,Rapid Movement of Funds,8148.98,Russia,High,AN040,Closed,2025-12-03,22,SAR Filed,3.7,Y
ALT02941,C01674,2025-11-11,Round-Amount Transfers,46621.48,United Kingdom,High,AN033,Closed,2025-11-14,3,Closed - False Positive,0.6,N
ALT01262,C00149,2025-11-11,Large Cash Deposit,9213.5,United Kingdom,Medium,AN035,Closed,2025-11-19,8,Closed - False Positive,1.2,N
ALT02010,C02364,2025-11-12,Rapid Movement of Funds,13305.19,UAE,Medium,AN040,Closed,2025-11-16,4,Closed - False Positive,0.4,N
ALT04482,C02804,2025-11-12,Structuring,8715.45,Nigeria,Low,AN034,Closed,2025-11-19,7,Closed - False Positive,0.8,N
ALT04049,C01129,2025-11-12,Dormant Account Reactivation,12337.15,Ireland,Low,AN034,Closed,2025-11-18,6,Closed - False Positive,0.4,N
ALT02830,C01011,2025-11-12,Round-Amount Transfers,13004.62,United Kingdom,Low,AN036,Closed,2025-11-21,9,Closed - False Positive,1.0,N
ALT04292,C02372,2025-11-12,Structuring,8383.71,United Kingdom,Medium,AN038,Closed,2025-11-19,7,Closed - False Positive,0.8,N
ALT00647,C01044,2025-11-12,Dormant Account Reactivation,9734.78,Cyprus,Medium,AN039,Open,,,Under Review,3.8,N
ALT04250,C01861,2025-11-12,Dormant Account Reactivation,9242.77,Panama,Medium,AN037,Closed,2025-11-14,2,Closed - False Positive,0.6,N
ALT00298,C00356,2025-11-12,Unusual Activity vs Profile,4454.97,United Kingdom,Low,AN038,Closed,2025-11-19,7,Closed - False Positive,0.8,N
ALT01498,C02492,2025-11-12,Large Cash Deposit,10414.46,Russia,High,AN036,Closed,2025-11-19,7,Closed - False Positive,0.7,N
ALT01589,C02197,2025-11-12,Structuring,8283.47,Nigeria,Medium,AN034,Closed,2025-11-16,4,Closed - False Positive,0.5,N
ALT00499,C01904,2025-11-12,Rapid Movement of Funds,37357.77,United Kingdom,High,AN034,Closed,2025-11-14,2,Closed - False Positive,1.1,N
ALT03949,C01834,2025-11-12,High-Risk Jurisdiction Transfer,23430.67,United Kingdom,Low,AN039,Closed,2025-11-14,2,Closed - False Positive,1.0,N
ALT02835,C01582,2025-11-12,Rapid Movement of Funds,10866.55,India,Medium,AN039,Closed,2025-11-15,3,Closed - False Positive,0.3,N
ALT01167,C00066,2025-11-12,Rapid Movement of Funds,2531.67,United Kingdom,Low,AN037,Closed,2025-11-16,4,Closed - False Positive,0.7,N
ALT00660,C01737,2025-11-12,Rapid Movement of Funds,8989.99,United Kingdom,Medium,AN040,Closed,2025-11-15,3,Closed - False Positive,0.7,N
ALT02189,C01239,2025-11-12,Rapid Movement of Funds,2342.47,United Kingdom,Medium,AN035,Closed,2025-11-18,6,Closed - False Positive,0.4,N
ALT02769,C02720,2025-11-12,Unusual Activity vs Profile,22585.84,France,High,AN033,Closed,2025-11-21,9,Closed - False Positive,0.8,N
ALT02338,C00836,2025-11-12,High-Risk Jurisdiction Transfer,91213.67,United Kingdom,High,AN037,Closed,2025-11-17,5,Closed - False Positive,0.5,N
ALT01029,C01835,2025-11-12,Rapid Movement of Funds,5643.05,United Kingdom,Medium,AN035,Closed,2025-11-14,2,Closed - False Positive,0.6,N
ALT00560,C00078,2025-11-12,High-Risk Jurisdiction Transfer,16100.37,Pakistan,High,AN035,Closed,2025-11-15,3,Closed - False Positive,1.1,N
ALT00093,C00115,2025-11-12,Large Cash Deposit,46608.91,United Kingdom,High,AN036,Closed,2025-11-13,1,Closed - False Positive,0.4,N
ALT03610,C01505,2025-11-12,Rapid Movement of Funds,14390.46,United Kingdom,Low,AN040,Closed,2025-11-19,7,Closed - False Positive,1.0,N
ALT02444,C00080,2025-11-12,Round-Amount Transfers,32590.47,Hong Kong,High,AN040,Closed,2025-11-15,3,Closed - False Positive,0.5,N
ALT05578,C01884,2025-11-12,Round-Amount Transfers,4513.76,United Kingdom,Medium,AN040,Closed,2025-11-15,3,Closed - False Positive,0.9,N
ALT02929,C00456,2025-11-12,Round-Amount Transfers,222624.65,United Kingdom,High,AN034,Closed,2025-11-13,1,Closed - False Positive,0.5,N
ALT04129,C02987,2025-11-12,Unusual Activity vs Profile,11735.19,United Kingdom,Low,AN035,Closed,2025-12-08,26,SAR Filed,9.0,Y
ALT03031,C02111,2025-11-13,High-Risk Jurisdiction Transfer,4098.04,United Kingdom,High,AN037,Closed,2025-11-17,4,Closed - False Positive,0.9,N
ALT06496,C01418,2025-11-13,Rapid Movement of Funds,14031.18,United Kingdom,Low,AN035,Closed,2025-11-16,3,Closed - False Positive,0.4,N
ALT04210,C01674,2025-11-13,High-Risk Jurisdiction Transfer,692.2,United Kingdom,High,AN036,Closed,2025-11-18,5,Closed - False Positive,1.2,N
ALT04431,C02586,2025-11-13,High-Risk Jurisdiction Transfer,13941.33,United Kingdom,Medium,AN033,Closed,2025-11-20,7,Closed - False Positive,0.8,N
ALT00050,C02248,2025-11-13,Large Cash Deposit,18273.19,Cyprus,High,AN037,Closed,2025-11-25,12,Closed - False Positive,1.1,N
ALT03993,C02089,2025-11-13,Unusual Activity vs Profile,17170.24,United Kingdom,Medium,AN040,Closed,2025-11-21,8,Closed - False Positive,0.5,N
ALT02952,C01890,2025-11-13,Rapid Movement of Funds,7474.56,United States,Low,AN039,Closed,2025-11-24,11,Closed - False Positive,1.0,N
ALT05436,C00825,2025-11-13,Large Cash Deposit,57719.28,France,High,AN039,Closed,2025-11-16,3,Closed - False Positive,0.5,N
ALT01000,C00052,2025-11-13,Unusual Activity vs Profile,16131.29,United Kingdom,High,AN038,Closed,2025-11-27,14,Closed - False Positive,1.2,N
ALT04240,C02330,2025-11-13,Unusual Activity vs Profile,139878.77,United Kingdom,High,AN035,Closed,2025-11-22,9,Closed - False Positive,0.4,N
ALT01152,C02718,2025-11-13,Structuring,9185.82,United Kingdom,Low,AN038,Closed,2025-11-25,12,Closed - False Positive,0.9,N
ALT02275,C01488,2025-11-13,Structuring,8526.01,United Kingdom,Low,AN038,Closed,2025-11-19,6,Closed - False Positive,0.5,N
ALT00444,C01744,2025-11-13,Structuring,9587.49,United Kingdom,Low,AN033,Closed,2025-11-18,5,Closed - False Positive,0.4,N
ALT03512,C00659,2025-11-13,Round-Amount Transfers,38598.13,United Kingdom,Low,AN036,Closed,2025-11-18,5,Closed - False Positive,0.9,N
ALT06332,C00509,2025-11-13,Structuring,8992.89,Ireland,Low,AN038,Closed,2025-11-17,4,Closed - False Positive,0.5,N
ALT00663,C02115,2025-11-13,Dormant Account Reactivation,108680.44,Russia,High,AN037,Closed,2025-11-15,2,Closed - False Positive,0.5,N
ALT04764,C01548,2025-11-13,High-Risk Jurisdiction Transfer,8550.4,United Kingdom,High,AN033,Closed,2025-11-16,3,Closed - False Positive,1.0,N
ALT04076,C01814,2025-11-13,Round-Amount Transfers,5278.92,United Kingdom,Low,AN033,Closed,2025-11-16,3,Closed - False Positive,0.5,N
ALT04638,C02390,2025-11-13,Round-Amount Transfers,29304.14,United Kingdom,Medium,AN037,Closed,2025-11-27,14,Closed - False Positive,0.7,N
ALT02626,C02173,2025-11-13,High-Risk Jurisdiction Transfer,10712.74,United Kingdom,High,AN038,Closed,2025-11-14,1,Closed - False Positive,0.9,N
ALT00837,C01459,2025-11-13,Rapid Movement of Funds,5236.94,United Kingdom,Medium,AN033,Closed,2025-11-18,5,Closed - False Positive,1.1,N
ALT01507,C00657,2025-11-14,Round-Amount Transfers,4112.73,United Kingdom,Low,AN033,Closed,2025-11-17,3,Closed - False Positive,1.0,N
ALT04256,C00082,2025-11-14,Rapid Movement of Funds,3657.98,Pakistan,High,AN040,Closed,2025-12-15,31,Escalated to Investigation,6.5,N
ALT01283,C00643,2025-11-14,Large Cash Deposit,26275.99,UAE,High,AN040,Closed,2025-11-23,9,Closed - False Positive,0.8,N
ALT05823,C02570,2025-11-14,Unusual Activity vs Profile,16785.55,United Kingdom,Medium,AN040,Closed,2025-12-23,39,Escalated to Investigation,5.4,N
ALT04069,C01015,2025-11-14,Large Cash Deposit,13503.7,United Kingdom,High,AN038,Closed,2025-12-17,33,SAR Filed,8.9,Y
ALT05566,C00998,2025-11-14,Rapid Movement of Funds,1225.8,United Kingdom,High,AN034,Closed,2025-11-18,4,Closed - False Positive,0.6,N
ALT03221,C02324,2025-11-14,Rapid Movement of Funds,24960.49,United Kingdom,Low,AN034,Closed,2025-11-27,13,Closed - False Positive,0.9,N
ALT01638,C02550,2025-11-14,Dormant Account Reactivation,18382.85,India,High,AN038,Closed,2025-11-20,6,Closed - False Positive,1.1,N
ALT02430,C00340,2025-11-14,High-Risk Jurisdiction Transfer,6646.39,Germany,Medium,AN040,Closed,2025-11-29,15,Closed - False Positive,1.0,N
ALT04170,C02270,2025-11-14,Rapid Movement of Funds,4034.84,UAE,Low,AN038,Closed,2025-11-21,7,Closed - False Positive,0.5,N
ALT02271,C02959,2025-11-14,High-Risk Jurisdiction Transfer,41012.7,Ireland,Medium,AN033,Closed,2025-11-16,2,Closed - False Positive,0.6,N
ALT03464,C02887,2025-11-14,Rapid Movement of Funds,7362.66,Pakistan,Low,AN039,Closed,2025-12-05,21,Escalated to Investigation,10.9,N
ALT01480,C00352,2025-11-14,Large Cash Deposit,25707.8,Germany,High,AN036,Closed,2025-12-01,17,Closed - False Positive,0.8,N
ALT00096,C01453,2025-11-14,Unusual Activity vs Profile,18042.55,United Kingdom,Medium,AN035,Closed,2025-11-23,9,Closed - False Positive,1.2,N
ALT03969,C01805,2025-11-14,Structuring,7794.61,United Kingdom,Low,AN037,Closed,2025-11-21,7,Closed - False Positive,1.1,N
ALT05412,C01856,2025-11-14,Rapid Movement of Funds,27923.06,United Kingdom,Low,AN034,Closed,2025-11-19,5,Closed - False Positive,1.0,N
ALT00033,C01128,2025-11-14,High-Risk Jurisdiction Transfer,3331.81,India,Medium,AN036,Closed,2025-11-23,9,Closed - False Positive,0.7,N
ALT00636,C01269,2025-11-14,Unusual Activity vs Profile,10782.1,UAE,Low,AN033,Closed,2025-11-20,6,Closed - False Positive,1.1,N
ALT03161,C02287,2025-11-14,Structuring,9376.43,India,Low,AN040,Closed,2025-11-30,16,SAR Filed,9.6,Y
ALT06084,C00514,2025-11-14,Round-Amount Transfers,10911.87,France,Low,AN035,Closed,2025-11-17,3,Closed - False Positive,0.8,N
ALT05252,C02336,2025-11-14,Structuring,8379.93,France,High,AN039,Closed,2025-11-20,6,Closed - False Positive,0.4,N
ALT05023,C01856,2025-11-14,Rapid Movement of Funds,13613.26,Germany,Medium,AN033,Closed,2025-11-21,7,Closed - False Positive,0.9,N
ALT03241,C01557,2025-11-15,Rapid Movement of Funds,10836.4,United Kingdom,Low,AN035,Closed,2025-11-22,7,Closed - False Positive,0.5,N
ALT05577,C01576,2025-11-15,High-Risk Jurisdiction Transfer,2298697.72,United Kingdom,High,AN035,Closed,2025-11-17,2,Closed - False Positive,0.3,N
ALT01685,C01640,2025-11-15,Unusual Activity vs Profile,39625.05,United Kingdom,High,AN040,Closed,2025-12-01,16,Closed - False Positive,1.0,N
ALT05937,C02843,2025-11-15,High-Risk Jurisdiction Transfer,34246.68,United Kingdom,High,AN034,Closed,2025-11-20,5,Closed - False Positive,0.8,N
ALT03270,C01423,2025-11-15,Round-Amount Transfers,7071.71,United Kingdom,Medium,AN036,Closed,2025-12-03,18,Escalated to Investigation,3.8,N
ALT00727,C00998,2025-11-15,Structuring,7184.19,United Kingdom,High,AN035,Closed,2025-12-14,29,Escalated to Investigation,6.9,N
ALT05090,C02788,2025-11-15,Unusual Activity vs Profile,21552.51,United Kingdom,High,AN036,Closed,2025-11-23,8,Closed - False Positive,1.0,N
ALT02188,C01722,2025-11-15,Unusual Activity vs Profile,22445.44,Nigeria,Low,AN039,Closed,2025-11-20,5,Closed - False Positive,0.3,N
ALT04888,C01653,2025-11-15,Large Cash Deposit,50717.79,United Kingdom,High,AN033,Closed,2025-11-20,5,Closed - False Positive,1.0,N
ALT06412,C00505,2025-11-15,Structuring,9473.26,United Kingdom,Medium,AN038,Closed,2025-11-21,6,Closed - False Positive,0.6,N
ALT05889,C01204,2025-11-15,Round-Amount Transfers,87528.03,United Kingdom,High,AN040,Closed,2025-11-18,3,Closed - False Positive,1.0,N
ALT00187,C01153,2025-11-15,High-Risk Jurisdiction Transfer,5341.02,Nigeria,Medium,AN034,Closed,2025-11-23,8,Closed - False Positive,0.3,N
ALT01675,C00004,2025-11-15,Structuring,8045.75,United Kingdom,High,AN036,Closed,2025-11-18,3,Closed - False Positive,0.3,N
ALT03684,C00223,2025-11-15,Dormant Account Reactivation,2082.6,United Kingdom,Low,AN034,Closed,2025-11-18,3,Closed - False Positive,1.1,N
ALT04851,C02880,2025-11-15,Large Cash Deposit,58882.41,United Kingdom,High,AN036,Closed,2025-12-07,22,SAR Filed,4.3,Y
ALT04696,C01307,2025-11-15,Round-Amount Transfers,15543.95,Pakistan,High,AN039,Closed,2025-12-12,27,Escalated to Investigation,4.8,N
ALT03933,C01045,2025-11-15,Rapid Movement of Funds,37308.41,United Kingdom,High,AN040,Closed,2025-11-20,5,Closed - False Positive,1.0,N
ALT01687,C00060,2025-11-16,Large Cash Deposit,34890.07,United Kingdom,High,AN037,Closed,2025-11-19,3,Closed - False Positive,0.5,N
ALT02730,C02607,2025-11-16,Rapid Movement of Funds,4193.14,United Kingdom,High,AN033,Closed,2025-11-21,5,Closed - False Positive,0.5,N
ALT05028,C01285,2025-11-16,Unusual Activity vs Profile,6879.68,Nigeria,High,AN036,Closed,2025-11-26,10,Closed - False Positive,0.6,N
ALT01258,C00920,2025-11-16,Rapid Movement of Funds,29501.99,Russia,Low,AN036,Closed,2025-11-19,3,Closed - False Positive,1.0,N
ALT04337,C00764,2025-11-16,Unusual Activity vs Profile,13346.43,United Kingdom,Low,AN036,Closed,2025-11-19,3,Closed - False Positive,0.9,N
ALT05277,C00412,2025-11-16,Round-Amount Transfers,11803.18,Panama,Low,AN037,Closed,2025-11-21,5,Closed - False Positive,1.2,N
ALT00158,C02825,2025-11-16,High-Risk Jurisdiction Transfer,13430.33,Germany,Low,AN035,Closed,2025-12-10,24,Escalated to Investigation,12.2,N
ALT01227,C02391,2025-11-16,Round-Amount Transfers,5183.62,United Kingdom,High,AN035,Closed,2025-11-25,9,Closed - False Positive,1.1,N
ALT04398,C01411,2025-11-16,Round-Amount Transfers,17600.11,UAE,Low,AN035,Closed,2025-11-23,7,Closed - False Positive,0.3,N
ALT04882,C00423,2025-11-16,Structuring,9225.94,United States,Low,AN034,Closed,2025-11-18,2,Closed - False Positive,0.7,N
ALT03185,C02961,2025-11-16,High-Risk Jurisdiction Transfer,4844.66,United Kingdom,Medium,AN033,Closed,2025-11-21,5,Closed - False Positive,1.0,N
ALT04796,C02586,2025-11-16,Rapid Movement of Funds,8949.18,United Kingdom,Medium,AN035,Closed,2025-11-18,2,Closed - False Positive,0.5,N
ALT00543,C02684,2025-11-16,Structuring,8484.25,United Kingdom,Medium,AN040,Closed,2025-11-19,3,Closed - False Positive,0.8,N
ALT05810,C00937,2025-11-16,Large Cash Deposit,10057.53,United Kingdom,Low,AN039,Closed,2025-11-22,6,Closed - False Positive,0.6,N
ALT01402,C00281,2025-11-16,Unusual Activity vs Profile,6186.39,United States,Medium,AN039,Closed,2025-12-05,19,Closed - False Positive,0.8,N
ALT06359,C01665,2025-11-16,Structuring,9706.73,France,Low,AN033,Closed,2025-11-21,5,Closed - False Positive,0.7,N
ALT05794,C02467,2025-11-16,Unusual Activity vs Profile,11225.06,United Kingdom,Medium,AN036,Closed,2025-11-25,9,Closed - False Positive,1.1,N
ALT04156,C02652,2025-11-16,Rapid Movement of Funds,24678.06,United Kingdom,Low,AN037,Closed,2025-12-05,19,Closed - False Positive,1.0,N
ALT05379,C01105,2025-11-16,Unusual Activity vs Profile,187493.66,United Kingdom,High,AN038,Closed,2025-11-18,2,Closed - False Positive,0.9,N
ALT05614,C01879,2025-11-16,Structuring,8831.57,United Kingdom,Medium,AN034,Closed,2025-11-25,9,Closed - False Positive,0.5,N
ALT01136,C00661,2025-11-16,Unusual Activity vs Profile,2919.73,UAE,High,AN033,Closed,2025-11-19,3,Closed - False Positive,0.8,N
ALT06402,C00052,2025-11-16,Unusual Activity vs Profile,6773.73,United Kingdom,High,AN039,Closed,2025-11-25,9,Closed - False Positive,0.6,N
ALT00011,C02053,2025-11-17,Rapid Movement of Funds,65277.7,United Kingdom,High,AN038,Closed,2025-11-25,8,Closed - False Positive,1.1,N
ALT04806,C01070,2025-11-17,Round-Amount Transfers,90781.59,UAE,High,AN036,Closed,2025-11-21,4,Closed - False Positive,0.4,N
ALT00644,C02804,2025-11-17,Unusual Activity vs Profile,15546.08,Pakistan,Low,AN037,Closed,2025-11-22,5,Closed - False Positive,0.5,N
ALT06265,C01801,2025-11-17,Unusual Activity vs Profile,22626.35,United Kingdom,Low,AN038,Closed,2025-11-27,10,Closed - False Positive,0.9,N
ALT01203,C01160,2025-11-17,Large Cash Deposit,33780.39,United Kingdom,Low,AN039,Closed,2025-11-25,8,Closed - False Positive,1.1,N
ALT01330,C01226,2025-11-17,Structuring,9562.15,Nigeria,Low,AN036,Closed,2025-11-22,5,Closed - False Positive,1.1,N
ALT03704,C01455,2025-11-17,Structuring,8545.99,United States,High,AN036,Closed,2025-12-30,43,Escalated to Investigation,5.3,N
ALT03163,C00401,2025-11-17,Unusual Activity vs Profile,6566.16,United Kingdom,Low,AN034,Closed,2025-11-22,5,Closed - False Positive,0.7,N
ALT02002,C02214,2025-11-17,Structuring,7932.27,Germany,Low,AN040,Closed,2025-11-25,8,Closed - False Positive,1.2,N
ALT00658,C00223,2025-11-17,Round-Amount Transfers,29261.66,United Kingdom,Low,AN033,Closed,2025-11-21,4,Closed - False Positive,1.2,N
ALT06422,C01254,2025-11-17,Large Cash Deposit,38601.48,United Kingdom,Medium,AN037,Closed,2025-12-09,22,Closed - False Positive,0.5,N
ALT04345,C02373,2025-11-17,Large Cash Deposit,25857.59,Ireland,High,AN038,Closed,2025-11-21,4,Closed - False Positive,0.3,N
ALT00891,C00306,2025-11-17,Unusual Activity vs Profile,8766.91,United Kingdom,Medium,AN040,Closed,2025-11-22,5,Closed - False Positive,0.7,N
ALT01424,C02359,2025-11-17,Unusual Activity vs Profile,15497.28,United Kingdom,Medium,AN039,Closed,2025-11-22,5,Closed - False Positive,0.7,N
ALT04461,C00964,2025-11-17,Dormant Account Reactivation,40980.84,United Kingdom,Medium,AN039,Closed,2025-11-24,7,Closed - False Positive,1.2,N
ALT03295,C00998,2025-11-17,Rapid Movement of Funds,18052.8,Germany,High,AN039,Closed,2025-11-30,13,Closed - False Positive,0.5,N
ALT02252,C00128,2025-11-17,Rapid Movement of Funds,7779.24,United Kingdom,Medium,AN033,Closed,2025-11-23,6,Closed - False Positive,1.1,N
ALT00628,C00083,2025-11-17,Dormant Account Reactivation,29730.94,United Kingdom,Medium,AN039,Closed,2025-11-27,10,Closed - False Positive,0.5,N
ALT01365,C00384,2025-11-17,Rapid Movement of Funds,24610.69,Hong Kong,Medium,AN034,Closed,2025-11-23,6,Closed - False Positive,0.4,N
ALT01608,C00521,2025-11-17,Rapid Movement of Funds,6374.48,Panama,Medium,AN037,Closed,2025-11-22,5,Closed - False Positive,0.6,N
ALT02360,C02811,2025-11-17,Rapid Movement of Funds,12647.95,United Kingdom,Low,AN040,Closed,2025-11-29,12,Closed - False Positive,0.7,N
ALT02370,C00329,2025-11-17,Unusual Activity vs Profile,28825.47,United Kingdom,Medium,AN034,Closed,2025-11-26,9,Closed - False Positive,1.1,N
ALT06491,C02448,2025-11-17,Large Cash Deposit,59693.01,Nigeria,High,AN040,Closed,2025-11-23,6,Closed - False Positive,0.5,N
ALT05541,C00227,2025-11-17,Round-Amount Transfers,3050.25,United Kingdom,High,AN040,Closed,2025-12-03,16,Closed - False Positive,0.9,N
ALT00906,C01342,2025-11-17,Rapid Movement of Funds,7704.45,United Kingdom,Medium,AN038,Closed,2025-11-25,8,Closed - False Positive,0.6,N
ALT01282,C01839,2025-11-17,Unusual Activity vs Profile,7880.14,United Kingdom,Low,AN034,Closed,2025-11-24,7,Closed - False Positive,0.8,N
ALT03545,C01015,2025-11-17,Rapid Movement of Funds,6366.6,United Kingdom,High,AN034,Closed,2025-11-26,9,Closed - False Positive,0.8,N
ALT00367,C00723,2025-11-17,Structuring,8971.74,United Kingdom,Low,AN039,Closed,2025-11-29,12,Closed - False Positive,1.1,N
ALT03168,C00966,2025-11-17,Structuring,9836.97,United Kingdom,Low,AN036,Closed,2025-11-21,4,Closed - False Positive,0.7,N
ALT03120,C02825,2025-11-18,Rapid Movement of Funds,41485.27,Russia,Medium,AN038,Closed,2025-11-22,4,Closed - False Positive,1.2,N
ALT03662,C02534,2025-11-18,High-Risk Jurisdiction Transfer,7121.42,Cyprus,Medium,AN035,Closed,2025-12-01,13,Closed - False Positive,1.1,N
ALT03484,C01095,2025-11-18,Unusual Activity vs Profile,10027.2,India,Medium,AN038,Closed,2025-11-24,6,Closed - False Positive,1.0,N
ALT02007,C02425,2025-11-18,Unusual Activity vs Profile,38759.53,United Kingdom,Medium,AN034,Closed,2025-11-28,10,Closed - False Positive,1.0,N
ALT03901,C01361,2025-11-18,Rapid Movement of Funds,20190.68,Cyprus,High,AN038,Closed,2025-11-26,8,Closed - False Positive,0.9,N
ALT00137,C02550,2025-11-18,Rapid Movement of Funds,42620.1,India,High,AN039,Closed,2025-11-26,8,Closed - False Positive,1.0,N
ALT00980,C02302,2025-11-18,Unusual Activity vs Profile,6856.48,United Kingdom,High,AN039,Closed,2025-11-29,11,Closed - False Positive,0.4,N
ALT06146,C02062,2025-11-18,High-Risk Jurisdiction Transfer,3347.86,United Kingdom,Medium,AN036,Closed,2025-11-28,10,Closed - False Positive,0.6,N
ALT03061,C02082,2025-11-18,Unusual Activity vs Profile,6339.11,United Kingdom,High,AN033,Closed,2025-11-19,1,Closed - False Positive,1.1,N
ALT04223,C00762,2025-11-18,High-Risk Jurisdiction Transfer,4411.31,United Kingdom,High,AN035,Closed,2025-12-22,34,Escalated to Investigation,7.1,N
ALT05217,C01548,2025-11-18,Structuring,7531.14,India,High,AN038,Closed,2025-12-30,42,Escalated to Investigation,5.1,N
ALT01370,C02497,2025-11-18,Large Cash Deposit,38874.36,Nigeria,Low,AN040,Closed,2025-11-20,2,Closed - False Positive,0.3,N
ALT03727,C02720,2025-11-18,Dormant Account Reactivation,6469.35,France,High,AN038,Closed,2025-11-20,2,Closed - False Positive,0.9,N
ALT05202,C02550,2025-11-18,Round-Amount Transfers,39013.69,United States,High,AN039,Closed,2025-12-14,26,SAR Filed,8.0,Y
ALT03544,C00771,2025-11-19,Unusual Activity vs Profile,1707.72,United Kingdom,Low,AN038,Closed,2025-11-28,9,Closed - False Positive,0.8,N
ALT05433,C02584,2025-11-19,Dormant Account Reactivation,19132.87,Germany,Medium,AN036,Closed,2025-11-30,11,Closed - False Positive,1.0,N
ALT04975,C00597,2025-11-19,Rapid Movement of Funds,48799.61,United Kingdom,Low,AN038,Closed,2025-11-26,7,Closed - False Positive,0.7,N
ALT04503,C01201,2025-11-19,Large Cash Deposit,50016.6,United Kingdom,High,AN038,Closed,2025-11-20,1,Closed - False Positive,0.9,N
ALT02773,C00353,2025-11-19,Round-Amount Transfers,2701.44,United Kingdom,High,AN033,Closed,2025-11-26,7,Closed - False Positive,0.6,N
ALT00827,C02624,2025-11-19,Rapid Movement of Funds,5159.16,United States,Low,AN035,Closed,2025-11-27,8,Closed - False Positive,0.9,N
ALT00097,C02407,2025-11-19,Rapid Movement of Funds,2311.11,United Kingdom,Medium,AN040,Closed,2025-11-21,2,Closed - False Positive,0.6,N
ALT04868,C01093,2025-11-19,Structuring,8970.19,United Kingdom,Medium,AN039,Closed,2025-12-01,12,Closed - False Positive,0.6,N
ALT02107,C02286,2025-11-19,Round-Amount Transfers,25110.13,Nigeria,High,AN034,Closed,2025-11-21,2,Closed - False Positive,0.7,N
ALT03136,C02693,2025-11-19,Round-Amount Transfers,23605.18,United Kingdom,Low,AN033,Closed,2025-11-24,5,Closed - False Positive,0.5,N
ALT03312,C01962,2025-11-19,High-Risk Jurisdiction Transfer,22927.76,United Kingdom,Medium,AN039,Closed,2025-11-21,2,Closed - False Positive,0.5,N
ALT00771,C02210,2025-11-19,Structuring,8826.36,India,High,AN037,Closed,2025-11-22,3,Closed - False Positive,0.7,N
ALT02379,C02550,2025-11-19,Structuring,8142.69,United Kingdom,High,AN036,Closed,2025-11-23,4,Closed - False Positive,0.9,N
ALT04369,C02846,2025-11-19,Dormant Account Reactivation,100647.31,Cyprus,High,AN040,Closed,2025-11-23,4,Closed - False Positive,0.3,N
ALT00168,C02627,2025-11-19,Rapid Movement of Funds,2992.19,United States,Medium,AN039,Closed,2025-12-01,12,Closed - False Positive,0.4,N
ALT03311,C00293,2025-11-19,Round-Amount Transfers,24610.79,United Kingdom,Medium,AN037,Closed,2025-11-24,5,Closed - False Positive,0.8,N
ALT00811,C00150,2025-11-19,Unusual Activity vs Profile,2700.17,United Kingdom,Low,AN033,Closed,2025-12-03,14,Closed - False Positive,0.7,N
ALT00176,C00206,2025-11-19,Rapid Movement of Funds,17239.96,United Kingdom,High,AN037,Closed,2025-11-24,5,Closed - False Positive,1.0,N
ALT02663,C01556,2025-11-19,Structuring,7822.32,Cyprus,Low,AN033,Closed,2025-11-22,3,Closed - False Positive,0.5,N
ALT06108,C00737,2025-11-19,Structuring,7925.15,United Kingdom,High,AN038,Closed,2025-11-22,3,Closed - False Positive,0.4,N
ALT04790,C01893,2025-11-19,High-Risk Jurisdiction Transfer,6571.05,United Kingdom,Low,AN033,Closed,2025-11-24,5,Closed - False Positive,1.1,N
ALT05421,C01221,2025-11-19,Round-Amount Transfers,24905.21,United Kingdom,Low,AN037,Closed,2025-11-23,4,Closed - False Positive,0.7,N
ALT00030,C01431,2025-11-19,Large Cash Deposit,56246.31,United Kingdom,High,AN034,Closed,2025-11-23,4,Closed - False Positive,1.1,N
ALT03128,C00985,2025-11-19,Unusual Activity vs Profile,7040.26,United Kingdom,High,AN040,Closed,2025-11-21,2,Closed - False Positive,0.7,N
ALT02494,C02793,2025-11-19,Round-Amount Transfers,3388.47,Pakistan,Low,AN036,Closed,2025-11-29,10,Closed - False Positive,0.9,N
ALT01400,C00415,2025-11-19,Unusual Activity vs Profile,5687.71,United Kingdom,Low,AN037,Closed,2025-12-03,14,Closed - False Positive,0.8,N
ALT05395,C01252,2025-11-19,Dormant Account Reactivation,22955.13,United Kingdom,High,AN038,Closed,2025-12-13,24,Escalated to Investigation,12.4,N
ALT01250,C01599,2025-11-19,High-Risk Jurisdiction Transfer,7909.75,United Kingdom,High,AN034,Closed,2025-12-10,21,Closed - False Positive,1.0,N
ALT04913,C00265,2025-11-19,Unusual Activity vs Profile,258703.05,Germany,High,AN037,Closed,2025-11-22,3,Closed - False Positive,0.5,N
ALT05337,C02049,2025-11-19,Unusual Activity vs Profile,9174.1,Nigeria,High,AN038,Closed,2025-11-26,7,Closed - False Positive,1.0,N
ALT03890,C02988,2025-11-19,Rapid Movement of Funds,16693.15,India,Medium,AN035,Closed,2025-11-25,6,Closed - False Positive,0.4,N
ALT04255,C02122,2025-11-19,Rapid Movement of Funds,44902.2,United Kingdom,Low,AN037,Closed,2025-11-30,11,Closed - False Positive,0.5,N
ALT04442,C02410,2025-11-20,Rapid Movement of Funds,1552.82,United Kingdom,Medium,AN039,Closed,2025-12-01,11,Closed - False Positive,1.2,N
ALT02186,C00951,2025-11-20,Rapid Movement of Funds,25074.56,United Kingdom,Medium,AN037,Closed,2025-11-27,7,Closed - False Positive,0.3,N
ALT02392,C00161,2025-11-20,Unusual Activity vs Profile,44447.66,United Kingdom,Medium,AN035,Closed,2025-11-30,10,Closed - False Positive,1.0,N
ALT05623,C01227,2025-11-20,High-Risk Jurisdiction Transfer,32428.84,United Kingdom,Low,AN039,Closed,2025-11-27,7,Closed - False Positive,0.6,N
ALT01867,C02759,2025-11-20,Dormant Account Reactivation,24005.05,United Kingdom,Medium,AN037,Closed,2025-11-29,9,Closed - False Positive,0.6,N
ALT06201,C01179,2025-11-20,Structuring,7506.0,United Kingdom,Medium,AN034,Closed,2025-11-25,5,Closed - False Positive,0.3,N
ALT00151,C00068,2025-11-20,Rapid Movement of Funds,23187.21,United Kingdom,Medium,AN038,Closed,2025-12-02,12,Closed - False Positive,0.8,N
ALT00527,C01874,2025-11-20,Unusual Activity vs Profile,3757.46,United Kingdom,Medium,AN040,Closed,2025-11-28,8,Closed - False Positive,0.8,N
ALT06047,C00440,2025-11-20,Large Cash Deposit,12691.01,Panama,High,AN040,Open,,,Under Review,10.3,N
ALT00958,C01269,2025-11-20,Rapid Movement of Funds,14472.03,United Kingdom,Medium,AN035,Closed,2025-11-24,4,Closed - False Positive,0.9,N
ALT00929,C00493,2025-11-20,High-Risk Jurisdiction Transfer,47434.58,United Kingdom,Low,AN039,Closed,2025-11-25,5,Closed - False Positive,0.3,N
ALT00117,C00389,2025-11-20,Rapid Movement of Funds,1714.79,Hong Kong,Medium,AN034,Closed,2025-11-26,6,Closed - False Positive,0.4,N
ALT04463,C01502,2025-11-20,Large Cash Deposit,24995.53,United Kingdom,Medium,AN035,Closed,2025-11-27,7,Closed - False Positive,0.7,N
ALT00268,C00998,2025-11-20,Unusual Activity vs Profile,7576.75,India,High,AN040,Closed,2025-11-30,10,Closed - False Positive,0.9,N
ALT01549,C00456,2025-11-20,Structuring,7814.25,United Kingdom,Medium,AN033,Closed,2025-12-02,12,Closed - False Positive,0.5,N
ALT00920,C02816,2025-11-20,Rapid Movement of Funds,639.47,UAE,High,AN038,Closed,2025-11-24,4,Closed - False Positive,0.3,N
ALT02162,C02132,2025-11-20,Rapid Movement of Funds,14511.78,United Kingdom,Low,AN034,Closed,2025-11-24,4,Closed - False Positive,1.2,N
ALT03044,C01878,2025-11-20,High-Risk Jurisdiction Transfer,8429.43,France,High,AN037,Closed,2025-11-24,4,Closed - False Positive,0.3,N
ALT02414,C01455,2025-11-20,High-Risk Jurisdiction Transfer,12381.09,United Kingdom,High,AN033,Closed,2025-12-11,21,Escalated to Investigation,12.3,N
ALT03900,C00748,2025-11-20,Round-Amount Transfers,34732.74,United Kingdom,Medium,AN039,Closed,2025-11-26,6,Closed - False Positive,0.8,N
ALT04802,C01457,2025-11-20,Structuring,9233.96,United States,Low,AN036,Closed,2025-11-26,6,Closed - False Positive,1.1,N
ALT06218,C02905,2025-11-20,Unusual Activity vs Profile,15938.33,United Kingdom,High,AN036,Open,,,Under Review,11.4,N
ALT03777,C00737,2025-11-20,Structuring,9102.7,Panama,High,AN040,Closed,2025-11-25,5,Closed - False Positive,0.3,N
ALT03351,C01967,2025-11-20,Unusual Activity vs Profile,40051.17,Ireland,Low,AN033,Closed,2025-11-23,3,Closed - False Positive,1.1,N
ALT04826,C01300,2025-11-20,Dormant Account Reactivation,26363.11,United Kingdom,Low,AN039,Closed,2025-11-26,6,Closed - False Positive,0.4,N
ALT05731,C02111,2025-11-20,Unusual Activity vs Profile,14314.06,Nigeria,High,AN033,Closed,2025-11-27,7,Closed - False Positive,1.1,N
ALT01335,C01158,2025-11-20,Rapid Movement of Funds,160871.37,Russia,High,AN034,Closed,2025-11-24,4,Closed - False Positive,1.1,N
ALT04202,C01362,2025-11-20,High-Risk Jurisdiction Transfer,6722.45,United Kingdom,Low,AN033,Closed,2025-12-14,24,SAR Filed,5.4,Y
ALT01634,C02652,2025-11-20,Unusual Activity vs Profile,477542.49,United Kingdom,High,AN035,Closed,2025-12-06,16,Closed - False Positive,0.6,N
ALT05204,C02535,2025-11-21,Unusual Activity vs Profile,4579.49,United Kingdom,Medium,AN038,Closed,2025-11-27,6,Closed - False Positive,0.4,N
ALT05427,C01104,2025-11-21,Unusual Activity vs Profile,30820.61,Panama,Medium,AN035,Closed,2025-11-22,1,Closed - False Positive,0.8,N
ALT00080,C00918,2025-11-21,High-Risk Jurisdiction Transfer,50526.04,United Kingdom,High,AN040,Closed,2025-11-29,8,Closed - False Positive,0.7,N
ALT06196,C00186,2025-11-21,Round-Amount Transfers,7325.55,United Kingdom,Medium,AN040,Closed,2025-12-26,35,Escalated to Investigation,7.4,N
ALT04877,C02367,2025-11-21,Structuring,7946.97,United Kingdom,High,AN033,Closed,2025-11-26,5,Closed - False Positive,0.8,N
ALT02489,C00323,2025-11-21,Rapid Movement of Funds,1882.55,United Kingdom,Low,AN036,Closed,2025-11-22,1,Closed - False Positive,0.7,N
ALT01815,C00994,2025-11-21,Large Cash Deposit,46480.06,United Kingdom,Low,AN037,Closed,2025-11-25,4,Closed - False Positive,1.0,N
ALT05771,C00126,2025-11-21,Unusual Activity vs Profile,84766.3,France,High,AN038,Closed,2025-11-24,3,Closed - False Positive,0.4,N
ALT03887,C02675,2025-11-21,Large Cash Deposit,36781.28,United Kingdom,High,AN034,Closed,2025-11-29,8,Closed - False Positive,0.8,N
ALT02176,C00900,2025-11-21,Structuring,9151.0,United Kingdom,Low,AN037,Closed,2025-11-26,5,Closed - False Positive,1.0,N
ALT00451,C01184,2025-11-21,High-Risk Jurisdiction Transfer,6771.45,Nigeria,Low,AN036,Closed,2025-11-23,2,Closed - False Positive,0.4,N
ALT06434,C00035,2025-11-21,High-Risk Jurisdiction Transfer,10230.63,United Kingdom,Medium,AN034,Closed,2025-11-25,4,Closed - False Positive,0.8,N
ALT04701,C02792,2025-11-21,Dormant Account Reactivation,16380.28,France,Low,AN040,Closed,2025-12-13,22,Escalated to Investigation,8.5,N
ALT03475,C00918,2025-11-21,Unusual Activity vs Profile,11595.65,United Kingdom,High,AN036,Closed,2025-12-25,34,Escalated to Investigation,4.2,N
ALT06299,C01504,2025-11-21,Round-Amount Transfers,17372.55,United Kingdom,Low,AN040,Closed,2025-11-30,9,Closed - False Positive,0.9,N
ALT00062,C02069,2025-11-21,Large Cash Deposit,23068.2,United Kingdom,Low,AN037,Closed,2025-12-03,12,Closed - False Positive,0.6,N
ALT00257,C01695,2025-11-21,Structuring,9474.65,United Kingdom,High,AN040,Closed,2025-11-25,4,Closed - False Positive,0.8,N
ALT02105,C01167,2025-11-21,High-Risk Jurisdiction Transfer,6023.42,United Kingdom,Medium,AN038,Closed,2025-11-23,2,Closed - False Positive,0.9,N
ALT00589,C02118,2025-11-21,Structuring,9434.14,United States,High,AN038,Closed,2025-12-01,10,Closed - False Positive,0.8,N
ALT06006,C02962,2025-11-21,Unusual Activity vs Profile,23786.02,United Kingdom,Low,AN035,Closed,2025-11-30,9,Closed - False Positive,1.0,N
ALT00741,C02121,2025-11-21,Structuring,7770.87,United Kingdom,Medium,AN039,Closed,2025-11-27,6,Closed - False Positive,1.1,N
ALT05675,C01667,2025-11-21,Unusual Activity vs Profile,20682.84,France,High,AN036,Closed,2025-12-15,24,SAR Filed,9.4,Y
ALT03471,C01548,2025-11-21,Large Cash Deposit,48262.07,United Kingdom,High,AN034,Closed,2025-12-22,31,Escalated to Investigation,9.8,N
ALT05747,C01093,2025-11-21,Dormant Account Reactivation,12121.3,Nigeria,Low,AN034,Closed,2025-12-14,23,Closed - False Positive,1.1,N
ALT02940,C00972,2025-11-21,Unusual Activity vs Profile,3413.32,United Kingdom,Low,AN035,Closed,2025-11-30,9,Closed - False Positive,0.9,N
ALT04067,C01896,2025-11-21,Structuring,9133.35,United Kingdom,High,AN035,Closed,2025-11-22,1,Closed - False Positive,1.1,N
ALT01266,C02479,2025-11-22,High-Risk Jurisdiction Transfer,14049.22,United Kingdom,Medium,AN039,Closed,2025-11-25,3,Closed - False Positive,1.1,N
ALT06463,C01872,2025-11-22,High-Risk Jurisdiction Transfer,138958.63,United Kingdom,High,AN037,Closed,2025-11-24,2,Closed - False Positive,0.9,N
ALT05482,C01249,2025-11-22,Structuring,9375.17,United Kingdom,Medium,AN035,Closed,2025-11-25,3,Closed - False Positive,1.0,N
ALT05439,C00585,2025-11-22,Large Cash Deposit,16123.05,United Kingdom,Medium,AN040,Closed,2025-11-30,8,Closed - False Positive,1.0,N
ALT00057,C00275,2025-11-22,Unusual Activity vs Profile,63154.79,United Kingdom,High,AN038,Closed,2025-12-02,10,Closed - False Positive,0.4,N
ALT05792,C01517,2025-11-22,Structuring,7248.1,United Kingdom,Medium,AN038,Closed,2025-11-24,2,Closed - False Positive,1.1,N
ALT06132,C02313,2025-11-22,Large Cash Deposit,40046.38,United Kingdom,Low,AN033,Closed,2025-11-29,7,Closed - False Positive,0.4,N
ALT00232,C00737,2025-11-22,Rapid Movement of Funds,66005.29,United Kingdom,High,AN038,Closed,2025-11-28,6,Closed - False Positive,0.3,N
ALT05509,C02423,2025-11-22,High-Risk Jurisdiction Transfer,5372.24,United Kingdom,Low,AN034,Closed,2025-11-27,5,Closed - False Positive,0.8,N
ALT05295,C00840,2025-11-22,Unusual Activity vs Profile,8602.98,UAE,Low,AN033,Closed,2025-11-28,6,Closed - False Positive,0.8,N
ALT06442,C01415,2025-11-22,Rapid Movement of Funds,22038.78,Nigeria,Medium,AN038,Closed,2025-11-25,3,Closed - False Positive,0.7,N
ALT04990,C00716,2025-11-22,Large Cash Deposit,36990.18,United Kingdom,High,AN039,Closed,2025-11-25,3,Closed - False Positive,0.6,N
ALT04275,C01833,2025-11-22,Unusual Activity vs Profile,56751.28,United States,High,AN035,Closed,2025-11-28,6,Closed - False Positive,0.7,N
ALT04100,C01163,2025-11-22,Round-Amount Transfers,3319.25,United Kingdom,Low,AN035,Closed,2025-12-07,15,SAR Filed,8.1,Y
ALT02636,C01103,2025-11-22,Unusual Activity vs Profile,1253.45,United Kingdom,Medium,AN039,Closed,2025-11-29,7,Closed - False Positive,1.1,N
ALT02143,C02784,2025-11-22,Dormant Account Reactivation,8984.6,United Kingdom,Low,AN040,Closed,2025-12-05,13,Closed - False Positive,0.5,N
ALT02934,C02983,2025-11-22,Dormant Account Reactivation,134949.13,India,High,AN039,Closed,2025-11-26,4,Closed - False Positive,1.0,N
ALT03614,C00496,2025-11-22,Rapid Movement of Funds,19027.16,United Kingdom,Medium,AN036,Closed,2025-12-04,12,Closed - False Positive,0.8,N
ALT02253,C00394,2025-11-22,High-Risk Jurisdiction Transfer,7302.59,United Kingdom,Medium,AN039,Closed,2025-11-23,1,Closed - False Positive,0.4,N
ALT02630,C01900,2025-11-22,Structuring,7606.69,United Kingdom,Medium,AN038,Closed,2025-12-05,13,Closed - False Positive,0.7,N
ALT03776,C01856,2025-11-22,High-Risk Jurisdiction Transfer,6726.81,India,Medium,AN037,Closed,2025-11-23,1,Closed - False Positive,0.5,N
ALT02686,C02009,2025-11-22,Rapid Movement of Funds,13378.24,Pakistan,Low,AN033,Closed,2025-11-24,2,Closed - False Positive,0.9,N
ALT03504,C00038,2025-11-22,Dormant Account Reactivation,10757.37,Ireland,Medium,AN035,Closed,2025-11-26,4,Closed - False Positive,0.3,N
ALT04201,C02516,2025-11-22,Large Cash Deposit,23703.24,UAE,High,AN040,Closed,2025-11-30,8,Closed - False Positive,0.3,N
ALT03716,C02182,2025-11-22,Unusual Activity vs Profile,6627.41,United Kingdom,Medium,AN038,Closed,2025-11-27,5,Closed - False Positive,0.8,N
ALT03469,C01330,2025-11-22,Unusual Activity vs Profile,3009.03,United Kingdom,Medium,AN033,Closed,2025-11-28,6,Closed - False Positive,0.6,N
ALT01580,C02080,2025-11-22,Round-Amount Transfers,11021.2,United Kingdom,Medium,AN035,Closed,2025-11-28,6,Closed - False Positive,0.9,N
ALT01819,C01154,2025-11-22,Structuring,9886.12,United Kingdom,Medium,AN040,Closed,2025-12-07,15,Escalated to Investigation,12.6,N
ALT06335,C02007,2025-11-23,Rapid Movement of Funds,23442.25,United Kingdom,Medium,AN036,Closed,2025-11-26,3,Closed - False Positive,0.9,N
ALT05670,C01015,2025-11-23,Unusual Activity vs Profile,11666.11,United States,High,AN040,Closed,2025-11-26,3,Closed - False Positive,0.7,N
ALT06042,C02149,2025-11-23,Large Cash Deposit,41730.61,France,Medium,AN035,Closed,2025-12-01,8,Closed - False Positive,1.1,N
ALT04491,C00640,2025-11-23,Unusual Activity vs Profile,219372.93,United States,High,AN036,Closed,2025-11-28,5,Closed - False Positive,1.2,N
ALT03309,C02614,2025-11-23,High-Risk Jurisdiction Transfer,19635.13,Germany,Medium,AN035,Closed,2025-11-26,3,Closed - False Positive,0.8,N
ALT03334,C00080,2025-11-23,Structuring,8773.51,United Kingdom,High,AN034,Closed,2025-11-27,4,Closed - False Positive,0.6,N
ALT03596,C00796,2025-11-23,Rapid Movement of Funds,22313.08,United Kingdom,Low,AN036,Closed,2025-12-12,19,Escalated to Investigation,4.1,N
ALT01521,C00749,2025-11-23,Dormant Account Reactivation,11050.15,United Kingdom,Medium,AN035,Closed,2025-11-27,4,Closed - False Positive,0.9,N
ALT00304,C02996,2025-11-23,Structuring,8664.73,United Kingdom,Low,AN038,Closed,2025-12-04,11,Closed - False Positive,0.8,N
ALT06040,C00957,2025-11-23,Rapid Movement of Funds,11498.87,UAE,Medium,AN033,Closed,2025-11-29,6,Closed - False Positive,1.2,N
ALT01745,C00917,2025-11-23,High-Risk Jurisdiction Transfer,11456.56,United Kingdom,Low,AN035,Closed,2025-12-04,11,Closed - False Positive,0.8,N
ALT03477,C00384,2025-11-23,Unusual Activity vs Profile,11334.12,Germany,Medium,AN038,Closed,2025-11-25,2,Closed - False Positive,1.0,N
ALT06000,C01287,2025-11-23,Round-Amount Transfers,5389.19,United Kingdom,Medium,AN039,Closed,2025-11-28,5,Closed - False Positive,0.5,N
ALT05193,C01298,2025-11-23,Round-Amount Transfers,15364.16,United Kingdom,High,AN033,Closed,2025-11-27,4,Closed - False Positive,0.7,N
ALT04725,C00563,2025-11-23,Unusual Activity vs Profile,4123.44,Germany,Medium,AN039,Closed,2025-11-28,5,Closed - False Positive,0.9,N
ALT01729,C00690,2025-11-23,Structuring,9576.03,United Kingdom,Medium,AN038,Closed,2025-11-28,5,Closed - False Positive,1.0,N
ALT03543,C02391,2025-11-23,Dormant Account Reactivation,38979.72,United Kingdom,High,AN034,Closed,2025-11-27,4,Closed - False Positive,0.6,N
ALT03845,C00131,2025-11-23,High-Risk Jurisdiction Transfer,8381.19,Panama,Medium,AN037,Closed,2025-12-07,14,Closed - False Positive,0.8,N
ALT01098,C02843,2025-11-23,Unusual Activity vs Profile,23653.7,United Kingdom,High,AN035,Closed,2025-12-01,8,Closed - False Positive,0.7,N
ALT02703,C01681,2025-11-23,Structuring,8708.39,United Kingdom,Medium,AN034,Closed,2025-11-27,4,Closed - False Positive,0.5,N
ALT06090,C02931,2025-11-23,Round-Amount Transfers,13411.38,United Kingdom,High,AN037,Closed,2025-12-06,13,Closed - False Positive,0.7,N
ALT04059,C01219,2025-11-24,Round-Amount Transfers,9839.22,India,High,AN036,Open,,,Under Review,12.2,N
ALT06153,C02871,2025-11-24,Unusual Activity vs Profile,6386.0,United Kingdom,Medium,AN040,Closed,2025-12-01,7,Closed - False Positive,0.7,N
ALT05248,C02081,2025-11-24,Rapid Movement of Funds,11952.96,India,Medium,AN039,Closed,2025-11-28,4,Closed - False Positive,0.7,N
ALT00513,C01083,2025-11-24,Structuring,9458.57,United Kingdom,High,AN037,Closed,2025-11-25,1,Closed - False Positive,0.8,N
ALT02997,C01198,2025-11-24,Large Cash Deposit,31271.6,United Kingdom,Medium,AN038,Closed,2025-12-04,10,Closed - False Positive,1.1,N
ALT04196,C01294,2025-11-24,Structuring,9874.7,United Kingdom,Medium,AN039,Closed,2025-12-04,10,Closed - False Positive,0.7,N
ALT02698,C01506,2025-11-24,Large Cash Deposit,28591.95,United Kingdom,Low,AN034,Closed,2025-12-13,19,Escalated to Investigation,13.0,N
ALT01660,C01387,2025-11-24,Round-Amount Transfers,3733.15,United Kingdom,Low,AN037,Closed,2025-11-29,5,Closed - False Positive,0.3,N
ALT05158,C01186,2025-11-24,Rapid Movement of Funds,35151.11,Hong Kong,Medium,AN034,Closed,2025-11-28,4,Closed - False Positive,0.7,N
ALT00609,C01079,2025-11-24,Rapid Movement of Funds,12388.71,United Kingdom,Low,AN037,Closed,2025-11-27,3,Closed - False Positive,0.7,N
ALT00669,C01640,2025-11-24,Structuring,8659.57,United Kingdom,High,AN036,Closed,2025-11-30,6,Closed - False Positive,0.8,N
ALT01432,C02202,2025-11-24,Unusual Activity vs Profile,60009.83,United Kingdom,High,AN033,Closed,2025-11-25,1,Closed - False Positive,0.8,N
ALT06198,C00998,2025-11-24,Large Cash Deposit,16935.19,United Kingdom,High,AN036,Closed,2025-11-26,2,Closed - False Positive,0.5,N
ALT00343,C01989,2025-11-24,Large Cash Deposit,19645.01,United Kingdom,High,AN039,Closed,2025-12-06,12,SAR Filed,5.9,Y
ALT06183,C02009,2025-11-24,Structuring,7020.57,India,Medium,AN035,Closed,2025-11-26,2,Closed - False Positive,1.1,N
ALT03917,C02496,2025-11-24,Dormant Account Reactivation,50666.2,United Kingdom,High,AN040,Closed,2025-12-13,19,Escalated to Investigation,8.9,N
ALT04106,C02931,2025-11-24,Rapid Movement of Funds,7205.43,United Kingdom,High,AN039,Closed,2025-11-29,5,Closed - False Positive,0.6,N
ALT04050,C01812,2025-11-24,Unusual Activity vs Profile,18583.61,United Kingdom,Medium,AN033,Closed,2025-12-03,9,Closed - False Positive,0.8,N
ALT03201,C00569,2025-11-24,High-Risk Jurisdiction Transfer,13347.54,United Kingdom,Medium,AN034,Closed,2025-12-04,10,Closed - False Positive,1.0,N
ALT06404,C00617,2025-11-24,Unusual Activity vs Profile,16881.21,Cyprus,Medium,AN038,Closed,2025-12-03,9,Closed - False Positive,1.2,N
ALT06426,C02955,2025-11-24,Rapid Movement of Funds,6571.31,United Kingdom,Low,AN035,Closed,2025-11-25,1,Closed - False Positive,1.2,N
ALT03240,C01817,2025-11-24,Rapid Movement of Funds,13110.36,Ireland,Medium,AN035,Closed,2025-11-27,3,Closed - False Positive,0.6,N
ALT04579,C01244,2025-11-24,Structuring,9747.2,United Kingdom,Low,AN036,Closed,2025-11-27,3,Closed - False Positive,0.7,N
ALT03364,C00507,2025-11-24,Dormant Account Reactivation,14028.73,United States,Medium,AN039,Closed,2025-11-29,5,Closed - False Positive,0.5,N
ALT03521,C01361,2025-11-24,Structuring,8801.54,United Kingdom,High,AN036,Closed,2025-12-01,7,Closed - False Positive,1.2,N
ALT01062,C00233,2025-11-24,Rapid Movement of Funds,7079.05,United Kingdom,Medium,AN033,Closed,2025-11-26,2,Closed - False Positive,1.2,N
ALT04724,C01603,2025-11-24,High-Risk Jurisdiction Transfer,2824.08,United States,Medium,AN035,Closed,2025-12-05,11,Closed - False Positive,0.4,N
ALT01842,C00932,2025-11-24,Unusual Activity vs Profile,2543.83,India,Low,AN038,Closed,2025-11-30,6,Closed - False Positive,0.7,N
ALT03181,C00998,2025-11-24,Rapid Movement of Funds,3011.56,United Kingdom,High,AN035,Closed,2025-11-29,5,Closed - False Positive,0.3,N
ALT04590,C01886,2025-11-25,Rapid Movement of Funds,8131.29,Russia,Medium,AN035,Closed,2025-12-03,8,Closed - False Positive,0.7,N
ALT02922,C01054,2025-11-25,Rapid Movement of Funds,29908.34,United Kingdom,Medium,AN035,Closed,2025-12-03,8,Closed - False Positive,0.5,N
ALT05111,C00600,2025-11-25,High-Risk Jurisdiction Transfer,3334.35,United Kingdom,Low,AN040,Closed,2025-12-08,13,Closed - False Positive,0.9,N
ALT02963,C00895,2025-11-25,Unusual Activity vs Profile,2932.49,Nigeria,Low,AN040,Closed,2025-12-02,7,Closed - False Positive,0.5,N
ALT06140,C01356,2025-11-25,Large Cash Deposit,55506.87,United Kingdom,High,AN040,Closed,2025-12-01,6,Closed - False Positive,0.7,N
ALT01757,C01374,2025-11-25,Rapid Movement of Funds,12045.15,United Kingdom,Medium,AN040,Closed,2025-11-26,1,Closed - False Positive,0.4,N
ALT05936,C02698,2025-11-25,High-Risk Jurisdiction Transfer,13918.42,France,Medium,AN034,Closed,2025-11-27,2,Closed - False Positive,0.8,N
ALT05726,C01084,2025-11-25,Structuring,8904.19,Cyprus,Medium,AN034,Closed,2025-11-30,5,Closed - False Positive,0.8,N
ALT03850,C01972,2025-11-25,Unusual Activity vs Profile,16734.25,United Kingdom,Medium,AN039,Closed,2025-12-11,16,Closed - False Positive,0.4,N
ALT03376,C02248,2025-11-25,Structuring,7749.13,Ireland,High,AN038,Closed,2025-12-07,12,Closed - False Positive,1.1,N
ALT01598,C02611,2025-11-25,Structuring,7279.39,United Kingdom,Medium,AN040,Closed,2025-12-10,15,Closed - False Positive,0.9,N
ALT03439,C00629,2025-11-25,High-Risk Jurisdiction Transfer,7483.62,United Kingdom,Medium,AN040,Closed,2025-11-29,4,Closed - False Positive,0.6,N
ALT01184,C02533,2025-11-25,Unusual Activity vs Profile,27188.17,United Kingdom,Low,AN036,Closed,2025-12-03,8,Closed - False Positive,1.0,N
ALT02264,C00240,2025-11-25,Structuring,8871.26,United Kingdom,Low,AN040,Closed,2025-11-30,5,Closed - False Positive,0.6,N
ALT04742,C01748,2025-11-25,Large Cash Deposit,28364.91,United Kingdom,Medium,AN037,Closed,2025-12-04,9,Closed - False Positive,0.9,N
ALT06005,C02949,2025-11-25,High-Risk Jurisdiction Transfer,12972.6,United Kingdom,Medium,AN038,Closed,2025-12-03,8,Closed - False Positive,0.4,N
ALT05817,C02058,2025-11-25,Unusual Activity vs Profile,19589.25,Cyprus,Medium,AN040,Closed,2025-11-26,1,Closed - False Positive,0.5,N
ALT06036,C02701,2025-11-25,Round-Amount Transfers,160698.94,United Kingdom,High,AN037,Closed,2025-12-06,11,Closed - False Positive,1.1,N
ALT04443,C01709,2025-11-25,Large Cash Deposit,17818.18,United Kingdom,Medium,AN039,Closed,2025-12-05,10,Closed - False Positive,1.0,N
ALT06241,C02842,2025-11-25,Unusual Activity vs Profile,34239.93,United Kingdom,Low,AN033,Closed,2025-12-08,13,Closed - False Positive,0.7,N
ALT05713,C00176,2025-11-25,Unusual Activity vs Profile,2649.88,India,Low,AN035,Closed,2025-11-26,1,Closed - False Positive,0.5,N
ALT02504,C01682,2025-11-25,Rapid Movement of Funds,6161.53,United Kingdom,Low,AN035,Closed,2025-12-05,10,Closed - False Positive,0.8,N
ALT05063,C02391,2025-11-25,High-Risk Jurisdiction Transfer,5052.84,United Kingdom,High,AN039,Closed,2025-12-07,12,Closed - False Positive,1.0,N
ALT01553,C02519,2025-11-25,Unusual Activity vs Profile,14227.5,United Kingdom,Medium,AN039,Closed,2025-12-11,16,Closed - False Positive,0.4,N
ALT02790,C00513,2025-11-26,Structuring,9488.69,United States,High,AN036,Closed,2025-12-02,6,Closed - False Positive,1.1,N
ALT01244,C02125,2025-11-26,Large Cash Deposit,33935.37,United States,Low,AN036,Closed,2025-12-02,6,Closed - False Positive,0.5,N
ALT01267,C00183,2025-11-26,Unusual Activity vs Profile,7702.47,United Kingdom,Medium,AN033,Closed,2025-12-02,6,Closed - False Positive,1.2,N
ALT04261,C02880,2025-11-26,Structuring,9295.94,United Kingdom,High,AN039,Closed,2025-12-01,5,Closed - False Positive,0.6,N
ALT04078,C00075,2025-11-26,Large Cash Deposit,24135.27,Ireland,Medium,AN036,Closed,2025-12-14,18,SAR Filed,10.1,Y
ALT02098,C01569,2025-11-26,Unusual Activity vs Profile,17619.96,United Kingdom,Low,AN035,Closed,2025-12-21,25,Closed - False Positive,1.1,N
ALT02230,C02669,2025-11-26,Rapid Movement of Funds,27019.46,Nigeria,High,AN034,Closed,2025-12-02,6,Closed - False Positive,0.9,N
ALT02652,C01822,2025-11-26,High-Risk Jurisdiction Transfer,2765.39,United Kingdom,High,AN038,Open,,,Under Review,12.7,N
ALT05296,C01306,2025-11-26,Structuring,9534.92,India,Medium,AN036,Closed,2025-12-03,7,Closed - False Positive,0.6,N
ALT00718,C00421,2025-11-26,Unusual Activity vs Profile,179490.9,United Kingdom,High,AN040,Closed,2025-11-29,3,Closed - False Positive,0.9,N
ALT04477,C02253,2025-11-26,Large Cash Deposit,32655.98,United Kingdom,Low,AN033,Closed,2025-11-30,4,Closed - False Positive,0.8,N
ALT05602,C00844,2025-11-26,Unusual Activity vs Profile,18449.22,United Kingdom,Medium,AN037,Closed,2025-11-28,2,Closed - False Positive,1.1,N
ALT02306,C01884,2025-11-26,Structuring,8516.6,United Kingdom,Low,AN039,Closed,2025-12-08,12,Closed - False Positive,0.5,N
ALT01320,C02554,2025-11-26,Structuring,7416.46,United Kingdom,High,AN040,Closed,2025-12-06,10,Closed - False Positive,0.6,N
ALT04288,C00659,2025-11-26,Unusual Activity vs Profile,47301.97,United Kingdom,Low,AN036,Closed,2025-12-12,16,Escalated to Investigation,5.6,N
ALT00001,C00223,2025-11-26,Unusual Activity vs Profile,2851.37,United Kingdom,Medium,AN034,Closed,2025-12-07,11,Closed - False Positive,1.1,N
ALT06060,C02326,2025-11-26,Structuring,7994.38,United Kingdom,High,AN039,Closed,2025-11-30,4,Closed - False Positive,0.9,N
ALT05153,C01854,2025-11-26,Large Cash Deposit,56688.49,United Kingdom,High,AN035,Closed,2025-12-07,11,Closed - False Positive,1.1,N
ALT00359,C02444,2025-11-26,Unusual Activity vs Profile,6583.95,United States,Medium,AN034,Closed,2025-11-28,2,Closed - False Positive,0.8,N
ALT01469,C01943,2025-11-26,High-Risk Jurisdiction Transfer,49203.66,UAE,Low,AN037,Closed,2025-12-04,8,Closed - False Positive,1.1,N
ALT00073,C00949,2025-11-26,Structuring,8212.26,Nigeria,High,AN036,Closed,2025-12-06,10,Closed - False Positive,0.6,N
ALT00038,C00967,2025-11-26,High-Risk Jurisdiction Transfer,28661.26,Ireland,Medium,AN037,Open,,,Under Review,12.2,N
ALT03916,C02743,2025-11-26,Large Cash Deposit,41218.83,United Kingdom,Medium,AN036,Closed,2025-11-29,3,Closed - False Positive,0.4,N
ALT03117,C02837,2025-11-26,Dormant Account Reactivation,6709.64,Russia,Medium,AN036,Closed,2025-12-02,6,Closed - False Positive,1.0,N
ALT03452,C02284,2025-11-26,Dormant Account Reactivation,10650.17,United Kingdom,High,AN035,Closed,2025-12-03,7,Closed - False Positive,1.2,N
ALT02028,C00166,2025-11-27,Structuring,9229.9,United Kingdom,Low,AN036,Closed,2025-12-02,5,Closed - False Positive,0.4,N
ALT06204,C00920,2025-11-27,Structuring,8080.64,United Kingdom,Low,AN040,Closed,2025-11-28,1,Closed - False Positive,1.1,N
ALT03001,C02094,2025-11-27,Unusual Activity vs Profile,28702.88,United Kingdom,Medium,AN040,Closed,2025-12-01,4,Closed - False Positive,0.3,N
ALT05627,C02326,2025-11-27,Structuring,8270.57,India,High,AN037,Closed,2025-12-03,6,Closed - False Positive,0.4,N
ALT06148,C00725,2025-11-27,Structuring,9186.09,United Kingdom,Medium,AN038,Closed,2025-12-06,9,Closed - False Positive,0.4,N
ALT06145,C01418,2025-11-27,Dormant Account Reactivation,18047.87,United Kingdom,Low,AN038,Closed,2025-12-01,4,Closed - False Positive,0.9,N
ALT04922,C01548,2025-11-27,High-Risk Jurisdiction Transfer,5667.6,United Kingdom,High,AN039,Closed,2025-12-02,5,Closed - False Positive,0.8,N
ALT05399,C00150,2025-11-27,Unusual Activity vs Profile,9721.17,United Kingdom,Low,AN035,Closed,2025-12-09,12,Closed - False Positive,0.8,N
ALT03222,C00004,2025-11-27,Rapid Movement of Funds,12426.25,United Kingdom,High,AN040,Closed,2025-11-30,3,Closed - False Positive,0.7,N
ALT04486,C00229,2025-11-27,Unusual Activity vs Profile,1691.77,United Kingdom,Low,AN036,Closed,2025-12-02,5,Closed - False Positive,0.3,N
ALT02563,C00623,2025-11-27,Dormant Account Reactivation,11027.43,Germany,Low,AN035,Closed,2025-11-30,3,Closed - False Positive,0.5,N
ALT01640,C02051,2025-11-27,Rapid Movement of Funds,21467.71,United Kingdom,Medium,AN040,Closed,2025-12-07,10,Closed - False Positive,1.0,N
ALT05298,C01695,2025-11-27,Unusual Activity vs Profile,39162.59,Germany,High,AN034,Closed,2025-12-01,4,Closed - False Positive,0.4,N
ALT00895,C00424,2025-11-27,Large Cash Deposit,47748.9,United Kingdom,Low,AN036,Open,,,Under Review,7.3,N
ALT05120,C01475,2025-11-27,Rapid Movement of Funds,3684.74,UAE,Medium,AN034,Closed,2025-12-01,4,Closed - False Positive,0.7,N
ALT05583,C00250,2025-11-27,Rapid Movement of Funds,35766.64,United Kingdom,Low,AN035,Closed,2025-12-23,26,Escalated to Investigation,9.8,N
ALT04554,C00271,2025-11-27,High-Risk Jurisdiction Transfer,3902.21,France,Medium,AN039,Closed,2025-12-01,4,Closed - False Positive,1.0,N
ALT00262,C00351,2025-11-27,High-Risk Jurisdiction Transfer,7968.83,United Kingdom,Low,AN038,Closed,2025-11-30,3,Closed - False Positive,0.9,N
ALT03427,C01824,2025-11-27,Large Cash Deposit,53020.16,United Kingdom,High,AN036,Closed,2025-12-03,6,Closed - False Positive,0.4,N
ALT05263,C01445,2025-11-27,Dormant Account Reactivation,19040.1,India,Medium,AN038,Closed,2025-11-29,2,Closed - False Positive,1.1,N
ALT02820,C00213,2025-11-27,Structuring,9513.61,United Kingdom,Medium,AN035,Closed,2025-12-03,6,Closed - False Positive,0.6,N
ALT02451,C02299,2025-11-27,Unusual Activity vs Profile,2584.02,United Kingdom,High,AN039,Closed,2025-11-30,3,Closed - False Positive,0.7,N
ALT03121,C02539,2025-11-27,High-Risk Jurisdiction Transfer,81676.07,United Kingdom,High,AN036,Closed,2025-12-10,13,Closed - False Positive,1.2,N
ALT01321,C01602,2025-11-27,High-Risk Jurisdiction Transfer,15518.62,United Kingdom,Medium,AN039,Closed,2025-11-30,3,Closed - False Positive,0.5,N
ALT04620,C00463,2025-11-27,Unusual Activity vs Profile,85820.84,United Kingdom,High,AN035,Closed,2025-12-01,4,Closed - False Positive,0.7,N
ALT03551,C00934,2025-11-27,Unusual Activity vs Profile,11038.38,United Kingdom,Medium,AN035,Closed,2025-11-28,1,Closed - False Positive,0.3,N
ALT03561,C01929,2025-11-27,Structuring,7915.13,United Kingdom,Low,AN039,Closed,2025-11-29,2,Closed - False Positive,0.8,N
ALT00484,C00769,2025-11-27,Structuring,9332.13,United States,Medium,AN035,Closed,2025-12-13,16,Closed - False Positive,0.4,N
ALT01271,C00628,2025-11-27,Round-Amount Transfers,22127.47,United Kingdom,Low,AN040,Closed,2025-11-30,3,Closed - False Positive,0.5,N
ALT04315,C01120,2025-11-28,Round-Amount Transfers,42221.5,United Kingdom,Medium,AN036,Closed,2025-12-08,10,Closed - False Positive,1.0,N
ALT04291,C02759,2025-11-28,Round-Amount Transfers,7101.14,United Kingdom,Low,AN034,Closed,2025-12-06,8,Closed - False Positive,0.7,N
ALT06484,C01054,2025-11-28,Dormant Account Reactivation,7502.02,United Kingdom,Medium,AN037,Closed,2025-12-02,4,Closed - False Positive,1.2,N
ALT03937,C01954,2025-11-28,Unusual Activity vs Profile,4420.05,India,Medium,AN040,Closed,2025-12-06,8,Closed - False Positive,0.8,N
ALT01633,C02499,2025-11-28,Round-Amount Transfers,6302.23,Nigeria,High,AN038,Closed,2025-12-03,5,Closed - False Positive,0.6,N
ALT02302,C00600,2025-11-28,Unusual Activity vs Profile,2334.58,United Kingdom,Low,AN040,Closed,2025-12-01,3,Closed - False Positive,0.9,N
ALT02341,C00004,2025-11-28,Large Cash Deposit,20685.55,United Kingdom,High,AN039,Closed,2025-12-09,11,Closed - False Positive,0.6,N
ALT01260,C01822,2025-11-28,High-Risk Jurisdiction Transfer,25750.06,United Kingdom,High,AN038,Closed,2025-12-24,26,Escalated to Investigation,4.7,N
ALT02337,C01703,2025-11-28,Rapid Movement of Funds,2136.92,United States,Low,AN038,Closed,2025-12-01,3,Closed - False Positive,1.0,N
ALT05615,C02627,2025-11-28,Structuring,8573.11,France,Low,AN040,Closed,2025-12-08,10,Closed - False Positive,1.0,N
ALT00120,C00403,2025-11-28,Unusual Activity vs Profile,2263.5,United Kingdom,Low,AN037,Closed,2025-12-01,3,Closed - False Positive,0.5,N
ALT06444,C01021,2025-11-28,Large Cash Deposit,22113.4,United Kingdom,Low,AN037,Closed,2025-11-30,2,Closed - False Positive,0.9,N
ALT05320,C01163,2025-11-28,Unusual Activity vs Profile,57375.25,United Kingdom,High,AN036,Closed,2025-12-07,9,Closed - False Positive,0.7,N
ALT02083,C02803,2025-11-28,Unusual Activity vs Profile,8950.07,Ireland,Low,AN033,Closed,2025-12-03,5,Closed - False Positive,0.7,N
ALT02076,C00341,2025-11-28,Rapid Movement of Funds,12551.66,United Kingdom,Low,AN036,Closed,2025-12-02,4,Closed - False Positive,0.4,N
ALT04673,C00839,2025-11-28,Structuring,8002.71,United Kingdom,High,AN038,Closed,2025-12-06,8,Closed - False Positive,0.8,N
ALT05660,C02393,2025-11-28,Unusual Activity vs Profile,44752.48,France,Medium,AN039,Closed,2025-12-02,4,Closed - False Positive,1.0,N
ALT01021,C01567,2025-11-28,Structuring,9593.41,United Kingdom,High,AN037,Closed,2025-12-04,6,Closed - False Positive,0.6,N
ALT01289,C00496,2025-11-28,Round-Amount Transfers,3913.03,United Kingdom,Medium,AN036,Closed,2025-12-05,7,Closed - False Positive,0.7,N
ALT00427,C00135,2025-11-28,Round-Amount Transfers,44069.95,Ireland,Medium,AN038,Closed,2025-12-04,6,Closed - False Positive,0.4,N
ALT00613,C00246,2025-11-28,Large Cash Deposit,57842.58,Russia,High,AN034,Closed,2025-11-30,2,Closed - False Positive,1.0,N
ALT01723,C00752,2025-11-28,Rapid Movement of Funds,51840.02,United Kingdom,High,AN035,Closed,2025-12-02,4,Closed - False Positive,0.7,N
ALT02892,C00081,2025-11-28,Rapid Movement of Funds,10486.06,United Kingdom,Medium,AN035,Closed,2025-11-30,2,Closed - False Positive,0.5,N
ALT00454,C00628,2025-11-28,Unusual Activity vs Profile,412.88,United States,Medium,AN035,Closed,2025-12-01,3,Closed - False Positive,0.9,N
ALT00241,C02552,2025-11-28,Round-Amount Transfers,2738.56,United States,Medium,AN037,Closed,2025-12-01,3,Closed - False Positive,1.1,N
ALT04928,C00463,2025-11-28,Rapid Movement of Funds,70501.98,United States,High,AN039,Closed,2025-12-05,7,Closed - False Positive,0.7,N
ALT04020,C00402,2025-11-28,Rapid Movement of Funds,11810.06,United Kingdom,High,AN039,Closed,2025-12-02,4,Closed - False Positive,0.4,N
ALT02833,C00213,2025-11-28,Unusual Activity vs Profile,8310.73,United Kingdom,Medium,AN038,Closed,2025-12-05,7,Closed - False Positive,0.3,N
ALT00783,C02253,2025-11-28,Rapid Movement of Funds,10809.43,Germany,Medium,AN035,Closed,2025-12-05,7,Closed - False Positive,0.8,N
ALT02445,C01533,2025-11-29,Dormant Account Reactivation,17886.44,United Kingdom,Medium,AN038,Closed,2025-12-07,8,Closed - False Positive,1.2,N
ALT00632,C01955,2025-11-29,Unusual Activity vs Profile,4404.61,France,Medium,AN035,Closed,2025-12-03,4,Closed - False Positive,1.1,N
ALT06410,C02141,2025-11-29,Structuring,9839.0,United Kingdom,Low,AN033,Closed,2025-11-30,1,Closed - False Positive,0.7,N
ALT04071,C00250,2025-11-29,Large Cash Deposit,28633.26,Pakistan,Medium,AN036,Closed,2025-12-01,2,Closed - False Positive,0.4,N
ALT00766,C01500,2025-11-29,Large Cash Deposit,20416.13,Panama,Medium,AN034,Closed,2025-12-07,8,Closed - False Positive,1.0,N
ALT03226,C02533,2025-11-29,Unusual Activity vs Profile,52928.42,France,High,AN035,Closed,2025-12-01,2,Closed - False Positive,0.7,N
ALT04002,C02248,2025-11-29,Large Cash Deposit,46335.85,United Kingdom,High,AN040,Closed,2025-12-01,2,Closed - False Positive,1.0,N
ALT05207,C01306,2025-11-29,Rapid Movement of Funds,4074.7,United Kingdom,Low,AN036,Closed,2025-12-08,9,Closed - False Positive,0.5,N
ALT06124,C00539,2025-11-29,Large Cash Deposit,12328.93,United States,High,AN034,Closed,2025-12-02,3,Closed - False Positive,0.5,N
ALT06314,C01341,2025-11-29,Large Cash Deposit,34672.86,United Kingdom,Medium,AN038,Closed,2025-12-17,18,Closed - False Positive,1.1,N
ALT02214,C01298,2025-11-29,Unusual Activity vs Profile,16586.0,United Kingdom,High,AN033,Closed,2025-12-05,6,Closed - False Positive,0.9,N
ALT00453,C01047,2025-11-29,Rapid Movement of Funds,63789.89,United Kingdom,High,AN035,Closed,2025-12-08,9,Closed - False Positive,0.5,N
ALT00615,C02410,2025-11-29,Rapid Movement of Funds,37940.71,United Kingdom,Low,AN038,Closed,2025-12-02,3,Closed - False Positive,1.1,N
ALT00371,C01083,2025-11-29,Rapid Movement of Funds,17623.73,Cyprus,High,AN036,Closed,2025-12-06,7,Closed - False Positive,0.7,N
ALT04993,C00126,2025-11-29,Large Cash Deposit,51552.57,United States,High,AN037,Closed,2025-12-03,4,Closed - False Positive,0.9,N
ALT04043,C01697,2025-11-29,Unusual Activity vs Profile,38265.36,United Kingdom,Low,AN039,Closed,2025-12-23,24,SAR Filed,10.3,Y
ALT02438,C00625,2025-11-29,Unusual Activity vs Profile,50022.03,Ireland,High,AN034,Closed,2025-12-05,6,Closed - False Positive,1.0,N
ALT03718,C02927,2025-11-29,Unusual Activity vs Profile,9402.12,United Kingdom,Medium,AN036,Closed,2025-12-13,14,Closed - False Positive,0.5,N
ALT06232,C00248,2025-11-29,Round-Amount Transfers,12740.25,United Kingdom,Medium,AN040,Closed,2025-12-06,7,Closed - False Positive,0.7,N
ALT04362,C00762,2025-11-29,Unusual Activity vs Profile,14200.12,United Kingdom,High,AN033,Closed,2025-12-10,11,Closed - False Positive,0.8,N
ALT03710,C01963,2025-11-29,Large Cash Deposit,48198.97,United Kingdom,Low,AN039,Closed,2025-12-08,9,Closed - False Positive,0.9,N
ALT05734,C02174,2025-11-29,Rapid Movement of Funds,2955.94,Russia,Medium,AN040,Closed,2025-12-08,9,Closed - False Positive,0.5,N
ALT04070,C00555,2025-11-29,Unusual Activity vs Profile,12291.77,Panama,Low,AN034,Closed,2025-12-01,2,Closed - False Positive,0.6,N
ALT04397,C02694,2025-11-29,High-Risk Jurisdiction Transfer,23850.47,Ireland,High,AN040,Closed,2025-12-13,14,Closed - False Positive,0.7,N
ALT04908,C00246,2025-11-29,High-Risk Jurisdiction Transfer,157791.75,United States,High,AN038,Closed,2025-12-09,10,Closed - False Positive,0.8,N
ALT04751,C00839,2025-11-29,High-Risk Jurisdiction Transfer,9881.11,Panama,High,AN040,Closed,2025-12-08,9,Closed - False Positive,1.0,N
ALT06210,C00918,2025-11-29,Structuring,9572.16,India,High,AN034,Closed,2025-12-10,11,Closed - False Positive,0.4,N
ALT00450,C01954,2025-11-30,Large Cash Deposit,40671.86,Hong Kong,Medium,AN033,Closed,2025-12-01,1,Closed - False Positive,0.7,N
ALT00439,C00756,2025-11-30,Unusual Activity vs Profile,64766.12,United Kingdom,High,AN037,Closed,2025-12-03,3,Closed - False Positive,0.9,N
ALT04307,C01228,2025-11-30,Large Cash Deposit,41163.44,India,Medium,AN036,Closed,2025-12-03,3,Closed - False Positive,0.5,N
ALT01107,C00574,2025-11-30,Structuring,9773.63,United Kingdom,High,AN034,Closed,2025-12-05,5,Closed - False Positive,0.6,N
ALT01100,C01054,2025-11-30,Dormant Account Reactivation,25204.21,United States,Medium,AN037,Closed,2025-12-03,3,Closed - False Positive,1.0,N
ALT05525,C02800,2025-11-30,Dormant Account Reactivation,23585.11,India,Medium,AN035,Closed,2025-12-04,4,Closed - False Positive,1.0,N
ALT04619,C00043,2025-11-30,Dormant Account Reactivation,13700.52,United Kingdom,Low,AN035,Closed,2025-12-02,2,Closed - False Positive,0.4,N
ALT04061,C01035,2025-11-30,Round-Amount Transfers,14636.6,Cyprus,Low,AN039,Closed,2025-12-13,13,Closed - False Positive,0.9,N
ALT02120,C02974,2025-11-30,Large Cash Deposit,25112.18,United Kingdom,High,AN036,Closed,2025-12-01,1,Closed - False Positive,0.4,N
ALT01179,C02455,2025-11-30,Large Cash Deposit,12308.94,United Kingdom,Low,AN033,Closed,2025-12-03,3,Closed - False Positive,0.7,N
ALT00124,C02366,2025-11-30,Round-Amount Transfers,2963.19,France,Low,AN038,Closed,2025-12-03,3,Closed - False Positive,0.8,N
ALT01539,C01410,2025-11-30,Large Cash Deposit,47942.65,Ireland,High,AN040,Closed,2025-12-11,11,Closed - False Positive,0.8,N
ALT00275,C01239,2025-11-30,Structuring,7847.2,United Kingdom,Medium,AN039,Closed,2025-12-02,2,Closed - False Positive,0.8,N
ALT01974,C00156,2025-11-30,Structuring,7216.93,United Kingdom,Low,AN033,Closed,2025-12-02,2,Closed - False Positive,0.5,N
ALT02598,C00149,2025-11-30,Unusual Activity vs Profile,5272.57,Hong Kong,Medium,AN036,Closed,2025-12-12,12,Closed - False Positive,0.5,N
ALT00976,C00184,2025-11-30,Large Cash Deposit,11224.9,United Kingdom,Medium,AN040,Closed,2025-12-01,1,Closed - False Positive,0.4,N
ALT00982,C01050,2025-11-30,Rapid Movement of Funds,1339.43,Germany,Medium,AN040,Closed,2025-12-06,6,Closed - False Positive,1.1,N
ALT01569,C02322,2025-11-30,Unusual Activity vs Profile,22232.74,United Kingdom,Medium,AN033,Closed,2025-12-03,3,Closed - False Positive,0.4,N
ALT01220,C02594,2025-11-30,Structuring,9689.16,Cyprus,Medium,AN036,Closed,2025-12-09,9,Closed - False Positive,0.8,N
ALT00993,C02253,2025-11-30,Large Cash Deposit,52147.44,United Kingdom,High,AN034,Closed,2025-12-09,9,Closed - False Positive,0.9,N
ALT05107,C00753,2025-11-30,High-Risk Jurisdiction Transfer,7882.43,United Kingdom,High,AN036,Closed,2025-12-05,5,Closed - False Positive,0.5,N
ALT02270,C00210,2025-11-30,Structuring,8725.81,United Kingdom,Medium,AN034,Closed,2025-12-04,4,Closed - False Positive,0.9,N
ALT02937,C02118,2025-11-30,Dormant Account Reactivation,12857.6,United Kingdom,High,AN036,Closed,2025-12-20,20,Escalated to Investigation,12.0,N
ALT05250,C02625,2025-11-30,Rapid Movement of Funds,3161.73,United Kingdom,Medium,AN039,Closed,2025-12-15,15,Escalated to Investigation,10.3,N
ALT06061,C00917,2025-11-30,Round-Amount Transfers,22297.04,United Kingdom,Low,AN034,Closed,2025-12-08,8,Closed - False Positive,1.0,N
ALT00649,C01878,2025-11-30,Rapid Movement of Funds,21850.86,France,High,AN034,Closed,2025-12-09,9,Closed - False Positive,1.0,N
ALT03990,C01923,2025-11-30,Unusual Activity vs Profile,31070.9,Panama,Low,AN036,Closed,2025-12-02,2,Closed - False Positive,0.8,N
ALT05595,C01385,2025-11-30,Unusual Activity vs Profile,8023.81,United Kingdom,Medium,AN034,Closed,2025-12-06,6,Closed - False Positive,0.4,N
ALT03918,C01772,2025-12-01,Round-Amount Transfers,2799.58,United Kingdom,Medium,AN037,Closed,2025-12-05,4,Closed - False Positive,0.8,N
ALT00013,C01163,2025-12-01,Large Cash Deposit,59458.47,United Kingdom,High,AN039,Closed,2025-12-08,7,Closed - False Positive,0.8,N
ALT04753,C02553,2025-12-01,Rapid Movement of Funds,21869.66,United Kingdom,Medium,AN035,Closed,2025-12-08,7,Closed - False Positive,1.1,N
ALT06266,C01661,2025-12-01,Large Cash Deposit,15006.27,United Kingdom,Low,AN034,Closed,2025-12-05,4,Closed - False Positive,1.2,N
ALT02151,C01186,2025-12-01,Large Cash Deposit,23985.79,United States,Medium,AN038,Closed,2025-12-13,12,Closed - False Positive,0.5,N
ALT04519,C00944,2025-12-01,Rapid Movement of Funds,12119.56,United Kingdom,Medium,AN040,Closed,2025-12-07,6,Closed - False Positive,0.7,N
ALT05893,C00315,2025-12-01,Unusual Activity vs Profile,47792.15,United Kingdom,Medium,AN039,Closed,2025-12-26,25,Closed - False Positive,0.7,N
ALT00177,C01092,2025-12-01,Unusual Activity vs Profile,30389.57,United Kingdom,Medium,AN038,Closed,2025-12-07,6,Closed - False Positive,0.7,N
ALT00192,C01120,2025-12-01,Dormant Account Reactivation,20645.19,United Kingdom,Low,AN033,Closed,2025-12-12,11,Closed - False Positive,0.6,N
ALT05864,C00611,2025-12-01,Structuring,7150.18,Pakistan,High,AN037,Closed,2025-12-14,13,Closed - False Positive,0.8,N
ALT00945,C00812,2025-12-01,Unusual Activity vs Profile,17141.45,UAE,High,AN040,Closed,2025-12-03,2,Closed - False Positive,0.4,N
ALT02383,C01371,2025-12-01,Large Cash Deposit,44466.98,United Kingdom,Medium,AN038,Closed,2025-12-03,2,Closed - False Positive,0.9,N
ALT03773,C01488,2025-12-01,High-Risk Jurisdiction Transfer,9595.03,United Kingdom,Medium,AN035,Closed,2025-12-07,6,Closed - False Positive,0.6,N
ALT02552,C01314,2025-12-01,Large Cash Deposit,34270.4,United Kingdom,High,AN036,Closed,2025-12-08,7,Closed - False Positive,0.7,N
ALT00817,C02976,2025-12-01,Unusual Activity vs Profile,2051.8,United Kingdom,Low,AN040,Closed,2025-12-02,1,Closed - False Positive,0.6,N
ALT03574,C02818,2025-12-01,Unusual Activity vs Profile,7392.55,India,Low,AN034,Closed,2025-12-11,10,Closed - False Positive,0.7,N
ALT02435,C00983,2025-12-01,High-Risk Jurisdiction Transfer,6699.41,United States,High,AN040,Closed,2025-12-09,8,Closed - False Positive,0.9,N
ALT01579,C01887,2025-12-01,Dormant Account Reactivation,17266.26,Pakistan,Medium,AN038,Closed,2025-12-05,4,Closed - False Positive,0.3,N
ALT01693,C00836,2025-12-01,Structuring,7093.32,Nigeria,Medium,AN039,Closed,2025-12-18,17,Closed - False Positive,0.8,N
ALT05113,C00060,2025-12-01,Rapid Movement of Funds,9667.72,United Kingdom,High,AN040,Closed,2025-12-08,7,Closed - False Positive,1.0,N
ALT01326,C02305,2025-12-01,Rapid Movement of Funds,8927.22,France,Medium,AN040,Closed,2025-12-07,6,Closed - False Positive,1.0,N
ALT01438,C00378,2025-12-01,Large Cash Deposit,56390.87,United States,High,AN036,Closed,2025-12-15,14,Closed - False Positive,1.0,N
ALT04855,C00343,2025-12-01,Large Cash Deposit,38843.53,United Kingdom,High,AN037,Open,,,Under Review,5.7,N
ALT05454,C00716,2025-12-02,Round-Amount Transfers,14363.77,United Kingdom,High,AN033,Closed,2025-12-11,9,Closed - False Positive,0.9,N
ALT05553,C01737,2025-12-02,Unusual Activity vs Profile,8538.07,United States,Low,AN033,Closed,2025-12-04,2,Closed - False Positive,0.4,N
ALT01531,C01725,2025-12-02,Rapid Movement of Funds,6338.16,India,Low,AN033,Closed,2025-12-07,5,Closed - False Positive,0.9,N
ALT01341,C01855,2025-12-02,Unusual Activity vs Profile,30227.0,United Kingdom,Medium,AN034,Closed,2025-12-05,3,Closed - False Positive,0.5,N
ALT04363,C00114,2025-12-02,Large Cash Deposit,44574.31,United Kingdom,Medium,AN038,Closed,2025-12-06,4,Closed - False Positive,1.1,N
ALT04954,C02865,2025-12-02,High-Risk Jurisdiction Transfer,21313.49,United Kingdom,Medium,AN035,Closed,2025-12-03,1,Closed - False Positive,0.8,N
ALT05445,C02496,2025-12-02,Unusual Activity vs Profile,7570.77,United Kingdom,High,AN038,Closed,2025-12-07,5,Closed - False Positive,1.1,N
ALT02412,C02325,2025-12-02,Structuring,7105.36,Nigeria,Medium,AN034,Closed,2025-12-24,22,Escalated to Investigation,11.0,N
ALT00638,C00796,2025-12-02,Structuring,9689.78,United Kingdom,Medium,AN038,Closed,2025-12-06,4,Closed - False Positive,1.0,N
ALT00286,C01086,2025-12-02,Unusual Activity vs Profile,26595.16,United Kingdom,High,AN037,Closed,2025-12-12,10,Closed - False Positive,0.6,N
ALT04186,C02255,2025-12-02,Large Cash Deposit,21336.11,United Kingdom,Medium,AN037,Closed,2025-12-23,21,SAR Filed,7.8,Y
ALT06182,C02928,2025-12-02,High-Risk Jurisdiction Transfer,23440.82,United Kingdom,High,AN034,Closed,2025-12-07,5,Closed - False Positive,0.7,N
ALT02701,C01118,2025-12-02,Rapid Movement of Funds,22413.36,United Kingdom,Low,AN036,Closed,2025-12-06,4,Closed - False Positive,0.3,N
ALT02946,C02997,2025-12-02,Rapid Movement of Funds,13240.65,United Kingdom,Low,AN039,Closed,2025-12-07,5,Closed - False Positive,0.8,N
ALT06095,C02941,2025-12-02,Dormant Account Reactivation,5958.48,Ireland,Low,AN035,Closed,2025-12-05,3,Closed - False Positive,1.1,N
ALT03274,C02147,2025-12-02,Rapid Movement of Funds,6727.66,United Kingdom,Low,AN035,Closed,2025-12-05,3,Closed - False Positive,0.9,N
ALT04039,C02983,2025-12-02,Large Cash Deposit,19807.91,United Kingdom,Low,AN035,Closed,2025-12-04,2,Closed - False Positive,0.8,N
ALT00705,C01549,2025-12-02,High-Risk Jurisdiction Transfer,38046.58,United Kingdom,Low,AN034,Closed,2025-12-06,4,Closed - False Positive,0.4,N
ALT01279,C02550,2025-12-02,Unusual Activity vs Profile,79930.6,United Kingdom,High,AN034,Closed,2025-12-12,10,Closed - False Positive,1.0,N
ALT00156,C01012,2025-12-02,High-Risk Jurisdiction Transfer,29562.28,United Kingdom,Low,AN035,Closed,2025-12-10,8,Closed - False Positive,0.4,N
ALT02887,C00762,2025-12-02,Large Cash Deposit,51005.27,India,High,AN034,Closed,2025-12-09,7,Closed - False Positive,0.6,N
ALT01226,C02007,2025-12-03,Structuring,7895.09,Ireland,Medium,AN036,Closed,2025-12-16,13,Closed - False Positive,1.1,N
ALT04723,C00342,2025-12-03,High-Risk Jurisdiction Transfer,151306.74,United Kingdom,High,AN039,Closed,2025-12-06,3,Closed - False Positive,0.7,N
ALT03839,C01288,2025-12-03,Unusual Activity vs Profile,10174.3,United Kingdom,Low,AN038,Closed,2025-12-21,18,Closed - False Positive,0.6,N
ALT05351,C02860,2025-12-03,Structuring,8297.58,United Kingdom,High,AN036,Closed,2025-12-20,17,Escalated to Investigation,6.2,N
ALT05869,C01292,2025-12-03,Round-Amount Transfers,25966.79,United Kingdom,High,AN035,Closed,2025-12-07,4,Closed - False Positive,0.7,N
ALT02824,C01474,2025-12-03,Rapid Movement of Funds,19407.87,Hong Kong,Medium,AN040,Closed,2025-12-22,19,Escalated to Investigation,4.9,N
ALT03017,C01529,2025-12-03,High-Risk Jurisdiction Transfer,7194.09,United Kingdom,Medium,AN039,Closed,2025-12-08,5,Closed - False Positive,1.0,N
ALT03476,C00443,2025-12-03,Rapid Movement of Funds,10911.98,United Kingdom,Medium,AN039,Open,,,Under Review,3.7,N
ALT01418,C02045,2025-12-03,Large Cash Deposit,30846.03,United States,Medium,AN038,Closed,2025-12-07,4,Closed - False Positive,0.3,N
ALT06117,C01556,2025-12-03,Unusual Activity vs Profile,223836.87,India,High,AN037,Closed,2025-12-09,6,Closed - False Positive,0.8,N
ALT05908,C02649,2025-12-03,Round-Amount Transfers,5345.94,Ireland,Medium,AN035,Closed,2025-12-06,3,Closed - False Positive,0.7,N
ALT00077,C00420,2025-12-03,Large Cash Deposit,46530.99,United Kingdom,High,AN034,Closed,2025-12-18,15,Closed - False Positive,0.8,N
ALT01474,C00435,2025-12-03,Round-Amount Transfers,3310.42,India,Medium,AN040,Closed,2025-12-11,8,Closed - False Positive,0.6,N
ALT06423,C00410,2025-12-03,High-Risk Jurisdiction Transfer,6810.6,United Kingdom,Low,AN039,Closed,2025-12-08,5,Closed - False Positive,0.4,N
ALT00500,C01031,2025-12-03,High-Risk Jurisdiction Transfer,1717.06,Ireland,Low,AN034,Closed,2025-12-13,10,Closed - False Positive,0.4,N
ALT01577,C00521,2025-12-03,High-Risk Jurisdiction Transfer,11843.0,United Kingdom,Medium,AN036,Closed,2025-12-13,10,Closed - False Positive,0.7,N
ALT00273,C00746,2025-12-03,Dormant Account Reactivation,17308.37,United States,Low,AN038,Closed,2025-12-04,1,Closed - False Positive,0.9,N
ALT04269,C00216,2025-12-03,High-Risk Jurisdiction Transfer,32675.36,United Kingdom,Medium,AN038,Closed,2025-12-10,7,Closed - False Positive,1.2,N
ALT05946,C01033,2025-12-03,High-Risk Jurisdiction Transfer,35072.76,United Kingdom,Low,AN039,Closed,2025-12-05,2,Closed - False Positive,0.6,N
ALT04028,C00505,2025-12-03,Dormant Account Reactivation,7103.74,Hong Kong,Low,AN033,Closed,2025-12-10,7,Closed - False Positive,0.7,N
ALT06310,C02792,2025-12-03,Rapid Movement of Funds,66409.95,United Kingdom,High,AN037,Closed,2025-12-14,11,Escalated to Investigation,4.4,N
ALT02885,C01128,2025-12-03,Dormant Account Reactivation,3018.08,United Kingdom,Medium,AN040,Closed,2025-12-13,10,Closed - False Positive,0.8,N
ALT04916,C02413,2025-12-03,Rapid Movement of Funds,17292.23,United Kingdom,Low,AN038,Closed,2025-12-10,7,Closed - False Positive,0.4,N
ALT03705,C02888,2025-12-03,Unusual Activity vs Profile,5417.84,France,Medium,AN036,Closed,2025-12-06,3,Closed - False Positive,1.0,N
ALT03283,C02022,2025-12-03,High-Risk Jurisdiction Transfer,9211.91,United Kingdom,Medium,AN035,Closed,2025-12-09,6,Closed - False Positive,1.1,N
ALT06028,C01120,2025-12-03,High-Risk Jurisdiction Transfer,2778.26,United Kingdom,Low,AN037,Closed,2025-12-22,19,SAR Filed,4.3,Y
ALT05144,C01500,2025-12-03,Rapid Movement of Funds,16496.76,France,Medium,AN036,Closed,2025-12-08,5,Closed - False Positive,0.7,N
ALT05447,C00004,2025-12-04,Unusual Activity vs Profile,53421.74,United Kingdom,High,AN036,Open,,,Under Review,10.0,N
ALT00188,C00640,2025-12-04,Rapid Movement of Funds,15861.79,Pakistan,Low,AN036,Closed,2025-12-07,3,Closed - False Positive,0.7,N
ALT04983,C01873,2025-12-04,Rapid Movement of Funds,2517.41,India,Low,AN036,Closed,2025-12-13,9,Closed - False Positive,0.3,N
ALT00943,C00769,2025-12-04,High-Risk Jurisdiction Transfer,58265.87,Ireland,High,AN038,Open,,,Under Review,7.4,N
ALT02219,C00665,2025-12-04,High-Risk Jurisdiction Transfer,8486.98,United Kingdom,High,AN038,Closed,2025-12-12,8,Closed - False Positive,0.4,N
ALT01410,C02586,2025-12-04,High-Risk Jurisdiction Transfer,8275.72,United Kingdom,Low,AN037,Closed,2025-12-16,12,Closed - False Positive,1.1,N
ALT05424,C02550,2025-12-04,High-Risk Jurisdiction Transfer,8694.99,India,High,AN040,Closed,2025-12-09,5,Closed - False Positive,0.4,N
ALT05437,C02186,2025-12-04,Large Cash Deposit,33780.96,United Kingdom,Low,AN034,Closed,2025-12-09,5,Closed - False Positive,0.5,N
ALT04681,C00427,2025-12-04,High-Risk Jurisdiction Transfer,29430.77,United Kingdom,Medium,AN038,Closed,2025-12-09,5,Closed - False Positive,0.8,N
ALT06495,C01532,2025-12-04,Structuring,8879.85,France,High,AN039,Closed,2025-12-25,21,Closed - False Positive,0.3,N
ALT03248,C02045,2025-12-04,Dormant Account Reactivation,28507.98,United Kingdom,Medium,AN034,Closed,2025-12-05,1,Closed - False Positive,1.0,N
ALT04929,C02023,2025-12-04,Round-Amount Transfers,4572.89,United Kingdom,Medium,AN040,Closed,2025-12-08,4,Closed - False Positive,0.8,N
ALT05978,C00288,2025-12-04,Structuring,9015.34,Nigeria,Low,AN034,Closed,2025-12-15,11,Closed - False Positive,1.2,N
ALT05885,C00237,2025-12-04,Unusual Activity vs Profile,7039.3,United Kingdom,Medium,AN034,Closed,2025-12-10,6,Closed - False Positive,1.0,N
ALT03100,C01734,2025-12-04,Structuring,7324.87,United Kingdom,Medium,AN037,Closed,2025-12-10,6,Closed - False Positive,1.1,N
ALT02409,C02695,2025-12-04,High-Risk Jurisdiction Transfer,20550.43,Cyprus,High,AN038,Closed,2025-12-07,3,Closed - False Positive,0.8,N
ALT05935,C02037,2025-12-04,Unusual Activity vs Profile,28883.91,United Kingdom,Low,AN037,Closed,2025-12-13,9,Closed - False Positive,0.8,N
ALT04780,C01276,2025-12-04,Structuring,7569.56,Nigeria,Medium,AN033,Closed,2025-12-17,13,Closed - False Positive,1.0,N
ALT03723,C00702,2025-12-04,High-Risk Jurisdiction Transfer,25904.18,United Kingdom,High,AN037,Closed,2025-12-05,1,Closed - False Positive,0.7,N
ALT00724,C01613,2025-12-04,High-Risk Jurisdiction Transfer,3211.15,United Kingdom,High,AN034,Closed,2025-12-13,9,Closed - False Positive,0.4,N
ALT02753,C02604,2025-12-04,Dormant Account Reactivation,10872.88,United Kingdom,Low,AN038,Closed,2025-12-10,6,Closed - False Positive,0.8,N
ALT02297,C02961,2025-12-04,Dormant Account Reactivation,17501.85,United Kingdom,Medium,AN036,Closed,2025-12-14,10,Closed - False Positive,0.5,N
ALT05377,C01192,2025-12-04,High-Risk Jurisdiction Transfer,15857.19,United States,Medium,AN036,Closed,2025-12-07,3,Closed - False Positive,0.7,N
ALT06289,C00271,2025-12-05,Unusual Activity vs Profile,31215.85,United Kingdom,Low,AN035,Closed,2025-12-10,5,Closed - False Positive,1.0,N
ALT01722,C00925,2025-12-05,Unusual Activity vs Profile,48533.4,Nigeria,Low,AN034,Closed,2025-12-06,1,Closed - False Positive,0.8,N
ALT00472,C00716,2025-12-05,High-Risk Jurisdiction Transfer,9570.24,Nigeria,High,AN037,Closed,2025-12-12,7,Closed - False Positive,0.7,N
ALT02948,C00525,2025-12-05,Structuring,9083.34,United Kingdom,Medium,AN034,Closed,2025-12-10,5,Closed - False Positive,0.9,N
ALT04736,C02284,2025-12-05,High-Risk Jurisdiction Transfer,25292.53,United Kingdom,High,AN034,Closed,2025-12-12,7,Closed - False Positive,1.2,N
ALT05947,C02388,2025-12-05,Unusual Activity vs Profile,24180.93,India,Medium,AN040,Closed,2025-12-12,7,Closed - False Positive,0.5,N
ALT05075,C01876,2025-12-05,Structuring,7590.66,Russia,Medium,AN040,Closed,2025-12-10,5,Closed - False Positive,1.2,N
ALT00794,C00127,2025-12-05,High-Risk Jurisdiction Transfer,29868.31,United Kingdom,Low,AN038,Closed,2025-12-09,4,Closed - False Positive,0.8,N
ALT05156,C02581,2025-12-05,Unusual Activity vs Profile,151935.12,India,High,AN036,Closed,2025-12-10,5,Closed - False Positive,0.7,N
ALT01584,C02565,2025-12-05,Large Cash Deposit,10594.37,United Kingdom,Medium,AN037,Closed,2025-12-09,4,Closed - False Positive,0.3,N
ALT03353,C02565,2025-12-05,Large Cash Deposit,40893.86,India,Medium,AN040,Closed,2025-12-08,3,Closed - False Positive,0.6,N
ALT06114,C00229,2025-12-05,Structuring,7040.92,United Kingdom,Low,AN037,Closed,2025-12-09,4,Closed - False Positive,1.0,N
ALT01759,C00969,2025-12-05,Rapid Movement of Funds,58443.54,United Kingdom,High,AN035,Closed,2025-12-23,18,Closed - False Positive,1.2,N
ALT05934,C02913,2025-12-05,Rapid Movement of Funds,187922.99,United Kingdom,High,AN035,Closed,2025-12-09,4,Closed - False Positive,0.4,N
ALT04294,C00706,2025-12-05,Rapid Movement of Funds,29397.02,United Kingdom,Medium,AN035,Closed,2025-12-20,15,Closed - False Positive,0.9,N
ALT05626,C01613,2025-12-05,High-Risk Jurisdiction Transfer,23301.21,Nigeria,High,AN034,Closed,2025-12-20,15,Closed - False Positive,0.4,N
ALT03003,C02695,2025-12-06,Rapid Movement of Funds,25211.53,United Kingdom,High,AN033,Closed,2025-12-13,7,Closed - False Positive,0.7,N
ALT00742,C02442,2025-12-06,High-Risk Jurisdiction Transfer,1034.7,United Kingdom,Low,AN037,Closed,2025-12-22,16,Closed - False Positive,0.9,N
ALT04931,C02482,2025-12-06,Unusual Activity vs Profile,2109.71,United Kingdom,High,AN037,Closed,2025-12-08,2,Closed - False Positive,0.6,N
ALT00761,C02406,2025-12-06,Rapid Movement of Funds,24195.92,United Kingdom,Medium,AN039,Closed,2025-12-09,3,Closed - False Positive,0.7,N
ALT03260,C02590,2025-12-06,Rapid Movement of Funds,12657.82,United Kingdom,Medium,AN035,Closed,2025-12-08,2,Closed - False Positive,1.0,N
ALT04837,C00079,2025-12-06,Unusual Activity vs Profile,21526.92,United Kingdom,Low,AN033,Closed,2025-12-07,1,Closed - False Positive,0.4,N
ALT03203,C01703,2025-12-06,Rapid Movement of Funds,7688.38,United Kingdom,Low,AN036,Closed,2025-12-08,2,Closed - False Positive,0.5,N
ALT01047,C01119,2025-12-06,Unusual Activity vs Profile,35659.83,Ireland,Low,AN035,Closed,2025-12-11,5,Closed - False Positive,0.8,N
ALT05279,C00045,2025-12-06,Structuring,7009.69,United Kingdom,Low,AN034,Closed,2025-12-12,6,Closed - False Positive,0.9,N
ALT03149,C00184,2025-12-06,Structuring,9575.44,United Kingdom,Medium,AN039,Closed,2025-12-17,11,Closed - False Positive,0.9,N
ALT05678,C02792,2025-12-06,Large Cash Deposit,30628.88,Cyprus,Medium,AN038,Closed,2025-12-12,6,Closed - False Positive,0.6,N
ALT05818,C01047,2025-12-06,Rapid Movement of Funds,7225.84,United Kingdom,High,AN034,Closed,2025-12-13,7,Closed - False Positive,0.8,N
ALT05686,C02695,2025-12-06,High-Risk Jurisdiction Transfer,2975.33,Germany,High,AN033,Closed,2025-12-22,16,Closed - False Positive,1.0,N
ALT02446,C01824,2025-12-06,Large Cash Deposit,49994.78,United Kingdom,Low,AN036,Closed,2025-12-18,12,Closed - False Positive,0.5,N
ALT05003,C00642,2025-12-06,Rapid Movement of Funds,18632.24,India,Low,AN034,Closed,2025-12-11,5,Closed - False Positive,0.4,N
ALT03097,C02027,2025-12-06,Large Cash Deposit,57344.19,India,High,AN038,Closed,2025-12-24,18,Closed - False Positive,0.8,N
ALT01648,C00441,2025-12-06,Unusual Activity vs Profile,26339.48,United Kingdom,High,AN033,Open,,,Under Review,3.7,N
ALT06407,C02594,2025-12-06,Rapid Movement of Funds,7245.25,United Kingdom,Medium,AN038,Closed,2025-12-10,4,Closed - False Positive,0.4,N
ALT02525,C00929,2025-12-06,Round-Amount Transfers,7388.04,France,Low,AN039,Closed,2025-12-10,4,Closed - False Positive,1.2,N
ALT05478,C01500,2025-12-06,Unusual Activity vs Profile,2157.27,Panama,Low,AN035,Closed,2025-12-08,2,Closed - False Positive,1.0,N
ALT03606,C00765,2025-12-06,Rapid Movement of Funds,691.77,United Kingdom,Low,AN033,Closed,2025-12-19,13,Closed - False Positive,0.4,N
ALT04302,C01467,2025-12-06,Dormant Account Reactivation,6884.36,United Kingdom,Medium,AN033,Closed,2025-12-22,16,Closed - False Positive,0.7,N
ALT06361,C02620,2025-12-06,Large Cash Deposit,35665.51,United Kingdom,Medium,AN034,Closed,2025-12-22,16,Closed - False Positive,0.8,N
ALT01754,C00659,2025-12-06,Unusual Activity vs Profile,10405.55,United Kingdom,Low,AN033,Closed,2025-12-16,10,Closed - False Positive,0.9,N
ALT04695,C01467,2025-12-06,Large Cash Deposit,49681.38,United Kingdom,Low,AN039,Closed,2025-12-10,4,Closed - False Positive,0.5,N
ALT01193,C00017,2025-12-06,Dormant Account Reactivation,7239.7,United Kingdom,High,AN040,Closed,2025-12-07,1,Closed - False Positive,0.5,N
ALT06093,C01707,2025-12-06,Large Cash Deposit,12658.0,United Kingdom,Medium,AN038,Closed,2025-12-09,3,Closed - False Positive,0.4,N
ALT04700,C02212,2025-12-06,Rapid Movement of Funds,142529.66,United Kingdom,High,AN033,Closed,2025-12-13,7,Closed - False Positive,0.9,N
ALT04977,C02294,2025-12-06,Unusual Activity vs Profile,13899.4,United Kingdom,Medium,AN039,Closed,2025-12-22,16,Escalated to Investigation,8.2,N
ALT03957,C00929,2025-12-06,Large Cash Deposit,32120.83,United Kingdom,Low,AN035,Closed,2025-12-15,9,SAR Filed,6.3,Y
ALT06142,C00998,2025-12-06,Unusual Activity vs Profile,2609.34,United Kingdom,High,AN034,Closed,2025-12-15,9,Closed - False Positive,1.1,N
ALT03854,C02350,2025-12-06,Rapid Movement of Funds,16392.25,France,Medium,AN039,Closed,2025-12-08,2,Closed - False Positive,0.8,N
ALT01221,C02292,2025-12-06,Large Cash Deposit,54005.12,United Kingdom,High,AN040,Closed,2025-12-07,1,Closed - False Positive,0.3,N
ALT00373,C00839,2025-12-06,Rapid Movement of Funds,9185.04,Nigeria,High,AN039,Closed,2025-12-11,5,Closed - False Positive,0.8,N
ALT06112,C01046,2025-12-06,Unusual Activity vs Profile,15220.63,United Kingdom,Medium,AN036,Closed,2025-12-08,2,Closed - False Positive,1.0,N
ALT01713,C01953,2025-12-06,Large Cash Deposit,40207.61,Germany,Medium,AN039,Closed,2025-12-12,6,Closed - False Positive,0.6,N
ALT02635,C02675,2025-12-06,Rapid Movement of Funds,32566.2,United Kingdom,High,AN033,Closed,2025-12-14,8,Closed - False Positive,1.2,N
ALT05948,C02114,2025-12-06,Unusual Activity vs Profile,2281.4,United Kingdom,Medium,AN037,Closed,2025-12-21,15,Closed - False Positive,1.1,N
ALT04127,C01216,2025-12-06,Structuring,7648.07,United Kingdom,Low,AN034,Closed,2025-12-13,7,Closed - False Positive,1.1,N
ALT04716,C00702,2025-12-06,High-Risk Jurisdiction Transfer,5367.82,United Kingdom,High,AN034,Closed,2025-12-23,17,SAR Filed,10.8,Y
ALT01856,C01878,2025-12-07,Unusual Activity vs Profile,12161.73,India,High,AN037,Closed,2025-12-11,4,Closed - False Positive,0.8,N
ALT06303,C02037,2025-12-07,High-Risk Jurisdiction Transfer,58855.02,United Kingdom,High,AN037,Closed,2025-12-21,14,Closed - False Positive,0.6,N
ALT02901,C00817,2025-12-07,Round-Amount Transfers,7396.25,United Kingdom,Medium,AN035,Closed,2025-12-18,11,Closed - False Positive,0.4,N
ALT03630,C02545,2025-12-07,Large Cash Deposit,39369.22,United Kingdom,Low,AN034,Closed,2025-12-11,4,Closed - False Positive,0.5,N
ALT06476,C02782,2025-12-07,Rapid Movement of Funds,42801.21,Ireland,Medium,AN037,Closed,2025-12-10,3,Closed - False Positive,0.6,N
ALT00611,C02336,2025-12-07,Rapid Movement of Funds,45403.04,United Kingdom,High,AN037,Closed,2025-12-10,3,Closed - False Positive,1.2,N
ALT05410,C00179,2025-12-07,Rapid Movement of Funds,6981.08,United Kingdom,High,AN040,Closed,2025-12-25,18,Closed - False Positive,0.5,N
ALT04880,C00232,2025-12-07,Round-Amount Transfers,11656.98,United Kingdom,Low,AN037,Closed,2025-12-09,2,Closed - False Positive,0.9,N
ALT04738,C01605,2025-12-07,Structuring,8610.84,Ireland,Medium,AN033,Open,,,Under Review,12.4,N
ALT00564,C01160,2025-12-07,Round-Amount Transfers,17063.91,Russia,Low,AN037,Closed,2025-12-13,6,Closed - False Positive,0.8,N
ALT05461,C02860,2025-12-07,Structuring,9584.69,United Kingdom,High,AN039,Closed,2025-12-09,2,Closed - False Positive,0.7,N
ALT01546,C01725,2025-12-07,High-Risk Jurisdiction Transfer,44490.34,United Kingdom,Medium,AN033,Closed,2025-12-10,3,Closed - False Positive,1.2,N
ALT06035,C02427,2025-12-07,Rapid Movement of Funds,6142.16,United States,Low,AN033,Closed,2025-12-09,2,Closed - False Positive,0.9,N
ALT04646,C02792,2025-12-07,High-Risk Jurisdiction Transfer,9156.99,United Kingdom,Medium,AN039,Closed,2025-12-10,3,Closed - False Positive,1.0,N
ALT01686,C00611,2025-12-07,Structuring,7984.94,Pakistan,High,AN040,Closed,2025-12-14,7,Closed - False Positive,0.4,N
ALT03640,C01362,2025-12-07,High-Risk Jurisdiction Transfer,62889.82,France,High,AN036,Closed,2025-12-15,8,Closed - False Positive,0.5,N
ALT02226,C00063,2025-12-07,Large Cash Deposit,27426.49,United Kingdom,Low,AN039,Closed,2025-12-12,5,Closed - False Positive,1.0,N
ALT04208,C00852,2025-12-07,High-Risk Jurisdiction Transfer,24751.25,United Kingdom,Medium,AN038,Closed,2025-12-19,12,SAR Filed,10.1,Y
ALT04771,C01682,2025-12-07,Large Cash Deposit,19932.92,United Kingdom,Low,AN038,Closed,2025-12-11,4,Closed - False Positive,0.6,N
ALT01069,C00643,2025-12-07,Rapid Movement of Funds,30272.76,United Kingdom,High,AN039,Closed,2025-12-10,3,Closed - False Positive,0.3,N
ALT01934,C00389,2025-12-07,Round-Amount Transfers,9380.22,United Kingdom,Medium,AN036,Closed,2025-12-23,16,Closed - False Positive,0.5,N
ALT01064,C02104,2025-12-07,Dormant Account Reactivation,30184.42,United Kingdom,Low,AN039,Closed,2025-12-14,7,Closed - False Positive,1.0,N
ALT02111,C00250,2025-12-07,Rapid Movement of Funds,22077.89,United Kingdom,Medium,AN034,Closed,2025-12-13,6,Closed - False Positive,1.1,N
ALT05740,C02926,2025-12-07,Structuring,9453.81,United Kingdom,Low,AN040,Closed,2025-12-23,16,Closed - False Positive,1.1,N
ALT05186,C01126,2025-12-08,Structuring,7188.05,United Kingdom,Medium,AN036,Closed,2025-12-12,4,Closed - False Positive,0.4,N
ALT02776,C02356,2025-12-08,Rapid Movement of Funds,1904.05,United Kingdom,High,AN040,Closed,2025-12-22,14,Escalated to Investigation,9.7,N
ALT06323,C00827,2025-12-08,High-Risk Jurisdiction Transfer,38600.61,United Kingdom,Low,AN033,Closed,2025-12-29,21,Closed - False Positive,0.5,N
ALT06078,C00497,2025-12-08,Structuring,7820.0,Ireland,Medium,AN039,Closed,2025-12-13,5,Closed - False Positive,1.0,N
ALT02884,C00611,2025-12-08,Round-Amount Transfers,20329.44,Pakistan,High,AN039,Closed,2025-12-18,10,Closed - False Positive,0.7,N
ALT01360,C01090,2025-12-08,High-Risk Jurisdiction Transfer,6867.02,United Kingdom,Medium,AN033,Closed,2025-12-22,14,Closed - False Positive,0.6,N
ALT06382,C02012,2025-12-08,Unusual Activity vs Profile,126924.22,United Kingdom,High,AN033,Closed,2025-12-30,22,Closed - False Positive,0.9,N
ALT04650,C01682,2025-12-08,Rapid Movement of Funds,8291.63,Hong Kong,Medium,AN039,Closed,2025-12-11,3,Closed - False Positive,0.8,N
ALT00139,C02007,2025-12-08,Unusual Activity vs Profile,2494.65,United Kingdom,Medium,AN036,Closed,2025-12-19,11,Closed - False Positive,0.4,N
ALT01351,C02142,2025-12-08,Unusual Activity vs Profile,8844.38,Nigeria,Medium,AN033,Closed,2025-12-11,3,Closed - False Positive,0.7,N
ALT03278,C02406,2025-12-08,Rapid Movement of Funds,9338.09,United Kingdom,Medium,AN036,Closed,2025-12-15,7,Closed - False Positive,0.6,N
ALT02347,C00973,2025-12-08,Round-Amount Transfers,74671.57,United Kingdom,High,AN036,Closed,2025-12-20,12,Closed - False Positive,1.1,N
ALT05001,C01274,2025-12-08,Unusual Activity vs Profile,40204.31,Pakistan,High,AN033,Closed,2025-12-11,3,Closed - False Positive,0.4,N
ALT00641,C02149,2025-12-08,Structuring,9156.98,United Kingdom,Low,AN034,Closed,2025-12-14,6,Closed - False Positive,0.4,N
ALT05899,C01734,2025-12-08,Structuring,8347.62,United Kingdom,Low,AN038,Closed,2025-12-12,4,Closed - False Positive,1.0,N
ALT02586,C01104,2025-12-08,Rapid Movement of Funds,50329.08,Nigeria,High,AN037,Closed,2025-12-13,5,Closed - False Positive,0.4,N
ALT05054,C00865,2025-12-08,Structuring,9782.77,Russia,High,AN033,Closed,2025-12-18,10,Closed - False Positive,0.6,N
ALT06125,C01918,2025-12-08,Unusual Activity vs Profile,4649.68,United Kingdom,Low,AN033,Closed,2025-12-16,8,Closed - False Positive,1.0,N
ALT03856,C02666,2025-12-08,Structuring,9042.51,United Kingdom,High,AN037,Closed,2025-12-17,9,Closed - False Positive,0.7,N
ALT05752,C00050,2025-12-08,Dormant Account Reactivation,8215.96,United Kingdom,Low,AN037,Closed,2025-12-11,3,Closed - False Positive,1.2,N
ALT03048,C00580,2025-12-08,Rapid Movement of Funds,2553.64,United Kingdom,Medium,AN035,Closed,2025-12-12,4,Closed - False Positive,0.8,N
ALT05751,C00527,2025-12-08,High-Risk Jurisdiction Transfer,4772.23,United Kingdom,Low,AN034,Open,,,Under Review,5.4,N
ALT01689,C01940,2025-12-08,Large Cash Deposit,20165.42,United Kingdom,Low,AN040,Closed,2025-12-14,6,Closed - False Positive,0.9,N
ALT00048,C02720,2025-12-09,Structuring,8812.76,United Kingdom,High,AN038,Open,,,Under Review,0.4,N
ALT00009,C00822,2025-12-09,Dormant Account Reactivation,24728.72,United States,High,AN038,Closed,2025-12-14,5,Closed - False Positive,0.3,N
ALT00401,C02441,2025-12-09,Structuring,7427.08,Panama,Low,AN038,Closed,2025-12-11,2,Closed - False Positive,0.4,N
ALT02145,C02425,2025-12-09,Large Cash Deposit,28054.63,United Kingdom,Low,AN036,Closed,2025-12-15,6,Closed - False Positive,1.1,N
ALT05481,C02345,2025-12-09,Unusual Activity vs Profile,38777.69,United Kingdom,High,AN039,Closed,2025-12-13,4,Closed - False Positive,1.0,N
ALT02714,C01153,2025-12-09,Unusual Activity vs Profile,14370.51,United Kingdom,Low,AN040,Closed,2025-12-17,8,Closed - False Positive,0.9,N
ALT00004,C02194,2025-12-09,Structuring,8356.55,India,Low,AN040,Closed,2025-12-13,4,Closed - False Positive,1.1,N
ALT02262,C00592,2025-12-09,High-Risk Jurisdiction Transfer,20973.93,United Kingdom,Low,AN036,Closed,2025-12-18,9,Closed - False Positive,0.4,N
ALT01777,C02048,2025-12-09,Structuring,7410.7,France,Low,AN040,Closed,2025-12-22,13,Closed - False Positive,0.4,N
ALT00362,C02225,2025-12-09,Unusual Activity vs Profile,89165.41,India,High,AN037,Closed,2025-12-14,5,Closed - False Positive,1.1,N
ALT06007,C02140,2025-12-09,Dormant Account Reactivation,4237.57,United Kingdom,Low,AN034,Closed,2025-12-13,4,Closed - False Positive,1.1,N
ALT04235,C02111,2025-12-09,Dormant Account Reactivation,44047.02,Russia,High,AN034,Closed,2025-12-13,4,Closed - False Positive,0.8,N
ALT04175,C01410,2025-12-09,Structuring,8915.55,Russia,High,AN033,Closed,2025-12-12,3,Closed - False Positive,1.2,N
ALT02273,C01738,2025-12-09,Unusual Activity vs Profile,11557.92,United Kingdom,Medium,AN040,Closed,2025-12-12,3,Closed - False Positive,1.0,N
ALT05342,C02550,2025-12-09,Large Cash Deposit,53167.47,Pakistan,High,AN034,Closed,2025-12-13,4,Closed - False Positive,1.1,N
ALT02751,C00810,2025-12-09,Structuring,7970.32,France,Medium,AN040,Closed,2025-12-14,5,Closed - False Positive,1.0,N
ALT06321,C01283,2025-12-09,Round-Amount Transfers,6429.7,United Kingdom,Low,AN039,Closed,2025-12-12,3,Closed - False Positive,0.6,N
ALT02424,C00721,2025-12-09,Round-Amount Transfers,165835.58,United Kingdom,High,AN034,Closed,2025-12-13,4,Closed - False Positive,1.0,N
ALT06088,C02454,2025-12-09,Large Cash Deposit,51622.58,United Kingdom,High,AN035,Closed,2025-12-14,5,Closed - False Positive,0.4,N
ALT03908,C01462,2025-12-09,Dormant Account Reactivation,11591.58,United Kingdom,Medium,AN040,Closed,2025-12-17,8,Closed - False Positive,1.1,N
ALT03337,C02060,2025-12-10,Unusual Activity vs Profile,5649.17,United Kingdom,Medium,AN036,Closed,2025-12-23,13,Closed - False Positive,0.7,N
ALT04785,C00427,2025-12-10,Large Cash Deposit,19958.45,United Kingdom,Medium,AN040,Closed,2025-12-12,2,Closed - False Positive,0.8,N
ALT03109,C02406,2025-12-10,Unusual Activity vs Profile,4795.16,India,Low,AN033,Closed,2025-12-13,3,Closed - False Positive,0.9,N
ALT03669,C01652,2025-12-10,Rapid Movement of Funds,10349.17,UAE,Medium,AN033,Closed,2025-12-27,17,Closed - False Positive,0.5,N
ALT01884,C02410,2025-12-10,Unusual Activity vs Profile,9720.79,United Kingdom,Medium,AN037,Closed,2025-12-18,8,Closed - False Positive,0.4,N
ALT05396,C00355,2025-12-10,Structuring,8028.74,United Kingdom,Medium,AN035,Closed,2025-12-13,3,Closed - False Positive,1.1,N
ALT01586,C02695,2025-12-10,Round-Amount Transfers,27081.42,United Kingdom,High,AN035,Closed,2025-12-22,12,Closed - False Positive,0.5,N
ALT04920,C01725,2025-12-10,Rapid Movement of Funds,9837.78,United Kingdom,Low,AN040,Closed,2025-12-15,5,Closed - False Positive,0.8,N
ALT02224,C00343,2025-12-10,Rapid Movement of Funds,3881.98,Pakistan,High,AN037,Closed,2025-12-13,3,Closed - False Positive,0.9,N
ALT05069,C02807,2025-12-10,Rapid Movement of Funds,1611.03,United Kingdom,High,AN037,Closed,2025-12-15,5,Closed - False Positive,0.7,N
ALT00979,C01500,2025-12-10,Dormant Account Reactivation,6527.83,United Kingdom,Medium,AN037,Closed,2025-12-22,12,Closed - False Positive,0.8,N
ALT02725,C01642,2025-12-10,Unusual Activity vs Profile,54635.1,Pakistan,High,AN035,Closed,2025-12-24,14,Closed - False Positive,1.1,N
ALT00245,C00302,2025-12-10,Round-Amount Transfers,73049.94,United Kingdom,High,AN033,Closed,2025-12-16,6,Closed - False Positive,0.7,N
ALT02882,C02356,2025-12-10,Unusual Activity vs Profile,109809.16,United Kingdom,High,AN036,Closed,2025-12-21,11,Closed - False Positive,0.3,N
ALT02217,C01911,2025-12-10,Unusual Activity vs Profile,50336.43,United Kingdom,High,AN033,Closed,2025-12-22,12,Closed - False Positive,0.8,N
ALT01336,C00911,2025-12-10,Unusual Activity vs Profile,37470.93,Panama,Low,AN040,Open,,,Under Review,10.8,N
ALT00782,C01927,2025-12-10,Large Cash Deposit,30051.29,United Kingdom,High,AN035,Closed,2025-12-20,10,Closed - False Positive,0.7,N
ALT05016,C01232,2025-12-10,Structuring,9605.7,United Kingdom,Low,AN033,Closed,2025-12-14,4,Closed - False Positive,0.9,N
ALT01522,C01620,2025-12-10,Large Cash Deposit,29529.6,India,High,AN034,Closed,2025-12-15,5,Closed - False Positive,0.3,N
ALT06418,C00019,2025-12-10,Unusual Activity vs Profile,15281.39,United Kingdom,Medium,AN033,Closed,2025-12-30,20,Closed - False Positive,0.6,N
ALT04611,C01123,2025-12-10,Large Cash Deposit,56908.91,Pakistan,High,AN036,Closed,2025-12-14,4,Closed - False Positive,0.6,N
ALT00974,C00628,2025-12-10,Round-Amount Transfers,16991.76,United States,Medium,AN035,Closed,2025-12-15,5,Closed - False Positive,1.0,N
ALT02175,C01565,2025-12-10,Dormant Account Reactivation,1508.82,United Kingdom,High,AN040,Closed,2025-12-11,1,Closed - False Positive,0.5,N
ALT03633,C00527,2025-12-10,Unusual Activity vs Profile,10428.9,United Kingdom,Medium,AN033,Closed,2025-12-11,1,Closed - False Positive,1.2,N
ALT01715,C02550,2025-12-10,Rapid Movement of Funds,44904.52,Pakistan,High,AN033,Closed,2025-12-19,9,Escalated to Investigation,9.5,N
ALT00763,C01750,2025-12-10,Dormant Account Reactivation,10925.33,United Kingdom,High,AN035,Closed,2025-12-12,2,Closed - False Positive,0.7,N
ALT04417,C02206,2025-12-10,Rapid Movement of Funds,1208.57,United Kingdom,Medium,AN039,Closed,2025-12-14,4,Closed - False Positive,0.6,N
ALT04853,C01366,2025-12-11,Structuring,8103.16,United Kingdom,Medium,AN037,Closed,2025-12-20,9,Closed - False Positive,0.9,N
ALT06106,C02887,2025-12-11,Unusual Activity vs Profile,6404.34,United Kingdom,Medium,AN038,Closed,2025-12-19,8,Closed - False Positive,0.3,N
ALT01708,C00343,2025-12-11,Unusual Activity vs Profile,84256.49,United Kingdom,High,AN034,Closed,2025-12-18,7,Closed - False Positive,0.4,N
ALT01471,C00463,2025-12-11,Structuring,8468.91,United Kingdom,High,AN040,Closed,2025-12-17,6,Closed - False Positive,0.8,N
ALT06301,C02108,2025-12-11,Large Cash Deposit,26770.56,Pakistan,Medium,AN040,Closed,2025-12-24,13,Closed - False Positive,0.9,N
ALT01817,C01541,2025-12-11,High-Risk Jurisdiction Transfer,18292.41,United Kingdom,High,AN033,Closed,2025-12-14,3,Closed - False Positive,1.0,N
ALT00927,C02401,2025-12-11,Round-Amount Transfers,13390.62,United Kingdom,Low,AN040,Open,,,Under Review,7.3,N
ALT04139,C02451,2025-12-11,Large Cash Deposit,32051.61,United Kingdom,Low,AN034,Closed,2025-12-14,3,Closed - False Positive,0.9,N
ALT05047,C02404,2025-12-11,Dormant Account Reactivation,16973.4,Nigeria,Low,AN037,Closed,2025-12-14,3,Closed - False Positive,0.5,N
ALT00312,C02514,2025-12-11,Structuring,9868.57,United Kingdom,Medium,AN037,Closed,2025-12-19,8,Closed - False Positive,0.7,N
ALT02395,C01719,2025-12-11,Rapid Movement of Funds,9708.74,United Kingdom,High,AN038,Open,,,Under Review,5.8,N
ALT02603,C00919,2025-12-11,Structuring,9504.68,France,Medium,AN037,Closed,2025-12-16,5,Closed - False Positive,0.9,N
ALT00807,C02472,2025-12-11,Structuring,9463.4,Cyprus,Low,AN039,Closed,2025-12-12,1,Closed - False Positive,1.1,N
ALT00646,C00769,2025-12-11,Round-Amount Transfers,45083.86,Nigeria,Medium,AN034,Closed,2025-12-15,4,Closed - False Positive,0.7,N
ALT06185,C00392,2025-12-11,Large Cash Deposit,34480.45,United Kingdom,Medium,AN038,Closed,2025-12-13,2,Closed - False Positive,1.1,N
ALT04003,C02008,2025-12-11,Rapid Movement of Funds,7542.14,Nigeria,High,AN034,Closed,2025-12-18,7,Closed - False Positive,1.0,N
ALT02870,C02694,2025-12-11,High-Risk Jurisdiction Transfer,14716.76,United Kingdom,High,AN038,Closed,2025-12-23,12,Escalated to Investigation,6.1,N
ALT04511,C01567,2025-12-11,Round-Amount Transfers,79410.5,United Kingdom,High,AN035,Closed,2025-12-22,11,Closed - False Positive,0.9,N
ALT04749,C01886,2025-12-11,Round-Amount Transfers,27509.74,UAE,Medium,AN039,Closed,2025-12-17,6,Closed - False Positive,0.8,N
ALT04765,C01548,2025-12-11,Rapid Movement of Funds,43910.5,Nigeria,High,AN037,Closed,2025-12-21,10,Closed - False Positive,0.4,N
ALT06396,C02861,2025-12-11,Structuring,8543.2,United Kingdom,Medium,AN037,Closed,2025-12-16,5,Closed - False Positive,0.5,N
ALT04788,C02492,2025-12-11,Rapid Movement of Funds,27746.8,Pakistan,High,AN036,Closed,2025-12-17,6,Closed - False Positive,0.7,N
ALT01949,C01881,2025-12-11,High-Risk Jurisdiction Transfer,29445.61,United Kingdom,High,AN033,Open,,,Under Review,9.0,N
ALT02138,C00611,2025-12-11,Large Cash Deposit,50950.07,United Kingdom,High,AN036,Closed,2025-12-13,2,Closed - False Positive,1.2,N
ALT01209,C01351,2025-12-11,Unusual Activity vs Profile,6505.17,United Kingdom,Medium,AN039,Closed,2025-12-14,3,Closed - False Positive,0.5,N
ALT01591,C00422,2025-12-11,Rapid Movement of Funds,9491.13,United Kingdom,Low,AN033,Closed,2025-12-22,11,Closed - False Positive,1.1,N
ALT01953,C02607,2025-12-11,Rapid Movement of Funds,107154.87,United Kingdom,High,AN036,Closed,2025-12-30,19,Escalated to Investigation,5.9,N
ALT00037,C02326,2025-12-11,Unusual Activity vs Profile,8162.76,United Kingdom,High,AN037,Closed,2025-12-15,4,Closed - False Positive,0.8,N
ALT04823,C01501,2025-12-11,High-Risk Jurisdiction Transfer,7718.31,Nigeria,High,AN036,Closed,2025-12-17,6,Closed - False Positive,0.6,N
ALT05739,C01266,2025-12-12,Unusual Activity vs Profile,5520.32,United Kingdom,Low,AN034,Closed,2025-12-17,5,Closed - False Positive,0.7,N
ALT00149,C00182,2025-12-12,High-Risk Jurisdiction Transfer,24177.09,Cyprus,Low,AN039,Closed,2025-12-20,8,Closed - False Positive,0.5,N
ALT03548,C00527,2025-12-12,Unusual Activity vs Profile,20026.7,United Kingdom,Low,AN036,Closed,2025-12-16,4,Closed - False Positive,1.0,N
ALT01968,C00493,2025-12-12,Rapid Movement of Funds,8234.18,United Kingdom,Medium,AN039,Closed,2025-12-15,3,Closed - False Positive,0.9,N
ALT04926,C02913,2025-12-12,Round-Amount Transfers,6712.46,Germany,Low,AN037,Closed,2025-12-15,3,Closed - False Positive,1.0,N
ALT01204,C02870,2025-12-12,Round-Amount Transfers,43882.67,United Kingdom,Medium,AN039,Closed,2025-12-25,13,Closed - False Positive,0.4,N
ALT02326,C00669,2025-12-12,Rapid Movement of Funds,10288.39,Cyprus,Low,AN035,Closed,2025-12-29,17,Escalated to Investigation,12.9,N
ALT00128,C02407,2025-12-12,Structuring,7679.74,United States,Medium,AN034,Closed,2025-12-21,9,Closed - False Positive,1.1,N
ALT00675,C01174,2025-12-12,High-Risk Jurisdiction Transfer,15383.5,United Kingdom,Medium,AN036,Closed,2025-12-14,2,Closed - False Positive,0.7,N
ALT00972,C02592,2025-12-12,Unusual Activity vs Profile,1197.45,United Kingdom,Medium,AN033,Closed,2025-12-18,6,Closed - False Positive,0.9,N
ALT04317,C02341,2025-12-12,Unusual Activity vs Profile,44259.94,United Kingdom,Medium,AN036,Closed,2025-12-15,3,Closed - False Positive,0.3,N
ALT01631,C02784,2025-12-12,Structuring,9869.31,United Kingdom,Medium,AN035,Closed,2025-12-19,7,Closed - False Positive,0.8,N
ALT02030,C02356,2025-12-12,Large Cash Deposit,29248.32,United Kingdom,High,AN037,Closed,2025-12-29,17,Escalated to Investigation,10.3,N
ALT02155,C00110,2025-12-12,Unusual Activity vs Profile,1845.06,United Kingdom,Medium,AN039,Closed,2025-12-22,10,Closed - False Positive,1.0,N
ALT01071,C00470,2025-12-12,Unusual Activity vs Profile,2521.28,United Kingdom,Medium,AN033,Closed,2025-12-22,10,Closed - False Positive,0.4,N
ALT05985,C00496,2025-12-12,Dormant Account Reactivation,20666.55,United Kingdom,Low,AN040,Closed,2025-12-15,3,Closed - False Positive,0.6,N
ALT03541,C01770,2025-12-12,Rapid Movement of Funds,13116.97,UAE,High,AN035,Closed,2025-12-18,6,Closed - False Positive,0.8,N
ALT00701,C00167,2025-12-12,Rapid Movement of Funds,24738.42,Nigeria,Medium,AN036,Closed,2025-12-16,4,Closed - False Positive,0.6,N
ALT05538,C02406,2025-12-12,Rapid Movement of Funds,29328.14,Russia,Low,AN038,Closed,2025-12-18,6,Closed - False Positive,1.1,N
ALT06161,C02364,2025-12-12,Unusual Activity vs Profile,8728.24,France,Medium,AN037,Closed,2025-12-19,7,Closed - False Positive,0.3,N
ALT03807,C00504,2025-12-12,Rapid Movement of Funds,31707.71,United Kingdom,Medium,AN035,Closed,2025-12-13,1,Closed - False Positive,0.4,N
ALT03036,C00643,2025-12-12,Unusual Activity vs Profile,7284.83,United Kingdom,High,AN033,Closed,2025-12-25,13,Closed - False Positive,0.9,N
ALT01291,C00347,2025-12-12,Unusual Activity vs Profile,745.08,India,Low,AN035,Closed,2025-12-20,8,Closed - False Positive,0.9,N
ALT00535,C00702,2025-12-12,Structuring,7710.07,United Kingdom,High,AN036,Closed,2025-12-14,2,Closed - False Positive,0.4,N
ALT00487,C01116,2025-12-12,High-Risk Jurisdiction Transfer,7067.28,United Kingdom,Low,AN040,Closed,2025-12-21,9,Closed - False Positive,0.5,N
ALT05777,C00284,2025-12-12,Round-Amount Transfers,7807.6,United Kingdom,Low,AN039,Closed,2025-12-23,11,Closed - False Positive,0.6,N
ALT01704,C02256,2025-12-12,Rapid Movement of Funds,1946.73,France,High,AN040,Closed,2025-12-17,5,Closed - False Positive,1.0,N
ALT03796,C01305,2025-12-12,High-Risk Jurisdiction Transfer,2951.27,United Kingdom,Medium,AN040,Closed,2025-12-26,14,Closed - False Positive,0.7,N
ALT05195,C00402,2025-12-12,Unusual Activity vs Profile,37227.77,United Kingdom,High,AN038,Closed,2025-12-17,5,Closed - False Positive,0.4,N
ALT00072,C00402,2025-12-12,Structuring,8274.14,United Kingdom,High,AN040,Closed,2025-12-28,16,SAR Filed,13.5,Y
ALT04146,C02793,2025-12-12,Round-Amount Transfers,3875.4,United Kingdom,Medium,AN036,Closed,2025-12-18,6,Closed - False Positive,1.2,N
ALT03948,C00591,2025-12-12,Unusual Activity vs Profile,38367.17,United Kingdom,Medium,AN035,Closed,2025-12-16,4,Closed - False Positive,0.7,N
ALT00997,C02667,2025-12-12,Dormant Account Reactivation,20929.74,India,Low,AN040,Closed,2025-12-15,3,Closed - False Positive,0.3,N
ALT02071,C01613,2025-12-12,Dormant Account Reactivation,2447.52,United Kingdom,High,AN038,Closed,2025-12-21,9,Closed - False Positive,0.8,N
ALT00809,C02098,2025-12-12,Unusual Activity vs Profile,4217.77,United Kingdom,Medium,AN035,Closed,2025-12-17,5,Closed - False Positive,0.4,N
ALT03367,C02430,2025-12-12,High-Risk Jurisdiction Transfer,74045.48,India,High,AN035,Closed,2025-12-18,6,Closed - False Positive,1.2,N
ALT03619,C00911,2025-12-13,Rapid Movement of Funds,2595.14,United Kingdom,Medium,AN034,Closed,2025-12-18,5,Closed - False Positive,0.4,N
ALT05407,C01230,2025-12-13,Unusual Activity vs Profile,3995.58,United Kingdom,Medium,AN033,Open,,,Under Review,8.3,N
ALT00604,C01567,2025-12-13,Large Cash Deposit,31108.24,United Kingdom,High,AN035,Closed,2025-12-16,3,Closed - False Positive,0.9,N
ALT03458,C01120,2025-12-13,Structuring,8682.16,United Kingdom,Low,AN034,Closed,2025-12-22,9,Closed - False Positive,0.9,N
ALT05474,C02467,2025-12-13,Unusual Activity vs Profile,1557.39,United Kingdom,Low,AN036,Closed,2025-12-17,4,Closed - False Positive,0.7,N
ALT02386,C00611,2025-12-13,Unusual Activity vs Profile,33866.92,United Kingdom,High,AN040,Open,,,Under Review,0.7,N
ALT04014,C00353,2025-12-13,High-Risk Jurisdiction Transfer,10726.48,United Kingdom,High,AN033,Closed,2025-12-15,2,Closed - False Positive,1.0,N
ALT02803,C01400,2025-12-13,Rapid Movement of Funds,21557.21,UAE,Medium,AN037,Closed,2025-12-22,9,Closed - False Positive,0.3,N
ALT00592,C01576,2025-12-13,Large Cash Deposit,33606.09,Ireland,Low,AN040,Closed,2025-12-14,1,Closed - False Positive,0.7,N
ALT05442,C01298,2025-12-13,Large Cash Deposit,22952.49,UAE,High,AN039,Closed,2025-12-17,4,Closed - False Positive,0.8,N
ALT00765,C02629,2025-12-13,Structuring,8987.78,United Kingdom,Low,AN034,Closed,2025-12-21,8,Closed - False Positive,0.4,N
ALT06178,C00894,2025-12-13,Rapid Movement of Funds,9307.79,Cyprus,Medium,AN037,Closed,2025-12-16,3,Closed - False Positive,1.0,N
ALT01503,C00795,2025-12-13,Structuring,7426.72,United Kingdom,Medium,AN037,Closed,2025-12-19,6,Closed - False Positive,0.9,N
ALT03604,C01463,2025-12-13,Structuring,9884.77,United Kingdom,Low,AN037,Closed,2025-12-18,5,Closed - False Positive,0.7,N
ALT00648,C02492,2025-12-13,High-Risk Jurisdiction Transfer,9545.47,Germany,High,AN039,Closed,2025-12-21,8,Closed - False Positive,0.3,N
ALT05770,C02080,2025-12-13,Dormant Account Reactivation,18971.94,India,Medium,AN034,Closed,2025-12-15,2,Closed - False Positive,1.2,N
ALT01604,C02680,2025-12-13,Large Cash Deposit,44878.52,United States,Medium,AN038,Closed,2025-12-28,15,Closed - False Positive,1.1,N
ALT00829,C02689,2025-12-13,Large Cash Deposit,24897.08,United Kingdom,Low,AN038,Closed,2025-12-15,2,Closed - False Positive,0.7,N
ALT01500,C02043,2025-12-13,Structuring,9877.99,United Kingdom,Low,AN038,Open,,,Under Review,10.2,N
ALT01828,C00859,2025-12-13,Structuring,9624.57,United Kingdom,Medium,AN039,Closed,2025-12-16,3,Closed - False Positive,1.1,N
ALT04669,C02422,2025-12-13,Large Cash Deposit,32486.19,United Kingdom,Low,AN038,Closed,2025-12-15,2,Closed - False Positive,0.4,N
ALT02431,C02694,2025-12-13,Rapid Movement of Funds,3411.03,United Kingdom,High,AN035,Closed,2025-12-22,9,Closed - False Positive,0.7,N
ALT00384,C02905,2025-12-13,Large Cash Deposit,24159.74,United Kingdom,High,AN033,Closed,2025-12-17,4,Closed - False Positive,0.3,N
ALT02585,C01222,2025-12-13,Round-Amount Transfers,18540.04,Pakistan,High,AN037,Closed,2025-12-22,9,Closed - False Positive,0.8,N
ALT03923,C02905,2025-12-13,Dormant Account Reactivation,4755.75,Ireland,High,AN034,Closed,2025-12-16,3,Closed - False Positive,0.9,N
ALT05988,C02841,2025-12-13,Large Cash Deposit,40293.42,Pakistan,High,AN035,Closed,2025-12-27,14,SAR Filed,13.9,Y
ALT02301,C01539,2025-12-13,Round-Amount Transfers,12078.14,United Kingdom,Low,AN034,Closed,2025-12-28,15,Closed - False Positive,0.5,N
ALT06008,C01444,2025-12-13,Structuring,7592.04,United Kingdom,Medium,AN040,Closed,2025-12-16,3,Closed - False Positive,0.9,N
ALT04497,C01030,2025-12-13,Rapid Movement of Funds,27141.29,India,Medium,AN033,Closed,2025-12-18,5,Closed - False Positive,0.6,N
ALT03465,C02425,2025-12-13,Large Cash Deposit,21480.67,Pakistan,Medium,AN033,Closed,2025-12-17,4,Closed - False Positive,1.0,N
ALT02235,C00558,2025-12-13,Rapid Movement of Funds,11417.95,United Kingdom,Medium,AN039,Closed,2025-12-20,7,Closed - False Positive,0.9,N
ALT04428,C00669,2025-12-13,Round-Amount Transfers,9654.45,United Kingdom,Medium,AN039,Closed,2025-12-19,6,Closed - False Positive,0.6,N
ALT01994,C02863,2025-12-13,High-Risk Jurisdiction Transfer,4989.94,United Kingdom,Medium,AN035,Closed,2025-12-21,8,Closed - False Positive,0.7,N
ALT03920,C02425,2025-12-14,Unusual Activity vs Profile,55110.2,UAE,High,AN034,Closed,2025-12-18,4,Closed - False Positive,0.4,N
ALT00519,C01143,2025-12-14,High-Risk Jurisdiction Transfer,8551.24,United Kingdom,Medium,AN035,Open,,,Under Review,0.8,N
ALT06471,C02522,2025-12-14,High-Risk Jurisdiction Transfer,20235.69,United Kingdom,Low,AN034,Closed,2025-12-24,10,Closed - False Positive,1.2,N
ALT05198,C02026,2025-12-14,Unusual Activity vs Profile,27584.55,Germany,Medium,AN036,Closed,2025-12-21,7,Closed - False Positive,0.5,N
ALT05046,C02152,2025-12-14,High-Risk Jurisdiction Transfer,15742.0,UAE,High,AN037,Closed,2025-12-29,15,Escalated to Investigation,9.4,N
ALT03794,C00813,2025-12-14,Unusual Activity vs Profile,25500.04,United Kingdom,Medium,AN037,Open,,,Under Review,4.1,N
ALT02499,C00628,2025-12-14,Dormant Account Reactivation,24875.74,United Kingdom,Low,AN039,Closed,2025-12-23,9,Closed - False Positive,0.5,N
ALT05406,C00391,2025-12-14,Round-Amount Transfers,27846.99,Hong Kong,Low,AN039,Closed,2025-12-17,3,Closed - False Positive,0.9,N
ALT02844,C02262,2025-12-14,Large Cash Deposit,22050.06,France,Medium,AN037,Closed,2025-12-19,5,Closed - False Positive,0.7,N
ALT02843,C00227,2025-12-14,Rapid Movement of Funds,22217.55,United Kingdom,High,AN039,Closed,2025-12-19,5,Closed - False Positive,0.6,N
ALT01559,C01541,2025-12-14,High-Risk Jurisdiction Transfer,246730.28,India,High,AN037,Closed,2025-12-19,5,Closed - False Positive,0.4,N
ALT04128,C02408,2025-12-14,Large Cash Deposit,34106.57,United Kingdom,Low,AN034,Closed,2025-12-21,7,Closed - False Positive,1.2,N
ALT02206,C01459,2025-12-14,Round-Amount Transfers,4120.06,United Kingdom,Medium,AN037,Open,,,Under Review,3.3,N
ALT03204,C02187,2025-12-14,Large Cash Deposit,49500.69,United Kingdom,Medium,AN033,Closed,2025-12-19,5,Closed - False Positive,0.4,N
ALT05703,C02806,2025-12-14,High-Risk Jurisdiction Transfer,92136.41,Pakistan,High,AN035,Closed,2025-12-20,6,Closed - False Positive,0.8,N
ALT05927,C00237,2025-12-14,Unusual Activity vs Profile,5801.52,Ireland,Low,AN039,Closed,2025-12-23,9,Closed - False Positive,0.4,N
ALT04586,C00983,2025-12-14,High-Risk Jurisdiction Transfer,3999.58,United Kingdom,High,AN038,Closed,2025-12-23,9,Closed - False Positive,0.8,N
ALT00541,C02131,2025-12-14,Unusual Activity vs Profile,23337.93,United Kingdom,Low,AN037,Closed,2025-12-26,12,Closed - False Positive,0.4,N
ALT04818,C00082,2025-12-14,Structuring,9430.66,India,High,AN035,Closed,2025-12-20,6,Closed - False Positive,0.9,N
ALT05779,C02409,2025-12-14,Unusual Activity vs Profile,4270.11,India,Medium,AN036,Closed,2025-12-21,7,Closed - False Positive,0.6,N
ALT06467,C02131,2025-12-14,Structuring,8601.64,United Kingdom,Medium,AN040,Closed,2025-12-22,8,Closed - False Positive,0.4,N
ALT00743,C02666,2025-12-14,Unusual Activity vs Profile,5780.51,United Kingdom,High,AN036,Closed,2025-12-18,4,Closed - False Positive,0.5,N
ALT00750,C01927,2025-12-14,Structuring,8476.6,United Kingdom,High,AN039,Closed,2025-12-21,7,Closed - False Positive,1.0,N
ALT03303,C00462,2025-12-14,Dormant Account Reactivation,20431.37,United Kingdom,Low,AN034,Closed,2025-12-16,2,Closed - False Positive,0.5,N
ALT02106,C00856,2025-12-14,High-Risk Jurisdiction Transfer,5196.45,United Kingdom,High,AN037,Open,,,Under Review,1.1,N
ALT02001,C01822,2025-12-14,Unusual Activity vs Profile,36036.29,United Kingdom,High,AN034,Closed,2025-12-21,7,Closed - False Positive,0.6,N
ALT06032,C02406,2025-12-14,Structuring,9376.46,United Kingdom,Medium,AN036,Closed,2025-12-20,6,Closed - False Positive,0.6,N
ALT03805,C01577,2025-12-14,Unusual Activity vs Profile,3085.76,United Kingdom,Low,AN038,Closed,2025-12-16,2,Closed - False Positive,0.4,N
ALT01585,C00712,2025-12-14,Unusual Activity vs Profile,44450.87,United Kingdom,Low,AN037,Closed,2025-12-16,2,Closed - False Positive,0.9,N
ALT03229,C02361,2025-12-14,Unusual Activity vs Profile,8571.52,United Kingdom,Low,AN035,Closed,2025-12-20,6,Closed - False Positive,0.7,N
ALT02118,C00607,2025-12-14,High-Risk Jurisdiction Transfer,45979.41,Pakistan,Medium,AN037,Closed,2025-12-18,4,Closed - False Positive,1.0,N
ALT02921,C01665,2025-12-14,Rapid Movement of Funds,18887.6,United Kingdom,Medium,AN035,Closed,2025-12-18,4,Closed - False Positive,1.1,N
ALT01375,C01549,2025-12-14,Round-Amount Transfers,41923.46,Nigeria,Low,AN035,Closed,2025-12-26,12,Closed - False Positive,0.7,N
ALT05526,C01910,2025-12-14,Dormant Account Reactivation,6357.21,United Kingdom,Medium,AN035,Closed,2025-12-17,3,Closed - False Positive,0.8,N
ALT05546,C02795,2025-12-14,Dormant Account Reactivation,3449.85,Hong Kong,Medium,AN036,Closed,2025-12-21,7,Closed - False Positive,0.6,N
ALT04605,C00918,2025-12-14,Unusual Activity vs Profile,11893.11,Ireland,High,AN038,Open,,,Under Review,13.1,N
ALT03057,C01833,2025-12-14,Unusual Activity vs Profile,1875.4,United Kingdom,Medium,AN036,Closed,2025-12-21,7,Closed - False Positive,1.0,N
ALT01239,C00674,2025-12-14,Unusual Activity vs Profile,13435.58,United Kingdom,Medium,AN035,Closed,2025-12-28,14,Escalated to Investigation,10.5,N
ALT06214,C01303,2025-12-14,Round-Amount Transfers,22055.28,United Kingdom,Low,AN038,Closed,2025-12-17,3,Closed - False Positive,0.4,N
ALT04527,C02662,2025-12-15,Structuring,8162.48,United States,High,AN038,Closed,2025-12-31,16,Escalated to Investigation,9.8,N
ALT02044,C02927,2025-12-15,Round-Amount Transfers,127300.26,United Kingdom,High,AN036,Closed,2025-12-24,9,Closed - False Positive,1.1,N
ALT02054,C01630,2025-12-15,Large Cash Deposit,11702.82,Cyprus,Medium,AN040,Closed,2025-12-20,5,Closed - False Positive,0.9,N
ALT06188,C00158,2025-12-15,Rapid Movement of Funds,15429.12,UAE,Low,AN039,Closed,2025-12-23,8,Closed - False Positive,0.4,N
ALT04471,C00070,2025-12-15,Rapid Movement of Funds,30683.04,United Kingdom,High,AN036,Closed,2025-12-17,2,Closed - False Positive,0.9,N
ALT00667,C01730,2025-12-15,Dormant Account Reactivation,54922.73,United Kingdom,High,AN039,Closed,2025-12-21,6,Closed - False Positive,0.5,N
ALT06033,C01415,2025-12-15,Round-Amount Transfers,16046.93,United Kingdom,Medium,AN034,Closed,2025-12-28,13,Closed - False Positive,1.2,N
ALT05746,C02628,2025-12-15,Unusual Activity vs Profile,36267.27,United Kingdom,Medium,AN036,Closed,2025-12-21,6,Closed - False Positive,0.8,N
ALT03392,C00196,2025-12-15,Rapid Movement of Funds,42438.83,United Kingdom,Low,AN035,Closed,2025-12-30,15,Closed - False Positive,1.1,N
ALT03039,C01883,2025-12-15,Unusual Activity vs Profile,34210.54,United Kingdom,High,AN037,Closed,2025-12-21,6,Closed - False Positive,0.3,N
ALT03648,C00516,2025-12-15,Rapid Movement of Funds,10683.19,United Kingdom,Low,AN034,Closed,2025-12-22,7,Closed - False Positive,0.3,N
ALT04244,C00341,2025-12-15,Rapid Movement of Funds,1557.5,United Kingdom,Medium,AN040,Closed,2025-12-16,1,Closed - False Positive,0.6,N
ALT05465,C01927,2025-12-15,Large Cash Deposit,55640.49,Ireland,High,AN036,Closed,2025-12-24,9,Closed - False Positive,1.1,N
ALT05161,C00649,2025-12-15,High-Risk Jurisdiction Transfer,2361.16,United Kingdom,High,AN033,Closed,2025-12-23,8,Closed - False Positive,0.8,N
ALT06175,C00745,2025-12-15,Rapid Movement of Funds,7475.42,United States,Medium,AN034,Closed,2025-12-30,15,Closed - False Positive,1.0,N
ALT02852,C01909,2025-12-15,Rapid Movement of Funds,5427.02,United States,Medium,AN039,Closed,2025-12-26,11,Closed - False Positive,0.3,N
ALT02092,C00914,2025-12-15,Round-Amount Transfers,8199.77,United Kingdom,Medium,AN037,Closed,2025-12-23,8,Closed - False Positive,1.0,N
ALT05656,C01660,2025-12-15,Rapid Movement of Funds,8435.95,United Kingdom,Medium,AN033,Closed,2025-12-21,6,Closed - False Positive,1.0,N
ALT04081,C01307,2025-12-15,High-Risk Jurisdiction Transfer,25319.44,United Kingdom,High,AN033,Closed,2025-12-27,12,Closed - False Positive,0.3,N
ALT02919,C00426,2025-12-15,Rapid Movement of Funds,7484.73,United Kingdom,Low,AN035,Closed,2025-12-18,3,Closed - False Positive,0.9,N
ALT04722,C01909,2025-12-15,Large Cash Deposit,19805.87,United Kingdom,Medium,AN034,Closed,2025-12-16,1,Closed - False Positive,0.7,N
ALT00470,C01214,2025-12-15,Unusual Activity vs Profile,29179.1,Hong Kong,Medium,AN034,Closed,2025-12-22,7,Closed - False Positive,0.3,N
ALT06325,C01667,2025-12-15,Large Cash Deposit,31682.62,India,High,AN040,Closed,2025-12-19,4,Closed - False Positive,0.6,N
ALT02910,C01523,2025-12-15,High-Risk Jurisdiction Transfer,15555.26,Nigeria,Low,AN035,Open,,,Under Review,0.6,N
ALT02779,C00712,2025-12-15,Large Cash Deposit,31437.84,United Kingdom,Medium,AN033,Closed,2025-12-31,16,Closed - False Positive,1.0,N
ALT05409,C00353,2025-12-15,Structuring,9008.79,India,High,AN037,Closed,2025-12-22,7,Closed - False Positive,0.7,N
ALT04259,C02069,2025-12-16,Unusual Activity vs Profile,61283.3,United Kingdom,High,AN034,Closed,2025-12-27,11,SAR Filed,13.8,Y
ALT05523,C01717,2025-12-16,Large Cash Deposit,40743.54,Hong Kong,Medium,AN035,Closed,2025-12-21,5,Closed - False Positive,1.1,N
ALT04313,C01703,2025-12-16,Unusual Activity vs Profile,14172.08,India,Medium,AN040,Closed,2025-12-18,2,Closed - False Positive,0.3,N
ALT04054,C01312,2025-12-16,High-Risk Jurisdiction Transfer,24511.14,India,Low,AN033,Closed,2025-12-19,3,Closed - False Positive,0.4,N
ALT00620,C02066,2025-12-16,Dormant Account Reactivation,26795.65,Germany,Medium,AN034,Open,,,Under Review,5.0,N
ALT06018,C00356,2025-12-16,High-Risk Jurisdiction Transfer,10174.75,UAE,Medium,AN034,Closed,2025-12-28,12,Closed - False Positive,0.6,N
ALT03553,C00166,2025-12-16,Unusual Activity vs Profile,13681.51,Panama,Medium,AN033,Closed,2025-12-21,5,Closed - False Positive,1.1,N
ALT05189,C02578,2025-12-16,Structuring,7732.14,Pakistan,Medium,AN039,Closed,2025-12-18,2,Closed - False Positive,0.9,N
ALT00894,C01647,2025-12-16,Unusual Activity vs Profile,23345.91,Panama,Low,AN033,Closed,2025-12-22,6,Closed - False Positive,0.5,N
ALT05989,C01387,2025-12-16,Structuring,9850.81,United States,Medium,AN038,Closed,2025-12-19,3,Closed - False Positive,0.9,N
ALT01212,C00973,2025-12-16,High-Risk Jurisdiction Transfer,178124.26,France,High,AN034,Closed,2025-12-17,1,Closed - False Positive,0.9,N
ALT01794,C02001,2025-12-16,Unusual Activity vs Profile,11224.46,United Kingdom,Low,AN037,Closed,2025-12-21,5,Closed - False Positive,0.7,N
ALT06212,C02216,2025-12-16,Round-Amount Transfers,5572.55,United Kingdom,Medium,AN039,Closed,2025-12-20,4,Closed - False Positive,1.1,N
ALT04721,C01883,2025-12-16,Dormant Account Reactivation,4919.34,United Kingdom,High,AN037,Closed,2025-12-21,5,Closed - False Positive,1.0,N
ALT00738,C01810,2025-12-16,Rapid Movement of Funds,38718.97,Cyprus,Medium,AN039,Closed,2025-12-21,5,Closed - False Positive,0.8,N
ALT05963,C02619,2025-12-16,Structuring,7800.04,Ireland,Medium,AN038,Closed,2025-12-19,3,Closed - False Positive,0.8,N
ALT00776,C01545,2025-12-16,High-Risk Jurisdiction Transfer,25519.67,United Kingdom,Low,AN035,Closed,2025-12-20,4,Closed - False Positive,1.2,N
ALT00105,C01823,2025-12-16,Large Cash Deposit,35335.21,Pakistan,High,AN037,Closed,2025-12-18,2,Closed - False Positive,0.5,N
ALT05664,C01237,2025-12-16,Rapid Movement of Funds,57471.07,United Kingdom,High,AN040,Closed,2025-12-23,7,Closed - False Positive,0.4,N
ALT04545,C02324,2025-12-16,Large Cash Deposit,31295.94,United Kingdom,Low,AN040,Closed,2025-12-23,7,Closed - False Positive,1.0,N
ALT03909,C01039,2025-12-16,Large Cash Deposit,43453.03,Hong Kong,Low,AN036,Closed,2025-12-22,6,Closed - False Positive,0.6,N
ALT00338,C02038,2025-12-16,Structuring,9394.65,United Kingdom,High,AN034,Closed,2025-12-23,7,Closed - False Positive,1.2,N
ALT00144,C00856,2025-12-16,Large Cash Deposit,21042.16,United Kingdom,High,AN038,Closed,2025-12-30,14,Closed - False Positive,0.6,N
ALT02896,C02987,2025-12-16,Unusual Activity vs Profile,11219.34,France,Low,AN035,Closed,2025-12-26,10,Closed - False Positive,1.0,N
ALT00354,C02391,2025-12-16,Round-Amount Transfers,38391.58,UAE,High,AN037,Closed,2025-12-22,6,Closed - False Positive,1.0,N
ALT05355,C02841,2025-12-16,High-Risk Jurisdiction Transfer,11214.13,Pakistan,High,AN035,Closed,2025-12-20,4,Closed - False Positive,0.7,N
ALT03069,C00168,2025-12-16,Structuring,8346.97,United States,Medium,AN040,Closed,2025-12-19,3,Closed - False Positive,1.0,N
ALT04831,C01648,2025-12-16,Unusual Activity vs Profile,39168.57,United Kingdom,Low,AN040,Closed,2025-12-21,5,Closed - False Positive,0.3,N
ALT02324,C02841,2025-12-16,Dormant Account Reactivation,3347.14,India,High,AN033,Closed,2025-12-25,9,Closed - False Positive,1.0,N
ALT04798,C00039,2025-12-16,Structuring,8600.89,United Kingdom,High,AN036,Closed,2025-12-24,8,Closed - False Positive,0.9,N
ALT01103,C00136,2025-12-16,Unusual Activity vs Profile,21837.39,Ireland,Medium,AN035,Closed,2025-12-19,3,Closed - False Positive,1.1,N
ALT05621,C00420,2025-12-16,Rapid Movement of Funds,33340.0,United Kingdom,High,AN033,Open,,,Under Review,0.8,N
ALT02047,C02841,2025-12-16,Large Cash Deposit,11093.31,United Kingdom,High,AN034,Closed,2025-12-18,2,Closed - False Positive,1.0,N
ALT05923,C00978,2025-12-16,Unusual Activity vs Profile,7028.47,France,Low,AN039,Closed,2025-12-19,3,Closed - False Positive,0.3,N
ALT01905,C01467,2025-12-16,Round-Amount Transfers,16258.86,United Kingdom,Low,AN040,Closed,2025-12-22,6,Closed - False Positive,1.0,N
ALT02741,C00407,2025-12-16,Round-Amount Transfers,33911.94,United Kingdom,Medium,AN035,Closed,2025-12-17,1,Closed - False Positive,1.2,N
ALT04923,C00716,2025-12-16,Structuring,7669.96,United Kingdom,High,AN035,Closed,2025-12-26,10,Closed - False Positive,1.1,N
ALT01362,C02108,2025-12-16,Structuring,8959.7,United Kingdom,Medium,AN034,Closed,2025-12-23,7,Closed - False Positive,0.4,N
ALT01051,C02942,2025-12-16,Rapid Movement of Funds,4584.92,United Kingdom,Low,AN040,Closed,2025-12-21,5,Closed - False Positive,0.7,N
ALT03112,C01083,2025-12-16,Large Cash Deposit,47244.3,Cyprus,High,AN036,Closed,2025-12-23,7,Closed - False Positive,0.5,N
ALT06251,C00175,2025-12-16,Rapid Movement of Funds,38142.34,United Kingdom,Low,AN034,Open,,,Under Review,5.5,N
ALT04093,C00989,2025-12-16,Structuring,7437.25,United Kingdom,Low,AN033,Closed,2025-12-18,2,Closed - False Positive,0.6,N
ALT00626,C00774,2025-12-16,Unusual Activity vs Profile,2376.89,United Kingdom,Low,AN034,Closed,2025-12-25,9,Closed - False Positive,1.0,N
ALT06002,C01663,2025-12-16,Dormant Account Reactivation,44161.7,United Kingdom,Medium,AN035,Closed,2025-12-22,6,Closed - False Positive,1.1,N
ALT06293,C00307,2025-12-17,Dormant Account Reactivation,37529.11,Ireland,Low,AN037,Open,,,Under Review,0.6,N
ALT00316,C00296,2025-12-17,High-Risk Jurisdiction Transfer,8631.18,United Kingdom,Low,AN036,Open,,,Under Review,3.5,N
ALT06200,C01939,2025-12-17,Unusual Activity vs Profile,8340.61,United Kingdom,Medium,AN038,Closed,2025-12-27,10,Closed - False Positive,0.5,N
ALT05987,C01974,2025-12-17,Round-Amount Transfers,36116.07,United Kingdom,High,AN039,Closed,2025-12-21,4,Closed - False Positive,0.9,N
ALT03763,C00702,2025-12-17,High-Risk Jurisdiction Transfer,1406.23,United Kingdom,High,AN037,Closed,2025-12-24,7,Closed - False Positive,0.3,N
ALT04238,C02569,2025-12-17,Structuring,7538.09,United Kingdom,Low,AN033,Closed,2025-12-22,5,Closed - False Positive,1.1,N
ALT06126,C00607,2025-12-17,Large Cash Deposit,18162.74,United Kingdom,Medium,AN033,Closed,2025-12-20,3,Closed - False Positive,0.7,N
ALT02345,C02493,2025-12-17,Rapid Movement of Funds,5847.73,Pakistan,Medium,AN033,Closed,2025-12-18,1,Closed - False Positive,0.5,N
ALT03491,C00457,2025-12-17,Structuring,8479.29,United Kingdom,Medium,AN035,Closed,2025-12-21,4,Closed - False Positive,0.8,N
ALT05210,C00769,2025-12-17,Rapid Movement of Funds,12850.38,United Kingdom,Low,AN040,Closed,2025-12-21,4,Closed - False Positive,0.3,N
ALT00856,C00914,2025-12-17,Unusual Activity vs Profile,6225.46,Nigeria,Medium,AN040,Closed,2025-12-24,7,Closed - False Positive,0.8,N
ALT03601,C01105,2025-12-17,Structuring,8532.41,United Kingdom,Medium,AN040,Closed,2025-12-29,12,Closed - False Positive,0.4,N
ALT05323,C00563,2025-12-17,High-Risk Jurisdiction Transfer,91150.02,United Kingdom,High,AN036,Closed,2025-12-22,5,Closed - False Positive,1.0,N
ALT03774,C00486,2025-12-17,High-Risk Jurisdiction Transfer,80197.77,United Kingdom,High,AN034,Open,,,Under Review,12.6,N
ALT02079,C00588,2025-12-17,Unusual Activity vs Profile,25591.74,United Kingdom,Medium,AN038,Open,,,Under Review,13.7,N
ALT03268,C01717,2025-12-17,Rapid Movement of Funds,8956.13,Cyprus,Medium,AN036,Closed,2025-12-28,11,Closed - False Positive,0.6,N
ALT00406,C00342,2025-12-17,Rapid Movement of Funds,95387.91,Panama,High,AN033,Closed,2025-12-25,8,Closed - False Positive,0.7,N
ALT03732,C00949,2025-12-17,Structuring,8802.43,Pakistan,High,AN038,Open,,,Under Review,14.0,N
ALT06280,C00600,2025-12-17,Unusual Activity vs Profile,57235.82,UAE,High,AN033,Closed,2025-12-21,4,Closed - False Positive,0.6,N
ALT05994,C02838,2025-12-17,High-Risk Jurisdiction Transfer,22755.12,United Kingdom,Low,AN037,Closed,2025-12-18,1,Closed - False Positive,0.3,N
ALT01353,C00842,2025-12-17,Rapid Movement of Funds,26223.25,United Kingdom,Low,AN039,Closed,2025-12-18,1,Closed - False Positive,0.6,N
ALT00412,C02427,2025-12-17,Rapid Movement of Funds,15159.72,United Kingdom,Low,AN036,Closed,2025-12-25,8,Closed - False Positive,0.4,N
ALT04340,C02356,2025-12-17,Rapid Movement of Funds,20486.24,United Kingdom,High,AN034,Closed,2025-12-21,4,Closed - False Positive,0.9,N
ALT03751,C00466,2025-12-17,Structuring,7694.15,Hong Kong,Low,AN039,Closed,2025-12-22,5,Closed - False Positive,1.1,N
ALT02847,C01559,2025-12-17,Structuring,8736.65,Cyprus,Medium,AN038,Closed,2025-12-23,6,Closed - False Positive,0.3,N
ALT01548,C01939,2025-12-18,High-Risk Jurisdiction Transfer,12434.36,United Kingdom,Medium,AN034,Closed,2025-12-21,3,Closed - False Positive,0.5,N
ALT04805,C02117,2025-12-18,Unusual Activity vs Profile,40907.34,Cyprus,Medium,AN036,Closed,2025-12-31,13,Closed - False Positive,0.9,N
ALT04015,C00282,2025-12-18,Dormant Account Reactivation,25414.76,United Kingdom,Medium,AN034,Closed,2025-12-20,2,Closed - False Positive,0.6,N
ALT00625,C02026,2025-12-18,Unusual Activity vs Profile,6861.83,United Kingdom,Low,AN037,Open,,,Under Review,13.1,N
ALT05431,C00922,2025-12-18,High-Risk Jurisdiction Transfer,4440.26,United Kingdom,Medium,AN038,Closed,2025-12-20,2,Closed - False Positive,0.9,N
ALT02616,C01970,2025-12-18,Dormant Account Reactivation,56355.94,Ireland,High,AN039,Closed,2025-12-23,5,Closed - False Positive,0.8,N
ALT02695,C01831,2025-12-18,Dormant Account Reactivation,4221.51,United Kingdom,Low,AN034,Closed,2025-12-25,7,Closed - False Positive,0.9,N
ALT06466,C01623,2025-12-18,Rapid Movement of Funds,16419.12,France,Medium,AN040,Closed,2025-12-20,2,Closed - False Positive,0.6,N
ALT04794,C01600,2025-12-18,Unusual Activity vs Profile,9247.88,United Kingdom,Medium,AN040,Closed,2025-12-24,6,Closed - False Positive,0.3,N
ALT00021,C01823,2025-12-18,Large Cash Deposit,54816.54,United Kingdom,High,AN034,Open,,,Under Review,5.8,N
ALT00723,C00238,2025-12-18,Structuring,8258.73,United Kingdom,Low,AN038,Closed,2025-12-27,9,Closed - False Positive,0.8,N
ALT03978,C01523,2025-12-18,Unusual Activity vs Profile,8329.49,India,Medium,AN035,Open,,,Under Review,0.7,N
ALT05357,C00246,2025-12-18,Dormant Account Reactivation,14972.48,United Kingdom,Medium,AN036,Closed,2025-12-22,4,Closed - False Positive,0.5,N
ALT02883,C01122,2025-12-18,High-Risk Jurisdiction Transfer,3789.72,United Kingdom,Medium,AN040,Closed,2025-12-21,3,Closed - False Positive,0.6,N
ALT01679,C02554,2025-12-18,Rapid Movement of Funds,19957.29,Hong Kong,High,AN033,Closed,2025-12-22,4,Closed - False Positive,1.0,N
ALT02599,C00665,2025-12-18,Rapid Movement of Funds,2241.67,India,High,AN038,Closed,2025-12-23,5,Closed - False Positive,0.6,N
ALT03006,C00656,2025-12-18,Structuring,9079.34,United Kingdom,Medium,AN039,Closed,2025-12-28,10,Closed - False Positive,0.4,N
ALT03743,C00060,2025-12-18,Rapid Movement of Funds,1298.81,United Kingdom,High,AN040,Closed,2025-12-22,4,Closed - False Positive,0.9,N
ALT06211,C00694,2025-12-18,Unusual Activity vs Profile,3923.27,United Kingdom,Medium,AN036,Closed,2025-12-25,7,Closed - False Positive,0.5,N
ALT01830,C01410,2025-12-18,Rapid Movement of Funds,2483.6,United Kingdom,High,AN034,Open,,,Under Review,5.8,N
ALT04468,C01679,2025-12-18,Unusual Activity vs Profile,21972.0,UAE,Low,AN033,Closed,2025-12-23,5,Closed - False Positive,0.8,N
ALT06406,C01883,2025-12-18,Unusual Activity vs Profile,62404.68,United Kingdom,High,AN034,Closed,2025-12-29,11,Closed - False Positive,0.8,N
ALT00228,C00319,2025-12-18,Rapid Movement of Funds,1488.41,United Kingdom,Medium,AN034,Closed,2025-12-25,7,Closed - False Positive,0.5,N
ALT04575,C02416,2025-12-18,Round-Amount Transfers,7934.71,Russia,High,AN033,Closed,2025-12-22,4,Closed - False Positive,0.7,N
ALT02117,C02169,2025-12-18,Rapid Movement of Funds,2043.99,United Kingdom,Low,AN040,Closed,2025-12-26,8,Closed - False Positive,1.1,N
ALT03103,C02131,2025-12-18,High-Risk Jurisdiction Transfer,8832.54,United Kingdom,Medium,AN036,Open,,,Under Review,7.7,N
ALT01141,C01679,2025-12-18,High-Risk Jurisdiction Transfer,68882.85,Panama,High,AN036,Closed,2025-12-26,8,Closed - False Positive,0.4,N
ALT04332,C02522,2025-12-18,Large Cash Deposit,35019.09,United Kingdom,Low,AN033,Closed,2025-12-27,9,Closed - False Positive,0.8,N
ALT05691,C00813,2025-12-18,Unusual Activity vs Profile,17663.02,United Kingdom,Low,AN040,Closed,2025-12-27,9,Closed - False Positive,1.0,N
ALT01077,C01997,2025-12-18,High-Risk Jurisdiction Transfer,15427.27,United Kingdom,Medium,AN037,Closed,2025-12-22,4,Closed - False Positive,0.9,N
ALT00831,C00897,2025-12-18,Rapid Movement of Funds,7390.71,UAE,High,AN034,Closed,2025-12-21,3,Closed - False Positive,0.8,N
ALT05040,C01883,2025-12-18,High-Risk Jurisdiction Transfer,44654.12,United Kingdom,High,AN036,Open,,,Under Review,3.9,N
ALT02913,C00714,2025-12-19,Structuring,7051.48,UAE,Medium,AN036,Closed,2025-12-27,8,Closed - False Positive,1.1,N
ALT06231,C02353,2025-12-19,High-Risk Jurisdiction Transfer,12024.24,United Kingdom,Medium,AN033,Closed,2025-12-25,6,Closed - False Positive,0.3,N
ALT05939,C00611,2025-12-19,Structuring,7092.76,United Kingdom,High,AN034,Open,,,Under Review,9.9,N
ALT01125,C02162,2025-12-19,Rapid Movement of Funds,560.36,United Kingdom,Medium,AN034,Closed,2025-12-22,3,Closed - False Positive,0.8,N
ALT00836,C00690,2025-12-19,Round-Amount Transfers,58750.01,Ireland,High,AN038,Closed,2025-12-29,10,Closed - False Positive,0.9,N
ALT04295,C00115,2025-12-19,High-Risk Jurisdiction Transfer,18230.18,United Kingdom,High,AN033,Open,,,Under Review,13.9,N
ALT04570,C00060,2025-12-19,Unusual Activity vs Profile,9991.05,UAE,High,AN035,Closed,2025-12-30,11,Closed - False Positive,1.1,N
ALT04659,C02837,2025-12-19,Large Cash Deposit,17444.0,United Kingdom,Low,AN034,Closed,2025-12-24,5,Closed - False Positive,0.4,N
ALT04921,C00500,2025-12-19,High-Risk Jurisdiction Transfer,12612.78,United Kingdom,Low,AN033,Open,,,Under Review,0.4,N
ALT00271,C01003,2025-12-19,Unusual Activity vs Profile,2323.19,United Kingdom,Medium,AN038,Closed,2025-12-27,8,Closed - False Positive,0.3,N
ALT06242,C00865,2025-12-19,Dormant Account Reactivation,3182.41,Ireland,High,AN033,Closed,2025-12-22,3,Closed - False Positive,0.6,N
ALT04352,C00219,2025-12-19,Structuring,7220.55,United Kingdom,Low,AN037,Closed,2025-12-30,11,Closed - False Positive,0.8,N
ALT01188,C00813,2025-12-19,Rapid Movement of Funds,17190.05,Ireland,Low,AN035,Open,,,Under Review,1.1,N
ALT01772,C00512,2025-12-19,Large Cash Deposit,11124.38,United Kingdom,Low,AN037,Closed,2025-12-22,3,Closed - False Positive,0.6,N
ALT02008,C00405,2025-12-19,Rapid Movement of Funds,5322.67,United Kingdom,Low,AN034,Closed,2025-12-21,2,Closed - False Positive,0.7,N
ALT02787,C00813,2025-12-19,Large Cash Deposit,49803.51,Hong Kong,Medium,AN034,Closed,2025-12-23,4,Closed - False Positive,1.2,N
ALT03759,C01142,2025-12-19,Large Cash Deposit,30663.75,Nigeria,Medium,AN036,Closed,2025-12-20,1,Closed - False Positive,0.6,N
ALT02187,C00661,2025-12-19,Structuring,7545.99,United Kingdom,High,AN037,Open,,,Under Review,4.8,N
ALT04013,C02760,2025-12-19,Unusual Activity vs Profile,2372.84,United Kingdom,Low,AN034,Closed,2025-12-25,6,Closed - False Positive,0.3,N
ALT01944,C00052,2025-12-19,Large Cash Deposit,19259.51,United Kingdom,High,AN036,Closed,2025-12-29,10,Closed - False Positive,1.1,N
ALT00417,C01488,2025-12-19,Dormant Account Reactivation,15780.61,Germany,Low,AN040,Closed,2025-12-27,8,Closed - False Positive,0.8,N
ALT03182,C02834,2025-12-19,Structuring,8970.09,United States,High,AN035,Closed,2025-12-25,6,Closed - False Positive,0.4,N
ALT04187,C02934,2025-12-19,Rapid Movement of Funds,1295.88,United Kingdom,High,AN037,Closed,2025-12-22,3,Closed - False Positive,1.0,N
ALT01716,C02326,2025-12-19,Rapid Movement of Funds,91603.05,United Kingdom,High,AN033,Closed,2025-12-21,2,Closed - False Positive,0.4,N
ALT05485,C00440,2025-12-19,Round-Amount Transfers,16234.62,United Kingdom,High,AN037,Open,,,Under Review,6.7,N
ALT02425,C01883,2025-12-19,High-Risk Jurisdiction Transfer,10703.19,United Kingdom,High,AN038,Closed,2025-12-25,6,Closed - False Positive,0.4,N
ALT05386,C00196,2025-12-19,Rapid Movement of Funds,11387.43,United Kingdom,Medium,AN039,Closed,2025-12-22,3,Closed - False Positive,0.9,N
ALT03171,C01465,2025-12-19,Structuring,7112.97,UAE,Medium,AN038,Closed,2025-12-29,10,Escalated to Investigation,4.3,N
ALT05718,C02742,2025-12-19,Structuring,8260.38,Cyprus,Low,AN034,Closed,2025-12-26,7,Closed - False Positive,1.0,N
ALT06328,C01088,2025-12-19,Large Cash Deposit,12390.56,India,High,AN040,Closed,2025-12-28,9,Closed - False Positive,0.7,N
ALT02610,C00762,2025-12-19,Structuring,8855.26,Hong Kong,High,AN034,Closed,2025-12-20,1,Closed - False Positive,1.2,N
ALT06384,C01073,2025-12-19,Unusual Activity vs Profile,23365.32,United Kingdom,Low,AN033,Closed,2025-12-25,6,Closed - False Positive,1.2,N
ALT01460,C02959,2025-12-19,Large Cash Deposit,48937.14,United Kingdom,Medium,AN039,Closed,2025-12-21,2,Closed - False Positive,0.6,N
ALT01956,C01088,2025-12-19,Round-Amount Transfers,1786.07,United Kingdom,High,AN039,Closed,2025-12-27,8,Closed - False Positive,0.3,N
ALT02717,C00017,2025-12-19,Rapid Movement of Funds,5381.93,United Kingdom,High,AN040,Open,,,Under Review,5.6,N
ALT04978,C01341,2025-12-19,Structuring,7815.43,United Kingdom,Low,AN034,Closed,2025-12-25,6,Closed - False Positive,1.0,N
ALT03418,C01791,2025-12-20,Unusual Activity vs Profile,14645.6,United Kingdom,Medium,AN037,Closed,2025-12-24,4,Closed - False Positive,0.7,N
ALT03747,C02792,2025-12-20,Unusual Activity vs Profile,40369.48,United States,Medium,AN033,Closed,2025-12-28,8,Closed - False Positive,1.1,N
ALT04958,C02567,2025-12-20,Rapid Movement of Funds,7143.72,United Kingdom,Low,AN040,Closed,2025-12-25,5,Closed - False Positive,1.2,N
ALT03106,C02587,2025-12-20,Unusual Activity vs Profile,21857.35,United Kingdom,Medium,AN035,Closed,2025-12-22,2,Closed - False Positive,0.9,N
ALT01760,C01328,2025-12-20,Large Cash Deposit,43990.4,United Kingdom,Low,AN037,Closed,2025-12-29,9,Closed - False Positive,1.0,N
ALT01315,C02540,2025-12-20,Structuring,8477.45,Russia,Low,AN036,Open,,,Under Review,1.1,N
ALT01115,C02341,2025-12-20,Structuring,7081.05,Hong Kong,Medium,AN036,Closed,2025-12-26,6,Closed - False Positive,0.9,N
ALT01714,C02356,2025-12-20,High-Risk Jurisdiction Transfer,5475.22,United Kingdom,High,AN037,Closed,2025-12-26,6,Closed - False Positive,0.9,N
ALT03432,C01879,2025-12-20,Unusual Activity vs Profile,44752.57,United Kingdom,Medium,AN040,Closed,2025-12-23,3,Closed - False Positive,0.6,N
ALT05894,C00809,2025-12-20,Rapid Movement of Funds,4654.17,United Kingdom,Medium,AN037,Closed,2025-12-22,2,Closed - False Positive,0.6,N
ALT05606,C02356,2025-12-20,Unusual Activity vs Profile,1459.5,France,High,AN039,Closed,2025-12-23,3,Closed - False Positive,1.2,N
ALT03197,C01883,2025-12-20,Rapid Movement of Funds,10470.13,Nigeria,High,AN035,Closed,2025-12-23,3,Closed - False Positive,0.5,N
ALT03988,C00235,2025-12-20,Dormant Account Reactivation,110443.79,United Kingdom,High,AN034,Closed,2025-12-28,8,Closed - False Positive,0.9,N
ALT01272,C00692,2025-12-20,Large Cash Deposit,21790.99,United Kingdom,Low,AN037,Closed,2025-12-26,6,Closed - False Positive,1.0,N
ALT03708,C01803,2025-12-20,Unusual Activity vs Profile,2189.79,United Kingdom,High,AN033,Open,,,Under Review,10.6,N
ALT01323,C00520,2025-12-20,Large Cash Deposit,45544.14,United Kingdom,Medium,AN037,Open,,,Under Review,1.2,N
ALT05843,C01493,2025-12-20,Unusual Activity vs Profile,4798.56,France,Low,AN035,Closed,2025-12-23,3,Closed - False Positive,0.8,N
ALT03712,C02177,2025-12-20,Structuring,8273.72,Pakistan,Medium,AN040,Open,,,Under Review,0.6,N
ALT03380,C01516,2025-12-20,Unusual Activity vs Profile,39426.96,Pakistan,Medium,AN039,Closed,2025-12-31,11,Closed - False Positive,1.1,N
ALT06448,C02177,2025-12-20,High-Risk Jurisdiction Transfer,40422.36,United Kingdom,Low,AN040,Open,,,Under Review,0.6,N
ALT04489,C01081,2025-12-20,Unusual Activity vs Profile,12662.91,United Kingdom,Medium,AN036,Open,,,Under Review,0.4,N
ALT00183,C02237,2025-12-20,Rapid Movement of Funds,39065.87,Germany,High,AN037,Closed,2025-12-24,4,Closed - False Positive,1.0,N
ALT06440,C01662,2025-12-20,Unusual Activity vs Profile,11344.96,United Kingdom,High,AN034,Closed,2025-12-23,3,Closed - False Positive,0.4,N
ALT01127,C01045,2025-12-20,Structuring,7354.8,United Kingdom,High,AN035,Closed,2025-12-23,3,Closed - False Positive,0.9,N
ALT00721,C00733,2025-12-20,Rapid Movement of Funds,3077.83,United Kingdom,Low,AN037,Open,,,Under Review,11.6,N
ALT03498,C01243,2025-12-20,High-Risk Jurisdiction Transfer,10980.69,Nigeria,Low,AN035,Closed,2025-12-22,2,Closed - False Positive,0.3,N
ALT04409,C01939,2025-12-20,Round-Amount Transfers,15029.75,United Kingdom,Low,AN035,Closed,2025-12-28,8,Closed - False Positive,0.4,N
ALT04994,C01708,2025-12-20,Large Cash Deposit,58716.32,United Kingdom,High,AN037,Open,,,Under Review,0.6,N
ALT02648,C00611,2025-12-20,Rapid Movement of Funds,23258.43,India,High,AN039,Closed,2025-12-24,4,Closed - False Positive,0.7,N
ALT02200,C02893,2025-12-20,Structuring,9666.77,United Kingdom,Medium,AN039,Closed,2025-12-24,4,Closed - False Positive,1.2,N
ALT01502,C02841,2025-12-20,High-Risk Jurisdiction Transfer,9299.61,Russia,High,AN036,Closed,2025-12-28,8,Closed - False Positive,0.5,N
ALT02134,C02675,2025-12-20,Dormant Account Reactivation,3862.15,United Kingdom,High,AN038,Open,,,Under Review,8.1,N
ALT00211,C02916,2025-12-20,Rapid Movement of Funds,1999.84,Ireland,High,AN035,Closed,2025-12-26,6,Closed - False Positive,1.1,N
ALT02889,C02026,2025-12-20,High-Risk Jurisdiction Transfer,22455.61,Hong Kong,Medium,AN037,Open,,,Under Review,1.1,N
ALT00986,C02356,2025-12-20,Large Cash Deposit,30570.22,United Kingdom,High,AN037,Closed,2025-12-29,9,Closed - False Positive,0.4,N
ALT02113,C01851,2025-12-20,High-Risk Jurisdiction Transfer,17353.07,United Kingdom,High,AN038,Closed,2025-12-28,8,Closed - False Positive,0.8,N
ALT03022,C01541,2025-12-20,Structuring,9835.24,United Kingdom,High,AN037,Closed,2025-12-25,5,Closed - False Positive,0.6,N
ALT02166,C01283,2025-12-20,Rapid Movement of Funds,7165.83,UAE,Medium,AN033,Closed,2025-12-31,11,Closed - False Positive,1.0,N
ALT05543,C00600,2025-12-21,Rapid Movement of Funds,72986.52,United Kingdom,High,AN040,Closed,2025-12-30,9,Closed - False Positive,1.1,N
ALT00934,C02329,2025-12-21,Dormant Account Reactivation,1108.78,France,Medium,AN033,Closed,2025-12-25,4,Closed - False Positive,1.0,N
ALT00126,C00091,2025-12-21,Structuring,8295.34,Panama,Medium,AN033,Closed,2025-12-30,9,Closed - False Positive,0.5,N
ALT00425,C02773,2025-12-21,Dormant Account Reactivation,69355.86,United Kingdom,High,AN033,Closed,2025-12-24,3,Closed - False Positive,1.0,N
ALT02420,C02091,2025-12-21,Unusual Activity vs Profile,79307.45,United States,High,AN034,Closed,2025-12-22,1,Closed - False Positive,0.8,N
ALT06290,C00911,2025-12-21,Rapid Movement of Funds,58282.02,United Kingdom,High,AN037,Open,,,Under Review,5.4,N
ALT03445,C01388,2025-12-21,Unusual Activity vs Profile,2171.86,United Kingdom,Medium,AN037,Closed,2025-12-28,7,Closed - False Positive,0.3,N
ALT02357,C00909,2025-12-21,Large Cash Deposit,33956.41,Cyprus,Medium,AN039,Closed,2025-12-28,7,Closed - False Positive,1.0,N
ALT01338,C01460,2025-12-21,Unusual Activity vs Profile,50809.48,United Kingdom,High,AN034,Closed,2025-12-28,7,Closed - False Positive,1.2,N
ALT03516,C02269,2025-12-21,Large Cash Deposit,40962.47,United Kingdom,Medium,AN035,Closed,2025-12-24,3,Closed - False Positive,0.6,N
ALT01927,C00175,2025-12-21,Unusual Activity vs Profile,10452.42,United Kingdom,Low,AN035,Open,,,Under Review,8.1,N
ALT04390,C02706,2025-12-21,Unusual Activity vs Profile,22724.62,United Kingdom,Low,AN038,Closed,2025-12-22,1,Closed - False Positive,0.6,N
ALT04388,C02071,2025-12-21,Round-Amount Transfers,6020.55,United Kingdom,Low,AN038,Closed,2025-12-23,2,Closed - False Positive,1.2,N
ALT04353,C02895,2025-12-21,Unusual Activity vs Profile,85054.35,United Kingdom,High,AN036,Closed,2025-12-29,8,Closed - False Positive,0.9,N
ALT00917,C02353,2025-12-21,Unusual Activity vs Profile,12130.39,United Kingdom,Medium,AN039,Closed,2025-12-22,1,Closed - False Positive,0.4,N
ALT02017,C01198,2025-12-21,Unusual Activity vs Profile,7355.65,United Kingdom,Low,AN033,Open,,,Under Review,11.5,N
ALT03184,C00918,2025-12-21,Large Cash Deposit,34474.36,Russia,High,AN038,Closed,2025-12-30,9,Closed - False Positive,1.0,N
ALT00933,C00733,2025-12-21,Round-Amount Transfers,3398.85,Germany,Medium,AN039,Closed,2025-12-25,4,Closed - False Positive,0.6,N
ALT01629,C00845,2025-12-21,High-Risk Jurisdiction Transfer,29877.3,Russia,Low,AN038,Closed,2025-12-30,9,Closed - False Positive,0.7,N
ALT05420,C00804,2025-12-21,Structuring,9746.99,Nigeria,Low,AN034,Closed,2025-12-23,2,Closed - False Positive,0.5,N
ALT03769,C00624,2025-12-21,Structuring,9027.17,UAE,Low,AN034,Closed,2025-12-28,7,Closed - False Positive,0.7,N
ALT06149,C02561,2025-12-21,Structuring,8959.81,United Kingdom,High,AN040,Closed,2025-12-26,5,Closed - False Positive,0.4,N
ALT02256,C01117,2025-12-21,Unusual Activity vs Profile,43676.28,United Kingdom,Low,AN035,Closed,2025-12-27,6,Closed - False Positive,0.7,N
ALT01918,C00232,2025-12-21,High-Risk Jurisdiction Transfer,19756.2,Nigeria,Low,AN040,Closed,2025-12-28,7,Closed - False Positive,0.9,N
ALT04117,C02911,2025-12-21,Rapid Movement of Funds,9356.27,Russia,Medium,AN038,Open,,,Under Review,0.9,N
ALT01344,C00758,2025-12-21,Large Cash Deposit,11988.37,United Kingdom,Medium,AN040,Closed,2025-12-29,8,Closed - False Positive,0.9,N
ALT01812,C01086,2025-12-21,Unusual Activity vs Profile,15740.96,United Kingdom,High,AN039,Closed,2025-12-31,10,Closed - False Positive,0.7,N
ALT05846,C01851,2025-12-21,Rapid Movement of Funds,7366.74,United Kingdom,High,AN033,Closed,2025-12-23,2,Closed - False Positive,1.1,N
ALT02090,C01038,2025-12-21,Rapid Movement of Funds,5938.35,Cyprus,Medium,AN039,Closed,2025-12-23,2,Closed - False Positive,1.1,N
ALT05748,C00669,2025-12-21,Round-Amount Transfers,10686.31,United Kingdom,Medium,AN037,Closed,2025-12-28,7,Closed - False Positive,1.1,N
ALT05781,C02548,2025-12-21,Rapid Movement of Funds,10884.49,UAE,Low,AN038,Closed,2025-12-23,2,Closed - False Positive,0.7,N
ALT02515,C01541,2025-12-21,Rapid Movement of Funds,7867.16,Ireland,High,AN040,Closed,2025-12-24,3,Closed - False Positive,0.5,N
ALT00094,C02636,2025-12-21,Structuring,9393.52,United Kingdom,Low,AN037,Open,,,Under Review,0.6,N
ALT00047,C01268,2025-12-21,High-Risk Jurisdiction Transfer,22367.46,United States,Medium,AN036,Closed,2025-12-26,5,Closed - False Positive,0.9,N
ALT03750,C02375,2025-12-21,Unusual Activity vs Profile,1169.05,United Kingdom,Medium,AN034,Closed,2025-12-28,7,Closed - False Positive,0.6,N
ALT03819,C01611,2025-12-21,Rapid Movement of Funds,53687.7,Germany,High,AN039,Open,,,Under Review,0.4,N
ALT03761,C02234,2025-12-21,Rapid Movement of Funds,4689.32,India,Low,AN038,Closed,2025-12-28,7,Closed - False Positive,0.7,N
ALT01886,C00732,2025-12-21,Large Cash Deposit,39858.2,India,High,AN037,Closed,2025-12-26,5,Closed - False Positive,0.5,N
ALT00254,C00998,2025-12-21,High-Risk Jurisdiction Transfer,27965.59,Panama,High,AN038,Open,,,Under Review,10.0,N
ALT00346,C02526,2025-12-21,High-Risk Jurisdiction Transfer,30226.47,United Kingdom,Low,AN037,Closed,2025-12-28,7,Closed - False Positive,1.0,N
ALT04492,C02408,2025-12-21,Rapid Movement of Funds,11329.94,United Kingdom,Low,AN035,Closed,2025-12-23,2,Closed - False Positive,0.9,N
ALT04217,C02570,2025-12-21,Structuring,9361.32,United States,Low,AN035,Closed,2025-12-26,5,Closed - False Positive,0.9,N
ALT03426,C00004,2025-12-21,Unusual Activity vs Profile,29971.42,United States,High,AN036,Closed,2025-12-22,1,Closed - False Positive,1.0,N
ALT06171,C00669,2025-12-22,Structuring,7144.04,Nigeria,Low,AN033,Open,,,Under Review,0.5,N
ALT01550,C00199,2025-12-22,Dormant Account Reactivation,5154.93,United Kingdom,Medium,AN037,Open,,,Under Review,0.5,N
ALT05499,C00914,2025-12-22,Large Cash Deposit,55828.35,United Kingdom,High,AN036,Closed,2025-12-24,2,Closed - False Positive,0.5,N
ALT01904,C02729,2025-12-22,Unusual Activity vs Profile,6763.47,Ireland,Low,AN039,Closed,2025-12-29,7,Closed - False Positive,0.5,N
ALT05548,C00951,2025-12-22,Unusual Activity vs Profile,19350.04,United Kingdom,Medium,AN038,Open,,,Under Review,3.5,N
ALT04487,C02726,2025-12-22,Unusual Activity vs Profile,73841.48,India,High,AN036,Closed,2025-12-25,3,Closed - False Positive,0.5,N
ALT01452,C02726,2025-12-22,Structuring,8471.78,India,High,AN035,Closed,2025-12-25,3,Closed - False Positive,0.6,N
ALT00302,C01435,2025-12-22,High-Risk Jurisdiction Transfer,2173.71,Germany,High,AN038,Closed,2025-12-26,4,Closed - False Positive,0.9,N
ALT02799,C00539,2025-12-22,Unusual Activity vs Profile,19584.93,Russia,High,AN036,Closed,2025-12-23,1,Closed - False Positive,0.3,N
ALT04232,C00879,2025-12-22,High-Risk Jurisdiction Transfer,9055.94,United Kingdom,Low,AN033,Closed,2025-12-27,5,Closed - False Positive,0.8,N
ALT04549,C01121,2025-12-22,Dormant Account Reactivation,49032.9,Germany,Low,AN036,Closed,2025-12-28,6,Closed - False Positive,1.1,N
ALT03914,C02385,2025-12-22,Rapid Movement of Funds,53140.77,United States,High,AN038,Closed,2025-12-28,6,Closed - False Positive,0.9,N
ALT00305,C00133,2025-12-22,High-Risk Jurisdiction Transfer,1349.81,India,High,AN036,Closed,2025-12-25,3,Closed - False Positive,1.1,N
ALT02927,C02371,2025-12-22,Dormant Account Reactivation,14474.44,United Kingdom,Low,AN033,Open,,,Under Review,0.6,N
ALT01032,C00970,2025-12-22,Large Cash Deposit,42526.09,United Kingdom,High,AN036,Open,,,Under Review,13.4,N
ALT01627,C01711,2025-12-22,Structuring,8099.08,United Kingdom,Medium,AN035,Open,,,Under Review,0.9,N
ALT00409,C00689,2025-12-22,Structuring,7536.47,United Kingdom,Low,AN039,Closed,2025-12-28,6,Closed - False Positive,0.5,N
ALT03687,C00331,2025-12-22,Large Cash Deposit,27457.78,United Kingdom,Medium,AN033,Closed,2025-12-27,5,Closed - False Positive,1.1,N
ALT02052,C00063,2025-12-22,Unusual Activity vs Profile,1881.84,United Kingdom,Low,AN033,Open,,,Under Review,12.1,N
ALT01037,C02329,2025-12-22,Rapid Movement of Funds,36764.31,United Kingdom,Low,AN038,Closed,2025-12-27,5,Closed - False Positive,1.0,N
ALT01588,C00265,2025-12-22,Rapid Movement of Funds,12798.58,United Kingdom,High,AN037,Closed,2025-12-24,2,Closed - False Positive,0.7,N
ALT02314,C02216,2025-12-22,Unusual Activity vs Profile,7125.55,France,Low,AN035,Closed,2025-12-30,8,Closed - False Positive,0.3,N
ALT02480,C00471,2025-12-22,High-Risk Jurisdiction Transfer,26370.0,United Kingdom,Low,AN033,Closed,2025-12-25,3,Closed - False Positive,0.7,N
ALT02144,C01071,2025-12-22,High-Risk Jurisdiction Transfer,9586.4,Pakistan,Low,AN039,Closed,2025-12-30,8,Closed - False Positive,0.9,N
ALT06263,C00813,2025-12-22,Rapid Movement of Funds,4404.24,United Kingdom,Medium,AN040,Closed,2025-12-26,4,Closed - False Positive,0.6,N
ALT00015,C00879,2025-12-22,Large Cash Deposit,42566.63,United Kingdom,Low,AN034,Closed,2025-12-28,6,Closed - False Positive,0.6,N
ALT06013,C01628,2025-12-22,Structuring,7683.97,United Kingdom,High,AN040,Closed,2025-12-24,2,Closed - False Positive,0.5,N
ALT03963,C02898,2025-12-22,Round-Amount Transfers,17971.25,UAE,Medium,AN040,Closed,2025-12-25,3,Closed - False Positive,0.4,N
ALT01331,C02621,2025-12-22,Rapid Movement of Funds,19979.38,United Kingdom,Medium,AN038,Open,,,Under Review,0.6,N
ALT05572,C02520,2025-12-22,Rapid Movement of Funds,8550.38,Pakistan,Low,AN035,Closed,2025-12-24,2,Closed - False Positive,0.5,N
ALT05954,C01575,2025-12-22,Round-Amount Transfers,12760.83,United Kingdom,Low,AN036,Open,,,Under Review,0.9,N
ALT03132,C01714,2025-12-22,Large Cash Deposit,31894.58,United Kingdom,Low,AN033,Closed,2025-12-31,9,Closed - False Positive,0.3,N
ALT00046,C02178,2025-12-22,High-Risk Jurisdiction Transfer,15899.0,United Kingdom,Low,AN033,Closed,2025-12-27,5,Closed - False Positive,0.6,N
ALT01236,C02589,2025-12-22,Rapid Movement of Funds,24981.47,United Kingdom,Medium,AN034,Closed,2025-12-23,1,Closed - False Positive,1.2,N
ALT00441,C00665,2025-12-22,Rapid Movement of Funds,17308.62,United Kingdom,High,AN035,Open,,,Under Review,1.0,N
ALT03210,C02283,2025-12-22,Rapid Movement of Funds,32872.87,Nigeria,Medium,AN040,Closed,2025-12-26,4,Closed - False Positive,1.2,N
ALT05197,C00977,2025-12-23,Unusual Activity vs Profile,31538.46,United Kingdom,Medium,AN035,Open,,,Under Review,0.9,N
ALT00964,C01132,2025-12-23,Dormant Account Reactivation,23782.36,United Kingdom,Low,AN034,Open,,,Under Review,0.4,N
ALT06356,C02071,2025-12-23,Structuring,9586.57,United Kingdom,Medium,AN039,Closed,2025-12-29,6,Closed - False Positive,0.9,N
ALT02311,C02587,2025-12-23,Dormant Account Reactivation,1802.78,Nigeria,Medium,AN034,Closed,2025-12-27,4,Closed - False Positive,1.1,N
ALT05598,C00410,2025-12-23,Structuring,7183.84,India,Low,AN034,Closed,2025-12-27,4,Closed - False Positive,0.7,N
ALT04784,C01837,2025-12-23,Rapid Movement of Funds,9230.1,United Kingdom,Medium,AN037,Closed,2025-12-24,1,Closed - False Positive,1.0,N
ALT04422,C00070,2025-12-23,Dormant Account Reactivation,1764.08,United Kingdom,High,AN040,Closed,2025-12-25,2,Closed - False Positive,1.1,N
ALT04458,C01605,2025-12-23,Round-Amount Transfers,15895.47,United Kingdom,Medium,AN033,Open,,,Under Review,0.7,N
ALT01002,C01595,2025-12-23,Unusual Activity vs Profile,8188.9,United Kingdom,Medium,AN036,Closed,2025-12-29,6,Closed - False Positive,0.8,N
ALT00520,C00353,2025-12-23,Rapid Movement of Funds,26365.52,United Kingdom,High,AN033,Closed,2025-12-30,7,Closed - False Positive,0.8,N
ALT06350,C02078,2025-12-23,Large Cash Deposit,29663.26,United Kingdom,Low,AN038,Open,,,Under Review,12.9,N
ALT00153,C02114,2025-12-23,Large Cash Deposit,35668.25,India,Low,AN037,Closed,2025-12-31,8,Closed - False Positive,0.7,N
ALT01028,C00737,2025-12-23,Rapid Movement of Funds,7560.83,United Kingdom,High,AN034,Open,,,Under Review,0.9,N
ALT00883,C02850,2025-12-23,Large Cash Deposit,48418.73,United Kingdom,High,AN034,Open,,,Under Review,13.0,N
ALT01523,C00749,2025-12-23,Unusual Activity vs Profile,20591.46,United Kingdom,Medium,AN034,Closed,2025-12-28,5,Closed - False Positive,0.6,N
ALT06240,C01015,2025-12-23,Structuring,8135.32,United Kingdom,High,AN037,Closed,2025-12-29,6,Closed - False Positive,0.5,N
ALT05870,C00897,2025-12-23,High-Risk Jurisdiction Transfer,6946.35,Hong Kong,High,AN039,Closed,2025-12-30,7,Closed - False Positive,0.8,N
ALT02978,C00822,2025-12-23,Structuring,8678.76,Nigeria,High,AN039,Closed,2025-12-24,1,Closed - False Positive,0.6,N
ALT04664,C00860,2025-12-23,Structuring,9591.35,United Kingdom,Medium,AN037,Closed,2025-12-26,3,Closed - False Positive,0.9,N
ALT04985,C02402,2025-12-23,Rapid Movement of Funds,8050.62,Nigeria,Medium,AN036,Closed,2025-12-25,2,Closed - False Positive,1.0,N
ALT02681,C01429,2025-12-23,Unusual Activity vs Profile,5873.54,Pakistan,Low,AN036,Closed,2025-12-30,7,Closed - False Positive,1.2,N
ALT02466,C00238,2025-12-23,Rapid Movement of Funds,20544.07,Germany,Low,AN038,Open,,,Under Review,13.7,N
ALT03870,C00085,2025-12-23,Structuring,7257.28,UAE,Medium,AN038,Open,,,Under Review,10.8,N
ALT05253,C02726,2025-12-23,Round-Amount Transfers,66995.65,United Kingdom,High,AN037,Closed,2025-12-24,1,Closed - False Positive,0.6,N
ALT03101,C01559,2025-12-23,Unusual Activity vs Profile,4691.52,United Kingdom,Low,AN033,Open,,,Under Review,0.4,N
ALT02705,C01663,2025-12-23,Large Cash Deposit,56300.24,United Kingdom,High,AN034,Closed,2025-12-31,8,Closed - False Positive,0.5,N
ALT05837,C01688,2025-12-23,Rapid Movement of Funds,16569.2,United Kingdom,Low,AN037,Open,,,Under Review,0.4,N
ALT02034,C00050,2025-12-23,High-Risk Jurisdiction Transfer,4301.33,United Kingdom,Low,AN040,Open,,,Under Review,0.7,N
ALT05266,C02151,2025-12-23,Rapid Movement of Funds,9565.12,Pakistan,Low,AN039,Closed,2025-12-26,3,Closed - False Positive,1.1,N
ALT02073,C01273,2025-12-23,Unusual Activity vs Profile,8546.08,United Kingdom,Low,AN034,Closed,2025-12-27,4,Closed - False Positive,0.5,N
ALT05911,C01679,2025-12-23,Structuring,9360.19,Pakistan,Medium,AN035,Closed,2025-12-27,4,Closed - False Positive,0.5,N
ALT01833,C02587,2025-12-23,Rapid Movement of Funds,20800.27,United Kingdom,Low,AN039,Open,,,Under Review,1.1,N
ALT02813,C02450,2025-12-23,Dormant Account Reactivation,10722.82,United Kingdom,Medium,AN036,Open,,,Under Review,0.5,N
ALT04370,C02849,2025-12-23,Rapid Movement of Funds,17933.42,United Kingdom,Medium,AN039,Open,,,Under Review,0.9,N
ALT01228,C02345,2025-12-23,Unusual Activity vs Profile,6219.61,Germany,High,AN039,Closed,2025-12-30,7,Closed - False Positive,1.0,N
ALT06097,C02388,2025-12-23,High-Risk Jurisdiction Transfer,8071.14,France,Medium,AN035,Open,,,Under Review,5.6,N
ALT01496,C01058,2025-12-23,High-Risk Jurisdiction Transfer,16678.4,India,Medium,AN036,Closed,2025-12-28,5,Closed - False Positive,0.6,N
ALT05015,C02222,2025-12-23,Rapid Movement of Funds,9900.77,Germany,Medium,AN037,Closed,2025-12-27,4,Closed - False Positive,1.0,N
ALT03067,C00264,2025-12-23,Dormant Account Reactivation,16144.66,India,Low,AN039,Open,,,Under Review,0.8,N
ALT05315,C01652,2025-12-23,Rapid Movement of Funds,35642.45,United Kingdom,Medium,AN033,Closed,2025-12-29,6,Closed - False Positive,0.7,N
ALT03892,C00204,2025-12-23,Unusual Activity vs Profile,11831.0,United Kingdom,Low,AN038,Closed,2025-12-27,4,Closed - False Positive,1.0,N
ALT02428,C00469,2025-12-23,Structuring,8287.92,India,Medium,AN037,Closed,2025-12-26,3,Closed - False Positive,0.6,N
ALT04180,C02222,2025-12-23,Unusual Activity vs Profile,12744.2,United Kingdom,Low,AN033,Closed,2025-12-26,3,Closed - False Positive,0.6,N
ALT06220,C02494,2025-12-24,Dormant Account Reactivation,8721.06,Nigeria,Medium,AN033,Open,,,Under Review,1.1,N
ALT02877,C01885,2025-12-24,Dormant Account Reactivation,72150.82,United Kingdom,High,AN035,Open,,,Under Review,1.0,N
ALT06427,C00951,2025-12-24,Structuring,9442.91,United Kingdom,Low,AN033,Open,,,Under Review,0.4,N
ALT03580,C02234,2025-12-24,Large Cash Deposit,17117.22,United Kingdom,Medium,AN040,Closed,2025-12-31,7,Closed - False Positive,0.6,N
ALT00333,C00111,2025-12-24,Large Cash Deposit,30109.98,United Kingdom,Low,AN040,Closed,2025-12-29,5,Closed - False Positive,0.3,N
ALT00162,C02501,2025-12-24,Dormant Account Reactivation,18038.96,India,Low,AN033,Closed,2025-12-29,5,Closed - False Positive,0.7,N
ALT01581,C00193,2025-12-24,Rapid Movement of Funds,13312.53,United Kingdom,Medium,AN038,Closed,2025-12-31,7,Closed - False Positive,0.4,N
ALT06261,C01727,2025-12-24,Dormant Account Reactivation,44589.94,India,Low,AN038,Open,,,Under Review,1.0,N
ALT00252,C00161,2025-12-24,High-Risk Jurisdiction Transfer,9351.84,UAE,Low,AN035,Open,,,Under Review,12.0,N
ALT00242,C01291,2025-12-24,Round-Amount Transfers,47241.52,France,Medium,AN034,Closed,2025-12-25,1,Closed - False Positive,0.5,N
ALT02888,C01711,2025-12-24,Rapid Movement of Funds,6217.85,United Kingdom,Low,AN040,Closed,2025-12-31,7,Closed - False Positive,0.3,N
ALT05036,C01088,2025-12-24,Unusual Activity vs Profile,35047.82,United Kingdom,High,AN040,Open,,,Under Review,8.3,N
ALT00016,C02726,2025-12-24,Round-Amount Transfers,3374.23,United States,High,AN035,Open,,,Under Review,0.8,N
ALT00437,C02484,2025-12-24,High-Risk Jurisdiction Transfer,16554.45,United Kingdom,Medium,AN035,Closed,2025-12-26,2,Closed - False Positive,0.3,N
ALT03324,C01085,2025-12-24,Unusual Activity vs Profile,22537.11,United Kingdom,Low,AN040,Closed,2025-12-27,3,Closed - False Positive,0.6,N
ALT01623,C00885,2025-12-24,Rapid Movement of Funds,6037.65,United Kingdom,Medium,AN039,Closed,2025-12-27,3,Closed - False Positive,0.4,N
ALT06421,C01734,2025-12-24,Dormant Account Reactivation,56497.75,United Kingdom,High,AN033,Open,,,Under Review,0.9,N
ALT01285,C02246,2025-12-24,Large Cash Deposit,40925.94,United Kingdom,Medium,AN039,Closed,2025-12-29,5,Closed - False Positive,1.0,N
ALT02846,C02726,2025-12-24,Structuring,8030.86,United Kingdom,High,AN038,Open,,,Under Review,10.8,N
ALT04534,C01285,2025-12-24,Dormant Account Reactivation,15116.86,United Kingdom,High,AN035,Open,,,Under Review,0.9,N
ALT02342,C01883,2025-12-24,Structuring,8721.42,Pakistan,High,AN038,Open,,,Under Review,0.8,N
ALT00687,C00702,2025-12-24,Dormant Account Reactivation,15200.94,United Kingdom,High,AN033,Closed,2025-12-25,1,Closed - False Positive,1.2,N
ALT02497,C02663,2025-12-24,Round-Amount Transfers,199027.36,United Kingdom,High,AN037,Open,,,Under Review,0.4,N
ALT04325,C01714,2025-12-24,Unusual Activity vs Profile,12356.67,United Kingdom,Medium,AN040,Open,,,Under Review,0.7,N
ALT00654,C02974,2025-12-24,Structuring,7304.81,United Kingdom,High,AN040,Open,,,Under Review,0.9,N
ALT01990,C01184,2025-12-24,Structuring,7490.67,UAE,Medium,AN036,Closed,2025-12-27,3,Closed - False Positive,0.8,N
ALT03980,C01718,2025-12-24,High-Risk Jurisdiction Transfer,2628.31,UAE,Medium,AN037,Open,,,Under Review,10.3,N
ALT02748,C02315,2025-12-24,Rapid Movement of Funds,5425.84,United Kingdom,Medium,AN036,Closed,2025-12-31,7,Closed - False Positive,0.3,N
ALT02349,C00199,2025-12-24,Rapid Movement of Funds,16738.75,UAE,Medium,AN037,Open,,,Under Review,0.8,N
ALT05446,C01410,2025-12-24,Dormant Account Reactivation,64213.98,Pakistan,High,AN033,Open,,,Under Review,0.9,N
ALT04227,C02524,2025-12-24,High-Risk Jurisdiction Transfer,513.22,Ireland,Low,AN037,Open,,,Under Review,3.3,N
ALT05225,C02385,2025-12-24,High-Risk Jurisdiction Transfer,38074.77,United Kingdom,High,AN038,Closed,2025-12-28,4,Closed - False Positive,0.6,N
ALT01965,C01719,2025-12-24,Unusual Activity vs Profile,19594.38,Ireland,High,AN035,Open,,,Under Review,9.4,N
ALT04712,C00296,2025-12-24,Unusual Activity vs Profile,4994.15,United Kingdom,Low,AN036,Closed,2025-12-31,7,Closed - False Positive,0.7,N
ALT01784,C00762,2025-12-24,Unusual Activity vs Profile,11539.43,United Kingdom,High,AN033,Closed,2025-12-26,2,Closed - False Positive,1.0,N
ALT05173,C00979,2025-12-25,Dormant Account Reactivation,3821.92,United Kingdom,Medium,AN037,Closed,2025-12-29,4,Closed - False Positive,0.9,N
ALT03899,C00527,2025-12-25,Structuring,9450.46,Ireland,Medium,AN034,Closed,2025-12-29,4,Closed - False Positive,0.7,N
ALT01389,C00693,2025-12-25,Large Cash Deposit,51272.08,United Kingdom,High,AN038,Closed,2025-12-31,6,Closed - False Positive,1.2,N
ALT04236,C01883,2025-12-25,Dormant Account Reactivation,19181.55,United Kingdom,High,AN036,Closed,2025-12-29,4,Closed - False Positive,0.9,N
ALT03792,C01008,2025-12-25,Unusual Activity vs Profile,5772.64,United Kingdom,Low,AN036,Open,,,Under Review,0.6,N
ALT04629,C01883,2025-12-25,Unusual Activity vs Profile,7335.83,United Kingdom,High,AN035,Open,,,Under Review,1.0,N
ALT04218,C01166,2025-12-25,Rapid Movement of Funds,2965.07,United Kingdom,Medium,AN039,Open,,,Under Review,1.0,N
ALT00433,C01841,2025-12-25,Structuring,7094.04,Germany,Low,AN034,Closed,2025-12-30,5,Closed - False Positive,0.4,N
ALT04675,C02735,2025-12-25,Rapid Movement of Funds,8431.46,United Kingdom,Low,AN033,Closed,2025-12-30,5,Closed - False Positive,0.9,N
ALT01891,C02013,2025-12-25,Round-Amount Transfers,12740.68,United Kingdom,Low,AN035,Open,,,Under Review,1.1,N
ALT02456,C01370,2025-12-25,Structuring,9519.9,United Kingdom,Low,AN035,Closed,2025-12-28,3,Closed - False Positive,0.4,N
ALT01768,C02380,2025-12-25,Dormant Account Reactivation,6016.46,United Kingdom,High,AN034,Open,,,Under Review,8.3,N
ALT02750,C00884,2025-12-25,Unusual Activity vs Profile,22890.92,United Kingdom,Medium,AN039,Open,,,Under Review,0.9,N
ALT06236,C00463,2025-12-25,High-Risk Jurisdiction Transfer,71120.87,United Kingdom,High,AN039,Closed,2025-12-29,4,Closed - False Positive,0.5,N
ALT01486,C01705,2025-12-25,Large Cash Deposit,34234.44,United Kingdom,Medium,AN037,Closed,2025-12-28,3,Closed - False Positive,0.9,N
ALT04465,C00804,2025-12-25,Round-Amount Transfers,25171.15,Nigeria,Medium,AN038,Closed,2025-12-29,4,Closed - False Positive,0.4,N
ALT00278,C02701,2025-12-25,Rapid Movement of Funds,1978.2,United Kingdom,High,AN038,Closed,2025-12-30,5,Closed - False Positive,1.2,N
ALT00282,C02880,2025-12-25,Unusual Activity vs Profile,9873.43,United Kingdom,High,AN034,Open,,,Under Review,1.0,N
ALT04647,C01507,2025-12-25,Dormant Account Reactivation,1419.84,United States,High,AN036,Open,,,Under Review,0.6,N
ALT02647,C00406,2025-12-25,High-Risk Jurisdiction Transfer,47813.33,United Kingdom,Medium,AN040,Closed,2025-12-29,4,Closed - False Positive,0.5,N
ALT02495,C01657,2025-12-25,Dormant Account Reactivation,4093.43,United Kingdom,Low,AN034,Open,,,Under Review,1.1,N
ALT01316,C02071,2025-12-25,Structuring,7453.33,United Kingdom,Low,AN035,Closed,2025-12-28,3,Closed - False Positive,0.8,N
ALT05839,C01883,2025-12-25,Large Cash Deposit,11830.94,Ireland,High,AN040,Open,,,Under Review,9.1,N
ALT01303,C00988,2025-12-25,Round-Amount Transfers,10889.99,Germany,Medium,AN034,Closed,2025-12-29,4,Closed - False Positive,0.9,N
ALT03554,C00365,2025-12-25,High-Risk Jurisdiction Transfer,83677.64,United Kingdom,High,AN035,Closed,2025-12-26,1,Closed - False Positive,0.4,N
ALT05271,C00081,2025-12-25,High-Risk Jurisdiction Transfer,24535.51,United Kingdom,Medium,AN035,Closed,2025-12-29,4,Closed - False Positive,0.6,N
ALT04167,C02160,2025-12-25,Structuring,7859.77,India,Low,AN040,Closed,2025-12-31,6,Closed - False Positive,0.7,N
ALT02823,C01971,2025-12-25,Large Cash Deposit,55942.74,United Kingdom,High,AN033,Closed,2025-12-27,2,Closed - False Positive,1.0,N
ALT02197,C01886,2025-12-25,Large Cash Deposit,36294.45,United Kingdom,Medium,AN035,Open,,,Under Review,0.3,N
ALT04389,C01486,2025-12-25,Unusual Activity vs Profile,11735.96,India,Medium,AN035,Closed,2025-12-29,4,Closed - False Positive,0.5,N
ALT00901,C02242,2025-12-25,Large Cash Deposit,42588.65,United Kingdom,Low,AN036,Open,,,Under Review,12.9,N
ALT06304,C02726,2025-12-25,Unusual Activity vs Profile,1821.27,United Kingdom,High,AN037,Open,,,Under Review,5.9,N
ALT03487,C01600,2025-12-25,Large Cash Deposit,18698.88,United Kingdom,Medium,AN039,Closed,2025-12-29,4,Closed - False Positive,1.1,N
ALT06172,C00665,2025-12-25,Unusual Activity vs Profile,12007.09,United States,High,AN038,Open,,,Under Review,1.0,N
ALT01489,C00290,2025-12-25,Unusual Activity vs Profile,32307.09,United Kingdom,Medium,AN033,Closed,2025-12-29,4,Closed - False Positive,0.8,N
ALT04321,C01091,2025-12-25,Rapid Movement of Funds,15302.93,United Kingdom,Low,AN040,Open,,,Under Review,1.2,N
ALT02194,C00984,2025-12-25,Rapid Movement of Funds,31743.91,United Kingdom,High,AN033,Closed,2025-12-27,2,Closed - False Positive,0.8,N
ALT00130,C00839,2025-12-25,Rapid Movement of Funds,32825.86,France,High,AN037,Closed,2025-12-28,3,Closed - False Positive,0.5,N
ALT05666,C02104,2025-12-25,High-Risk Jurisdiction Transfer,4451.75,United Kingdom,Low,AN034,Closed,2025-12-29,4,Closed - False Positive,0.3,N
ALT03617,C01541,2025-12-26,High-Risk Jurisdiction Transfer,40910.85,Hong Kong,High,AN034,Closed,2025-12-31,5,Closed - False Positive,0.9,N
ALT02719,C01032,2025-12-26,Large Cash Deposit,39506.59,United Kingdom,Low,AN033,Open,,,Under Review,0.6,N
ALT03016,C00640,2025-12-26,High-Risk Jurisdiction Transfer,16421.59,United Kingdom,Medium,AN036,Open,,,Under Review,11.1,N
ALT01333,C01679,2025-12-26,Round-Amount Transfers,6666.31,United Kingdom,Low,AN035,Open,,,Under Review,0.4,N
ALT06166,C02380,2025-12-26,High-Risk Jurisdiction Transfer,4064.06,Ireland,High,AN038,Open,,,Under Review,8.5,N
ALT06226,C00979,2025-12-26,High-Risk Jurisdiction Transfer,6982.42,United Kingdom,Low,AN040,Open,,,Under Review,0.5,N
ALT03072,C02802,2025-12-26,Unusual Activity vs Profile,2581.54,UAE,High,AN034,Open,,,Under Review,1.0,N
ALT01529,C00091,2025-12-26,Dormant Account Reactivation,127192.82,Ireland,High,AN033,Closed,2025-12-28,2,Closed - False Positive,0.5,N
ALT01800,C01461,2025-12-26,Rapid Movement of Funds,119720.77,India,High,AN033,Open,,,Under Review,1.2,N
ALT03804,C00292,2025-12-26,Dormant Account Reactivation,18322.69,United States,Medium,AN039,Open,,,Under Review,0.7,N
ALT02572,C01108,2025-12-26,Rapid Movement of Funds,5074.99,United Kingdom,Medium,AN039,Closed,2025-12-28,2,Closed - False Positive,0.4,N
ALT02658,C02802,2025-12-26,High-Risk Jurisdiction Transfer,212672.8,United Kingdom,High,AN035,Open,,,Under Review,3.5,N
ALT05008,C01111,2025-12-26,Large Cash Deposit,11716.23,United Kingdom,Low,AN037,Closed,2025-12-31,5,Closed - False Positive,0.4,N
ALT02654,C00573,2025-12-26,Dormant Account Reactivation,113748.41,United Kingdom,High,AN034,Open,,,Under Review,0.9,N
ALT05582,C02380,2025-12-26,Unusual Activity vs Profile,17076.3,India,High,AN038,Open,,,Under Review,1.0,N
ALT01809,C02066,2025-12-26,Round-Amount Transfers,5087.9,Nigeria,Low,AN035,Open,,,Under Review,0.9,N
ALT04593,C00068,2025-12-26,Unusual Activity vs Profile,8459.55,United Kingdom,Medium,AN034,Closed,2025-12-29,3,Closed - False Positive,0.4,N
ALT03808,C01548,2025-12-26,Unusual Activity vs Profile,1435.48,India,High,AN039,Closed,2025-12-29,3,Closed - False Positive,0.8,N
ALT01017,C02670,2025-12-26,Dormant Account Reactivation,43849.13,United Kingdom,Medium,AN033,Closed,2025-12-30,4,Closed - False Positive,0.6,N
ALT00167,C01851,2025-12-26,Structuring,7236.2,France,High,AN036,Open,,,Under Review,9.8,N
ALT06181,C01224,2025-12-26,High-Risk Jurisdiction Transfer,17839.96,Ireland,High,AN036,Closed,2025-12-30,4,Closed - False Positive,0.4,N
ALT01919,C00565,2025-12-26,Rapid Movement of Funds,53009.08,Ireland,High,AN035,Open,,,Under Review,0.6,N
ALT04016,C01276,2025-12-26,Dormant Account Reactivation,8681.14,United Kingdom,Low,AN040,Open,,,Under Review,6.6,N
ALT00969,C02428,2025-12-26,Rapid Movement of Funds,24104.0,United Kingdom,Medium,AN036,Open,,,Under Review,0.9,N
ALT00584,C00932,2025-12-26,Unusual Activity vs Profile,15387.35,United Kingdom,Medium,AN037,Open,,,Under Review,0.4,N
ALT01688,C00292,2025-12-26,High-Risk Jurisdiction Transfer,6455.24,United Kingdom,Low,AN036,Open,,,Under Review,0.3,N
ALT05403,C02053,2025-12-26,Rapid Movement of Funds,4985.96,United Kingdom,Low,AN038,Open,,,Under Review,0.4,N
ALT00237,C00885,2025-12-26,Rapid Movement of Funds,10199.38,Russia,Low,AN034,Closed,2025-12-31,5,Closed - False Positive,0.4,N
ALT06480,C01971,2025-12-26,Unusual Activity vs Profile,21546.21,Cyprus,High,AN035,Open,,,Under Review,0.4,N
ALT04335,C01851,2025-12-26,Structuring,7592.1,United Kingdom,High,AN033,Open,,,Under Review,0.8,N
ALT03523,C02271,2025-12-26,Unusual Activity vs Profile,11740.49,United Kingdom,Low,AN037,Closed,2025-12-28,2,Closed - False Positive,0.7,N
ALT05376,C02181,2025-12-26,Round-Amount Transfers,24000.84,United States,Low,AN039,Closed,2025-12-29,3,Closed - False Positive,1.0,N
ALT06059,C00813,2025-12-26,Unusual Activity vs Profile,3326.47,United Kingdom,Medium,AN035,Open,,,Under Review,0.8,N
ALT01999,C00112,2025-12-26,Rapid Movement of Funds,10695.96,United Kingdom,Low,AN034,Closed,2025-12-27,1,Closed - False Positive,0.8,N
ALT01860,C02790,2025-12-26,Unusual Activity vs Profile,3891.47,United Kingdom,Medium,AN034,Closed,2025-12-30,4,Closed - False Positive,0.4,N
ALT01297,C02619,2025-12-26,Rapid Movement of Funds,10257.34,United Kingdom,Medium,AN038,Open,,,Under Review,0.6,N
ALT02374,C00769,2025-12-26,Dormant Account Reactivation,24405.34,United States,Medium,AN035,Closed,2025-12-28,2,Closed - False Positive,0.8,N
ALT05199,C01467,2025-12-26,Large Cash Deposit,42099.55,Nigeria,Medium,AN039,Open,,,Under Review,0.8,N
ALT06041,C00571,2025-12-26,High-Risk Jurisdiction Transfer,6128.82,Germany,Low,AN034,Closed,2025-12-31,5,Closed - False Positive,0.5,N
ALT02876,C00072,2025-12-26,High-Risk Jurisdiction Transfer,7339.77,United Kingdom,Medium,AN039,Closed,2025-12-28,2,Closed - False Positive,0.6,N
ALT05143,C00313,2025-12-26,Round-Amount Transfers,10256.13,United Kingdom,Medium,AN036,Closed,2025-12-27,1,Closed - False Positive,0.6,N
ALT02032,C02934,2025-12-26,High-Risk Jurisdiction Transfer,21543.54,India,High,AN035,Open,,,Under Review,0.9,N
ALT03758,C02443,2025-12-26,Rapid Movement of Funds,87252.84,France,High,AN039,Open,,,Under Review,1.1,N
ALT00024,C01658,2025-12-26,Unusual Activity vs Profile,9517.14,Panama,Low,AN039,Closed,2025-12-28,2,Closed - False Positive,0.6,N
ALT04025,C02345,2025-12-26,Large Cash Deposit,16211.19,United Kingdom,High,AN040,Open,,,Under Review,0.8,N
ALT06334,C00296,2025-12-26,Large Cash Deposit,51528.63,United Kingdom,High,AN034,Open,,,Under Review,1.2,N
ALT04300,C01541,2025-12-26,Structuring,9240.27,United Kingdom,High,AN033,Open,,,Under Review,0.5,N
ALT00830,C01822,2025-12-26,High-Risk Jurisdiction Transfer,78781.03,United Kingdom,High,AN036,Open,,,Under Review,4.0,N
ALT00623,C01909,2025-12-26,Rapid Movement of Funds,3163.35,India,Medium,AN035,Open,,,Under Review,0.5,N
ALT05624,C02494,2025-12-26,Structuring,7393.71,United Kingdom,Low,AN037,Open,,,Under Review,0.9,N
ALT00841,C02495,2025-12-26,Rapid Movement of Funds,9679.12,Hong Kong,Low,AN039,Open,,,Under Review,0.5,N
ALT04876,C01285,2025-12-26,Rapid Movement of Funds,21645.73,United Kingdom,High,AN037,Open,,,Under Review,11.4,N
ALT01206,C00822,2025-12-26,High-Risk Jurisdiction Transfer,68822.66,Russia,High,AN033,Open,,,Under Review,0.8,N
ALT00121,C00687,2025-12-27,Large Cash Deposit,19129.72,Hong Kong,Low,AN037,Open,,,Under Review,1.0,N
ALT03787,C02294,2025-12-27,Structuring,7108.8,Panama,Medium,AN037,Open,,,Under Review,6.6,N
ALT02457,C00420,2025-12-27,Unusual Activity vs Profile,1701.95,United Kingdom,High,AN039,Open,,,Under Review,1.1,N
ALT03243,C02111,2025-12-27,Structuring,8735.92,United Kingdom,High,AN035,Open,,,Under Review,0.6,N
ALT06252,C01482,2025-12-27,Unusual Activity vs Profile,19545.26,United Kingdom,Medium,AN038,Open,,,Under Review,0.4,N
ALT03102,C01855,2025-12-27,Rapid Movement of Funds,12431.36,United Kingdom,Medium,AN037,Open,,,Under Review,0.9,N
ALT02580,C00742,2025-12-27,High-Risk Jurisdiction Transfer,8581.67,United States,High,AN035,Open,,,Under Review,0.4,N
ALT00985,C00310,2025-12-27,Unusual Activity vs Profile,20806.9,Nigeria,Medium,AN033,Closed,2025-12-29,2,Closed - False Positive,0.6,N
ALT05768,C00460,2025-12-27,Rapid Movement of Funds,48594.61,United Kingdom,Medium,AN035,Closed,2025-12-30,3,Closed - False Positive,1.1,N
ALT04189,C00091,2025-12-27,Large Cash Deposit,43035.79,United Kingdom,Medium,AN038,Closed,2025-12-31,4,Closed - False Positive,1.2,N
ALT01792,C01998,2025-12-27,Large Cash Deposit,31530.78,United Kingdom,Low,AN039,Closed,2025-12-28,1,Closed - False Positive,1.2,N
ALT00942,C02761,2025-12-27,Rapid Movement of Funds,93605.15,United Kingdom,High,AN040,Open,,,Under Review,5.5,N
ALT04260,C00456,2025-12-27,Dormant Account Reactivation,3749.26,United Kingdom,Low,AN036,Open,,,Under Review,0.3,N
ALT00129,C02922,2025-12-27,Unusual Activity vs Profile,9642.03,United Kingdom,High,AN038,Open,,,Under Review,0.8,N
ALT00317,C00913,2025-12-27,High-Risk Jurisdiction Transfer,4722.57,Cyprus,Medium,AN035,Open,,,Under Review,0.3,N
ALT05034,C01851,2025-12-27,Unusual Activity vs Profile,24416.52,Russia,High,AN038,Closed,2025-12-31,4,Closed - False Positive,0.9,N
ALT01837,C02802,2025-12-27,Rapid Movement of Funds,4148.25,United Kingdom,High,AN034,Closed,2025-12-30,3,Closed - False Positive,1.1,N
ALT01807,C02153,2025-12-27,Unusual Activity vs Profile,655.11,United States,Medium,AN038,Open,,,Under Review,0.7,N
ALT06044,C02647,2025-12-27,Rapid Movement of Funds,7113.77,Pakistan,Medium,AN033,Closed,2025-12-31,4,Closed - False Positive,1.0,N
ALT03164,C00742,2025-12-27,Round-Amount Transfers,63067.04,United Kingdom,High,AN035,Closed,2025-12-30,3,Closed - False Positive,1.2,N
ALT05278,C01971,2025-12-27,Unusual Activity vs Profile,5258.07,United Kingdom,High,AN035,Open,,,Under Review,0.4,N
ALT02514,C02157,2025-12-27,High-Risk Jurisdiction Transfer,28120.02,United Kingdom,Low,AN039,Open,,,Under Review,0.6,N
ALT00310,C01851,2025-12-27,Large Cash Deposit,23251.58,United States,High,AN038,Open,,,Under Review,11.6,N
ALT05094,C02188,2025-12-27,Structuring,8548.5,Ireland,Low,AN037,Closed,2025-12-30,3,Closed - False Positive,0.6,N
ALT05795,C01643,2025-12-27,High-Risk Jurisdiction Transfer,16854.76,United Kingdom,Low,AN037,Open,,,Under Review,1.0,N
ALT04421,C00756,2025-12-27,Dormant Account Reactivation,33798.52,United Kingdom,Medium,AN037,Open,,,Under Review,0.6,N
ALT04328,C01883,2025-12-27,High-Risk Jurisdiction Transfer,15113.48,India,High,AN037,Open,,,Under Review,0.5,N
ALT00868,C02919,2025-12-27,High-Risk Jurisdiction Transfer,1520.47,United Kingdom,Low,AN033,Open,,,Under Review,12.2,N
ALT01848,C02637,2025-12-27,Unusual Activity vs Profile,20120.57,United Kingdom,Medium,AN034,Closed,2025-12-31,4,Closed - False Positive,0.7,N
ALT05340,C00004,2025-12-27,Round-Amount Transfers,204936.31,France,High,AN039,Open,,,Under Review,10.6,N
ALT04628,C01559,2025-12-27,Structuring,7726.31,United Kingdom,Medium,AN038,Closed,2025-12-28,1,Closed - False Positive,0.7,N
ALT02070,C00742,2025-12-27,High-Risk Jurisdiction Transfer,23710.15,Panama,High,AN035,Closed,2025-12-30,3,Closed - False Positive,0.4,N
ALT00069,C02555,2025-12-27,Unusual Activity vs Profile,9865.14,United States,Medium,AN033,Closed,2025-12-30,3,Closed - False Positive,0.7,N
ALT04703,C01883,2025-12-27,Structuring,9235.65,United Kingdom,High,AN037,Closed,2025-12-30,3,Closed - False Positive,0.8,N
ALT00026,C00407,2025-12-27,Unusual Activity vs Profile,4517.85,United Kingdom,Low,AN040,Open,,,Under Review,1.1,N
ALT04941,C02832,2025-12-27,Large Cash Deposit,21732.24,United Kingdom,Low,AN039,Closed,2025-12-28,1,Closed - False Positive,0.4,N
ALT03865,C02402,2025-12-27,Structuring,7044.13,United Kingdom,Medium,AN039,Closed,2025-12-31,4,Closed - False Positive,0.6,N
ALT04110,C01717,2025-12-27,High-Risk Jurisdiction Transfer,23029.84,Ireland,Low,AN039,Open,,,Under Review,0.8,N
ALT04045,C00214,2025-12-27,Large Cash Deposit,28348.87,Russia,Low,AN035,Open,,,Under Review,0.5,N
ALT00063,C00149,2025-12-27,Unusual Activity vs Profile,126742.43,Nigeria,High,AN033,Closed,2025-12-31,4,Closed - False Positive,1.1,N
ALT05400,C02628,2025-12-27,High-Risk Jurisdiction Transfer,10272.11,United Kingdom,Low,AN038,Closed,2025-12-29,2,Closed - False Positive,0.4,N
ALT04099,C02470,2025-12-27,Unusual Activity vs Profile,26539.53,India,High,AN036,Closed,2025-12-29,2,Closed - False Positive,0.7,N
ALT03875,C01099,2025-12-27,Rapid Movement of Funds,2325.69,United Kingdom,Low,AN036,Closed,2025-12-30,3,Closed - False Positive,0.8,N
ALT03876,C02705,2025-12-27,Rapid Movement of Funds,5149.37,UAE,Low,AN037,Open,,,Under Review,13.7,N
ALT03547,C01541,2025-12-27,Unusual Activity vs Profile,859.37,United Kingdom,High,AN034,Closed,2025-12-28,1,Closed - False Positive,0.7,N
ALT01189,C00195,2025-12-27,Unusual Activity vs Profile,1094.28,United Kingdom,Medium,AN034,Open,,,Under Review,1.2,N
ALT00616,C02726,2025-12-27,Unusual Activity vs Profile,50248.3,United Kingdom,High,AN034,Open,,,Under Review,1.0,N
ALT04086,C01163,2025-12-27,Structuring,9542.96,United States,Medium,AN040,Closed,2025-12-29,2,Closed - False Positive,1.0,N
ALT01916,C02302,2025-12-27,Structuring,7016.63,Nigeria,High,AN034,Open,,,Under Review,8.3,N
ALT04074,C01410,2025-12-27,Large Cash Deposit,36927.12,United Kingdom,High,AN038,Open,,,Under Review,0.5,N
ALT01435,C00136,2025-12-27,Unusual Activity vs Profile,4400.48,United Kingdom,Low,AN033,Open,,,Under Review,0.5,N
ALT03628,C00742,2025-12-27,Unusual Activity vs Profile,17130.76,Hong Kong,High,AN035,Closed,2025-12-30,3,Closed - False Positive,0.4,N
ALT02063,C00199,2025-12-27,Unusual Activity vs Profile,24591.68,United Kingdom,Medium,AN039,Open,,,Under Review,12.6,N
ALT01587,C02922,2025-12-27,Structuring,8964.49,United Kingdom,High,AN033,Open,,,Under Review,0.8,N
ALT02807,C00717,2025-12-27,Rapid Movement of Funds,8224.11,Nigeria,Medium,AN034,Open,,,Under Review,0.3,N
ALT00523,C00029,2025-12-27,Rapid Movement of Funds,3380.76,Hong Kong,Low,AN036,Open,,,Under Review,0.9,N
ALT03821,C01812,2025-12-27,High-Risk Jurisdiction Transfer,29486.27,Panama,Low,AN037,Open,,,Under Review,1.0,N
ALT03020,C00742,2025-12-27,Rapid Movement of Funds,4929.16,Pakistan,High,AN034,Open,,,Under Review,0.6,N
ALT03009,C02888,2025-12-27,Large Cash Deposit,55422.95,United Kingdom,High,AN033,Closed,2025-12-29,2,Closed - False Positive,0.7,N
ALT04801,C01998,2025-12-27,Round-Amount Transfers,5328.5,Pakistan,Medium,AN034,Open,,,Under Review,0.7,N
ALT04155,C00303,2025-12-27,Unusual Activity vs Profile,42602.5,United States,Medium,AN040,Closed,2025-12-31,4,Closed - False Positive,1.2,N
ALT00551,C00415,2025-12-27,High-Risk Jurisdiction Transfer,1022.03,United Kingdom,Low,AN037,Open,,,Under Review,0.6,N
ALT03971,C02905,2025-12-27,Rapid Movement of Funds,120983.01,United Kingdom,High,AN034,Closed,2025-12-29,2,Closed - False Positive,0.4,N
ALT00476,C00232,2025-12-27,Large Cash Deposit,11488.54,United Kingdom,Low,AN036,Open,,,Under Review,0.6,N
ALT03886,C00195,2025-12-27,Large Cash Deposit,47859.08,United Kingdom,Medium,AN033,Open,,,Under Review,1.0,N
ALT01453,C00850,2025-12-27,Rapid Movement of Funds,26275.91,United Kingdom,Medium,AN040,Open,,,Under Review,0.4,N
ALT04812,C00914,2025-12-27,Structuring,7919.4,India,Medium,AN038,Closed,2025-12-31,4,Closed - False Positive,0.8,N
ALT01477,C00979,2025-12-27,Round-Amount Transfers,9414.72,United Kingdom,Medium,AN035,Open,,,Under Review,7.2,N
ALT05055,C02760,2025-12-27,Rapid Movement of Funds,20944.4,Pakistan,Low,AN040,Open,,,Under Review,0.5,N
ALT02460,C02380,2025-12-28,Structuring,7839.11,Pakistan,High,AN040,Closed,2025-12-31,3,Closed - False Positive,0.3,N
ALT02878,C02759,2025-12-28,High-Risk Jurisdiction Transfer,5237.57,Russia,Low,AN036,Closed,2025-12-30,2,Closed - False Positive,0.6,N
ALT06294,C02992,2025-12-28,Unusual Activity vs Profile,946.7,United Kingdom,Medium,AN038,Open,,,Under Review,1.0,N
ALT02375,C02655,2025-12-28,High-Risk Jurisdiction Transfer,3478.0,Panama,Low,AN037,Closed,2025-12-31,3,Closed - False Positive,0.4,N
ALT01393,C01679,2025-12-28,Structuring,9216.31,United Kingdom,Low,AN035,Open,,,Under Review,1.0,N
ALT03107,C00611,2025-12-28,Rapid Movement of Funds,230295.34,United Kingdom,High,AN040,Closed,2025-12-29,1,Closed - False Positive,1.1,N
ALT05679,C00870,2025-12-28,Rapid Movement of Funds,88877.73,United Kingdom,High,AN037,Open,,,Under Review,0.4,N
ALT04051,C02802,2025-12-28,Rapid Movement of Funds,9417.13,United Kingdom,High,AN039,Closed,2025-12-31,3,Closed - False Positive,1.1,N
ALT00546,C02726,2025-12-28,Large Cash Deposit,20305.79,United Kingdom,High,AN040,Open,,,Under Review,1.2,N
ALT04433,C00206,2025-12-28,High-Risk Jurisdiction Transfer,5200.8,United Kingdom,High,AN040,Open,,,Under Review,1.1,N
ALT00912,C01668,2025-12-28,Large Cash Deposit,59698.02,United Kingdom,High,AN040,Open,,,Under Review,0.8,N
ALT03104,C02550,2025-12-28,Dormant Account Reactivation,49576.37,United Kingdom,High,AN039,Open,,,Under Review,1.1,N
ALT01515,C02922,2025-12-28,Dormant Account Reactivation,4144.1,Nigeria,High,AN036,Closed,2025-12-31,3,Closed - False Positive,0.8,N
ALT04733,C00702,2025-12-28,Unusual Activity vs Profile,12986.28,Ireland,High,AN040,Open,,,Under Review,7.8,N
ALT01926,C01628,2025-12-28,Rapid Movement of Funds,18899.65,Hong Kong,High,AN040,Open,,,Under Review,0.6,N
ALT00224,C00273,2025-12-28,Dormant Account Reactivation,11899.9,United Kingdom,Low,AN034,Open,,,Under Review,1.1,N
ALT02793,C01613,2025-12-28,Structuring,7946.05,Pakistan,High,AN036,Open,,,Under Review,0.3,N
ALT05698,C02329,2025-12-28,Dormant Account Reactivation,80727.08,United Kingdom,High,AN040,Open,,,Under Review,0.5,N
ALT04706,C01194,2025-12-28,Large Cash Deposit,17921.57,United Kingdom,Low,AN040,Open,,,Under Review,0.4,N
ALT00955,C01559,2025-12-28,Dormant Account Reactivation,7181.33,United Kingdom,Medium,AN036,Closed,2025-12-30,2,Closed - False Positive,0.6,N
ALT03514,C01971,2025-12-28,Structuring,8768.71,United Kingdom,High,AN039,Open,,,Under Review,4.1,N
ALT02606,C00680,2025-12-28,Large Cash Deposit,30256.63,United Kingdom,Medium,AN040,Open,,,Under Review,0.9,N
ALT04251,C01446,2025-12-28,Large Cash Deposit,22997.72,United Kingdom,Low,AN037,Closed,2025-12-31,3,Closed - False Positive,0.8,N
ALT01058,C00199,2025-12-28,Unusual Activity vs Profile,6635.55,United Kingdom,Low,AN034,Open,,,Under Review,0.9,N
ALT03375,C02802,2025-12-28,Unusual Activity vs Profile,12984.91,Nigeria,High,AN033,Open,,,Under Review,0.8,N
ALT00320,C02508,2025-12-28,Unusual Activity vs Profile,30704.04,United Kingdom,Low,AN040,Open,,,Under Review,10.8,N
ALT05568,C01988,2025-12-28,Rapid Movement of Funds,3256.01,United States,Medium,AN040,Open,,,Under Review,1.1,N
ALT00780,C01883,2025-12-28,High-Risk Jurisdiction Transfer,2272.85,United Kingdom,High,AN038,Open,,,Under Review,0.8,N
ALT04632,C00742,2025-12-28,Dormant Account Reactivation,15146.4,United Kingdom,High,AN038,Open,,,Under Review,3.8,N
ALT00070,C01439,2025-12-28,Rapid Movement of Funds,15150.19,United Kingdom,High,AN033,Open,,,Under Review,0.8,N
ALT01024,C00988,2025-12-28,Structuring,7952.43,United Kingdom,Medium,AN040,Open,,,Under Review,0.8,N
ALT05241,C00591,2025-12-28,Structuring,8186.57,United Kingdom,Low,AN035,Closed,2025-12-31,3,Closed - False Positive,0.5,N
ALT05308,C01099,2025-12-28,Dormant Account Reactivation,76201.79,United Kingdom,High,AN035,Open,,,Under Review,0.5,N
ALT02503,C02542,2025-12-28,Large Cash Deposit,24666.54,United Kingdom,Low,AN033,Open,,,Under Review,0.9,N
ALT04634,C02628,2025-12-28,Rapid Movement of Funds,13279.23,Hong Kong,Low,AN037,Closed,2025-12-31,3,Closed - False Positive,0.6,N
ALT03840,C02174,2025-12-28,Large Cash Deposit,12288.92,United Kingdom,Medium,AN036,Closed,2025-12-30,2,Closed - False Positive,0.8,N
ALT00285,C02802,2025-12-28,Round-Amount Transfers,29803.82,United Kingdom,High,AN037,Open,,,Under Review,0.3,N
ALT02945,C01224,2025-12-28,Rapid Movement of Funds,44770.14,United States,High,AN039,Open,,,Under Review,0.7,N
ALT05764,C00680,2025-12-28,Structuring,8152.15,United Kingdom,Medium,AN040,Closed,2025-12-30,2,Closed - False Positive,0.4,N
ALT05132,C00578,2025-12-28,Rapid Movement of Funds,30286.37,United Kingdom,Low,AN033,Closed,2025-12-31,3,Closed - False Positive,0.5,N
ALT05605,C01976,2025-12-28,Rapid Movement of Funds,30821.77,Nigeria,Low,AN036,Open,,,Under Review,0.3,N
ALT03556,C00739,2025-12-28,Unusual Activity vs Profile,42886.82,United Kingdom,Medium,AN035,Open,,,Under Review,1.2,N
ALT04655,C02961,2025-12-28,Rapid Movement of Funds,6062.66,United Kingdom,Medium,AN038,Open,,,Under Review,1.2,N
ALT00204,C02841,2025-12-29,Unusual Activity vs Profile,10787.67,France,High,AN039,Open,,,Under Review,0.3,N
ALT03603,C00658,2025-12-29,Structuring,9488.01,Nigeria,Medium,AN036,Open,,,Under Review,0.6,N
ALT05505,C02802,2025-12-29,Round-Amount Transfers,15436.92,Ireland,High,AN039,Closed,2025-12-31,2,Closed - False Positive,0.4,N
ALT03342,C01086,2025-12-29,Rapid Movement of Funds,29774.38,France,High,AN040,Open,,,Under Review,1.1,N
ALT05517,C00178,2025-12-29,Unusual Activity vs Profile,22327.53,United Kingdom,Medium,AN034,Open,,,Under Review,1.0,N
ALT05522,C02955,2025-12-29,Round-Amount Transfers,11423.05,United Kingdom,Low,AN037,Open,,,Under Review,0.5,N
ALT01984,C01194,2025-12-29,Unusual Activity vs Profile,2358.37,United Kingdom,Low,AN037,Closed,2025-12-31,2,Closed - False Positive,0.9,N
ALT01093,C02630,2025-12-29,Rapid Movement of Funds,13730.66,United Kingdom,High,AN039,Open,,,Under Review,1.2,N
ALT06306,C01175,2025-12-29,Structuring,7191.44,Pakistan,High,AN035,Open,,,Under Review,6.9,N
ALT06488,C01855,2025-12-29,Unusual Activity vs Profile,11059.95,United Kingdom,Medium,AN037,Open,,,Under Review,7.6,N
ALT01626,C02922,2025-12-29,Large Cash Deposit,55202.44,Pakistan,High,AN040,Open,,,Under Review,0.8,N
ALT01099,C01647,2025-12-29,Dormant Account Reactivation,14390.46,United Kingdom,Medium,AN040,Open,,,Under Review,0.5,N
ALT04555,C00611,2025-12-29,Large Cash Deposit,21312.49,United Kingdom,High,AN040,Open,,,Under Review,4.4,N
ALT00049,C00553,2025-12-29,Round-Amount Transfers,8581.88,United Kingdom,Medium,AN038,Open,,,Under Review,1.1,N
ALT06316,C02889,2025-12-29,Large Cash Deposit,9716.27,Pakistan,Medium,AN034,Open,,,Under Review,1.0,N
ALT01119,C02380,2025-12-29,Rapid Movement of Funds,3955.03,United Kingdom,High,AN035,Open,,,Under Review,1.0,N
ALT03670,C02802,2025-12-29,Dormant Account Reactivation,29718.24,United Kingdom,High,AN039,Open,,,Under Review,0.6,N
ALT05440,C00473,2025-12-29,Structuring,9758.29,United Kingdom,Medium,AN040,Open,,,Under Review,0.8,N
ALT04843,C02380,2025-12-29,Round-Amount Transfers,6390.32,UAE,High,AN033,Open,,,Under Review,0.8,N
ALT01890,C02313,2025-12-29,Structuring,7150.24,Nigeria,Low,AN038,Open,,,Under Review,0.4,N
ALT03563,C01334,2025-12-29,Unusual Activity vs Profile,19452.51,India,Medium,AN034,Open,,,Under Review,1.1,N
ALT01342,C00742,2025-12-29,Structuring,7769.66,Ireland,High,AN034,Open,,,Under Review,0.3,N
ALT03691,C01727,2025-12-29,Unusual Activity vs Profile,5225.15,France,Low,AN034,Open,,,Under Review,0.9,N
ALT03254,C02380,2025-12-29,Large Cash Deposit,42619.6,United Kingdom,High,AN038,Closed,2025-12-30,1,Closed - False Positive,0.7,N
ALT04710,C02237,2025-12-29,Rapid Movement of Funds,16003.38,United Kingdom,High,AN037,Open,,,Under Review,0.4,N
ALT05405,C00930,2025-12-29,Rapid Movement of Funds,25835.98,France,Medium,AN039,Open,,,Under Review,0.4,N
ALT03202,C02457,2025-12-29,Unusual Activity vs Profile,23130.57,United Kingdom,Low,AN039,Open,,,Under Review,0.5,N
ALT01215,C01802,2025-12-29,High-Risk Jurisdiction Transfer,14661.41,Russia,Medium,AN033,Open,,,Under Review,0.9,N
ALT06420,C00742,2025-12-29,Rapid Movement of Funds,12247.75,United Kingdom,High,AN039,Open,,,Under Review,1.1,N
ALT04600,C01924,2025-12-29,Rapid Movement of Funds,28213.11,Panama,Medium,AN039,Open,,,Under Review,13.2,N
ALT04520,C02743,2025-12-29,Large Cash Deposit,48728.96,United Kingdom,Low,AN036,Open,,,Under Review,0.4,N
ALT01118,C01971,2025-12-29,Dormant Account Reactivation,17125.65,Ireland,High,AN034,Open,,,Under Review,8.5,N
ALT05048,C01516,2025-12-29,Unusual Activity vs Profile,5200.09,United Kingdom,Low,AN040,Open,,,Under Review,1.2,N
ALT02867,C01717,2025-12-29,Structuring,9602.04,United Kingdom,Low,AN036,Open,,,Under Review,0.8,N
ALT05847,C02747,2025-12-29,Structuring,8731.96,United Kingdom,Medium,AN037,Open,,,Under Review,1.2,N
ALT06080,C01971,2025-12-29,Unusual Activity vs Profile,34187.03,United Kingdom,High,AN038,Open,,,Under Review,1.0,N
ALT02804,C00791,2025-12-29,Structuring,9251.61,United Kingdom,Medium,AN036,Open,,,Under Review,0.9,N
ALT02909,C01971,2025-12-29,Rapid Movement of Funds,4213.21,Germany,High,AN040,Open,,,Under Review,0.7,N
ALT06160,C01727,2025-12-29,High-Risk Jurisdiction Transfer,15036.98,United Kingdom,Low,AN037,Open,,,Under Review,4.2,N
ALT06260,C01682,2025-12-29,High-Risk Jurisdiction Transfer,73011.1,Germany,High,AN040,Open,,,Under Review,1.1,N
ALT05262,C01368,2025-12-29,High-Risk Jurisdiction Transfer,4174.77,United Kingdom,Medium,AN036,Open,,,Under Review,1.1,N
ALT02777,C02928,2025-12-29,Unusual Activity vs Profile,4300.34,United Kingdom,High,AN037,Closed,2025-12-30,1,Closed - False Positive,0.9,N
ALT02816,C01486,2025-12-29,Unusual Activity vs Profile,56821.55,France,High,AN034,Open,,,Under Review,0.5,N
ALT05027,C02380,2025-12-29,High-Risk Jurisdiction Transfer,25950.73,United Kingdom,High,AN033,Open,,,Under Review,0.4,N
ALT01750,C00304,2025-12-29,Round-Amount Transfers,151397.98,United Kingdom,High,AN034,Open,,,Under Review,6.4,N
ALT04132,C00233,2025-12-29,Rapid Movement of Funds,5536.35,Ireland,Low,AN034,Closed,2025-12-30,1,Closed - False Positive,0.8,N
ALT02512,C01902,2025-12-29,Structuring,7218.09,United Kingdom,Medium,AN036,Open,,,Under Review,1.0,N
ALT03853,C02983,2025-12-29,Unusual Activity vs Profile,14032.53,Russia,Low,AN036,Open,,,Under Review,1.0,N
ALT01824,C01462,2025-12-29,Rapid Movement of Funds,5711.03,United Kingdom,Medium,AN038,Open,,,Under Review,0.9,N
ALT04274,C00702,2025-12-29,Rapid Movement of Funds,4072.24,United Kingdom,High,AN039,Open,,,Under Review,1.1,N
ALT02679,C00236,2025-12-29,Large Cash Deposit,43680.24,United Kingdom,Medium,AN039,Closed,2025-12-31,2,Closed - False Positive,0.6,N
ALT03053,C01971,2025-12-29,High-Risk Jurisdiction Transfer,10408.95,Germany,High,AN034,Open,,,Under Review,0.6,N
ALT02618,C02352,2025-12-29,High-Risk Jurisdiction Transfer,5913.85,Ireland,High,AN037,Open,,,Under Review,0.6,N
ALT02532,C00578,2025-12-29,Large Cash Deposit,30040.98,UAE,Medium,AN039,Open,,,Under Review,1.0,N
ALT05833,C00196,2025-12-29,Rapid Movement of Funds,12428.26,United Kingdom,Low,AN037,Open,,,Under Review,0.9,N
ALT06292,C02670,2025-12-29,Round-Amount Transfers,11242.44,UAE,Low,AN033,Closed,2025-12-31,2,Closed - False Positive,0.5,N
ALT03021,C01917,2025-12-29,High-Risk Jurisdiction Transfer,10406.21,United States,Medium,AN035,Open,,,Under Review,1.0,N
ALT04364,C00616,2025-12-29,Unusual Activity vs Profile,18361.46,United Kingdom,Medium,AN033,Open,,,Under Review,0.8,N
ALT01841,C02700,2025-12-29,Large Cash Deposit,46009.56,Ireland,Low,AN036,Open,,,Under Review,0.9,N
ALT05822,C00746,2025-12-29,High-Risk Jurisdiction Transfer,7237.97,United Kingdom,Medium,AN039,Open,,,Under Review,0.7,N
ALT03952,C00912,2025-12-29,Structuring,7146.73,Nigeria,Medium,AN038,Open,,,Under Review,0.8,N
ALT02596,C00680,2025-12-29,Structuring,7453.15,United Kingdom,Low,AN040,Open,,,Under Review,0.7,N
ALT02849,C01923,2025-12-29,Rapid Movement of Funds,1209.82,United Kingdom,Medium,AN034,Open,,,Under Review,0.9,N
ALT06180,C02726,2025-12-29,Dormant Account Reactivation,3012.72,Russia,High,AN038,Open,,,Under Review,0.7,N
ALT00684,C01224,2025-12-29,Rapid Movement of Funds,7350.13,Ireland,High,AN037,Open,,,Under Review,0.7,N
ALT04322,C02086,2025-12-29,Rapid Movement of Funds,22229.17,United Kingdom,Low,AN033,Closed,2025-12-31,2,Closed - False Positive,1.2,N
ALT04329,C02886,2025-12-29,Structuring,9587.63,India,Medium,AN040,Open,,,Under Review,0.7,N
ALT06277,C00611,2025-12-29,High-Risk Jurisdiction Transfer,4850.43,Nigeria,High,AN038,Open,,,Under Review,1.1,N
ALT05801,C00553,2025-12-29,Unusual Activity vs Profile,5367.51,United Kingdom,Medium,AN036,Closed,2025-12-31,2,Closed - False Positive,1.0,N
ALT02631,C01422,2025-12-30,Round-Amount Transfers,17050.76,United Kingdom,Low,AN039,Open,,,Under Review,0.6,N
ALT00698,C02735,2025-12-30,Round-Amount Transfers,14650.24,United Kingdom,Medium,AN037,Open,,,Under Review,0.4,N
ALT03004,C01043,2025-12-30,Unusual Activity vs Profile,25029.01,United Kingdom,Medium,AN040,Open,,,Under Review,0.8,N
ALT01151,C00894,2025-12-30,Unusual Activity vs Profile,14426.51,Nigeria,Medium,AN039,Open,,,Under Review,0.7,N
ALT05539,C02587,2025-12-30,Large Cash Deposit,23307.46,UAE,Medium,AN040,Open,,,Under Review,3.8,N
ALT04989,C00616,2025-12-30,Structuring,8678.49,Russia,Low,AN036,Open,,,Under Review,1.1,N
ALT06176,C00702,2025-12-30,Dormant Account Reactivation,34957.79,Ireland,High,AN038,Open,,,Under Review,1.2,N
ALT05873,C02270,2025-12-30,Rapid Movement of Funds,67018.79,United Kingdom,High,AN040,Open,,,Under Review,1.0,N
ALT06297,C01579,2025-12-30,Unusual Activity vs Profile,8151.4,United Kingdom,Low,AN033,Open,,,Under Review,0.8,N
ALT02644,C02473,2025-12-30,High-Risk Jurisdiction Transfer,14070.51,Nigeria,High,AN037,Open,,,Under Review,6.4,N
ALT03834,C01861,2025-12-30,Rapid Movement of Funds,29828.72,UAE,Low,AN035,Open,,,Under Review,0.4,N
ALT01676,C02054,2025-12-30,Unusual Activity vs Profile,2654.93,Germany,Low,AN039,Open,,,Under Review,0.4,N
ALT06389,C01043,2025-12-30,Rapid Movement of Funds,17259.32,United Kingdom,Low,AN040,Open,,,Under Review,0.4,N
ALT01143,C02922,2025-12-30,Large Cash Deposit,15263.54,United Kingdom,High,AN033,Open,,,Under Review,1.1,N
ALT01128,C00742,2025-12-30,Structuring,9772.09,United Kingdom,High,AN036,Open,,,Under Review,0.7,N
ALT02726,C00680,2025-12-30,Structuring,8047.9,India,Low,AN033,Open,,,Under Review,10.2,N
ALT02956,C00259,2025-12-30,Rapid Movement of Funds,9467.05,Germany,Low,AN040,Open,,,Under Review,5.1,N
ALT00002,C02356,2025-12-30,Unusual Activity vs Profile,38053.59,United Kingdom,High,AN037,Open,,,Under Review,0.9,N
ALT06497,C01422,2025-12-30,Structuring,9184.34,United Kingdom,Medium,AN038,Open,,,Under Review,0.6,N
ALT01960,C02921,2025-12-30,Round-Amount Transfers,10353.41,United Kingdom,Medium,AN033,Open,,,Under Review,1.0,N
ALT02881,C00616,2025-12-30,Round-Amount Transfers,8985.34,India,Low,AN036,Open,,,Under Review,0.5,N
ALT05368,C02700,2025-12-30,Unusual Activity vs Profile,1021.55,Ireland,Low,AN033,Open,,,Under Review,1.0,N
ALT00491,C02200,2025-12-30,Unusual Activity vs Profile,22363.22,United Kingdom,High,AN035,Open,,,Under Review,9.0,N
ALT06021,C01971,2025-12-30,Dormant Account Reactivation,34321.96,United States,High,AN040,Open,,,Under Review,0.6,N
ALT04968,C02131,2025-12-30,Round-Amount Transfers,2177.07,UAE,Medium,AN034,Open,,,Under Review,0.8,N
ALT03977,C01203,2025-12-30,Unusual Activity vs Profile,30563.91,United Kingdom,Low,AN038,Open,,,Under Review,1.0,N
ALT02819,C00310,2025-12-30,Structuring,8613.83,UAE,Medium,AN037,Open,,,Under Review,0.8,N
ALT03987,C00963,2025-12-30,Unusual Activity vs Profile,27008.61,India,Low,AN033,Open,,,Under Review,0.6,N
ALT00019,C02802,2025-12-30,High-Risk Jurisdiction Transfer,4331.43,UAE,High,AN034,Open,,,Under Review,0.9,N
ALT03441,C00578,2025-12-30,Unusual Activity vs Profile,5625.53,United Kingdom,Low,AN037,Open,,,Under Review,0.4,N
ALT05084,C01822,2025-12-30,High-Risk Jurisdiction Transfer,26787.66,United Kingdom,High,AN034,Open,,,Under Review,0.6,N
ALT05209,C01971,2025-12-30,Rapid Movement of Funds,20394.85,United States,High,AN040,Open,,,Under Review,1.0,N
ALT05083,C00702,2025-12-30,Rapid Movement of Funds,21100.15,Nigeria,High,AN039,Open,,,Under Review,1.1,N
ALT06458,C01851,2025-12-30,Dormant Account Reactivation,19152.55,United States,High,AN035,Open,,,Under Review,0.9,N
ALT01200,C02111,2025-12-30,Rapid Movement of Funds,5221.41,United Kingdom,High,AN037,Open,,,Under Review,0.8,N
ALT01749,C01288,2025-12-30,Round-Amount Transfers,9431.9,United Kingdom,Low,AN038,Open,,,Under Review,1.1,N
ALT05080,C02380,2025-12-30,Round-Amount Transfers,5070.99,Germany,High,AN038,Open,,,Under Review,0.7,N
ALT04063,C02802,2025-12-30,Dormant Account Reactivation,5558.14,United Kingdom,High,AN036,Open,,,Under Review,1.1,N
ALT02082,C02802,2025-12-30,High-Risk Jurisdiction Transfer,6471.31,United Kingdom,High,AN034,Open,,,Under Review,0.6,N
ALT05540,C00687,2025-12-30,Rapid Movement of Funds,25623.68,Nigeria,Low,AN039,Open,,,Under Review,0.8,N
ALT03407,C01809,2025-12-30,Unusual Activity vs Profile,12601.77,France,Low,AN036,Open,,,Under Review,0.7,N
ALT05459,C01802,2025-12-30,High-Risk Jurisdiction Transfer,28635.46,Ireland,Medium,AN039,Closed,2025-12-31,1,Closed - False Positive,0.7,N
ALT01413,C01422,2025-12-30,Rapid Movement of Funds,29040.8,Hong Kong,Medium,AN040,Open,,,Under Review,0.8,N
ALT03868,C00525,2025-12-30,Structuring,8729.8,United Kingdom,Medium,AN040,Open,,,Under Review,0.4,N
ALT01166,C02468,2025-12-30,Unusual Activity vs Profile,16890.12,France,Medium,AN040,Open,,,Under Review,10.6,N
ALT03307,C01614,2025-12-30,Rapid Movement of Funds,3795.32,United Kingdom,High,AN037,Open,,,Under Review,0.7,N
ALT00775,C00426,2025-12-30,Large Cash Deposit,29596.46,United Kingdom,Low,AN040,Open,,,Under Review,0.7,N
ALT04448,C01727,2025-12-30,Unusual Activity vs Profile,53473.98,United Kingdom,High,AN039,Open,,,Under Review,1.2,N
ALT00855,C00963,2025-12-30,Rapid Movement of Funds,22242.2,France,Low,AN039,Closed,2025-12-31,1,Closed - False Positive,0.9,N
ALT02452,C02174,2025-12-30,Structuring,9162.93,United Kingdom,Medium,AN039,Open,,,Under Review,1.0,N
ALT04420,C00375,2025-12-30,Rapid Movement of Funds,7938.48,United Kingdom,Medium,AN034,Open,,,Under Review,0.8,N
ALT03251,C02921,2025-12-30,Round-Amount Transfers,13551.95,United Kingdom,Medium,AN040,Open,,,Under Review,0.8,N
ALT03652,C01909,2025-12-30,Large Cash Deposit,27040.72,United Kingdom,Low,AN035,Closed,2025-12-31,1,Closed - False Positive,0.5,N
ALT00792,C02802,2025-12-30,Unusual Activity vs Profile,31843.15,Russia,High,AN036,Open,,,Under Review,5.7,N
ALT03191,C02380,2025-12-30,Rapid Movement of Funds,5801.22,United Kingdom,High,AN035,Open,,,Under Review,1.2,N
ALT03199,C02166,2025-12-30,Unusual Activity vs Profile,14634.22,United Kingdom,Medium,AN037,Open,,,Under Review,0.5,N
ALT02350,C01422,2025-12-30,Round-Amount Transfers,3360.77,India,Medium,AN038,Closed,2025-12-31,1,Closed - False Positive,1.1,N
ALT03764,C01081,2025-12-30,Unusual Activity vs Profile,24114.33,United Kingdom,Medium,AN040,Open,,,Under Review,1.2,N
ALT01343,C02913,2025-12-30,High-Risk Jurisdiction Transfer,6859.91,United Kingdom,Low,AN036,Open,,,Under Review,1.2,N
ALT05745,C02726,2025-12-30,Rapid Movement of Funds,6934.47,United Kingdom,High,AN039,Closed,2025-12-31,1,Closed - False Positive,0.5,N
ALT02534,C02054,2025-12-30,Rapid Movement of Funds,13137.59,United Kingdom,Medium,AN040,Open,,,Under Review,0.8,N
ALT04874,C02802,2025-12-30,Large Cash Deposit,55761.68,United Kingdom,High,AN033,Open,,,Under Review,0.6,N
ALT06340,C02905,2025-12-30,Structuring,8829.03,Pakistan,High,AN036,Open,,,Under Review,0.4,N
ALT04546,C01972,2025-12-30,Large Cash Deposit,26912.58,India,Low,AN037,Open,,,Under Review,1.2,N
ALT01883,C01486,2025-12-30,Unusual Activity vs Profile,26126.17,United Kingdom,Low,AN034,Open,,,Under Review,9.5,N
ALT05045,C00680,2025-12-30,Unusual Activity vs Profile,59640.71,United Kingdom,High,AN039,Open,,,Under Review,1.0,N
ALT00823,C00611,2025-12-30,Rapid Movement of Funds,9577.3,Panama,High,AN038,Closed,2025-12-31,1,Closed - False Positive,0.6,N
ALT00218,C01927,2025-12-30,Unusual Activity vs Profile,36223.63,United Kingdom,High,AN034,Open,,,Under Review,1.1,N
ALT02592,C02926,2025-12-30,Round-Amount Transfers,6040.99,United States,Medium,AN037,Open,,,Under Review,0.9,N
ALT02579,C01579,2025-12-30,Rapid Movement of Funds,2709.87,United Kingdom,Low,AN034,Open,,,Under Review,12.0,N
ALT03816,C00702,2025-12-30,Structuring,7760.59,United Kingdom,High,AN034,Open,,,Under Review,0.8,N
ALT00136,C02177,2025-12-30,Rapid Movement of Funds,46058.78,United Kingdom,Medium,AN039,Open,,,Under Review,0.6,N
ALT04395,C00578,2025-12-30,Unusual Activity vs Profile,37179.83,United Kingdom,Medium,AN034,Open,,,Under Review,0.4,N
ALT03813,C02802,2025-12-30,Dormant Account Reactivation,7546.0,United Kingdom,High,AN040,Open,,,Under Review,0.4,N
ALT02359,C01287,2025-12-30,Structuring,7545.89,Nigeria,Medium,AN033,Open,,,Under Review,1.2,N
ALT01865,C00593,2025-12-31,Large Cash Deposit,20771.94,France,High,AN033,Open,,,Under Review,0.9,N
ALT02797,C01796,2025-12-31,Rapid Movement of Funds,9621.87,United Kingdom,Medium,AN033,Open,,,Under Review,0.5,N
ALT04980,C00451,2025-12-31,Rapid Movement of Funds,2509.97,Nigeria,Low,AN037,Open,,,Under Review,0.7,N
ALT04036,C00638,2025-12-31,High-Risk Jurisdiction Transfer,31728.89,United Kingdom,Medium,AN034,Open,,,Under Review,1.1,N
ALT05185,C00805,2025-12-31,Structuring,8765.51,United Kingdom,Low,AN040,Open,,,Under Review,1.0,N
ALT06460,C01796,2025-12-31,Rapid Movement of Funds,73258.74,United Kingdom,High,AN037,Open,,,Under Review,0.9,N
ALT02065,C00346,2025-12-31,Dormant Account Reactivation,1905.52,United Kingdom,Medium,AN033,Open,,,Under Review,0.3,N
ALT02918,C02250,2025-12-31,Rapid Movement of Funds,11958.4,United Kingdom,Medium,AN036,Open,,,Under Review,0.8,N
ALT04685,C02799,2025-12-31,Rapid Movement of Funds,8003.72,UAE,Medium,AN035,Open,,,Under Review,0.8,N
ALT01465,C01452,2025-12-31,Dormant Account Reactivation,6008.74,United Kingdom,Low,AN038,Open,,,Under Review,0.7,N
ALT02455,C01509,2025-12-31,Unusual Activity vs Profile,42128.53,United Kingdom,Low,AN040,Open,,,Under Review,0.8,N
ALT04544,C00805,2025-12-31,Large Cash Deposit,16368.09,United Kingdom,Medium,AN033,Open,,,Under Review,1.0,N
ALT00946,C02250,2025-12-31,High-Risk Jurisdiction Transfer,24742.72,United Kingdom,Low,AN038,Open,,,Under Review,0.5,N
ALT00569,C01514,2025-12-31,Large Cash Deposit,14608.99,India,Medium,AN035,Open,,,Under Review,0.4,N
ALT01939,C00130,2025-12-31,Large Cash Deposit,51029.74,United Kingdom,High,AN033,Open,,,Under Review,0.7,N
ALT03938,C00346,2025-12-31,Structuring,9714.08,United Kingdom,Medium,AN035,Open,,,Under Review,1.0,N
ALT06307,C00834,2025-12-31,Structuring,8971.77,United Kingdom,Medium,AN035,Open,,,Under Review,0.7,N
ALT06285,C00593,2025-12-31,Large Cash Deposit,41534.02,Hong Kong,High,AN038,Open,,,Under Review,1.1,N
ALT04401,C00157,2025-12-31,Round-Amount Transfers,5788.19,Panama,High,AN036,Open,,,Under Review,0.7,N
ALT05658,C02480,2025-12-31,Structuring,7984.02,United Kingdom,Medium,AN039,Open,,,Under Review,0.7,N
ALT00493,C02480,2025-12-31,Large Cash Deposit,27567.06,United Kingdom,Medium,AN035,Open,,,Under Review,0.5,N
ALT01520,C01260,2025-12-31,High-Risk Jurisdiction Transfer,39032.15,United Kingdom,Medium,AN037,Open,,,Under Review,0.8,N
ALT06057,C00277,2025-12-31,Unusual Activity vs Profile,6250.17,United Kingdom,Medium,AN035,Open,,,Under Review,14.0,N
ALT00010,C01524,2025-12-31,Large Cash Deposit,25052.76,Cyprus,Medium,AN034,Open,,,Under Review,0.8,N
ALT00953,C02864,2025-12-31,Structuring,8911.29,United Kingdom,Low,AN038,Open,,,Under Review,1.2,N
ALT00486,C01724,2025-12-31,Structuring,8375.46,UAE,Medium,AN039,Open,,,Under Review,11.1,N
ALT06315,C02480,2025-12-31,Round-Amount Transfers,13661.49,United Kingdom,Low,AN035,Open,,,Under Review,0.7,N
ALT02842,C02281,2025-12-31,High-Risk Jurisdiction Transfer,9453.05,United Kingdom,Medium,AN033,Open,,,Under Review,11.6,N
ALT00185,C00593,2025-12-31,Unusual Activity vs Profile,2121.72,United Kingdom,High,AN036,Open,,,Under Review,8.7,N
ALT01388,C00130,2025-12-31,High-Risk Jurisdiction Transfer,568.86,United States,Medium,AN040,Open,,,Under Review,0.7,N
ALT05715,C00517,2025-12-31,Unusual Activity vs Profile,70524.44,United Kingdom,High,AN036,Open,,,Under Review,0.8,N
ALT00558,C00834,2025-12-31,Rapid Movement of Funds,77574.59,United Kingdom,High,AN034,Open,,,Under Review,0.7,N
ALT03989,C00203,2025-12-31,Round-Amount Transfers,23223.55,Cyprus,Medium,AN036,Open,,,Under Review,0.5,N
ALT06103,C01149,2025-12-31,Unusual Activity vs Profile,99190.19,United Kingdom,High,AN033,Open,,,Under Review,0.9,N
ALT04004,C02480,2025-12-31,Round-Amount Transfers,9744.65,United Kingdom,Medium,AN039,Open,,,Under Review,1.0,N
ALT05643,C02050,2025-12-31,Dormant Account Reactivation,16802.7,United Kingdom,Low,AN035,Open,,,Under Review,0.3,N
ALT06019,C00157,2025-12-31,Dormant Account Reactivation,46044.96,United Kingdom,High,AN039,Open,,,Under Review,0.7,N
ALT02759,C01724,2025-12-31,Dormant Account Reactivation,24870.74,United Kingdom,Medium,AN037,Open,,,Under Review,0.3,N
ALT02731,C00834,2025-12-31,Unusual Activity vs Profile,6720.62,Ireland,Medium,AN036,Open,,,Under Review,0.4,N
ALT02745,C01205,2025-12-31,Dormant Account Reactivation,16904.51,United Kingdom,Medium,AN036,Open,,,Under Review,0.9,N
ALT02529,C02211,2025-12-31,Unusual Activity vs Profile,4437.17,United Kingdom,Medium,AN040,Open,,,Under Review,1.0,N
ALT02130,C02799,2025-12-31,High-Risk Jurisdiction Transfer,20980.72,United Kingdom,Low,AN033,Open,,,Under Review,1.0,N
ALT01324,C01899,2025-12-31,Structuring,7339.39,United Kingdom,Medium,AN035,Open,,,Under Review,12.1,N
ALT02633,C00593,2025-12-31,Round-Amount Transfers,103251.2,United Kingdom,High,AN037,Open,,,Under Review,11.9,N
ALT02263,C00346,2025-12-31,Dormant Account Reactivation,38399.09,Hong Kong,Medium,AN036,Open,,,Under Review,0.9,N
ALT05579,C00157,2025-12-31,Round-Amount Transfers,9412.51,United Kingdom,High,AN038,Open,,,Under Review,3.8,N
ALT02620,C02864,2025-12-31,Dormant Account Reactivation,7324.09,United Kingdom,Low,AN033,Open,,,Under Review,0.8,N
ALT05309,C00157,2025-12-31,Structuring,8209.09,Nigeria,High,AN040,Open,,,Under Review,1.0,N
ALT06364,C00277,2025-12-31,Unusual Activity vs Profile,18649.37,Nigeria,Low,AN034,Open,,,Under Review,0.8,N
ALT01105,C01783,2025-12-31,Dormant Account Reactivation,18351.28,United Kingdom,Low,AN035,Open,,,Under Review,0.5,N
ALT05494,C02480,2025-12-31,Unusual Activity vs Profile,34401.05,Ireland,Low,AN038,Open,,,Under Review,1.1,N
ALT04506,C01509,2025-12-31,Rapid Movement of Funds,8667.68,United Kingdom,Low,AN040,Open,,,Under Review,0.7,N
ALT02154,C00157,2025-12-31,Structuring,9812.26,United Kingdom,High,AN036,Open,,,Under Review,1.2,N
ALT03018,C00157,2025-12-31,Dormant Account Reactivation,30843.12,United Kingdom,High,AN039,Open,,,Under Review,1.0,N
ALT02549,C00593,2025-12-31,Unusual Activity vs Profile,19822.56,United Kingdom,High,AN037,Open,,,Under Review,1.0,N
ALT04176,C00335,2025-12-31,Unusual Activity vs Profile,2908.14,United Kingdom,Low,AN037,Open,,,Under Review,1.1,N
ALT03314,C01509,2025-12-31,Unusual Activity vs Profile,49329.93,United Kingdom,Medium,AN040,Open,,,Under Review,11.6,N
ALT05303,C01524,2025-12-31,Dormant Account Reactivation,9480.01,United Kingdom,Medium,AN038,Open,,,Under Review,1.1,N
ALT00112,C00157,2025-12-31,Unusual Activity vs Profile,5689.15,United Kingdom,High,AN033,Open,,,Under Review,0.9,N
ALT00131,C00517,2025-12-31,Unusual Activity vs Profile,14038.95,United Kingdom,High,AN033,Open,,,Under Review,0.8,N
ALT01401,C00157,2025-12-31,High-Risk Jurisdiction Transfer,25632.3,Cyprus,High,AN039,Open,,,Under Review,0.3,N
ALT04560,C00157,2025-12-31,High-Risk Jurisdiction Transfer,2043.28,United States,High,AN038,Open,,,Under Review,0.8,N
ALT01900,C01524,2025-12-31,Large Cash Deposit,44667.49,UAE,Low,AN039,Open,,,Under Review,0.9,N
ALT05865,C02250,2025-12-31,Rapid Movement of Funds,9336.3,United Kingdom,Low,AN037,Open,,,Under Review,1.0,N
ALT05772,C02801,2025-12-31,Large Cash Deposit,26139.58,United Kingdom,Low,AN034,Open,,,Under Review,0.5,N
ALT04603,C02480,2025-12-31,Dormant Account Reactivation,27177.32,Cyprus,Medium,AN040,Open,,,Under Review,0.8,N
ALT06113,C00517,2025-12-31,Dormant Account Reactivation,3974.32,Ireland,High,AN034,Open,,,Under Review,1.2,N
ALT00416,C00593,2025-12-31,Unusual Activity vs Profile,11617.94,Cyprus,High,AN040,Open,,,Under Review,1.0,N
ALT05919,C01149,2025-12-31,Unusual Activity vs Profile,3657.97,United Kingdom,Low,AN040,Open,,,Under Review,0.7,N
ALT03411,C00593,2025-12-31,Structuring,9499.96,United Kingdom,High,AN033,Open,,,Under Review,0.4,N
ALT02704,C00203,2025-12-31,Large Cash Deposit,39682.56,United States,Medium,AN035,Open,,,Under Review,0.7,N
ALT03096,C01724,2025-12-31,High-Risk Jurisdiction Transfer,35878.4,Nigeria,Low,AN036,Open,,,Under Review,0.5,N
ALT04454,C00517,2025-12-31,Large Cash Deposit,28207.68,United Kingdom,High,AN037,Open,,,Under Review,0.3,N
ALT04273,C01205,2025-12-31,Structuring,9170.99,United Kingdom,Low,AN035,Open,,,Under Review,0.4,N
ALT02288,C00517,2025-12-31,High-Risk Jurisdiction Transfer,13872.74,United Kingdom,High,AN038,Open,,,Under Review,0.7,N
ALT03573,C01796,2025-12-31,Rapid Movement of Funds,3947.09,United Kingdom,Medium,AN034,Open,,,Under Review,0.6,N
ALT04265,C02281,2025-12-31,Rapid Movement of Funds,59185.0,United Kingdom,High,AN033,Open,,,Under Review,12.2,N
ALT05018,C01438,2025-12-31,High-Risk Jurisdiction Transfer,1863.04,Pakistan,Medium,AN033,Open,,,Under Review,1.1,N
ALT02967,C01205,2025-12-31,Unusual Activity vs Profile,23578.75,Nigeria,Low,AN034,Open,,,Under Review,0.6,N
ALT00375,C01438,2025-12-31,Unusual Activity vs Profile,29761.59,United Kingdom,Medium,AN033,Open,,,Under Review,0.9,N
ALT00157,C01796,2025-12-31,Large Cash Deposit,27575.48,Pakistan,Low,AN035,Open,,,Under Review,1.1,N
ALT00289,C00277,2025-12-31,Large Cash Deposit,19551.38,United Kingdom,Medium,AN040,Open,,,Under Review,1.0,N
ALT04625,C00157,2025-12-31,Large Cash Deposit,42045.07,United Kingdom,High,AN034,Open,,,Under Review,0.3,N
ALT01915,C01149,2025-12-31,Dormant Account Reactivation,4550.55,United Kingdom,Low,AN034,Open,,,Under Review,0.6,N
ALT03378,C01973,2025-12-31,Dormant Account Reactivation,1069.45,United States,Low,AN034,Open,,,Under Review,0.8,N
ALT03077,C00834,2025-12-31,Structuring,7650.82,United Kingdom,Low,AN039,Open,,,Under Review,0.6,N
ALT00075,C02250,2025-12-31,Structuring,9020.87,United Kingdom,Medium,AN034,Open,,,Under Review,1.2,N
ALT04608,C00325,2025-12-31,Large Cash Deposit,47321.76,United Kingdom,Low,AN037,Open,,,Under Review,1.1,N
ALT00290,C00325,2025-12-31,High-Risk Jurisdiction Transfer,14391.6,United Kingdom,Low,AN035,Open,,,Under Review,1.1,N
ALT04852,C02801,2025-12-31,Large Cash Deposit,15979.05,United Kingdom,Medium,AN034,Open,,,Under Review,0.8,N
ALT04381,C01796,2025-12-31,Rapid Movement of Funds,10107.29,UAE,Low,AN036,Open,,,Under Review,0.3,N
