case_id,customer_id,case_type,due_diligence_level,assigned_team,analyst_id,start_date,completion_date,sla_days,days_taken,sla_breached,id_verified,address_verified,source_of_funds_verified,source_of_wealth_verified,senior_mgmt_approval,status,rejection_reason,qa_check_passed,case_handling_hours
KYC00001,C00001,Onboarding,Standard,Business Due Diligence,AN025,2025-02-20,2025-03-15,10,23.0,Y,Y,Y,Y,N/A,N/A,Approved,,Y,19.9
KYC00002,C00002,Onboarding,Standard,KYC Onboarding,AN005,2025-07-20,2025-08-05,10,16.0,Y,Y,Y,N,N/A,N/A,Approved,,Y,12.5
KYC00004,C00003,Onboarding,Simplified,KYC Onboarding,AN001,2024-08-05,2024-08-06,5,1.0,N,Y,Y,N,N/A,N/A,Approved,,Y,0.9
KYC00005,C00004,Onboarding,Enhanced,Enhanced Due Diligence,AN021,2025-09-19,2025-10-12,30,23.0,N,N,Y,Y,Y,Y,Approved,,Y,15.3
KYC00006,C00005,Onboarding,Standard,Business Due Diligence,AN022,2025-09-03,2025-09-28,10,25.0,Y,Y,Y,N,N/A,N/A,Approved,,Y,11.1
KYC00007,C00006,Onboarding,Enhanced,Enhanced Due Diligence,AN020,2024-01-12,2024-01-13,30,1.0,N,Y,Y,Y,Y,Y,Approved,,Y,0.6
KYC00008,C00006,Periodic Review,Enhanced,Enhanced Due Diligence,AN020,2025-02-10,2025-03-12,30,30.0,N,Y,Y,Y,Y,Y,Approved,,Y,13.5
KYC00009,C00007,Onboarding,Standard,KYC Onboarding,AN002,2025-02-14,2025-02-23,10,9.0,N,Y,Y,Y,N/A,N/A,Approved,,Y,4.2
KYC00010,C00008,Onboarding,Simplified,KYC Onboarding,AN004,2024-12-10,2024-12-13,5,3.0,N,Y,Y,Y,N/A,N/A,Approved,,Y,1.2
KYC00011,C00009,Onboarding,Standard,KYC Onboarding,AN002,2025-04-25,2025-05-06,10,11.0,Y,Y,Y,Y,N/A,N/A,Approved,,Y,8.0
KYC00012,C00010,Onboarding,Standard,Business Due Diligence,AN026,2024-07-06,2024-07-10,10,4.0,N,Y,Y,Y,N/A,N/A,Approved,,Y,2.2
KYC00013,C00011,Onboarding,Standard,KYC Onboarding,AN002,2024-03-08,2024-03-11,10,3.0,N,Y,Y,N,N/A,N/A,Approved,,Y,2.6
KYC00014,C00012,Onboarding,Standard,KYC Onboarding,AN009,2024-07-17,2024-07-23,10,6.0,N,Y,Y,Y,N/A,N/A,Approved,,Y,5.0
KYC00015,C00013,Onboarding,Standard,KYC Onboarding,AN006,2025-01-15,2025-01-26,10,11.0,Y,Y,Y,Y,N/A,N/A,Approved,,Y,8.9
KYC00016,C00014,Onboarding,Standard,KYC Onboarding,AN006,2024-07-16,2024-07-19,10,3.0,N,Y,Y,Y,N/A,N/A,Approved,,Y,1.9
KYC00017,C00015,Onboarding,Standard,KYC Onboarding,AN010,2024-12-01,2024-12-18,10,17.0,Y,Y,Y,N,N/A,N/A,Approved,,Y,14.7
KYC00018,C00016,Onboarding,Standard,Business Due Diligence,AN022,2024-10-08,2024-10-21,10,13.0,Y,Y,Y,Y,N/A,N/A,Approved,,Y,11.6
KYC00019,C00017,Onboarding,Enhanced,Enhanced Due Diligence,AN017,2025-05-21,2025-06-12,30,22.0,N,Y,Y,Y,Y,Y,Approved,,Y,16.8
KYC00020,C00018,Onboarding,Standard,Business Due Diligence,AN026,2024-10-27,2024-10-31,10,4.0,N,Y,Y,Y,N/A,N/A,Approved,,Y,1.7
KYC00021,C00019,Onboarding,Standard,KYC Onboarding,AN005,2024-04-14,2024-04-19,10,5.0,N,Y,Y,Y,N/A,N/A,Approved,,Y,3.1
KYC00022,C00020,Onboarding,Standard,KYC Onboarding,AN004,2025-04-06,2025-04-10,10,4.0,N,Y,Y,Y,N/A,N/A,Approved,,Y,1.8
KYC00023,C00021,Onboarding,Standard,KYC Onboarding,AN007,2024-05-31,2024-06-07,10,7.0,N,Y,Y,Y,N/A,N/A,Approved,,Y,2.9
KYC00024,C00022,Onboarding,Simplified,KYC Onboarding,AN002,2024-08-04,2024-08-05,5,1.0,N,Y,Y,N,N/A,N/A,Approved,,Y,0.7
KYC00025,C00022,Trigger Event Review,Simplified,KYC Periodic Review,AN011,2024-11-07,2024-11-08,5,1.0,N,Y,Y,Y,N/A,N/A,Approved,,N,0.8
KYC00026,C00023,Onboarding,Standard,KYC Onboarding,AN004,2025-05-31,2025-06-06,10,6.0,N,Y,Y,Y,N/A,N/A,Approved,,Y,4.1
KYC00027,C00024,Onboarding,Standard,KYC Onboarding,AN008,2024-07-14,2024-07-23,10,9.0,N,N,Y,Y,N/A,N/A,Approved,,Y,6.0
KYC00028,C00025,Onboarding,Standard,KYC Onboarding,AN006,2024-02-12,2024-02-25,10,13.0,Y,Y,Y,Y,N/A,N/A,Approved,,Y,8.6
KYC00029,C00026,Onboarding,Standard,KYC Onboarding,AN009,2024-09-19,2024-09-25,10,6.0,N,Y,Y,Y,N/A,N/A,Approved,,Y,4.4
KYC00030,C00027,Onboarding,Standard,KYC Onboarding,AN002,2024-10-09,2024-10-14,10,5.0,N,Y,Y,Y,N/A,N/A,Approved,,Y,3.9
KYC00031,C00028,Onboarding,Standard,KYC Onboarding,AN009,2025-05-16,2025-05-21,10,5.0,N,Y,Y,Y,N/A,N/A,Approved,,Y,3.8
KYC00032,C00029,Onboarding,Standard,KYC Onboarding,AN001,2025-05-29,2025-05-31,10,2.0,N,Y,Y,Y,N/A,N/A,Approved,,Y,1.3
KYC00033,C00030,Onboarding,Standard,KYC Onboarding,AN002,2023-12-28,2023-12-30,10,2.0,N,Y,Y,Y,N/A,N/A,Approved,,Y,1.4
KYC00034,C00031,Onboarding,Standard,KYC Onboarding,AN008,2025-07-04,2025-07-09,10,5.0,N,Y,Y,Y,N/A,N/A,Approved,,Y,3.4
KYC00036,C00032,Onboarding,Standard,Business Due Diligence,AN025,2025-06-28,2025-07-05,10,7.0,N,Y,Y,Y,N/A,N/A,Approved,,Y,5.7
KYC00037,C00033,Onboarding,Standard,KYC Onboarding,AN010,2024-05-06,2024-05-13,10,7.0,N,Y,Y,Y,N/A,N/A,Approved,,Y,2.8
KYC00038,C00034,Onboarding,Standard,KYC Onboarding,AN010,2024-09-02,2024-09-10,10,8.0,N,Y,Y,Y,N/A,N/A,Approved,,Y,6.5
KYC00039,C00035,Onboarding,Standard,KYC Onboarding,AN007,2025-07-11,2025-07-14,10,3.0,N,Y,Y,Y,N/A,N/A,Approved,,Y,1.2
KYC00040,C00036,Onboarding,Standard,KYC Onboarding,AN003,2025-02-22,2025-02-25,10,3.0,N,N,Y,Y,N/A,N/A,Approved,,Y,1.8
KYC00041,C00037,Onboarding,Standard,Business Due Diligence,AN024,2024-09-04,2024-09-05,10,1.0,N,Y,Y,Y,N/A,N/A,Approved,,Y,0.6
KYC00042,C00038,Onboarding,Standard,KYC Onboarding,AN004,2025-07-06,2025-07-13,10,7.0,N,Y,Y,Y,N/A,N/A,Approved,,Y,5.4
KYC00043,C00039,Onboarding,Enhanced,Enhanced Due Diligence,AN021,2025-04-04,2025-04-11,30,7.0,N,Y,Y,N,Y,Y,Approved,,Y,5.5
KYC00044,C00040,Onboarding,Standard,KYC Onboarding,AN002,2025-01-06,2025-01-13,10,7.0,N,Y,Y,N,N/A,N/A,Approved,,Y,4.6
KYC00045,C00040,Trigger Event Review,Standard,KYC Periodic Review,AN013,2025-10-28,2025-11-14,10,17.0,Y,Y,Y,Y,N/A,N/A,Approved,,Y,8.8
KYC00046,C00041,Onboarding,Simplified,KYC Onboarding,AN010,2024-01-05,2024-01-06,5,1.0,N,Y,Y,N,N/A,N/A,Approved,,Y,0.4
KYC00047,C00042,Onboarding,Standard,KYC Onboarding,AN003,2025-04-14,2025-04-20,10,6.0,N,Y,Y,Y,N/A,N/A,Approved,,Y,2.7
KYC00048,C00043,Onboarding,Standard,Business Due Diligence,AN024,2024-05-11,2024-05-20,10,9.0,N,Y,Y,Y,N/A,N/A,Rejected,Source of funds unclear,Y,5.6
KYC00049,C00044,Onboarding,Standard,KYC Onboarding,AN004,2025-11-02,2025-11-08,10,6.0,N,Y,Y,Y,N/A,N/A,Approved,,Y,4.0
KYC00050,C00045,Onboarding,Simplified,KYC Onboarding,AN010,2024-05-18,2024-05-20,5,2.0,N,Y,Y,N,N/A,N/A,Approved,,Y,1.4
KYC00051,C00046,Onboarding,Standard,KYC Onboarding,AN001,2024-01-21,2024-01-30,10,9.0,N,Y,Y,Y,N/A,N/A,Approved,,Y,5.4
KYC00052,C00047,Onboarding,Standard,KYC Onboarding,AN008,2024-10-02,2024-10-05,10,3.0,N,Y,Y,Y,N/A,N/A,Approved,,Y,2.6
KYC00053,C00048,Onboarding,Simplified,KYC Onboarding,AN004,2024-09-10,2024-09-12,5,2.0,N,Y,N,N,N/A,N/A,Approved,,Y,1.4
KYC00054,C00049,Onboarding,Standard,KYC Onboarding,AN008,2024-09-14,2024-09-19,10,5.0,N,Y,Y,Y,N/A,N/A,Approved,,Y,2.6
KYC00055,C00050,Onboarding,Simplified,KYC Onboarding,AN005,2025-11-04,2025-11-07,5,3.0,N,Y,Y,N,N/A,N/A,Approved,,Y,1.9
KYC00056,C00051,Onboarding,Enhanced,Enhanced Due Diligence,AN018,2024-07-15,2024-08-09,30,25.0,N,Y,Y,Y,N,Y,Approved,,N,17.0
KYC00057,C00051,Periodic Review,Enhanced,Enhanced Due Diligence,AN019,2025-07-09,2025-07-16,30,7.0,N,Y,Y,N,Y,Y,Approved,,Y,5.0
KYC00058,C00052,Onboarding,Enhanced,Enhanced Due Diligence,AN019,2025-09-03,2025-09-04,30,1.0,N,Y,Y,Y,Y,Y,Approved,,Y,0.9
KYC00059,C00053,Onboarding,Standard,KYC Onboarding,AN003,2024-04-26,2024-04-27,10,1.0,N,Y,Y,Y,N/A,N/A,Approved,,Y,0.8
KYC00060,C00053,Trigger Event Review,Standard,KYC Periodic Review,AN016,2024-09-25,2024-10-07,10,12.0,Y,Y,Y,Y,N/A,N/A,Approved,,Y,10.3
KYC00061,C00054,Onboarding,Standard,KYC Onboarding,AN006,2025-03-22,2025-03-28,10,6.0,N,Y,Y,Y,N/A,N/A,Approved,,Y,2.9
KYC00062,C00055,Onboarding,Simplified,KYC Onboarding,AN008,2024-04-02,2024-04-04,5,2.0,N,Y,Y,Y,N/A,N/A,Approved,,Y,1.4
KYC00063,C00056,Onboarding,Standard,KYC Onboarding,AN007,2024-06-13,2024-06-15,10,2.0,N,Y,Y,Y,N/A,N/A,Approved,,Y,1.6
KYC00064,C00057,Onboarding,Standard,KYC Onboarding,AN003,2024-04-14,2024-04-20,10,6.0,N,Y,Y,Y,N/A,N/A,Approved,,Y,4.9
KYC00065,C00058,Onboarding,Standard,KYC Onboarding,AN001,2024-08-25,2024-08-28,10,3.0,N,Y,Y,Y,N/A,N/A,Approved,,Y,1.6
KYC00066,C00059,Onboarding,Standard,Business Due Diligence,AN025,2024-11-29,2024-12-04,10,5.0,N,Y,Y,Y,N/A,N/A,Approved,,Y,3.8
KYC00067,C00060,Onboarding,Enhanced,Enhanced Due Diligence,AN017,2025-09-15,2025-10-08,30,23.0,N,Y,Y,Y,Y,Y,Approved,,Y,19.2
KYC00068,C00061,Onboarding,Simplified,KYC Onboarding,AN006,2025-07-06,2025-07-10,5,4.0,N,Y,Y,N,N/A,N/A,Approved,,N,2.9
KYC00069,C00062,Onboarding,Standard,Business Due Diligence,AN022,2025-05-22,2025-05-27,10,5.0,N,Y,Y,Y,N/A,N/A,Approved,,Y,3.9
KYC00070,C00063,Onboarding,Standard,KYC Onboarding,AN007,2024-12-22,2024-12-30,10,8.0,N,Y,Y,Y,N/A,N/A,Approved,,Y,3.8
KYC00071,C00064,Onboarding,Standard,KYC Onboarding,AN005,2024-07-25,2024-08-02,10,8.0,N,Y,Y,Y,N/A,N/A,Approved,,Y,6.4
KYC00072,C00065,Onboarding,Standard,KYC Onboarding,AN001,2024-08-04,2024-08-12,10,8.0,N,Y,N,Y,N/A,N/A,Approved,,Y,4.3
KYC00073,C00066,Onboarding,Standard,KYC Onboarding,AN002,2024-04-04,2024-04-15,10,11.0,Y,Y,Y,Y,N/A,N/A,Approved,,Y,8.4
KYC00074,C00067,Onboarding,Enhanced,Enhanced Due Diligence,AN020,2025-04-27,2025-06-08,30,42.0,Y,Y,Y,Y,Y,N,Rejected,Adverse media,N,28.1
KYC00075,C00068,Onboarding,Standard,Business Due Diligence,AN022,2025-07-22,2025-08-03,10,12.0,Y,Y,Y,Y,N/A,N/A,Approved,,Y,8.6
KYC00076,C00069,Onboarding,Standard,KYC Onboarding,AN007,2025-01-31,2025-02-15,10,15.0,Y,Y,Y,Y,N/A,N/A,Approved,,Y,6.7
KYC00077,C00070,Onboarding,Enhanced,Enhanced Due Diligence,AN018,2025-02-25,2025-04-19,30,53.0,Y,Y,Y,Y,N,Y,Approved,,N,22.1
KYC00078,C00071,Onboarding,Simplified,KYC Onboarding,AN001,2024-09-27,2024-10-01,5,4.0,N,Y,Y,Y,N/A,N/A,Approved,,N,2.4
KYC00079,C00072,Onboarding,Standard,KYC Onboarding,AN008,2025-12-02,2025-12-20,10,18.0,Y,Y,Y,N,N/A,N/A,Approved,,Y,12.0
KYC00080,C00073,Onboarding,Standard,KYC Onboarding,AN003,2025-10-08,2025-10-13,10,5.0,N,Y,Y,Y,N/A,N/A,Approved,,Y,4.0
KYC00081,C00074,Onboarding,Enhanced,Enhanced Due Diligence,AN019,2024-10-20,2024-11-26,30,37.0,Y,Y,Y,Y,Y,Y,Approved,,Y,23.1
KYC00082,C00074,Periodic Review,Enhanced,Enhanced Due Diligence,AN019,2025-10-19,2025-11-06,30,18.0,N,Y,Y,N,Y,Y,Approved,,Y,10.5
KYC00083,C00075,Onboarding,Standard,KYC Onboarding,AN002,2025-07-01,2025-07-19,10,18.0,Y,Y,Y,Y,N/A,N/A,Approved,,N,10.4
KYC00084,C00076,Onboarding,Standard,KYC Onboarding,AN001,2024-09-12,2024-09-20,10,8.0,N,Y,Y,Y,N/A,N/A,Approved,,Y,3.7
KYC00085,C00077,Onboarding,Simplified,KYC Onboarding,AN009,2024-03-29,2024-03-31,5,2.0,N,Y,Y,Y,N/A,N/A,Approved,,Y,0.9
KYC00086,C00078,Onboarding,Enhanced,Enhanced Due Diligence,AN021,2024-07-27,2024-07-30,30,3.0,N,Y,Y,Y,N,Y,Approved,,N,2.0
KYC00087,C00078,Periodic Review,Enhanced,Enhanced Due Diligence,AN017,2025-07-21,2025-08-07,30,17.0,N,Y,Y,N,Y,N,Rejected,Adverse media,Y,10.4
KYC00088,C00079,Onboarding,Standard,Business Due Diligence,AN023,2025-09-02,2025-09-17,10,15.0,Y,Y,Y,Y,N/A,N/A,Approved,,Y,7.5
KYC00089,C00080,Onboarding,Enhanced,Enhanced Due Diligence,AN017,2024-12-14,2025-01-05,30,22.0,N,Y,N,Y,Y,Y,Approved,,Y,17.2
KYC00091,C00081,Onboarding,Standard,Business Due Diligence,AN025,2025-09-24,2025-10-04,10,10.0,N,Y,Y,Y,N/A,N/A,Approved,,Y,7.6
KYC00092,C00082,Onboarding,Enhanced,Enhanced Due Diligence,AN021,2024-08-22,2024-09-01,30,10.0,N,N,Y,Y,Y,Y,Approved,,Y,7.7
KYC00093,C00082,Periodic Review,Enhanced,Enhanced Due Diligence,AN020,2025-09-13,2025-11-08,30,56.0,Y,Y,N,Y,Y,Y,Approved,,Y,25.9
KYC00094,C00083,Onboarding,Standard,KYC Onboarding,AN007,2024-11-30,2024-12-07,10,7.0,N,Y,Y,Y,N/A,N/A,Approved,,Y,5.7
KYC00095,C00084,Onboarding,Standard,KYC Onboarding,AN009,2024-02-21,2024-02-25,10,4.0,N,Y,Y,Y,N/A,N/A,Rejected,Incomplete documents,Y,3.4
KYC00096,C00085,Onboarding,Standard,Business Due Diligence,AN023,2025-07-24,2025-07-27,10,3.0,N,Y,Y,N,N/A,N/A,Approved,,Y,1.7
KYC00097,C00086,Onboarding,Standard,KYC Onboarding,AN006,2024-08-15,2024-08-22,10,7.0,N,Y,Y,N,N/A,N/A,Approved,,Y,3.2
KYC00098,C00087,Onboarding,Standard,KYC Onboarding,AN004,2024-03-07,2024-03-16,10,9.0,N,Y,Y,Y,N/A,N/A,Approved,,N,6.0
KYC00099,C00088,Onboarding,Standard,KYC Onboarding,AN010,2024-06-06,2024-06-11,10,5.0,N,Y,Y,Y,N/A,N/A,Approved,,Y,2.7
KYC00100,C00089,Onboarding,Standard,Business Due Diligence,AN023,2025-04-28,2025-04-30,10,2.0,N,Y,Y,Y,N/A,N/A,Approved,,Y,1.6
KYC00101,C00090,Onboarding,Simplified,KYC Onboarding,AN002,2025-08-19,2025-08-26,5,7.0,Y,Y,Y,Y,N/A,N/A,Approved,,N,3.8
KYC00102,C00091,Onboarding,Standard,Business Due Diligence,AN024,2025-11-27,2025-12-03,10,6.0,N,Y,Y,N,N/A,N/A,Rejected,Unacceptable risk appetite,Y,2.4
KYC00103,C00092,Onboarding,Standard,KYC Onboarding,AN009,2024-06-21,2024-06-24,10,3.0,N,N,Y,Y,N/A,N/A,Approved,,Y,2.5
KYC00104,C00093,Onboarding,Standard,KYC Onboarding,AN004,2025-03-07,2025-03-12,10,5.0,N,Y,Y,Y,N/A,N/A,Approved,,Y,2.8
KYC00105,C00094,Onboarding,Standard,Business Due Diligence,AN023,2024-11-30,2024-12-04,10,4.0,N,Y,Y,N,N/A,N/A,Approved,,Y,2.8
KYC00106,C00095,Onboarding,Standard,KYC Onboarding,AN005,2025-06-06,2025-06-09,10,3.0,N,Y,Y,N,N/A,N/A,Rejected,Adverse media,Y,2.3
KYC00107,C00096,Onboarding,Standard,KYC Onboarding,AN009,2025-05-06,2025-05-17,10,11.0,Y,Y,Y,Y,N/A,N/A,Approved,,Y,7.5
KYC00108,C00097,Onboarding,Standard,KYC Onboarding,AN007,2024-02-21,2024-02-27,10,6.0,N,Y,Y,Y,N/A,N/A,Approved,,Y,4.5
KYC00109,C00098,Onboarding,Standard,Business Due Diligence,AN023,2024-04-18,2024-04-23,10,5.0,N,Y,Y,N,N/A,N/A,Approved,,Y,3.3
KYC00110,C00099,Onboarding,Standard,KYC Onboarding,AN003,2025-03-04,2025-03-10,10,6.0,N,Y,Y,Y,N/A,N/A,Approved,,Y,3.6
KYC00111,C00100,Onboarding,Standard,KYC Onboarding,AN001,2025-01-23,2025-01-26,10,3.0,N,Y,Y,N,N/A,N/A,Approved,,Y,2.2
KYC00112,C00101,Onboarding,Standard,Business Due Diligence,AN024,2025-10-06,2025-10-07,10,1.0,N,Y,Y,Y,N/A,N/A,Approved,,Y,0.8
KYC00113,C00102,Onboarding,Standard,Business Due Diligence,AN025,2025-09-10,2025-09-22,10,12.0,Y,Y,Y,N,N/A,N/A,Approved,,Y,5.5
KYC00114,C00103,Onboarding,Standard,KYC Onboarding,AN007,2024-02-11,2024-02-17,10,6.0,N,Y,Y,N,N/A,N/A,Approved,,Y,3.9
KYC00115,C00104,Onboarding,Standard,KYC Onboarding,AN004,2025-03-01,2025-03-15,10,14.0,Y,Y,Y,Y,N/A,N/A,Approved,,Y,8.0
KYC00116,C00105,Onboarding,Simplified,KYC Onboarding,AN001,2024-10-20,2024-10-21,5,1.0,N,Y,Y,N,N/A,N/A,Approved,,Y,0.7
KYC00117,C00106,Onboarding,Standard,KYC Onboarding,AN010,2024-12-14,2024-12-17,10,3.0,N,Y,Y,Y,N/A,N/A,Approved,,Y,1.8
KYC00118,C00107,Onboarding,Standard,KYC Onboarding,AN001,2024-02-15,2024-02-23,10,8.0,N,Y,Y,Y,N/A,N/A,Approved,,Y,5.1
KYC00119,C00108,Onboarding,Simplified,KYC Onboarding,AN002,2025-09-01,2025-09-02,5,1.0,N,Y,Y,N,N/A,N/A,Approved,,Y,0.8
KYC00120,C00109,Onboarding,Standard,KYC Onboarding,AN004,2024-04-26,2024-05-17,10,21.0,Y,Y,Y,N,N/A,N/A,Approved,,Y,15.1
KYC00121,C00110,Onboarding,Standard,KYC Onboarding,AN006,2025-11-22,2025-11-28,10,6.0,N,Y,Y,Y,N/A,N/A,Approved,,Y,4.1
KYC00122,C00111,Onboarding,Standard,KYC Onboarding,AN008,2025-11-07,2025-11-08,10,1.0,N,Y,Y,Y,N/A,N/A,Approved,,Y,0.7
KYC00123,C00112,Onboarding,Standard,KYC Onboarding,AN007,2025-08-21,2025-08-22,10,1.0,N,Y,Y,N,N/A,N/A,Approved,,Y,0.5
KYC00124,C00113,Onboarding,Standard,KYC Onboarding,AN003,2024-03-26,2024-04-03,10,8.0,N,Y,Y,Y,N/A,N/A,Approved,,Y,5.7
KYC00125,C00114,Onboarding,Standard,Business Due Diligence,AN022,2024-10-23,2024-10-24,10,1.0,N,Y,Y,Y,N/A,N/A,Approved,,Y,0.9
KYC00126,C00115,Onboarding,Enhanced,Enhanced Due Diligence,AN018,2024-01-14,2024-02-12,30,29.0,N,Y,Y,Y,Y,Y,Approved,,Y,21.1
KYC00127,C00115,Periodic Review,Enhanced,Enhanced Due Diligence,AN018,2025-01-22,2025-02-13,30,22.0,N,Y,Y,N,Y,Y,Approved,,N,12.0
KYC00128,C00116,Onboarding,Standard,Business Due Diligence,AN022,2025-03-21,2025-04-04,10,14.0,Y,Y,Y,N,N/A,N/A,Approved,,Y,6.5
KYC00129,C00117,Onboarding,Standard,KYC Onboarding,AN006,2025-09-20,2025-09-23,10,3.0,N,Y,Y,Y,N/A,N/A,Approved,,N,2.7
KYC00130,C00118,Onboarding,Standard,KYC Onboarding,AN008,2025-01-16,2025-01-25,10,9.0,N,Y,Y,Y,N/A,N/A,Approved,,Y,3.9
KYC00131,C00119,Onboarding,Enhanced,Enhanced Due Diligence,AN018,2024-01-15,2024-02-05,30,21.0,N,Y,Y,N,Y,Y,Approved,,Y,17.0
KYC00132,C00119,Periodic Review,Enhanced,Enhanced Due Diligence,AN021,2025-01-05,2025-03-06,30,60.0,Y,Y,Y,Y,Y,Y,Approved,,N,29.3
KYC00133,C00120,Onboarding,Simplified,KYC Onboarding,AN010,2024-08-06,2024-08-07,5,1.0,N,Y,Y,N,N/A,N/A,Approved,,Y,0.7
KYC00134,C00121,Onboarding,Simplified,KYC Onboarding,AN005,2024-05-02,2024-05-05,5,3.0,N,Y,Y,N,N/A,N/A,Approved,,N,1.4
KYC00135,C00122,Onboarding,Standard,KYC Onboarding,AN003,2024-11-14,2024-11-18,10,4.0,N,Y,Y,Y,N/A,N/A,Approved,,N,3.2
KYC00136,C00123,Onboarding,Standard,KYC Onboarding,AN002,2024-09-24,2024-09-29,10,5.0,N,Y,N,Y,N/A,N/A,Approved,,Y,2.6
KYC00137,C00124,Onboarding,Standard,Business Due Diligence,AN022,2025-08-25,2025-09-01,10,7.0,N,Y,Y,Y,N/A,N/A,Approved,,Y,4.8
KYC00138,C00125,Onboarding,Standard,KYC Onboarding,AN006,2024-06-07,2024-06-13,10,6.0,N,Y,Y,Y,N/A,N/A,Approved,,Y,3.9
KYC00139,C00126,Onboarding,Enhanced,Enhanced Due Diligence,AN021,2024-08-03,2024-08-28,30,25.0,N,N,Y,N,Y,Y,Approved,,Y,16.0
KYC00140,C00126,Periodic Review,Enhanced,Enhanced Due Diligence,AN019,2025-09-13,2025-10-22,30,39.0,Y,Y,Y,Y,Y,Y,Approved,,Y,26.5
KYC00141,C00127,Onboarding,Standard,KYC Onboarding,AN005,2024-06-20,2024-07-01,10,11.0,Y,Y,Y,Y,N/A,N/A,Rejected,Adverse media,Y,7.2
KYC00142,C00128,Onboarding,Standard,KYC Onboarding,AN002,2025-10-08,2025-10-21,10,13.0,Y,Y,Y,Y,N/A,N/A,Approved,,N,6.4
KYC00143,C00129,Onboarding,Standard,KYC Onboarding,AN006,2024-07-31,2024-08-07,10,7.0,N,Y,Y,Y,N/A,N/A,Approved,,Y,4.2
KYC00144,C00130,Onboarding,Standard,KYC Onboarding,AN008,2025-12-22,2025-12-23,10,1.0,N,N,Y,Y,N/A,N/A,Approved,,N,0.6
KYC00145,C00131,Onboarding,Standard,KYC Onboarding,AN006,2025-04-29,2025-05-02,10,3.0,N,Y,Y,Y,N/A,N/A,Approved,,Y,2.6
KYC00146,C00132,Onboarding,Standard,KYC Onboarding,AN007,2024-08-10,2024-08-17,10,7.0,N,Y,Y,N,N/A,N/A,Approved,,Y,3.3
KYC00147,C00133,Onboarding,Enhanced,Enhanced Due Diligence,AN020,2025-03-08,2025-03-19,30,11.0,N,N,Y,Y,Y,N,Escalated to Compliance,,Y,8.1
KYC00148,C00134,Onboarding,Standard,KYC Onboarding,AN001,2024-03-28,2024-04-07,10,10.0,N,Y,Y,N,N/A,N/A,Approved,,Y,4.1
KYC00149,C00135,Onboarding,Standard,Business Due Diligence,AN025,2025-10-18,2025-11-05,10,18.0,Y,Y,Y,Y,N/A,N/A,Approved,,Y,12.6
KYC00150,C00136,Onboarding,Standard,Business Due Diligence,AN023,2025-11-30,2025-12-13,10,13.0,Y,Y,Y,Y,N/A,N/A,Escalated to Compliance,,Y,11.4
KYC00151,C00137,Onboarding,Simplified,KYC Onboarding,AN006,2024-08-02,2024-08-04,5,2.0,N,Y,Y,N,N/A,N/A,Approved,,Y,1.1
KYC00152,C00138,Onboarding,Enhanced,Enhanced Due Diligence,AN018,2024-05-02,2024-06-11,30,40.0,Y,Y,Y,Y,Y,Y,Approved,,Y,17.3
KYC00153,C00138,Periodic Review,Enhanced,Enhanced Due Diligence,AN017,2025-05-28,2025-06-29,30,32.0,Y,N,Y,Y,Y,Y,Approved,,Y,24.7
KYC00154,C00139,Onboarding,Standard,KYC Onboarding,AN003,2024-11-05,2024-11-19,10,14.0,Y,Y,Y,Y,N/A,N/A,Approved,,Y,10.7
KYC00155,C00140,Onboarding,Standard,KYC Onboarding,AN006,2025-07-15,2025-07-18,10,3.0,N,Y,Y,Y,N/A,N/A,Approved,,Y,2.0
KYC00156,C00141,Onboarding,Standard,Business Due Diligence,AN022,2025-04-02,2025-04-10,10,8.0,N,Y,Y,N,N/A,N/A,Approved,,Y,6.7
KYC00157,C00142,Onboarding,Standard,Business Due Diligence,AN024,2024-01-26,2024-02-05,10,10.0,N,Y,Y,Y,N/A,N/A,Approved,,Y,8.9
KYC00158,C00143,Onboarding,Simplified,KYC Onboarding,AN006,2024-01-05,2024-01-07,5,2.0,N,Y,Y,Y,N/A,N/A,Approved,,Y,1.0
KYC00159,C00144,Onboarding,Standard,KYC Onboarding,AN005,2024-06-21,2024-06-30,10,9.0,N,Y,Y,N,N/A,N/A,Approved,,Y,5.9
KYC00160,C00145,Onboarding,Simplified,KYC Onboarding,AN005,2025-07-01,2025-07-02,5,1.0,N,Y,Y,Y,N/A,N/A,Approved,,Y,0.6
KYC00161,C00146,Onboarding,Standard,Business Due Diligence,AN024,2024-07-09,2024-07-11,10,2.0,N,Y,Y,Y,N/A,N/A,Approved,,N,1.6
KYC00162,C00147,Onboarding,Standard,KYC Onboarding,AN001,2025-10-15,2025-11-03,10,19.0,Y,Y,Y,Y,N/A,N/A,Approved,,Y,10.6
KYC00163,C00148,Onboarding,Standard,KYC Onboarding,AN006,2024-08-05,2024-08-18,10,13.0,Y,Y,Y,Y,N/A,N/A,Approved,,Y,8.2
KYC00164,C00149,Onboarding,Standard,KYC Onboarding,AN007,2025-10-12,2025-10-18,10,6.0,N,Y,Y,Y,N/A,N/A,Approved,,Y,3.5
KYC00165,C00150,Onboarding,Standard,KYC Onboarding,AN009,2025-11-02,2025-11-05,10,3.0,N,Y,Y,N,N/A,N/A,Approved,,Y,1.5
KYC00166,C00151,Onboarding,Standard,KYC Onboarding,AN004,2025-06-15,2025-06-19,10,4.0,N,Y,Y,Y,N/A,N/A,Approved,,N,2.7
KYC00167,C00152,Onboarding,Enhanced,Enhanced Due Diligence,AN018,2024-05-04,2024-05-23,30,19.0,N,Y,Y,Y,Y,Y,Approved,,Y,8.4
KYC00168,C00152,Periodic Review,Enhanced,Enhanced Due Diligence,AN020,2025-05-08,2025-05-20,30,12.0,N,Y,Y,Y,Y,Y,Approved,,Y,5.2
KYC00169,C00153,Onboarding,Simplified,KYC Onboarding,AN008,2024-02-22,2024-02-23,5,1.0,N,Y,Y,Y,N/A,N/A,Approved,,Y,0.4
KYC00170,C00154,Onboarding,Simplified,KYC Onboarding,AN003,2024-05-06,2024-05-08,5,2.0,N,Y,Y,Y,N/A,N/A,Rejected,Adverse media,Y,1.3
KYC00171,C00155,Onboarding,Standard,KYC Onboarding,AN009,2025-04-05,2025-04-07,10,2.0,N,Y,Y,Y,N/A,N/A,Approved,,Y,1.3
KYC00172,C00156,Onboarding,Standard,Business Due Diligence,AN023,2025-05-16,2025-05-17,10,1.0,N,Y,Y,Y,N/A,N/A,Approved,,Y,0.6
KYC00173,C00156,Trigger Event Review,Standard,Business Due Diligence,AN025,2025-07-04,2025-07-08,10,4.0,N,Y,Y,N,N/A,N/A,Approved,,Y,2.1
KYC00174,C00157,Onboarding,Enhanced,Enhanced Due Diligence,AN021,2025-12-18,,30,,,Y,Y,Y,Y,N,Pending,,,0.0
KYC00175,C00158,Onboarding,Standard,KYC Onboarding,AN009,2025-11-25,2025-12-07,10,12.0,Y,Y,Y,N,N/A,N/A,Approved,,N,8.6
KYC00176,C00159,Onboarding,Standard,KYC Onboarding,AN003,2024-08-10,2024-08-11,10,1.0,N,Y,Y,N,N/A,N/A,Approved,,N,0.7
KYC00177,C00160,Onboarding,Standard,KYC Onboarding,AN009,2024-10-07,2024-10-08,10,1.0,N,Y,Y,Y,N/A,N/A,Escalated to Compliance,,Y,0.5
KYC00178,C00161,Onboarding,Standard,KYC Onboarding,AN002,2025-07-17,2025-07-27,10,10.0,N,Y,Y,Y,N/A,N/A,Approved,,Y,8.9
KYC00179,C00162,Onboarding,Standard,Business Due Diligence,AN022,2025-07-19,2025-07-22,10,3.0,N,Y,Y,N,N/A,N/A,Approved,,Y,2.6
KYC00180,C00163,Onboarding,Standard,KYC Onboarding,AN002,2024-08-13,2024-08-20,10,7.0,N,Y,Y,Y,N/A,N/A,Approved,,Y,5.0
KYC00181,C00164,Onboarding,Standard,KYC Onboarding,AN001,2024-01-23,2024-02-09,10,17.0,Y,Y,Y,Y,N/A,N/A,Approved,,Y,10.1
KYC00182,C00165,Onboarding,Standard,Business Due Diligence,AN026,2024-03-11,2024-03-30,10,19.0,Y,Y,Y,Y,N/A,N/A,Approved,,Y,14.5
KYC00183,C00166,Onboarding,Standard,KYC Onboarding,AN010,2025-08-25,2025-08-28,10,3.0,N,Y,Y,Y,N/A,N/A,Approved,,Y,2.0
KYC00184,C00167,Onboarding,Standard,KYC Onboarding,AN008,2024-09-11,2024-09-26,10,15.0,Y,Y,N,Y,N/A,N/A,Approved,,Y,11.4
KYC00185,C00168,Onboarding,Simplified,KYC Onboarding,AN010,2025-06-10,2025-06-13,5,3.0,N,Y,Y,N,N/A,N/A,Approved,,Y,1.6
KYC00186,C00169,Onboarding,Standard,KYC Onboarding,AN003,2025-08-06,2025-08-19,10,13.0,Y,Y,Y,Y,N/A,N/A,Approved,,Y,11.4
KYC00187,C00170,Onboarding,Standard,KYC Onboarding,AN009,2025-10-16,2025-10-24,10,8.0,N,Y,Y,Y,N/A,N/A,Approved,,Y,4.7
KYC00188,C00171,Onboarding,Simplified,KYC Onboarding,AN006,2024-12-25,2024-12-28,5,3.0,N,Y,Y,Y,N/A,N/A,Approved,,N,1.3
KYC00189,C00172,Onboarding,Standard,KYC Onboarding,AN005,2025-04-07,2025-04-12,10,5.0,N,Y,Y,Y,N/A,N/A,Approved,,Y,3.3
KYC00190,C00173,Onboarding,Standard,KYC Onboarding,AN006,2024-05-21,2024-06-08,10,18.0,Y,Y,Y,Y,N/A,N/A,Approved,,Y,7.4
KYC00191,C00174,Onboarding,Simplified,KYC Onboarding,AN007,2025-11-17,2025-11-18,5,1.0,N,Y,Y,Y,N/A,N/A,Approved,,Y,0.5
KYC00192,C00175,Onboarding,Simplified,KYC Onboarding,AN010,2025-10-03,2025-10-07,5,4.0,N,Y,Y,N,N/A,N/A,Approved,,Y,1.6
KYC00193,C00176,Onboarding,Standard,KYC Onboarding,AN002,2024-10-08,2024-10-12,10,4.0,N,Y,Y,Y,N/A,N/A,Approved,,Y,2.4
KYC00194,C00177,Onboarding,Standard,KYC Onboarding,AN006,2024-09-22,2024-09-24,10,2.0,N,Y,Y,Y,N/A,N/A,Approved,,Y,1.5
KYC00195,C00178,Onboarding,Standard,KYC Onboarding,AN005,2025-06-16,2025-06-25,10,9.0,N,Y,Y,N,N/A,N/A,Approved,,Y,4.7
KYC00196,C00179,Onboarding,Enhanced,Enhanced Due Diligence,AN019,2024-10-26,2024-11-18,30,23.0,N,Y,Y,N,Y,N,Escalated to Compliance,,Y,14.7
KYC00197,C00179,Periodic Review,Enhanced,Enhanced Due Diligence,AN017,2025-12-01,2025-12-09,30,8.0,N,Y,Y,Y,Y,Y,Approved,,Y,4.1
KYC00198,C00180,Onboarding,Standard,Business Due Diligence,AN025,2025-06-14,2025-06-17,10,3.0,N,Y,Y,Y,N/A,N/A,Approved,,Y,1.9
KYC00199,C00181,Onboarding,Standard,KYC Onboarding,AN003,2024-03-04,2024-03-07,10,3.0,N,Y,Y,Y,N/A,N/A,Approved,,Y,1.8
KYC00200,C00182,Onboarding,Standard,KYC Onboarding,AN004,2024-07-15,2024-07-21,10,6.0,N,Y,Y,Y,N/A,N/A,Approved,,Y,3.8
KYC00201,C00183,Onboarding,Standard,KYC Onboarding,AN008,2025-07-23,2025-07-27,10,4.0,N,Y,Y,Y,N/A,N/A,Approved,,Y,2.7
KYC00202,C00184,Onboarding,Standard,KYC Onboarding,AN004,2025-10-30,2025-11-04,10,5.0,N,Y,Y,Y,N/A,N/A,Approved,,Y,3.9
KYC00204,C00185,Onboarding,Standard,KYC Onboarding,AN004,2024-01-18,2024-01-19,10,1.0,N,Y,Y,Y,N/A,N/A,Approved,,Y,0.6
KYC00205,C00186,Onboarding,Standard,KYC Onboarding,AN002,2025-07-21,2025-08-02,10,12.0,Y,Y,Y,Y,N/A,N/A,Approved,,Y,8.0
KYC00206,C00187,Onboarding,Standard,KYC Onboarding,AN003,2024-02-16,2024-02-19,10,3.0,N,Y,Y,N,N/A,N/A,Approved,,Y,2.2
KYC00207,C00188,Onboarding,Simplified,KYC Onboarding,AN010,2025-09-24,2025-09-25,5,1.0,N,Y,Y,N,N/A,N/A,Approved,,Y,0.5
KYC00208,C00189,Onboarding,Simplified,KYC Onboarding,AN004,2024-07-01,2024-07-03,5,2.0,N,Y,Y,Y,N/A,N/A,Approved,,Y,1.7
KYC00209,C00190,Onboarding,Simplified,KYC Onboarding,AN009,2024-09-18,2024-09-19,5,1.0,N,Y,Y,N,N/A,N/A,Approved,,Y,0.6
KYC00210,C00190,Trigger Event Review,Standard,KYC Periodic Review,AN013,2025-04-22,2025-05-01,10,9.0,N,Y,Y,Y,N/A,N/A,Approved,,Y,7.0
KYC00211,C00191,Onboarding,Standard,Business Due Diligence,AN025,2025-06-05,2025-06-13,10,8.0,N,Y,Y,Y,N/A,N/A,Approved,,Y,4.8
KYC00212,C00192,Onboarding,Standard,KYC Onboarding,AN001,2025-09-04,2025-09-07,10,3.0,N,Y,Y,Y,N/A,N/A,Approved,,Y,1.7
KYC00213,C00193,Onboarding,Standard,Business Due Diligence,AN022,2024-10-28,2024-10-29,10,1.0,N,Y,Y,Y,N/A,N/A,Approved,,Y,0.7
KYC00214,C00194,Onboarding,Standard,KYC Onboarding,AN010,2024-08-17,2024-08-19,10,2.0,N,Y,Y,N,N/A,N/A,Approved,,Y,1.6
KYC00215,C00195,Onboarding,Standard,Business Due Diligence,AN024,2025-12-16,2025-12-19,10,3.0,N,Y,Y,Y,N/A,N/A,Approved,,Y,2.0
KYC00216,C00196,Onboarding,Standard,Business Due Diligence,AN025,2025-12-05,2025-12-16,10,11.0,Y,Y,N,Y,N/A,N/A,Approved,,Y,7.9
KYC00217,C00197,Onboarding,Standard,Business Due Diligence,AN026,2025-01-17,2025-01-26,10,9.0,N,Y,Y,N,N/A,N/A,Approved,,Y,7.3
KYC00218,C00198,Onboarding,Standard,Business Due Diligence,AN022,2024-01-16,2024-01-30,10,14.0,Y,Y,Y,Y,N/A,N/A,Approved,,Y,8.4
KYC00219,C00199,Onboarding,Standard,Business Due Diligence,AN022,2025-12-06,2025-12-17,10,11.0,Y,Y,Y,Y,N/A,N/A,Approved,,Y,5.3
KYC00220,C00200,Onboarding,Standard,KYC Onboarding,AN009,2025-03-28,2025-04-01,10,4.0,N,Y,Y,Y,N/A,N/A,Approved,,Y,1.9
KYC00221,C00201,Onboarding,Standard,Business Due Diligence,AN023,2025-02-07,2025-02-15,10,8.0,N,Y,Y,Y,N/A,N/A,Rejected,Source of funds unclear,Y,3.6
KYC00222,C00202,Onboarding,Standard,KYC Onboarding,AN007,2024-03-19,2024-03-25,10,6.0,N,Y,Y,Y,N/A,N/A,Approved,,N,2.5
KYC00223,C00203,Onboarding,Standard,KYC Onboarding,AN003,2025-12-25,2025-12-29,10,4.0,N,Y,Y,Y,N/A,N/A,Approved,,Y,3.3
KYC00224,C00204,Onboarding,Simplified,KYC Onboarding,AN008,2025-06-09,2025-06-10,5,1.0,N,Y,Y,N,N/A,N/A,Approved,,Y,0.4
KYC00225,C00205,Onboarding,Standard,Business Due Diligence,AN023,2024-06-04,2024-06-09,10,5.0,N,Y,Y,N,N/A,N/A,Approved,,Y,3.1
KYC00226,C00206,Onboarding,Enhanced,Enhanced Due Diligence,AN017,2024-09-18,2024-09-25,30,7.0,N,Y,Y,Y,Y,Y,Approved,,Y,3.0
KYC00227,C00206,Periodic Review,Enhanced,Enhanced Due Diligence,AN020,2025-09-15,2025-10-08,30,23.0,N,Y,Y,Y,Y,Y,Approved,,Y,12.6
KYC00228,C00206,Trigger Event Review,Enhanced,Enhanced Due Diligence,AN017,2025-08-09,2025-09-30,30,52.0,Y,Y,Y,N,Y,Y,Approved,,Y,35.6
KYC00229,C00207,Onboarding,Standard,KYC Onboarding,AN009,2024-09-08,2024-09-10,10,2.0,N,Y,Y,Y,N/A,N/A,Approved,,Y,1.8
KYC00230,C00208,Onboarding,Standard,KYC Onboarding,AN005,2025-09-25,2025-09-28,10,3.0,N,Y,Y,N,N/A,N/A,Approved,,Y,1.6
KYC00231,C00209,Onboarding,Simplified,KYC Onboarding,AN002,2024-12-12,2024-12-13,5,1.0,N,Y,Y,N,N/A,N/A,Approved,,Y,0.5
KYC00232,C00210,Onboarding,Standard,KYC Onboarding,AN005,2025-09-26,2025-10-08,10,12.0,Y,Y,Y,Y,N/A,N/A,Approved,,Y,5.0
KYC00233,C00211,Onboarding,Standard,KYC Onboarding,AN002,2025-05-13,2025-05-18,10,5.0,N,Y,Y,Y,N/A,N/A,Approved,,Y,3.6
KYC00234,C00212,Onboarding,Standard,KYC Onboarding,AN002,2024-09-23,2024-10-15,10,22.0,Y,Y,Y,Y,N/A,N/A,Approved,,N,12.5
KYC00235,C00213,Onboarding,Standard,KYC Onboarding,AN007,2024-10-23,2024-10-26,10,3.0,N,Y,Y,Y,N/A,N/A,Approved,,Y,2.0
KYC00236,C00214,Onboarding,Standard,KYC Onboarding,AN002,2025-08-11,2025-08-20,10,9.0,N,Y,Y,Y,N/A,N/A,Approved,,Y,4.2
KYC00237,C00215,Onboarding,Standard,KYC Onboarding,AN007,2024-12-28,2025-01-02,10,5.0,N,Y,Y,Y,N/A,N/A,Approved,,Y,2.3
KYC00238,C00216,Onboarding,Standard,KYC Onboarding,AN005,2025-05-12,2025-05-16,10,4.0,N,Y,Y,Y,N/A,N/A,Approved,,Y,3.3
KYC00239,C00216,Trigger Event Review,Simplified,KYC Periodic Review,AN015,2025-08-18,2025-08-20,5,2.0,N,Y,Y,Y,N/A,N/A,Approved,,Y,1.0
KYC00240,C00217,Onboarding,Simplified,KYC Onboarding,AN005,2024-03-27,2024-04-06,5,10.0,Y,Y,Y,Y,N/A,N/A,Approved,,Y,4.9
KYC00241,C00218,Onboarding,Simplified,KYC Onboarding,AN006,2024-11-07,2024-11-12,5,5.0,N,Y,Y,Y,N/A,N/A,Approved,,Y,3.0
KYC00242,C00219,Onboarding,Standard,KYC Onboarding,AN005,2025-02-21,2025-02-23,10,2.0,N,N,Y,Y,N/A,N/A,Approved,,Y,1.6
KYC00243,C00220,Onboarding,Enhanced,Enhanced Due Diligence,AN017,2024-09-07,2024-09-10,30,3.0,N,Y,Y,N,Y,N,Escalated to Compliance,,Y,2.4
KYC00244,C00220,Periodic Review,Enhanced,Enhanced Due Diligence,AN018,2025-09-24,2025-10-26,30,32.0,Y,Y,Y,N,Y,Y,Approved,,N,17.2
KYC00245,C00221,Onboarding,Standard,Business Due Diligence,AN024,2025-09-08,2025-09-10,10,2.0,N,Y,Y,Y,N/A,N/A,Approved,,Y,1.2
KYC00246,C00222,Onboarding,Standard,KYC Onboarding,AN003,2024-05-29,2024-06-06,10,8.0,N,Y,Y,Y,N/A,N/A,Approved,,Y,5.0
KYC00247,C00223,Onboarding,Standard,KYC Onboarding,AN005,2025-09-08,2025-09-17,10,9.0,N,Y,Y,Y,N/A,N/A,Approved,,Y,5.9
KYC00248,C00224,Onboarding,Simplified,KYC Onboarding,AN006,2024-02-12,2024-02-13,5,1.0,N,Y,Y,N,N/A,N/A,Approved,,Y,0.6
KYC00249,C00225,Onboarding,Standard,Business Due Diligence,AN025,2024-11-05,2024-11-14,10,9.0,N,Y,Y,N,N/A,N/A,Rejected,Source of funds unclear,Y,4.5
KYC00250,C00226,Onboarding,Simplified,KYC Onboarding,AN007,2025-01-09,2025-01-13,5,4.0,N,Y,Y,N,N/A,N/A,Approved,,Y,2.1
KYC00251,C00227,Onboarding,Enhanced,Enhanced Due Diligence,AN018,2024-07-02,2024-08-14,30,43.0,Y,Y,Y,Y,N,Y,Approved,,Y,38.4
KYC00252,C00227,Periodic Review,Enhanced,Enhanced Due Diligence,AN021,2025-07-28,2025-09-02,30,36.0,Y,Y,Y,N,Y,Y,Approved,,Y,23.6
KYC00253,C00228,Onboarding,Simplified,KYC Onboarding,AN010,2025-01-25,2025-01-26,5,1.0,N,Y,Y,N,N/A,N/A,Approved,,Y,0.8
KYC00254,C00229,Onboarding,Standard,KYC Onboarding,AN007,2025-10-20,2025-10-24,10,4.0,N,Y,Y,Y,N/A,N/A,Approved,,N,3.4
KYC00255,C00230,Onboarding,Standard,KYC Onboarding,AN001,2024-11-18,2024-11-22,10,4.0,N,Y,Y,Y,N/A,N/A,Approved,,Y,3.2
KYC00256,C00231,Onboarding,Standard,Business Due Diligence,AN025,2025-01-28,2025-02-05,10,8.0,N,Y,Y,Y,N/A,N/A,Approved,,Y,5.1
KYC00257,C00231,Trigger Event Review,Standard,Business Due Diligence,AN022,2025-03-08,2025-03-20,10,12.0,Y,Y,Y,Y,N/A,N/A,Approved,,Y,6.9
KYC00258,C00232,Onboarding,Standard,KYC Onboarding,AN010,2025-11-23,2025-12-03,10,10.0,N,Y,Y,Y,N/A,N/A,Approved,,Y,7.8
KYC00259,C00233,Onboarding,Standard,KYC Onboarding,AN002,2025-11-04,2025-11-07,10,3.0,N,Y,Y,Y,N/A,N/A,Approved,,Y,1.8
KYC00260,C00234,Onboarding,Standard,Business Due Diligence,AN022,2024-01-08,2024-01-26,10,18.0,Y,Y,Y,Y,N/A,N/A,Approved,,Y,9.4
KYC00261,C00235,Onboarding,Standard,KYC Onboarding,AN001,2025-06-14,2025-06-22,10,8.0,N,Y,Y,Y,N/A,N/A,Rejected,Sanctions match,Y,4.4
KYC00262,C00236,Onboarding,Standard,KYC Onboarding,AN008,2025-09-12,2025-09-16,10,4.0,N,Y,Y,Y,N/A,N/A,Approved,,N,2.3
KYC00263,C00237,Onboarding,Simplified,KYC Onboarding,AN010,2025-11-17,2025-11-18,5,1.0,N,Y,Y,Y,N/A,N/A,Approved,,Y,0.7
KYC00264,C00238,Onboarding,Standard,Business Due Diligence,AN024,2025-08-08,2025-08-18,10,10.0,N,Y,Y,Y,N/A,N/A,Approved,,Y,7.1
KYC00265,C00239,Onboarding,Standard,KYC Onboarding,AN008,2024-02-28,2024-03-06,10,7.0,N,Y,Y,Y,N/A,N/A,Approved,,Y,2.9
KYC00266,C00240,Onboarding,Standard,Business Due Diligence,AN023,2025-07-08,2025-07-16,10,8.0,N,Y,Y,Y,N/A,N/A,Rejected,Unverifiable identity,Y,6.6
KYC00267,C00241,Onboarding,Enhanced,Enhanced Due Diligence,AN019,2025-09-07,2025-10-16,30,39.0,Y,Y,Y,Y,Y,Y,Approved,,Y,29.8
KYC00268,C00242,Onboarding,Standard,Business Due Diligence,AN026,2025-01-15,2025-01-17,10,2.0,N,Y,Y,Y,N/A,N/A,Approved,,Y,1.4
KYC00269,C00243,Onboarding,Standard,Business Due Diligence,AN022,2024-01-16,2024-01-22,10,6.0,N,Y,Y,Y,N/A,N/A,Approved,,Y,3.8
KYC00270,C00244,Onboarding,Standard,KYC Onboarding,AN003,2024-05-15,2024-05-31,10,16.0,Y,Y,Y,Y,N/A,N/A,Approved,,Y,12.4
KYC00271,C00245,Onboarding,Standard,Business Due Diligence,AN023,2024-07-20,2024-07-27,10,7.0,N,Y,Y,Y,N/A,N/A,Approved,,Y,3.8
KYC00272,C00246,Onboarding,Standard,Business Due Diligence,AN023,2025-09-21,2025-09-27,10,6.0,N,Y,Y,N,N/A,N/A,Approved,,Y,2.7
KYC00273,C00247,Onboarding,Standard,Business Due Diligence,AN022,2024-03-29,2024-04-09,10,11.0,Y,Y,Y,N,N/A,N/A,Approved,,Y,9.6
KYC00274,C00248,Onboarding,Standard,KYC Onboarding,AN002,2025-06-28,2025-07-06,10,8.0,N,Y,Y,N,N/A,N/A,Approved,,Y,5.6
KYC00275,C00249,Onboarding,Standard,KYC Onboarding,AN002,2024-05-07,2024-05-12,10,5.0,N,Y,Y,Y,N/A,N/A,Approved,,Y,3.8
KYC00276,C00250,Onboarding,Standard,KYC Onboarding,AN009,2025-08-30,2025-09-09,10,10.0,N,Y,Y,N,N/A,N/A,Rejected,Unverifiable identity,Y,6.9
KYC00277,C00251,Onboarding,Standard,KYC Onboarding,AN002,2024-01-06,2024-01-08,10,2.0,N,Y,Y,Y,N/A,N/A,Approved,,Y,1.2
KYC00278,C00252,Onboarding,Standard,KYC Onboarding,AN004,2024-06-21,2024-06-28,10,7.0,N,Y,Y,Y,N/A,N/A,Approved,,Y,5.5
KYC00279,C00253,Onboarding,Simplified,KYC Onboarding,AN007,2024-03-15,2024-03-18,5,3.0,N,Y,Y,N,N/A,N/A,Approved,,Y,2.5
KYC00280,C00254,Onboarding,Standard,KYC Onboarding,AN003,2025-02-05,2025-02-09,10,4.0,N,Y,Y,Y,N/A,N/A,Approved,,Y,1.9
KYC00281,C00255,Onboarding,Standard,KYC Onboarding,AN009,2025-07-21,2025-07-24,10,3.0,N,Y,Y,Y,N/A,N/A,Approved,,Y,2.5
KYC00282,C00256,Onboarding,Simplified,KYC Onboarding,AN009,2024-10-28,2024-10-29,5,1.0,N,Y,Y,Y,N/A,N/A,Approved,,Y,0.5
KYC00283,C00257,Onboarding,Standard,Business Due Diligence,AN026,2025-01-23,2025-02-02,10,10.0,N,Y,Y,Y,N/A,N/A,Approved,,Y,7.9
KYC00284,C00258,Onboarding,Standard,Business Due Diligence,AN024,2025-04-12,2025-04-20,10,8.0,N,Y,Y,Y,N/A,N/A,Rejected,Incomplete documents,Y,6.0
KYC00285,C00259,Onboarding,Simplified,KYC Onboarding,AN009,2024-11-27,2024-12-03,5,6.0,Y,Y,Y,N,N/A,N/A,Rejected,Customer withdrew,Y,4.2
KYC00286,C00260,Onboarding,Simplified,KYC Onboarding,AN009,2025-07-01,2025-07-07,5,6.0,Y,Y,Y,N,N/A,N/A,Approved,,Y,2.5
KYC00287,C00261,Onboarding,Standard,Business Due Diligence,AN023,2024-07-22,2024-07-25,10,3.0,N,Y,Y,Y,N/A,N/A,Approved,,Y,1.7
KYC00288,C00262,Onboarding,Standard,KYC Onboarding,AN006,2024-05-03,2024-05-12,10,9.0,N,Y,Y,Y,N/A,N/A,Approved,,N,5.5
KYC00289,C00263,Onboarding,Standard,KYC Onboarding,AN002,2024-05-13,2024-05-17,10,4.0,N,Y,Y,N,N/A,N/A,Approved,,Y,2.0
KYC00290,C00264,Onboarding,Standard,KYC Onboarding,AN002,2024-05-07,2024-05-09,10,2.0,N,Y,Y,N,N/A,N/A,Approved,,Y,1.4
KYC00291,C00265,Onboarding,Enhanced,Enhanced Due Diligence,AN020,2024-01-27,2024-03-07,30,40.0,Y,Y,Y,Y,N,Y,Approved,,Y,28.3
KYC00292,C00265,Periodic Review,Enhanced,Enhanced Due Diligence,AN017,2025-01-17,2025-01-22,30,5.0,N,Y,Y,N,Y,Y,Approved,,Y,3.9
KYC00293,C00266,Onboarding,Simplified,KYC Onboarding,AN006,2024-02-01,2024-02-04,5,3.0,N,Y,Y,N,N/A,N/A,Approved,,Y,2.3
KYC00294,C00267,Onboarding,Standard,Business Due Diligence,AN022,2024-02-08,2024-02-16,10,8.0,N,Y,Y,Y,N/A,N/A,Approved,,Y,4.1
KYC00295,C00268,Onboarding,Standard,KYC Onboarding,AN008,2024-04-21,2024-04-26,10,5.0,N,Y,Y,Y,N/A,N/A,Approved,,Y,2.9
KYC00296,C00269,Onboarding,Standard,KYC Onboarding,AN009,2025-04-07,2025-04-09,10,2.0,N,Y,Y,Y,N/A,N/A,Approved,,Y,1.8
KYC00297,C00270,Onboarding,Standard,Business Due Diligence,AN022,2024-06-24,2024-07-03,10,9.0,N,Y,Y,Y,N/A,N/A,Approved,,Y,5.9
KYC00298,C00271,Onboarding,Standard,Business Due Diligence,AN025,2025-02-27,2025-03-02,10,3.0,N,Y,Y,Y,N/A,N/A,Approved,,Y,2.7
KYC00299,C00271,Trigger Event Review,Standard,Business Due Diligence,AN026,2025-10-23,2025-11-05,10,13.0,Y,Y,Y,Y,N/A,N/A,Approved,,Y,11.0
KYC00300,C00272,Onboarding,Standard,KYC Onboarding,AN008,2024-02-21,2024-03-02,10,10.0,N,Y,Y,N,N/A,N/A,Approved,,Y,5.2
KYC00301,C00273,Onboarding,Standard,KYC Onboarding,AN004,2025-08-05,2025-08-17,10,12.0,Y,Y,Y,N,N/A,N/A,Rejected,Unverifiable identity,Y,5.2
KYC00302,C00274,Onboarding,Standard,KYC Onboarding,AN007,2024-09-14,2024-09-25,10,11.0,Y,Y,N,Y,N/A,N/A,Approved,,Y,5.6
KYC00303,C00275,Onboarding,Standard,KYC Onboarding,AN002,2024-11-15,2024-11-26,10,11.0,Y,Y,Y,Y,N/A,N/A,Approved,,N,7.7
KYC00304,C00276,Onboarding,Standard,KYC Onboarding,AN002,2025-05-08,2025-05-09,10,1.0,N,Y,Y,Y,N/A,N/A,Approved,,Y,0.8
KYC00305,C00277,Onboarding,Standard,Business Due Diligence,AN022,2025-12-28,,10,,,Y,Y,Y,N/A,N/A,Pending,,,0.0
KYC00306,C00278,Onboarding,Standard,KYC Onboarding,AN005,2025-07-30,2025-08-11,10,12.0,Y,Y,Y,Y,N/A,N/A,Approved,,Y,10.4
KYC00307,C00279,Onboarding,Standard,KYC Onboarding,AN008,2024-10-17,2024-10-20,10,3.0,N,Y,Y,Y,N/A,N/A,Approved,,Y,1.4
KYC00308,C00279,Trigger Event Review,Standard,KYC Periodic Review,AN015,2025-05-10,2025-05-13,10,3.0,N,Y,Y,Y,N/A,N/A,Approved,,Y,2.5
KYC00309,C00280,Onboarding,Standard,Business Due Diligence,AN024,2024-09-06,2024-09-25,10,19.0,Y,Y,Y,Y,N/A,N/A,Approved,,Y,13.3
KYC00310,C00281,Onboarding,Simplified,KYC Onboarding,AN006,2024-09-03,2024-09-04,5,1.0,N,Y,Y,Y,N/A,N/A,Approved,,Y,0.4
KYC00311,C00282,Onboarding,Standard,Business Due Diligence,AN022,2024-02-27,2024-03-19,10,21.0,Y,N,Y,Y,N/A,N/A,Approved,,Y,13.9
KYC00312,C00283,Onboarding,Standard,Business Due Diligence,AN026,2024-08-31,2024-09-11,10,11.0,Y,Y,Y,Y,N/A,N/A,Approved,,Y,8.7
KYC00313,C00284,Onboarding,Standard,KYC Onboarding,AN008,2025-07-05,2025-07-10,10,5.0,N,Y,Y,Y,N/A,N/A,Approved,,Y,3.8
KYC00314,C00285,Onboarding,Simplified,KYC Onboarding,AN009,2024-07-18,2024-07-21,5,3.0,N,Y,Y,Y,N/A,N/A,Approved,,Y,2.6
KYC00315,C00286,Onboarding,Standard,Business Due Diligence,AN025,2024-10-10,2024-10-17,10,7.0,N,Y,Y,N,N/A,N/A,Approved,,Y,5.3
KYC00316,C00287,Onboarding,Standard,Business Due Diligence,AN025,2024-02-17,2024-02-19,10,2.0,N,Y,Y,Y,N/A,N/A,Approved,,Y,1.0
KYC00317,C00288,Onboarding,Standard,Business Due Diligence,AN025,2024-07-02,2024-07-14,10,12.0,Y,Y,Y,Y,N/A,N/A,Approved,,Y,7.4
KYC00318,C00289,Onboarding,Simplified,KYC Onboarding,AN001,2024-02-16,2024-02-19,5,3.0,N,Y,Y,Y,N/A,N/A,Approved,,Y,1.5
KYC00319,C00290,Onboarding,Standard,Business Due Diligence,AN022,2024-12-09,2024-12-16,10,7.0,N,Y,Y,Y,N/A,N/A,Approved,,Y,3.7
KYC00320,C00291,Onboarding,Standard,KYC Onboarding,AN005,2024-08-02,2024-08-08,10,6.0,N,Y,Y,Y,N/A,N/A,Approved,,N,4.1
KYC00321,C00292,Onboarding,Standard,KYC Onboarding,AN003,2025-12-09,2025-12-14,10,5.0,N,Y,Y,Y,N/A,N/A,Approved,,Y,3.5
KYC00322,C00293,Onboarding,Standard,KYC Onboarding,AN001,2025-03-06,2025-03-13,10,7.0,N,Y,Y,Y,N/A,N/A,Approved,,Y,5.1
KYC00323,C00294,Onboarding,Simplified,KYC Onboarding,AN010,2024-09-25,2024-09-29,5,4.0,N,Y,Y,N,N/A,N/A,Approved,,Y,3.3
KYC00324,C00295,Onboarding,Simplified,KYC Onboarding,AN006,2025-01-23,2025-01-25,5,2.0,N,Y,Y,Y,N/A,N/A,Approved,,Y,0.9
KYC00325,C00296,Onboarding,Standard,KYC Onboarding,AN002,2025-12-01,2025-12-05,10,4.0,N,Y,Y,Y,N/A,N/A,Approved,,Y,3.1
KYC00326,C00297,Onboarding,Standard,Business Due Diligence,AN025,2024-05-10,2024-05-14,10,4.0,N,Y,Y,Y,N/A,N/A,Rejected,Unacceptable risk appetite,Y,1.9
KYC00327,C00298,Onboarding,Simplified,KYC Onboarding,AN004,2024-07-03,2024-07-05,5,2.0,N,Y,Y,Y,N/A,N/A,Approved,,Y,1.7
KYC00328,C00299,Onboarding,Simplified,KYC Onboarding,AN009,2025-02-02,2025-02-04,5,2.0,N,Y,Y,Y,N/A,N/A,Approved,,Y,1.2
KYC00329,C00300,Onboarding,Standard,KYC Onboarding,AN001,2024-03-16,2024-03-21,10,5.0,N,Y,Y,Y,N/A,N/A,Rejected,Adverse media,Y,3.8
KYC00330,C00301,Onboarding,Simplified,KYC Onboarding,AN005,2025-01-14,2025-01-23,5,9.0,Y,Y,Y,N,N/A,N/A,Approved,,Y,7.6
KYC00331,C00302,Onboarding,Standard,Business Due Diligence,AN025,2024-04-22,2024-05-23,10,31.0,Y,Y,Y,N,N/A,N/A,Approved,,Y,21.5
KYC00332,C00303,Onboarding,Standard,Business Due Diligence,AN024,2025-09-21,2025-09-27,10,6.0,N,Y,N,Y,N/A,N/A,Approved,,Y,3.2
KYC00334,C00304,Onboarding,Standard,KYC Onboarding,AN005,2025-07-16,2025-07-27,10,11.0,Y,Y,Y,N,N/A,N/A,Approved,,Y,7.3
KYC00335,C00305,Onboarding,Standard,Business Due Diligence,AN024,2024-02-04,2024-02-06,10,2.0,N,Y,Y,Y,N/A,N/A,Approved,,Y,1.0
KYC00336,C00306,Onboarding,Standard,Business Due Diligence,AN023,2025-01-27,2025-02-05,10,9.0,N,Y,Y,Y,N/A,N/A,Approved,,Y,4.3
KYC00337,C00307,Onboarding,Standard,KYC Onboarding,AN004,2024-06-02,2024-06-08,10,6.0,N,Y,Y,Y,N/A,N/A,Approved,,Y,3.0
KYC00338,C00308,Onboarding,Standard,Business Due Diligence,AN023,2025-02-26,2025-03-03,10,5.0,N,Y,Y,Y,N/A,N/A,Approved,,N,2.7
KYC00339,C00309,Onboarding,Standard,KYC Onboarding,AN001,2025-02-01,2025-02-19,10,18.0,Y,Y,Y,Y,N/A,N/A,Approved,,Y,13.8
KYC00340,C00310,Onboarding,Standard,Business Due Diligence,AN025,2025-12-08,2025-12-14,10,6.0,N,Y,Y,Y,N/A,N/A,Approved,,Y,3.3
KYC00341,C00311,Onboarding,Simplified,KYC Onboarding,AN004,2024-05-08,2024-05-09,5,1.0,N,Y,Y,N,N/A,N/A,Approved,,Y,0.4
KYC00342,C00312,Onboarding,Standard,KYC Onboarding,AN006,2025-01-03,2025-01-06,10,3.0,N,Y,Y,Y,N/A,N/A,Approved,,Y,1.4
KYC00343,C00313,Onboarding,Standard,KYC Onboarding,AN005,2025-12-05,2025-12-08,10,3.0,N,Y,Y,Y,N/A,N/A,Approved,,Y,2.2
KYC00344,C00314,Onboarding,Standard,Business Due Diligence,AN023,2024-03-23,2024-03-30,10,7.0,N,Y,Y,Y,N/A,N/A,Approved,,Y,5.8
KYC00345,C00315,Onboarding,Standard,KYC Onboarding,AN001,2024-06-30,2024-07-04,10,4.0,N,Y,N,Y,N/A,N/A,Approved,,Y,1.8
KYC00346,C00316,Onboarding,Standard,KYC Onboarding,AN010,2025-06-09,2025-06-11,10,2.0,N,Y,Y,Y,N/A,N/A,Approved,,Y,1.0
KYC00347,C00317,Onboarding,Simplified,KYC Onboarding,AN002,2024-03-18,2024-03-19,5,1.0,N,Y,Y,Y,N/A,N/A,Approved,,Y,0.6
KYC00348,C00318,Onboarding,Enhanced,Enhanced Due Diligence,AN019,2024-05-28,2024-08-30,30,94.0,Y,Y,Y,N,Y,N,Escalated to Compliance,,Y,58.7
KYC00349,C00318,Periodic Review,Enhanced,Enhanced Due Diligence,AN018,2025-05-21,2025-05-31,30,10.0,N,Y,Y,Y,Y,N,Rejected,Sanctions match,Y,4.4
KYC00350,C00319,Onboarding,Standard,KYC Onboarding,AN005,2025-11-29,2025-12-06,10,7.0,N,Y,Y,Y,N/A,N/A,Approved,,N,3.9
KYC00351,C00320,Onboarding,Standard,Business Due Diligence,AN022,2025-02-26,2025-03-01,10,3.0,N,Y,Y,Y,N/A,N/A,Approved,,Y,2.6
KYC00352,C00321,Onboarding,Simplified,KYC Onboarding,AN001,2024-02-07,2024-02-12,5,5.0,N,Y,N,Y,N/A,N/A,Approved,,Y,3.5
KYC00353,C00322,Onboarding,Simplified,KYC Onboarding,AN010,2025-09-15,2025-09-19,5,4.0,N,Y,Y,N,N/A,N/A,Approved,,Y,2.0
KYC00354,C00323,Onboarding,Standard,KYC Onboarding,AN002,2025-01-17,2025-01-26,10,9.0,N,Y,N,Y,N/A,N/A,Approved,,Y,6.8
KYC00355,C00324,Onboarding,Simplified,KYC Onboarding,AN004,2024-12-12,2024-12-13,5,1.0,N,Y,Y,N,N/A,N/A,Approved,,Y,0.5
KYC00356,C00325,Onboarding,Standard,KYC Onboarding,AN006,2025-12-23,,10,,,Y,Y,Y,N/A,N/A,Pending,,,0.0
KYC00357,C00326,Onboarding,Standard,Business Due Diligence,AN025,2024-08-13,2024-08-22,10,9.0,N,Y,Y,Y,N/A,N/A,Rejected,Sanctions match,Y,6.1
KYC00358,C00327,Onboarding,Standard,KYC Onboarding,AN003,2024-10-02,2024-10-04,10,2.0,N,Y,Y,Y,N/A,N/A,Approved,,Y,1.1
KYC00359,C00328,Onboarding,Standard,Business Due Diligence,AN025,2025-02-23,2025-02-26,10,3.0,N,Y,Y,N,N/A,N/A,Approved,,Y,2.1
KYC00360,C00329,Onboarding,Standard,KYC Onboarding,AN003,2024-06-24,2024-06-29,10,5.0,N,Y,Y,Y,N/A,N/A,Approved,,Y,2.4
KYC00361,C00330,Onboarding,Enhanced,Enhanced Due Diligence,AN020,2024-04-02,2024-05-08,30,36.0,Y,Y,Y,N,Y,Y,Approved,,N,23.5
KYC00362,C00330,Periodic Review,Enhanced,Enhanced Due Diligence,AN019,2025-04-01,2025-04-23,30,22.0,N,Y,Y,N,Y,Y,Approved,,Y,11.4
KYC00363,C00331,Onboarding,Standard,Business Due Diligence,AN025,2024-04-09,2024-04-14,10,5.0,N,Y,Y,Y,N/A,N/A,Approved,,Y,3.1
KYC00364,C00332,Onboarding,Enhanced,Enhanced Due Diligence,AN017,2024-08-10,2024-08-14,30,4.0,N,Y,Y,Y,Y,N,Rejected,Customer withdrew,Y,2.2
KYC00365,C00332,Periodic Review,Enhanced,Enhanced Due Diligence,AN018,2025-09-17,2025-09-20,30,3.0,N,Y,N,Y,Y,Y,Approved,,Y,2.6
KYC00366,C00333,Onboarding,Simplified,KYC Onboarding,AN005,2024-02-28,2024-02-29,5,1.0,N,Y,N,Y,N/A,N/A,Approved,,Y,0.8
KYC00367,C00334,Onboarding,Standard,Business Due Diligence,AN022,2025-01-03,2025-01-09,10,6.0,N,Y,Y,Y,N/A,N/A,Approved,,Y,5.3
KYC00368,C00335,Onboarding,Standard,KYC Onboarding,AN005,2025-12-25,,10,,,Y,Y,N,N/A,N/A,Pending,,,0.0
KYC00369,C00336,Onboarding,Standard,KYC Onboarding,AN005,2024-07-04,2024-07-08,10,4.0,N,Y,Y,Y,N/A,N/A,Approved,,Y,1.6
KYC00370,C00337,Onboarding,Simplified,KYC Onboarding,AN003,2024-01-26,2024-01-27,5,1.0,N,Y,Y,N,N/A,N/A,Approved,,Y,0.5
KYC00371,C00338,Onboarding,Standard,KYC Onboarding,AN003,2024-01-25,2024-02-03,10,9.0,N,Y,Y,Y,N/A,N/A,Approved,,Y,6.5
KYC00372,C00339,Onboarding,Standard,Business Due Diligence,AN024,2024-04-29,2024-05-03,10,4.0,N,Y,Y,Y,N/A,N/A,Approved,,Y,2.9
KYC00373,C00340,Onboarding,Simplified,KYC Onboarding,AN003,2025-03-02,2025-03-04,5,2.0,N,Y,Y,Y,N/A,N/A,Approved,,Y,1.5
KYC00374,C00341,Onboarding,Standard,Business Due Diligence,AN026,2024-12-06,2024-12-07,10,1.0,N,Y,Y,Y,N/A,N/A,Approved,,Y,0.6
KYC00375,C00342,Onboarding,Simplified,KYC Onboarding,AN007,2024-10-16,2024-10-18,5,2.0,N,Y,Y,N,N/A,N/A,Approved,,Y,1.2
KYC00376,C00343,Onboarding,Enhanced,Enhanced Due Diligence,AN017,2025-07-02,2025-07-26,30,24.0,N,Y,Y,N,Y,Y,Approved,,Y,13.0
KYC00377,C00344,Onboarding,Standard,KYC Onboarding,AN009,2024-10-10,2024-10-11,10,1.0,N,Y,Y,Y,N/A,N/A,Approved,,N,0.8
KYC00378,C00345,Onboarding,Standard,KYC Onboarding,AN005,2025-03-25,2025-04-17,10,23.0,Y,Y,Y,Y,N/A,N/A,Approved,,Y,12.6
KYC00379,C00346,Onboarding,Standard,Business Due Diligence,AN026,2025-12-25,,10,,,Y,Y,Y,N/A,N/A,Pending,,,0.0
KYC00380,C00347,Onboarding,Standard,Business Due Diligence,AN025,2024-05-02,2024-05-19,10,17.0,Y,Y,Y,Y,N/A,N/A,Approved,,Y,7.9
KYC00381,C00348,Onboarding,Simplified,KYC Onboarding,AN004,2024-03-19,2024-03-20,5,1.0,N,Y,Y,N,N/A,N/A,Approved,,N,0.6
KYC00382,C00348,Trigger Event Review,Standard,KYC Periodic Review,AN013,2024-09-22,2024-09-26,10,4.0,N,Y,Y,Y,N/A,N/A,Escalated to Compliance,,Y,2.1
KYC00383,C00349,Onboarding,Standard,KYC Onboarding,AN007,2024-06-06,2024-06-07,10,1.0,N,Y,Y,Y,N/A,N/A,Approved,,Y,0.8
KYC00384,C00349,Trigger Event Review,Standard,KYC Periodic Review,AN014,2024-08-03,2024-08-04,10,1.0,N,Y,Y,Y,N/A,N/A,Approved,,Y,0.8
KYC00385,C00350,Onboarding,Standard,KYC Onboarding,AN003,2024-04-19,2024-04-22,10,3.0,N,Y,Y,N,N/A,N/A,Approved,,Y,1.4
KYC00386,C00351,Onboarding,Standard,KYC Onboarding,AN003,2025-08-29,2025-09-08,10,10.0,N,Y,Y,Y,N/A,N/A,Approved,,Y,5.1
KYC00387,C00352,Onboarding,Enhanced,Enhanced Due Diligence,AN020,2025-09-28,2025-10-21,30,23.0,N,Y,Y,Y,Y,Y,Approved,,Y,19.6
KYC00388,C00353,Onboarding,Enhanced,Enhanced Due Diligence,AN020,2025-02-11,2025-03-26,30,43.0,Y,Y,Y,Y,Y,Y,Approved,,N,35.4
KYC00389,C00354,Onboarding,Standard,KYC Onboarding,AN007,2024-04-03,2024-04-14,10,11.0,Y,Y,Y,Y,N/A,N/A,Approved,,Y,8.0
KYC00390,C00354,Trigger Event Review,Standard,KYC Periodic Review,AN015,2024-08-30,2024-09-03,10,4.0,N,N,Y,Y,N/A,N/A,Approved,,Y,2.8
KYC00391,C00355,Onboarding,Standard,KYC Onboarding,AN007,2025-09-12,2025-09-16,10,4.0,N,Y,Y,Y,N/A,N/A,Approved,,Y,3.5
KYC00392,C00356,Onboarding,Standard,KYC Onboarding,AN004,2025-10-30,2025-11-06,10,7.0,N,Y,Y,Y,N/A,N/A,Approved,,Y,6.1
KYC00393,C00357,Onboarding,Enhanced,Enhanced Due Diligence,AN021,2024-10-23,2024-11-14,30,22.0,N,Y,Y,Y,Y,Y,Approved,,Y,18.5
KYC00394,C00357,Periodic Review,Enhanced,Enhanced Due Diligence,AN018,2025-10-13,2025-10-27,30,14.0,N,Y,Y,Y,Y,Y,Approved,,Y,7.7
KYC00395,C00358,Onboarding,Standard,KYC Onboarding,AN006,2025-05-04,2025-05-14,10,10.0,N,Y,Y,Y,N/A,N/A,Approved,,Y,7.0
KYC00396,C00359,Onboarding,Standard,Business Due Diligence,AN022,2025-03-20,2025-04-13,10,24.0,Y,Y,Y,Y,N/A,N/A,Approved,,Y,11.0
KYC00397,C00360,Onboarding,Standard,KYC Onboarding,AN005,2025-01-21,2025-02-20,10,30.0,Y,Y,Y,Y,N/A,N/A,Approved,,Y,23.2
KYC00398,C00361,Onboarding,Standard,KYC Onboarding,AN007,2024-09-11,2024-09-17,10,6.0,N,Y,Y,Y,N/A,N/A,Approved,,Y,5.0
KYC00399,C00362,Onboarding,Simplified,KYC Onboarding,AN007,2024-07-20,2024-07-21,5,1.0,N,Y,Y,Y,N/A,N/A,Escalated to Compliance,,Y,0.4
KYC00400,C00363,Onboarding,Standard,Business Due Diligence,AN026,2024-07-20,2024-07-31,10,11.0,Y,Y,Y,Y,N/A,N/A,Approved,,Y,5.8
KYC00401,C00364,Onboarding,Standard,KYC Onboarding,AN003,2024-09-15,2024-09-19,10,4.0,N,Y,Y,Y,N/A,N/A,Approved,,Y,1.8
KYC00402,C00365,Onboarding,Enhanced,Enhanced Due Diligence,AN018,2025-07-06,2025-08-14,30,39.0,Y,Y,Y,Y,Y,N,Rejected,Source of funds unclear,Y,24.4
KYC00403,C00366,Onboarding,Standard,KYC Onboarding,AN005,2025-08-22,2025-08-23,10,1.0,N,Y,Y,Y,N/A,N/A,Approved,,Y,0.6
KYC00404,C00367,Onboarding,Standard,KYC Onboarding,AN003,2024-03-20,2024-03-21,10,1.0,N,Y,Y,Y,N/A,N/A,Approved,,Y,0.7
KYC00405,C00368,Onboarding,Standard,Business Due Diligence,AN022,2024-02-12,2024-02-27,10,15.0,Y,Y,Y,N,N/A,N/A,Approved,,Y,8.9
KYC00406,C00369,Onboarding,Standard,KYC Onboarding,AN004,2024-12-13,2024-12-22,10,9.0,N,Y,N,Y,N/A,N/A,Approved,,Y,6.1
KYC00407,C00370,Onboarding,Standard,KYC Onboarding,AN002,2025-07-12,2025-07-14,10,2.0,N,Y,Y,Y,N/A,N/A,Approved,,Y,1.4
KYC00408,C00371,Onboarding,Simplified,KYC Onboarding,AN005,2025-02-11,2025-02-12,5,1.0,N,Y,Y,Y,N/A,N/A,Approved,,Y,0.9
KYC00409,C00372,Onboarding,Standard,KYC Onboarding,AN002,2025-08-26,2025-09-04,10,9.0,N,Y,Y,N,N/A,N/A,Approved,,N,5.8
KYC00410,C00373,Onboarding,Standard,KYC Onboarding,AN006,2025-06-03,2025-06-05,10,2.0,N,Y,Y,N,N/A,N/A,Approved,,N,1.0
KYC00411,C00374,Onboarding,Standard,KYC Onboarding,AN008,2025-05-29,2025-06-04,10,6.0,N,Y,Y,Y,N/A,N/A,Approved,,Y,3.9
KYC00412,C00375,Onboarding,Standard,KYC Onboarding,AN009,2025-01-27,2025-01-29,10,2.0,N,Y,Y,Y,N/A,N/A,Approved,,Y,1.2
KYC00413,C00376,Onboarding,Simplified,KYC Onboarding,AN010,2024-02-06,2024-02-07,5,1.0,N,Y,Y,N,N/A,N/A,Approved,,Y,0.7
KYC00414,C00377,Onboarding,Standard,KYC Onboarding,AN008,2024-05-07,2024-05-08,10,1.0,N,Y,Y,Y,N/A,N/A,Approved,,Y,0.9
KYC00415,C00378,Onboarding,Simplified,KYC Onboarding,AN003,2025-06-22,2025-06-25,5,3.0,N,Y,Y,Y,N/A,N/A,Approved,,Y,2.4
KYC00416,C00379,Onboarding,Standard,KYC Onboarding,AN006,2024-08-09,2024-08-19,10,10.0,N,Y,Y,N,N/A,N/A,Approved,,Y,4.4
KYC00417,C00380,Onboarding,Standard,KYC Onboarding,AN001,2025-06-09,2025-06-14,10,5.0,N,Y,Y,Y,N/A,N/A,Approved,,Y,2.8
KYC00418,C00381,Onboarding,Standard,KYC Onboarding,AN010,2024-09-05,2024-09-12,10,7.0,N,Y,Y,N,N/A,N/A,Approved,,N,4.9
KYC00419,C00382,Onboarding,Standard,KYC Onboarding,AN008,2024-01-10,2024-01-28,10,18.0,Y,Y,Y,Y,N/A,N/A,Approved,,Y,10.1
KYC00420,C00383,Onboarding,Standard,KYC Onboarding,AN008,2025-05-07,2025-05-11,10,4.0,N,Y,Y,Y,N/A,N/A,Approved,,Y,2.8
KYC00421,C00384,Onboarding,Standard,KYC Onboarding,AN006,2025-10-11,2025-10-15,10,4.0,N,Y,Y,N,N/A,N/A,Approved,,Y,2.1
KYC00422,C00385,Onboarding,Standard,KYC Onboarding,AN006,2024-11-21,2024-11-27,10,6.0,N,Y,Y,Y,N/A,N/A,Approved,,N,2.6
KYC00423,C00386,Onboarding,Simplified,KYC Onboarding,AN008,2024-04-02,2024-04-03,5,1.0,N,Y,Y,N,N/A,N/A,Approved,,Y,0.5
KYC00424,C00387,Onboarding,Simplified,KYC Onboarding,AN009,2024-10-29,2024-10-30,5,1.0,N,Y,Y,N,N/A,N/A,Approved,,Y,0.8
KYC00425,C00388,Onboarding,Standard,KYC Onboarding,AN003,2025-11-29,2025-12-06,10,7.0,N,Y,Y,Y,N/A,N/A,Approved,,Y,5.2
KYC00426,C00389,Onboarding,Standard,KYC Onboarding,AN001,2024-08-16,2024-08-25,10,9.0,N,Y,Y,Y,N/A,N/A,Approved,,N,4.6
KYC00427,C00390,Onboarding,Simplified,KYC Onboarding,AN007,2024-02-19,2024-02-20,5,1.0,N,Y,Y,Y,N/A,N/A,Approved,,Y,0.6
KYC00428,C00391,Onboarding,Standard,Business Due Diligence,AN026,2025-07-15,2025-07-25,10,10.0,N,Y,Y,Y,N/A,N/A,Approved,,Y,8.6
KYC00429,C00392,Onboarding,Standard,KYC Onboarding,AN001,2024-06-20,2024-06-24,10,4.0,N,Y,Y,Y,N/A,N/A,Approved,,Y,2.2
KYC00430,C00393,Onboarding,Standard,KYC Onboarding,AN006,2024-01-28,2024-02-02,10,5.0,N,Y,Y,Y,N/A,N/A,Approved,,Y,3.9
KYC00431,C00393,Trigger Event Review,Simplified,KYC Periodic Review,AN011,2024-12-17,2024-12-18,5,1.0,N,Y,Y,N,N/A,N/A,Approved,,Y,0.6
KYC00432,C00394,Onboarding,Standard,KYC Onboarding,AN001,2025-05-17,2025-05-30,10,13.0,Y,Y,Y,N,N/A,N/A,Rejected,Unacceptable risk appetite,Y,10.3
KYC00433,C00395,Onboarding,Standard,Business Due Diligence,AN025,2024-09-03,2024-09-23,10,20.0,Y,Y,Y,Y,N/A,N/A,Approved,,Y,8.4
KYC00434,C00396,Onboarding,Standard,KYC Onboarding,AN010,2024-04-08,2024-04-22,10,14.0,Y,Y,Y,Y,N/A,N/A,Approved,,Y,6.4
KYC00435,C00397,Onboarding,Simplified,KYC Onboarding,AN006,2024-02-07,2024-02-08,5,1.0,N,Y,Y,N,N/A,N/A,Approved,,Y,0.6
KYC00436,C00398,Onboarding,Simplified,KYC Onboarding,AN003,2024-05-12,2024-05-15,5,3.0,N,Y,Y,Y,N/A,N/A,Approved,,Y,2.1
KYC00437,C00399,Onboarding,Simplified,KYC Onboarding,AN002,2024-04-17,2024-04-22,5,5.0,N,Y,Y,Y,N/A,N/A,Approved,,Y,3.4
KYC00438,C00400,Onboarding,Simplified,KYC Onboarding,AN001,2024-01-07,2024-01-09,5,2.0,N,Y,N,Y,N/A,N/A,Approved,,Y,1.5
KYC00439,C00401,Onboarding,Standard,Business Due Diligence,AN025,2024-09-27,2024-10-02,10,5.0,N,Y,Y,N,N/A,N/A,Approved,,Y,3.9
KYC00440,C00402,Onboarding,Enhanced,Enhanced Due Diligence,AN021,2025-08-27,2025-09-03,30,7.0,N,Y,Y,Y,Y,N,Rejected,Incomplete documents,Y,4.7
KYC00441,C00403,Onboarding,Standard,Business Due Diligence,AN023,2024-10-14,2024-10-20,10,6.0,N,Y,N,Y,N/A,N/A,Approved,,Y,5.2
KYC00442,C00404,Onboarding,Simplified,KYC Onboarding,AN005,2024-01-27,2024-01-28,5,1.0,N,Y,Y,Y,N/A,N/A,Approved,,Y,0.4
KYC00443,C00405,Onboarding,Standard,KYC Onboarding,AN006,2025-10-06,2025-10-12,10,6.0,N,Y,Y,Y,N/A,N/A,Approved,,Y,5.0
KYC00444,C00406,Onboarding,Standard,Business Due Diligence,AN025,2025-04-05,2025-04-15,10,10.0,N,Y,Y,Y,N/A,N/A,Approved,,Y,8.8
KYC00445,C00407,Onboarding,Simplified,KYC Onboarding,AN003,2025-12-04,2025-12-05,5,1.0,N,Y,Y,Y,N/A,N/A,Approved,,Y,0.7
KYC00446,C00408,Onboarding,Standard,Business Due Diligence,AN024,2025-02-27,2025-03-01,10,2.0,N,Y,Y,Y,N/A,N/A,Approved,,Y,0.8
KYC00447,C00409,Onboarding,Standard,KYC Onboarding,AN010,2024-12-12,2025-01-04,10,23.0,Y,Y,Y,N,N/A,N/A,Approved,,N,13.5
KYC00448,C00410,Onboarding,Simplified,KYC Onboarding,AN004,2025-01-05,2025-01-06,5,1.0,N,Y,Y,N,N/A,N/A,Approved,,Y,0.8
KYC00449,C00411,Onboarding,Standard,KYC Onboarding,AN001,2024-01-03,2024-01-04,10,1.0,N,Y,Y,Y,N/A,N/A,Approved,,Y,0.9
KYC00450,C00412,Onboarding,Standard,Business Due Diligence,AN026,2024-10-01,2024-10-05,10,4.0,N,Y,Y,Y,N/A,N/A,Approved,,Y,2.2
KYC00451,C00413,Onboarding,Standard,KYC Onboarding,AN010,2024-11-15,2024-12-02,10,17.0,Y,Y,Y,Y,N/A,N/A,Escalated to Compliance,,Y,7.6
KYC00452,C00414,Onboarding,Standard,KYC Onboarding,AN003,2024-08-03,2024-08-12,10,9.0,N,Y,Y,Y,N/A,N/A,Approved,,N,6.8
KYC00453,C00415,Onboarding,Standard,KYC Onboarding,AN002,2025-08-30,2025-09-01,10,2.0,N,Y,Y,Y,N/A,N/A,Rejected,Customer withdrew,Y,1.6
KYC00454,C00416,Onboarding,Standard,KYC Onboarding,AN001,2025-11-27,2025-11-30,10,3.0,N,Y,Y,Y,N/A,N/A,Approved,,Y,1.4
KYC00455,C00417,Onboarding,Simplified,KYC Onboarding,AN006,2024-12-14,2024-12-15,5,1.0,N,Y,Y,N,N/A,N/A,Approved,,Y,0.6
KYC00456,C00418,Onboarding,Standard,Business Due Diligence,AN023,2025-07-28,2025-08-03,10,6.0,N,Y,N,N,N/A,N/A,Approved,,Y,4.4
KYC00457,C00419,Onboarding,Simplified,KYC Onboarding,AN008,2024-06-09,2024-06-11,5,2.0,N,Y,Y,N,N/A,N/A,Approved,,N,0.9
KYC00458,C00420,Onboarding,Enhanced,Enhanced Due Diligence,AN018,2025-11-03,2025-11-28,30,25.0,N,N,Y,N,Y,Y,Approved,,Y,11.8
KYC00459,C00421,Onboarding,Standard,Business Due Diligence,AN025,2025-05-26,2025-06-01,10,6.0,N,Y,Y,N,N/A,N/A,Approved,,Y,3.9
KYC00460,C00422,Onboarding,Standard,KYC Onboarding,AN010,2025-06-17,2025-06-21,10,4.0,N,Y,Y,Y,N/A,N/A,Rejected,Unverifiable identity,Y,2.3
KYC00461,C00423,Onboarding,Standard,KYC Onboarding,AN001,2025-03-09,2025-03-17,10,8.0,N,Y,Y,Y,N/A,N/A,Approved,,Y,6.5
KYC00462,C00424,Onboarding,Standard,KYC Onboarding,AN007,2025-08-28,2025-09-01,10,4.0,N,Y,Y,Y,N/A,N/A,Approved,,Y,3.2
KYC00463,C00425,Onboarding,Simplified,KYC Onboarding,AN006,2025-01-22,2025-01-26,5,4.0,N,Y,Y,N,N/A,N/A,Approved,,Y,3.5
KYC00464,C00426,Onboarding,Standard,KYC Onboarding,AN004,2025-12-01,2025-12-03,10,2.0,N,Y,Y,N,N/A,N/A,Approved,,Y,1.7
KYC00465,C00427,Onboarding,Standard,Business Due Diligence,AN026,2025-04-29,2025-05-04,10,5.0,N,Y,Y,Y,N/A,N/A,Escalated to Compliance,,N,3.2
KYC00466,C00428,Onboarding,Standard,Business Due Diligence,AN024,2024-11-24,2024-11-27,10,3.0,N,Y,Y,N,N/A,N/A,Approved,,Y,2.4
KYC00467,C00429,Onboarding,Standard,Business Due Diligence,AN024,2024-05-31,2024-06-08,10,8.0,N,Y,N,Y,N/A,N/A,Rejected,Customer withdrew,Y,4.0
KYC00468,C00430,Onboarding,Simplified,KYC Onboarding,AN008,2025-10-20,2025-10-21,5,1.0,N,Y,Y,Y,N/A,N/A,Approved,,Y,0.6
KYC00469,C00431,Onboarding,Standard,KYC Onboarding,AN004,2024-02-10,2024-02-11,10,1.0,N,Y,Y,N,N/A,N/A,Approved,,Y,0.8
KYC00470,C00432,Onboarding,Standard,Business Due Diligence,AN022,2024-02-01,2024-02-15,10,14.0,Y,Y,Y,N,N/A,N/A,Approved,,Y,11.8
KYC00471,C00433,Onboarding,Standard,KYC Onboarding,AN005,2024-01-20,2024-01-23,10,3.0,N,Y,N,N,N/A,N/A,Approved,,Y,2.1
KYC00472,C00434,Onboarding,Standard,KYC Onboarding,AN001,2024-03-19,2024-03-21,10,2.0,N,Y,Y,Y,N/A,N/A,Approved,,Y,1.7
KYC00473,C00435,Onboarding,Simplified,KYC Onboarding,AN005,2024-06-25,2024-06-27,5,2.0,N,Y,Y,Y,N/A,N/A,Approved,,Y,1.3
KYC00474,C00436,Onboarding,Standard,KYC Onboarding,AN002,2024-12-20,2024-12-24,10,4.0,N,Y,Y,Y,N/A,N/A,Approved,,Y,2.9
KYC00475,C00437,Onboarding,Standard,KYC Onboarding,AN002,2024-07-19,2024-07-24,10,5.0,N,Y,Y,Y,N/A,N/A,Approved,,Y,2.2
KYC00476,C00438,Onboarding,Standard,KYC Onboarding,AN003,2024-11-26,2024-12-14,10,18.0,Y,Y,Y,Y,N/A,N/A,Approved,,Y,12.1
KYC00477,C00439,Onboarding,Standard,KYC Onboarding,AN008,2024-11-21,2024-11-27,10,6.0,N,Y,Y,Y,N/A,N/A,Approved,,Y,5.0
KYC00478,C00439,Trigger Event Review,Simplified,KYC Periodic Review,AN016,2025-01-04,2025-01-07,5,3.0,N,Y,Y,Y,N/A,N/A,Approved,,Y,1.7
KYC00479,C00440,Onboarding,Enhanced,Enhanced Due Diligence,AN018,2024-11-12,2024-12-19,30,37.0,Y,Y,Y,Y,Y,N,Escalated to Compliance,,Y,30.6
KYC00480,C00440,Periodic Review,Enhanced,Enhanced Due Diligence,AN021,2025-12-06,2025-12-18,30,12.0,N,Y,Y,Y,Y,Y,Approved,,Y,7.8
KYC00481,C00441,Onboarding,Enhanced,Enhanced Due Diligence,AN019,2024-02-13,2024-03-20,30,36.0,Y,Y,Y,Y,Y,Y,Approved,,Y,29.4
KYC00482,C00441,Periodic Review,Enhanced,Enhanced Due Diligence,AN018,2025-03-07,2025-04-26,30,50.0,Y,Y,Y,Y,N,Y,Approved,,Y,28.1
KYC00483,C00442,Onboarding,Simplified,KYC Onboarding,AN004,2025-01-26,2025-01-27,5,1.0,N,Y,Y,N,N/A,N/A,Approved,,Y,0.9
KYC00484,C00443,Onboarding,Standard,Business Due Diligence,AN023,2024-08-07,2024-08-11,10,4.0,N,Y,Y,Y,N/A,N/A,Approved,,Y,2.4
KYC00485,C00444,Onboarding,Enhanced,Enhanced Due Diligence,AN019,2025-01-26,2025-02-25,30,30.0,N,Y,Y,Y,Y,Y,Approved,,Y,21.4
KYC00486,C00445,Onboarding,Standard,KYC Onboarding,AN003,2024-02-14,2024-02-21,10,7.0,N,Y,Y,Y,N/A,N/A,Approved,,Y,6.2
KYC00487,C00446,Onboarding,Simplified,KYC Onboarding,AN007,2025-09-28,2025-10-02,5,4.0,N,Y,Y,N,N/A,N/A,Approved,,Y,2.5
KYC00488,C00447,Onboarding,Standard,KYC Onboarding,AN009,2025-06-07,2025-06-10,10,3.0,N,Y,Y,Y,N/A,N/A,Approved,,N,2.2
KYC00489,C00448,Onboarding,Standard,KYC Onboarding,AN008,2024-09-06,2024-09-13,10,7.0,N,Y,Y,Y,N/A,N/A,Approved,,Y,6.1
KYC00490,C00448,Trigger Event Review,Standard,KYC Periodic Review,AN013,2025-08-14,2025-08-19,10,5.0,N,Y,Y,Y,N/A,N/A,Approved,,Y,4.3
KYC00491,C00449,Onboarding,Standard,Business Due Diligence,AN023,2024-09-19,2024-09-27,10,8.0,N,Y,Y,Y,N/A,N/A,Approved,,Y,3.4
KYC00492,C00450,Onboarding,Simplified,KYC Onboarding,AN004,2024-08-15,2024-08-20,5,5.0,N,Y,Y,N,N/A,N/A,Approved,,Y,3.0
KYC00493,C00451,Onboarding,Standard,KYC Onboarding,AN002,2025-12-25,2025-12-28,10,3.0,N,Y,Y,N,N/A,N/A,Approved,,Y,2.0
KYC00494,C00452,Onboarding,Standard,KYC Onboarding,AN004,2025-05-26,2025-05-31,10,5.0,N,Y,Y,N,N/A,N/A,Approved,,Y,3.2
KYC00495,C00453,Onboarding,Standard,KYC Onboarding,AN003,2024-12-02,2024-12-06,10,4.0,N,Y,Y,Y,N/A,N/A,Approved,,Y,2.8
KYC00496,C00454,Onboarding,Standard,Business Due Diligence,AN023,2025-04-15,2025-05-21,10,36.0,Y,Y,Y,N,N/A,N/A,Approved,,Y,16.5
KYC00497,C00455,Onboarding,Simplified,KYC Onboarding,AN008,2024-02-13,2024-02-17,5,4.0,N,Y,Y,N,N/A,N/A,Rejected,Source of funds unclear,N,1.7
KYC00498,C00456,Onboarding,Standard,KYC Onboarding,AN001,2025-08-29,2025-09-05,10,7.0,N,Y,Y,Y,N/A,N/A,Approved,,Y,5.4
KYC00499,C00457,Onboarding,Standard,KYC Onboarding,AN007,2025-03-10,2025-03-11,10,1.0,N,Y,Y,Y,N/A,N/A,Approved,,N,0.5
KYC00500,C00457,Trigger Event Review,Standard,KYC Periodic Review,AN012,2025-07-10,2025-07-12,10,2.0,N,Y,N,Y,N/A,N/A,Approved,,Y,1.8
KYC00501,C00458,Onboarding,Standard,KYC Onboarding,AN008,2024-08-14,2024-08-16,10,2.0,N,Y,Y,Y,N/A,N/A,Approved,,Y,1.2
KYC00502,C00459,Onboarding,Standard,KYC Onboarding,AN004,2025-05-19,2025-06-03,10,15.0,Y,Y,Y,Y,N/A,N/A,Approved,,Y,12.9
KYC00503,C00460,Onboarding,Standard,KYC Onboarding,AN003,2024-01-01,2024-01-03,10,2.0,N,Y,Y,Y,N/A,N/A,Approved,,Y,0.9
KYC00504,C00461,Onboarding,Simplified,KYC Onboarding,AN002,2024-12-22,2024-12-24,5,2.0,N,Y,Y,Y,N/A,N/A,Approved,,Y,1.8
KYC00505,C00462,Onboarding,Simplified,KYC Onboarding,AN009,2025-11-17,2025-11-18,5,1.0,N,Y,Y,N,N/A,N/A,Approved,,Y,0.8
KYC00506,C00463,Onboarding,Enhanced,Enhanced Due Diligence,AN019,2025-07-06,2025-09-29,30,85.0,Y,Y,Y,Y,Y,Y,Approved,,Y,47.8
KYC00507,C00464,Onboarding,Simplified,KYC Onboarding,AN005,2024-02-01,2024-02-09,5,8.0,Y,Y,Y,Y,N/A,N/A,Approved,,Y,3.5
KYC00508,C00465,Onboarding,Standard,KYC Onboarding,AN006,2025-03-07,2025-03-22,10,15.0,Y,Y,Y,Y,N/A,N/A,Approved,,N,7.3
KYC00509,C00466,Onboarding,Standard,KYC Onboarding,AN010,2025-05-09,2025-05-11,10,2.0,N,Y,Y,Y,N/A,N/A,Escalated to Compliance,,Y,1.4
KYC00510,C00467,Onboarding,Standard,Business Due Diligence,AN023,2025-01-18,2025-01-24,10,6.0,N,Y,Y,N,N/A,N/A,Approved,,N,4.0
KYC00511,C00468,Onboarding,Standard,KYC Onboarding,AN006,2024-08-22,2024-08-25,10,3.0,N,Y,Y,N,N/A,N/A,Approved,,Y,1.5
KYC00512,C00469,Onboarding,Standard,KYC Onboarding,AN009,2025-05-08,2025-05-15,10,7.0,N,Y,Y,Y,N/A,N/A,Approved,,Y,3.2
KYC00513,C00470,Onboarding,Simplified,KYC Onboarding,AN006,2024-11-02,2024-11-08,5,6.0,Y,Y,N,Y,N/A,N/A,Rejected,Source of funds unclear,Y,3.9
KYC00514,C00471,Onboarding,Standard,KYC Onboarding,AN007,2025-11-23,2025-11-29,10,6.0,N,Y,Y,Y,N/A,N/A,Approved,,Y,4.0
KYC00515,C00472,Onboarding,Standard,Business Due Diligence,AN024,2025-09-02,2025-09-09,10,7.0,N,Y,Y,Y,N/A,N/A,Approved,,Y,4.2
KYC00516,C00473,Onboarding,Standard,KYC Onboarding,AN003,2025-10-23,2025-11-01,10,9.0,N,Y,Y,Y,N/A,N/A,Approved,,Y,5.6
KYC00517,C00474,Onboarding,Standard,Business Due Diligence,AN024,2024-10-29,2024-10-30,10,1.0,N,Y,Y,Y,N/A,N/A,Approved,,Y,0.5
KYC00518,C00475,Onboarding,Standard,Business Due Diligence,AN024,2025-05-09,2025-05-24,10,15.0,Y,Y,Y,N,N/A,N/A,Approved,,Y,7.8
KYC00519,C00476,Onboarding,Standard,KYC Onboarding,AN006,2024-04-14,2024-04-17,10,3.0,N,Y,Y,Y,N/A,N/A,Approved,,Y,2.5
KYC00520,C00477,Onboarding,Standard,Business Due Diligence,AN024,2025-07-04,2025-07-12,10,8.0,N,Y,Y,Y,N/A,N/A,Approved,,Y,4.0
KYC00521,C00478,Onboarding,Standard,KYC Onboarding,AN002,2025-07-05,2025-07-11,10,6.0,N,Y,Y,Y,N/A,N/A,Approved,,Y,5.1
KYC00522,C00479,Onboarding,Standard,Business Due Diligence,AN023,2025-07-20,2025-07-30,10,10.0,N,Y,Y,Y,N/A,N/A,Approved,,Y,6.9
KYC00523,C00480,Onboarding,Standard,KYC Onboarding,AN004,2024-01-11,2024-01-20,10,9.0,N,Y,Y,N,N/A,N/A,Approved,,Y,6.3
KYC00524,C00481,Onboarding,Enhanced,Enhanced Due Diligence,AN018,2024-11-25,2024-12-26,30,31.0,Y,Y,Y,N,Y,Y,Approved,,Y,20.2
KYC00525,C00481,Periodic Review,Enhanced,Enhanced Due Diligence,AN021,2025-12-06,,30,,,Y,Y,Y,Y,N,Pending,,,0.0
KYC00526,C00482,Onboarding,Standard,KYC Onboarding,AN009,2024-07-17,2024-07-25,10,8.0,N,Y,Y,Y,N/A,N/A,Approved,,Y,6.8
KYC00527,C00483,Onboarding,Standard,KYC Onboarding,AN001,2025-10-29,2025-11-01,10,3.0,N,Y,Y,Y,N/A,N/A,Approved,,Y,2.3
KYC00528,C00484,Onboarding,Standard,KYC Onboarding,AN003,2025-01-27,2025-02-14,10,18.0,Y,Y,Y,N,N/A,N/A,Approved,,N,10.7
KYC00529,C00485,Onboarding,Enhanced,Enhanced Due Diligence,AN017,2025-03-18,2025-04-14,30,27.0,N,Y,Y,Y,Y,N,Rejected,Unacceptable risk appetite,Y,18.0
KYC00530,C00486,Onboarding,Standard,KYC Onboarding,AN005,2024-11-16,2024-11-17,10,1.0,N,Y,N,N,N/A,N/A,Approved,,Y,0.9
KYC00531,C00487,Onboarding,Standard,KYC Onboarding,AN006,2024-03-23,2024-04-06,10,14.0,Y,Y,Y,Y,N/A,N/A,Approved,,Y,6.0
KYC00532,C00488,Onboarding,Standard,KYC Onboarding,AN004,2025-03-26,2025-03-28,10,2.0,N,Y,Y,N,N/A,N/A,Approved,,Y,1.0
KYC00533,C00489,Onboarding,Standard,KYC Onboarding,AN005,2025-03-19,2025-04-02,10,14.0,Y,Y,Y,Y,N/A,N/A,Approved,,Y,6.2
KYC00534,C00490,Onboarding,Simplified,KYC Onboarding,AN010,2024-10-04,2024-10-06,5,2.0,N,Y,Y,Y,N/A,N/A,Approved,,Y,1.7
KYC00535,C00491,Onboarding,Standard,Business Due Diligence,AN024,2025-04-04,2025-04-08,10,4.0,N,Y,Y,Y,N/A,N/A,Approved,,Y,2.8
KYC00536,C00491,Trigger Event Review,Standard,Business Due Diligence,AN025,2025-11-08,2025-11-23,10,15.0,Y,Y,Y,N,N/A,N/A,Approved,,Y,7.1
KYC00537,C00492,Onboarding,Simplified,KYC Onboarding,AN009,2024-10-12,2024-10-21,5,9.0,Y,Y,Y,N,N/A,N/A,Approved,,Y,3.7
KYC00538,C00493,Onboarding,Standard,KYC Onboarding,AN009,2025-04-24,2025-05-06,10,12.0,Y,Y,Y,Y,N/A,N/A,Approved,,Y,7.0
KYC00539,C00494,Onboarding,Standard,KYC Onboarding,AN004,2024-09-10,2024-09-12,10,2.0,N,Y,Y,Y,N/A,N/A,Approved,,Y,1.8
KYC00540,C00495,Onboarding,Standard,KYC Onboarding,AN005,2025-07-19,2025-07-21,10,2.0,N,Y,N,Y,N/A,N/A,Approved,,Y,1.2
KYC00541,C00496,Onboarding,Standard,KYC Onboarding,AN004,2025-10-08,2025-10-13,10,5.0,N,Y,Y,N,N/A,N/A,Approved,,Y,2.5
KYC00542,C00497,Onboarding,Standard,Business Due Diligence,AN025,2024-12-20,2024-12-30,10,10.0,N,Y,Y,Y,N/A,N/A,Approved,,Y,6.2
KYC00543,C00498,Onboarding,Standard,KYC Onboarding,AN001,2024-01-09,2024-01-10,10,1.0,N,Y,Y,Y,N/A,N/A,Approved,,Y,0.9
KYC00544,C00499,Onboarding,Standard,Business Due Diligence,AN023,2025-05-09,2025-05-15,10,6.0,N,Y,Y,N,N/A,N/A,Approved,,Y,5.1
KYC00545,C00500,Onboarding,Simplified,KYC Onboarding,AN010,2025-11-14,2025-11-16,5,2.0,N,Y,Y,Y,N/A,N/A,Approved,,Y,1.4
KYC00546,C00501,Onboarding,Simplified,KYC Onboarding,AN010,2025-05-29,2025-05-30,5,1.0,N,Y,Y,Y,N/A,N/A,Approved,,Y,0.8
KYC00547,C00502,Onboarding,Standard,Business Due Diligence,AN024,2024-09-16,2024-09-23,10,7.0,N,Y,Y,Y,N/A,N/A,Approved,,Y,4.1
KYC00548,C00503,Onboarding,Standard,Business Due Diligence,AN025,2025-02-14,2025-02-21,10,7.0,N,Y,Y,Y,N/A,N/A,Rejected,Sanctions match,Y,3.0
KYC00549,C00504,Onboarding,Standard,Business Due Diligence,AN025,2024-09-23,2024-09-30,10,7.0,N,Y,Y,Y,N/A,N/A,Approved,,N,5.9
KYC00550,C00504,Trigger Event Review,Standard,Business Due Diligence,AN022,2025-10-03,2025-10-06,10,3.0,N,Y,Y,Y,N/A,N/A,Escalated to Compliance,,Y,2.6
KYC00551,C00505,Onboarding,Standard,Business Due Diligence,AN023,2025-07-19,2025-07-21,10,2.0,N,N,Y,Y,N/A,N/A,Approved,,Y,1.4
KYC00552,C00506,Onboarding,Standard,Business Due Diligence,AN024,2025-06-11,2025-06-16,10,5.0,N,Y,Y,Y,N/A,N/A,Approved,,Y,3.1
KYC00553,C00507,Onboarding,Standard,Business Due Diligence,AN022,2025-03-30,2025-04-19,10,20.0,Y,Y,Y,Y,N/A,N/A,Approved,,Y,11.0
KYC00554,C00508,Onboarding,Standard,KYC Onboarding,AN008,2024-10-08,2024-10-13,10,5.0,N,N,Y,N,N/A,N/A,Escalated to Compliance,,Y,3.8
KYC00555,C00509,Onboarding,Standard,Business Due Diligence,AN022,2024-05-03,2024-05-04,10,1.0,N,Y,Y,Y,N/A,N/A,Approved,,Y,0.7
KYC00556,C00510,Onboarding,Standard,KYC Onboarding,AN009,2025-03-26,2025-04-03,10,8.0,N,Y,N,Y,N/A,N/A,Approved,,Y,4.4
KYC00557,C00511,Onboarding,Standard,KYC Onboarding,AN001,2024-09-02,2024-09-06,10,4.0,N,Y,Y,Y,N/A,N/A,Approved,,Y,1.8
KYC00558,C00512,Onboarding,Standard,KYC Onboarding,AN009,2025-10-20,2025-10-27,10,7.0,N,Y,Y,Y,N/A,N/A,Approved,,Y,4.6
KYC00559,C00513,Onboarding,Enhanced,Enhanced Due Diligence,AN018,2024-02-15,2024-04-08,30,53.0,Y,Y,Y,Y,Y,Y,Approved,,Y,23.6
KYC00560,C00513,Periodic Review,Enhanced,Enhanced Due Diligence,AN017,2025-03-14,2025-04-05,30,22.0,N,Y,Y,Y,Y,Y,Approved,,Y,11.5
KYC00561,C00514,Onboarding,Standard,Business Due Diligence,AN025,2025-09-08,2025-09-09,10,1.0,N,Y,Y,Y,N/A,N/A,Approved,,Y,0.9
KYC00562,C00515,Onboarding,Standard,KYC Onboarding,AN001,2025-07-21,2025-07-30,10,9.0,N,Y,Y,Y,N/A,N/A,Approved,,Y,7.9
KYC00563,C00516,Onboarding,Standard,Business Due Diligence,AN026,2025-01-11,2025-02-03,10,23.0,Y,N,Y,Y,N/A,N/A,Approved,,Y,18.0
KYC00564,C00517,Onboarding,Enhanced,Enhanced Due Diligence,AN018,2025-12-25,,30,,,Y,Y,Y,Y,N,Pending,,,0.0
KYC00565,C00518,Onboarding,Standard,KYC Onboarding,AN010,2025-06-03,2025-06-18,10,15.0,Y,Y,Y,Y,N/A,N/A,Approved,,Y,12.9
KYC00566,C00519,Onboarding,Standard,KYC Onboarding,AN001,2024-01-27,2024-01-30,10,3.0,N,Y,Y,Y,N/A,N/A,Approved,,Y,2.5
KYC00567,C00520,Onboarding,Standard,KYC Onboarding,AN001,2024-10-10,2024-10-14,10,4.0,N,Y,Y,Y,N/A,N/A,Approved,,Y,2.5
KYC00568,C00521,Onboarding,Standard,Business Due Diligence,AN026,2025-09-05,2025-09-13,10,8.0,N,Y,Y,Y,N/A,N/A,Approved,,Y,6.2
KYC00569,C00522,Onboarding,Standard,KYC Onboarding,AN002,2025-07-17,2025-07-23,10,6.0,N,Y,Y,Y,N/A,N/A,Approved,,Y,3.5
KYC00570,C00523,Onboarding,Standard,Business Due Diligence,AN024,2024-04-25,2024-05-01,10,6.0,N,Y,Y,Y,N/A,N/A,Approved,,Y,2.7
KYC00571,C00524,Onboarding,Standard,KYC Onboarding,AN002,2024-04-30,2024-05-01,10,1.0,N,Y,Y,N,N/A,N/A,Approved,,Y,0.9
KYC00572,C00525,Onboarding,Standard,Business Due Diligence,AN025,2025-11-04,2025-11-07,10,3.0,N,Y,Y,N,N/A,N/A,Approved,,N,1.2
KYC00573,C00526,Onboarding,Standard,KYC Onboarding,AN009,2024-02-01,2024-02-05,10,4.0,N,Y,N,Y,N/A,N/A,Approved,,Y,2.8
KYC00574,C00527,Onboarding,Standard,Business Due Diligence,AN025,2025-11-23,2025-11-27,10,4.0,N,Y,Y,Y,N/A,N/A,Approved,,Y,2.1
KYC00575,C00528,Onboarding,Standard,KYC Onboarding,AN008,2025-01-29,2025-01-30,10,1.0,N,Y,Y,N,N/A,N/A,Approved,,N,0.7
KYC00576,C00528,Trigger Event Review,Standard,KYC Periodic Review,AN011,2025-09-22,2025-09-30,10,8.0,N,Y,Y,Y,N/A,N/A,Approved,,Y,5.6
KYC00577,C00529,Onboarding,Standard,KYC Onboarding,AN010,2025-08-13,2025-08-19,10,6.0,N,Y,Y,Y,N/A,N/A,Rejected,Adverse media,Y,2.9
KYC00578,C00530,Onboarding,Enhanced,Enhanced Due Diligence,AN019,2024-06-04,2024-06-07,30,3.0,N,Y,Y,Y,Y,Y,Approved,,Y,1.4
KYC00579,C00530,Periodic Review,Enhanced,Enhanced Due Diligence,AN017,2025-05-22,2025-06-05,30,14.0,N,Y,Y,Y,Y,Y,Approved,,Y,7.4
KYC00580,C00531,Onboarding,Standard,Business Due Diligence,AN025,2024-09-06,2024-09-07,10,1.0,N,Y,Y,Y,N/A,N/A,Approved,,Y,0.9
KYC00581,C00532,Onboarding,Standard,Business Due Diligence,AN026,2025-06-13,2025-06-18,10,5.0,N,Y,Y,Y,N/A,N/A,Approved,,Y,2.3
KYC00582,C00533,Onboarding,Standard,KYC Onboarding,AN006,2024-04-26,2024-05-11,10,15.0,Y,Y,Y,Y,N/A,N/A,Approved,,Y,13.0
KYC00583,C00534,Onboarding,Simplified,KYC Onboarding,AN007,2024-03-13,2024-03-14,5,1.0,N,Y,Y,N,N/A,N/A,Approved,,Y,0.5
KYC00584,C00535,Onboarding,Standard,KYC Onboarding,AN005,2025-03-19,2025-03-21,10,2.0,N,Y,Y,Y,N/A,N/A,Approved,,Y,1.6
KYC00585,C00535,Trigger Event Review,Standard,KYC Periodic Review,AN011,2025-09-27,2025-09-29,10,2.0,N,Y,Y,Y,N/A,N/A,Approved,,N,1.0
KYC00586,C00536,Onboarding,Standard,KYC Onboarding,AN007,2024-01-07,2024-01-15,10,8.0,N,Y,Y,Y,N/A,N/A,Approved,,Y,6.2
KYC00587,C00537,Onboarding,Standard,KYC Onboarding,AN006,2025-11-13,2025-11-18,10,5.0,N,Y,Y,Y,N/A,N/A,Approved,,Y,2.2
KYC00588,C00538,Onboarding,Standard,Business Due Diligence,AN025,2025-05-07,2025-05-12,10,5.0,N,Y,Y,Y,N/A,N/A,Approved,,Y,2.0
KYC00589,C00539,Onboarding,Enhanced,Enhanced Due Diligence,AN017,2025-06-05,2025-07-06,30,31.0,Y,Y,Y,Y,Y,Y,Approved,,Y,14.1
KYC00590,C00540,Onboarding,Standard,Business Due Diligence,AN023,2025-01-01,2025-01-07,10,6.0,N,Y,Y,N,N/A,N/A,Approved,,Y,2.9
KYC00591,C00541,Onboarding,Standard,Business Due Diligence,AN023,2025-03-27,2025-04-07,10,11.0,Y,Y,Y,Y,N/A,N/A,Approved,,Y,8.3
KYC00592,C00542,Onboarding,Standard,Business Due Diligence,AN024,2025-11-26,2025-12-11,10,15.0,Y,Y,Y,Y,N/A,N/A,Approved,,Y,12.4
KYC00593,C00543,Onboarding,Standard,KYC Onboarding,AN010,2024-01-01,2024-01-02,10,1.0,N,Y,Y,N,N/A,N/A,Approved,,Y,0.8
KYC00594,C00544,Onboarding,Standard,KYC Onboarding,AN010,2024-06-25,2024-06-27,10,2.0,N,Y,Y,Y,N/A,N/A,Approved,,Y,1.1
KYC00595,C00545,Onboarding,Standard,KYC Onboarding,AN006,2025-05-24,2025-06-04,10,11.0,Y,Y,Y,Y,N/A,N/A,Approved,,Y,7.4
KYC00596,C00546,Onboarding,Standard,Business Due Diligence,AN022,2024-03-30,2024-03-31,10,1.0,N,Y,Y,Y,N/A,N/A,Approved,,Y,0.7
KYC00597,C00547,Onboarding,Standard,KYC Onboarding,AN007,2024-06-26,2024-07-13,10,17.0,Y,Y,Y,N,N/A,N/A,Approved,,Y,10.8
KYC00598,C00548,Onboarding,Simplified,KYC Onboarding,AN001,2024-01-14,2024-01-15,5,1.0,N,Y,Y,Y,N/A,N/A,Approved,,Y,0.6
KYC00599,C00549,Onboarding,Standard,KYC Onboarding,AN009,2024-02-09,2024-02-16,10,7.0,N,Y,Y,Y,N/A,N/A,Approved,,N,4.7
KYC00600,C00550,Onboarding,Standard,KYC Onboarding,AN002,2024-11-19,2024-12-04,10,15.0,Y,Y,Y,Y,N/A,N/A,Approved,,Y,6.7
KYC00601,C00551,Onboarding,Standard,KYC Onboarding,AN004,2025-04-26,2025-04-28,10,2.0,N,Y,Y,Y,N/A,N/A,Approved,,Y,1.1
KYC00602,C00552,Onboarding,Standard,Business Due Diligence,AN023,2024-03-10,2024-03-16,10,6.0,N,Y,Y,N,N/A,N/A,Approved,,Y,5.4
KYC00603,C00553,Onboarding,Standard,KYC Onboarding,AN005,2025-12-15,2025-12-20,10,5.0,N,Y,Y,Y,N/A,N/A,Approved,,Y,3.5
KYC00604,C00554,Onboarding,Standard,KYC Onboarding,AN003,2025-07-19,2025-07-20,10,1.0,N,Y,Y,Y,N/A,N/A,Approved,,Y,0.8
KYC00605,C00555,Onboarding,Standard,Business Due Diligence,AN022,2025-04-27,2025-05-04,10,7.0,N,Y,Y,N,N/A,N/A,Approved,,Y,3.8
KYC00606,C00556,Onboarding,Standard,KYC Onboarding,AN010,2024-02-19,2024-02-26,10,7.0,N,Y,Y,Y,N/A,N/A,Approved,,Y,5.0
KYC00607,C00557,Onboarding,Standard,Business Due Diligence,AN026,2025-01-14,2025-01-16,10,2.0,N,Y,Y,N,N/A,N/A,Rejected,Customer withdrew,Y,1.2
KYC00608,C00558,Onboarding,Simplified,KYC Onboarding,AN004,2025-11-01,2025-11-02,5,1.0,N,Y,Y,Y,N/A,N/A,Approved,,Y,0.5
KYC00609,C00559,Onboarding,Standard,KYC Onboarding,AN001,2024-06-19,2024-06-22,10,3.0,N,Y,Y,Y,N/A,N/A,Approved,,Y,1.6
KYC00610,C00560,Onboarding,Standard,KYC Onboarding,AN001,2025-01-27,2025-01-31,10,4.0,N,Y,Y,Y,N/A,N/A,Rejected,Source of funds unclear,Y,2.8
KYC00611,C00561,Onboarding,Standard,KYC Onboarding,AN008,2025-02-14,2025-02-28,10,14.0,Y,Y,Y,Y,N/A,N/A,Approved,,Y,11.8
KYC00612,C00562,Onboarding,Standard,Business Due Diligence,AN025,2025-05-22,2025-05-28,10,6.0,N,Y,Y,Y,N/A,N/A,Approved,,N,2.5
KYC00614,C00563,Onboarding,Standard,KYC Onboarding,AN010,2025-10-30,2025-11-02,10,3.0,N,Y,Y,Y,N/A,N/A,Approved,,Y,2.1
KYC00615,C00564,Onboarding,Simplified,KYC Onboarding,AN006,2024-04-03,2024-04-05,5,2.0,N,Y,Y,Y,N/A,N/A,Approved,,Y,1.4
KYC00616,C00565,Onboarding,Simplified,KYC Onboarding,AN004,2024-02-12,2024-02-15,5,3.0,N,Y,Y,Y,N/A,N/A,Approved,,Y,2.1
KYC00617,C00566,Onboarding,Standard,Business Due Diligence,AN023,2024-03-03,2024-03-09,10,6.0,N,Y,Y,Y,N/A,N/A,Approved,,Y,4.5
KYC00618,C00567,Onboarding,Standard,Business Due Diligence,AN025,2024-07-12,2024-07-17,10,5.0,N,Y,Y,Y,N/A,N/A,Approved,,Y,4.4
KYC00619,C00568,Onboarding,Standard,Business Due Diligence,AN026,2024-09-11,2024-09-12,10,1.0,N,Y,Y,Y,N/A,N/A,Approved,,Y,0.7
KYC00620,C00569,Onboarding,Standard,KYC Onboarding,AN003,2025-10-01,2025-10-13,10,12.0,Y,Y,Y,Y,N/A,N/A,Approved,,Y,10.6
KYC00621,C00570,Onboarding,Standard,KYC Onboarding,AN004,2025-01-11,2025-01-15,10,4.0,N,Y,Y,N,N/A,N/A,Approved,,Y,3.3
KYC00622,C00571,Onboarding,Standard,KYC Onboarding,AN003,2025-06-25,2025-07-12,10,17.0,Y,Y,Y,Y,N/A,N/A,Approved,,Y,7.9
KYC00623,C00572,Onboarding,Standard,KYC Onboarding,AN007,2025-02-23,2025-02-24,10,1.0,N,Y,Y,Y,N/A,N/A,Approved,,Y,0.5
KYC00624,C00573,Onboarding,Enhanced,Enhanced Due Diligence,AN020,2025-11-23,2025-12-28,30,35.0,Y,Y,Y,Y,Y,Y,Approved,,Y,16.7
KYC00625,C00574,Onboarding,Enhanced,Enhanced Due Diligence,AN018,2024-08-25,2024-09-13,30,19.0,N,Y,Y,Y,Y,Y,Approved,,Y,15.2
KYC00626,C00574,Periodic Review,Enhanced,Enhanced Due Diligence,AN018,2025-09-18,2025-10-13,30,25.0,N,Y,Y,N,Y,Y,Approved,,Y,21.9
KYC00627,C00575,Onboarding,Simplified,KYC Onboarding,AN009,2025-05-02,2025-05-06,5,4.0,N,Y,Y,N,N/A,N/A,Approved,,Y,3.2
KYC00628,C00576,Onboarding,Standard,KYC Onboarding,AN006,2024-07-15,2024-07-20,10,5.0,N,Y,Y,Y,N/A,N/A,Approved,,Y,2.3
KYC00629,C00577,Onboarding,Standard,Business Due Diligence,AN025,2024-06-18,2024-07-10,10,22.0,Y,Y,Y,Y,N/A,N/A,Approved,,Y,14.4
KYC00630,C00578,Onboarding,Standard,KYC Onboarding,AN006,2025-12-15,2025-12-24,10,9.0,N,Y,Y,N,N/A,N/A,Approved,,Y,4.2
KYC00631,C00579,Onboarding,Simplified,KYC Onboarding,AN005,2024-01-15,2024-01-16,5,1.0,N,Y,Y,Y,N/A,N/A,Approved,,Y,0.4
KYC00632,C00580,Onboarding,Standard,KYC Onboarding,AN005,2024-07-17,2024-07-25,10,8.0,N,Y,Y,Y,N/A,N/A,Approved,,Y,4.9
KYC00633,C00581,Onboarding,Standard,KYC Onboarding,AN006,2024-10-06,2024-10-07,10,1.0,N,Y,Y,Y,N/A,N/A,Approved,,Y,0.9
KYC00634,C00582,Onboarding,Standard,KYC Onboarding,AN002,2024-04-09,2024-04-26,10,17.0,Y,Y,Y,Y,N/A,N/A,Approved,,Y,8.9
KYC00635,C00583,Onboarding,Simplified,KYC Onboarding,AN010,2025-07-18,2025-07-26,5,8.0,Y,Y,Y,N,N/A,N/A,Approved,,Y,6.3
KYC00636,C00584,Onboarding,Standard,KYC Onboarding,AN004,2024-09-18,2024-09-21,10,3.0,N,Y,Y,Y,N/A,N/A,Approved,,Y,1.6
KYC00637,C00585,Onboarding,Standard,KYC Onboarding,AN003,2024-12-01,2024-12-17,10,16.0,Y,Y,Y,Y,N/A,N/A,Rejected,Customer withdrew,Y,7.4
KYC00638,C00586,Onboarding,Simplified,KYC Onboarding,AN004,2024-08-08,2024-08-09,5,1.0,N,Y,N,N,N/A,N/A,Approved,,Y,0.7
KYC00639,C00587,Onboarding,Standard,KYC Onboarding,AN003,2025-10-10,2025-10-21,10,11.0,Y,Y,Y,Y,N/A,N/A,Approved,,N,8.7
KYC00640,C00588,Onboarding,Standard,Business Due Diligence,AN022,2024-10-31,2024-11-09,10,9.0,N,Y,Y,Y,N/A,N/A,Approved,,Y,5.4
KYC00641,C00589,Onboarding,Standard,Business Due Diligence,AN023,2025-07-29,2025-07-31,10,2.0,N,Y,Y,Y,N/A,N/A,Approved,,Y,1.8
KYC00642,C00590,Onboarding,Standard,KYC Onboarding,AN003,2025-03-31,2025-04-14,10,14.0,Y,Y,Y,N,N/A,N/A,Approved,,Y,8.6
KYC00643,C00591,Onboarding,Standard,KYC Onboarding,AN005,2025-11-27,2025-12-03,10,6.0,N,Y,Y,Y,N/A,N/A,Approved,,Y,3.3
KYC00644,C00592,Onboarding,Standard,Business Due Diligence,AN025,2025-03-16,2025-03-24,10,8.0,N,Y,N,Y,N/A,N/A,Approved,,Y,6.1
KYC00645,C00593,Onboarding,Enhanced,Enhanced Due Diligence,AN019,2025-12-19,2025-12-27,30,8.0,N,Y,Y,N,Y,Y,Approved,,Y,5.7
KYC00646,C00594,Onboarding,Standard,KYC Onboarding,AN002,2025-05-23,2025-05-26,10,3.0,N,Y,Y,N,N/A,N/A,Approved,,Y,2.1
KYC00647,C00595,Onboarding,Standard,Business Due Diligence,AN026,2024-02-12,2024-02-20,10,8.0,N,Y,Y,Y,N/A,N/A,Approved,,Y,4.0
KYC00648,C00596,Onboarding,Simplified,KYC Onboarding,AN005,2024-04-23,2024-04-27,5,4.0,N,Y,Y,Y,N/A,N/A,Approved,,Y,1.8
KYC00649,C00597,Onboarding,Standard,Business Due Diligence,AN025,2025-07-29,2025-08-07,10,9.0,N,Y,Y,Y,N/A,N/A,Approved,,Y,3.7
KYC00650,C00598,Onboarding,Standard,KYC Onboarding,AN010,2024-02-03,2024-02-16,10,13.0,Y,Y,Y,Y,N/A,N/A,Approved,,Y,6.6
KYC00651,C00599,Onboarding,Standard,KYC Onboarding,AN007,2024-05-18,2024-05-19,10,1.0,N,Y,Y,Y,N/A,N/A,Approved,,Y,0.9
KYC00652,C00600,Onboarding,Standard,KYC Onboarding,AN004,2025-07-30,2025-08-02,10,3.0,N,Y,Y,N,N/A,N/A,Approved,,Y,2.6
KYC00653,C00601,Onboarding,Standard,KYC Onboarding,AN007,2024-09-15,2024-09-17,10,2.0,N,Y,Y,Y,N/A,N/A,Approved,,Y,1.2
KYC00654,C00602,Onboarding,Standard,KYC Onboarding,AN008,2024-06-06,2024-06-19,10,13.0,Y,Y,Y,N,N/A,N/A,Approved,,Y,7.9
KYC00655,C00603,Onboarding,Simplified,KYC Onboarding,AN002,2024-05-24,2024-05-25,5,1.0,N,Y,Y,N,N/A,N/A,Approved,,Y,0.9
KYC00656,C00604,Onboarding,Standard,Business Due Diligence,AN024,2024-08-15,2024-08-18,10,3.0,N,Y,Y,Y,N/A,N/A,Approved,,Y,1.2
KYC00657,C00605,Onboarding,Standard,KYC Onboarding,AN006,2025-09-02,2025-09-06,10,4.0,N,Y,Y,Y,N/A,N/A,Escalated to Compliance,,Y,2.2
KYC00658,C00606,Onboarding,Standard,KYC Onboarding,AN001,2024-11-29,2024-12-04,10,5.0,N,Y,Y,Y,N/A,N/A,Approved,,Y,4.5
KYC00659,C00607,Onboarding,Standard,Business Due Diligence,AN024,2025-11-25,2025-11-28,10,3.0,N,Y,Y,Y,N/A,N/A,Approved,,Y,1.4
KYC00660,C00608,Onboarding,Standard,Business Due Diligence,AN025,2025-06-04,2025-06-08,10,4.0,N,Y,Y,Y,N/A,N/A,Approved,,Y,3.3
KYC00661,C00609,Onboarding,Standard,KYC Onboarding,AN002,2024-07-12,2024-07-18,10,6.0,N,Y,Y,Y,N/A,N/A,Approved,,Y,2.7
KYC00662,C00610,Onboarding,Standard,KYC Onboarding,AN008,2024-04-26,2024-05-03,10,7.0,N,Y,Y,Y,N/A,N/A,Approved,,Y,4.3
KYC00663,C00611,Onboarding,Enhanced,Enhanced Due Diligence,AN020,2025-11-19,2025-11-26,30,7.0,N,Y,Y,Y,Y,Y,Approved,,Y,4.2
KYC00665,C00612,Onboarding,Standard,KYC Onboarding,AN009,2025-10-19,2025-10-24,10,5.0,N,Y,Y,N,N/A,N/A,Approved,,Y,3.2
KYC00666,C00613,Onboarding,Standard,Business Due Diligence,AN023,2024-03-27,2024-03-28,10,1.0,N,Y,Y,N,N/A,N/A,Approved,,Y,0.6
KYC00667,C00614,Onboarding,Standard,Business Due Diligence,AN025,2024-08-22,2024-08-28,10,6.0,N,Y,Y,Y,N/A,N/A,Approved,,Y,3.2
KYC00668,C00615,Onboarding,Standard,Business Due Diligence,AN026,2025-06-27,2025-07-07,10,10.0,N,Y,Y,Y,N/A,N/A,Rejected,Customer withdrew,Y,4.5
KYC00669,C00616,Onboarding,Standard,KYC Onboarding,AN006,2025-12-18,2025-12-24,10,6.0,N,Y,Y,N,N/A,N/A,Approved,,N,4.7
KYC00670,C00617,Onboarding,Standard,KYC Onboarding,AN007,2025-10-21,2025-11-10,10,20.0,Y,Y,Y,N,N/A,N/A,Approved,,Y,16.3
KYC00671,C00618,Onboarding,Enhanced,Enhanced Due Diligence,AN020,2024-07-25,2024-08-30,30,36.0,Y,Y,Y,Y,Y,Y,Approved,,Y,27.1
KYC00672,C00618,Periodic Review,Enhanced,Enhanced Due Diligence,AN021,2025-08-28,2025-09-17,30,20.0,N,Y,Y,Y,Y,Y,Approved,,Y,15.4
KYC00673,C00619,Onboarding,Standard,KYC Onboarding,AN004,2025-10-14,2025-10-18,10,4.0,N,Y,Y,N,N/A,N/A,Approved,,Y,2.1
KYC00674,C00620,Onboarding,Standard,Business Due Diligence,AN026,2025-06-14,2025-06-16,10,2.0,N,Y,Y,N,N/A,N/A,Approved,,Y,1.2
KYC00675,C00621,Onboarding,Standard,KYC Onboarding,AN005,2024-12-02,2024-12-13,10,11.0,Y,Y,Y,Y,N/A,N/A,Approved,,N,4.9
KYC00676,C00622,Onboarding,Simplified,KYC Onboarding,AN005,2024-10-01,2024-10-05,5,4.0,N,Y,Y,Y,N/A,N/A,Escalated to Compliance,,Y,2.8
KYC00677,C00623,Onboarding,Standard,KYC Onboarding,AN010,2025-08-13,2025-08-17,10,4.0,N,Y,Y,N,N/A,N/A,Approved,,Y,2.5
KYC00678,C00624,Onboarding,Standard,Business Due Diligence,AN025,2025-09-03,2025-09-18,10,15.0,Y,Y,Y,Y,N/A,N/A,Approved,,Y,9.9
KYC00679,C00625,Onboarding,Standard,KYC Onboarding,AN001,2025-10-30,2025-11-01,10,2.0,N,Y,Y,Y,N/A,N/A,Approved,,Y,0.9
KYC00680,C00626,Onboarding,Standard,KYC Onboarding,AN003,2024-12-04,2024-12-07,10,3.0,N,Y,Y,Y,N/A,N/A,Approved,,Y,1.6
KYC00681,C00627,Onboarding,Simplified,KYC Onboarding,AN010,2024-07-11,2024-07-14,5,3.0,N,Y,Y,Y,N/A,N/A,Approved,,Y,1.9
KYC00682,C00628,Onboarding,Simplified,KYC Onboarding,AN008,2025-09-24,2025-09-29,5,5.0,N,Y,Y,N,N/A,N/A,Approved,,Y,2.4
KYC00683,C00629,Onboarding,Simplified,KYC Onboarding,AN008,2024-08-09,2024-08-10,5,1.0,N,Y,Y,Y,N/A,N/A,Approved,,Y,0.4
KYC00684,C00630,Onboarding,Simplified,KYC Onboarding,AN007,2025-07-01,2025-07-11,5,10.0,Y,Y,Y,N,N/A,N/A,Approved,,Y,5.2
KYC00685,C00631,Onboarding,Standard,KYC Onboarding,AN002,2025-01-03,2025-01-17,10,14.0,Y,Y,Y,Y,N/A,N/A,Approved,,Y,5.9
KYC00686,C00632,Onboarding,Simplified,KYC Onboarding,AN007,2025-03-02,2025-03-04,5,2.0,N,Y,Y,N,N/A,N/A,Approved,,Y,1.1
KYC00687,C00633,Onboarding,Simplified,KYC Onboarding,AN008,2024-05-30,2024-06-01,5,2.0,N,Y,Y,N,N/A,N/A,Approved,,Y,1.8
KYC00688,C00634,Onboarding,Standard,KYC Onboarding,AN001,2024-06-29,2024-06-30,10,1.0,N,Y,Y,Y,N/A,N/A,Approved,,Y,0.4
KYC00689,C00635,Onboarding,Standard,KYC Onboarding,AN010,2025-04-22,2025-05-11,10,19.0,Y,Y,Y,Y,N/A,N/A,Approved,,N,11.1
KYC00690,C00636,Onboarding,Standard,KYC Onboarding,AN005,2024-07-07,2024-07-14,10,7.0,N,Y,Y,Y,N/A,N/A,Approved,,Y,4.6
KYC00691,C00637,Onboarding,Simplified,KYC Onboarding,AN010,2025-05-03,2025-05-05,5,2.0,N,Y,Y,Y,N/A,N/A,Approved,,Y,1.8
KYC00692,C00638,Onboarding,Standard,KYC Onboarding,AN004,2025-12-25,,10,,,Y,Y,Y,N/A,N/A,Pending,,,0.0
KYC00693,C00639,Onboarding,Standard,KYC Onboarding,AN006,2024-02-29,2024-03-16,10,16.0,Y,Y,Y,N,N/A,N/A,Approved,,Y,11.4
KYC00694,C00640,Onboarding,Standard,KYC Onboarding,AN001,2025-11-06,2025-11-15,10,9.0,N,Y,N,Y,N/A,N/A,Approved,,N,6.3
KYC00695,C00641,Onboarding,Standard,KYC Onboarding,AN006,2024-05-03,2024-05-05,10,2.0,N,Y,Y,Y,N/A,N/A,Approved,,Y,1.7
KYC00696,C00642,Onboarding,Standard,KYC Onboarding,AN007,2024-04-09,2024-04-16,10,7.0,N,Y,Y,Y,N/A,N/A,Approved,,Y,6.1
KYC00697,C00643,Onboarding,Enhanced,Enhanced Due Diligence,AN020,2025-08-29,2025-09-24,30,26.0,N,Y,Y,Y,Y,Y,Approved,,Y,16.9
KYC00698,C00644,Onboarding,Standard,KYC Onboarding,AN008,2024-05-27,2024-05-31,10,4.0,N,Y,Y,Y,N/A,N/A,Approved,,Y,1.8
KYC00699,C00645,Onboarding,Standard,KYC Onboarding,AN006,2025-04-15,2025-04-17,10,2.0,N,Y,Y,Y,N/A,N/A,Approved,,Y,1.2
KYC00700,C00646,Onboarding,Simplified,KYC Onboarding,AN007,2024-03-19,2024-03-21,5,2.0,N,Y,Y,Y,N/A,N/A,Approved,,Y,1.4
KYC00701,C00647,Onboarding,Standard,KYC Onboarding,AN004,2024-03-01,2024-03-04,10,3.0,N,Y,Y,Y,N/A,N/A,Approved,,Y,1.7
KYC00702,C00648,Onboarding,Standard,KYC Onboarding,AN009,2024-05-25,2024-05-28,10,3.0,N,Y,Y,Y,N/A,N/A,Approved,,Y,1.8
KYC00703,C00649,Onboarding,Enhanced,Enhanced Due Diligence,AN021,2025-01-13,2025-02-10,30,28.0,N,Y,Y,Y,Y,Y,Approved,,Y,18.9
KYC00704,C00650,Onboarding,Enhanced,Enhanced Due Diligence,AN021,2024-07-28,2024-08-07,30,10.0,N,Y,Y,Y,Y,Y,Approved,,Y,4.8
KYC00705,C00650,Periodic Review,Enhanced,Enhanced Due Diligence,AN017,2025-07-31,2025-08-26,30,26.0,N,Y,Y,Y,Y,Y,Approved,,Y,15.0
KYC00706,C00651,Onboarding,Standard,KYC Onboarding,AN010,2024-06-08,2024-06-20,10,12.0,Y,Y,Y,Y,N/A,N/A,Approved,,Y,5.6
KYC00707,C00652,Onboarding,Standard,KYC Onboarding,AN009,2025-09-02,2025-09-08,10,6.0,N,Y,Y,Y,N/A,N/A,Approved,,Y,4.8
KYC00708,C00653,Onboarding,Simplified,KYC Onboarding,AN008,2024-05-04,2024-05-06,5,2.0,N,Y,Y,N,N/A,N/A,Approved,,Y,1.5
KYC00709,C00654,Onboarding,Enhanced,Enhanced Due Diligence,AN020,2024-03-08,2024-04-28,30,51.0,Y,Y,Y,Y,Y,Y,Approved,,Y,28.5
KYC00710,C00654,Periodic Review,Enhanced,Enhanced Due Diligence,AN018,2025-04-09,2025-04-15,30,6.0,N,Y,Y,Y,Y,N,Escalated to Compliance,,Y,3.0
KYC00711,C00655,Onboarding,Simplified,KYC Onboarding,AN001,2024-03-20,2024-03-23,5,3.0,N,Y,Y,N,N/A,N/A,Approved,,Y,1.2
KYC00712,C00656,Onboarding,Simplified,KYC Onboarding,AN003,2025-10-02,2025-10-03,5,1.0,N,Y,Y,N,N/A,N/A,Approved,,Y,0.9
KYC00713,C00657,Onboarding,Standard,KYC Onboarding,AN009,2024-12-10,2024-12-15,10,5.0,N,Y,Y,Y,N/A,N/A,Approved,,Y,4.1
KYC00714,C00657,Trigger Event Review,Standard,KYC Periodic Review,AN014,2025-05-24,2025-05-26,10,2.0,N,Y,Y,Y,N/A,N/A,Approved,,Y,1.4
KYC00715,C00658,Onboarding,Standard,Business Due Diligence,AN026,2025-12-10,2025-12-25,10,15.0,Y,Y,Y,Y,N/A,N/A,Approved,,Y,11.9
KYC00716,C00659,Onboarding,Standard,KYC Onboarding,AN002,2025-08-09,2025-08-16,10,7.0,N,Y,N,Y,N/A,N/A,Approved,,Y,3.9
KYC00717,C00660,Onboarding,Standard,KYC Onboarding,AN004,2024-07-24,2024-07-25,10,1.0,N,Y,Y,N,N/A,N/A,Rejected,Source of funds unclear,Y,0.8
KYC00718,C00661,Onboarding,Enhanced,Enhanced Due Diligence,AN019,2025-07-31,2025-08-08,30,8.0,N,Y,Y,Y,Y,Y,Approved,,Y,5.2
KYC00719,C00662,Onboarding,Simplified,KYC Onboarding,AN005,2024-11-29,2024-12-01,5,2.0,N,Y,Y,N,N/A,N/A,Approved,,Y,1.3
KYC00720,C00663,Onboarding,Standard,KYC Onboarding,AN002,2025-02-13,2025-02-27,10,14.0,Y,Y,Y,Y,N/A,N/A,Escalated to Compliance,,Y,6.1
KYC00721,C00664,Onboarding,Standard,KYC Onboarding,AN002,2025-01-18,2025-01-22,10,4.0,N,Y,Y,Y,N/A,N/A,Approved,,Y,1.7
KYC00722,C00665,Onboarding,Enhanced,Enhanced Due Diligence,AN019,2025-07-04,2025-07-11,30,7.0,N,Y,Y,Y,Y,Y,Approved,,Y,4.7
KYC00723,C00666,Onboarding,Standard,KYC Onboarding,AN010,2024-05-29,2024-06-12,10,14.0,Y,Y,Y,Y,N/A,N/A,Approved,,Y,6.2
KYC00724,C00667,Onboarding,Simplified,KYC Onboarding,AN002,2024-02-09,2024-02-10,5,1.0,N,Y,Y,Y,N/A,N/A,Approved,,Y,0.4
KYC00725,C00667,Trigger Event Review,Standard,KYC Periodic Review,AN013,2024-03-19,2024-03-24,10,5.0,N,N,Y,Y,N/A,N/A,Approved,,Y,4.0
KYC00726,C00668,Onboarding,Standard,KYC Onboarding,AN007,2025-06-15,2025-06-24,10,9.0,N,N,Y,Y,N/A,N/A,Approved,,Y,7.1
KYC00727,C00669,Onboarding,Standard,KYC Onboarding,AN001,2025-11-27,2025-12-03,10,6.0,N,Y,Y,N,N/A,N/A,Approved,,Y,2.8
KYC00728,C00670,Onboarding,Standard,KYC Onboarding,AN002,2025-02-23,2025-02-28,10,5.0,N,Y,Y,Y,N/A,N/A,Rejected,Adverse media,Y,2.3
KYC00729,C00671,Onboarding,Standard,KYC Onboarding,AN007,2024-03-26,2024-04-05,10,10.0,N,Y,Y,Y,N/A,N/A,Approved,,Y,6.9
KYC00730,C00672,Onboarding,Simplified,KYC Onboarding,AN003,2024-03-20,2024-03-21,5,1.0,N,Y,Y,N,N/A,N/A,Approved,,Y,0.5
KYC00731,C00673,Onboarding,Standard,KYC Onboarding,AN003,2025-02-01,2025-02-06,10,5.0,N,Y,Y,Y,N/A,N/A,Approved,,Y,2.9
KYC00732,C00674,Onboarding,Standard,Business Due Diligence,AN026,2025-10-12,2025-10-27,10,15.0,Y,Y,Y,Y,N/A,N/A,Approved,,Y,11.4
KYC00733,C00675,Onboarding,Standard,KYC Onboarding,AN006,2025-03-23,2025-03-25,10,2.0,N,Y,Y,Y,N/A,N/A,Approved,,Y,1.7
KYC00734,C00676,Onboarding,Standard,Business Due Diligence,AN022,2024-08-05,2024-08-15,10,10.0,N,Y,Y,N,N/A,N/A,Approved,,Y,5.8
KYC00735,C00677,Onboarding,Simplified,KYC Onboarding,AN007,2025-03-26,2025-03-27,5,1.0,N,Y,Y,N,N/A,N/A,Approved,,Y,0.7
KYC00736,C00678,Onboarding,Standard,KYC Onboarding,AN005,2024-04-21,2024-04-24,10,3.0,N,Y,Y,N,N/A,N/A,Approved,,Y,1.5
KYC00737,C00679,Onboarding,Standard,Business Due Diligence,AN025,2024-12-15,2024-12-22,10,7.0,N,Y,Y,N,N/A,N/A,Approved,,Y,3.2
KYC00738,C00680,Onboarding,Standard,Business Due Diligence,AN026,2025-12-15,2025-12-16,10,1.0,N,Y,Y,Y,N/A,N/A,Approved,,Y,0.5
KYC00739,C00681,Onboarding,Standard,KYC Onboarding,AN003,2025-04-02,2025-04-08,10,6.0,N,Y,Y,Y,N/A,N/A,Approved,,Y,2.6
KYC00740,C00682,Onboarding,Standard,Business Due Diligence,AN025,2024-03-12,2024-03-22,10,10.0,N,Y,Y,Y,N/A,N/A,Approved,,Y,7.7
KYC00741,C00683,Onboarding,Simplified,KYC Onboarding,AN009,2024-05-23,2024-05-24,5,1.0,N,Y,Y,N,N/A,N/A,Approved,,Y,0.5
KYC00742,C00684,Onboarding,Standard,KYC Onboarding,AN010,2024-02-10,2024-02-16,10,6.0,N,Y,Y,Y,N/A,N/A,Approved,,Y,4.5
KYC00743,C00685,Onboarding,Enhanced,Enhanced Due Diligence,AN021,2024-10-19,2024-11-05,30,17.0,N,Y,Y,Y,N,Y,Approved,,Y,8.7
KYC00744,C00685,Periodic Review,Enhanced,Enhanced Due Diligence,AN017,2025-10-19,2025-12-09,30,51.0,Y,Y,Y,Y,Y,Y,Approved,,Y,42.8
KYC00745,C00686,Onboarding,Standard,KYC Onboarding,AN008,2024-06-18,2024-06-24,10,6.0,N,N,Y,Y,N/A,N/A,Approved,,Y,3.6
KYC00746,C00687,Onboarding,Standard,Business Due Diligence,AN024,2025-12-16,2025-12-30,10,14.0,Y,Y,Y,Y,N/A,N/A,Approved,,Y,11.2
KYC00747,C00688,Onboarding,Simplified,KYC Onboarding,AN006,2024-08-21,2024-08-23,5,2.0,N,Y,Y,Y,N/A,N/A,Approved,,Y,1.6
KYC00748,C00689,Onboarding,Standard,Business Due Diligence,AN026,2024-01-25,2024-02-05,10,11.0,Y,Y,Y,N,N/A,N/A,Approved,,Y,5.7
KYC00749,C00690,Onboarding,Standard,KYC Onboarding,AN009,2024-11-12,2024-11-14,10,2.0,N,Y,N,Y,N/A,N/A,Approved,,Y,1.7
KYC00750,C00691,Onboarding,Standard,KYC Onboarding,AN001,2025-06-21,2025-06-27,10,6.0,N,Y,Y,Y,N/A,N/A,Approved,,Y,4.0
KYC00751,C00692,Onboarding,Standard,KYC Onboarding,AN006,2025-05-14,2025-05-29,10,15.0,Y,Y,Y,Y,N/A,N/A,Approved,,Y,8.5
KYC00752,C00693,Onboarding,Standard,KYC Onboarding,AN009,2025-12-12,2025-12-17,10,5.0,N,Y,Y,Y,N/A,N/A,Approved,,Y,2.5
KYC00753,C00694,Onboarding,Standard,KYC Onboarding,AN002,2024-09-22,2024-09-26,10,4.0,N,Y,Y,Y,N/A,N/A,Approved,,Y,2.7
KYC00754,C00695,Onboarding,Standard,KYC Onboarding,AN008,2025-01-16,2025-01-22,10,6.0,N,Y,Y,N,N/A,N/A,Approved,,Y,3.2
KYC00755,C00696,Onboarding,Simplified,KYC Onboarding,AN005,2025-02-09,2025-02-14,5,5.0,N,Y,N,N,N/A,N/A,Approved,,Y,4.5
KYC00756,C00697,Onboarding,Standard,KYC Onboarding,AN009,2024-01-18,2024-01-29,10,11.0,Y,Y,Y,Y,N/A,N/A,Rejected,Unacceptable risk appetite,N,7.3
KYC00757,C00698,Onboarding,Standard,KYC Onboarding,AN010,2024-01-01,2024-01-07,10,6.0,N,Y,Y,Y,N/A,N/A,Approved,,Y,2.6
KYC00758,C00699,Onboarding,Standard,Business Due Diligence,AN025,2025-07-31,2025-08-02,10,2.0,N,Y,Y,Y,N/A,N/A,Approved,,Y,1.0
KYC00759,C00700,Onboarding,Enhanced,Enhanced Due Diligence,AN018,2024-10-07,2024-10-28,30,21.0,N,Y,Y,Y,Y,Y,Approved,,Y,12.1
KYC00760,C00700,Periodic Review,Enhanced,Enhanced Due Diligence,AN018,2025-11-06,2025-12-02,30,26.0,N,Y,Y,Y,Y,Y,Approved,,Y,23.2
KYC00761,C00701,Onboarding,Standard,Business Due Diligence,AN022,2025-05-18,2025-05-31,10,13.0,Y,Y,Y,N,N/A,N/A,Approved,,N,6.3
KYC00762,C00701,Trigger Event Review,Standard,Business Due Diligence,AN024,2025-08-05,2025-08-07,10,2.0,N,Y,Y,Y,N/A,N/A,Approved,,Y,0.9
KYC00763,C00702,Onboarding,Enhanced,Enhanced Due Diligence,AN021,2025-11-20,2025-11-26,30,6.0,N,Y,Y,N,Y,N,Rejected,Incomplete documents,Y,3.7
KYC00764,C00703,Onboarding,Standard,Business Due Diligence,AN022,2024-06-26,2024-07-03,10,7.0,N,Y,Y,N,N/A,N/A,Approved,,Y,5.8
KYC00765,C00704,Onboarding,Standard,KYC Onboarding,AN006,2025-07-18,2025-07-26,10,8.0,N,Y,Y,Y,N/A,N/A,Approved,,Y,4.1
KYC00766,C00705,Onboarding,Standard,KYC Onboarding,AN002,2024-06-01,2024-06-04,10,3.0,N,Y,Y,N,N/A,N/A,Approved,,Y,2.0
KYC00767,C00706,Onboarding,Standard,KYC Onboarding,AN010,2025-06-21,2025-06-25,10,4.0,N,Y,Y,Y,N/A,N/A,Approved,,N,2.0
KYC00768,C00707,Onboarding,Standard,KYC Onboarding,AN002,2024-04-22,2024-04-24,10,2.0,N,Y,Y,Y,N/A,N/A,Approved,,Y,0.9
KYC00769,C00708,Onboarding,Standard,KYC Onboarding,AN007,2024-08-10,2024-08-15,10,5.0,N,Y,Y,N,N/A,N/A,Approved,,Y,4.2
KYC00770,C00709,Onboarding,Standard,KYC Onboarding,AN010,2024-12-06,2024-12-17,10,11.0,Y,Y,Y,N,N/A,N/A,Approved,,Y,8.1
KYC00771,C00710,Onboarding,Standard,Business Due Diligence,AN026,2024-12-19,2024-12-20,10,1.0,N,Y,Y,Y,N/A,N/A,Approved,,Y,0.7
KYC00772,C00711,Onboarding,Standard,KYC Onboarding,AN010,2024-01-22,2024-01-23,10,1.0,N,Y,Y,Y,N/A,N/A,Approved,,Y,0.6
KYC00773,C00712,Onboarding,Simplified,KYC Onboarding,AN009,2025-09-06,2025-09-07,5,1.0,N,Y,Y,N,N/A,N/A,Approved,,Y,0.8
KYC00774,C00713,Onboarding,Standard,Business Due Diligence,AN025,2024-01-04,2024-01-14,10,10.0,N,Y,Y,Y,N/A,N/A,Approved,,Y,7.9
KYC00775,C00714,Onboarding,Standard,KYC Onboarding,AN009,2025-10-03,2025-10-05,10,2.0,N,Y,Y,Y,N/A,N/A,Approved,,Y,0.9
KYC00776,C00715,Onboarding,Standard,KYC Onboarding,AN005,2024-05-30,2024-06-11,10,12.0,Y,Y,Y,Y,N/A,N/A,Approved,,Y,6.3
KYC00777,C00716,Onboarding,Enhanced,Enhanced Due Diligence,AN017,2025-06-01,2025-06-23,30,22.0,N,Y,Y,N,Y,Y,Approved,,Y,10.7
KYC00778,C00717,Onboarding,Standard,Business Due Diligence,AN025,2025-06-03,2025-06-05,10,2.0,N,Y,Y,Y,N/A,N/A,Approved,,Y,1.2
KYC00779,C00718,Onboarding,Standard,KYC Onboarding,AN007,2024-11-27,2024-12-01,10,4.0,N,Y,Y,Y,N/A,N/A,Approved,,Y,3.3
KYC00780,C00719,Onboarding,Standard,KYC Onboarding,AN007,2025-01-24,2025-01-29,10,5.0,N,Y,Y,Y,N/A,N/A,Approved,,N,3.4
KYC00781,C00720,Onboarding,Standard,KYC Onboarding,AN007,2024-02-22,2024-02-23,10,1.0,N,Y,Y,Y,N/A,N/A,Approved,,Y,0.5
KYC00782,C00721,Onboarding,Simplified,KYC Onboarding,AN006,2025-10-17,2025-10-18,5,1.0,N,Y,Y,N,N/A,N/A,Approved,,Y,0.7
KYC00783,C00722,Onboarding,Standard,KYC Onboarding,AN003,2024-03-25,2024-04-05,10,11.0,Y,Y,Y,Y,N/A,N/A,Approved,,Y,7.1
KYC00784,C00723,Onboarding,Simplified,KYC Onboarding,AN007,2025-04-26,2025-04-27,5,1.0,N,Y,Y,N,N/A,N/A,Approved,,Y,0.7
KYC00785,C00724,Onboarding,Standard,KYC Onboarding,AN007,2023-12-28,2024-01-06,10,9.0,N,Y,Y,Y,N/A,N/A,Approved,,Y,4.3
KYC00786,C00725,Onboarding,Standard,Business Due Diligence,AN024,2025-06-25,2025-07-03,10,8.0,N,Y,Y,N,N/A,N/A,Approved,,N,4.6
KYC00787,C00726,Onboarding,Simplified,KYC Onboarding,AN005,2024-09-15,2024-09-16,5,1.0,N,Y,Y,N,N/A,N/A,Approved,,Y,0.5
KYC00788,C00727,Onboarding,Simplified,KYC Onboarding,AN008,2024-12-14,2024-12-17,5,3.0,N,Y,Y,N,N/A,N/A,Approved,,Y,1.9
KYC00789,C00728,Onboarding,Simplified,KYC Onboarding,AN003,2024-01-18,2024-01-21,5,3.0,N,Y,Y,N,N/A,N/A,Approved,,Y,1.5
KYC00790,C00729,Onboarding,Enhanced,Enhanced Due Diligence,AN021,2024-06-05,2024-06-29,30,24.0,N,Y,N,Y,Y,Y,Approved,,Y,10.4
KYC00791,C00729,Periodic Review,Enhanced,Enhanced Due Diligence,AN019,2025-06-01,2025-06-15,30,14.0,N,Y,Y,Y,Y,Y,Approved,,Y,9.1
KYC00792,C00730,Onboarding,Standard,KYC Onboarding,AN007,2024-11-14,2024-11-21,10,7.0,N,Y,Y,Y,N/A,N/A,Approved,,Y,4.3
KYC00793,C00731,Onboarding,Standard,KYC Onboarding,AN008,2025-06-06,2025-06-12,10,6.0,N,Y,Y,Y,N/A,N/A,Approved,,Y,2.7
KYC00794,C00732,Onboarding,Enhanced,Enhanced Due Diligence,AN017,2025-03-08,2025-04-12,30,35.0,Y,Y,Y,Y,Y,Y,Approved,,Y,24.2
KYC00795,C00733,Onboarding,Standard,KYC Onboarding,AN006,2024-07-05,2024-07-06,10,1.0,N,Y,Y,Y,N/A,N/A,Approved,,Y,0.4
KYC00796,C00734,Onboarding,Standard,KYC Onboarding,AN009,2025-03-10,2025-03-21,10,11.0,Y,Y,Y,N,N/A,N/A,Approved,,Y,5.9
KYC00797,C00735,Onboarding,Standard,Business Due Diligence,AN023,2024-06-09,2024-06-10,10,1.0,N,Y,Y,N,N/A,N/A,Approved,,Y,0.5
KYC00798,C00736,Onboarding,Standard,KYC Onboarding,AN005,2025-02-06,2025-02-10,10,4.0,N,Y,Y,Y,N/A,N/A,Approved,,Y,2.3
KYC00799,C00737,Onboarding,Enhanced,Enhanced Due Diligence,AN020,2025-01-27,2025-03-04,30,36.0,Y,Y,Y,Y,Y,Y,Approved,,Y,21.3
KYC00800,C00738,Onboarding,Standard,Business Due Diligence,AN022,2024-06-11,2024-06-21,10,10.0,N,Y,Y,Y,N/A,N/A,Rejected,Sanctions match,Y,8.8
KYC00801,C00739,Onboarding,Standard,KYC Onboarding,AN008,2024-05-25,2024-05-27,10,2.0,N,Y,Y,Y,N/A,N/A,Approved,,Y,1.1
KYC00802,C00740,Onboarding,Standard,KYC Onboarding,AN004,2025-01-13,2025-01-17,10,4.0,N,Y,Y,Y,N/A,N/A,Approved,,Y,3.2
KYC00803,C00741,Onboarding,Standard,KYC Onboarding,AN008,2025-03-03,2025-03-17,10,14.0,Y,Y,Y,Y,N/A,N/A,Approved,,Y,12.0
KYC00804,C00742,Onboarding,Enhanced,Enhanced Due Diligence,AN018,2025-12-14,,30,,,Y,Y,Y,Y,N,Pending,,,0.0
KYC00805,C00743,Onboarding,Simplified,KYC Onboarding,AN006,2024-12-24,2024-12-25,5,1.0,N,Y,Y,Y,N/A,N/A,Approved,,Y,0.6
KYC00806,C00744,Onboarding,Standard,KYC Onboarding,AN004,2024-11-20,2024-11-21,10,1.0,N,Y,Y,N,N/A,N/A,Approved,,Y,0.5
KYC00807,C00745,Onboarding,Standard,KYC Onboarding,AN007,2024-12-13,2024-12-17,10,4.0,N,Y,Y,N,N/A,N/A,Approved,,Y,2.5
KYC00808,C00746,Onboarding,Standard,Business Due Diligence,AN026,2025-10-01,2025-10-18,10,17.0,Y,Y,Y,Y,N/A,N/A,Approved,,N,14.7
KYC00809,C00747,Onboarding,Standard,KYC Onboarding,AN007,2024-08-08,2024-08-17,10,9.0,N,Y,Y,N,N/A,N/A,Approved,,Y,4.5
KYC00810,C00748,Onboarding,Standard,KYC Onboarding,AN005,2024-10-04,2024-10-07,10,3.0,N,Y,N,Y,N/A,N/A,Approved,,Y,2.3
KYC00811,C00749,Onboarding,Standard,KYC Onboarding,AN001,2024-09-24,2024-10-05,10,11.0,Y,Y,Y,N,N/A,N/A,Approved,,Y,9.3
KYC00812,C00750,Onboarding,Standard,Business Due Diligence,AN022,2025-03-27,2025-04-03,10,7.0,N,N,Y,Y,N/A,N/A,Approved,,N,5.7
KYC00813,C00751,Onboarding,Standard,KYC Onboarding,AN004,2025-05-24,2025-05-25,10,1.0,N,Y,Y,Y,N/A,N/A,Approved,,Y,0.7
KYC00814,C00752,Onboarding,Standard,KYC Onboarding,AN009,2024-12-16,2024-12-21,10,5.0,N,Y,Y,Y,N/A,N/A,Approved,,Y,3.9
KYC00815,C00753,Onboarding,Enhanced,Enhanced Due Diligence,AN019,2024-07-08,2024-07-13,30,5.0,N,Y,Y,Y,Y,N,Rejected,Unverifiable identity,N,4.4
KYC00816,C00753,Periodic Review,Enhanced,Enhanced Due Diligence,AN018,2025-08-03,2025-08-12,30,9.0,N,Y,Y,Y,Y,Y,Approved,,Y,3.9
KYC00817,C00754,Onboarding,Standard,Business Due Diligence,AN025,2025-05-16,2025-05-17,10,1.0,N,Y,Y,Y,N/A,N/A,Approved,,Y,0.8
KYC00818,C00755,Onboarding,Standard,KYC Onboarding,AN003,2024-07-17,2024-07-21,10,4.0,N,Y,Y,Y,N/A,N/A,Approved,,Y,3.6
KYC00819,C00756,Onboarding,Standard,KYC Onboarding,AN003,2025-10-15,2025-10-26,10,11.0,Y,Y,Y,Y,N/A,N/A,Rejected,Unverifiable identity,Y,8.8
KYC00820,C00757,Onboarding,Standard,Business Due Diligence,AN026,2025-03-28,2025-04-01,10,4.0,N,Y,Y,Y,N/A,N/A,Rejected,Adverse media,Y,1.9
KYC00821,C00758,Onboarding,Standard,Business Due Diligence,AN024,2024-11-17,2024-11-26,10,9.0,N,N,Y,N,N/A,N/A,Approved,,Y,4.4
KYC00822,C00759,Onboarding,Standard,KYC Onboarding,AN005,2024-06-18,2024-07-11,10,23.0,Y,Y,Y,Y,N/A,N/A,Approved,,Y,11.7
KYC00823,C00760,Onboarding,Standard,KYC Onboarding,AN001,2025-07-04,2025-07-08,10,4.0,N,Y,Y,Y,N/A,N/A,Approved,,Y,2.1
KYC00824,C00761,Onboarding,Standard,Business Due Diligence,AN026,2025-03-17,2025-03-24,10,7.0,N,Y,Y,Y,N/A,N/A,Approved,,Y,4.5
KYC00825,C00762,Onboarding,Enhanced,Enhanced Due Diligence,AN021,2025-10-04,2025-10-15,30,11.0,N,Y,N,Y,Y,Y,Approved,,Y,6.3
KYC00826,C00763,Onboarding,Enhanced,Enhanced Due Diligence,AN018,2025-05-27,2025-06-28,30,32.0,Y,Y,Y,N,Y,Y,Approved,,Y,13.3
KYC00827,C00764,Onboarding,Standard,KYC Onboarding,AN009,2025-07-28,2025-08-02,10,5.0,N,Y,Y,Y,N/A,N/A,Approved,,Y,3.4
KYC00828,C00765,Onboarding,Simplified,KYC Onboarding,AN007,2024-03-07,2024-03-10,5,3.0,N,Y,Y,Y,N/A,N/A,Rejected,Adverse media,Y,1.6
KYC00829,C00765,Trigger Event Review,Standard,KYC Periodic Review,AN012,2024-05-18,2024-05-24,10,6.0,N,Y,Y,Y,N/A,N/A,Approved,,Y,4.8
KYC00830,C00766,Onboarding,Standard,Business Due Diligence,AN022,2024-01-17,2024-01-27,10,10.0,N,Y,Y,Y,N/A,N/A,Approved,,Y,4.3
KYC00831,C00767,Onboarding,Standard,Business Due Diligence,AN026,2025-04-23,2025-05-04,10,11.0,Y,Y,N,Y,N/A,N/A,Rejected,Unacceptable risk appetite,Y,5.2
KYC00832,C00768,Onboarding,Standard,Business Due Diligence,AN023,2024-01-01,2024-01-12,10,11.0,Y,Y,Y,Y,N/A,N/A,Approved,,N,6.8
KYC00833,C00769,Onboarding,Standard,KYC Onboarding,AN010,2025-10-11,2025-10-12,10,1.0,N,Y,Y,Y,N/A,N/A,Approved,,Y,0.8
KYC00834,C00770,Onboarding,Standard,KYC Onboarding,AN006,2025-10-07,2025-10-25,10,18.0,Y,Y,Y,Y,N/A,N/A,Approved,,Y,11.5
KYC00835,C00771,Onboarding,Standard,Business Due Diligence,AN023,2025-02-27,2025-03-02,10,3.0,N,Y,Y,Y,N/A,N/A,Approved,,Y,2.0
KYC00836,C00772,Onboarding,Standard,KYC Onboarding,AN005,2025-06-13,2025-06-17,10,4.0,N,Y,Y,Y,N/A,N/A,Approved,,Y,2.6
KYC00837,C00773,Onboarding,Standard,Business Due Diligence,AN025,2024-11-04,2024-11-09,10,5.0,N,Y,Y,Y,N/A,N/A,Approved,,Y,3.8
KYC00838,C00774,Onboarding,Standard,KYC Onboarding,AN010,2025-11-30,2025-12-02,10,2.0,N,Y,Y,Y,N/A,N/A,Approved,,Y,0.8
KYC00839,C00775,Onboarding,Standard,Business Due Diligence,AN026,2024-01-24,2024-01-26,10,2.0,N,Y,Y,Y,N/A,N/A,Approved,,Y,1.6
KYC00840,C00776,Onboarding,Standard,Business Due Diligence,AN026,2024-07-31,2024-08-12,10,12.0,Y,Y,Y,Y,N/A,N/A,Approved,,Y,6.2
KYC00841,C00777,Onboarding,Standard,KYC Onboarding,AN006,2025-05-22,2025-05-24,10,2.0,N,Y,Y,Y,N/A,N/A,Approved,,Y,1.5
KYC00842,C00778,Onboarding,Standard,KYC Onboarding,AN002,2025-07-26,2025-08-08,10,13.0,Y,Y,Y,Y,N/A,N/A,Approved,,N,5.5
KYC00843,C00779,Onboarding,Standard,KYC Onboarding,AN004,2024-06-26,2024-06-27,10,1.0,N,Y,Y,Y,N/A,N/A,Approved,,Y,0.8
KYC00844,C00780,Onboarding,Standard,KYC Onboarding,AN002,2025-08-07,2025-08-08,10,1.0,N,Y,Y,N,N/A,N/A,Approved,,Y,0.6
KYC00845,C00781,Onboarding,Standard,KYC Onboarding,AN004,2024-11-30,2024-12-15,10,15.0,Y,Y,Y,Y,N/A,N/A,Approved,,Y,7.7
KYC00846,C00782,Onboarding,Simplified,KYC Onboarding,AN010,2025-09-15,2025-09-23,5,8.0,Y,Y,N,N,N/A,N/A,Approved,,Y,4.7
KYC00847,C00783,Onboarding,Standard,Business Due Diligence,AN025,2024-07-12,2024-07-28,10,16.0,Y,Y,Y,Y,N/A,N/A,Approved,,Y,7.7
KYC00848,C00784,Onboarding,Standard,KYC Onboarding,AN005,2025-05-19,2025-05-25,10,6.0,N,Y,Y,N,N/A,N/A,Approved,,Y,5.2
KYC00849,C00785,Onboarding,Standard,KYC Onboarding,AN010,2024-05-27,2024-06-02,10,6.0,N,Y,Y,Y,N/A,N/A,Approved,,Y,5.0
KYC00850,C00786,Onboarding,Standard,KYC Onboarding,AN010,2024-04-10,2024-04-16,10,6.0,N,Y,Y,Y,N/A,N/A,Approved,,Y,4.4
KYC00851,C00787,Onboarding,Simplified,KYC Onboarding,AN009,2025-05-28,2025-05-30,5,2.0,N,Y,Y,Y,N/A,N/A,Approved,,Y,1.7
KYC00852,C00788,Onboarding,Standard,KYC Onboarding,AN008,2025-05-11,2025-05-18,10,7.0,N,Y,Y,Y,N/A,N/A,Approved,,Y,6.2
KYC00853,C00789,Onboarding,Standard,KYC Onboarding,AN001,2024-08-02,2024-08-03,10,1.0,N,Y,N,Y,N/A,N/A,Approved,,Y,0.6
KYC00854,C00790,Onboarding,Simplified,KYC Onboarding,AN008,2025-03-17,2025-03-21,5,4.0,N,Y,N,Y,N/A,N/A,Approved,,Y,2.2
KYC00855,C00791,Onboarding,Standard,KYC Onboarding,AN007,2025-11-19,2025-11-23,10,4.0,N,Y,Y,N,N/A,N/A,Approved,,Y,3.0
KYC00856,C00792,Onboarding,Standard,Business Due Diligence,AN024,2024-08-28,2024-09-03,10,6.0,N,Y,Y,Y,N/A,N/A,Approved,,Y,5.4
KYC00857,C00793,Onboarding,Standard,KYC Onboarding,AN006,2025-01-01,2025-01-07,10,6.0,N,Y,Y,Y,N/A,N/A,Approved,,Y,2.9
KYC00858,C00794,Onboarding,Standard,KYC Onboarding,AN008,2024-05-30,2024-06-10,10,11.0,Y,Y,Y,Y,N/A,N/A,Approved,,Y,9.7
KYC00859,C00794,Trigger Event Review,Standard,KYC Periodic Review,AN014,2025-06-20,2025-06-27,10,7.0,N,Y,N,Y,N/A,N/A,Approved,,Y,5.5
KYC00860,C00795,Onboarding,Standard,Business Due Diligence,AN024,2025-01-11,2025-01-24,10,13.0,Y,Y,Y,Y,N/A,N/A,Approved,,N,5.3
KYC00861,C00796,Onboarding,Standard,Business Due Diligence,AN026,2025-10-08,2025-10-11,10,3.0,N,Y,Y,Y,N/A,N/A,Approved,,N,2.0
KYC00862,C00797,Onboarding,Simplified,KYC Onboarding,AN006,2025-04-07,2025-04-12,5,5.0,N,Y,Y,N,N/A,N/A,Approved,,Y,4.0
KYC00864,C00798,Onboarding,Standard,KYC Onboarding,AN005,2024-04-11,2024-04-21,10,10.0,N,Y,Y,N,N/A,N/A,Approved,,Y,6.4
KYC00865,C00798,Trigger Event Review,Simplified,KYC Periodic Review,AN011,2024-05-19,2024-05-20,5,1.0,N,Y,Y,Y,N/A,N/A,Escalated to Compliance,,Y,0.6
KYC00866,C00799,Onboarding,Simplified,KYC Onboarding,AN008,2025-06-24,2025-06-30,5,6.0,Y,Y,Y,N,N/A,N/A,Approved,,N,5.4
KYC00867,C00800,Onboarding,Standard,KYC Onboarding,AN003,2024-11-03,2024-11-09,10,6.0,N,Y,Y,Y,N/A,N/A,Approved,,Y,5.4
KYC00868,C00801,Onboarding,Simplified,KYC Onboarding,AN002,2024-01-14,2024-01-15,5,1.0,N,Y,Y,Y,N/A,N/A,Approved,,Y,0.7
KYC00869,C00802,Onboarding,Standard,KYC Onboarding,AN010,2025-03-31,2025-04-03,10,3.0,N,Y,Y,N,N/A,N/A,Approved,,Y,1.9
KYC00870,C00803,Onboarding,Simplified,KYC Onboarding,AN001,2024-08-06,2024-08-11,5,5.0,N,Y,Y,Y,N/A,N/A,Approved,,N,3.9
KYC00871,C00804,Onboarding,Standard,KYC Onboarding,AN003,2025-12-09,2025-12-18,10,9.0,N,Y,Y,N,N/A,N/A,Approved,,Y,6.3
KYC00872,C00805,Onboarding,Standard,Business Due Diligence,AN022,2025-12-24,,10,,,Y,Y,N,N/A,N/A,Pending,,,0.0
KYC00873,C00806,Onboarding,Simplified,KYC Onboarding,AN007,2025-05-01,2025-05-03,5,2.0,N,Y,Y,N,N/A,N/A,Approved,,Y,1.3
KYC00874,C00807,Onboarding,Simplified,KYC Onboarding,AN002,2025-04-02,2025-04-03,5,1.0,N,Y,N,N,N/A,N/A,Approved,,Y,0.7
KYC00875,C00808,Onboarding,Standard,KYC Onboarding,AN010,2024-08-07,2024-08-12,10,5.0,N,Y,Y,Y,N/A,N/A,Approved,,Y,3.0
KYC00876,C00809,Onboarding,Standard,KYC Onboarding,AN002,2024-02-19,2024-02-20,10,1.0,N,Y,N,Y,N/A,N/A,Approved,,Y,0.5
KYC00877,C00810,Onboarding,Simplified,KYC Onboarding,AN003,2024-02-11,2024-02-12,5,1.0,N,Y,Y,Y,N/A,N/A,Approved,,Y,0.9
KYC00878,C00811,Onboarding,Standard,Business Due Diligence,AN026,2024-12-02,2024-12-03,10,1.0,N,Y,Y,Y,N/A,N/A,Approved,,Y,0.7
KYC00879,C00812,Onboarding,Enhanced,Enhanced Due Diligence,AN019,2024-08-18,2024-08-29,30,11.0,N,N,Y,N,Y,Y,Approved,,N,6.9
KYC00880,C00812,Periodic Review,Enhanced,Enhanced Due Diligence,AN019,2025-08-18,2025-09-04,30,17.0,N,Y,Y,Y,Y,Y,Approved,,Y,11.5
KYC00881,C00813,Onboarding,Standard,Business Due Diligence,AN025,2025-11-29,2025-12-03,10,4.0,N,Y,Y,N,N/A,N/A,Approved,,Y,2.4
KYC00882,C00814,Onboarding,Standard,Business Due Diligence,AN022,2024-08-01,2024-08-08,10,7.0,N,Y,Y,Y,N/A,N/A,Approved,,Y,3.2
KYC00883,C00814,Trigger Event Review,Standard,Business Due Diligence,AN026,2025-01-22,2025-01-27,10,5.0,N,Y,Y,Y,N/A,N/A,Approved,,Y,4.1
KYC00884,C00815,Onboarding,Standard,Business Due Diligence,AN022,2024-06-01,2024-06-02,10,1.0,N,Y,Y,Y,N/A,N/A,Approved,,Y,0.8
KYC00885,C00816,Onboarding,Standard,Business Due Diligence,AN022,2025-08-21,2025-08-25,10,4.0,N,Y,Y,Y,N/A,N/A,Approved,,Y,2.5
KYC00886,C00817,Onboarding,Standard,KYC Onboarding,AN009,2025-08-30,2025-09-06,10,7.0,N,Y,Y,N,N/A,N/A,Approved,,Y,3.9
KYC00887,C00818,Onboarding,Standard,KYC Onboarding,AN001,2024-09-29,2024-10-01,10,2.0,N,Y,Y,Y,N/A,N/A,Approved,,Y,1.3
KYC00888,C00819,Onboarding,Standard,KYC Onboarding,AN005,2024-02-25,2024-03-11,10,15.0,Y,Y,Y,Y,N/A,N/A,Approved,,N,10.6
KYC00889,C00820,Onboarding,Standard,KYC Onboarding,AN008,2024-03-12,2024-03-15,10,3.0,N,Y,Y,Y,N/A,N/A,Approved,,N,1.5
KYC00890,C00821,Onboarding,Simplified,KYC Onboarding,AN007,2025-01-13,2025-01-15,5,2.0,N,Y,Y,Y,N/A,N/A,Approved,,Y,1.1
KYC00891,C00822,Onboarding,Enhanced,Enhanced Due Diligence,AN021,2025-09-27,2025-10-24,30,27.0,N,Y,Y,Y,Y,Y,Approved,,Y,22.2
KYC00892,C00823,Onboarding,Simplified,KYC Onboarding,AN005,2024-10-05,2024-10-08,5,3.0,N,Y,Y,Y,N/A,N/A,Approved,,Y,2.0
KYC00893,C00824,Onboarding,Standard,KYC Onboarding,AN007,2024-01-14,2024-01-15,10,1.0,N,Y,Y,N,N/A,N/A,Approved,,Y,0.7
KYC00894,C00825,Onboarding,Standard,KYC Onboarding,AN005,2024-09-30,2024-10-04,10,4.0,N,Y,Y,Y,N/A,N/A,Approved,,Y,1.9
KYC00895,C00826,Onboarding,Standard,KYC Onboarding,AN003,2023-12-31,2024-01-03,10,3.0,N,Y,Y,Y,N/A,N/A,Approved,,Y,2.2
KYC00896,C00827,Onboarding,Standard,KYC Onboarding,AN004,2024-11-05,2024-11-08,10,3.0,N,Y,Y,Y,N/A,N/A,Approved,,Y,1.3
KYC00897,C00828,Onboarding,Enhanced,Enhanced Due Diligence,AN018,2024-12-10,2024-12-27,30,17.0,N,Y,Y,Y,Y,Y,Approved,,N,15.1
KYC00898,C00828,Periodic Review,Enhanced,Enhanced Due Diligence,AN019,2025-11-24,2025-12-01,30,7.0,N,Y,N,Y,Y,Y,Approved,,Y,3.1
KYC00899,C00829,Onboarding,Standard,KYC Onboarding,AN005,2025-06-14,2025-06-16,10,2.0,N,Y,Y,Y,N/A,N/A,Approved,,Y,1.7
KYC00900,C00830,Onboarding,Standard,Business Due Diligence,AN022,2024-02-18,2024-02-25,10,7.0,N,Y,Y,Y,N/A,N/A,Approved,,Y,4.0
KYC00901,C00831,Onboarding,Standard,KYC Onboarding,AN001,2024-12-15,2024-12-20,10,5.0,N,Y,Y,Y,N/A,N/A,Approved,,Y,2.2
KYC00902,C00832,Onboarding,Simplified,KYC Onboarding,AN009,2024-05-09,2024-05-10,5,1.0,N,Y,Y,N,N/A,N/A,Approved,,Y,0.9
KYC00903,C00833,Onboarding,Standard,KYC Onboarding,AN005,2024-12-02,2024-12-06,10,4.0,N,Y,Y,Y,N/A,N/A,Approved,,N,1.7
KYC00904,C00834,Onboarding,Standard,Business Due Diligence,AN024,2025-12-21,2025-12-26,10,5.0,N,Y,Y,Y,N/A,N/A,Approved,,N,3.9
KYC00905,C00835,Onboarding,Standard,Business Due Diligence,AN025,2025-06-22,2025-06-24,10,2.0,N,Y,Y,Y,N/A,N/A,Approved,,Y,1.6
KYC00906,C00836,Onboarding,Simplified,KYC Onboarding,AN001,2025-09-07,2025-09-10,5,3.0,N,Y,Y,N,N/A,N/A,Approved,,Y,2.6
KYC00907,C00837,Onboarding,Standard,Business Due Diligence,AN024,2024-01-27,2024-02-07,10,11.0,Y,Y,Y,Y,N/A,N/A,Approved,,Y,5.3
KYC00908,C00838,Onboarding,Simplified,KYC Onboarding,AN010,2025-07-08,2025-07-10,5,2.0,N,Y,Y,N,N/A,N/A,Approved,,Y,1.2
KYC00909,C00839,Onboarding,Enhanced,Enhanced Due Diligence,AN017,2025-09-22,2025-10-15,30,23.0,N,Y,Y,Y,Y,Y,Approved,,Y,13.5
KYC00910,C00840,Onboarding,Standard,KYC Onboarding,AN007,2025-05-04,2025-05-21,10,17.0,Y,Y,Y,Y,N/A,N/A,Approved,,Y,9.0
KYC00911,C00841,Onboarding,Standard,KYC Onboarding,AN008,2025-07-22,2025-07-31,10,9.0,N,Y,Y,Y,N/A,N/A,Approved,,Y,4.7
KYC00912,C00842,Onboarding,Standard,Business Due Diligence,AN025,2024-02-04,2024-02-17,10,13.0,Y,Y,Y,N,N/A,N/A,Approved,,Y,6.1
KYC00913,C00843,Onboarding,Standard,KYC Onboarding,AN008,2025-06-24,2025-06-25,10,1.0,N,Y,Y,Y,N/A,N/A,Approved,,Y,0.6
KYC00914,C00844,Onboarding,Standard,KYC Onboarding,AN010,2025-08-30,2025-09-05,10,6.0,N,Y,Y,Y,N/A,N/A,Approved,,Y,3.2
KYC00915,C00845,Onboarding,Simplified,KYC Onboarding,AN006,2024-06-17,2024-06-18,5,1.0,N,Y,N,N,N/A,N/A,Approved,,Y,0.7
KYC00916,C00845,Trigger Event Review,Simplified,KYC Periodic Review,AN014,2025-05-27,2025-05-28,5,1.0,N,Y,Y,Y,N/A,N/A,Approved,,Y,0.9
KYC00917,C00846,Onboarding,Simplified,KYC Onboarding,AN002,2024-12-10,2024-12-11,5,1.0,N,Y,Y,Y,N/A,N/A,Approved,,N,0.8
KYC00918,C00847,Onboarding,Standard,Business Due Diligence,AN023,2024-11-01,2024-11-21,10,20.0,Y,Y,Y,Y,N/A,N/A,Approved,,Y,17.1
KYC00919,C00848,Onboarding,Enhanced,Enhanced Due Diligence,AN018,2024-03-12,2024-03-24,30,12.0,N,Y,Y,Y,Y,N,Rejected,Unacceptable risk appetite,Y,5.6
KYC00920,C00848,Periodic Review,Enhanced,Enhanced Due Diligence,AN017,2025-03-16,2025-03-25,30,9.0,N,Y,Y,Y,Y,Y,Approved,,Y,7.7
KYC00921,C00849,Onboarding,Enhanced,Enhanced Due Diligence,AN018,2024-04-03,2024-04-08,30,5.0,N,Y,Y,Y,Y,Y,Approved,,Y,2.7
KYC00922,C00849,Periodic Review,Enhanced,Enhanced Due Diligence,AN021,2025-03-24,2025-06-02,30,70.0,Y,Y,Y,Y,Y,N,Rejected,Adverse media,Y,62.4
KYC00923,C00850,Onboarding,Standard,KYC Onboarding,AN006,2024-08-06,2024-08-14,10,8.0,N,Y,Y,N,N/A,N/A,Approved,,Y,7.0
KYC00924,C00851,Onboarding,Standard,KYC Onboarding,AN001,2024-03-18,2024-03-19,10,1.0,N,Y,Y,N,N/A,N/A,Approved,,Y,0.5
KYC00925,C00852,Onboarding,Simplified,KYC Onboarding,AN004,2024-12-29,2024-12-30,5,1.0,N,Y,Y,Y,N/A,N/A,Approved,,Y,0.8
KYC00926,C00853,Onboarding,Standard,KYC Onboarding,AN006,2024-02-10,2024-02-21,10,11.0,Y,Y,Y,Y,N/A,N/A,Approved,,N,6.6
KYC00927,C00854,Onboarding,Simplified,KYC Onboarding,AN005,2024-01-09,2024-01-13,5,4.0,N,Y,Y,Y,N/A,N/A,Approved,,Y,2.7
KYC00928,C00855,Onboarding,Standard,Business Due Diligence,AN026,2025-03-31,2025-04-01,10,1.0,N,Y,Y,Y,N/A,N/A,Approved,,Y,0.6
KYC00929,C00856,Onboarding,Enhanced,Enhanced Due Diligence,AN020,2024-06-29,2024-08-02,30,34.0,Y,Y,Y,Y,Y,Y,Approved,,Y,21.9
KYC00930,C00856,Periodic Review,Enhanced,Enhanced Due Diligence,AN019,2025-07-08,2025-08-31,30,54.0,Y,Y,Y,Y,Y,N,Escalated to Compliance,,Y,40.1
KYC00931,C00857,Onboarding,Standard,Business Due Diligence,AN025,2024-10-02,2024-10-05,10,3.0,N,Y,Y,Y,N/A,N/A,Approved,,Y,2.6
KYC00932,C00858,Onboarding,Standard,KYC Onboarding,AN007,2024-09-01,2024-09-02,10,1.0,N,Y,Y,Y,N/A,N/A,Approved,,Y,0.6
KYC00933,C00859,Onboarding,Simplified,KYC Onboarding,AN006,2024-12-04,2024-12-05,5,1.0,N,Y,Y,N,N/A,N/A,Approved,,Y,0.7
KYC00934,C00860,Onboarding,Standard,KYC Onboarding,AN008,2024-12-02,2024-12-25,10,23.0,Y,Y,Y,Y,N/A,N/A,Approved,,Y,18.6
KYC00935,C00861,Onboarding,Standard,KYC Onboarding,AN008,2024-04-07,2024-04-12,10,5.0,N,Y,Y,Y,N/A,N/A,Rejected,Customer withdrew,N,2.3
KYC00936,C00862,Onboarding,Standard,KYC Onboarding,AN001,2023-12-29,2024-01-09,10,11.0,Y,N,Y,Y,N/A,N/A,Approved,,Y,7.5
KYC00937,C00863,Onboarding,Standard,KYC Onboarding,AN006,2024-11-17,2024-12-01,10,14.0,Y,Y,Y,Y,N/A,N/A,Approved,,Y,11.2
KYC00938,C00864,Onboarding,Standard,KYC Onboarding,AN009,2025-02-16,2025-02-17,10,1.0,N,Y,N,Y,N/A,N/A,Approved,,N,0.8
KYC00939,C00864,Trigger Event Review,Standard,KYC Periodic Review,AN014,2025-10-19,2025-10-31,10,12.0,Y,Y,Y,Y,N/A,N/A,Approved,,Y,10.0
KYC00940,C00865,Onboarding,Enhanced,Enhanced Due Diligence,AN018,2025-07-12,2025-07-30,30,18.0,N,Y,Y,Y,Y,Y,Approved,,Y,13.5
KYC00941,C00866,Onboarding,Simplified,KYC Onboarding,AN003,2024-05-20,2024-05-22,5,2.0,N,Y,Y,N,N/A,N/A,Approved,,Y,1.2
KYC00942,C00867,Onboarding,Standard,Business Due Diligence,AN025,2024-03-02,2024-03-08,10,6.0,N,Y,Y,N,N/A,N/A,Approved,,Y,3.2
KYC00943,C00868,Onboarding,Standard,KYC Onboarding,AN006,2025-03-11,2025-03-14,10,3.0,N,Y,Y,Y,N/A,N/A,Approved,,Y,1.4
KYC00944,C00869,Onboarding,Simplified,KYC Onboarding,AN003,2025-10-19,2025-10-21,5,2.0,N,Y,Y,Y,N/A,N/A,Approved,,Y,1.7
KYC00945,C00870,Onboarding,Standard,KYC Onboarding,AN003,2024-06-23,2024-07-04,10,11.0,Y,Y,Y,Y,N/A,N/A,Approved,,Y,9.2
KYC00946,C00871,Onboarding,Standard,KYC Onboarding,AN001,2024-03-01,2024-03-03,10,2.0,N,N,Y,Y,N/A,N/A,Approved,,Y,0.9
KYC00947,C00872,Onboarding,Standard,KYC Onboarding,AN008,2024-10-19,2024-10-23,10,4.0,N,Y,Y,Y,N/A,N/A,Approved,,Y,2.2
KYC00948,C00873,Onboarding,Standard,KYC Onboarding,AN006,2025-02-09,2025-03-01,10,20.0,Y,Y,Y,N,N/A,N/A,Approved,,Y,14.9
KYC00949,C00874,Onboarding,Standard,Business Due Diligence,AN026,2025-03-29,2025-04-14,10,16.0,Y,Y,Y,Y,N/A,N/A,Approved,,Y,11.2
KYC00950,C00875,Onboarding,Standard,KYC Onboarding,AN003,2024-03-23,2024-03-28,10,5.0,N,Y,Y,Y,N/A,N/A,Approved,,Y,2.5
KYC00951,C00876,Onboarding,Standard,KYC Onboarding,AN010,2025-04-23,2025-04-30,10,7.0,N,Y,Y,Y,N/A,N/A,Approved,,Y,4.7
KYC00952,C00877,Onboarding,Simplified,KYC Onboarding,AN002,2024-09-03,2024-09-07,5,4.0,N,Y,Y,N,N/A,N/A,Approved,,Y,3.4
KYC00953,C00878,Onboarding,Standard,KYC Onboarding,AN009,2024-01-23,2024-01-30,10,7.0,N,Y,Y,Y,N/A,N/A,Approved,,Y,6.0
KYC00954,C00879,Onboarding,Simplified,KYC Onboarding,AN003,2025-11-03,2025-11-05,5,2.0,N,Y,Y,Y,N/A,N/A,Approved,,Y,0.8
KYC00955,C00880,Onboarding,Standard,KYC Onboarding,AN001,2025-01-23,2025-02-10,10,18.0,Y,Y,Y,Y,N/A,N/A,Rejected,Unacceptable risk appetite,Y,7.8
KYC00956,C00881,Onboarding,Standard,Business Due Diligence,AN024,2024-08-09,2024-08-15,10,6.0,N,Y,Y,Y,N/A,N/A,Approved,,Y,5.3
KYC00957,C00882,Onboarding,Standard,Business Due Diligence,AN026,2025-08-19,2025-09-11,10,23.0,Y,Y,Y,Y,N/A,N/A,Approved,,Y,19.9
KYC00958,C00883,Onboarding,Standard,Business Due Diligence,AN025,2025-08-03,2025-08-06,10,3.0,N,Y,Y,Y,N/A,N/A,Approved,,Y,1.6
KYC00959,C00884,Onboarding,Simplified,KYC Onboarding,AN005,2024-05-29,2024-05-31,5,2.0,N,Y,Y,N,N/A,N/A,Approved,,Y,0.8
KYC00960,C00885,Onboarding,Simplified,KYC Onboarding,AN008,2025-12-02,2025-12-04,5,2.0,N,N,Y,N,N/A,N/A,Approved,,Y,0.9
KYC00961,C00886,Onboarding,Enhanced,Enhanced Due Diligence,AN017,2025-01-20,2025-01-22,30,2.0,N,Y,Y,Y,Y,Y,Approved,,Y,0.8
KYC00962,C00887,Onboarding,Standard,KYC Onboarding,AN004,2024-07-10,2024-07-17,10,7.0,N,Y,Y,N,N/A,N/A,Approved,,Y,5.6
KYC00963,C00888,Onboarding,Standard,KYC Onboarding,AN002,2024-11-23,2024-12-06,10,13.0,Y,Y,Y,N,N/A,N/A,Approved,,Y,8.1
KYC00964,C00889,Onboarding,Standard,KYC Onboarding,AN005,2024-05-16,2024-05-23,10,7.0,N,Y,Y,Y,N/A,N/A,Approved,,Y,4.8
KYC00965,C00890,Onboarding,Standard,Business Due Diligence,AN022,2025-09-13,2025-09-19,10,6.0,N,Y,Y,Y,N/A,N/A,Rejected,Source of funds unclear,Y,5.3
KYC00966,C00891,Onboarding,Standard,KYC Onboarding,AN010,2024-07-11,2024-07-13,10,2.0,N,Y,Y,Y,N/A,N/A,Approved,,Y,0.8
KYC00967,C00892,Onboarding,Standard,Business Due Diligence,AN022,2024-11-14,2024-11-19,10,5.0,N,Y,Y,Y,N/A,N/A,Approved,,Y,4.1
KYC00968,C00893,Onboarding,Standard,Business Due Diligence,AN025,2024-02-16,2024-02-26,10,10.0,N,N,Y,Y,N/A,N/A,Approved,,Y,6.5
KYC00969,C00894,Onboarding,Standard,KYC Onboarding,AN010,2025-11-20,2025-11-28,10,8.0,N,Y,Y,Y,N/A,N/A,Approved,,Y,6.5
KYC00970,C00895,Onboarding,Standard,Business Due Diligence,AN025,2024-08-07,2024-08-13,10,6.0,N,N,Y,Y,N/A,N/A,Approved,,Y,3.0
KYC00971,C00896,Onboarding,Standard,KYC Onboarding,AN002,2025-04-20,2025-04-24,10,4.0,N,Y,Y,N,N/A,N/A,Approved,,Y,3.3
KYC00972,C00897,Onboarding,Enhanced,Enhanced Due Diligence,AN019,2024-09-14,2024-11-02,30,49.0,Y,Y,Y,Y,Y,Y,Approved,,Y,31.3
KYC00973,C00897,Periodic Review,Enhanced,Enhanced Due Diligence,AN019,2025-09-16,2025-09-23,30,7.0,N,Y,Y,Y,N,N,Rejected,Source of funds unclear,Y,5.1
KYC00974,C00898,Onboarding,Standard,KYC Onboarding,AN001,2025-02-11,2025-02-16,10,5.0,N,Y,Y,N,N/A,N/A,Approved,,Y,4.0
KYC00975,C00899,Onboarding,Standard,Business Due Diligence,AN025,2025-02-09,2025-02-20,10,11.0,Y,Y,Y,N,N/A,N/A,Approved,,Y,4.7
KYC00976,C00900,Onboarding,Standard,KYC Onboarding,AN008,2024-07-31,2024-08-10,10,10.0,N,Y,Y,Y,N/A,N/A,Rejected,Sanctions match,Y,8.3
KYC00977,C00901,Onboarding,Simplified,KYC Onboarding,AN010,2024-11-08,2024-11-11,5,3.0,N,Y,Y,N,N/A,N/A,Approved,,Y,1.3
KYC00978,C00902,Onboarding,Simplified,KYC Onboarding,AN010,2025-03-10,2025-03-15,5,5.0,N,Y,Y,Y,N/A,N/A,Approved,,Y,4.2
KYC00979,C00903,Onboarding,Standard,KYC Onboarding,AN010,2024-06-03,2024-06-04,10,1.0,N,Y,Y,Y,N/A,N/A,Approved,,Y,0.6
KYC00980,C00904,Onboarding,Standard,KYC Onboarding,AN005,2024-04-04,2024-04-14,10,10.0,N,Y,Y,Y,N/A,N/A,Approved,,Y,8.9
KYC00981,C00905,Onboarding,Simplified,KYC Onboarding,AN005,2024-05-07,2024-05-13,5,6.0,Y,Y,Y,N,N/A,N/A,Escalated to Compliance,,Y,2.8
KYC00982,C00906,Onboarding,Standard,KYC Onboarding,AN005,2024-10-30,2024-11-06,10,7.0,N,Y,Y,Y,N/A,N/A,Approved,,Y,5.5
KYC00983,C00907,Onboarding,Enhanced,Enhanced Due Diligence,AN018,2024-06-04,2024-06-28,30,24.0,N,Y,Y,Y,Y,Y,Approved,,Y,16.6
KYC00984,C00907,Periodic Review,Enhanced,Enhanced Due Diligence,AN020,2025-06-21,2025-07-28,30,37.0,Y,Y,Y,Y,Y,Y,Approved,,Y,23.6
KYC00985,C00908,Onboarding,Standard,KYC Onboarding,AN010,2024-07-23,2024-07-27,10,4.0,N,Y,Y,Y,N/A,N/A,Approved,,Y,2.9
KYC00986,C00909,Onboarding,Standard,Business Due Diligence,AN025,2025-05-12,2025-05-28,10,16.0,Y,Y,Y,Y,N/A,N/A,Approved,,Y,10.4
KYC00987,C00910,Onboarding,Standard,KYC Onboarding,AN003,2025-05-04,2025-05-14,10,10.0,N,N,Y,Y,N/A,N/A,Approved,,Y,7.9
KYC00988,C00911,Onboarding,Standard,KYC Onboarding,AN009,2025-11-20,2025-11-23,10,3.0,N,N,Y,Y,N/A,N/A,Approved,,Y,2.2
KYC00989,C00912,Onboarding,Standard,KYC Onboarding,AN004,2025-07-10,2025-07-13,10,3.0,N,Y,Y,Y,N/A,N/A,Approved,,Y,1.5
KYC00990,C00913,Onboarding,Standard,KYC Onboarding,AN002,2024-11-06,2024-11-12,10,6.0,N,Y,Y,Y,N/A,N/A,Approved,,Y,2.6
KYC00991,C00914,Onboarding,Standard,Business Due Diligence,AN024,2025-11-09,2025-11-29,10,20.0,Y,Y,Y,Y,N/A,N/A,Approved,,Y,15.7
KYC00992,C00915,Onboarding,Standard,KYC Onboarding,AN008,2025-11-01,2025-11-02,10,1.0,N,Y,Y,Y,N/A,N/A,Approved,,Y,0.4
KYC00993,C00916,Onboarding,Standard,KYC Onboarding,AN010,2024-06-10,2024-06-18,10,8.0,N,Y,Y,Y,N/A,N/A,Approved,,Y,4.7
KYC00994,C00916,Trigger Event Review,Standard,KYC Periodic Review,AN016,2025-05-09,2025-06-03,10,25.0,Y,Y,Y,Y,N/A,N/A,Approved,,Y,12.8
KYC00995,C00917,Onboarding,Standard,KYC Onboarding,AN007,2024-05-05,2024-05-12,10,7.0,N,Y,Y,Y,N/A,N/A,Approved,,Y,3.0
KYC00996,C00918,Onboarding,Enhanced,Enhanced Due Diligence,AN020,2025-10-08,2025-10-25,30,17.0,N,Y,Y,Y,Y,Y,Approved,,Y,7.2
KYC00997,C00919,Onboarding,Simplified,KYC Onboarding,AN004,2025-10-12,2025-10-13,5,1.0,N,Y,Y,N,N/A,N/A,Approved,,Y,0.7
KYC00999,C00920,Onboarding,Simplified,KYC Onboarding,AN010,2025-09-10,2025-09-15,5,5.0,N,Y,Y,N,N/A,N/A,Approved,,Y,2.1
KYC01000,C00921,Onboarding,Standard,Business Due Diligence,AN026,2024-11-28,2024-12-05,10,7.0,N,Y,Y,Y,N/A,N/A,Approved,,Y,2.9
KYC01001,C00922,Onboarding,Standard,Business Due Diligence,AN026,2025-09-18,2025-10-02,10,14.0,Y,Y,Y,Y,N/A,N/A,Approved,,Y,11.3
KYC01002,C00923,Onboarding,Standard,Business Due Diligence,AN023,2025-07-15,2025-07-23,10,8.0,N,Y,N,N,N/A,N/A,Approved,,Y,6.5
KYC01003,C00924,Onboarding,Simplified,KYC Onboarding,AN001,2025-06-24,2025-06-26,5,2.0,N,Y,Y,Y,N/A,N/A,Approved,,Y,0.9
KYC01004,C00925,Onboarding,Standard,KYC Onboarding,AN007,2025-03-16,2025-03-19,10,3.0,N,Y,Y,N,N/A,N/A,Approved,,Y,1.8
KYC01005,C00926,Onboarding,Standard,KYC Onboarding,AN005,2024-07-10,2024-07-14,10,4.0,N,Y,Y,N,N/A,N/A,Approved,,Y,3.5
KYC01006,C00927,Onboarding,Standard,Business Due Diligence,AN026,2025-06-28,2025-07-08,10,10.0,N,Y,Y,N,N/A,N/A,Escalated to Compliance,,Y,5.2
KYC01007,C00928,Onboarding,Simplified,KYC Onboarding,AN008,2025-10-02,2025-10-06,5,4.0,N,Y,Y,Y,N/A,N/A,Approved,,Y,2.7
KYC01008,C00929,Onboarding,Standard,Business Due Diligence,AN026,2025-10-08,2025-10-12,10,4.0,N,Y,Y,Y,N/A,N/A,Rejected,Adverse media,Y,2.4
KYC01009,C00930,Onboarding,Standard,KYC Onboarding,AN001,2025-03-12,2025-03-13,10,1.0,N,Y,Y,Y,N/A,N/A,Approved,,Y,0.5
KYC01010,C00931,Onboarding,Standard,KYC Onboarding,AN006,2024-01-27,2024-01-31,10,4.0,N,Y,Y,Y,N/A,N/A,Approved,,Y,2.0
KYC01011,C00932,Onboarding,Standard,Business Due Diligence,AN026,2025-06-21,2025-07-04,10,13.0,Y,Y,Y,Y,N/A,N/A,Approved,,Y,7.5
KYC01012,C00933,Onboarding,Standard,KYC Onboarding,AN003,2024-07-02,2024-07-05,10,3.0,N,N,Y,Y,N/A,N/A,Approved,,Y,1.6
KYC01013,C00934,Onboarding,Standard,Business Due Diligence,AN024,2024-05-27,2024-05-29,10,2.0,N,Y,Y,Y,N/A,N/A,Approved,,N,1.4
KYC01014,C00935,Onboarding,Simplified,KYC Onboarding,AN010,2024-02-24,2024-02-25,5,1.0,N,Y,Y,N,N/A,N/A,Approved,,Y,0.4
KYC01015,C00936,Onboarding,Standard,KYC Onboarding,AN005,2024-04-25,2024-05-07,10,12.0,Y,Y,Y,Y,N/A,N/A,Approved,,Y,9.8
KYC01016,C00937,Onboarding,Standard,KYC Onboarding,AN009,2024-12-21,2024-12-25,10,4.0,N,Y,Y,N,N/A,N/A,Approved,,Y,3.3
KYC01017,C00938,Onboarding,Standard,KYC Onboarding,AN004,2024-07-17,2024-07-22,10,5.0,N,Y,Y,Y,N/A,N/A,Approved,,Y,3.9
KYC01018,C00939,Onboarding,Standard,KYC Onboarding,AN010,2024-10-03,2024-10-04,10,1.0,N,Y,Y,Y,N/A,N/A,Approved,,Y,0.7
KYC01019,C00940,Onboarding,Standard,KYC Onboarding,AN005,2025-01-04,2025-01-07,10,3.0,N,N,N,Y,N/A,N/A,Approved,,Y,2.6
KYC01020,C00941,Onboarding,Standard,KYC Onboarding,AN006,2025-01-18,2025-01-26,10,8.0,N,Y,Y,Y,N/A,N/A,Approved,,Y,5.1
KYC01021,C00942,Onboarding,Standard,KYC Onboarding,AN001,2024-10-27,2024-10-30,10,3.0,N,Y,Y,Y,N/A,N/A,Approved,,Y,1.3
KYC01022,C00943,Onboarding,Standard,KYC Onboarding,AN004,2024-11-24,2024-12-02,10,8.0,N,Y,Y,Y,N/A,N/A,Approved,,N,4.2
KYC01023,C00944,Onboarding,Standard,KYC Onboarding,AN008,2025-10-10,2025-10-17,10,7.0,N,Y,Y,Y,N/A,N/A,Approved,,Y,4.7
KYC01024,C00945,Onboarding,Standard,KYC Onboarding,AN007,2024-07-21,2024-07-23,10,2.0,N,Y,Y,Y,N/A,N/A,Approved,,Y,0.9
KYC01025,C00946,Onboarding,Standard,KYC Onboarding,AN010,2024-01-06,2024-01-11,10,5.0,N,Y,Y,N,N/A,N/A,Approved,,Y,3.5
KYC01026,C00947,Onboarding,Standard,KYC Onboarding,AN001,2025-08-03,2025-08-06,10,3.0,N,Y,N,N,N/A,N/A,Approved,,Y,2.3
KYC01027,C00948,Onboarding,Standard,Business Due Diligence,AN026,2024-02-26,2024-02-29,10,3.0,N,Y,Y,Y,N/A,N/A,Approved,,Y,2.5
KYC01028,C00949,Onboarding,Enhanced,Enhanced Due Diligence,AN021,2025-07-19,2025-08-30,30,42.0,Y,Y,Y,Y,Y,Y,Approved,,Y,33.2
KYC01029,C00950,Onboarding,Standard,KYC Onboarding,AN007,2024-08-25,2024-08-27,10,2.0,N,Y,Y,Y,N/A,N/A,Approved,,Y,1.6
KYC01030,C00951,Onboarding,Simplified,KYC Onboarding,AN003,2025-09-03,2025-09-04,5,1.0,N,Y,Y,Y,N/A,N/A,Approved,,Y,0.7
KYC01031,C00952,Onboarding,Simplified,KYC Onboarding,AN009,2024-04-29,2024-04-30,5,1.0,N,Y,Y,Y,N/A,N/A,Approved,,Y,0.6
KYC01032,C00953,Onboarding,Standard,KYC Onboarding,AN003,2024-04-27,2024-05-08,10,11.0,Y,Y,Y,Y,N/A,N/A,Approved,,N,7.4
KYC01033,C00954,Onboarding,Simplified,KYC Onboarding,AN009,2024-10-22,2024-10-23,5,1.0,N,N,Y,N,N/A,N/A,Approved,,Y,0.6
KYC01034,C00955,Onboarding,Standard,KYC Onboarding,AN004,2024-10-29,2024-11-02,10,4.0,N,Y,Y,Y,N/A,N/A,Approved,,Y,3.1
KYC01035,C00956,Onboarding,Standard,KYC Onboarding,AN003,2025-06-08,2025-06-29,10,21.0,Y,Y,Y,Y,N/A,N/A,Approved,,Y,17.7
KYC01036,C00957,Onboarding,Standard,Business Due Diligence,AN024,2025-04-16,2025-04-23,10,7.0,N,Y,Y,Y,N/A,N/A,Approved,,Y,3.6
KYC01037,C00958,Onboarding,Standard,KYC Onboarding,AN004,2025-12-27,2025-12-30,10,3.0,N,Y,Y,Y,N/A,N/A,Approved,,Y,1.3
KYC01038,C00959,Onboarding,Standard,KYC Onboarding,AN003,2025-05-09,2025-05-16,10,7.0,N,Y,Y,N,N/A,N/A,Approved,,Y,4.8
KYC01039,C00960,Onboarding,Standard,Business Due Diligence,AN025,2024-05-26,2024-06-05,10,10.0,N,Y,Y,N,N/A,N/A,Approved,,Y,6.6
KYC01040,C00961,Onboarding,Standard,Business Due Diligence,AN025,2024-03-03,2024-03-06,10,3.0,N,Y,Y,Y,N/A,N/A,Rejected,Incomplete documents,Y,2.3
KYC01041,C00962,Onboarding,Standard,KYC Onboarding,AN004,2024-07-13,2024-07-24,10,11.0,Y,Y,Y,Y,N/A,N/A,Approved,,Y,9.1
KYC01042,C00963,Onboarding,Simplified,KYC Onboarding,AN004,2025-12-15,2025-12-17,5,2.0,N,Y,Y,Y,N/A,N/A,Approved,,Y,1.5
KYC01043,C00964,Onboarding,Simplified,KYC Onboarding,AN004,2025-07-11,2025-07-15,5,4.0,N,Y,Y,N,N/A,N/A,Approved,,Y,3.3
KYC01044,C00965,Onboarding,Simplified,KYC Onboarding,AN001,2025-06-25,2025-06-26,5,1.0,N,Y,N,Y,N/A,N/A,Approved,,Y,0.4
KYC01045,C00966,Onboarding,Standard,Business Due Diligence,AN023,2024-07-15,2024-08-02,10,18.0,Y,Y,Y,Y,N/A,N/A,Approved,,Y,13.9
KYC01046,C00967,Onboarding,Standard,KYC Onboarding,AN001,2024-12-04,2024-12-09,10,5.0,N,Y,Y,Y,N/A,N/A,Approved,,Y,4.4
KYC01047,C00968,Onboarding,Standard,KYC Onboarding,AN008,2025-05-27,2025-05-29,10,2.0,N,Y,Y,N,N/A,N/A,Approved,,Y,1.4
KYC01048,C00969,Onboarding,Standard,KYC Onboarding,AN006,2025-11-22,2025-11-26,10,4.0,N,Y,Y,Y,N/A,N/A,Approved,,Y,2.9
KYC01049,C00970,Onboarding,Enhanced,Enhanced Due Diligence,AN017,2025-02-28,2025-03-21,30,21.0,N,Y,Y,N,Y,N,Escalated to Compliance,,Y,11.1
KYC01050,C00971,Onboarding,Standard,Business Due Diligence,AN022,2024-01-12,2024-01-23,10,11.0,Y,Y,Y,Y,N/A,N/A,Approved,,Y,6.0
KYC01051,C00972,Onboarding,Standard,KYC Onboarding,AN009,2025-09-13,2025-09-16,10,3.0,N,Y,Y,Y,N/A,N/A,Rejected,Source of funds unclear,Y,1.8
KYC01052,C00973,Onboarding,Standard,KYC Onboarding,AN001,2025-11-13,2025-11-17,10,4.0,N,Y,Y,Y,N/A,N/A,Approved,,Y,3.4
KYC01053,C00974,Onboarding,Standard,Business Due Diligence,AN023,2024-01-23,2024-01-24,10,1.0,N,Y,Y,Y,N/A,N/A,Approved,,Y,0.9
KYC01054,C00975,Onboarding,Enhanced,Enhanced Due Diligence,AN019,2024-10-13,2024-10-27,30,14.0,N,Y,Y,Y,Y,N,Rejected,Source of funds unclear,N,10.4
KYC01055,C00975,Periodic Review,Enhanced,Enhanced Due Diligence,AN021,2025-09-25,2025-11-04,30,40.0,Y,Y,Y,N,N,N,Rejected,Adverse media,Y,18.7
KYC01056,C00976,Onboarding,Standard,KYC Onboarding,AN009,2025-12-16,2025-12-18,10,2.0,N,Y,Y,Y,N/A,N/A,Approved,,Y,1.3
KYC01057,C00977,Onboarding,Simplified,KYC Onboarding,AN003,2025-11-25,2025-11-28,5,3.0,N,Y,Y,N,N/A,N/A,Approved,,Y,2.2
KYC01058,C00978,Onboarding,Simplified,KYC Onboarding,AN001,2025-12-01,2025-12-02,5,1.0,N,N,Y,Y,N/A,N/A,Approved,,Y,0.5
KYC01059,C00979,Onboarding,Standard,KYC Onboarding,AN004,2025-12-12,2025-12-19,10,7.0,N,Y,Y,Y,N/A,N/A,Approved,,Y,5.9
KYC01060,C00980,Onboarding,Simplified,KYC Onboarding,AN007,2024-01-13,2024-01-18,5,5.0,N,N,Y,N,N/A,N/A,Approved,,Y,4.4
KYC01061,C00981,Onboarding,Simplified,KYC Onboarding,AN002,2024-04-17,2024-04-21,5,4.0,N,Y,Y,Y,N/A,N/A,Approved,,Y,2.8
KYC01062,C00982,Onboarding,Standard,Business Due Diligence,AN025,2024-12-27,2024-12-28,10,1.0,N,Y,Y,Y,N/A,N/A,Approved,,Y,0.8
KYC01063,C00983,Onboarding,Enhanced,Enhanced Due Diligence,AN018,2025-03-12,2025-03-18,30,6.0,N,Y,Y,Y,Y,N,Rejected,Unacceptable risk appetite,N,3.2
KYC01064,C00984,Onboarding,Enhanced,Enhanced Due Diligence,AN020,2024-10-17,2024-11-13,30,27.0,N,Y,Y,Y,Y,Y,Approved,,Y,23.0
KYC01065,C00984,Periodic Review,Enhanced,Enhanced Due Diligence,AN020,2025-10-30,2025-11-18,30,19.0,N,Y,Y,N,Y,Y,Approved,,Y,14.4
KYC01066,C00985,Onboarding,Enhanced,Enhanced Due Diligence,AN019,2024-07-10,2024-07-31,30,21.0,N,Y,Y,Y,Y,Y,Approved,,Y,18.4
KYC01067,C00985,Periodic Review,Enhanced,Enhanced Due Diligence,AN020,2025-08-18,2025-08-27,30,9.0,N,Y,Y,Y,Y,N,Rejected,Customer withdrew,Y,8.0
KYC01068,C00986,Onboarding,Enhanced,Enhanced Due Diligence,AN018,2024-07-03,2024-08-24,30,52.0,Y,Y,Y,Y,Y,Y,Approved,,Y,39.6
KYC01069,C00986,Periodic Review,Enhanced,Enhanced Due Diligence,AN017,2025-07-23,2025-08-12,30,20.0,N,Y,Y,Y,Y,Y,Approved,,Y,10.3
KYC01070,C00987,Onboarding,Standard,Business Due Diligence,AN025,2025-03-17,2025-03-24,10,7.0,N,Y,Y,Y,N/A,N/A,Approved,,N,4.8
KYC01071,C00988,Onboarding,Standard,Business Due Diligence,AN026,2025-12-11,2025-12-16,10,5.0,N,Y,Y,N,N/A,N/A,Approved,,Y,3.1
KYC01072,C00989,Onboarding,Standard,KYC Onboarding,AN002,2025-08-25,2025-09-13,10,19.0,Y,Y,Y,Y,N/A,N/A,Rejected,Sanctions match,Y,11.1
KYC01073,C00990,Onboarding,Standard,KYC Onboarding,AN005,2024-05-06,2024-05-11,10,5.0,N,Y,Y,Y,N/A,N/A,Approved,,Y,3.9
KYC01074,C00991,Onboarding,Simplified,KYC Onboarding,AN009,2024-04-15,2024-04-16,5,1.0,N,N,N,N,N/A,N/A,Approved,,Y,0.6
KYC01075,C00992,Onboarding,Standard,KYC Onboarding,AN004,2024-07-07,2024-07-17,10,10.0,N,Y,Y,Y,N/A,N/A,Approved,,Y,8.2
KYC01076,C00993,Onboarding,Simplified,KYC Onboarding,AN007,2025-06-18,2025-06-19,5,1.0,N,Y,Y,Y,N/A,N/A,Approved,,Y,0.6
KYC01077,C00994,Onboarding,Standard,KYC Onboarding,AN004,2024-01-03,2024-01-07,10,4.0,N,Y,Y,Y,N/A,N/A,Approved,,N,2.8
KYC01078,C00995,Onboarding,Simplified,KYC Onboarding,AN002,2025-05-29,2025-05-30,5,1.0,N,Y,N,N,N/A,N/A,Approved,,Y,0.4
KYC01079,C00996,Onboarding,Standard,KYC Onboarding,AN007,2025-02-28,2025-03-06,10,6.0,N,Y,Y,Y,N/A,N/A,Approved,,Y,3.6
KYC01080,C00996,Trigger Event Review,Standard,KYC Periodic Review,AN011,2025-10-12,2025-10-18,10,6.0,N,Y,Y,Y,N/A,N/A,Approved,,Y,4.7
KYC01081,C00997,Onboarding,Standard,KYC Onboarding,AN001,2025-04-24,2025-04-29,10,5.0,N,Y,Y,N,N/A,N/A,Approved,,Y,3.2
KYC01082,C00998,Onboarding,Enhanced,Enhanced Due Diligence,AN020,2025-09-20,2025-10-28,30,38.0,Y,Y,Y,N,Y,Y,Approved,,Y,25.0
KYC01083,C00999,Onboarding,Standard,Business Due Diligence,AN023,2025-03-07,2025-03-12,10,5.0,N,Y,Y,Y,N/A,N/A,Approved,,Y,3.5
KYC01084,C01000,Onboarding,Standard,KYC Onboarding,AN007,2025-03-26,2025-03-31,10,5.0,N,Y,N,Y,N/A,N/A,Approved,,Y,4.3
KYC01085,C01001,Onboarding,Standard,KYC Onboarding,AN008,2024-12-17,2024-12-19,10,2.0,N,Y,Y,Y,N/A,N/A,Approved,,Y,1.4
KYC01086,C01002,Onboarding,Standard,KYC Onboarding,AN007,2025-04-20,2025-05-04,10,14.0,Y,Y,Y,Y,N/A,N/A,Approved,,Y,6.9
KYC01087,C01003,Onboarding,Standard,Business Due Diligence,AN025,2024-10-01,2024-10-13,10,12.0,Y,Y,Y,N,N/A,N/A,Approved,,Y,9.4
KYC01088,C01004,Onboarding,Standard,Business Due Diligence,AN025,2024-02-16,2024-03-04,10,17.0,Y,Y,Y,Y,N/A,N/A,Rejected,Incomplete documents,Y,13.9
KYC01089,C01005,Onboarding,Standard,KYC Onboarding,AN008,2024-01-18,2024-01-22,10,4.0,N,Y,Y,Y,N/A,N/A,Approved,,N,2.2
KYC01090,C01006,Onboarding,Standard,Business Due Diligence,AN023,2025-06-05,2025-06-07,10,2.0,N,Y,Y,Y,N/A,N/A,Approved,,Y,1.2
KYC01091,C01007,Onboarding,Standard,KYC Onboarding,AN006,2025-04-10,2025-04-12,10,2.0,N,Y,Y,Y,N/A,N/A,Approved,,Y,0.9
KYC01092,C01008,Onboarding,Standard,KYC Onboarding,AN010,2024-10-21,2024-10-28,10,7.0,N,Y,Y,Y,N/A,N/A,Approved,,N,3.5
KYC01093,C01009,Onboarding,Standard,Business Due Diligence,AN025,2025-06-26,2025-07-01,10,5.0,N,Y,Y,Y,N/A,N/A,Approved,,Y,3.6
KYC01094,C01010,Onboarding,Standard,KYC Onboarding,AN001,2024-12-12,2024-12-20,10,8.0,N,Y,Y,Y,N/A,N/A,Approved,,Y,6.4
KYC01095,C01011,Onboarding,Standard,KYC Onboarding,AN001,2024-07-02,2024-07-08,10,6.0,N,Y,Y,Y,N/A,N/A,Approved,,Y,3.0
KYC01096,C01012,Onboarding,Standard,KYC Onboarding,AN001,2025-03-01,2025-03-05,10,4.0,N,Y,Y,Y,N/A,N/A,Approved,,Y,3.4
KYC01097,C01013,Onboarding,Simplified,KYC Onboarding,AN010,2024-10-03,2024-10-04,5,1.0,N,Y,Y,N,N/A,N/A,Approved,,Y,0.7
KYC01098,C01014,Onboarding,Standard,Business Due Diligence,AN026,2025-12-11,2025-12-13,10,2.0,N,Y,Y,N,N/A,N/A,Approved,,Y,1.0
KYC01099,C01015,Onboarding,Enhanced,Enhanced Due Diligence,AN019,2025-06-07,2025-07-13,30,36.0,Y,Y,Y,Y,Y,N,Rejected,Source of funds unclear,Y,24.8
KYC01100,C01016,Onboarding,Simplified,KYC Onboarding,AN006,2025-06-29,2025-06-30,5,1.0,N,Y,Y,Y,N/A,N/A,Approved,,Y,0.4
KYC01101,C01017,Onboarding,Standard,KYC Onboarding,AN003,2025-05-14,2025-05-15,10,1.0,N,Y,Y,Y,N/A,N/A,Approved,,Y,0.4
KYC01102,C01018,Onboarding,Standard,Business Due Diligence,AN024,2025-05-11,2025-05-23,10,12.0,Y,Y,Y,Y,N/A,N/A,Approved,,Y,5.7
KYC01103,C01019,Onboarding,Standard,KYC Onboarding,AN004,2025-07-19,2025-07-30,10,11.0,Y,Y,Y,Y,N/A,N/A,Approved,,Y,9.6
KYC01104,C01020,Onboarding,Standard,Business Due Diligence,AN024,2024-11-10,2024-11-20,10,10.0,N,Y,Y,Y,N/A,N/A,Approved,,Y,6.8
KYC01105,C01021,Onboarding,Standard,KYC Onboarding,AN006,2025-08-19,2025-08-23,10,4.0,N,Y,Y,Y,N/A,N/A,Approved,,Y,1.9
KYC01106,C01022,Onboarding,Standard,KYC Onboarding,AN003,2024-01-26,2024-01-28,10,2.0,N,Y,Y,N,N/A,N/A,Approved,,Y,1.2
KYC01107,C01023,Onboarding,Standard,Business Due Diligence,AN026,2025-05-02,2025-05-03,10,1.0,N,Y,Y,N,N/A,N/A,Approved,,N,0.9
KYC01108,C01024,Onboarding,Standard,KYC Onboarding,AN010,2025-01-24,2025-02-01,10,8.0,N,Y,Y,Y,N/A,N/A,Approved,,N,6.6
KYC01109,C01025,Onboarding,Simplified,KYC Onboarding,AN010,2024-01-06,2024-01-07,5,1.0,N,Y,Y,Y,N/A,N/A,Approved,,Y,0.6
KYC01110,C01026,Onboarding,Simplified,KYC Onboarding,AN001,2025-04-28,2025-04-29,5,1.0,N,Y,Y,N,N/A,N/A,Approved,,Y,0.8
KYC01111,C01027,Onboarding,Standard,KYC Onboarding,AN010,2023-12-31,2024-01-02,10,2.0,N,N,Y,N,N/A,N/A,Approved,,Y,0.8
KYC01112,C01028,Onboarding,Simplified,KYC Onboarding,AN002,2025-05-25,2025-05-27,5,2.0,N,Y,Y,N,N/A,N/A,Approved,,Y,0.8
KYC01113,C01029,Onboarding,Standard,KYC Onboarding,AN006,2025-01-17,2025-01-25,10,8.0,N,Y,Y,Y,N/A,N/A,Approved,,N,3.3
KYC01114,C01030,Onboarding,Standard,Business Due Diligence,AN022,2025-03-16,2025-03-28,10,12.0,Y,Y,Y,N,N/A,N/A,Approved,,Y,9.2
KYC01115,C01031,Onboarding,Standard,Business Due Diligence,AN023,2025-03-20,2025-04-06,10,17.0,Y,Y,Y,Y,N/A,N/A,Approved,,Y,12.8
KYC01116,C01032,Onboarding,Simplified,KYC Onboarding,AN009,2024-08-07,2024-08-09,5,2.0,N,Y,Y,Y,N/A,N/A,Approved,,Y,0.9
KYC01117,C01033,Onboarding,Standard,KYC Onboarding,AN001,2025-03-30,2025-04-07,10,8.0,N,Y,Y,Y,N/A,N/A,Approved,,Y,5.5
KYC01118,C01034,Onboarding,Standard,Business Due Diligence,AN023,2024-06-07,2024-06-09,10,2.0,N,Y,Y,Y,N/A,N/A,Approved,,N,1.3
KYC01119,C01035,Onboarding,Standard,Business Due Diligence,AN024,2025-07-07,2025-07-08,10,1.0,N,Y,Y,Y,N/A,N/A,Approved,,Y,0.9
KYC01120,C01036,Onboarding,Simplified,KYC Onboarding,AN007,2024-03-05,2024-03-08,5,3.0,N,Y,Y,N,N/A,N/A,Approved,,Y,2.0
KYC01121,C01037,Onboarding,Standard,KYC Onboarding,AN001,2024-04-13,2024-05-06,10,23.0,Y,Y,Y,Y,N/A,N/A,Approved,,N,17.7
KYC01122,C01038,Onboarding,Standard,KYC Onboarding,AN008,2025-05-25,2025-06-08,10,14.0,Y,Y,Y,Y,N/A,N/A,Approved,,Y,10.2
KYC01123,C01039,Onboarding,Standard,KYC Onboarding,AN002,2024-02-09,2024-02-20,10,11.0,Y,Y,Y,Y,N/A,N/A,Approved,,Y,8.1
KYC01124,C01040,Onboarding,Standard,KYC Onboarding,AN002,2025-12-10,2025-12-11,10,1.0,N,Y,Y,Y,N/A,N/A,Approved,,Y,0.6
KYC01125,C01041,Onboarding,Standard,KYC Onboarding,AN002,2024-01-22,2024-01-30,10,8.0,N,Y,Y,Y,N/A,N/A,Approved,,Y,5.7
KYC01126,C01042,Onboarding,Standard,Business Due Diligence,AN024,2025-01-17,2025-01-27,10,10.0,N,Y,Y,Y,N/A,N/A,Approved,,Y,6.9
KYC01127,C01043,Onboarding,Standard,Business Due Diligence,AN024,2025-12-19,2025-12-26,10,7.0,N,Y,N,Y,N/A,N/A,Approved,,Y,2.9
KYC01128,C01044,Onboarding,Standard,Business Due Diligence,AN023,2025-05-06,2025-05-09,10,3.0,N,Y,N,Y,N/A,N/A,Approved,,Y,1.9
KYC01129,C01045,Onboarding,Enhanced,Enhanced Due Diligence,AN019,2025-04-07,2025-04-29,30,22.0,N,Y,Y,N,Y,Y,Approved,,Y,10.7
KYC01130,C01046,Onboarding,Standard,KYC Onboarding,AN002,2025-05-20,2025-05-26,10,6.0,N,Y,Y,Y,N/A,N/A,Approved,,Y,4.1
KYC01131,C01047,Onboarding,Enhanced,Enhanced Due Diligence,AN020,2025-05-27,2025-07-15,30,49.0,Y,Y,N,Y,Y,N,Rejected,Unacceptable risk appetite,Y,33.6
KYC01132,C01048,Onboarding,Standard,Business Due Diligence,AN024,2024-04-27,2024-05-02,10,5.0,N,Y,Y,N,N/A,N/A,Approved,,Y,3.1
KYC01133,C01049,Onboarding,Standard,KYC Onboarding,AN010,2024-08-10,2024-08-14,10,4.0,N,Y,Y,Y,N/A,N/A,Approved,,Y,3.2
KYC01134,C01050,Onboarding,Standard,Business Due Diligence,AN022,2024-05-17,2024-06-02,10,16.0,Y,Y,N,Y,N/A,N/A,Approved,,Y,11.2
KYC01135,C01051,Onboarding,Standard,KYC Onboarding,AN005,2024-05-31,2024-06-03,10,3.0,N,Y,Y,Y,N/A,N/A,Approved,,Y,2.4
KYC01136,C01052,Onboarding,Standard,Business Due Diligence,AN024,2024-05-29,2024-06-15,10,17.0,Y,Y,Y,N,N/A,N/A,Approved,,Y,11.1
KYC01137,C01053,Onboarding,Standard,KYC Onboarding,AN007,2025-04-07,2025-04-28,10,21.0,Y,Y,Y,Y,N/A,N/A,Approved,,Y,13.6
KYC01138,C01054,Onboarding,Standard,KYC Onboarding,AN004,2025-11-08,2025-11-18,10,10.0,N,Y,Y,Y,N/A,N/A,Approved,,Y,5.4
KYC01139,C01055,Onboarding,Standard,KYC Onboarding,AN009,2025-02-10,2025-02-25,10,15.0,Y,Y,Y,Y,N/A,N/A,Approved,,Y,9.8
KYC01140,C01056,Onboarding,Simplified,KYC Onboarding,AN010,2024-01-11,2024-01-13,5,2.0,N,Y,Y,Y,N/A,N/A,Approved,,Y,1.7
KYC01141,C01057,Onboarding,Standard,KYC Onboarding,AN008,2025-05-20,2025-05-27,10,7.0,N,Y,Y,Y,N/A,N/A,Approved,,Y,6.0
KYC01142,C01058,Onboarding,Standard,KYC Onboarding,AN008,2025-01-28,2025-02-05,10,8.0,N,Y,Y,N,N/A,N/A,Escalated to Compliance,,Y,4.7
KYC01144,C01059,Onboarding,Standard,KYC Onboarding,AN009,2025-07-18,2025-07-27,10,9.0,N,Y,Y,N,N/A,N/A,Approved,,Y,4.7
KYC01145,C01060,Onboarding,Standard,Business Due Diligence,AN025,2024-09-30,2024-10-04,10,4.0,N,Y,Y,Y,N/A,N/A,Approved,,Y,1.7
KYC01146,C01061,Onboarding,Standard,KYC Onboarding,AN005,2024-11-06,2024-11-13,10,7.0,N,N,Y,Y,N/A,N/A,Approved,,Y,6.0
KYC01147,C01062,Onboarding,Standard,KYC Onboarding,AN007,2025-04-23,2025-04-24,10,1.0,N,Y,Y,Y,N/A,N/A,Approved,,Y,0.5
KYC01148,C01063,Onboarding,Enhanced,Enhanced Due Diligence,AN020,2025-05-29,2025-06-25,30,27.0,N,Y,Y,Y,Y,Y,Approved,,Y,18.7
KYC01149,C01064,Onboarding,Simplified,KYC Onboarding,AN005,2024-06-06,2024-06-10,5,4.0,N,Y,Y,N,N/A,N/A,Approved,,Y,3.3
KYC01150,C01065,Onboarding,Standard,KYC Onboarding,AN008,2025-03-01,2025-03-06,10,5.0,N,Y,Y,N,N/A,N/A,Approved,,Y,2.2
KYC01151,C01066,Onboarding,Standard,Business Due Diligence,AN023,2025-11-30,2025-12-01,10,1.0,N,Y,Y,Y,N/A,N/A,Approved,,Y,0.9
KYC01152,C01067,Onboarding,Standard,Business Due Diligence,AN023,2024-02-15,2024-02-19,10,4.0,N,Y,Y,Y,N/A,N/A,Approved,,N,3.2
KYC01153,C01068,Onboarding,Standard,KYC Onboarding,AN004,2024-08-27,2024-08-28,10,1.0,N,Y,Y,Y,N/A,N/A,Approved,,N,0.6
KYC01154,C01069,Onboarding,Standard,Business Due Diligence,AN023,2025-01-21,2025-01-29,10,8.0,N,Y,Y,Y,N/A,N/A,Approved,,Y,4.0
KYC01155,C01070,Onboarding,Standard,KYC Onboarding,AN002,2025-11-04,2025-11-12,10,8.0,N,Y,Y,Y,N/A,N/A,Approved,,N,3.7
KYC01156,C01071,Onboarding,Standard,KYC Onboarding,AN010,2025-12-05,2025-12-10,10,5.0,N,Y,Y,Y,N/A,N/A,Approved,,Y,2.4
KYC01157,C01072,Onboarding,Enhanced,Enhanced Due Diligence,AN018,2025-03-05,2025-04-17,30,43.0,Y,N,Y,Y,Y,Y,Approved,,Y,24.0
KYC01158,C01073,Onboarding,Standard,KYC Onboarding,AN004,2025-02-01,2025-02-04,10,3.0,N,Y,Y,Y,N/A,N/A,Approved,,Y,1.2
KYC01159,C01074,Onboarding,Standard,Business Due Diligence,AN026,2024-10-28,2024-11-04,10,7.0,N,Y,Y,N,N/A,N/A,Approved,,Y,4.5
KYC01160,C01075,Onboarding,Standard,KYC Onboarding,AN008,2024-11-20,2024-12-10,10,20.0,Y,Y,Y,Y,N/A,N/A,Approved,,Y,14.2
KYC01161,C01076,Onboarding,Standard,Business Due Diligence,AN025,2025-06-20,2025-06-23,10,3.0,N,Y,Y,Y,N/A,N/A,Approved,,Y,2.1
KYC01162,C01077,Onboarding,Standard,KYC Onboarding,AN003,2025-01-31,2025-02-03,10,3.0,N,Y,Y,Y,N/A,N/A,Approved,,Y,2.0
KYC01163,C01078,Onboarding,Enhanced,Enhanced Due Diligence,AN019,2025-02-07,2025-02-22,30,15.0,N,Y,Y,Y,Y,Y,Approved,,Y,11.7
KYC01164,C01079,Onboarding,Standard,KYC Onboarding,AN010,2025-09-05,2025-09-16,10,11.0,Y,Y,N,N,N/A,N/A,Approved,,Y,6.3
KYC01165,C01080,Onboarding,Standard,KYC Onboarding,AN001,2024-04-07,2024-04-15,10,8.0,N,Y,Y,N,N/A,N/A,Approved,,Y,4.4
KYC01166,C01081,Onboarding,Standard,Business Due Diligence,AN026,2025-11-29,2025-12-03,10,4.0,N,Y,Y,Y,N/A,N/A,Approved,,Y,3.6
KYC01167,C01082,Onboarding,Simplified,KYC Onboarding,AN007,2025-05-27,2025-05-29,5,2.0,N,Y,Y,N,N/A,N/A,Approved,,Y,0.9
KYC01168,C01083,Onboarding,Enhanced,Enhanced Due Diligence,AN020,2025-03-03,2025-03-23,30,20.0,N,Y,Y,Y,Y,Y,Approved,,Y,16.4
KYC01169,C01084,Onboarding,Simplified,KYC Onboarding,AN008,2025-02-23,2025-02-27,5,4.0,N,Y,Y,Y,N/A,N/A,Approved,,Y,3.0
KYC01170,C01085,Onboarding,Standard,KYC Onboarding,AN005,2025-02-21,2025-02-27,10,6.0,N,Y,Y,N,N/A,N/A,Escalated to Compliance,,Y,4.5
KYC01171,C01086,Onboarding,Enhanced,Enhanced Due Diligence,AN018,2025-02-14,2025-03-09,30,23.0,N,Y,Y,Y,N,Y,Approved,,Y,13.0
KYC01172,C01087,Onboarding,Standard,KYC Onboarding,AN001,2024-09-11,2024-09-17,10,6.0,N,Y,Y,N,N/A,N/A,Approved,,Y,4.9
KYC01173,C01088,Onboarding,Enhanced,Enhanced Due Diligence,AN019,2025-06-20,2025-07-23,30,33.0,Y,Y,Y,Y,Y,N,Rejected,Adverse media,Y,19.3
KYC01174,C01089,Onboarding,Simplified,KYC Onboarding,AN007,2024-07-03,2024-07-07,5,4.0,N,Y,Y,Y,N/A,N/A,Approved,,Y,3.2
KYC01175,C01090,Onboarding,Simplified,KYC Onboarding,AN006,2025-04-20,2025-04-24,5,4.0,N,Y,Y,Y,N/A,N/A,Rejected,Adverse media,Y,2.3
KYC01176,C01091,Onboarding,Simplified,KYC Onboarding,AN008,2025-01-19,2025-01-20,5,1.0,N,Y,Y,N,N/A,N/A,Approved,,Y,0.8
KYC01177,C01092,Onboarding,Standard,KYC Onboarding,AN008,2024-09-21,2024-09-25,10,4.0,N,Y,Y,Y,N/A,N/A,Approved,,Y,2.6
KYC01178,C01093,Onboarding,Standard,Business Due Diligence,AN026,2025-08-09,2025-08-13,10,4.0,N,Y,Y,Y,N/A,N/A,Approved,,Y,2.3
KYC01179,C01094,Onboarding,Standard,Business Due Diligence,AN022,2024-08-18,2024-08-24,10,6.0,N,Y,Y,Y,N/A,N/A,Approved,,Y,3.1
KYC01180,C01095,Onboarding,Standard,Business Due Diligence,AN024,2025-04-27,2025-05-07,10,10.0,N,Y,Y,Y,N/A,N/A,Approved,,Y,6.5
KYC01181,C01096,Onboarding,Standard,KYC Onboarding,AN002,2024-06-29,2024-07-14,10,15.0,Y,Y,Y,Y,N/A,N/A,Approved,,Y,12.0
KYC01182,C01097,Onboarding,Enhanced,Enhanced Due Diligence,AN020,2024-05-24,2024-06-05,30,12.0,N,Y,Y,Y,Y,Y,Approved,,Y,6.6
KYC01183,C01097,Periodic Review,Enhanced,Enhanced Due Diligence,AN021,2025-05-26,2025-06-24,30,29.0,N,Y,Y,Y,Y,N,Rejected,Adverse media,Y,19.3
KYC01184,C01098,Onboarding,Standard,KYC Onboarding,AN003,2025-02-23,2025-03-08,10,13.0,Y,Y,Y,Y,N/A,N/A,Approved,,Y,6.7
KYC01185,C01099,Onboarding,Standard,KYC Onboarding,AN005,2025-12-11,2025-12-20,10,9.0,N,Y,Y,Y,N/A,N/A,Approved,,Y,7.8
KYC01186,C01100,Onboarding,Standard,Business Due Diligence,AN024,2024-08-05,2024-08-09,10,4.0,N,Y,Y,Y,N/A,N/A,Approved,,Y,2.2
KYC01187,C01101,Onboarding,Simplified,KYC Onboarding,AN009,2024-03-20,2024-03-22,5,2.0,N,Y,Y,Y,N/A,N/A,Approved,,Y,1.6
KYC01188,C01102,Onboarding,Standard,KYC Onboarding,AN007,2024-03-29,2024-04-08,10,10.0,N,Y,Y,N,N/A,N/A,Approved,,Y,6.3
KYC01189,C01102,Trigger Event Review,Standard,KYC Periodic Review,AN013,2024-10-11,2024-10-14,10,3.0,N,Y,Y,Y,N/A,N/A,Approved,,N,2.5
KYC01190,C01103,Onboarding,Standard,Business Due Diligence,AN023,2024-12-25,2024-12-28,10,3.0,N,Y,Y,N,N/A,N/A,Approved,,Y,2.2
KYC01191,C01104,Onboarding,Standard,Business Due Diligence,AN026,2025-07-24,2025-07-28,10,4.0,N,Y,Y,Y,N/A,N/A,Approved,,Y,2.2
KYC01192,C01105,Onboarding,Standard,KYC Onboarding,AN003,2025-06-04,2025-06-12,10,8.0,N,Y,Y,Y,N/A,N/A,Approved,,Y,5.9
KYC01193,C01106,Onboarding,Simplified,KYC Onboarding,AN003,2024-05-30,2024-06-04,5,5.0,N,Y,Y,N,N/A,N/A,Approved,,N,3.1
KYC01194,C01107,Onboarding,Standard,KYC Onboarding,AN006,2025-09-01,2025-09-09,10,8.0,N,Y,Y,Y,N/A,N/A,Approved,,Y,4.2
KYC01195,C01108,Onboarding,Standard,KYC Onboarding,AN004,2024-04-30,2024-05-03,10,3.0,N,Y,Y,Y,N/A,N/A,Approved,,Y,1.8
KYC01196,C01109,Onboarding,Standard,KYC Onboarding,AN001,2025-02-08,2025-02-11,10,3.0,N,Y,N,Y,N/A,N/A,Approved,,Y,2.4
KYC01197,C01110,Onboarding,Simplified,KYC Onboarding,AN005,2025-09-08,2025-09-10,5,2.0,N,Y,Y,Y,N/A,N/A,Approved,,Y,1.2
KYC01198,C01111,Onboarding,Standard,Business Due Diligence,AN026,2025-08-11,2025-08-15,10,4.0,N,Y,Y,Y,N/A,N/A,Approved,,Y,1.7
KYC01199,C01112,Onboarding,Standard,Business Due Diligence,AN023,2025-05-26,2025-06-08,10,13.0,Y,Y,Y,Y,N/A,N/A,Approved,,Y,11.1
KYC01200,C01113,Onboarding,Simplified,KYC Onboarding,AN010,2024-08-26,2024-08-28,5,2.0,N,Y,Y,Y,N/A,N/A,Approved,,Y,0.8
KYC01201,C01114,Onboarding,Standard,KYC Onboarding,AN001,2025-07-13,2025-07-18,10,5.0,N,Y,N,Y,N/A,N/A,Approved,,Y,4.1
KYC01202,C01115,Onboarding,Standard,KYC Onboarding,AN008,2024-10-08,2024-10-13,10,5.0,N,Y,Y,Y,N/A,N/A,Approved,,Y,4.3
KYC01203,C01116,Onboarding,Standard,KYC Onboarding,AN002,2024-09-10,2024-09-11,10,1.0,N,Y,Y,Y,N/A,N/A,Rejected,Incomplete documents,Y,0.5
KYC01204,C01117,Onboarding,Standard,KYC Onboarding,AN001,2025-01-20,2025-01-24,10,4.0,N,Y,Y,Y,N/A,N/A,Approved,,Y,2.2
KYC01205,C01118,Onboarding,Standard,KYC Onboarding,AN002,2025-03-23,2025-03-27,10,4.0,N,Y,Y,Y,N/A,N/A,Approved,,Y,2.9
KYC01206,C01119,Onboarding,Standard,KYC Onboarding,AN002,2024-06-01,2024-06-08,10,7.0,N,N,Y,Y,N/A,N/A,Approved,,Y,5.2
KYC01207,C01120,Onboarding,Simplified,KYC Onboarding,AN008,2025-11-08,2025-11-10,5,2.0,N,Y,Y,N,N/A,N/A,Approved,,Y,1.4
KYC01208,C01121,Onboarding,Standard,KYC Onboarding,AN006,2025-09-25,2025-09-30,10,5.0,N,Y,Y,Y,N/A,N/A,Approved,,Y,2.9
KYC01209,C01122,Onboarding,Standard,KYC Onboarding,AN002,2024-07-24,2024-08-05,10,12.0,Y,Y,N,Y,N/A,N/A,Approved,,Y,10.5
KYC01210,C01123,Onboarding,Enhanced,Enhanced Due Diligence,AN020,2024-06-21,2024-07-14,30,23.0,N,Y,Y,Y,Y,Y,Approved,,Y,16.4
KYC01211,C01123,Periodic Review,Enhanced,Enhanced Due Diligence,AN017,2025-07-01,2025-08-10,30,40.0,Y,Y,Y,N,Y,Y,Approved,,Y,21.4
KYC01212,C01124,Onboarding,Standard,KYC Onboarding,AN002,2024-02-16,2024-02-22,10,6.0,N,Y,Y,Y,N/A,N/A,Approved,,Y,5.3
KYC01213,C01125,Onboarding,Standard,KYC Onboarding,AN001,2024-10-19,2024-10-22,10,3.0,N,Y,Y,Y,N/A,N/A,Approved,,Y,2.1
KYC01214,C01126,Onboarding,Standard,Business Due Diligence,AN024,2024-05-01,2024-05-13,10,12.0,Y,N,Y,Y,N/A,N/A,Approved,,Y,9.2
KYC01215,C01127,Onboarding,Simplified,KYC Onboarding,AN010,2025-11-08,2025-11-09,5,1.0,N,Y,Y,N,N/A,N/A,Approved,,Y,0.6
KYC01216,C01128,Onboarding,Simplified,KYC Onboarding,AN004,2025-10-16,2025-10-17,5,1.0,N,Y,Y,N,N/A,N/A,Approved,,Y,0.7
KYC01217,C01129,Onboarding,Standard,Business Due Diligence,AN023,2025-08-27,2025-09-07,10,11.0,Y,Y,Y,Y,N/A,N/A,Approved,,Y,9.2
KYC01218,C01130,Onboarding,Simplified,KYC Onboarding,AN007,2024-07-22,2024-07-25,5,3.0,N,Y,Y,Y,N/A,N/A,Approved,,Y,2.0
KYC01219,C01131,Onboarding,Standard,KYC Onboarding,AN004,2025-05-16,2025-05-18,10,2.0,N,Y,Y,N,N/A,N/A,Approved,,Y,1.4
KYC01220,C01132,Onboarding,Standard,KYC Onboarding,AN008,2024-12-25,2025-01-02,10,8.0,N,Y,Y,Y,N/A,N/A,Approved,,Y,4.5
KYC01221,C01133,Onboarding,Standard,KYC Onboarding,AN009,2024-07-17,2024-07-30,10,13.0,Y,Y,Y,Y,N/A,N/A,Approved,,Y,5.3
KYC01222,C01134,Onboarding,Simplified,KYC Onboarding,AN004,2025-01-25,2025-01-26,5,1.0,N,Y,N,Y,N/A,N/A,Approved,,Y,0.7
KYC01223,C01135,Onboarding,Simplified,KYC Onboarding,AN009,2024-04-26,2024-04-29,5,3.0,N,Y,Y,N,N/A,N/A,Approved,,Y,1.3
KYC01224,C01136,Onboarding,Standard,KYC Onboarding,AN009,2025-11-29,2025-11-30,10,1.0,N,Y,Y,N,N/A,N/A,Approved,,Y,0.9
KYC01225,C01137,Onboarding,Standard,KYC Onboarding,AN008,2024-04-27,2024-05-02,10,5.0,N,Y,Y,Y,N/A,N/A,Approved,,Y,2.1
KYC01226,C01138,Onboarding,Standard,KYC Onboarding,AN009,2024-08-08,2024-08-10,10,2.0,N,Y,Y,N,N/A,N/A,Approved,,Y,1.1
KYC01227,C01139,Onboarding,Standard,KYC Onboarding,AN010,2024-06-09,2024-06-14,10,5.0,N,Y,Y,N,N/A,N/A,Approved,,Y,3.0
KYC01228,C01140,Onboarding,Simplified,KYC Onboarding,AN002,2025-01-16,2025-01-21,5,5.0,N,Y,Y,N,N/A,N/A,Rejected,Source of funds unclear,Y,4.2
KYC01229,C01141,Onboarding,Standard,Business Due Diligence,AN026,2025-05-05,2025-05-21,10,16.0,Y,Y,Y,Y,N/A,N/A,Approved,,Y,10.2
KYC01230,C01142,Onboarding,Standard,KYC Onboarding,AN008,2025-11-28,2025-12-03,10,5.0,N,Y,Y,Y,N/A,N/A,Approved,,Y,3.3
KYC01231,C01143,Onboarding,Standard,KYC Onboarding,AN008,2024-10-07,2024-10-10,10,3.0,N,Y,Y,Y,N/A,N/A,Approved,,Y,2.0
KYC01232,C01144,Onboarding,Simplified,KYC Onboarding,AN003,2024-05-27,2024-06-02,5,6.0,Y,Y,Y,N,N/A,N/A,Approved,,Y,2.5
KYC01233,C01145,Onboarding,Simplified,KYC Onboarding,AN005,2024-01-12,2024-01-13,5,1.0,N,Y,Y,N,N/A,N/A,Approved,,Y,0.6
KYC01234,C01146,Onboarding,Standard,KYC Onboarding,AN007,2025-03-13,2025-03-19,10,6.0,N,Y,Y,Y,N/A,N/A,Approved,,Y,3.2
KYC01235,C01147,Onboarding,Standard,KYC Onboarding,AN004,2025-12-15,2025-12-29,10,14.0,Y,Y,Y,N,N/A,N/A,Approved,,N,10.8
KYC01236,C01148,Onboarding,Standard,KYC Onboarding,AN007,2024-02-15,2024-03-03,10,17.0,Y,Y,Y,Y,N/A,N/A,Approved,,N,13.0
KYC01237,C01149,Onboarding,Standard,Business Due Diligence,AN026,2025-12-26,2025-12-31,10,5.0,N,Y,Y,Y,N/A,N/A,Approved,,Y,3.8
KYC01238,C01150,Onboarding,Standard,Business Due Diligence,AN023,2024-07-11,2024-07-19,10,8.0,N,Y,Y,Y,N/A,N/A,Approved,,N,6.8
KYC01239,C01151,Onboarding,Standard,KYC Onboarding,AN009,2025-10-22,2025-11-03,10,12.0,Y,Y,Y,Y,N/A,N/A,Approved,,Y,8.2
KYC01240,C01152,Onboarding,Standard,KYC Onboarding,AN003,2024-02-20,2024-03-03,10,12.0,Y,Y,Y,Y,N/A,N/A,Approved,,Y,5.6
KYC01241,C01153,Onboarding,Standard,KYC Onboarding,AN008,2025-10-13,2025-10-17,10,4.0,N,Y,Y,Y,N/A,N/A,Approved,,N,2.6
KYC01242,C01154,Onboarding,Standard,KYC Onboarding,AN001,2024-08-26,2024-08-31,10,5.0,N,Y,Y,Y,N/A,N/A,Approved,,Y,2.7
KYC01243,C01155,Onboarding,Standard,KYC Onboarding,AN001,2024-07-17,2024-07-31,10,14.0,Y,Y,Y,N,N/A,N/A,Rejected,Source of funds unclear,N,8.9
KYC01244,C01156,Onboarding,Standard,Business Due Diligence,AN024,2024-05-26,2024-06-10,10,15.0,Y,Y,Y,Y,N/A,N/A,Approved,,Y,9.0
KYC01245,C01157,Onboarding,Standard,Business Due Diligence,AN026,2024-04-04,2024-04-08,10,4.0,N,Y,Y,N,N/A,N/A,Approved,,Y,2.1
KYC01246,C01158,Onboarding,Standard,Business Due Diligence,AN025,2025-08-06,2025-08-25,10,19.0,Y,Y,Y,Y,N/A,N/A,Approved,,Y,9.3
KYC01247,C01159,Onboarding,Standard,KYC Onboarding,AN005,2024-02-16,2024-02-19,10,3.0,N,Y,Y,Y,N/A,N/A,Approved,,N,2.0
KYC01248,C01160,Onboarding,Standard,Business Due Diligence,AN026,2024-11-30,2024-12-05,10,5.0,N,Y,Y,Y,N/A,N/A,Approved,,Y,3.3
KYC01249,C01161,Onboarding,Simplified,KYC Onboarding,AN001,2025-11-20,2025-11-21,5,1.0,N,Y,Y,Y,N/A,N/A,Approved,,Y,0.6
KYC01250,C01162,Onboarding,Standard,KYC Onboarding,AN001,2024-10-20,2024-10-27,10,7.0,N,Y,Y,Y,N/A,N/A,Approved,,Y,4.4
KYC01251,C01162,Trigger Event Review,Standard,KYC Periodic Review,AN012,2025-04-16,2025-04-18,10,2.0,N,Y,Y,N,N/A,N/A,Approved,,Y,1.3
KYC01252,C01163,Onboarding,Standard,KYC Onboarding,AN008,2025-08-24,2025-09-05,10,12.0,Y,Y,Y,N,N/A,N/A,Approved,,Y,5.1
KYC01253,C01164,Onboarding,Standard,Business Due Diligence,AN024,2025-05-18,2025-05-23,10,5.0,N,Y,Y,Y,N/A,N/A,Approved,,Y,3.8
KYC01254,C01165,Onboarding,Standard,KYC Onboarding,AN009,2025-07-31,2025-08-06,10,6.0,N,Y,Y,Y,N/A,N/A,Approved,,Y,3.0
KYC01255,C01166,Onboarding,Standard,Business Due Diligence,AN026,2025-11-21,2025-12-03,10,12.0,Y,Y,Y,Y,N/A,N/A,Approved,,N,6.3
KYC01256,C01167,Onboarding,Standard,KYC Onboarding,AN002,2024-03-08,2024-03-09,10,1.0,N,Y,Y,Y,N/A,N/A,Approved,,Y,0.5
KYC01257,C01168,Onboarding,Standard,Business Due Diligence,AN026,2024-08-06,2024-08-16,10,10.0,N,Y,Y,N,N/A,N/A,Approved,,Y,5.3
KYC01258,C01169,Onboarding,Simplified,KYC Onboarding,AN008,2024-08-19,2024-08-22,5,3.0,N,Y,Y,Y,N/A,N/A,Approved,,Y,1.4
KYC01259,C01170,Onboarding,Standard,KYC Onboarding,AN003,2024-02-18,2024-02-19,10,1.0,N,Y,Y,Y,N/A,N/A,Approved,,Y,0.8
KYC01260,C01171,Onboarding,Standard,Business Due Diligence,AN022,2024-03-18,2024-03-19,10,1.0,N,Y,Y,N,N/A,N/A,Approved,,Y,0.4
KYC01261,C01171,Trigger Event Review,Standard,Business Due Diligence,AN023,2024-12-30,2024-12-31,10,1.0,N,Y,Y,N,N/A,N/A,Approved,,Y,0.9
KYC01262,C01172,Onboarding,Simplified,KYC Onboarding,AN006,2024-03-18,2024-03-23,5,5.0,N,Y,Y,Y,N/A,N/A,Approved,,N,3.6
KYC01263,C01173,Onboarding,Simplified,KYC Onboarding,AN006,2025-11-21,2025-11-24,5,3.0,N,Y,Y,Y,N/A,N/A,Approved,,Y,1.5
KYC01264,C01174,Onboarding,Standard,KYC Onboarding,AN008,2025-09-17,2025-09-25,10,8.0,N,Y,Y,Y,N/A,N/A,Rejected,Unacceptable risk appetite,Y,3.5
KYC01265,C01175,Onboarding,Enhanced,Enhanced Due Diligence,AN020,2025-03-05,2025-04-12,30,38.0,Y,Y,Y,Y,Y,Y,Approved,,Y,23.4
KYC01266,C01176,Onboarding,Simplified,KYC Onboarding,AN005,2025-09-08,2025-09-10,5,2.0,N,Y,Y,N,N/A,N/A,Approved,,Y,1.5
KYC01267,C01177,Onboarding,Standard,KYC Onboarding,AN002,2024-09-08,2024-09-19,10,11.0,Y,Y,Y,Y,N/A,N/A,Approved,,Y,8.5
KYC01268,C01178,Onboarding,Simplified,KYC Onboarding,AN005,2024-12-10,2024-12-11,5,1.0,N,Y,Y,Y,N/A,N/A,Approved,,Y,0.5
KYC01269,C01179,Onboarding,Standard,Business Due Diligence,AN026,2025-10-05,2025-10-08,10,3.0,N,Y,Y,Y,N/A,N/A,Approved,,N,1.7
KYC01270,C01180,Onboarding,Standard,KYC Onboarding,AN001,2024-04-17,2024-04-20,10,3.0,N,Y,Y,Y,N/A,N/A,Approved,,Y,2.1
KYC01271,C01181,Onboarding,Simplified,KYC Onboarding,AN004,2024-04-15,2024-04-19,5,4.0,N,Y,Y,N,N/A,N/A,Approved,,Y,3.5
KYC01272,C01182,Onboarding,Standard,KYC Onboarding,AN008,2025-01-16,2025-01-23,10,7.0,N,Y,Y,Y,N/A,N/A,Approved,,Y,4.0
KYC01273,C01183,Onboarding,Simplified,KYC Onboarding,AN001,2024-07-01,2024-07-02,5,1.0,N,Y,Y,Y,N/A,N/A,Approved,,Y,0.4
KYC01274,C01184,Onboarding,Simplified,KYC Onboarding,AN006,2025-04-30,2025-05-03,5,3.0,N,Y,Y,N,N/A,N/A,Approved,,Y,1.9
KYC01275,C01185,Onboarding,Standard,Business Due Diligence,AN025,2025-04-08,2025-04-11,10,3.0,N,Y,Y,Y,N/A,N/A,Approved,,Y,2.5
KYC01276,C01186,Onboarding,Standard,Business Due Diligence,AN022,2024-08-27,2024-09-02,10,6.0,N,Y,Y,Y,N/A,N/A,Approved,,Y,4.8
KYC01277,C01187,Onboarding,Standard,KYC Onboarding,AN008,2024-03-25,2024-03-29,10,4.0,N,Y,Y,Y,N/A,N/A,Approved,,Y,2.7
KYC01278,C01188,Onboarding,Standard,KYC Onboarding,AN002,2024-02-26,2024-03-04,10,7.0,N,Y,Y,Y,N/A,N/A,Approved,,Y,6.1
KYC01279,C01189,Onboarding,Standard,KYC Onboarding,AN009,2024-11-16,2024-11-18,10,2.0,N,Y,Y,N,N/A,N/A,Approved,,Y,1.5
KYC01280,C01190,Onboarding,Standard,KYC Onboarding,AN005,2024-08-21,2024-08-28,10,7.0,N,Y,Y,Y,N/A,N/A,Rejected,Adverse media,Y,4.7
KYC01281,C01191,Onboarding,Standard,KYC Onboarding,AN007,2024-01-23,2024-01-26,10,3.0,N,Y,Y,Y,N/A,N/A,Approved,,Y,2.2
KYC01282,C01192,Onboarding,Standard,KYC Onboarding,AN010,2025-05-19,2025-06-01,10,13.0,Y,Y,Y,N,N/A,N/A,Approved,,Y,10.3
KYC01283,C01193,Onboarding,Standard,KYC Onboarding,AN008,2025-11-26,2025-12-01,10,5.0,N,Y,Y,N,N/A,N/A,Approved,,Y,2.9
KYC01284,C01194,Onboarding,Standard,KYC Onboarding,AN009,2025-12-12,2025-12-21,10,9.0,N,Y,Y,Y,N/A,N/A,Approved,,Y,4.4
KYC01286,C01195,Onboarding,Standard,KYC Onboarding,AN006,2024-03-27,2024-03-29,10,2.0,N,Y,Y,Y,N/A,N/A,Approved,,N,1.3
KYC01287,C01196,Onboarding,Standard,KYC Onboarding,AN008,2024-05-17,2024-05-26,10,9.0,N,Y,Y,Y,N/A,N/A,Approved,,Y,4.4
KYC01288,C01197,Onboarding,Standard,KYC Onboarding,AN001,2024-11-10,2024-11-12,10,2.0,N,Y,Y,Y,N/A,N/A,Approved,,Y,1.7
KYC01289,C01198,Onboarding,Standard,KYC Onboarding,AN003,2025-10-27,2025-11-05,10,9.0,N,Y,Y,Y,N/A,N/A,Rejected,Sanctions match,Y,7.6
KYC01290,C01199,Onboarding,Standard,Business Due Diligence,AN024,2025-02-24,2025-03-08,10,12.0,Y,Y,Y,Y,N/A,N/A,Approved,,Y,10.5
KYC01291,C01200,Onboarding,Standard,KYC Onboarding,AN001,2024-11-25,2024-11-30,10,5.0,N,Y,Y,Y,N/A,N/A,Approved,,Y,4.3
KYC01292,C01201,Onboarding,Simplified,KYC Onboarding,AN002,2025-11-04,2025-11-07,5,3.0,N,Y,Y,Y,N/A,N/A,Approved,,N,1.9
KYC01293,C01202,Onboarding,Standard,KYC Onboarding,AN003,2025-04-28,2025-05-11,10,13.0,Y,Y,N,N,N/A,N/A,Approved,,Y,6.3
KYC01294,C01203,Onboarding,Standard,Business Due Diligence,AN023,2025-12-18,2025-12-30,10,12.0,Y,N,Y,Y,N/A,N/A,Approved,,Y,8.4
KYC01295,C01204,Onboarding,Standard,KYC Onboarding,AN007,2025-09-22,2025-10-03,10,11.0,Y,Y,Y,Y,N/A,N/A,Approved,,Y,4.9
KYC01296,C01205,Onboarding,Standard,Business Due Diligence,AN024,2025-12-26,2025-12-27,10,1.0,N,Y,Y,Y,N/A,N/A,Approved,,Y,0.4
KYC01297,C01206,Onboarding,Standard,Business Due Diligence,AN023,2025-02-07,2025-02-18,10,11.0,Y,Y,Y,Y,N/A,N/A,Approved,,Y,9.7
KYC01298,C01207,Onboarding,Standard,KYC Onboarding,AN003,2024-09-29,2024-10-10,10,11.0,Y,Y,Y,Y,N/A,N/A,Approved,,Y,8.1
KYC01299,C01208,Onboarding,Standard,KYC Onboarding,AN005,2024-02-14,2024-03-02,10,17.0,Y,Y,Y,N,N/A,N/A,Approved,,Y,9.6
KYC01300,C01209,Onboarding,Simplified,KYC Onboarding,AN004,2025-06-17,2025-06-20,5,3.0,N,Y,Y,N,N/A,N/A,Approved,,Y,2.1
KYC01301,C01210,Onboarding,Enhanced,Enhanced Due Diligence,AN019,2024-07-12,2024-08-12,30,31.0,Y,Y,Y,Y,Y,Y,Approved,,Y,13.7
KYC01302,C01210,Periodic Review,Enhanced,Enhanced Due Diligence,AN020,2025-07-21,2025-08-09,30,19.0,N,Y,Y,Y,Y,Y,Approved,,Y,12.7
KYC01303,C01211,Onboarding,Standard,KYC Onboarding,AN006,2024-01-07,2024-01-09,10,2.0,N,Y,Y,Y,N/A,N/A,Approved,,N,1.1
KYC01304,C01212,Onboarding,Standard,Business Due Diligence,AN025,2025-08-07,2025-08-11,10,4.0,N,Y,Y,Y,N/A,N/A,Approved,,Y,2.4
KYC01305,C01213,Onboarding,Simplified,KYC Onboarding,AN004,2024-11-05,2024-11-10,5,5.0,N,Y,Y,N,N/A,N/A,Approved,,Y,2.4
KYC01306,C01214,Onboarding,Standard,KYC Onboarding,AN010,2025-02-07,2025-02-09,10,2.0,N,Y,Y,Y,N/A,N/A,Approved,,Y,1.4
KYC01307,C01215,Onboarding,Standard,KYC Onboarding,AN003,2025-07-24,2025-08-08,10,15.0,Y,Y,Y,Y,N/A,N/A,Approved,,Y,9.0
KYC01308,C01216,Onboarding,Standard,KYC Onboarding,AN009,2024-08-25,2024-09-01,10,7.0,N,Y,Y,Y,N/A,N/A,Rejected,Unverifiable identity,Y,4.3
KYC01309,C01217,Onboarding,Standard,KYC Onboarding,AN001,2025-08-18,2025-08-22,10,4.0,N,Y,Y,Y,N/A,N/A,Approved,,N,1.7
KYC01310,C01218,Onboarding,Standard,KYC Onboarding,AN002,2025-03-01,2025-03-07,10,6.0,N,Y,Y,Y,N/A,N/A,Approved,,N,4.4
KYC01311,C01219,Onboarding,Enhanced,Enhanced Due Diligence,AN021,2025-02-14,2025-03-01,30,15.0,N,Y,Y,Y,Y,Y,Approved,,Y,10.7
KYC01312,C01220,Onboarding,Standard,Business Due Diligence,AN023,2024-07-12,2024-07-17,10,5.0,N,Y,Y,Y,N/A,N/A,Approved,,Y,3.9
KYC01313,C01221,Onboarding,Standard,KYC Onboarding,AN006,2025-07-28,2025-08-06,10,9.0,N,Y,Y,Y,N/A,N/A,Approved,,Y,6.6
KYC01314,C01222,Onboarding,Enhanced,Enhanced Due Diligence,AN020,2024-06-21,2024-07-10,30,19.0,N,Y,Y,N,Y,Y,Approved,,Y,7.8
KYC01315,C01222,Periodic Review,Enhanced,Enhanced Due Diligence,AN020,2025-06-06,2025-06-24,30,18.0,N,Y,Y,Y,Y,Y,Approved,,Y,10.7
KYC01316,C01223,Onboarding,Standard,KYC Onboarding,AN005,2025-03-26,2025-04-02,10,7.0,N,Y,Y,N,N/A,N/A,Approved,,Y,4.8
KYC01317,C01224,Onboarding,Enhanced,Enhanced Due Diligence,AN018,2025-08-26,2025-09-18,30,23.0,N,Y,Y,Y,Y,Y,Approved,,Y,17.3
KYC01319,C01225,Onboarding,Simplified,KYC Onboarding,AN008,2024-03-23,2024-03-28,5,5.0,N,Y,N,Y,N/A,N/A,Approved,,Y,3.3
KYC01320,C01226,Onboarding,Standard,Business Due Diligence,AN023,2024-10-16,2024-10-23,10,7.0,N,N,Y,Y,N/A,N/A,Approved,,Y,4.6
KYC01321,C01227,Onboarding,Standard,KYC Onboarding,AN010,2025-05-10,2025-05-14,10,4.0,N,Y,Y,Y,N/A,N/A,Approved,,Y,1.8
KYC01322,C01228,Onboarding,Simplified,KYC Onboarding,AN005,2024-07-17,2024-07-19,5,2.0,N,Y,Y,Y,N/A,N/A,Approved,,Y,1.4
KYC01323,C01229,Onboarding,Standard,KYC Onboarding,AN010,2024-01-19,2024-01-21,10,2.0,N,Y,Y,N,N/A,N/A,Approved,,Y,1.8
KYC01324,C01230,Onboarding,Standard,KYC Onboarding,AN010,2024-10-26,2024-11-03,10,8.0,N,Y,Y,Y,N/A,N/A,Approved,,Y,4.9
KYC01325,C01231,Onboarding,Standard,Business Due Diligence,AN026,2024-12-29,2025-01-10,10,12.0,Y,Y,Y,Y,N/A,N/A,Approved,,Y,7.9
KYC01326,C01232,Onboarding,Standard,KYC Onboarding,AN009,2025-11-03,2025-11-09,10,6.0,N,Y,Y,N,N/A,N/A,Approved,,Y,5.2
KYC01327,C01233,Onboarding,Standard,KYC Onboarding,AN005,2025-08-11,2025-08-14,10,3.0,N,Y,Y,Y,N/A,N/A,Approved,,Y,1.8
KYC01328,C01234,Onboarding,Standard,Business Due Diligence,AN024,2024-05-08,2024-06-03,10,26.0,Y,Y,Y,N,N/A,N/A,Rejected,Unverifiable identity,Y,10.6
KYC01329,C01235,Onboarding,Standard,Business Due Diligence,AN023,2024-07-19,2024-07-30,10,11.0,Y,Y,Y,Y,N/A,N/A,Approved,,Y,5.2
KYC01330,C01236,Onboarding,Enhanced,Enhanced Due Diligence,AN019,2024-05-14,2024-07-05,30,52.0,Y,Y,Y,N,Y,Y,Approved,,Y,32.9
KYC01331,C01236,Periodic Review,Enhanced,Enhanced Due Diligence,AN019,2025-06-12,2025-07-02,30,20.0,N,Y,Y,Y,Y,N,Rejected,Unacceptable risk appetite,Y,12.5
KYC01332,C01237,Onboarding,Standard,KYC Onboarding,AN001,2025-10-23,2025-11-06,10,14.0,Y,Y,Y,Y,N/A,N/A,Approved,,Y,6.8
KYC01333,C01238,Onboarding,Standard,KYC Onboarding,AN003,2024-09-11,2024-09-23,10,12.0,Y,N,Y,Y,N/A,N/A,Approved,,N,9.4
KYC01334,C01239,Onboarding,Standard,Business Due Diligence,AN023,2025-10-10,2025-10-17,10,7.0,N,Y,Y,N,N/A,N/A,Approved,,Y,4.0
KYC01335,C01240,Onboarding,Standard,KYC Onboarding,AN002,2024-02-10,2024-02-11,10,1.0,N,Y,Y,Y,N/A,N/A,Approved,,Y,0.7
KYC01336,C01241,Onboarding,Standard,KYC Onboarding,AN005,2025-02-11,2025-02-17,10,6.0,N,Y,Y,N,N/A,N/A,Approved,,Y,3.3
KYC01337,C01242,Onboarding,Standard,Business Due Diligence,AN026,2024-02-24,2024-03-14,10,19.0,Y,Y,Y,N,N/A,N/A,Approved,,Y,12.5
KYC01338,C01243,Onboarding,Standard,KYC Onboarding,AN007,2025-02-05,2025-02-08,10,3.0,N,Y,Y,N,N/A,N/A,Approved,,Y,2.1
KYC01339,C01244,Onboarding,Standard,KYC Onboarding,AN005,2024-01-05,2024-01-09,10,4.0,N,N,N,Y,N/A,N/A,Approved,,Y,2.9
KYC01340,C01245,Onboarding,Standard,Business Due Diligence,AN023,2024-04-21,2024-04-28,10,7.0,N,Y,Y,N,N/A,N/A,Approved,,Y,5.1
KYC01341,C01246,Onboarding,Simplified,KYC Onboarding,AN002,2024-04-12,2024-04-13,5,1.0,N,Y,Y,Y,N/A,N/A,Approved,,Y,0.9
KYC01342,C01247,Onboarding,Standard,KYC Onboarding,AN004,2025-06-02,2025-06-09,10,7.0,N,Y,Y,Y,N/A,N/A,Approved,,Y,6.1
KYC01343,C01248,Onboarding,Standard,KYC Onboarding,AN001,2025-04-13,2025-04-17,10,4.0,N,Y,Y,Y,N/A,N/A,Approved,,Y,3.3
KYC01344,C01249,Onboarding,Standard,KYC Onboarding,AN002,2025-02-11,2025-02-14,10,3.0,N,Y,Y,N,N/A,N/A,Approved,,Y,2.2
KYC01345,C01250,Onboarding,Simplified,KYC Onboarding,AN006,2024-05-22,2024-05-26,5,4.0,N,Y,Y,N,N/A,N/A,Approved,,Y,2.8
KYC01346,C01251,Onboarding,Standard,Business Due Diligence,AN025,2024-07-11,2024-07-13,10,2.0,N,Y,Y,Y,N/A,N/A,Approved,,Y,1.2
KYC01347,C01252,Onboarding,Enhanced,Enhanced Due Diligence,AN017,2024-10-02,2024-11-01,30,30.0,N,Y,Y,Y,Y,Y,Approved,,Y,23.5
KYC01348,C01252,Periodic Review,Enhanced,Enhanced Due Diligence,AN018,2025-11-09,2025-12-02,30,23.0,N,N,Y,Y,Y,Y,Approved,,Y,10.1
KYC01349,C01252,Trigger Event Review,Enhanced,Enhanced Due Diligence,AN017,2025-09-27,2025-10-26,30,29.0,N,Y,Y,Y,Y,Y,Approved,,Y,23.1
KYC01350,C01253,Onboarding,Standard,KYC Onboarding,AN003,2025-12-12,2025-12-16,10,4.0,N,Y,Y,Y,N/A,N/A,Approved,,N,3.3
KYC01351,C01254,Onboarding,Standard,KYC Onboarding,AN005,2025-05-29,2025-06-12,10,14.0,Y,Y,Y,Y,N/A,N/A,Approved,,Y,10.4
KYC01352,C01255,Onboarding,Standard,Business Due Diligence,AN023,2024-01-24,2024-02-07,10,14.0,Y,Y,Y,Y,N/A,N/A,Approved,,Y,11.3
KYC01353,C01256,Onboarding,Standard,KYC Onboarding,AN002,2024-01-23,2024-02-07,10,15.0,Y,Y,Y,Y,N/A,N/A,Approved,,N,13.1
KYC01354,C01257,Onboarding,Standard,KYC Onboarding,AN005,2024-09-08,2024-09-17,10,9.0,N,Y,Y,Y,N/A,N/A,Approved,,Y,6.5
KYC01355,C01258,Onboarding,Simplified,KYC Onboarding,AN008,2024-05-28,2024-05-30,5,2.0,N,Y,Y,Y,N/A,N/A,Approved,,Y,1.6
KYC01356,C01259,Onboarding,Standard,KYC Onboarding,AN005,2024-10-22,2024-10-26,10,4.0,N,Y,Y,Y,N/A,N/A,Approved,,Y,3.2
KYC01357,C01260,Onboarding,Standard,KYC Onboarding,AN007,2025-12-28,2025-12-29,10,1.0,N,Y,Y,Y,N/A,N/A,Approved,,Y,0.9
KYC01358,C01261,Onboarding,Simplified,KYC Onboarding,AN006,2024-05-22,2024-05-26,5,4.0,N,Y,N,Y,N/A,N/A,Approved,,Y,2.1
KYC01359,C01262,Onboarding,Simplified,KYC Onboarding,AN009,2025-03-10,2025-03-13,5,3.0,N,Y,Y,N,N/A,N/A,Approved,,Y,2.4
KYC01360,C01263,Onboarding,Simplified,KYC Onboarding,AN006,2024-12-17,2024-12-19,5,2.0,N,Y,Y,Y,N/A,N/A,Approved,,Y,1.4
KYC01361,C01264,Onboarding,Standard,KYC Onboarding,AN002,2025-04-24,2025-05-04,10,10.0,N,Y,Y,Y,N/A,N/A,Approved,,Y,6.0
KYC01362,C01265,Onboarding,Simplified,KYC Onboarding,AN010,2025-01-31,2025-02-01,5,1.0,N,Y,Y,Y,N/A,N/A,Approved,,N,0.6
KYC01363,C01266,Onboarding,Standard,KYC Onboarding,AN010,2025-01-10,2025-01-14,10,4.0,N,Y,Y,Y,N/A,N/A,Approved,,Y,2.8
KYC01364,C01267,Onboarding,Simplified,KYC Onboarding,AN007,2024-07-19,2024-07-20,5,1.0,N,Y,Y,N,N/A,N/A,Approved,,Y,0.7
KYC01365,C01268,Onboarding,Standard,KYC Onboarding,AN002,2025-12-06,2025-12-13,10,7.0,N,Y,Y,Y,N/A,N/A,Approved,,Y,3.2
KYC01366,C01269,Onboarding,Standard,KYC Onboarding,AN008,2024-07-11,2024-07-31,10,20.0,Y,Y,Y,Y,N/A,N/A,Approved,,Y,16.4
KYC01367,C01270,Onboarding,Standard,KYC Onboarding,AN005,2024-04-14,2024-04-20,10,6.0,N,Y,Y,Y,N/A,N/A,Approved,,Y,3.3
KYC01368,C01271,Onboarding,Standard,KYC Onboarding,AN006,2024-03-08,2024-03-11,10,3.0,N,Y,Y,Y,N/A,N/A,Approved,,Y,2.6
KYC01369,C01272,Onboarding,Enhanced,Enhanced Due Diligence,AN021,2024-02-17,2024-02-29,30,12.0,N,Y,Y,Y,Y,N,Escalated to Compliance,,Y,9.2
KYC01370,C01272,Periodic Review,Enhanced,Enhanced Due Diligence,AN018,2025-02-18,2025-03-06,30,16.0,N,Y,Y,Y,Y,Y,Approved,,Y,13.1
KYC01371,C01273,Onboarding,Standard,KYC Onboarding,AN001,2024-09-15,2024-09-21,10,6.0,N,N,Y,N,N/A,N/A,Approved,,Y,4.6
KYC01372,C01274,Onboarding,Enhanced,Enhanced Due Diligence,AN017,2025-08-16,2025-08-25,30,9.0,N,N,Y,N,Y,Y,Approved,,Y,4.4
KYC01373,C01275,Onboarding,Standard,Business Due Diligence,AN026,2024-04-23,2024-04-28,10,5.0,N,Y,Y,Y,N/A,N/A,Approved,,Y,2.3
KYC01374,C01276,Onboarding,Standard,KYC Onboarding,AN002,2024-01-01,2024-01-04,10,3.0,N,Y,Y,Y,N/A,N/A,Approved,,Y,1.3
KYC01375,C01277,Onboarding,Standard,KYC Onboarding,AN005,2025-01-20,2025-01-29,10,9.0,N,Y,Y,Y,N/A,N/A,Approved,,Y,6.4
KYC01376,C01278,Onboarding,Standard,Business Due Diligence,AN022,2025-02-12,2025-03-05,10,21.0,Y,Y,Y,N,N/A,N/A,Approved,,N,10.0
KYC01377,C01279,Onboarding,Standard,KYC Onboarding,AN004,2025-02-15,2025-02-26,10,11.0,Y,Y,Y,Y,N/A,N/A,Approved,,Y,9.5
KYC01378,C01280,Onboarding,Simplified,KYC Onboarding,AN009,2023-12-31,2024-01-01,5,1.0,N,Y,Y,Y,N/A,N/A,Approved,,Y,0.7
KYC01379,C01281,Onboarding,Simplified,KYC Onboarding,AN001,2024-05-27,2024-05-28,5,1.0,N,Y,Y,N,N/A,N/A,Approved,,Y,0.8
KYC01380,C01282,Onboarding,Standard,KYC Onboarding,AN004,2024-09-09,2024-09-22,10,13.0,Y,Y,N,N,N/A,N/A,Approved,,Y,10.5
KYC01381,C01283,Onboarding,Standard,KYC Onboarding,AN004,2025-06-20,2025-06-29,10,9.0,N,Y,Y,Y,N/A,N/A,Approved,,Y,7.0
KYC01382,C01284,Onboarding,Standard,Business Due Diligence,AN023,2025-04-19,2025-04-26,10,7.0,N,Y,Y,Y,N/A,N/A,Approved,,Y,4.2
KYC01384,C01285,Onboarding,Enhanced,Enhanced Due Diligence,AN020,2025-08-18,2025-09-17,30,30.0,N,Y,Y,Y,Y,N,Rejected,Sanctions match,Y,24.0
KYC01385,C01286,Onboarding,Standard,KYC Onboarding,AN001,2025-01-31,2025-02-01,10,1.0,N,Y,Y,N,N/A,N/A,Approved,,Y,0.5
KYC01386,C01287,Onboarding,Standard,Business Due Diligence,AN024,2024-10-19,2024-10-26,10,7.0,N,Y,Y,Y,N/A,N/A,Approved,,Y,6.3
KYC01387,C01288,Onboarding,Standard,KYC Onboarding,AN002,2025-02-11,2025-03-26,10,43.0,Y,Y,N,Y,N/A,N/A,Approved,,Y,32.8
KYC01388,C01289,Onboarding,Standard,Business Due Diligence,AN023,2024-10-08,2024-10-13,10,5.0,N,Y,Y,Y,N/A,N/A,Approved,,Y,3.2
KYC01389,C01290,Onboarding,Standard,KYC Onboarding,AN006,2024-04-25,2024-04-29,10,4.0,N,Y,Y,N,N/A,N/A,Approved,,Y,1.7
KYC01390,C01291,Onboarding,Standard,Business Due Diligence,AN023,2025-02-22,2025-03-11,10,17.0,Y,Y,Y,N,N/A,N/A,Approved,,Y,15.2
KYC01391,C01292,Onboarding,Enhanced,Enhanced Due Diligence,AN017,2024-08-03,2024-08-27,30,24.0,N,Y,Y,N,Y,N,Escalated to Compliance,,Y,18.3
KYC01392,C01292,Periodic Review,Enhanced,Enhanced Due Diligence,AN018,2025-07-15,2025-08-29,30,45.0,Y,Y,Y,Y,Y,Y,Approved,,Y,34.1
KYC01393,C01293,Onboarding,Simplified,KYC Onboarding,AN003,2024-07-10,2024-07-12,5,2.0,N,Y,Y,N,N/A,N/A,Approved,,Y,1.2
KYC01394,C01294,Onboarding,Standard,KYC Onboarding,AN006,2025-05-30,2025-06-03,10,4.0,N,Y,Y,N,N/A,N/A,Approved,,Y,3.3
KYC01395,C01295,Onboarding,Standard,Business Due Diligence,AN023,2024-02-15,2024-02-18,10,3.0,N,Y,Y,Y,N/A,N/A,Approved,,Y,2.1
KYC01396,C01296,Onboarding,Standard,KYC Onboarding,AN005,2024-01-16,2024-01-21,10,5.0,N,Y,Y,Y,N/A,N/A,Approved,,Y,3.7
KYC01397,C01297,Onboarding,Standard,KYC Onboarding,AN010,2024-09-15,2024-10-09,10,24.0,Y,Y,N,Y,N/A,N/A,Approved,,Y,18.3
KYC01398,C01298,Onboarding,Enhanced,Enhanced Due Diligence,AN017,2025-03-07,2025-03-31,30,24.0,N,Y,Y,Y,Y,Y,Approved,,Y,10.1
KYC01399,C01299,Onboarding,Standard,KYC Onboarding,AN002,2025-09-01,2025-09-08,10,7.0,N,Y,Y,Y,N/A,N/A,Approved,,Y,3.5
KYC01400,C01300,Onboarding,Standard,KYC Onboarding,AN004,2025-01-10,2025-01-24,10,14.0,Y,Y,Y,Y,N/A,N/A,Rejected,Incomplete documents,Y,7.7
KYC01401,C01301,Onboarding,Standard,KYC Onboarding,AN010,2024-07-06,2024-07-12,10,6.0,N,Y,Y,Y,N/A,N/A,Approved,,Y,3.4
KYC01402,C01302,Onboarding,Standard,KYC Onboarding,AN001,2024-09-08,2024-09-12,10,4.0,N,N,Y,Y,N/A,N/A,Approved,,Y,3.1
KYC01403,C01303,Onboarding,Standard,Business Due Diligence,AN024,2024-10-03,2024-10-28,10,25.0,Y,Y,Y,Y,N/A,N/A,Rejected,Incomplete documents,Y,13.6
KYC01404,C01304,Onboarding,Standard,KYC Onboarding,AN002,2024-08-29,2024-09-04,10,6.0,N,Y,Y,Y,N/A,N/A,Approved,,Y,4.1
KYC01405,C01305,Onboarding,Simplified,KYC Onboarding,AN010,2025-04-29,2025-05-02,5,3.0,N,Y,Y,Y,N/A,N/A,Approved,,Y,1.9
KYC01406,C01306,Onboarding,Standard,KYC Onboarding,AN001,2025-08-06,2025-08-14,10,8.0,N,Y,Y,Y,N/A,N/A,Approved,,Y,5.9
KYC01407,C01307,Onboarding,Enhanced,Enhanced Due Diligence,AN018,2025-05-30,2025-07-08,30,39.0,Y,Y,Y,Y,N,Y,Approved,,Y,21.4
KYC01408,C01308,Onboarding,Simplified,KYC Onboarding,AN002,2024-10-06,2024-10-07,5,1.0,N,Y,Y,N,N/A,N/A,Approved,,Y,0.9
KYC01409,C01309,Onboarding,Standard,Business Due Diligence,AN025,2024-07-27,2024-08-04,10,8.0,N,Y,Y,Y,N/A,N/A,Approved,,Y,7.1
KYC01410,C01310,Onboarding,Standard,Business Due Diligence,AN023,2024-02-25,2024-02-27,10,2.0,N,Y,Y,N,N/A,N/A,Approved,,N,1.5
KYC01411,C01311,Onboarding,Standard,Business Due Diligence,AN023,2025-08-02,2025-08-07,10,5.0,N,Y,Y,Y,N/A,N/A,Approved,,Y,3.8
KYC01412,C01312,Onboarding,Standard,Business Due Diligence,AN023,2025-12-01,2025-12-02,10,1.0,N,Y,Y,Y,N/A,N/A,Approved,,Y,0.7
KYC01413,C01313,Onboarding,Standard,Business Due Diligence,AN023,2024-02-10,2024-02-11,10,1.0,N,Y,Y,Y,N/A,N/A,Rejected,Sanctions match,Y,0.8
KYC01414,C01314,Onboarding,Enhanced,Enhanced Due Diligence,AN018,2024-04-02,2024-05-16,30,44.0,Y,Y,Y,Y,Y,Y,Approved,,Y,23.5
KYC01415,C01314,Periodic Review,Enhanced,Enhanced Due Diligence,AN020,2025-03-26,2025-04-06,30,11.0,N,Y,Y,Y,Y,Y,Approved,,Y,7.3
KYC01416,C01315,Onboarding,Standard,KYC Onboarding,AN005,2024-06-02,2024-06-13,10,11.0,Y,Y,Y,Y,N/A,N/A,Approved,,Y,6.5
KYC01417,C01316,Onboarding,Standard,Business Due Diligence,AN025,2025-08-04,2025-08-08,10,4.0,N,Y,Y,Y,N/A,N/A,Approved,,N,3.2
KYC01418,C01317,Onboarding,Standard,KYC Onboarding,AN010,2024-06-06,2024-06-12,10,6.0,N,Y,N,Y,N/A,N/A,Approved,,Y,2.9
KYC01419,C01318,Onboarding,Standard,KYC Onboarding,AN005,2024-01-08,2024-01-09,10,1.0,N,Y,Y,Y,N/A,N/A,Approved,,Y,0.4
KYC01420,C01319,Onboarding,Standard,Business Due Diligence,AN026,2024-09-02,2024-09-12,10,10.0,N,Y,Y,Y,N/A,N/A,Approved,,Y,5.7
KYC01421,C01320,Onboarding,Standard,Business Due Diligence,AN023,2024-09-22,2024-10-05,10,13.0,Y,Y,Y,N,N/A,N/A,Approved,,Y,7.8
KYC01422,C01321,Onboarding,Standard,Business Due Diligence,AN022,2024-10-15,2024-10-21,10,6.0,N,Y,Y,Y,N/A,N/A,Rejected,Unacceptable risk appetite,Y,2.4
KYC01423,C01322,Onboarding,Simplified,KYC Onboarding,AN004,2025-01-09,2025-01-12,5,3.0,N,Y,Y,Y,N/A,N/A,Approved,,Y,1.2
KYC01424,C01323,Onboarding,Standard,KYC Onboarding,AN001,2024-06-24,2024-07-03,10,9.0,N,Y,Y,N,N/A,N/A,Approved,,Y,4.0
KYC01425,C01324,Onboarding,Standard,KYC Onboarding,AN009,2024-01-21,2024-01-26,10,5.0,N,Y,Y,Y,N/A,N/A,Approved,,Y,4.2
KYC01426,C01325,Onboarding,Standard,KYC Onboarding,AN007,2024-03-17,2024-03-18,10,1.0,N,Y,Y,N,N/A,N/A,Approved,,Y,0.9
KYC01427,C01326,Onboarding,Standard,KYC Onboarding,AN007,2025-06-17,2025-06-20,10,3.0,N,Y,Y,Y,N/A,N/A,Approved,,Y,1.8
KYC01428,C01327,Onboarding,Standard,KYC Onboarding,AN010,2025-04-25,2025-05-05,10,10.0,N,Y,N,Y,N/A,N/A,Approved,,N,4.5
KYC01429,C01328,Onboarding,Standard,KYC Onboarding,AN005,2024-07-07,2024-07-14,10,7.0,N,Y,N,Y,N/A,N/A,Approved,,Y,3.7
KYC01430,C01329,Onboarding,Standard,Business Due Diligence,AN022,2025-11-17,2025-11-24,10,7.0,N,Y,Y,N,N/A,N/A,Approved,,Y,4.6
KYC01431,C01330,Onboarding,Standard,KYC Onboarding,AN002,2025-01-27,2025-01-29,10,2.0,N,Y,Y,Y,N/A,N/A,Approved,,N,1.2
KYC01432,C01331,Onboarding,Standard,Business Due Diligence,AN026,2025-08-04,2025-08-22,10,18.0,Y,Y,Y,Y,N/A,N/A,Approved,,Y,13.4
KYC01433,C01332,Onboarding,Simplified,KYC Onboarding,AN003,2025-07-29,2025-08-05,5,7.0,Y,Y,Y,Y,N/A,N/A,Approved,,Y,4.3
KYC01434,C01333,Onboarding,Standard,KYC Onboarding,AN002,2024-08-06,2024-08-09,10,3.0,N,Y,Y,Y,N/A,N/A,Approved,,Y,2.4
KYC01435,C01334,Onboarding,Standard,KYC Onboarding,AN003,2025-03-05,2025-03-14,10,9.0,N,Y,Y,Y,N/A,N/A,Approved,,Y,7.1
KYC01436,C01335,Onboarding,Standard,KYC Onboarding,AN001,2025-03-05,2025-03-08,10,3.0,N,Y,N,Y,N/A,N/A,Approved,,Y,2.1
KYC01437,C01336,Onboarding,Standard,Business Due Diligence,AN025,2024-11-27,2024-12-08,10,11.0,Y,Y,Y,Y,N/A,N/A,Approved,,Y,6.8
KYC01438,C01337,Onboarding,Standard,KYC Onboarding,AN001,2025-04-05,2025-04-17,10,12.0,Y,Y,Y,Y,N/A,N/A,Approved,,Y,8.4
KYC01439,C01338,Onboarding,Standard,KYC Onboarding,AN005,2024-08-29,2024-08-31,10,2.0,N,Y,Y,N,N/A,N/A,Approved,,Y,1.7
KYC01440,C01339,Onboarding,Standard,Business Due Diligence,AN022,2024-03-09,2024-03-21,10,12.0,Y,Y,Y,Y,N/A,N/A,Approved,,Y,9.1
KYC01441,C01340,Onboarding,Standard,Business Due Diligence,AN022,2024-02-01,2024-02-08,10,7.0,N,Y,Y,Y,N/A,N/A,Approved,,Y,5.1
KYC01442,C01341,Onboarding,Standard,KYC Onboarding,AN002,2024-11-19,2024-11-24,10,5.0,N,Y,Y,N,N/A,N/A,Approved,,Y,3.7
KYC01443,C01342,Onboarding,Simplified,KYC Onboarding,AN008,2025-10-27,2025-11-01,5,5.0,N,Y,N,N,N/A,N/A,Approved,,Y,4.1
KYC01444,C01343,Onboarding,Standard,KYC Onboarding,AN009,2024-06-03,2024-06-12,10,9.0,N,Y,Y,Y,N/A,N/A,Approved,,Y,7.2
KYC01445,C01344,Onboarding,Simplified,KYC Onboarding,AN002,2025-03-04,2025-03-07,5,3.0,N,Y,Y,N,N/A,N/A,Approved,,Y,1.8
KYC01446,C01345,Onboarding,Standard,KYC Onboarding,AN001,2024-04-26,2024-05-05,10,9.0,N,Y,Y,Y,N/A,N/A,Approved,,N,4.7
KYC01447,C01346,Onboarding,Simplified,KYC Onboarding,AN001,2025-04-05,2025-04-07,5,2.0,N,Y,Y,N,N/A,N/A,Approved,,Y,1.3
KYC01448,C01347,Onboarding,Standard,Business Due Diligence,AN024,2024-05-11,2024-05-25,10,14.0,Y,Y,Y,Y,N/A,N/A,Approved,,N,9.8
KYC01449,C01348,Onboarding,Standard,KYC Onboarding,AN001,2024-11-14,2024-11-17,10,3.0,N,Y,Y,Y,N/A,N/A,Approved,,Y,1.9
KYC01450,C01349,Onboarding,Standard,KYC Onboarding,AN004,2025-08-10,2025-08-15,10,5.0,N,Y,Y,Y,N/A,N/A,Rejected,Unverifiable identity,Y,3.2
KYC01451,C01350,Onboarding,Standard,KYC Onboarding,AN010,2024-09-25,2024-10-03,10,8.0,N,Y,Y,Y,N/A,N/A,Approved,,N,6.1
KYC01452,C01351,Onboarding,Standard,Business Due Diligence,AN026,2025-11-09,2025-11-24,10,15.0,Y,Y,Y,Y,N/A,N/A,Approved,,Y,10.7
KYC01453,C01352,Onboarding,Standard,KYC Onboarding,AN005,2024-02-02,2024-02-05,10,3.0,N,Y,Y,Y,N/A,N/A,Approved,,Y,2.3
KYC01454,C01353,Onboarding,Standard,Business Due Diligence,AN022,2024-03-01,2024-03-15,10,14.0,Y,Y,Y,N,N/A,N/A,Approved,,Y,5.9
KYC01455,C01354,Onboarding,Standard,Business Due Diligence,AN022,2024-05-03,2024-05-07,10,4.0,N,Y,Y,Y,N/A,N/A,Approved,,Y,3.0
KYC01456,C01355,Onboarding,Simplified,KYC Onboarding,AN008,2024-06-25,2024-06-26,5,1.0,N,Y,Y,N,N/A,N/A,Approved,,N,0.4
KYC01457,C01356,Onboarding,Standard,KYC Onboarding,AN007,2024-11-06,2024-11-07,10,1.0,N,Y,Y,Y,N/A,N/A,Approved,,Y,0.9
KYC01458,C01357,Onboarding,Standard,KYC Onboarding,AN004,2025-10-26,2025-11-06,10,11.0,Y,Y,Y,Y,N/A,N/A,Approved,,Y,9.8
KYC01459,C01358,Onboarding,Standard,KYC Onboarding,AN009,2024-06-22,2024-06-27,10,5.0,N,Y,Y,N,N/A,N/A,Approved,,Y,2.2
KYC01460,C01359,Onboarding,Enhanced,Enhanced Due Diligence,AN018,2024-09-16,2024-10-10,30,24.0,N,Y,Y,Y,Y,Y,Approved,,N,13.7
KYC01461,C01359,Periodic Review,Enhanced,Enhanced Due Diligence,AN020,2025-09-19,2025-09-23,30,4.0,N,Y,Y,Y,Y,N,Rejected,Unacceptable risk appetite,Y,2.1
KYC01462,C01360,Onboarding,Standard,KYC Onboarding,AN007,2024-01-31,2024-02-01,10,1.0,N,Y,Y,Y,N/A,N/A,Approved,,Y,0.4
KYC01463,C01361,Onboarding,Enhanced,Enhanced Due Diligence,AN017,2025-06-04,2025-06-17,30,13.0,N,Y,Y,N,Y,Y,Approved,,Y,9.5
KYC01464,C01362,Onboarding,Standard,KYC Onboarding,AN008,2025-02-03,2025-02-10,10,7.0,N,Y,Y,Y,N/A,N/A,Rejected,Unverifiable identity,Y,4.7
KYC01465,C01363,Onboarding,Standard,KYC Onboarding,AN001,2024-01-29,2024-02-16,10,18.0,Y,Y,Y,Y,N/A,N/A,Approved,,Y,7.7
KYC01466,C01364,Onboarding,Simplified,KYC Onboarding,AN007,2024-12-01,2024-12-04,5,3.0,N,Y,Y,N,N/A,N/A,Approved,,Y,1.4
KYC01467,C01365,Onboarding,Simplified,KYC Onboarding,AN009,2024-06-07,2024-06-08,5,1.0,N,Y,Y,Y,N/A,N/A,Approved,,Y,0.8
KYC01468,C01366,Onboarding,Standard,KYC Onboarding,AN007,2024-11-02,2024-11-06,10,4.0,N,Y,Y,Y,N/A,N/A,Approved,,Y,3.3
KYC01469,C01367,Onboarding,Standard,KYC Onboarding,AN005,2024-07-25,2024-07-27,10,2.0,N,Y,Y,Y,N/A,N/A,Approved,,Y,1.6
KYC01470,C01368,Onboarding,Standard,KYC Onboarding,AN001,2025-07-27,2025-07-30,10,3.0,N,Y,Y,Y,N/A,N/A,Approved,,N,2.0
KYC01471,C01369,Onboarding,Standard,Business Due Diligence,AN024,2024-02-12,2024-02-15,10,3.0,N,Y,Y,Y,N/A,N/A,Approved,,Y,1.6
KYC01472,C01370,Onboarding,Standard,KYC Onboarding,AN007,2025-03-10,2025-03-23,10,13.0,Y,Y,Y,Y,N/A,N/A,Approved,,Y,8.8
KYC01473,C01371,Onboarding,Standard,Business Due Diligence,AN025,2025-07-31,2025-08-08,10,8.0,N,Y,Y,Y,N/A,N/A,Approved,,Y,5.5
KYC01474,C01372,Onboarding,Standard,KYC Onboarding,AN010,2024-01-02,2024-01-04,10,2.0,N,Y,Y,Y,N/A,N/A,Approved,,Y,1.7
KYC01475,C01373,Onboarding,Standard,KYC Onboarding,AN007,2025-10-19,2025-11-08,10,20.0,Y,Y,Y,Y,N/A,N/A,Approved,,Y,12.2
KYC01476,C01374,Onboarding,Standard,KYC Onboarding,AN004,2025-07-08,2025-07-13,10,5.0,N,Y,Y,Y,N/A,N/A,Approved,,Y,2.7
KYC01477,C01375,Onboarding,Standard,KYC Onboarding,AN007,2024-07-20,2024-07-26,10,6.0,N,Y,Y,Y,N/A,N/A,Rejected,Unverifiable identity,Y,4.6
KYC01478,C01376,Onboarding,Standard,KYC Onboarding,AN010,2024-12-16,2024-12-23,10,7.0,N,Y,Y,Y,N/A,N/A,Approved,,Y,5.9
KYC01479,C01377,Onboarding,Standard,KYC Onboarding,AN001,2025-05-12,2025-05-14,10,2.0,N,Y,Y,Y,N/A,N/A,Approved,,Y,1.7
KYC01480,C01378,Onboarding,Standard,Business Due Diligence,AN023,2025-01-08,2025-01-23,10,15.0,Y,Y,Y,Y,N/A,N/A,Approved,,N,9.6
KYC01481,C01379,Onboarding,Standard,KYC Onboarding,AN006,2025-07-05,2025-07-13,10,8.0,N,Y,Y,Y,N/A,N/A,Approved,,Y,4.7
KYC01482,C01380,Onboarding,Standard,KYC Onboarding,AN002,2025-10-08,2025-10-21,10,13.0,Y,Y,Y,Y,N/A,N/A,Approved,,Y,7.3
KYC01483,C01381,Onboarding,Simplified,KYC Onboarding,AN008,2024-09-15,2024-09-21,5,6.0,Y,Y,Y,N,N/A,N/A,Approved,,Y,4.5
KYC01484,C01382,Onboarding,Simplified,KYC Onboarding,AN002,2024-03-16,2024-03-18,5,2.0,N,Y,Y,Y,N/A,N/A,Approved,,Y,1.0
KYC01485,C01383,Onboarding,Simplified,KYC Onboarding,AN005,2024-11-08,2024-11-11,5,3.0,N,Y,Y,N,N/A,N/A,Approved,,Y,1.5
KYC01486,C01384,Onboarding,Simplified,KYC Onboarding,AN003,2025-03-12,2025-03-14,5,2.0,N,Y,Y,N,N/A,N/A,Approved,,Y,1.8
KYC01487,C01385,Onboarding,Standard,KYC Onboarding,AN006,2025-07-20,2025-07-21,10,1.0,N,Y,Y,N,N/A,N/A,Approved,,Y,0.5
KYC01488,C01386,Onboarding,Simplified,KYC Onboarding,AN004,2024-07-23,2024-07-25,5,2.0,N,Y,Y,N,N/A,N/A,Approved,,Y,1.8
KYC01489,C01387,Onboarding,Standard,Business Due Diligence,AN026,2025-11-05,2025-11-12,10,7.0,N,Y,Y,Y,N/A,N/A,Approved,,Y,3.7
KYC01490,C01388,Onboarding,Standard,KYC Onboarding,AN002,2024-01-24,2024-01-27,10,3.0,N,Y,Y,Y,N/A,N/A,Approved,,Y,1.9
KYC01491,C01389,Onboarding,Standard,Business Due Diligence,AN022,2025-02-27,2025-03-05,10,6.0,N,Y,Y,Y,N/A,N/A,Rejected,Source of funds unclear,Y,4.5
KYC01492,C01390,Onboarding,Simplified,KYC Onboarding,AN009,2024-11-12,2024-11-14,5,2.0,N,Y,Y,N,N/A,N/A,Approved,,Y,1.0
KYC01493,C01391,Onboarding,Standard,KYC Onboarding,AN003,2025-05-19,2025-05-27,10,8.0,N,Y,Y,Y,N/A,N/A,Approved,,Y,5.2
KYC01494,C01392,Onboarding,Standard,Business Due Diligence,AN022,2024-07-26,2024-07-30,10,4.0,N,Y,Y,Y,N/A,N/A,Approved,,Y,3.1
KYC01495,C01393,Onboarding,Standard,KYC Onboarding,AN007,2025-11-09,2025-11-12,10,3.0,N,Y,Y,Y,N/A,N/A,Approved,,Y,1.8
KYC01496,C01394,Onboarding,Standard,Business Due Diligence,AN026,2023-12-29,2024-01-03,10,5.0,N,Y,Y,Y,N/A,N/A,Approved,,Y,3.5
KYC01497,C01395,Onboarding,Standard,KYC Onboarding,AN006,2025-08-18,2025-08-27,10,9.0,N,Y,Y,Y,N/A,N/A,Approved,,Y,3.8
KYC01498,C01396,Onboarding,Standard,KYC Onboarding,AN005,2024-12-22,2024-12-23,10,1.0,N,Y,Y,Y,N/A,N/A,Approved,,Y,0.8
KYC01499,C01397,Onboarding,Enhanced,Enhanced Due Diligence,AN018,2025-01-12,2025-01-27,30,15.0,N,N,Y,Y,N,N,Rejected,Customer withdrew,Y,7.1
KYC01500,C01398,Onboarding,Standard,KYC Onboarding,AN003,2024-08-14,2024-09-02,10,19.0,Y,Y,Y,Y,N/A,N/A,Rejected,Adverse media,Y,11.4
KYC01501,C01399,Onboarding,Standard,KYC Onboarding,AN001,2024-10-09,2024-10-10,10,1.0,N,Y,N,Y,N/A,N/A,Approved,,Y,0.8
KYC01502,C01400,Onboarding,Standard,KYC Onboarding,AN007,2024-11-10,2024-11-13,10,3.0,N,Y,Y,Y,N/A,N/A,Approved,,Y,2.0
KYC01503,C01401,Onboarding,Standard,KYC Onboarding,AN006,2024-08-15,2024-08-16,10,1.0,N,Y,Y,Y,N/A,N/A,Approved,,Y,0.8
KYC01504,C01402,Onboarding,Enhanced,Enhanced Due Diligence,AN018,2024-01-07,2024-01-12,30,5.0,N,Y,Y,Y,Y,N,Rejected,Unverifiable identity,Y,3.0
KYC01505,C01402,Periodic Review,Enhanced,Enhanced Due Diligence,AN020,2025-01-12,2025-01-20,30,8.0,N,Y,Y,Y,Y,Y,Approved,,Y,3.2
KYC01506,C01403,Onboarding,Standard,KYC Onboarding,AN006,2024-10-17,2024-10-21,10,4.0,N,Y,Y,N,N/A,N/A,Approved,,N,1.8
KYC01507,C01404,Onboarding,Standard,KYC Onboarding,AN008,2024-10-17,2024-10-25,10,8.0,N,Y,Y,Y,N/A,N/A,Approved,,Y,6.7
KYC01508,C01405,Onboarding,Enhanced,Enhanced Due Diligence,AN018,2025-06-08,2025-07-30,30,52.0,Y,Y,Y,Y,Y,Y,Approved,,Y,23.4
KYC01509,C01406,Onboarding,Standard,KYC Onboarding,AN003,2024-12-08,2024-12-10,10,2.0,N,Y,Y,Y,N/A,N/A,Approved,,Y,1.0
KYC01510,C01407,Onboarding,Standard,Business Due Diligence,AN023,2025-02-03,2025-02-08,10,5.0,N,Y,Y,Y,N/A,N/A,Approved,,Y,3.2
KYC01511,C01408,Onboarding,Standard,KYC Onboarding,AN004,2024-12-04,2024-12-11,10,7.0,N,Y,Y,Y,N/A,N/A,Approved,,Y,3.7
KYC01512,C01409,Onboarding,Standard,KYC Onboarding,AN004,2024-11-03,2024-11-16,10,13.0,Y,Y,Y,Y,N/A,N/A,Approved,,Y,6.4
KYC01513,C01410,Onboarding,Enhanced,Enhanced Due Diligence,AN020,2025-06-08,2025-06-26,30,18.0,N,Y,N,Y,Y,N,Rejected,Unacceptable risk appetite,Y,13.0
KYC01515,C01411,Onboarding,Standard,KYC Onboarding,AN002,2025-05-06,2025-05-09,10,3.0,N,Y,Y,Y,N/A,N/A,Rejected,Source of funds unclear,Y,1.3
KYC01516,C01412,Onboarding,Simplified,KYC Onboarding,AN003,2025-12-22,2025-12-26,5,4.0,N,Y,Y,N,N/A,N/A,Approved,,Y,2.7
KYC01517,C01413,Onboarding,Standard,KYC Onboarding,AN009,2024-12-28,2025-01-06,10,9.0,N,Y,Y,Y,N/A,N/A,Approved,,Y,6.2
KYC01518,C01414,Onboarding,Standard,Business Due Diligence,AN022,2024-01-17,2024-01-22,10,5.0,N,Y,Y,Y,N/A,N/A,Approved,,Y,2.4
KYC01519,C01415,Onboarding,Standard,Business Due Diligence,AN025,2025-03-03,2025-03-16,10,13.0,Y,Y,Y,Y,N/A,N/A,Approved,,N,9.5
KYC01520,C01416,Onboarding,Standard,KYC Onboarding,AN010,2024-10-13,2024-10-23,10,10.0,N,Y,N,N,N/A,N/A,Approved,,Y,8.0
KYC01521,C01417,Onboarding,Enhanced,Enhanced Due Diligence,AN017,2024-03-09,2024-04-15,30,37.0,Y,Y,Y,Y,Y,Y,Approved,,Y,16.2
KYC01522,C01417,Periodic Review,Enhanced,Enhanced Due Diligence,AN021,2025-03-09,2025-03-27,30,18.0,N,Y,Y,Y,Y,N,Escalated to Compliance,,Y,12.0
KYC01523,C01417,Trigger Event Review,Enhanced,Enhanced Due Diligence,AN020,2025-01-14,2025-03-12,30,57.0,Y,Y,Y,Y,Y,Y,Approved,,Y,46.7
KYC01524,C01418,Onboarding,Standard,Business Due Diligence,AN022,2025-09-17,2025-09-27,10,10.0,N,Y,Y,Y,N/A,N/A,Rejected,Sanctions match,Y,4.6
KYC01525,C01419,Onboarding,Standard,KYC Onboarding,AN009,2025-04-06,2025-04-08,10,2.0,N,Y,Y,Y,N/A,N/A,Approved,,Y,1.4
KYC01526,C01420,Onboarding,Standard,KYC Onboarding,AN004,2025-03-30,2025-04-02,10,3.0,N,Y,Y,N,N/A,N/A,Approved,,Y,2.6
KYC01527,C01421,Onboarding,Standard,KYC Onboarding,AN001,2025-04-09,2025-04-18,10,9.0,N,Y,Y,Y,N/A,N/A,Approved,,Y,7.7
KYC01528,C01422,Onboarding,Standard,KYC Onboarding,AN008,2025-12-19,2025-12-30,10,11.0,Y,Y,Y,Y,N/A,N/A,Approved,,Y,9.1
KYC01529,C01423,Onboarding,Standard,Business Due Diligence,AN026,2025-05-16,2025-05-18,10,2.0,N,Y,Y,Y,N/A,N/A,Approved,,Y,1.1
KYC01530,C01424,Onboarding,Standard,Business Due Diligence,AN023,2025-06-01,2025-06-10,10,9.0,N,Y,Y,Y,N/A,N/A,Approved,,Y,4.4
KYC01531,C01425,Onboarding,Standard,Business Due Diligence,AN026,2025-06-29,2025-06-30,10,1.0,N,Y,Y,Y,N/A,N/A,Approved,,Y,0.6
KYC01532,C01426,Onboarding,Simplified,KYC Onboarding,AN008,2025-06-10,2025-06-15,5,5.0,N,Y,Y,Y,N/A,N/A,Approved,,Y,4.3
KYC01533,C01427,Onboarding,Standard,KYC Onboarding,AN008,2025-05-26,2025-06-01,10,6.0,N,Y,Y,Y,N/A,N/A,Approved,,Y,2.5
KYC01534,C01428,Onboarding,Standard,KYC Onboarding,AN008,2024-02-21,2024-02-29,10,8.0,N,Y,Y,N,N/A,N/A,Approved,,Y,3.8
KYC01535,C01429,Onboarding,Standard,KYC Onboarding,AN001,2024-10-21,2024-10-28,10,7.0,N,Y,Y,N,N/A,N/A,Approved,,Y,6.0
KYC01536,C01430,Onboarding,Standard,KYC Onboarding,AN003,2024-07-20,2024-07-22,10,2.0,N,Y,Y,Y,N/A,N/A,Approved,,Y,1.4
KYC01537,C01431,Onboarding,Standard,KYC Onboarding,AN002,2025-10-12,2025-10-23,10,11.0,Y,Y,Y,Y,N/A,N/A,Approved,,Y,8.0
KYC01538,C01432,Onboarding,Standard,KYC Onboarding,AN008,2025-02-27,2025-03-01,10,2.0,N,Y,Y,Y,N/A,N/A,Approved,,N,1.3
KYC01539,C01433,Onboarding,Standard,KYC Onboarding,AN008,2025-01-09,2025-01-18,10,9.0,N,Y,Y,Y,N/A,N/A,Approved,,Y,6.9
KYC01540,C01434,Onboarding,Standard,Business Due Diligence,AN025,2025-01-16,2025-01-24,10,8.0,N,Y,Y,Y,N/A,N/A,Approved,,Y,6.5
KYC01541,C01435,Onboarding,Enhanced,Enhanced Due Diligence,AN019,2025-05-12,2025-05-27,30,15.0,N,Y,Y,Y,Y,Y,Approved,,Y,6.5
KYC01542,C01436,Onboarding,Simplified,KYC Onboarding,AN003,2025-07-08,2025-07-11,5,3.0,N,Y,Y,N,N/A,N/A,Approved,,N,1.4
KYC01543,C01437,Onboarding,Enhanced,Enhanced Due Diligence,AN019,2024-05-23,2024-06-02,30,10.0,N,Y,Y,Y,Y,Y,Approved,,Y,4.2
KYC01544,C01437,Periodic Review,Enhanced,Enhanced Due Diligence,AN017,2025-07-02,2025-07-23,30,21.0,N,Y,Y,Y,Y,N,Escalated to Compliance,,Y,18.1
KYC01545,C01438,Onboarding,Standard,Business Due Diligence,AN025,2025-12-23,2025-12-28,10,5.0,N,Y,Y,Y,N/A,N/A,Approved,,Y,2.0
KYC01546,C01439,Onboarding,Enhanced,Enhanced Due Diligence,AN021,2025-07-10,2025-08-21,30,42.0,Y,Y,Y,Y,Y,N,Rejected,Source of funds unclear,Y,16.9
KYC01547,C01440,Onboarding,Standard,KYC Onboarding,AN007,2024-05-27,2024-06-04,10,8.0,N,Y,Y,N,N/A,N/A,Approved,,Y,6.1
KYC01548,C01441,Onboarding,Standard,Business Due Diligence,AN026,2025-03-16,2025-03-22,10,6.0,N,Y,Y,Y,N/A,N/A,Approved,,Y,3.6
KYC01549,C01442,Onboarding,Standard,KYC Onboarding,AN008,2024-11-09,2024-11-19,10,10.0,N,Y,Y,Y,N/A,N/A,Approved,,Y,6.3
KYC01550,C01443,Onboarding,Simplified,KYC Onboarding,AN004,2024-09-28,2024-09-30,5,2.0,N,Y,N,Y,N/A,N/A,Approved,,Y,1.5
KYC01551,C01444,Onboarding,Simplified,KYC Onboarding,AN001,2025-09-22,2025-09-27,5,5.0,N,Y,Y,Y,N/A,N/A,Approved,,N,4.0
KYC01553,C01445,Onboarding,Standard,KYC Onboarding,AN010,2024-07-24,2024-07-31,10,7.0,N,Y,Y,Y,N/A,N/A,Approved,,Y,3.3
KYC01554,C01446,Onboarding,Standard,KYC Onboarding,AN008,2025-09-02,2025-09-03,10,1.0,N,Y,Y,Y,N/A,N/A,Approved,,Y,0.8
KYC01555,C01447,Onboarding,Standard,KYC Onboarding,AN002,2025-04-10,2025-05-10,10,30.0,Y,Y,Y,Y,N/A,N/A,Approved,,Y,23.4
KYC01556,C01448,Onboarding,Standard,Business Due Diligence,AN022,2025-08-19,2025-08-29,10,10.0,N,Y,Y,Y,N/A,N/A,Approved,,Y,8.2
KYC01557,C01449,Onboarding,Standard,KYC Onboarding,AN004,2025-06-26,2025-06-28,10,2.0,N,Y,Y,N,N/A,N/A,Approved,,Y,0.8
KYC01558,C01450,Onboarding,Standard,KYC Onboarding,AN006,2025-03-29,2025-04-01,10,3.0,N,Y,Y,Y,N/A,N/A,Approved,,Y,1.5
KYC01559,C01451,Onboarding,Standard,KYC Onboarding,AN001,2024-05-19,2024-05-22,10,3.0,N,Y,Y,Y,N/A,N/A,Approved,,Y,2.6
KYC01560,C01452,Onboarding,Simplified,KYC Onboarding,AN009,2025-12-26,2025-12-29,5,3.0,N,Y,Y,N,N/A,N/A,Approved,,Y,1.2
KYC01561,C01453,Onboarding,Standard,KYC Onboarding,AN009,2025-04-13,2025-04-17,10,4.0,N,Y,Y,Y,N/A,N/A,Approved,,Y,2.3
KYC01562,C01454,Onboarding,Standard,KYC Onboarding,AN009,2024-09-18,2024-09-22,10,4.0,N,Y,Y,N,N/A,N/A,Approved,,Y,3.5
KYC01563,C01455,Onboarding,Enhanced,Enhanced Due Diligence,AN021,2024-07-04,2024-07-21,30,17.0,N,Y,Y,N,N,N,Rejected,Source of funds unclear,N,10.8
KYC01564,C01455,Periodic Review,Enhanced,Enhanced Due Diligence,AN017,2025-06-19,2025-07-12,30,23.0,N,Y,Y,N,Y,Y,Approved,,Y,20.4
KYC01565,C01456,Onboarding,Enhanced,Enhanced Due Diligence,AN019,2024-03-22,2024-04-17,30,26.0,N,Y,Y,Y,Y,N,Rejected,Unacceptable risk appetite,Y,18.3
KYC01566,C01456,Periodic Review,Enhanced,Enhanced Due Diligence,AN020,2025-04-23,2025-06-07,30,45.0,Y,Y,Y,Y,Y,Y,Approved,,Y,39.6
KYC01567,C01457,Onboarding,Standard,Business Due Diligence,AN023,2024-08-14,2024-08-29,10,15.0,Y,Y,Y,Y,N/A,N/A,Approved,,Y,8.0
KYC01568,C01458,Onboarding,Standard,KYC Onboarding,AN003,2024-04-05,2024-04-08,10,3.0,N,Y,Y,Y,N/A,N/A,Approved,,Y,1.2
KYC01569,C01459,Onboarding,Standard,KYC Onboarding,AN004,2025-10-10,2025-10-12,10,2.0,N,Y,Y,N,N/A,N/A,Approved,,Y,1.3
KYC01570,C01460,Onboarding,Enhanced,Enhanced Due Diligence,AN018,2024-11-10,2024-12-15,30,35.0,Y,Y,Y,Y,Y,Y,Approved,,Y,23.6
KYC01571,C01460,Periodic Review,Enhanced,Enhanced Due Diligence,AN019,2025-12-17,,30,,,Y,Y,Y,Y,N,Pending,,,0.0
KYC01572,C01461,Onboarding,Standard,Business Due Diligence,AN024,2025-03-29,2025-04-09,10,11.0,Y,Y,Y,Y,N/A,N/A,Approved,,Y,6.3
KYC01573,C01462,Onboarding,Simplified,KYC Onboarding,AN006,2025-08-11,2025-08-13,5,2.0,N,Y,Y,N,N/A,N/A,Approved,,Y,0.8
KYC01574,C01463,Onboarding,Standard,Business Due Diligence,AN023,2025-12-03,2025-12-10,10,7.0,N,Y,Y,Y,N/A,N/A,Approved,,Y,5.7
KYC01575,C01464,Onboarding,Standard,Business Due Diligence,AN022,2024-11-23,2024-11-30,10,7.0,N,Y,Y,Y,N/A,N/A,Approved,,Y,6.2
KYC01576,C01465,Onboarding,Standard,Business Due Diligence,AN023,2024-02-06,2024-02-12,10,6.0,N,Y,Y,N,N/A,N/A,Approved,,Y,3.6
KYC01577,C01466,Onboarding,Standard,KYC Onboarding,AN002,2025-03-22,2025-04-05,10,14.0,Y,Y,Y,Y,N/A,N/A,Approved,,Y,8.2
KYC01578,C01467,Onboarding,Simplified,KYC Onboarding,AN003,2025-11-21,2025-11-23,5,2.0,N,Y,Y,N,N/A,N/A,Approved,,Y,1.2
KYC01579,C01468,Onboarding,Standard,KYC Onboarding,AN010,2024-09-18,2024-09-23,10,5.0,N,Y,Y,Y,N/A,N/A,Approved,,Y,3.2
KYC01580,C01469,Onboarding,Simplified,KYC Onboarding,AN006,2024-03-12,2024-03-14,5,2.0,N,Y,Y,Y,N/A,N/A,Approved,,Y,1.2
KYC01581,C01470,Onboarding,Standard,KYC Onboarding,AN002,2025-06-05,2025-06-11,10,6.0,N,Y,Y,Y,N/A,N/A,Approved,,Y,4.9
KYC01582,C01471,Onboarding,Standard,KYC Onboarding,AN008,2025-03-29,2025-04-03,10,5.0,N,Y,Y,N,N/A,N/A,Approved,,Y,2.0
KYC01583,C01472,Onboarding,Standard,KYC Onboarding,AN005,2024-04-21,2024-04-28,10,7.0,N,Y,Y,Y,N/A,N/A,Approved,,Y,4.1
KYC01584,C01473,Onboarding,Standard,KYC Onboarding,AN008,2024-01-03,2024-01-12,10,9.0,N,Y,N,N,N/A,N/A,Approved,,Y,7.8
KYC01585,C01474,Onboarding,Standard,Business Due Diligence,AN024,2025-01-15,2025-01-29,10,14.0,Y,Y,Y,Y,N/A,N/A,Approved,,Y,7.9
KYC01586,C01475,Onboarding,Standard,KYC Onboarding,AN009,2024-04-17,2024-04-18,10,1.0,N,Y,Y,Y,N/A,N/A,Approved,,Y,0.6
KYC01587,C01476,Onboarding,Standard,KYC Onboarding,AN010,2024-05-14,2024-05-21,10,7.0,N,Y,Y,Y,N/A,N/A,Approved,,Y,4.0
KYC01588,C01477,Onboarding,Standard,Business Due Diligence,AN026,2024-08-09,2024-08-17,10,8.0,N,Y,Y,Y,N/A,N/A,Approved,,Y,5.3
KYC01589,C01478,Onboarding,Standard,Business Due Diligence,AN022,2024-12-04,2024-12-17,10,13.0,Y,Y,Y,Y,N/A,N/A,Approved,,Y,10.2
KYC01590,C01479,Onboarding,Standard,Business Due Diligence,AN024,2025-08-18,2025-08-28,10,10.0,N,Y,Y,Y,N/A,N/A,Approved,,Y,4.3
KYC01591,C01480,Onboarding,Standard,Business Due Diligence,AN024,2024-11-07,2024-12-01,10,24.0,Y,Y,Y,Y,N/A,N/A,Approved,,Y,17.1
KYC01592,C01481,Onboarding,Standard,Business Due Diligence,AN022,2025-09-01,2025-09-04,10,3.0,N,Y,Y,Y,N/A,N/A,Approved,,Y,2.2
KYC01593,C01482,Onboarding,Simplified,KYC Onboarding,AN007,2025-03-13,2025-03-14,5,1.0,N,Y,Y,N,N/A,N/A,Approved,,Y,0.4
KYC01594,C01483,Onboarding,Standard,KYC Onboarding,AN006,2024-10-11,2024-10-25,10,14.0,Y,Y,Y,Y,N/A,N/A,Approved,,Y,12.5
KYC01595,C01484,Onboarding,Standard,KYC Onboarding,AN003,2025-01-03,2025-01-19,10,16.0,Y,Y,Y,Y,N/A,N/A,Approved,,Y,9.5
KYC01596,C01485,Onboarding,Standard,KYC Onboarding,AN006,2024-04-11,2024-04-14,10,3.0,N,Y,Y,Y,N/A,N/A,Approved,,Y,2.6
KYC01597,C01486,Onboarding,Standard,Business Due Diligence,AN026,2025-12-12,2025-12-19,10,7.0,N,Y,Y,Y,N/A,N/A,Approved,,Y,4.7
KYC01598,C01487,Onboarding,Standard,KYC Onboarding,AN008,2024-08-08,2024-08-09,10,1.0,N,Y,Y,Y,N/A,N/A,Rejected,Unverifiable identity,N,0.5
KYC01599,C01488,Onboarding,Standard,KYC Onboarding,AN008,2025-10-18,2025-10-21,10,3.0,N,Y,Y,Y,N/A,N/A,Approved,,Y,2.6
KYC01600,C01489,Onboarding,Standard,KYC Onboarding,AN001,2025-04-13,2025-04-30,10,17.0,Y,Y,Y,N,N/A,N/A,Approved,,Y,11.6
KYC01601,C01490,Onboarding,Standard,KYC Onboarding,AN006,2024-07-30,2024-08-03,10,4.0,N,Y,Y,Y,N/A,N/A,Approved,,Y,3.5
KYC01602,C01491,Onboarding,Simplified,KYC Onboarding,AN001,2024-12-21,2024-12-23,5,2.0,N,Y,Y,Y,N/A,N/A,Approved,,N,0.9
KYC01603,C01492,Onboarding,Enhanced,Enhanced Due Diligence,AN021,2024-03-28,2024-04-22,30,25.0,N,Y,Y,Y,Y,Y,Approved,,Y,16.6
KYC01604,C01492,Periodic Review,Enhanced,Enhanced Due Diligence,AN019,2025-03-20,2025-04-11,30,22.0,N,Y,Y,Y,Y,N,Rejected,Incomplete documents,Y,9.3
KYC01605,C01493,Onboarding,Standard,Business Due Diligence,AN023,2025-03-22,2025-03-27,10,5.0,N,Y,Y,Y,N/A,N/A,Rejected,Incomplete documents,Y,3.6
KYC01606,C01494,Onboarding,Standard,KYC Onboarding,AN002,2024-02-15,2024-02-16,10,1.0,N,Y,Y,Y,N/A,N/A,Approved,,Y,0.8
KYC01607,C01495,Onboarding,Standard,Business Due Diligence,AN025,2025-04-10,2025-04-13,10,3.0,N,Y,Y,N,N/A,N/A,Approved,,Y,2.7
KYC01608,C01496,Onboarding,Simplified,KYC Onboarding,AN006,2024-05-22,2024-05-25,5,3.0,N,Y,Y,N,N/A,N/A,Approved,,Y,2.0
KYC01609,C01497,Onboarding,Simplified,KYC Onboarding,AN003,2024-03-30,2024-03-31,5,1.0,N,Y,Y,Y,N/A,N/A,Approved,,Y,0.6
KYC01610,C01498,Onboarding,Simplified,KYC Onboarding,AN005,2024-06-08,2024-06-11,5,3.0,N,Y,N,N,N/A,N/A,Approved,,Y,1.6
KYC01611,C01499,Onboarding,Standard,Business Due Diligence,AN025,2024-03-03,2024-03-06,10,3.0,N,Y,Y,Y,N/A,N/A,Approved,,N,1.9
KYC01612,C01499,Trigger Event Review,Standard,Business Due Diligence,AN023,2025-02-21,2025-02-28,10,7.0,N,Y,Y,Y,N/A,N/A,Approved,,Y,4.1
KYC01613,C01500,Onboarding,Standard,KYC Onboarding,AN009,2025-10-08,2025-10-22,10,14.0,Y,Y,Y,Y,N/A,N/A,Rejected,Unverifiable identity,Y,6.0
KYC01614,C01501,Onboarding,Enhanced,Enhanced Due Diligence,AN017,2025-11-15,2025-11-22,30,7.0,N,Y,Y,Y,N,Y,Approved,,Y,6.2
KYC01615,C01502,Onboarding,Standard,KYC Onboarding,AN006,2025-11-07,2025-11-10,10,3.0,N,Y,Y,N,N/A,N/A,Approved,,Y,1.7
KYC01616,C01503,Onboarding,Standard,KYC Onboarding,AN005,2025-06-05,2025-06-10,10,5.0,N,Y,Y,Y,N/A,N/A,Rejected,Incomplete documents,N,3.1
KYC01617,C01504,Onboarding,Standard,Business Due Diligence,AN022,2024-06-16,2024-07-14,10,28.0,Y,Y,Y,Y,N/A,N/A,Approved,,Y,23.6
KYC01618,C01505,Onboarding,Standard,KYC Onboarding,AN002,2025-07-08,2025-07-10,10,2.0,N,Y,Y,Y,N/A,N/A,Approved,,Y,0.9
KYC01619,C01506,Onboarding,Standard,KYC Onboarding,AN002,2025-07-05,2025-07-10,10,5.0,N,Y,Y,Y,N/A,N/A,Approved,,Y,2.3
KYC01620,C01507,Onboarding,Enhanced,Enhanced Due Diligence,AN018,2024-06-18,2024-07-22,30,34.0,Y,Y,Y,Y,Y,N,Rejected,Unacceptable risk appetite,N,23.2
KYC01621,C01507,Periodic Review,Enhanced,Enhanced Due Diligence,AN018,2025-06-12,2025-07-25,30,43.0,Y,Y,Y,Y,Y,N,Escalated to Compliance,,Y,32.6
KYC01622,C01507,Trigger Event Review,Enhanced,Enhanced Due Diligence,AN017,2024-12-20,2025-01-08,30,19.0,N,Y,Y,N,Y,Y,Approved,,Y,11.7
KYC01623,C01508,Onboarding,Simplified,KYC Onboarding,AN005,2025-09-01,2025-09-02,5,1.0,N,Y,Y,Y,N/A,N/A,Approved,,Y,0.7
KYC01624,C01509,Onboarding,Simplified,KYC Onboarding,AN005,2025-12-28,2025-12-31,5,3.0,N,Y,Y,Y,N/A,N/A,Approved,,Y,2.3
KYC01625,C01510,Onboarding,Standard,KYC Onboarding,AN009,2024-10-01,2024-10-06,10,5.0,N,N,Y,Y,N/A,N/A,Approved,,Y,3.0
KYC01626,C01511,Onboarding,Standard,KYC Onboarding,AN005,2025-03-02,2025-03-27,10,25.0,Y,Y,Y,N,N/A,N/A,Approved,,Y,14.4
KYC01627,C01512,Onboarding,Standard,Business Due Diligence,AN026,2025-09-28,2025-10-03,10,5.0,N,Y,Y,N,N/A,N/A,Approved,,Y,3.2
KYC01628,C01513,Onboarding,Standard,Business Due Diligence,AN022,2024-07-10,2024-07-23,10,13.0,Y,Y,Y,Y,N/A,N/A,Approved,,Y,7.3
KYC01629,C01514,Onboarding,Standard,KYC Onboarding,AN008,2025-12-20,2025-12-21,10,1.0,N,Y,Y,Y,N/A,N/A,Approved,,Y,0.5
KYC01630,C01515,Onboarding,Standard,Business Due Diligence,AN023,2024-08-05,2024-08-09,10,4.0,N,Y,Y,Y,N/A,N/A,Approved,,Y,2.8
KYC01631,C01516,Onboarding,Simplified,KYC Onboarding,AN003,2025-12-04,2025-12-05,5,1.0,N,Y,Y,Y,N/A,N/A,Approved,,Y,0.8
KYC01632,C01517,Onboarding,Simplified,KYC Onboarding,AN006,2024-06-16,2024-06-23,5,7.0,Y,Y,Y,N,N/A,N/A,Approved,,Y,2.8
KYC01633,C01518,Onboarding,Standard,KYC Onboarding,AN005,2025-06-22,2025-07-01,10,9.0,N,N,Y,Y,N/A,N/A,Escalated to Compliance,,Y,6.9
KYC01634,C01519,Onboarding,Standard,Business Due Diligence,AN022,2025-01-17,2025-01-26,10,9.0,N,Y,Y,Y,N/A,N/A,Approved,,N,4.8
KYC01635,C01520,Onboarding,Standard,KYC Onboarding,AN002,2024-09-26,2024-09-30,10,4.0,N,Y,Y,Y,N/A,N/A,Approved,,Y,2.7
KYC01636,C01521,Onboarding,Standard,KYC Onboarding,AN010,2024-11-12,2024-11-13,10,1.0,N,Y,Y,Y,N/A,N/A,Approved,,Y,0.4
KYC01637,C01522,Onboarding,Standard,KYC Onboarding,AN004,2024-06-14,2024-06-16,10,2.0,N,Y,Y,Y,N/A,N/A,Approved,,Y,0.9
KYC01638,C01523,Onboarding,Standard,Business Due Diligence,AN025,2025-05-02,2025-05-07,10,5.0,N,Y,Y,Y,N/A,N/A,Approved,,Y,2.9
KYC01640,C01524,Onboarding,Standard,KYC Onboarding,AN009,2025-12-23,2025-12-26,10,3.0,N,Y,Y,Y,N/A,N/A,Approved,,Y,2.2
KYC01641,C01525,Onboarding,Standard,KYC Onboarding,AN009,2025-03-04,2025-03-09,10,5.0,N,Y,Y,Y,N/A,N/A,Approved,,Y,2.9
KYC01642,C01526,Onboarding,Standard,Business Due Diligence,AN022,2024-07-17,2024-07-28,10,11.0,Y,Y,Y,Y,N/A,N/A,Approved,,Y,7.2
KYC01643,C01527,Onboarding,Standard,KYC Onboarding,AN005,2025-05-01,2025-05-03,10,2.0,N,Y,N,N,N/A,N/A,Approved,,Y,1.1
KYC01644,C01528,Onboarding,Simplified,KYC Onboarding,AN005,2024-11-15,2024-11-21,5,6.0,Y,Y,Y,N,N/A,N/A,Approved,,Y,2.5
KYC01645,C01529,Onboarding,Standard,KYC Onboarding,AN010,2025-11-02,2025-11-16,10,14.0,Y,Y,Y,N,N/A,N/A,Approved,,Y,7.8
KYC01646,C01530,Onboarding,Standard,KYC Onboarding,AN001,2024-07-12,2024-07-14,10,2.0,N,Y,Y,Y,N/A,N/A,Approved,,N,1.0
KYC01647,C01531,Onboarding,Standard,KYC Onboarding,AN006,2025-01-12,2025-01-13,10,1.0,N,Y,Y,N,N/A,N/A,Approved,,Y,0.5
KYC01648,C01532,Onboarding,Enhanced,Enhanced Due Diligence,AN019,2024-12-26,2025-02-24,30,60.0,Y,N,Y,Y,Y,N,Escalated to Compliance,,Y,39.7
KYC01650,C01533,Onboarding,Simplified,KYC Onboarding,AN007,2025-10-06,2025-10-07,5,1.0,N,Y,Y,Y,N/A,N/A,Approved,,Y,0.7
KYC01651,C01534,Onboarding,Simplified,KYC Onboarding,AN004,2024-03-18,2024-03-19,5,1.0,N,Y,Y,Y,N/A,N/A,Approved,,Y,0.9
KYC01652,C01535,Onboarding,Standard,Business Due Diligence,AN023,2025-03-27,2025-04-07,10,11.0,Y,Y,Y,Y,N/A,N/A,Approved,,Y,8.4
KYC01653,C01536,Onboarding,Standard,KYC Onboarding,AN007,2025-08-10,2025-08-13,10,3.0,N,Y,Y,Y,N/A,N/A,Approved,,Y,2.3
KYC01654,C01537,Onboarding,Simplified,KYC Onboarding,AN005,2024-09-20,2024-09-22,5,2.0,N,Y,N,Y,N/A,N/A,Approved,,Y,1.1
KYC01655,C01538,Onboarding,Standard,Business Due Diligence,AN024,2025-01-04,2025-01-15,10,11.0,Y,N,Y,Y,N/A,N/A,Approved,,Y,7.0
KYC01656,C01539,Onboarding,Standard,KYC Onboarding,AN006,2024-08-01,2024-08-03,10,2.0,N,Y,Y,N,N/A,N/A,Approved,,Y,1.7
KYC01657,C01540,Onboarding,Standard,Business Due Diligence,AN022,2024-10-31,2024-12-01,10,31.0,Y,Y,Y,Y,N/A,N/A,Approved,,Y,21.0
KYC01658,C01541,Onboarding,Enhanced,Enhanced Due Diligence,AN018,2025-11-24,2025-12-22,30,28.0,N,Y,Y,Y,Y,Y,Approved,,Y,16.5
KYC01659,C01542,Onboarding,Standard,KYC Onboarding,AN009,2024-09-22,2024-10-01,10,9.0,N,Y,Y,Y,N/A,N/A,Approved,,Y,5.9
KYC01660,C01543,Onboarding,Standard,KYC Onboarding,AN007,2024-05-27,2024-05-29,10,2.0,N,Y,Y,Y,N/A,N/A,Approved,,Y,1.1
KYC01661,C01544,Onboarding,Standard,KYC Onboarding,AN001,2025-02-24,2025-03-01,10,5.0,N,Y,Y,Y,N/A,N/A,Approved,,Y,2.9
KYC01662,C01545,Onboarding,Standard,KYC Onboarding,AN007,2024-12-05,2024-12-09,10,4.0,N,Y,Y,N,N/A,N/A,Approved,,Y,2.0
KYC01663,C01546,Onboarding,Standard,KYC Onboarding,AN006,2025-07-24,2025-08-01,10,8.0,N,Y,Y,Y,N/A,N/A,Approved,,Y,7.1
KYC01664,C01547,Onboarding,Standard,KYC Onboarding,AN006,2024-01-27,2024-02-07,10,11.0,Y,Y,Y,Y,N/A,N/A,Approved,,Y,6.9
KYC01665,C01548,Onboarding,Enhanced,Enhanced Due Diligence,AN020,2025-10-17,2025-11-28,30,42.0,Y,Y,Y,N,Y,N,Rejected,Sanctions match,Y,32.1
KYC01666,C01549,Onboarding,Standard,Business Due Diligence,AN025,2025-05-24,2025-06-06,10,13.0,Y,Y,Y,N,N/A,N/A,Approved,,Y,6.1
KYC01667,C01550,Onboarding,Standard,Business Due Diligence,AN025,2025-09-07,2025-09-16,10,9.0,N,Y,Y,Y,N/A,N/A,Approved,,Y,3.7
KYC01668,C01551,Onboarding,Simplified,KYC Onboarding,AN002,2024-10-23,2024-10-31,5,8.0,Y,Y,Y,Y,N/A,N/A,Approved,,Y,4.3
KYC01669,C01552,Onboarding,Standard,KYC Onboarding,AN010,2024-11-19,2024-12-01,10,12.0,Y,Y,Y,Y,N/A,N/A,Approved,,Y,4.8
KYC01670,C01553,Onboarding,Standard,KYC Onboarding,AN006,2024-08-31,2024-09-03,10,3.0,N,Y,Y,Y,N/A,N/A,Approved,,Y,2.1
KYC01671,C01554,Onboarding,Standard,KYC Onboarding,AN007,2025-08-29,2025-09-19,10,21.0,Y,N,Y,Y,N/A,N/A,Approved,,Y,18.0
KYC01672,C01555,Onboarding,Standard,Business Due Diligence,AN026,2024-02-18,2024-02-26,10,8.0,N,Y,N,Y,N/A,N/A,Approved,,Y,6.2
KYC01673,C01556,Onboarding,Standard,KYC Onboarding,AN006,2025-01-21,2025-01-22,10,1.0,N,Y,Y,N,N/A,N/A,Approved,,Y,0.6
KYC01674,C01557,Onboarding,Standard,KYC Onboarding,AN009,2024-07-05,2024-07-08,10,3.0,N,Y,Y,Y,N/A,N/A,Escalated to Compliance,,Y,1.9
KYC01675,C01558,Onboarding,Standard,Business Due Diligence,AN023,2025-04-11,2025-04-15,10,4.0,N,Y,Y,N,N/A,N/A,Approved,,Y,2.3
KYC01677,C01559,Onboarding,Standard,KYC Onboarding,AN003,2025-12-02,2025-12-10,10,8.0,N,Y,N,Y,N/A,N/A,Approved,,N,4.7
KYC01678,C01560,Onboarding,Standard,KYC Onboarding,AN004,2025-05-06,2025-05-18,10,12.0,Y,Y,Y,N,N/A,N/A,Approved,,N,7.9
KYC01679,C01561,Onboarding,Standard,KYC Onboarding,AN007,2024-01-29,2024-02-01,10,3.0,N,Y,Y,Y,N/A,N/A,Approved,,Y,2.1
KYC01680,C01562,Onboarding,Standard,KYC Onboarding,AN003,2024-10-18,2024-10-25,10,7.0,N,Y,Y,Y,N/A,N/A,Approved,,N,4.2
KYC01681,C01563,Onboarding,Standard,Business Due Diligence,AN025,2024-01-22,2024-02-02,10,11.0,Y,Y,Y,Y,N/A,N/A,Approved,,Y,5.9
KYC01682,C01564,Onboarding,Standard,KYC Onboarding,AN002,2024-12-18,2025-01-06,10,19.0,Y,Y,Y,Y,N/A,N/A,Approved,,Y,13.5
KYC01683,C01565,Onboarding,Enhanced,Enhanced Due Diligence,AN021,2024-05-04,2024-05-31,30,27.0,N,Y,Y,N,N,Y,Approved,,Y,23.7
KYC01684,C01565,Periodic Review,Enhanced,Enhanced Due Diligence,AN017,2025-06-14,2025-07-30,30,46.0,Y,Y,Y,Y,Y,Y,Approved,,Y,28.3
KYC01685,C01566,Onboarding,Standard,Business Due Diligence,AN026,2025-05-19,2025-05-21,10,2.0,N,Y,Y,Y,N/A,N/A,Approved,,Y,1.5
KYC01686,C01567,Onboarding,Enhanced,Enhanced Due Diligence,AN019,2025-01-23,2025-02-06,30,14.0,N,Y,Y,Y,Y,N,Rejected,Unverifiable identity,Y,11.1
KYC01687,C01568,Onboarding,Standard,KYC Onboarding,AN009,2024-08-13,2024-08-18,10,5.0,N,Y,Y,Y,N/A,N/A,Approved,,Y,3.5
KYC01688,C01569,Onboarding,Standard,KYC Onboarding,AN002,2025-09-17,2025-09-20,10,3.0,N,Y,Y,Y,N/A,N/A,Rejected,Sanctions match,Y,2.5
KYC01689,C01570,Onboarding,Enhanced,Enhanced Due Diligence,AN019,2025-06-29,2025-09-05,30,68.0,Y,Y,Y,N,Y,Y,Approved,,Y,29.4
KYC01690,C01571,Onboarding,Standard,KYC Onboarding,AN006,2025-03-31,2025-04-09,10,9.0,N,Y,Y,N,N/A,N/A,Approved,,Y,6.7
KYC01691,C01572,Onboarding,Standard,KYC Onboarding,AN004,2024-09-15,2024-09-19,10,4.0,N,Y,Y,Y,N/A,N/A,Approved,,Y,3.1
KYC01692,C01573,Onboarding,Standard,Business Due Diligence,AN025,2024-07-15,2024-07-19,10,4.0,N,Y,Y,Y,N/A,N/A,Approved,,Y,3.6
KYC01693,C01574,Onboarding,Standard,KYC Onboarding,AN007,2025-02-28,2025-03-10,10,10.0,N,Y,Y,Y,N/A,N/A,Approved,,Y,5.6
KYC01694,C01575,Onboarding,Standard,Business Due Diligence,AN025,2025-07-27,2025-08-13,10,17.0,Y,Y,Y,Y,N/A,N/A,Approved,,Y,12.5
KYC01695,C01576,Onboarding,Standard,Business Due Diligence,AN022,2025-09-01,2025-09-13,10,12.0,Y,Y,Y,Y,N/A,N/A,Approved,,Y,8.9
KYC01696,C01577,Onboarding,Standard,Business Due Diligence,AN024,2025-07-21,2025-07-23,10,2.0,N,Y,Y,Y,N/A,N/A,Approved,,Y,1.8
KYC01697,C01578,Onboarding,Standard,KYC Onboarding,AN007,2024-01-13,2024-01-21,10,8.0,N,Y,Y,N,N/A,N/A,Approved,,N,6.5
KYC01698,C01579,Onboarding,Standard,Business Due Diligence,AN026,2025-12-20,,10,,,N,Y,Y,N/A,N/A,Pending,,,0.0
KYC01699,C01580,Onboarding,Simplified,KYC Onboarding,AN001,2024-06-20,2024-06-24,5,4.0,N,Y,Y,N,N/A,N/A,Approved,,Y,2.3
KYC01700,C01581,Onboarding,Enhanced,Enhanced Due Diligence,AN018,2024-01-07,2024-01-22,30,15.0,N,Y,Y,Y,N,Y,Approved,,Y,9.8
KYC01701,C01581,Periodic Review,Enhanced,Enhanced Due Diligence,AN017,2025-02-15,2025-03-05,30,18.0,N,Y,Y,Y,Y,N,Escalated to Compliance,,Y,8.5
KYC01702,C01582,Onboarding,Standard,Business Due Diligence,AN023,2025-02-14,2025-02-19,10,5.0,N,Y,Y,Y,N/A,N/A,Approved,,Y,3.8
KYC01703,C01583,Onboarding,Standard,Business Due Diligence,AN022,2024-11-27,2024-12-06,10,9.0,N,Y,N,N,N/A,N/A,Approved,,N,5.4
KYC01704,C01584,Onboarding,Standard,KYC Onboarding,AN002,2024-03-17,2024-03-20,10,3.0,N,Y,Y,Y,N/A,N/A,Approved,,N,1.7
KYC01705,C01585,Onboarding,Simplified,KYC Onboarding,AN003,2024-06-05,2024-06-06,5,1.0,N,Y,Y,Y,N/A,N/A,Approved,,Y,0.7
KYC01706,C01586,Onboarding,Standard,KYC Onboarding,AN001,2024-05-27,2024-05-29,10,2.0,N,Y,Y,N,N/A,N/A,Approved,,Y,0.9
KYC01707,C01587,Onboarding,Standard,KYC Onboarding,AN002,2024-11-14,2024-11-23,10,9.0,N,Y,Y,N,N/A,N/A,Approved,,Y,4.7
KYC01708,C01588,Onboarding,Simplified,KYC Onboarding,AN008,2025-06-27,2025-06-28,5,1.0,N,N,Y,N,N/A,N/A,Approved,,Y,0.7
KYC01709,C01589,Onboarding,Standard,KYC Onboarding,AN003,2025-05-11,2025-05-25,10,14.0,Y,Y,N,N,N/A,N/A,Approved,,Y,12.1
KYC01710,C01590,Onboarding,Standard,KYC Onboarding,AN006,2024-01-15,2024-01-23,10,8.0,N,Y,Y,N,N/A,N/A,Approved,,Y,5.3
KYC01711,C01591,Onboarding,Standard,Business Due Diligence,AN022,2024-05-07,2024-05-24,10,17.0,Y,Y,Y,Y,N/A,N/A,Rejected,Sanctions match,Y,12.0
KYC01712,C01592,Onboarding,Standard,Business Due Diligence,AN025,2025-03-19,2025-04-02,10,14.0,Y,Y,N,Y,N/A,N/A,Approved,,Y,8.4
KYC01713,C01593,Onboarding,Standard,KYC Onboarding,AN005,2025-08-05,2025-08-08,10,3.0,N,Y,Y,Y,N/A,N/A,Approved,,Y,1.9
KYC01714,C01594,Onboarding,Enhanced,Enhanced Due Diligence,AN021,2024-01-25,2024-02-02,30,8.0,N,Y,Y,Y,Y,Y,Approved,,Y,4.2
KYC01715,C01594,Periodic Review,Enhanced,Enhanced Due Diligence,AN018,2025-02-17,2025-02-27,30,10.0,N,Y,Y,N,Y,Y,Approved,,Y,7.8
KYC01716,C01595,Onboarding,Standard,KYC Onboarding,AN001,2024-08-31,2024-09-03,10,3.0,N,Y,Y,Y,N/A,N/A,Approved,,Y,2.6
KYC01717,C01596,Onboarding,Standard,KYC Onboarding,AN002,2024-03-25,2024-04-01,10,7.0,N,Y,Y,Y,N/A,N/A,Approved,,Y,4.5
KYC01718,C01597,Onboarding,Standard,KYC Onboarding,AN004,2024-12-17,2024-12-21,10,4.0,N,Y,Y,Y,N/A,N/A,Approved,,Y,2.2
KYC01719,C01598,Onboarding,Standard,Business Due Diligence,AN022,2024-10-10,2024-10-23,10,13.0,Y,Y,Y,Y,N/A,N/A,Approved,,Y,7.2
KYC01720,C01599,Onboarding,Enhanced,Enhanced Due Diligence,AN017,2024-05-07,2024-06-04,30,28.0,N,Y,Y,N,Y,Y,Approved,,Y,16.8
KYC01721,C01599,Periodic Review,Enhanced,Enhanced Due Diligence,AN017,2025-05-11,2025-07-24,30,74.0,Y,Y,N,N,Y,Y,Approved,,Y,47.7
KYC01722,C01600,Onboarding,Standard,Business Due Diligence,AN023,2025-12-06,2025-12-12,10,6.0,N,Y,Y,Y,N/A,N/A,Approved,,Y,5.2
KYC01723,C01601,Onboarding,Standard,Business Due Diligence,AN022,2025-07-09,2025-07-28,10,19.0,Y,Y,Y,Y,N/A,N/A,Rejected,Incomplete documents,Y,16.3
KYC01724,C01602,Onboarding,Standard,Business Due Diligence,AN023,2025-01-30,2025-02-01,10,2.0,N,Y,Y,Y,N/A,N/A,Approved,,Y,1.3
KYC01725,C01603,Onboarding,Standard,KYC Onboarding,AN002,2025-07-13,2025-07-16,10,3.0,N,Y,N,Y,N/A,N/A,Approved,,Y,2.3
KYC01726,C01604,Onboarding,Simplified,KYC Onboarding,AN003,2024-08-12,2024-08-14,5,2.0,N,Y,Y,Y,N/A,N/A,Approved,,Y,1.4
KYC01727,C01605,Onboarding,Standard,KYC Onboarding,AN006,2025-11-14,2025-11-17,10,3.0,N,Y,Y,Y,N/A,N/A,Approved,,N,1.2
KYC01728,C01606,Onboarding,Standard,Business Due Diligence,AN022,2024-10-25,2024-11-12,10,18.0,Y,Y,Y,Y,N/A,N/A,Approved,,Y,7.5
KYC01729,C01607,Onboarding,Standard,KYC Onboarding,AN010,2024-10-06,2024-10-08,10,2.0,N,Y,Y,N,N/A,N/A,Approved,,Y,0.8
KYC01730,C01608,Onboarding,Standard,KYC Onboarding,AN006,2025-02-16,2025-03-01,10,13.0,Y,Y,Y,Y,N/A,N/A,Approved,,Y,10.4
KYC01731,C01609,Onboarding,Standard,Business Due Diligence,AN022,2025-02-23,2025-03-03,10,8.0,N,Y,Y,Y,N/A,N/A,Approved,,Y,5.1
KYC01732,C01610,Onboarding,Standard,KYC Onboarding,AN007,2025-03-24,2025-03-27,10,3.0,N,Y,Y,Y,N/A,N/A,Approved,,Y,1.7
KYC01733,C01611,Onboarding,Standard,Business Due Diligence,AN025,2025-08-28,2025-09-03,10,6.0,N,Y,N,Y,N/A,N/A,Approved,,Y,2.5
KYC01734,C01612,Onboarding,Standard,KYC Onboarding,AN007,2024-07-13,2024-07-15,10,2.0,N,Y,Y,Y,N/A,N/A,Approved,,Y,1.8
KYC01735,C01613,Onboarding,Enhanced,Enhanced Due Diligence,AN018,2025-05-30,2025-06-08,30,9.0,N,Y,Y,Y,Y,N,Rejected,Unverifiable identity,Y,5.8
KYC01736,C01614,Onboarding,Enhanced,Enhanced Due Diligence,AN020,2024-05-24,2024-05-31,30,7.0,N,Y,Y,N,Y,Y,Approved,,N,4.6
KYC01737,C01614,Periodic Review,Enhanced,Enhanced Due Diligence,AN018,2025-05-11,2025-05-31,30,20.0,N,Y,Y,N,Y,Y,Approved,,Y,8.2
KYC01738,C01615,Onboarding,Simplified,KYC Onboarding,AN002,2024-06-22,2024-06-25,5,3.0,N,Y,Y,Y,N/A,N/A,Approved,,Y,1.7
KYC01739,C01616,Onboarding,Standard,Business Due Diligence,AN026,2024-12-25,2025-01-03,10,9.0,N,Y,N,Y,N/A,N/A,Approved,,Y,6.6
KYC01740,C01617,Onboarding,Standard,KYC Onboarding,AN005,2025-01-14,2025-01-18,10,4.0,N,Y,Y,Y,N/A,N/A,Approved,,Y,3.5
KYC01741,C01618,Onboarding,Standard,KYC Onboarding,AN010,2025-04-16,2025-04-19,10,3.0,N,Y,Y,Y,N/A,N/A,Approved,,Y,1.7
KYC01742,C01619,Onboarding,Standard,KYC Onboarding,AN007,2024-04-08,2024-04-18,10,10.0,N,Y,Y,Y,N/A,N/A,Approved,,Y,6.2
KYC01743,C01620,Onboarding,Enhanced,Enhanced Due Diligence,AN019,2025-08-16,2025-09-13,30,28.0,N,Y,Y,Y,Y,Y,Approved,,Y,23.4
KYC01744,C01621,Onboarding,Standard,KYC Onboarding,AN006,2025-02-07,2025-02-23,10,16.0,Y,Y,Y,Y,N/A,N/A,Rejected,Customer withdrew,Y,13.7
KYC01745,C01622,Onboarding,Standard,KYC Onboarding,AN004,2025-03-07,2025-03-15,10,8.0,N,Y,Y,Y,N/A,N/A,Approved,,N,6.1
KYC01746,C01623,Onboarding,Standard,Business Due Diligence,AN024,2025-06-26,2025-07-04,10,8.0,N,Y,Y,Y,N/A,N/A,Approved,,Y,4.2
KYC01747,C01624,Onboarding,Standard,KYC Onboarding,AN008,2025-05-18,2025-05-20,10,2.0,N,Y,Y,N,N/A,N/A,Approved,,Y,1.3
KYC01748,C01625,Onboarding,Simplified,KYC Onboarding,AN004,2024-11-08,2024-11-09,5,1.0,N,Y,Y,N,N/A,N/A,Rejected,Sanctions match,Y,0.7
KYC01749,C01626,Onboarding,Simplified,KYC Onboarding,AN002,2024-12-18,2024-12-24,5,6.0,Y,Y,Y,N,N/A,N/A,Approved,,N,4.5
KYC01750,C01626,Trigger Event Review,Simplified,KYC Periodic Review,AN011,2025-08-24,2025-08-26,5,2.0,N,Y,Y,Y,N/A,N/A,Approved,,Y,1.3
KYC01751,C01627,Onboarding,Simplified,KYC Onboarding,AN010,2024-06-18,2024-06-21,5,3.0,N,Y,Y,N,N/A,N/A,Approved,,Y,1.5
KYC01752,C01628,Onboarding,Enhanced,Enhanced Due Diligence,AN020,2025-02-15,2025-03-26,30,39.0,Y,Y,Y,Y,Y,N,Rejected,Customer withdrew,Y,20.6
KYC01753,C01629,Onboarding,Standard,KYC Onboarding,AN008,2024-05-28,2024-05-31,10,3.0,N,Y,Y,Y,N/A,N/A,Approved,,Y,1.4
KYC01754,C01630,Onboarding,Simplified,KYC Onboarding,AN008,2025-04-09,2025-04-11,5,2.0,N,Y,Y,Y,N/A,N/A,Approved,,Y,1.1
KYC01755,C01631,Onboarding,Standard,Business Due Diligence,AN026,2024-11-01,2024-11-02,10,1.0,N,Y,Y,N,N/A,N/A,Approved,,Y,0.5
KYC01756,C01632,Onboarding,Standard,KYC Onboarding,AN001,2024-06-17,2024-06-19,10,2.0,N,Y,Y,N,N/A,N/A,Approved,,Y,1.6
KYC01757,C01633,Onboarding,Standard,Business Due Diligence,AN023,2024-12-10,2024-12-15,10,5.0,N,Y,Y,Y,N/A,N/A,Approved,,Y,3.5
KYC01758,C01634,Onboarding,Standard,KYC Onboarding,AN002,2025-11-10,2025-11-15,10,5.0,N,Y,Y,N,N/A,N/A,Approved,,Y,2.0
KYC01759,C01635,Onboarding,Enhanced,Enhanced Due Diligence,AN018,2025-02-11,2025-03-23,30,40.0,Y,Y,Y,Y,Y,Y,Approved,,Y,22.4
KYC01760,C01636,Onboarding,Standard,Business Due Diligence,AN023,2024-09-08,2024-09-13,10,5.0,N,Y,Y,N,N/A,N/A,Approved,,Y,3.2
KYC01761,C01637,Onboarding,Standard,Business Due Diligence,AN022,2024-11-21,2024-11-22,10,1.0,N,Y,Y,Y,N/A,N/A,Approved,,Y,0.4
KYC01762,C01638,Onboarding,Standard,KYC Onboarding,AN002,2025-03-18,2025-03-24,10,6.0,N,Y,Y,Y,N/A,N/A,Approved,,Y,4.3
KYC01763,C01639,Onboarding,Standard,KYC Onboarding,AN004,2024-04-22,2024-04-24,10,2.0,N,Y,Y,N,N/A,N/A,Approved,,Y,1.0
KYC01764,C01640,Onboarding,Enhanced,Enhanced Due Diligence,AN021,2025-02-14,2025-05-11,30,86.0,Y,Y,Y,N,Y,Y,Approved,,Y,45.6
KYC01765,C01641,Onboarding,Standard,KYC Onboarding,AN005,2024-01-25,2024-01-31,10,6.0,N,Y,Y,Y,N/A,N/A,Approved,,Y,5.0
KYC01766,C01642,Onboarding,Standard,KYC Onboarding,AN010,2025-09-15,2025-09-26,10,11.0,Y,Y,Y,Y,N/A,N/A,Approved,,Y,6.3
KYC01767,C01643,Onboarding,Standard,KYC Onboarding,AN008,2025-03-17,2025-03-21,10,4.0,N,Y,Y,Y,N/A,N/A,Approved,,N,1.7
KYC01768,C01644,Onboarding,Standard,Business Due Diligence,AN022,2024-03-20,2024-04-10,10,21.0,Y,Y,Y,Y,N/A,N/A,Approved,,Y,8.9
KYC01769,C01645,Onboarding,Standard,Business Due Diligence,AN022,2024-12-06,2024-12-15,10,9.0,N,Y,Y,N,N/A,N/A,Approved,,Y,5.1
KYC01770,C01646,Onboarding,Simplified,KYC Onboarding,AN005,2025-10-04,2025-10-05,5,1.0,N,Y,N,N,N/A,N/A,Approved,,Y,0.6
KYC01771,C01647,Onboarding,Standard,Business Due Diligence,AN026,2025-12-06,2025-12-11,10,5.0,N,Y,Y,Y,N/A,N/A,Approved,,Y,2.6
KYC01772,C01648,Onboarding,Standard,KYC Onboarding,AN002,2024-04-08,2024-04-11,10,3.0,N,Y,Y,N,N/A,N/A,Rejected,Incomplete documents,N,2.3
KYC01773,C01649,Onboarding,Standard,KYC Onboarding,AN002,2024-07-14,2024-07-18,10,4.0,N,Y,Y,Y,N/A,N/A,Approved,,Y,2.4
KYC01774,C01650,Onboarding,Simplified,KYC Onboarding,AN007,2024-04-11,2024-04-12,5,1.0,N,Y,Y,N,N/A,N/A,Rejected,Adverse media,N,0.8
KYC01775,C01651,Onboarding,Standard,KYC Onboarding,AN005,2024-09-24,2024-09-28,10,4.0,N,Y,Y,Y,N/A,N/A,Rejected,Source of funds unclear,Y,2.2
KYC01776,C01652,Onboarding,Standard,KYC Onboarding,AN002,2025-09-18,2025-09-24,10,6.0,N,Y,Y,N,N/A,N/A,Rejected,Sanctions match,Y,3.8
KYC01777,C01653,Onboarding,Standard,Business Due Diligence,AN026,2025-05-31,2025-06-05,10,5.0,N,Y,Y,Y,N/A,N/A,Approved,,Y,3.8
KYC01778,C01653,Trigger Event Review,Standard,Business Due Diligence,AN023,2025-10-23,2025-10-24,10,1.0,N,Y,Y,Y,N/A,N/A,Approved,,Y,0.6
KYC01779,C01654,Onboarding,Standard,Business Due Diligence,AN025,2024-07-02,2024-07-10,10,8.0,N,Y,Y,N,N/A,N/A,Approved,,Y,6.2
KYC01780,C01655,Onboarding,Simplified,KYC Onboarding,AN006,2024-08-22,2024-08-26,5,4.0,N,Y,Y,N,N/A,N/A,Approved,,Y,3.2
KYC01781,C01656,Onboarding,Standard,KYC Onboarding,AN004,2025-03-21,2025-03-22,10,1.0,N,Y,Y,Y,N/A,N/A,Approved,,Y,0.5
KYC01782,C01657,Onboarding,Standard,KYC Onboarding,AN003,2025-03-08,2025-03-13,10,5.0,N,Y,Y,Y,N/A,N/A,Approved,,N,3.8
KYC01783,C01658,Onboarding,Standard,Business Due Diligence,AN026,2024-12-01,2024-12-14,10,13.0,Y,Y,Y,N,N/A,N/A,Approved,,Y,8.5
KYC01784,C01659,Onboarding,Standard,Business Due Diligence,AN025,2024-10-30,2024-11-06,10,7.0,N,Y,Y,Y,N/A,N/A,Approved,,Y,5.9
KYC01785,C01660,Onboarding,Standard,Business Due Diligence,AN024,2025-11-12,2025-11-17,10,5.0,N,Y,Y,Y,N/A,N/A,Approved,,Y,2.6
KYC01786,C01661,Onboarding,Standard,KYC Onboarding,AN008,2025-01-01,2025-01-04,10,3.0,N,Y,Y,Y,N/A,N/A,Approved,,Y,2.1
KYC01787,C01662,Onboarding,Enhanced,Enhanced Due Diligence,AN018,2025-07-25,2025-07-31,30,6.0,N,Y,Y,Y,Y,Y,Approved,,Y,4.9
KYC01788,C01663,Onboarding,Standard,KYC Onboarding,AN003,2025-12-01,2025-12-02,10,1.0,N,Y,Y,Y,N/A,N/A,Approved,,Y,0.7
KYC01789,C01664,Onboarding,Standard,KYC Onboarding,AN007,2024-08-29,2024-09-04,10,6.0,N,Y,N,Y,N/A,N/A,Approved,,Y,4.5
KYC01790,C01665,Onboarding,Standard,KYC Onboarding,AN009,2025-07-22,2025-07-24,10,2.0,N,Y,Y,Y,N/A,N/A,Approved,,Y,1.5
KYC01791,C01666,Onboarding,Simplified,KYC Onboarding,AN008,2025-08-14,2025-08-15,5,1.0,N,Y,Y,Y,N/A,N/A,Approved,,Y,0.7
KYC01792,C01667,Onboarding,Enhanced,Enhanced Due Diligence,AN017,2024-06-08,2024-06-21,30,13.0,N,Y,Y,Y,Y,Y,Approved,,Y,6.3
KYC01793,C01667,Periodic Review,Enhanced,Enhanced Due Diligence,AN020,2025-06-27,2025-07-03,30,6.0,N,N,Y,Y,Y,N,Rejected,Adverse media,Y,3.9
KYC01794,C01668,Onboarding,Simplified,KYC Onboarding,AN008,2024-06-10,2024-06-11,5,1.0,N,Y,Y,N,N/A,N/A,Approved,,Y,0.4
KYC01795,C01669,Onboarding,Simplified,KYC Onboarding,AN009,2024-04-24,2024-04-25,5,1.0,N,Y,Y,N,N/A,N/A,Approved,,Y,0.8
KYC01796,C01670,Onboarding,Standard,Business Due Diligence,AN022,2025-03-25,2025-04-04,10,10.0,N,Y,Y,Y,N/A,N/A,Approved,,Y,8.4
KYC01797,C01671,Onboarding,Standard,KYC Onboarding,AN003,2025-07-06,2025-07-16,10,10.0,N,Y,Y,N,N/A,N/A,Approved,,Y,8.8
KYC01798,C01672,Onboarding,Standard,Business Due Diligence,AN022,2025-06-30,2025-07-14,10,14.0,Y,Y,Y,Y,N/A,N/A,Approved,,Y,11.9
KYC01799,C01673,Onboarding,Simplified,KYC Onboarding,AN009,2024-10-07,2024-10-10,5,3.0,N,Y,Y,Y,N/A,N/A,Approved,,Y,1.7
KYC01800,C01673,Trigger Event Review,Standard,KYC Periodic Review,AN014,2025-06-24,2025-06-30,10,6.0,N,Y,Y,Y,N/A,N/A,Approved,,Y,5.1
KYC01801,C01674,Onboarding,Enhanced,Enhanced Due Diligence,AN017,2025-05-27,2025-06-27,30,31.0,Y,Y,Y,Y,Y,Y,Approved,,Y,23.8
KYC01802,C01675,Onboarding,Simplified,KYC Onboarding,AN006,2024-01-19,2024-01-21,5,2.0,N,Y,Y,N,N/A,N/A,Approved,,Y,1.3
KYC01803,C01676,Onboarding,Standard,KYC Onboarding,AN001,2025-04-25,2025-04-30,10,5.0,N,Y,Y,Y,N/A,N/A,Approved,,Y,2.8
KYC01804,C01677,Onboarding,Standard,Business Due Diligence,AN026,2024-12-12,2024-12-14,10,2.0,N,Y,Y,Y,N/A,N/A,Approved,,Y,1.5
KYC01805,C01678,Onboarding,Simplified,KYC Onboarding,AN001,2025-08-28,2025-08-29,5,1.0,N,Y,Y,Y,N/A,N/A,Approved,,Y,0.6
KYC01806,C01679,Onboarding,Standard,KYC Onboarding,AN007,2025-12-08,2025-12-18,10,10.0,N,Y,Y,Y,N/A,N/A,Approved,,Y,5.9
KYC01807,C01680,Onboarding,Standard,KYC Onboarding,AN007,2025-02-07,2025-02-20,10,13.0,Y,Y,Y,Y,N/A,N/A,Approved,,Y,9.1
KYC01808,C01681,Onboarding,Standard,KYC Onboarding,AN007,2025-03-27,2025-04-05,10,9.0,N,Y,Y,N,N/A,N/A,Approved,,Y,5.3
KYC01809,C01682,Onboarding,Standard,Business Due Diligence,AN025,2025-11-06,2025-11-17,10,11.0,Y,Y,N,Y,N/A,N/A,Approved,,Y,9.7
KYC01810,C01683,Onboarding,Standard,KYC Onboarding,AN009,2024-09-03,2024-09-10,10,7.0,N,Y,Y,Y,N/A,N/A,Rejected,Unacceptable risk appetite,Y,5.5
KYC01811,C01684,Onboarding,Standard,KYC Onboarding,AN006,2024-04-12,2024-04-14,10,2.0,N,Y,Y,N,N/A,N/A,Approved,,Y,1.1
KYC01812,C01685,Onboarding,Standard,KYC Onboarding,AN002,2025-01-02,2025-01-11,10,9.0,N,Y,Y,Y,N/A,N/A,Approved,,Y,7.5
KYC01813,C01686,Onboarding,Enhanced,Enhanced Due Diligence,AN018,2024-09-13,2024-11-03,30,51.0,Y,N,Y,Y,N,Y,Approved,,Y,26.0
KYC01814,C01686,Periodic Review,Enhanced,Enhanced Due Diligence,AN018,2025-10-18,2025-10-28,30,10.0,N,Y,Y,N,Y,Y,Approved,,Y,4.4
KYC01815,C01687,Onboarding,Simplified,KYC Onboarding,AN001,2025-04-07,2025-04-10,5,3.0,N,Y,Y,N,N/A,N/A,Approved,,Y,1.2
KYC01816,C01688,Onboarding,Standard,KYC Onboarding,AN002,2025-07-25,2025-08-01,10,7.0,N,Y,Y,Y,N/A,N/A,Approved,,Y,3.2
KYC01817,C01689,Onboarding,Standard,Business Due Diligence,AN025,2025-01-01,2025-01-06,10,5.0,N,N,Y,Y,N/A,N/A,Rejected,Unverifiable identity,N,2.2
KYC01818,C01690,Onboarding,Standard,KYC Onboarding,AN004,2024-08-12,2024-08-14,10,2.0,N,Y,Y,Y,N/A,N/A,Approved,,Y,1.1
KYC01819,C01691,Onboarding,Standard,Business Due Diligence,AN022,2025-02-16,2025-03-06,10,18.0,Y,Y,N,Y,N/A,N/A,Approved,,Y,8.9
KYC01820,C01691,Trigger Event Review,Standard,Business Due Diligence,AN022,2025-12-25,2025-12-31,10,6.0,N,Y,Y,Y,N/A,N/A,Approved,,Y,2.5
KYC01821,C01692,Onboarding,Simplified,KYC Onboarding,AN002,2024-11-15,2024-11-17,5,2.0,N,Y,Y,Y,N/A,N/A,Approved,,N,1.4
KYC01822,C01693,Onboarding,Standard,KYC Onboarding,AN003,2024-05-13,2024-05-15,10,2.0,N,Y,Y,Y,N/A,N/A,Approved,,Y,0.9
KYC01823,C01694,Onboarding,Standard,KYC Onboarding,AN003,2025-07-16,2025-08-01,10,16.0,Y,Y,Y,N,N/A,N/A,Approved,,Y,9.1
KYC01824,C01695,Onboarding,Enhanced,Enhanced Due Diligence,AN018,2024-08-26,2024-09-17,30,22.0,N,N,Y,Y,Y,Y,Approved,,Y,13.6
KYC01825,C01695,Periodic Review,Enhanced,Enhanced Due Diligence,AN017,2025-08-25,2025-12-04,30,101.0,Y,Y,Y,Y,Y,Y,Approved,,Y,87.4
KYC01826,C01696,Onboarding,Simplified,KYC Onboarding,AN008,2025-01-28,2025-01-31,5,3.0,N,Y,Y,Y,N/A,N/A,Approved,,Y,1.7
KYC01827,C01697,Onboarding,Standard,KYC Onboarding,AN004,2025-10-24,2025-10-28,10,4.0,N,Y,Y,Y,N/A,N/A,Approved,,Y,1.7
KYC01828,C01698,Onboarding,Simplified,KYC Onboarding,AN004,2024-05-13,2024-05-16,5,3.0,N,Y,Y,N,N/A,N/A,Approved,,Y,1.3
KYC01829,C01699,Onboarding,Standard,KYC Onboarding,AN009,2024-11-08,2024-11-12,10,4.0,N,Y,Y,Y,N/A,N/A,Approved,,Y,2.7
KYC01830,C01700,Onboarding,Standard,KYC Onboarding,AN003,2024-05-07,2024-05-27,10,20.0,Y,Y,Y,Y,N/A,N/A,Approved,,Y,8.8
KYC01831,C01701,Onboarding,Standard,KYC Onboarding,AN006,2024-11-13,2024-11-16,10,3.0,N,Y,Y,Y,N/A,N/A,Approved,,Y,2.5
KYC01832,C01702,Onboarding,Standard,KYC Onboarding,AN001,2024-08-06,2024-08-11,10,5.0,N,Y,Y,N,N/A,N/A,Approved,,Y,2.9
KYC01833,C01703,Onboarding,Simplified,KYC Onboarding,AN008,2025-10-28,2025-10-30,5,2.0,N,Y,Y,N,N/A,N/A,Approved,,Y,1.7
KYC01834,C01704,Onboarding,Simplified,KYC Onboarding,AN006,2024-08-05,2024-08-11,5,6.0,Y,Y,Y,Y,N/A,N/A,Approved,,Y,3.7
KYC01835,C01705,Onboarding,Standard,KYC Onboarding,AN009,2025-03-21,2025-03-28,10,7.0,N,Y,Y,Y,N/A,N/A,Approved,,Y,3.1
KYC01836,C01706,Onboarding,Standard,KYC Onboarding,AN002,2024-04-05,2024-04-06,10,1.0,N,Y,Y,Y,N/A,N/A,Approved,,Y,0.9
KYC01837,C01707,Onboarding,Standard,KYC Onboarding,AN006,2024-11-29,2024-12-04,10,5.0,N,Y,Y,Y,N/A,N/A,Approved,,Y,3.3
KYC01838,C01708,Onboarding,Standard,KYC Onboarding,AN002,2025-09-02,2025-09-06,10,4.0,N,Y,Y,Y,N/A,N/A,Approved,,Y,1.8
KYC01839,C01709,Onboarding,Standard,KYC Onboarding,AN005,2025-05-02,2025-05-11,10,9.0,N,Y,Y,N,N/A,N/A,Approved,,Y,4.9
KYC01840,C01710,Onboarding,Standard,KYC Onboarding,AN005,2024-07-24,2024-07-25,10,1.0,N,Y,Y,Y,N/A,N/A,Approved,,Y,0.6
KYC01841,C01711,Onboarding,Standard,KYC Onboarding,AN007,2025-12-10,2025-12-13,10,3.0,N,Y,Y,N,N/A,N/A,Approved,,Y,2.2
KYC01842,C01712,Onboarding,Standard,KYC Onboarding,AN004,2025-08-08,2025-08-09,10,1.0,N,Y,Y,Y,N/A,N/A,Approved,,Y,0.6
KYC01843,C01713,Onboarding,Standard,Business Due Diligence,AN025,2024-10-18,2024-10-25,10,7.0,N,Y,Y,Y,N/A,N/A,Approved,,N,5.3
KYC01844,C01714,Onboarding,Simplified,KYC Onboarding,AN008,2025-12-09,2025-12-12,5,3.0,N,Y,Y,N,N/A,N/A,Approved,,Y,2.2
KYC01845,C01715,Onboarding,Standard,Business Due Diligence,AN026,2024-05-14,2024-05-17,10,3.0,N,N,Y,Y,N/A,N/A,Approved,,Y,2.2
KYC01846,C01716,Onboarding,Simplified,KYC Onboarding,AN010,2024-08-29,2024-09-01,5,3.0,N,N,Y,N,N/A,N/A,Approved,,Y,2.6
KYC01847,C01717,Onboarding,Standard,Business Due Diligence,AN025,2025-11-10,2025-11-17,10,7.0,N,Y,Y,Y,N/A,N/A,Approved,,Y,3.3
KYC01848,C01718,Onboarding,Standard,KYC Onboarding,AN001,2025-12-09,2025-12-11,10,2.0,N,Y,Y,Y,N/A,N/A,Approved,,Y,1.6
KYC01849,C01719,Onboarding,Enhanced,Enhanced Due Diligence,AN021,2025-08-22,2025-09-17,30,26.0,N,Y,Y,Y,Y,Y,Approved,,Y,17.1
KYC01850,C01720,Onboarding,Simplified,KYC Onboarding,AN002,2024-05-18,2024-05-19,5,1.0,N,Y,Y,Y,N/A,N/A,Approved,,Y,0.5
KYC01851,C01721,Onboarding,Standard,Business Due Diligence,AN025,2024-06-07,2024-06-11,10,4.0,N,Y,Y,N,N/A,N/A,Approved,,Y,2.3
KYC01852,C01722,Onboarding,Standard,KYC Onboarding,AN008,2025-04-16,2025-04-22,10,6.0,N,Y,Y,Y,N/A,N/A,Approved,,Y,2.7
KYC01853,C01723,Onboarding,Standard,KYC Onboarding,AN008,2024-02-07,2024-02-08,10,1.0,N,Y,N,Y,N/A,N/A,Approved,,N,0.6
KYC01854,C01724,Onboarding,Standard,KYC Onboarding,AN009,2025-12-23,2025-12-26,10,3.0,N,Y,Y,Y,N/A,N/A,Approved,,Y,1.6
KYC01856,C01725,Onboarding,Standard,Business Due Diligence,AN024,2025-11-19,2025-11-28,10,9.0,N,Y,Y,Y,N/A,N/A,Approved,,Y,5.8
KYC01857,C01726,Onboarding,Simplified,KYC Onboarding,AN009,2025-08-10,2025-08-12,5,2.0,N,Y,Y,N,N/A,N/A,Approved,,Y,1.1
KYC01858,C01727,Onboarding,Standard,KYC Onboarding,AN008,2025-12-07,2025-12-21,10,14.0,Y,Y,Y,Y,N/A,N/A,Approved,,Y,7.3
KYC01859,C01728,Onboarding,Standard,KYC Onboarding,AN008,2024-06-12,2024-06-16,10,4.0,N,Y,Y,Y,N/A,N/A,Approved,,Y,2.5
KYC01860,C01729,Onboarding,Standard,Business Due Diligence,AN022,2025-10-05,2025-10-16,10,11.0,Y,Y,Y,Y,N/A,N/A,Approved,,N,4.8
KYC01861,C01730,Onboarding,Simplified,KYC Onboarding,AN007,2024-07-05,2024-07-10,5,5.0,N,Y,Y,N,N/A,N/A,Approved,,Y,3.4
KYC01862,C01731,Onboarding,Simplified,KYC Onboarding,AN004,2024-03-29,2024-03-30,5,1.0,N,Y,Y,Y,N/A,N/A,Approved,,N,0.8
KYC01863,C01732,Onboarding,Standard,Business Due Diligence,AN025,2024-07-07,2024-07-09,10,2.0,N,Y,Y,Y,N/A,N/A,Approved,,Y,1.2
KYC01864,C01733,Onboarding,Simplified,KYC Onboarding,AN007,2025-07-19,2025-07-21,5,2.0,N,Y,Y,Y,N/A,N/A,Approved,,Y,1.1
KYC01865,C01734,Onboarding,Standard,KYC Onboarding,AN010,2025-11-19,2025-11-25,10,6.0,N,Y,Y,Y,N/A,N/A,Approved,,Y,3.1
KYC01866,C01735,Onboarding,Simplified,KYC Onboarding,AN005,2025-03-23,2025-03-24,5,1.0,N,Y,Y,N,N/A,N/A,Approved,,Y,0.9
KYC01867,C01736,Onboarding,Standard,KYC Onboarding,AN010,2024-06-25,2024-06-30,10,5.0,N,Y,Y,N,N/A,N/A,Rejected,Source of funds unclear,Y,4.2
KYC01868,C01737,Onboarding,Standard,KYC Onboarding,AN009,2025-03-12,2025-03-18,10,6.0,N,Y,Y,Y,N/A,N/A,Approved,,N,4.5
KYC01869,C01738,Onboarding,Standard,KYC Onboarding,AN008,2025-01-05,2025-01-10,10,5.0,N,Y,Y,Y,N/A,N/A,Approved,,Y,3.3
KYC01870,C01739,Onboarding,Standard,Business Due Diligence,AN026,2025-01-09,2025-01-10,10,1.0,N,Y,Y,Y,N/A,N/A,Approved,,Y,0.8
KYC01871,C01740,Onboarding,Standard,Business Due Diligence,AN023,2024-09-08,2024-09-11,10,3.0,N,Y,Y,N,N/A,N/A,Approved,,Y,1.5
KYC01872,C01741,Onboarding,Simplified,KYC Onboarding,AN005,2024-04-11,2024-04-13,5,2.0,N,Y,Y,N,N/A,N/A,Approved,,Y,1.3
KYC01873,C01742,Onboarding,Simplified,KYC Onboarding,AN006,2024-09-21,2024-09-22,5,1.0,N,Y,Y,N,N/A,N/A,Approved,,Y,0.6
KYC01874,C01743,Onboarding,Simplified,KYC Onboarding,AN003,2025-10-09,2025-10-13,5,4.0,N,Y,Y,N,N/A,N/A,Approved,,Y,3.1
KYC01875,C01744,Onboarding,Standard,Business Due Diligence,AN025,2024-10-22,2024-11-01,10,10.0,N,Y,Y,Y,N/A,N/A,Approved,,Y,5.0
KYC01876,C01745,Onboarding,Simplified,KYC Onboarding,AN004,2024-01-13,2024-01-16,5,3.0,N,Y,Y,N,N/A,N/A,Approved,,N,2.0
KYC01877,C01746,Onboarding,Simplified,KYC Onboarding,AN008,2024-09-06,2024-09-10,5,4.0,N,Y,Y,Y,N/A,N/A,Approved,,Y,3.0
KYC01878,C01747,Onboarding,Standard,KYC Onboarding,AN002,2024-12-02,2024-12-04,10,2.0,N,Y,Y,Y,N/A,N/A,Approved,,Y,1.1
KYC01879,C01748,Onboarding,Standard,KYC Onboarding,AN004,2025-03-14,2025-03-15,10,1.0,N,Y,Y,Y,N/A,N/A,Approved,,Y,0.4
KYC01880,C01749,Onboarding,Standard,KYC Onboarding,AN004,2025-04-14,2025-04-19,10,5.0,N,Y,Y,Y,N/A,N/A,Escalated to Compliance,,Y,3.0
KYC01881,C01750,Onboarding,Enhanced,Enhanced Due Diligence,AN020,2024-11-04,2024-11-28,30,24.0,N,Y,Y,Y,Y,Y,Approved,,Y,10.9
KYC01882,C01750,Periodic Review,Enhanced,Enhanced Due Diligence,AN018,2025-11-09,2025-12-17,30,38.0,Y,Y,Y,Y,Y,Y,Approved,,Y,30.3
KYC01883,C01751,Onboarding,Standard,KYC Onboarding,AN004,2024-04-10,2024-04-30,10,20.0,Y,Y,Y,Y,N/A,N/A,Approved,,Y,12.2
KYC01884,C01752,Onboarding,Standard,Business Due Diligence,AN023,2024-11-15,2024-11-25,10,10.0,N,N,Y,Y,N/A,N/A,Approved,,Y,8.6
KYC01885,C01753,Onboarding,Standard,KYC Onboarding,AN010,2024-01-03,2024-01-08,10,5.0,N,Y,Y,Y,N/A,N/A,Approved,,Y,3.1
KYC01886,C01754,Onboarding,Standard,Business Due Diligence,AN024,2025-01-04,2025-01-14,10,10.0,N,Y,Y,N,N/A,N/A,Approved,,Y,5.3
KYC01887,C01755,Onboarding,Standard,Business Due Diligence,AN022,2024-11-20,2024-12-03,10,13.0,Y,Y,Y,Y,N/A,N/A,Approved,,Y,6.2
KYC01888,C01756,Onboarding,Standard,Business Due Diligence,AN023,2024-09-16,2024-09-23,10,7.0,N,Y,Y,Y,N/A,N/A,Approved,,N,4.9
KYC01889,C01757,Onboarding,Standard,KYC Onboarding,AN004,2025-04-28,2025-05-05,10,7.0,N,Y,Y,N,N/A,N/A,Approved,,Y,5.3
KYC01890,C01758,Onboarding,Simplified,KYC Onboarding,AN006,2025-07-05,2025-07-06,5,1.0,N,Y,Y,N,N/A,N/A,Approved,,Y,0.7
KYC01891,C01759,Onboarding,Standard,KYC Onboarding,AN009,2024-07-10,2024-07-14,10,4.0,N,Y,Y,Y,N/A,N/A,Approved,,Y,2.3
KYC01892,C01760,Onboarding,Standard,KYC Onboarding,AN005,2025-01-03,2025-01-05,10,2.0,N,Y,Y,Y,N/A,N/A,Approved,,Y,1.0
KYC01893,C01761,Onboarding,Simplified,KYC Onboarding,AN002,2025-01-06,2025-01-08,5,2.0,N,Y,Y,N,N/A,N/A,Approved,,Y,1.5
KYC01894,C01762,Onboarding,Standard,Business Due Diligence,AN023,2025-01-06,2025-01-27,10,21.0,Y,Y,Y,Y,N/A,N/A,Approved,,Y,10.9
KYC01895,C01763,Onboarding,Standard,Business Due Diligence,AN025,2024-10-18,2024-10-25,10,7.0,N,Y,Y,Y,N/A,N/A,Approved,,N,2.9
KYC01896,C01764,Onboarding,Standard,KYC Onboarding,AN010,2024-06-01,2024-06-06,10,5.0,N,Y,Y,N,N/A,N/A,Approved,,Y,3.2
KYC01897,C01765,Onboarding,Standard,KYC Onboarding,AN006,2024-05-02,2024-05-11,10,9.0,N,Y,Y,Y,N/A,N/A,Approved,,N,4.3
KYC01898,C01766,Onboarding,Standard,Business Due Diligence,AN023,2024-01-21,2024-01-25,10,4.0,N,Y,Y,Y,N/A,N/A,Approved,,Y,3.2
KYC01899,C01767,Onboarding,Standard,Business Due Diligence,AN025,2024-02-04,2024-02-17,10,13.0,Y,Y,Y,Y,N/A,N/A,Approved,,Y,8.1
KYC01900,C01768,Onboarding,Simplified,KYC Onboarding,AN005,2025-08-13,2025-08-22,5,9.0,Y,Y,Y,N,N/A,N/A,Approved,,Y,6.2
KYC01901,C01769,Onboarding,Standard,KYC Onboarding,AN009,2024-02-20,2024-02-26,10,6.0,N,Y,Y,Y,N/A,N/A,Approved,,N,2.6
KYC01902,C01770,Onboarding,Enhanced,Enhanced Due Diligence,AN017,2025-09-14,2025-10-16,30,32.0,Y,Y,Y,N,Y,Y,Approved,,Y,16.0
KYC01903,C01771,Onboarding,Standard,KYC Onboarding,AN005,2025-10-13,2025-10-18,10,5.0,N,Y,Y,N,N/A,N/A,Approved,,Y,4.0
KYC01904,C01772,Onboarding,Standard,KYC Onboarding,AN009,2024-06-24,2024-06-29,10,5.0,N,Y,Y,Y,N/A,N/A,Approved,,Y,3.7
KYC01905,C01773,Onboarding,Standard,Business Due Diligence,AN024,2024-11-18,2024-11-26,10,8.0,N,Y,Y,Y,N/A,N/A,Approved,,Y,4.9
KYC01906,C01774,Onboarding,Enhanced,Enhanced Due Diligence,AN021,2024-09-19,2024-11-27,30,69.0,Y,Y,Y,Y,Y,Y,Approved,,N,33.4
KYC01907,C01774,Periodic Review,Enhanced,Enhanced Due Diligence,AN018,2025-10-21,2025-11-04,30,14.0,N,Y,Y,N,Y,N,Rejected,Sanctions match,Y,11.4
KYC01908,C01775,Onboarding,Standard,Business Due Diligence,AN023,2024-10-12,2024-10-19,10,7.0,N,Y,Y,N,N/A,N/A,Approved,,Y,5.1
KYC01909,C01776,Onboarding,Standard,Business Due Diligence,AN022,2024-09-17,2024-09-21,10,4.0,N,Y,Y,Y,N/A,N/A,Approved,,Y,3.3
KYC01910,C01777,Onboarding,Standard,KYC Onboarding,AN006,2024-09-06,2024-09-07,10,1.0,N,Y,Y,Y,N/A,N/A,Approved,,Y,0.5
KYC01911,C01778,Onboarding,Standard,KYC Onboarding,AN008,2025-05-15,2025-05-22,10,7.0,N,Y,Y,Y,N/A,N/A,Approved,,Y,5.6
KYC01912,C01779,Onboarding,Standard,KYC Onboarding,AN004,2024-10-28,2024-10-30,10,2.0,N,Y,Y,N,N/A,N/A,Approved,,Y,0.9
KYC01913,C01780,Onboarding,Simplified,KYC Onboarding,AN005,2024-05-13,2024-05-15,5,2.0,N,Y,N,Y,N/A,N/A,Approved,,N,1.4
KYC01914,C01781,Onboarding,Simplified,KYC Onboarding,AN004,2024-10-02,2024-10-04,5,2.0,N,Y,N,N,N/A,N/A,Approved,,Y,0.9
KYC01915,C01782,Onboarding,Standard,KYC Onboarding,AN001,2025-12-14,2025-12-18,10,4.0,N,Y,Y,Y,N/A,N/A,Approved,,Y,3.2
KYC01916,C01783,Onboarding,Standard,KYC Onboarding,AN008,2025-12-19,2025-12-29,10,10.0,N,Y,Y,Y,N/A,N/A,Approved,,N,8.2
KYC01917,C01784,Onboarding,Standard,Business Due Diligence,AN022,2024-02-12,2024-02-18,10,6.0,N,Y,N,Y,N/A,N/A,Approved,,Y,5.0
KYC01918,C01784,Trigger Event Review,Standard,Business Due Diligence,AN025,2024-07-17,2024-07-21,10,4.0,N,Y,Y,Y,N/A,N/A,Approved,,Y,3.2
KYC01919,C01785,Onboarding,Standard,KYC Onboarding,AN005,2025-02-23,2025-02-25,10,2.0,N,Y,Y,Y,N/A,N/A,Approved,,Y,1.1
KYC01920,C01786,Onboarding,Standard,KYC Onboarding,AN010,2025-12-12,2025-12-15,10,3.0,N,Y,Y,Y,N/A,N/A,Approved,,Y,2.2
KYC01921,C01787,Onboarding,Standard,KYC Onboarding,AN010,2024-05-17,2024-05-18,10,1.0,N,Y,Y,Y,N/A,N/A,Approved,,Y,0.5
KYC01922,C01788,Onboarding,Simplified,KYC Onboarding,AN002,2024-02-18,2024-02-19,5,1.0,N,Y,Y,Y,N/A,N/A,Approved,,Y,0.7
KYC01923,C01789,Onboarding,Standard,Business Due Diligence,AN025,2024-06-03,2024-06-09,10,6.0,N,Y,Y,N,N/A,N/A,Approved,,Y,2.5
KYC01924,C01790,Onboarding,Standard,KYC Onboarding,AN005,2024-08-20,2024-08-30,10,10.0,N,Y,Y,Y,N/A,N/A,Approved,,Y,8.2
KYC01925,C01791,Onboarding,Standard,KYC Onboarding,AN009,2025-11-10,2025-11-11,10,1.0,N,Y,Y,Y,N/A,N/A,Approved,,Y,0.6
KYC01926,C01792,Onboarding,Standard,Business Due Diligence,AN023,2024-07-02,2024-07-04,10,2.0,N,Y,Y,Y,N/A,N/A,Approved,,Y,1.1
KYC01927,C01793,Onboarding,Standard,KYC Onboarding,AN006,2024-08-28,2024-09-04,10,7.0,N,Y,Y,Y,N/A,N/A,Approved,,Y,5.8
KYC01928,C01794,Onboarding,Standard,KYC Onboarding,AN001,2024-07-04,2024-07-06,10,2.0,N,Y,Y,N,N/A,N/A,Approved,,Y,1.8
KYC01929,C01795,Onboarding,Simplified,KYC Onboarding,AN009,2024-10-11,2024-10-14,5,3.0,N,N,Y,Y,N/A,N/A,Approved,,Y,2.1
KYC01930,C01796,Onboarding,Standard,KYC Onboarding,AN002,2025-12-24,,10,,,Y,Y,N,N/A,N/A,Pending,,,0.0
KYC01931,C01797,Onboarding,Standard,KYC Onboarding,AN009,2024-02-29,2024-03-09,10,9.0,N,Y,Y,Y,N/A,N/A,Approved,,N,6.3
KYC01932,C01798,Onboarding,Standard,KYC Onboarding,AN005,2024-11-27,2024-12-07,10,10.0,N,Y,Y,N,N/A,N/A,Approved,,Y,6.7
KYC01933,C01799,Onboarding,Standard,KYC Onboarding,AN001,2025-03-24,2025-03-27,10,3.0,N,Y,Y,Y,N/A,N/A,Approved,,Y,2.5
KYC01934,C01800,Onboarding,Standard,KYC Onboarding,AN003,2024-03-27,2024-03-30,10,3.0,N,Y,Y,Y,N/A,N/A,Rejected,Customer withdrew,Y,2.6
KYC01935,C01801,Onboarding,Standard,KYC Onboarding,AN002,2024-01-30,2024-02-02,10,3.0,N,Y,Y,Y,N/A,N/A,Approved,,Y,2.6
KYC01936,C01802,Onboarding,Standard,KYC Onboarding,AN006,2025-12-17,2025-12-19,10,2.0,N,Y,Y,N,N/A,N/A,Approved,,Y,1.0
KYC01937,C01803,Onboarding,Enhanced,Enhanced Due Diligence,AN018,2024-07-11,2024-07-25,30,14.0,N,Y,Y,Y,Y,N,Rejected,Adverse media,N,7.4
KYC01938,C01803,Periodic Review,Enhanced,Enhanced Due Diligence,AN020,2025-07-04,2025-07-27,30,23.0,N,Y,Y,Y,Y,Y,Approved,,Y,16.6
KYC01939,C01804,Onboarding,Standard,KYC Onboarding,AN002,2024-06-23,2024-06-26,10,3.0,N,Y,Y,Y,N/A,N/A,Approved,,Y,2.5
KYC01940,C01805,Onboarding,Standard,KYC Onboarding,AN004,2024-09-08,2024-09-16,10,8.0,N,Y,Y,Y,N/A,N/A,Approved,,N,6.8
KYC01941,C01806,Onboarding,Standard,KYC Onboarding,AN010,2024-02-19,2024-03-03,10,13.0,Y,Y,Y,N,N/A,N/A,Approved,,Y,8.6
KYC01942,C01807,Onboarding,Standard,KYC Onboarding,AN005,2024-04-13,2024-04-19,10,6.0,N,Y,Y,Y,N/A,N/A,Approved,,Y,4.6
KYC01943,C01808,Onboarding,Enhanced,Enhanced Due Diligence,AN017,2024-01-15,2024-03-07,30,52.0,Y,Y,Y,Y,Y,Y,Approved,,Y,27.6
KYC01944,C01808,Periodic Review,Enhanced,Enhanced Due Diligence,AN021,2025-02-17,2025-02-20,30,3.0,N,Y,Y,Y,Y,Y,Approved,,Y,2.0
KYC01945,C01809,Onboarding,Standard,Business Due Diligence,AN025,2025-01-21,2025-01-23,10,2.0,N,N,Y,Y,N/A,N/A,Approved,,Y,1.5
KYC01946,C01810,Onboarding,Standard,Business Due Diligence,AN022,2024-11-30,2024-12-09,10,9.0,N,Y,Y,Y,N/A,N/A,Approved,,Y,5.6
KYC01947,C01811,Onboarding,Standard,KYC Onboarding,AN003,2024-07-16,2024-07-24,10,8.0,N,Y,Y,Y,N/A,N/A,Approved,,Y,4.2
KYC01948,C01812,Onboarding,Simplified,KYC Onboarding,AN001,2025-10-31,2025-11-01,5,1.0,N,Y,Y,N,N/A,N/A,Approved,,Y,0.5
KYC01949,C01813,Onboarding,Standard,Business Due Diligence,AN026,2024-08-07,2024-08-10,10,3.0,N,Y,Y,N,N/A,N/A,Escalated to Compliance,,Y,2.4
KYC01950,C01814,Onboarding,Standard,KYC Onboarding,AN008,2024-01-09,2024-01-13,10,4.0,N,Y,Y,Y,N/A,N/A,Approved,,Y,2.9
KYC01951,C01814,Trigger Event Review,Simplified,KYC Periodic Review,AN011,2024-07-18,2024-07-21,5,3.0,N,Y,Y,N,N/A,N/A,Approved,,Y,1.4
KYC01952,C01815,Onboarding,Standard,KYC Onboarding,AN004,2024-03-11,2024-03-14,10,3.0,N,Y,Y,N,N/A,N/A,Approved,,Y,2.2
KYC01953,C01816,Onboarding,Simplified,KYC Onboarding,AN007,2025-06-11,2025-06-18,5,7.0,Y,N,Y,N,N/A,N/A,Approved,,Y,5.1
KYC01954,C01817,Onboarding,Standard,KYC Onboarding,AN004,2025-01-23,2025-01-26,10,3.0,N,Y,Y,N,N/A,N/A,Approved,,Y,2.5
KYC01955,C01818,Onboarding,Standard,Business Due Diligence,AN022,2024-07-05,2024-07-20,10,15.0,Y,Y,N,Y,N/A,N/A,Rejected,Customer withdrew,Y,11.1
KYC01956,C01819,Onboarding,Standard,KYC Onboarding,AN009,2024-06-26,2024-07-04,10,8.0,N,Y,Y,N,N/A,N/A,Approved,,Y,6.7
KYC01957,C01820,Onboarding,Standard,Business Due Diligence,AN025,2024-06-05,2024-06-14,10,9.0,N,Y,Y,Y,N/A,N/A,Approved,,Y,4.5
KYC01958,C01821,Onboarding,Simplified,KYC Onboarding,AN006,2024-11-03,2024-11-06,5,3.0,N,Y,Y,N,N/A,N/A,Approved,,Y,1.6
KYC01959,C01822,Onboarding,Enhanced,Enhanced Due Diligence,AN020,2025-05-28,2025-06-16,30,19.0,N,Y,Y,Y,N,Y,Approved,,N,10.9
KYC01960,C01823,Onboarding,Enhanced,Enhanced Due Diligence,AN020,2025-04-08,2025-05-04,30,26.0,N,Y,Y,Y,Y,Y,Approved,,Y,10.7
KYC01961,C01824,Onboarding,Standard,KYC Onboarding,AN001,2025-06-30,2025-07-03,10,3.0,N,Y,Y,Y,N/A,N/A,Approved,,Y,2.3
KYC01962,C01825,Onboarding,Simplified,KYC Onboarding,AN005,2024-01-30,2024-02-02,5,3.0,N,Y,Y,Y,N/A,N/A,Approved,,Y,2.1
KYC01963,C01826,Onboarding,Standard,KYC Onboarding,AN010,2025-02-12,2025-02-18,10,6.0,N,Y,Y,Y,N/A,N/A,Approved,,Y,5.1
KYC01964,C01827,Onboarding,Standard,KYC Onboarding,AN006,2025-07-08,2025-07-30,10,22.0,Y,Y,Y,Y,N/A,N/A,Approved,,N,11.1
KYC01965,C01828,Onboarding,Standard,Business Due Diligence,AN022,2024-05-23,2024-05-28,10,5.0,N,N,Y,Y,N/A,N/A,Approved,,Y,3.1
KYC01966,C01829,Onboarding,Simplified,KYC Onboarding,AN010,2025-02-28,2025-03-04,5,4.0,N,Y,Y,Y,N/A,N/A,Approved,,Y,2.1
KYC01967,C01830,Onboarding,Standard,KYC Onboarding,AN002,2024-01-03,2024-01-14,10,11.0,Y,Y,Y,Y,N/A,N/A,Approved,,Y,6.3
KYC01968,C01831,Onboarding,Standard,KYC Onboarding,AN004,2025-10-23,2025-11-04,10,12.0,Y,Y,Y,Y,N/A,N/A,Approved,,Y,5.0
KYC01969,C01832,Onboarding,Standard,KYC Onboarding,AN005,2025-06-19,2025-06-25,10,6.0,N,Y,Y,Y,N/A,N/A,Approved,,Y,4.9
KYC01970,C01833,Onboarding,Standard,Business Due Diligence,AN024,2025-03-30,2025-04-03,10,4.0,N,Y,Y,Y,N/A,N/A,Approved,,Y,3.2
KYC01971,C01834,Onboarding,Standard,Business Due Diligence,AN022,2025-03-13,2025-03-27,10,14.0,Y,Y,Y,Y,N/A,N/A,Approved,,Y,9.0
KYC01972,C01835,Onboarding,Standard,Business Due Diligence,AN022,2025-05-03,2025-05-08,10,5.0,N,Y,Y,Y,N/A,N/A,Approved,,Y,2.7
KYC01973,C01836,Onboarding,Standard,KYC Onboarding,AN009,2024-11-03,2024-11-18,10,15.0,Y,Y,Y,N,N/A,N/A,Approved,,Y,6.1
KYC01974,C01837,Onboarding,Standard,KYC Onboarding,AN005,2025-12-07,2025-12-26,10,19.0,Y,Y,Y,Y,N/A,N/A,Approved,,Y,12.5
KYC01975,C01838,Onboarding,Standard,KYC Onboarding,AN002,2024-06-02,2024-06-05,10,3.0,N,Y,Y,Y,N/A,N/A,Rejected,Sanctions match,Y,1.9
KYC01976,C01839,Onboarding,Simplified,KYC Onboarding,AN001,2025-08-13,2025-08-17,5,4.0,N,N,Y,N,N/A,N/A,Approved,,Y,2.1
KYC01977,C01840,Onboarding,Simplified,KYC Onboarding,AN007,2025-07-06,2025-07-07,5,1.0,N,Y,Y,N,N/A,N/A,Approved,,Y,0.9
KYC01978,C01841,Onboarding,Simplified,KYC Onboarding,AN009,2025-09-02,2025-09-03,5,1.0,N,Y,Y,Y,N/A,N/A,Approved,,Y,0.4
KYC01979,C01842,Onboarding,Standard,KYC Onboarding,AN010,2024-02-17,2024-03-13,10,25.0,Y,Y,Y,Y,N/A,N/A,Approved,,Y,12.8
KYC01980,C01843,Onboarding,Standard,KYC Onboarding,AN005,2024-11-17,2024-11-19,10,2.0,N,Y,Y,Y,N/A,N/A,Approved,,Y,1.4
KYC01981,C01844,Onboarding,Standard,KYC Onboarding,AN006,2025-04-12,2025-04-14,10,2.0,N,Y,Y,Y,N/A,N/A,Rejected,Adverse media,Y,1.1
KYC01983,C01845,Onboarding,Standard,Business Due Diligence,AN023,2025-03-26,2025-04-09,10,14.0,Y,Y,Y,Y,N/A,N/A,Approved,,Y,10.1
KYC01984,C01846,Onboarding,Standard,Business Due Diligence,AN023,2025-05-17,2025-05-20,10,3.0,N,Y,Y,N,N/A,N/A,Approved,,Y,1.4
KYC01985,C01847,Onboarding,Standard,KYC Onboarding,AN007,2025-04-06,2025-04-08,10,2.0,N,Y,Y,Y,N/A,N/A,Approved,,Y,1.3
KYC01987,C01848,Onboarding,Standard,Business Due Diligence,AN024,2024-06-12,2024-06-17,10,5.0,N,Y,Y,Y,N/A,N/A,Approved,,Y,2.0
KYC01988,C01849,Onboarding,Standard,KYC Onboarding,AN003,2025-08-26,2025-09-01,10,6.0,N,Y,Y,N,N/A,N/A,Approved,,Y,4.7
KYC01989,C01850,Onboarding,Enhanced,Enhanced Due Diligence,AN018,2024-12-15,2025-01-07,30,23.0,N,Y,Y,Y,Y,Y,Approved,,Y,16.6
KYC01991,C01851,Onboarding,Enhanced,Enhanced Due Diligence,AN018,2025-12-09,2025-12-23,30,14.0,N,Y,Y,Y,Y,Y,Approved,,Y,10.4
KYC01992,C01852,Onboarding,Simplified,KYC Onboarding,AN009,2025-01-13,2025-01-17,5,4.0,N,N,Y,Y,N/A,N/A,Approved,,Y,2.0
KYC01993,C01853,Onboarding,Standard,Business Due Diligence,AN026,2025-01-23,2025-02-04,10,12.0,Y,Y,Y,Y,N/A,N/A,Approved,,Y,10.0
KYC01994,C01854,Onboarding,Enhanced,Enhanced Due Diligence,AN017,2025-03-07,2025-04-12,30,36.0,Y,Y,Y,Y,Y,Y,Approved,,Y,29.5
KYC01995,C01855,Onboarding,Standard,Business Due Diligence,AN024,2025-09-27,2025-10-04,10,7.0,N,Y,Y,Y,N/A,N/A,Approved,,Y,5.1
KYC01996,C01856,Onboarding,Standard,Business Due Diligence,AN024,2025-10-16,2025-10-23,10,7.0,N,Y,Y,Y,N/A,N/A,Approved,,Y,4.9
KYC01997,C01857,Onboarding,Simplified,KYC Onboarding,AN003,2025-02-28,2025-03-01,5,1.0,N,Y,Y,N,N/A,N/A,Approved,,Y,0.9
KYC01998,C01858,Onboarding,Simplified,KYC Onboarding,AN007,2025-01-31,2025-02-02,5,2.0,N,Y,Y,N,N/A,N/A,Approved,,N,1.5
KYC01999,C01859,Onboarding,Standard,Business Due Diligence,AN024,2024-02-05,2024-02-09,10,4.0,N,Y,Y,Y,N/A,N/A,Approved,,Y,3.5
KYC02000,C01859,Trigger Event Review,Standard,Business Due Diligence,AN023,2024-04-25,2024-04-28,10,3.0,N,Y,Y,Y,N/A,N/A,Approved,,Y,2.5
KYC02001,C01860,Onboarding,Standard,KYC Onboarding,AN001,2024-02-19,2024-03-01,10,11.0,Y,Y,Y,Y,N/A,N/A,Approved,,Y,7.1
KYC02002,C01860,Trigger Event Review,Standard,KYC Periodic Review,AN013,2025-01-06,2025-01-09,10,3.0,N,Y,N,Y,N/A,N/A,Approved,,Y,2.2
KYC02003,C01861,Onboarding,Standard,KYC Onboarding,AN003,2025-06-20,2025-06-26,10,6.0,N,Y,Y,N,N/A,N/A,Approved,,N,5.1
KYC02004,C01862,Onboarding,Standard,KYC Onboarding,AN009,2024-09-07,2024-09-17,10,10.0,N,Y,Y,Y,N/A,N/A,Approved,,Y,6.5
KYC02005,C01863,Onboarding,Standard,KYC Onboarding,AN002,2024-11-11,2024-11-16,10,5.0,N,Y,Y,Y,N/A,N/A,Approved,,Y,3.9
KYC02006,C01864,Onboarding,Standard,KYC Onboarding,AN008,2025-04-02,2025-04-04,10,2.0,N,Y,Y,Y,N/A,N/A,Approved,,Y,1.2
KYC02007,C01865,Onboarding,Enhanced,Enhanced Due Diligence,AN018,2024-06-07,2024-06-12,30,5.0,N,Y,Y,Y,Y,Y,Approved,,Y,3.5
KYC02008,C01865,Periodic Review,Enhanced,Enhanced Due Diligence,AN018,2025-05-31,2025-06-16,30,16.0,N,Y,Y,N,Y,Y,Approved,,Y,13.9
KYC02009,C01866,Onboarding,Standard,KYC Onboarding,AN004,2024-08-29,2024-09-01,10,3.0,N,Y,Y,Y,N/A,N/A,Approved,,Y,2.2
KYC02010,C01867,Onboarding,Standard,Business Due Diligence,AN024,2024-02-01,2024-02-08,10,7.0,N,Y,Y,Y,N/A,N/A,Approved,,Y,3.7
KYC02011,C01868,Onboarding,Standard,Business Due Diligence,AN024,2025-07-14,2025-07-15,10,1.0,N,Y,Y,Y,N/A,N/A,Approved,,Y,0.8
KYC02012,C01869,Onboarding,Standard,KYC Onboarding,AN002,2025-01-05,2025-01-09,10,4.0,N,Y,Y,Y,N/A,N/A,Approved,,Y,2.3
KYC02013,C01870,Onboarding,Standard,KYC Onboarding,AN006,2024-05-17,2024-05-19,10,2.0,N,Y,N,N,N/A,N/A,Approved,,Y,1.6
KYC02014,C01871,Onboarding,Standard,KYC Onboarding,AN001,2025-03-10,2025-03-12,10,2.0,N,Y,Y,Y,N/A,N/A,Approved,,Y,1.7
KYC02015,C01872,Onboarding,Standard,Business Due Diligence,AN025,2024-04-14,2024-04-26,10,12.0,Y,Y,Y,Y,N/A,N/A,Approved,,Y,5.9
KYC02016,C01873,Onboarding,Standard,Business Due Diligence,AN023,2025-07-20,2025-08-02,10,13.0,Y,Y,Y,N,N/A,N/A,Approved,,Y,10.8
KYC02017,C01874,Onboarding,Standard,KYC Onboarding,AN004,2024-06-16,2024-06-17,10,1.0,N,Y,Y,Y,N/A,N/A,Approved,,N,0.7
KYC02018,C01875,Onboarding,Standard,KYC Onboarding,AN005,2024-07-12,2024-07-20,10,8.0,N,Y,Y,Y,N/A,N/A,Approved,,Y,5.2
KYC02019,C01876,Onboarding,Standard,KYC Onboarding,AN001,2025-09-28,2025-10-03,10,5.0,N,Y,Y,Y,N/A,N/A,Approved,,Y,2.7
KYC02020,C01877,Onboarding,Standard,KYC Onboarding,AN009,2025-06-25,2025-07-04,10,9.0,N,Y,Y,N,N/A,N/A,Approved,,Y,6.9
KYC02021,C01878,Onboarding,Enhanced,Enhanced Due Diligence,AN018,2025-05-08,2025-06-12,30,35.0,Y,Y,Y,Y,Y,N,Rejected,Source of funds unclear,Y,18.5
KYC02022,C01879,Onboarding,Standard,Business Due Diligence,AN024,2025-03-15,2025-03-18,10,3.0,N,Y,Y,N,N/A,N/A,Rejected,Incomplete documents,Y,2.0
KYC02023,C01880,Onboarding,Simplified,KYC Onboarding,AN001,2025-01-14,2025-01-18,5,4.0,N,Y,Y,N,N/A,N/A,Approved,,Y,1.9
KYC02024,C01881,Onboarding,Enhanced,Enhanced Due Diligence,AN017,2024-05-16,2024-06-18,30,33.0,Y,Y,Y,Y,Y,Y,Approved,,Y,22.1
KYC02025,C01881,Periodic Review,Enhanced,Enhanced Due Diligence,AN021,2025-05-07,2025-08-02,30,87.0,Y,Y,Y,Y,N,Y,Approved,,Y,55.1
KYC02026,C01882,Onboarding,Standard,KYC Onboarding,AN009,2024-08-07,2024-08-11,10,4.0,N,Y,Y,Y,N/A,N/A,Approved,,Y,2.5
KYC02027,C01883,Onboarding,Enhanced,Enhanced Due Diligence,AN017,2025-12-02,,30,,,Y,Y,Y,Y,N,Pending,,,0.0
KYC02028,C01884,Onboarding,Standard,KYC Onboarding,AN004,2025-11-02,2025-11-07,10,5.0,N,Y,Y,Y,N/A,N/A,Approved,,Y,3.8
KYC02029,C01885,Onboarding,Standard,KYC Onboarding,AN009,2025-06-13,2025-06-15,10,2.0,N,Y,Y,N,N/A,N/A,Approved,,Y,1.5
KYC02030,C01886,Onboarding,Standard,Business Due Diligence,AN023,2025-10-10,2025-10-12,10,2.0,N,Y,N,Y,N/A,N/A,Approved,,Y,1.7
KYC02031,C01887,Onboarding,Standard,KYC Onboarding,AN010,2025-08-09,2025-08-13,10,4.0,N,Y,Y,N,N/A,N/A,Approved,,Y,2.0
KYC02032,C01888,Onboarding,Standard,KYC Onboarding,AN003,2024-10-15,2024-10-20,10,5.0,N,Y,Y,N,N/A,N/A,Approved,,Y,2.6
KYC02033,C01889,Onboarding,Standard,Business Due Diligence,AN023,2025-06-05,2025-06-17,10,12.0,Y,Y,Y,Y,N/A,N/A,Approved,,N,7.9
KYC02034,C01890,Onboarding,Standard,KYC Onboarding,AN008,2025-07-04,2025-07-09,10,5.0,N,Y,Y,Y,N/A,N/A,Approved,,Y,4.1
KYC02035,C01891,Onboarding,Simplified,KYC Onboarding,AN008,2024-04-07,2024-04-10,5,3.0,N,Y,Y,Y,N/A,N/A,Approved,,Y,1.6
KYC02036,C01892,Onboarding,Standard,KYC Onboarding,AN007,2025-10-26,2025-10-27,10,1.0,N,Y,Y,Y,N/A,N/A,Approved,,Y,0.8
KYC02037,C01893,Onboarding,Standard,KYC Onboarding,AN008,2024-12-25,2024-12-31,10,6.0,N,Y,Y,Y,N/A,N/A,Approved,,Y,4.4
KYC02038,C01894,Onboarding,Simplified,KYC Onboarding,AN008,2024-08-15,2024-08-16,5,1.0,N,Y,Y,N,N/A,N/A,Approved,,Y,0.5
KYC02039,C01895,Onboarding,Standard,KYC Onboarding,AN001,2024-12-08,2024-12-12,10,4.0,N,Y,Y,Y,N/A,N/A,Approved,,Y,1.7
KYC02040,C01896,Onboarding,Enhanced,Enhanced Due Diligence,AN018,2024-08-25,2024-09-02,30,8.0,N,Y,Y,Y,Y,Y,Approved,,Y,4.3
KYC02041,C01896,Periodic Review,Enhanced,Enhanced Due Diligence,AN017,2025-09-06,2025-10-11,30,35.0,Y,Y,Y,Y,Y,Y,Approved,,Y,24.0
KYC02042,C01897,Onboarding,Standard,KYC Onboarding,AN004,2024-08-31,2024-09-07,10,7.0,N,Y,Y,N,N/A,N/A,Approved,,Y,4.0
KYC02043,C01898,Onboarding,Standard,KYC Onboarding,AN007,2025-02-02,2025-02-15,10,13.0,Y,Y,Y,Y,N/A,N/A,Approved,,N,10.0
KYC02044,C01899,Onboarding,Standard,Business Due Diligence,AN026,2025-12-28,,10,,,Y,N,Y,N/A,N/A,Pending,,,0.0
KYC02045,C01900,Onboarding,Standard,KYC Onboarding,AN005,2024-10-22,2024-10-23,10,1.0,N,Y,Y,Y,N/A,N/A,Approved,,Y,0.5
KYC02046,C01901,Onboarding,Standard,Business Due Diligence,AN023,2024-06-01,2024-06-15,10,14.0,Y,Y,Y,Y,N/A,N/A,Approved,,Y,6.8
KYC02047,C01902,Onboarding,Standard,KYC Onboarding,AN009,2025-07-10,2025-07-12,10,2.0,N,Y,Y,Y,N/A,N/A,Approved,,Y,1.3
KYC02048,C01903,Onboarding,Standard,Business Due Diligence,AN026,2024-08-01,2024-08-08,10,7.0,N,Y,Y,Y,N/A,N/A,Approved,,Y,4.3
KYC02049,C01904,Onboarding,Enhanced,Enhanced Due Diligence,AN019,2025-01-23,2025-02-08,30,16.0,N,Y,Y,Y,Y,N,Rejected,Customer withdrew,Y,13.6
KYC02050,C01905,Onboarding,Standard,KYC Onboarding,AN008,2024-07-04,2024-07-07,10,3.0,N,Y,Y,N,N/A,N/A,Approved,,Y,2.3
KYC02051,C01906,Onboarding,Standard,Business Due Diligence,AN025,2024-06-01,2024-06-09,10,8.0,N,Y,Y,Y,N/A,N/A,Approved,,Y,5.0
KYC02052,C01907,Onboarding,Standard,KYC Onboarding,AN005,2024-06-29,2024-07-09,10,10.0,N,N,Y,Y,N/A,N/A,Approved,,Y,5.0
KYC02053,C01908,Onboarding,Standard,KYC Onboarding,AN001,2024-09-16,2024-09-22,10,6.0,N,Y,Y,N,N/A,N/A,Approved,,Y,3.2
KYC02054,C01909,Onboarding,Standard,KYC Onboarding,AN005,2025-11-26,2025-11-27,10,1.0,N,Y,Y,Y,N/A,N/A,Approved,,Y,0.6
KYC02055,C01910,Onboarding,Standard,KYC Onboarding,AN009,2025-05-03,2025-05-08,10,5.0,N,Y,Y,Y,N/A,N/A,Approved,,Y,3.7
KYC02056,C01910,Trigger Event Review,Standard,KYC Periodic Review,AN011,2025-08-01,2025-08-03,10,2.0,N,Y,Y,N,N/A,N/A,Approved,,Y,0.9
KYC02057,C01911,Onboarding,Simplified,KYC Onboarding,AN005,2025-05-20,2025-05-25,5,5.0,N,Y,Y,N,N/A,N/A,Approved,,Y,2.1
KYC02058,C01912,Onboarding,Standard,KYC Onboarding,AN008,2024-02-09,2024-02-11,10,2.0,N,Y,Y,N,N/A,N/A,Approved,,Y,1.8
KYC02059,C01913,Onboarding,Standard,KYC Onboarding,AN001,2024-01-08,2024-01-09,10,1.0,N,Y,Y,N,N/A,N/A,Approved,,Y,0.9
KYC02060,C01914,Onboarding,Standard,KYC Onboarding,AN001,2024-09-05,2024-09-20,10,15.0,Y,Y,Y,Y,N/A,N/A,Approved,,Y,12.2
KYC02061,C01915,Onboarding,Standard,KYC Onboarding,AN003,2025-10-09,2025-10-26,10,17.0,Y,Y,Y,Y,N/A,N/A,Approved,,N,12.8
KYC02062,C01916,Onboarding,Standard,KYC Onboarding,AN001,2024-01-08,2024-01-15,10,7.0,N,Y,Y,Y,N/A,N/A,Approved,,Y,4.5
KYC02063,C01917,Onboarding,Standard,KYC Onboarding,AN008,2025-07-12,2025-07-23,10,11.0,Y,Y,Y,Y,N/A,N/A,Approved,,Y,9.1
KYC02064,C01918,Onboarding,Simplified,KYC Onboarding,AN010,2025-08-20,2025-08-23,5,3.0,N,Y,N,N,N/A,N/A,Approved,,Y,2.6
KYC02065,C01919,Onboarding,Simplified,KYC Onboarding,AN002,2024-07-21,2024-07-22,5,1.0,N,Y,Y,Y,N/A,N/A,Approved,,Y,0.7
KYC02066,C01920,Onboarding,Simplified,KYC Onboarding,AN003,2024-03-22,2024-03-26,5,4.0,N,Y,Y,N,N/A,N/A,Approved,,Y,2.5
KYC02067,C01921,Onboarding,Simplified,KYC Onboarding,AN003,2024-04-21,2024-04-22,5,1.0,N,Y,Y,N,N/A,N/A,Approved,,Y,0.7
KYC02068,C01922,Onboarding,Standard,KYC Onboarding,AN008,2024-02-22,2024-03-04,10,11.0,Y,Y,Y,N,N/A,N/A,Approved,,Y,5.6
KYC02069,C01923,Onboarding,Standard,KYC Onboarding,AN009,2025-09-07,2025-09-08,10,1.0,N,Y,Y,Y,N/A,N/A,Approved,,Y,0.8
KYC02070,C01924,Onboarding,Standard,KYC Onboarding,AN002,2025-07-25,2025-08-02,10,8.0,N,Y,Y,Y,N/A,N/A,Approved,,Y,3.6
KYC02071,C01925,Onboarding,Standard,KYC Onboarding,AN008,2025-05-05,2025-05-11,10,6.0,N,Y,Y,N,N/A,N/A,Approved,,Y,4.8
KYC02072,C01926,Onboarding,Standard,KYC Onboarding,AN006,2024-03-02,2024-03-04,10,2.0,N,Y,Y,N,N/A,N/A,Rejected,Unacceptable risk appetite,Y,1.5
KYC02073,C01927,Onboarding,Enhanced,Enhanced Due Diligence,AN019,2025-11-24,2025-12-03,30,9.0,N,Y,Y,Y,Y,Y,Approved,,Y,5.8
KYC02074,C01928,Onboarding,Standard,KYC Onboarding,AN010,2025-05-14,2025-05-20,10,6.0,N,Y,Y,Y,N/A,N/A,Approved,,Y,3.1
KYC02075,C01929,Onboarding,Standard,KYC Onboarding,AN010,2025-08-28,2025-09-03,10,6.0,N,Y,Y,Y,N/A,N/A,Approved,,Y,3.8
KYC02076,C01930,Onboarding,Simplified,KYC Onboarding,AN010,2024-09-30,2024-10-03,5,3.0,N,Y,Y,N,N/A,N/A,Approved,,Y,2.5
KYC02077,C01931,Onboarding,Standard,KYC Onboarding,AN008,2024-05-21,2024-05-22,10,1.0,N,Y,Y,Y,N/A,N/A,Approved,,Y,0.7
KYC02078,C01932,Onboarding,Standard,KYC Onboarding,AN006,2025-08-23,2025-09-04,10,12.0,Y,Y,Y,N,N/A,N/A,Approved,,Y,6.3
KYC02079,C01933,Onboarding,Standard,KYC Onboarding,AN001,2024-02-04,2024-02-11,10,7.0,N,Y,Y,Y,N/A,N/A,Approved,,Y,4.0
KYC02080,C01934,Onboarding,Standard,KYC Onboarding,AN008,2024-05-11,2024-05-15,10,4.0,N,Y,Y,Y,N/A,N/A,Approved,,Y,3.4
KYC02081,C01934,Trigger Event Review,Standard,KYC Periodic Review,AN015,2025-05-01,2025-05-07,10,6.0,N,Y,Y,Y,N/A,N/A,Approved,,Y,4.1
KYC02082,C01935,Onboarding,Standard,KYC Onboarding,AN005,2024-04-20,2024-04-26,10,6.0,N,Y,Y,Y,N/A,N/A,Approved,,N,3.1
KYC02083,C01936,Onboarding,Standard,Business Due Diligence,AN022,2024-03-01,2024-03-08,10,7.0,N,Y,Y,N,N/A,N/A,Approved,,Y,3.1
KYC02084,C01937,Onboarding,Standard,Business Due Diligence,AN025,2025-02-02,2025-02-08,10,6.0,N,Y,Y,Y,N/A,N/A,Approved,,N,4.6
KYC02085,C01938,Onboarding,Standard,KYC Onboarding,AN005,2024-06-14,2024-06-20,10,6.0,N,Y,Y,Y,N/A,N/A,Approved,,Y,3.1
KYC02086,C01939,Onboarding,Standard,KYC Onboarding,AN002,2025-12-04,2025-12-17,10,13.0,Y,Y,N,N,N/A,N/A,Approved,,Y,8.8
KYC02087,C01940,Onboarding,Standard,Business Due Diligence,AN024,2025-11-10,2025-11-14,10,4.0,N,Y,Y,Y,N/A,N/A,Approved,,Y,2.4
KYC02088,C01941,Onboarding,Standard,KYC Onboarding,AN002,2024-05-01,2024-05-08,10,7.0,N,Y,Y,Y,N/A,N/A,Approved,,Y,5.3
KYC02089,C01942,Onboarding,Standard,Business Due Diligence,AN025,2025-08-26,2025-08-29,10,3.0,N,Y,Y,N,N/A,N/A,Approved,,Y,1.6
KYC02090,C01943,Onboarding,Simplified,KYC Onboarding,AN007,2024-01-25,2024-01-26,5,1.0,N,Y,Y,Y,N/A,N/A,Approved,,Y,0.6
KYC02091,C01944,Onboarding,Enhanced,Enhanced Due Diligence,AN019,2024-07-24,2024-08-17,30,24.0,N,Y,Y,Y,Y,Y,Approved,,Y,11.4
KYC02092,C01944,Periodic Review,Enhanced,Enhanced Due Diligence,AN017,2025-08-26,2025-09-21,30,26.0,N,Y,Y,Y,Y,Y,Approved,,Y,10.7
KYC02093,C01945,Onboarding,Standard,Business Due Diligence,AN023,2025-04-23,2025-04-30,10,7.0,N,Y,Y,Y,N/A,N/A,Approved,,Y,4.0
KYC02094,C01946,Onboarding,Simplified,KYC Onboarding,AN006,2024-05-29,2024-06-01,5,3.0,N,Y,Y,Y,N/A,N/A,Approved,,Y,2.2
KYC02095,C01947,Onboarding,Standard,KYC Onboarding,AN007,2024-02-27,2024-03-18,10,20.0,Y,Y,Y,Y,N/A,N/A,Approved,,Y,11.8
KYC02096,C01948,Onboarding,Standard,KYC Onboarding,AN007,2024-04-20,2024-04-26,10,6.0,N,Y,Y,Y,N/A,N/A,Approved,,Y,5.0
KYC02097,C01949,Onboarding,Simplified,KYC Onboarding,AN010,2025-04-25,2025-04-29,5,4.0,N,Y,Y,N,N/A,N/A,Approved,,Y,1.6
KYC02098,C01950,Onboarding,Enhanced,Enhanced Due Diligence,AN021,2024-06-07,2024-06-15,30,8.0,N,Y,Y,N,N,N,Rejected,Customer withdrew,Y,4.6
KYC02099,C01950,Periodic Review,Enhanced,Enhanced Due Diligence,AN020,2025-06-08,2025-07-19,30,41.0,Y,Y,Y,N,Y,Y,Approved,,Y,18.2
KYC02100,C01951,Onboarding,Standard,Business Due Diligence,AN024,2024-06-24,2024-06-30,10,6.0,N,N,Y,Y,N/A,N/A,Approved,,Y,4.3
KYC02101,C01952,Onboarding,Standard,KYC Onboarding,AN002,2024-05-29,2024-06-01,10,3.0,N,Y,Y,Y,N/A,N/A,Approved,,Y,1.2
KYC02102,C01952,Trigger Event Review,Simplified,KYC Periodic Review,AN016,2025-05-27,2025-05-28,5,1.0,N,Y,Y,Y,N/A,N/A,Approved,,Y,0.6
KYC02103,C01953,Onboarding,Simplified,KYC Onboarding,AN008,2025-10-05,2025-10-06,5,1.0,N,Y,Y,Y,N/A,N/A,Approved,,Y,0.6
KYC02104,C01954,Onboarding,Standard,Business Due Diligence,AN026,2025-10-08,2025-10-11,10,3.0,N,Y,Y,Y,N/A,N/A,Approved,,Y,1.9
KYC02105,C01955,Onboarding,Standard,KYC Onboarding,AN005,2025-08-07,2025-08-13,10,6.0,N,Y,Y,Y,N/A,N/A,Approved,,Y,4.6
KYC02106,C01956,Onboarding,Standard,KYC Onboarding,AN003,2024-01-15,2024-01-18,10,3.0,N,Y,Y,Y,N/A,N/A,Approved,,Y,2.4
KYC02107,C01957,Onboarding,Standard,Business Due Diligence,AN022,2024-06-29,2024-07-05,10,6.0,N,Y,Y,Y,N/A,N/A,Rejected,Customer withdrew,Y,3.6
KYC02108,C01958,Onboarding,Simplified,KYC Onboarding,AN009,2025-10-02,2025-10-04,5,2.0,N,Y,Y,N,N/A,N/A,Approved,,Y,1.3
KYC02109,C01959,Onboarding,Standard,KYC Onboarding,AN008,2025-02-04,2025-02-05,10,1.0,N,Y,Y,Y,N/A,N/A,Approved,,Y,0.7
KYC02110,C01960,Onboarding,Simplified,KYC Onboarding,AN005,2024-01-28,2024-01-30,5,2.0,N,Y,Y,N,N/A,N/A,Escalated to Compliance,,Y,1.1
KYC02111,C01961,Onboarding,Standard,Business Due Diligence,AN026,2024-06-28,2024-07-13,10,15.0,Y,Y,Y,Y,N/A,N/A,Approved,,Y,10.9
KYC02112,C01962,Onboarding,Standard,KYC Onboarding,AN009,2025-08-25,2025-09-07,10,13.0,Y,Y,Y,Y,N/A,N/A,Approved,,Y,6.1
KYC02113,C01963,Onboarding,Standard,KYC Onboarding,AN003,2025-10-04,2025-10-15,10,11.0,Y,Y,Y,N,N/A,N/A,Approved,,Y,4.8
KYC02114,C01964,Onboarding,Standard,KYC Onboarding,AN010,2024-11-05,2024-11-12,10,7.0,N,Y,Y,Y,N/A,N/A,Approved,,N,3.0
KYC02115,C01965,Onboarding,Standard,KYC Onboarding,AN006,2024-04-19,2024-04-27,10,8.0,N,N,Y,Y,N/A,N/A,Approved,,Y,5.2
KYC02116,C01966,Onboarding,Standard,Business Due Diligence,AN024,2024-02-26,2024-03-11,10,14.0,Y,Y,Y,Y,N/A,N/A,Approved,,Y,11.3
KYC02117,C01967,Onboarding,Standard,KYC Onboarding,AN007,2024-06-12,2024-06-15,10,3.0,N,Y,Y,Y,N/A,N/A,Approved,,Y,2.7
KYC02118,C01968,Onboarding,Standard,Business Due Diligence,AN023,2025-08-03,2025-08-15,10,12.0,Y,Y,Y,N,N/A,N/A,Approved,,Y,6.8
KYC02119,C01969,Onboarding,Standard,KYC Onboarding,AN005,2025-08-23,2025-08-30,10,7.0,N,Y,Y,Y,N/A,N/A,Approved,,Y,4.4
KYC02120,C01970,Onboarding,Enhanced,Enhanced Due Diligence,AN020,2024-07-03,2024-07-29,30,26.0,N,Y,Y,Y,Y,Y,Approved,,Y,20.7
KYC02121,C01970,Periodic Review,Enhanced,Enhanced Due Diligence,AN020,2025-07-10,2025-07-12,30,2.0,N,Y,Y,Y,Y,Y,Approved,,Y,1.5
KYC02122,C01971,Onboarding,Enhanced,Enhanced Due Diligence,AN018,2025-12-14,2025-12-21,30,7.0,N,Y,Y,Y,Y,Y,Approved,,Y,4.8
KYC02123,C01972,Onboarding,Standard,KYC Onboarding,AN004,2025-09-30,2025-10-03,10,3.0,N,Y,Y,Y,N/A,N/A,Approved,,Y,2.4
KYC02124,C01973,Onboarding,Standard,KYC Onboarding,AN005,2025-12-20,2025-12-29,10,9.0,N,Y,N,Y,N/A,N/A,Approved,,Y,5.9
KYC02125,C01974,Onboarding,Enhanced,Enhanced Due Diligence,AN018,2025-06-29,2025-07-07,30,8.0,N,Y,Y,Y,Y,Y,Approved,,Y,6.1
KYC02127,C01975,Onboarding,Standard,KYC Onboarding,AN005,2025-02-22,2025-03-08,10,14.0,Y,N,Y,Y,N/A,N/A,Approved,,Y,9.0
KYC02128,C01976,Onboarding,Standard,KYC Onboarding,AN006,2025-12-14,2025-12-21,10,7.0,N,Y,Y,Y,N/A,N/A,Approved,,Y,4.2
KYC02129,C01977,Onboarding,Standard,Business Due Diligence,AN025,2025-05-15,2025-05-28,10,13.0,Y,Y,Y,Y,N/A,N/A,Approved,,Y,9.1
KYC02130,C01978,Onboarding,Standard,KYC Onboarding,AN010,2025-08-29,2025-09-10,10,12.0,Y,Y,Y,Y,N/A,N/A,Approved,,Y,6.4
KYC02131,C01979,Onboarding,Standard,KYC Onboarding,AN008,2024-10-20,2024-10-31,10,11.0,Y,Y,Y,Y,N/A,N/A,Approved,,Y,4.9
KYC02132,C01980,Onboarding,Standard,KYC Onboarding,AN010,2024-06-22,2024-06-30,10,8.0,N,Y,Y,Y,N/A,N/A,Approved,,Y,3.7
KYC02133,C01981,Onboarding,Simplified,KYC Onboarding,AN003,2025-02-23,2025-02-24,5,1.0,N,Y,Y,Y,N/A,N/A,Approved,,Y,0.5
KYC02134,C01982,Onboarding,Standard,KYC Onboarding,AN010,2024-10-25,2024-11-02,10,8.0,N,Y,Y,Y,N/A,N/A,Approved,,Y,3.2
KYC02135,C01983,Onboarding,Standard,KYC Onboarding,AN008,2024-09-12,2024-09-15,10,3.0,N,Y,Y,Y,N/A,N/A,Approved,,Y,1.4
KYC02136,C01984,Onboarding,Standard,KYC Onboarding,AN008,2025-05-23,2025-06-06,10,14.0,Y,Y,Y,Y,N/A,N/A,Approved,,Y,6.0
KYC02137,C01985,Onboarding,Standard,KYC Onboarding,AN002,2025-03-18,2025-03-29,10,11.0,Y,Y,Y,Y,N/A,N/A,Approved,,Y,8.2
KYC02138,C01986,Onboarding,Simplified,KYC Onboarding,AN008,2024-08-19,2024-08-20,5,1.0,N,Y,Y,N,N/A,N/A,Approved,,Y,0.5
KYC02139,C01987,Onboarding,Simplified,KYC Onboarding,AN002,2024-06-24,2024-06-30,5,6.0,Y,Y,Y,N,N/A,N/A,Approved,,Y,3.7
KYC02140,C01988,Onboarding,Simplified,KYC Onboarding,AN002,2025-02-03,2025-02-07,5,4.0,N,Y,Y,N,N/A,N/A,Approved,,Y,2.2
KYC02141,C01989,Onboarding,Enhanced,Enhanced Due Diligence,AN020,2024-08-27,2024-09-12,30,16.0,N,Y,Y,Y,Y,Y,Approved,,Y,12.1
KYC02142,C01989,Periodic Review,Enhanced,Enhanced Due Diligence,AN019,2025-09-29,2025-10-20,30,21.0,N,Y,Y,Y,Y,Y,Approved,,Y,14.5
KYC02143,C01990,Onboarding,Simplified,KYC Onboarding,AN009,2024-06-18,2024-06-19,5,1.0,N,Y,Y,N,N/A,N/A,Approved,,Y,0.5
KYC02144,C01991,Onboarding,Standard,KYC Onboarding,AN001,2024-06-10,2024-06-16,10,6.0,N,Y,Y,N,N/A,N/A,Rejected,Incomplete documents,Y,3.7
KYC02145,C01992,Onboarding,Standard,Business Due Diligence,AN026,2025-04-25,2025-05-03,10,8.0,N,Y,Y,Y,N/A,N/A,Approved,,Y,4.0
KYC02146,C01993,Onboarding,Standard,KYC Onboarding,AN004,2024-10-27,2024-11-01,10,5.0,N,Y,Y,Y,N/A,N/A,Approved,,Y,2.6
KYC02147,C01994,Onboarding,Standard,KYC Onboarding,AN004,2024-09-06,2024-09-10,10,4.0,N,Y,Y,Y,N/A,N/A,Approved,,Y,3.1
KYC02148,C01995,Onboarding,Enhanced,Enhanced Due Diligence,AN018,2024-03-25,2024-06-24,30,91.0,Y,Y,Y,N,Y,Y,Approved,,Y,54.3
KYC02149,C01995,Periodic Review,Enhanced,Enhanced Due Diligence,AN019,2025-03-25,2025-03-30,30,5.0,N,Y,Y,N,Y,Y,Approved,,Y,2.4
KYC02150,C01996,Onboarding,Standard,KYC Onboarding,AN009,2024-02-10,2024-02-18,10,8.0,N,Y,Y,Y,N/A,N/A,Approved,,Y,4.7
KYC02151,C01997,Onboarding,Standard,KYC Onboarding,AN005,2025-05-22,2025-06-10,10,19.0,Y,Y,Y,Y,N/A,N/A,Approved,,Y,12.8
KYC02152,C01998,Onboarding,Standard,KYC Onboarding,AN007,2025-12-07,2025-12-09,10,2.0,N,Y,Y,N,N/A,N/A,Approved,,Y,1.4
KYC02153,C01999,Onboarding,Simplified,KYC Onboarding,AN004,2024-08-25,2024-08-27,5,2.0,N,Y,Y,Y,N/A,N/A,Approved,,Y,1.2
KYC02154,C02000,Onboarding,Standard,KYC Onboarding,AN006,2025-09-06,2025-09-25,10,19.0,Y,Y,Y,N,N/A,N/A,Approved,,Y,10.2
KYC02155,C02001,Onboarding,Standard,Business Due Diligence,AN022,2025-03-13,2025-03-16,10,3.0,N,Y,Y,Y,N/A,N/A,Approved,,N,1.9
KYC02156,C02002,Onboarding,Standard,KYC Onboarding,AN006,2024-08-09,2024-08-15,10,6.0,N,Y,Y,Y,N/A,N/A,Approved,,Y,4.4
KYC02157,C02003,Onboarding,Standard,Business Due Diligence,AN024,2025-02-18,2025-03-11,10,21.0,Y,Y,Y,N,N/A,N/A,Approved,,Y,11.5
KYC02158,C02004,Onboarding,Enhanced,Enhanced Due Diligence,AN017,2024-03-31,2024-04-17,30,17.0,N,Y,Y,Y,Y,Y,Approved,,Y,14.4
KYC02159,C02004,Periodic Review,Enhanced,Enhanced Due Diligence,AN020,2025-05-11,2025-06-02,30,22.0,N,Y,Y,Y,Y,N,Escalated to Compliance,,Y,15.9
KYC02160,C02005,Onboarding,Standard,KYC Onboarding,AN004,2024-08-31,2024-09-02,10,2.0,N,Y,Y,Y,N/A,N/A,Approved,,Y,1.6
KYC02161,C02006,Onboarding,Standard,Business Due Diligence,AN024,2025-06-19,2025-07-05,10,16.0,Y,Y,Y,Y,N/A,N/A,Approved,,Y,11.1
KYC02162,C02007,Onboarding,Standard,Business Due Diligence,AN026,2025-09-13,2025-10-04,10,21.0,Y,Y,Y,N,N/A,N/A,Approved,,N,16.9
KYC02163,C02008,Onboarding,Enhanced,Enhanced Due Diligence,AN019,2024-06-08,2024-06-18,30,10.0,N,Y,Y,Y,Y,Y,Approved,,Y,4.6
KYC02164,C02008,Periodic Review,Enhanced,Enhanced Due Diligence,AN018,2025-07-02,2025-07-17,30,15.0,N,Y,Y,Y,Y,N,Rejected,Adverse media,Y,10.9
KYC02165,C02009,Onboarding,Standard,KYC Onboarding,AN007,2025-10-25,2025-10-28,10,3.0,N,Y,Y,Y,N/A,N/A,Approved,,Y,2.2
KYC02166,C02010,Onboarding,Standard,KYC Onboarding,AN006,2025-03-17,2025-03-22,10,5.0,N,Y,Y,Y,N/A,N/A,Approved,,N,3.4
KYC02167,C02011,Onboarding,Standard,KYC Onboarding,AN009,2024-06-14,2024-06-25,10,11.0,Y,Y,Y,Y,N/A,N/A,Approved,,Y,5.6
KYC02168,C02012,Onboarding,Standard,KYC Onboarding,AN010,2025-07-19,2025-08-02,10,14.0,Y,Y,Y,Y,N/A,N/A,Approved,,Y,9.7
KYC02169,C02012,Trigger Event Review,Standard,KYC Periodic Review,AN013,2025-12-12,2025-12-17,10,5.0,N,Y,Y,Y,N/A,N/A,Approved,,Y,3.2
KYC02170,C02013,Onboarding,Standard,KYC Onboarding,AN005,2025-10-04,2025-10-10,10,6.0,N,N,Y,N,N/A,N/A,Approved,,Y,4.5
KYC02171,C02014,Onboarding,Simplified,KYC Onboarding,AN004,2024-07-18,2024-07-23,5,5.0,N,Y,Y,Y,N/A,N/A,Approved,,Y,2.7
KYC02172,C02015,Onboarding,Standard,KYC Onboarding,AN007,2024-03-16,2024-03-30,10,14.0,Y,Y,N,Y,N/A,N/A,Rejected,Source of funds unclear,Y,9.0
KYC02173,C02016,Onboarding,Standard,Business Due Diligence,AN026,2024-07-24,2024-07-30,10,6.0,N,Y,Y,Y,N/A,N/A,Approved,,Y,3.1
KYC02174,C02017,Onboarding,Standard,KYC Onboarding,AN009,2025-07-06,2025-07-07,10,1.0,N,Y,Y,Y,N/A,N/A,Approved,,Y,0.9
KYC02175,C02018,Onboarding,Standard,KYC Onboarding,AN006,2024-02-14,2024-02-19,10,5.0,N,Y,Y,Y,N/A,N/A,Approved,,Y,3.3
KYC02176,C02018,Trigger Event Review,Standard,KYC Periodic Review,AN014,2024-12-27,2025-01-09,10,13.0,Y,Y,Y,N,N/A,N/A,Approved,,Y,10.3
KYC02177,C02019,Onboarding,Simplified,KYC Onboarding,AN005,2024-07-30,2024-08-02,5,3.0,N,Y,Y,N,N/A,N/A,Approved,,Y,1.5
KYC02178,C02020,Onboarding,Standard,KYC Onboarding,AN002,2024-08-20,2024-08-21,10,1.0,N,Y,Y,Y,N/A,N/A,Approved,,Y,0.6
KYC02179,C02021,Onboarding,Standard,KYC Onboarding,AN005,2024-01-10,2024-01-13,10,3.0,N,Y,Y,Y,N/A,N/A,Approved,,Y,2.4
KYC02180,C02021,Trigger Event Review,Standard,KYC Periodic Review,AN016,2024-04-19,2024-04-24,10,5.0,N,Y,Y,Y,N/A,N/A,Approved,,Y,3.6
KYC02181,C02022,Onboarding,Standard,KYC Onboarding,AN003,2025-03-08,2025-03-11,10,3.0,N,Y,Y,Y,N/A,N/A,Rejected,Sanctions match,Y,2.2
KYC02182,C02023,Onboarding,Standard,KYC Onboarding,AN010,2025-08-10,2025-08-23,10,13.0,Y,Y,Y,N,N/A,N/A,Approved,,Y,8.4
KYC02183,C02024,Onboarding,Standard,KYC Onboarding,AN009,2024-04-19,2024-04-26,10,7.0,N,Y,N,Y,N/A,N/A,Approved,,Y,6.1
KYC02184,C02025,Onboarding,Simplified,KYC Onboarding,AN003,2025-10-08,2025-10-09,5,1.0,N,Y,Y,Y,N/A,N/A,Approved,,N,0.7
KYC02185,C02026,Onboarding,Standard,KYC Onboarding,AN001,2025-11-26,2025-12-01,10,5.0,N,Y,N,Y,N/A,N/A,Approved,,N,2.5
KYC02186,C02027,Onboarding,Standard,KYC Onboarding,AN006,2025-09-27,2025-10-01,10,4.0,N,Y,Y,Y,N/A,N/A,Approved,,Y,3.6
KYC02187,C02028,Onboarding,Standard,KYC Onboarding,AN007,2025-06-10,2025-06-11,10,1.0,N,N,Y,Y,N/A,N/A,Approved,,Y,0.4
KYC02188,C02029,Onboarding,Simplified,KYC Onboarding,AN003,2024-11-23,2024-11-28,5,5.0,N,Y,Y,N,N/A,N/A,Approved,,Y,2.1
KYC02189,C02030,Onboarding,Standard,KYC Onboarding,AN008,2024-05-29,2024-06-06,10,8.0,N,N,Y,Y,N/A,N/A,Approved,,N,6.0
KYC02190,C02031,Onboarding,Standard,KYC Onboarding,AN010,2025-10-27,2025-11-03,10,7.0,N,Y,Y,Y,N/A,N/A,Approved,,Y,3.0
KYC02191,C02032,Onboarding,Standard,Business Due Diligence,AN025,2025-01-22,2025-01-27,10,5.0,N,Y,Y,Y,N/A,N/A,Rejected,Customer withdrew,Y,2.8
KYC02192,C02033,Onboarding,Standard,Business Due Diligence,AN022,2024-11-26,2024-12-10,10,14.0,Y,Y,Y,Y,N/A,N/A,Approved,,N,5.6
KYC02193,C02034,Onboarding,Standard,Business Due Diligence,AN022,2024-10-12,2024-10-17,10,5.0,N,N,Y,Y,N/A,N/A,Approved,,Y,2.9
KYC02194,C02035,Onboarding,Standard,KYC Onboarding,AN006,2024-06-07,2024-06-17,10,10.0,N,Y,Y,Y,N/A,N/A,Approved,,Y,7.9
KYC02195,C02036,Onboarding,Simplified,KYC Onboarding,AN010,2024-10-06,2024-10-08,5,2.0,N,Y,Y,Y,N/A,N/A,Approved,,Y,1.8
KYC02196,C02037,Onboarding,Simplified,KYC Onboarding,AN003,2025-08-05,2025-08-07,5,2.0,N,Y,Y,Y,N/A,N/A,Approved,,Y,1.6
KYC02197,C02038,Onboarding,Enhanced,Enhanced Due Diligence,AN020,2025-02-13,2025-02-22,30,9.0,N,Y,Y,N,Y,Y,Approved,,Y,6.4
KYC02198,C02039,Onboarding,Standard,Business Due Diligence,AN025,2024-10-15,2024-10-28,10,13.0,Y,Y,Y,Y,N/A,N/A,Approved,,Y,8.9
KYC02199,C02040,Onboarding,Standard,Business Due Diligence,AN024,2024-03-17,2024-04-09,10,23.0,Y,Y,Y,Y,N/A,N/A,Approved,,Y,14.8
KYC02200,C02041,Onboarding,Standard,Business Due Diligence,AN025,2024-10-29,2024-11-07,10,9.0,N,Y,Y,Y,N/A,N/A,Approved,,N,6.7
KYC02201,C02042,Onboarding,Simplified,KYC Onboarding,AN004,2024-06-06,2024-06-10,5,4.0,N,Y,Y,N,N/A,N/A,Approved,,Y,1.8
KYC02202,C02043,Onboarding,Standard,Business Due Diligence,AN024,2024-10-13,2024-10-19,10,6.0,N,Y,Y,Y,N/A,N/A,Approved,,Y,2.9
KYC02203,C02044,Onboarding,Standard,Business Due Diligence,AN023,2024-04-15,2024-04-21,10,6.0,N,Y,Y,Y,N/A,N/A,Approved,,Y,3.5
KYC02204,C02045,Onboarding,Standard,KYC Onboarding,AN007,2025-11-20,2025-11-27,10,7.0,N,Y,Y,N,N/A,N/A,Approved,,Y,4.8
KYC02205,C02046,Onboarding,Standard,Business Due Diligence,AN024,2024-05-05,2024-05-09,10,4.0,N,Y,Y,Y,N/A,N/A,Approved,,Y,2.3
KYC02206,C02047,Onboarding,Simplified,KYC Onboarding,AN005,2024-03-31,2024-04-03,5,3.0,N,Y,Y,N,N/A,N/A,Rejected,Source of funds unclear,Y,1.6
KYC02207,C02048,Onboarding,Standard,Business Due Diligence,AN025,2025-04-22,2025-05-25,10,33.0,Y,Y,Y,Y,N/A,N/A,Approved,,Y,24.6
KYC02208,C02049,Onboarding,Enhanced,Enhanced Due Diligence,AN019,2024-09-07,2024-09-15,30,8.0,N,Y,Y,N,Y,N,Rejected,Sanctions match,N,3.3
KYC02209,C02049,Periodic Review,Enhanced,Enhanced Due Diligence,AN020,2025-10-12,2025-10-28,30,16.0,N,Y,Y,Y,Y,Y,Approved,,Y,13.0
KYC02210,C02050,Onboarding,Standard,KYC Onboarding,AN007,2025-12-28,,10,,,Y,N,Y,N/A,N/A,Pending,,,0.0
KYC02211,C02051,Onboarding,Standard,KYC Onboarding,AN006,2024-10-20,2024-10-24,10,4.0,N,Y,Y,Y,N/A,N/A,Rejected,Customer withdrew,Y,1.9
KYC02212,C02052,Onboarding,Simplified,KYC Onboarding,AN004,2025-04-18,2025-04-19,5,1.0,N,Y,Y,Y,N/A,N/A,Approved,,Y,0.4
KYC02213,C02053,Onboarding,Standard,Business Due Diligence,AN025,2025-08-31,2025-09-07,10,7.0,N,Y,Y,Y,N/A,N/A,Approved,,Y,6.0
KYC02214,C02054,Onboarding,Standard,Business Due Diligence,AN023,2025-12-18,2025-12-28,10,10.0,N,Y,Y,N,N/A,N/A,Approved,,Y,4.2
KYC02215,C02055,Onboarding,Standard,KYC Onboarding,AN003,2025-08-10,2025-08-11,10,1.0,N,Y,Y,N,N/A,N/A,Approved,,Y,0.5
KYC02216,C02056,Onboarding,Standard,Business Due Diligence,AN025,2025-02-23,2025-03-16,10,21.0,Y,Y,Y,Y,N/A,N/A,Approved,,Y,9.3
KYC02217,C02057,Onboarding,Standard,KYC Onboarding,AN003,2025-08-15,2025-08-25,10,10.0,N,Y,Y,Y,N/A,N/A,Approved,,Y,7.3
KYC02218,C02058,Onboarding,Simplified,KYC Onboarding,AN002,2024-07-24,2024-07-27,5,3.0,N,Y,Y,Y,N/A,N/A,Approved,,Y,1.2
KYC02219,C02059,Onboarding,Standard,KYC Onboarding,AN010,2025-09-27,2025-09-30,10,3.0,N,Y,Y,Y,N/A,N/A,Approved,,Y,1.5
KYC02220,C02060,Onboarding,Standard,KYC Onboarding,AN004,2025-09-27,2025-10-05,10,8.0,N,Y,Y,Y,N/A,N/A,Approved,,Y,4.8
KYC02221,C02061,Onboarding,Standard,KYC Onboarding,AN003,2024-10-05,2024-10-11,10,6.0,N,Y,Y,N,N/A,N/A,Approved,,Y,2.5
KYC02222,C02062,Onboarding,Standard,KYC Onboarding,AN006,2024-02-16,2024-02-25,10,9.0,N,Y,Y,N,N/A,N/A,Approved,,Y,4.7
KYC02223,C02063,Onboarding,Standard,KYC Onboarding,AN005,2025-05-11,2025-05-18,10,7.0,N,Y,Y,Y,N/A,N/A,Approved,,Y,3.7
KYC02224,C02064,Onboarding,Simplified,KYC Onboarding,AN001,2024-03-11,2024-03-13,5,2.0,N,N,Y,N,N/A,N/A,Approved,,Y,1.6
KYC02225,C02065,Onboarding,Standard,Business Due Diligence,AN024,2024-01-11,2024-01-17,10,6.0,N,Y,Y,N,N/A,N/A,Approved,,Y,3.1
KYC02226,C02066,Onboarding,Standard,KYC Onboarding,AN003,2025-11-22,2025-11-28,10,6.0,N,Y,Y,Y,N/A,N/A,Approved,,Y,5.0
KYC02227,C02067,Onboarding,Standard,Business Due Diligence,AN022,2025-02-17,2025-02-28,10,11.0,Y,Y,Y,Y,N/A,N/A,Approved,,Y,6.7
KYC02228,C02068,Onboarding,Standard,KYC Onboarding,AN008,2025-04-20,2025-05-03,10,13.0,Y,Y,Y,N,N/A,N/A,Approved,,Y,7.0
KYC02229,C02069,Onboarding,Standard,KYC Onboarding,AN003,2025-10-01,2025-10-06,10,5.0,N,Y,Y,Y,N/A,N/A,Approved,,Y,4.3
KYC02230,C02070,Onboarding,Simplified,KYC Onboarding,AN004,2025-11-07,2025-11-10,5,3.0,N,Y,Y,Y,N/A,N/A,Approved,,Y,1.5
KYC02231,C02071,Onboarding,Simplified,KYC Onboarding,AN004,2025-11-26,2025-11-28,5,2.0,N,Y,Y,Y,N/A,N/A,Approved,,Y,1.1
KYC02232,C02072,Onboarding,Standard,KYC Onboarding,AN008,2024-04-03,2024-04-05,10,2.0,N,Y,Y,Y,N/A,N/A,Approved,,Y,1.2
KYC02233,C02073,Onboarding,Simplified,KYC Onboarding,AN001,2024-08-20,2024-08-22,5,2.0,N,Y,Y,N,N/A,N/A,Approved,,Y,1.3
KYC02234,C02074,Onboarding,Standard,KYC Onboarding,AN002,2025-07-14,2025-07-19,10,5.0,N,Y,Y,Y,N/A,N/A,Approved,,Y,2.6
KYC02235,C02075,Onboarding,Standard,KYC Onboarding,AN004,2024-01-19,2024-01-26,10,7.0,N,Y,Y,Y,N/A,N/A,Approved,,Y,3.4
KYC02236,C02076,Onboarding,Standard,KYC Onboarding,AN008,2024-06-17,2024-06-28,10,11.0,Y,Y,Y,Y,N/A,N/A,Approved,,N,9.4
KYC02237,C02077,Onboarding,Simplified,KYC Onboarding,AN005,2025-01-09,2025-01-16,5,7.0,Y,Y,Y,N,N/A,N/A,Approved,,Y,5.4
KYC02238,C02078,Onboarding,Standard,Business Due Diligence,AN022,2024-09-03,2024-09-10,10,7.0,N,Y,Y,N,N/A,N/A,Approved,,Y,5.2
KYC02239,C02079,Onboarding,Standard,KYC Onboarding,AN003,2024-05-06,2024-05-08,10,2.0,N,Y,Y,Y,N/A,N/A,Approved,,N,1.1
KYC02240,C02080,Onboarding,Standard,Business Due Diligence,AN022,2025-10-17,2025-10-30,10,13.0,Y,Y,Y,Y,N/A,N/A,Rejected,Unacceptable risk appetite,Y,6.1
KYC02241,C02081,Onboarding,Standard,Business Due Diligence,AN023,2024-11-22,2024-12-05,10,13.0,Y,Y,Y,Y,N/A,N/A,Rejected,Incomplete documents,Y,7.5
KYC02242,C02082,Onboarding,Enhanced,Enhanced Due Diligence,AN021,2024-10-23,2024-11-13,30,21.0,N,Y,N,N,Y,Y,Approved,,Y,13.7
KYC02243,C02082,Periodic Review,Enhanced,Enhanced Due Diligence,AN019,2025-11-16,2025-11-24,30,8.0,N,Y,Y,Y,Y,Y,Approved,,Y,3.4
KYC02244,C02083,Onboarding,Standard,Business Due Diligence,AN024,2025-04-23,2025-04-26,10,3.0,N,Y,Y,Y,N/A,N/A,Approved,,Y,1.3
KYC02245,C02083,Trigger Event Review,Standard,Business Due Diligence,AN023,2025-10-09,2025-10-14,10,5.0,N,Y,Y,Y,N/A,N/A,Approved,,Y,2.2
KYC02246,C02084,Onboarding,Simplified,KYC Onboarding,AN010,2025-05-01,2025-05-03,5,2.0,N,Y,N,Y,N/A,N/A,Approved,,N,1.8
KYC02247,C02085,Onboarding,Standard,KYC Onboarding,AN010,2024-12-22,2024-12-25,10,3.0,N,Y,Y,Y,N/A,N/A,Approved,,Y,2.4
KYC02248,C02086,Onboarding,Standard,KYC Onboarding,AN009,2025-10-10,2025-10-14,10,4.0,N,Y,Y,Y,N/A,N/A,Rejected,Adverse media,Y,3.2
KYC02249,C02087,Onboarding,Standard,Business Due Diligence,AN024,2024-07-31,2024-08-14,10,14.0,Y,Y,Y,Y,N/A,N/A,Approved,,Y,10.5
KYC02250,C02088,Onboarding,Standard,KYC Onboarding,AN005,2025-09-28,2025-10-01,10,3.0,N,Y,Y,Y,N/A,N/A,Approved,,Y,2.3
KYC02251,C02089,Onboarding,Standard,KYC Onboarding,AN001,2025-09-26,2025-10-04,10,8.0,N,Y,Y,Y,N/A,N/A,Approved,,Y,4.7
KYC02252,C02090,Onboarding,Standard,Business Due Diligence,AN023,2024-01-04,2024-01-18,10,14.0,Y,Y,N,Y,N/A,N/A,Approved,,Y,6.6
KYC02253,C02091,Onboarding,Simplified,KYC Onboarding,AN010,2025-07-05,2025-07-06,5,1.0,N,Y,Y,N,N/A,N/A,Approved,,Y,0.7
KYC02254,C02092,Onboarding,Standard,KYC Onboarding,AN001,2024-04-25,2024-04-30,10,5.0,N,Y,Y,N,N/A,N/A,Approved,,Y,2.4
KYC02255,C02093,Onboarding,Standard,Business Due Diligence,AN022,2024-12-18,2024-12-21,10,3.0,N,Y,N,Y,N/A,N/A,Approved,,N,1.4
KYC02256,C02094,Onboarding,Simplified,KYC Onboarding,AN009,2025-10-29,2025-10-30,5,1.0,N,Y,Y,Y,N/A,N/A,Approved,,Y,0.5
KYC02257,C02095,Onboarding,Standard,KYC Onboarding,AN010,2024-05-22,2024-05-31,10,9.0,N,Y,Y,Y,N/A,N/A,Approved,,Y,5.2
KYC02258,C02096,Onboarding,Standard,Business Due Diligence,AN024,2025-02-11,2025-02-14,10,3.0,N,Y,Y,Y,N/A,N/A,Approved,,Y,1.8
KYC02259,C02097,Onboarding,Standard,KYC Onboarding,AN002,2025-07-20,2025-07-30,10,10.0,N,Y,Y,Y,N/A,N/A,Approved,,Y,5.7
KYC02260,C02098,Onboarding,Standard,KYC Onboarding,AN004,2024-12-13,2024-12-21,10,8.0,N,Y,Y,N,N/A,N/A,Approved,,Y,6.4
KYC02261,C02099,Onboarding,Standard,KYC Onboarding,AN009,2024-02-27,2024-03-05,10,7.0,N,Y,Y,N,N/A,N/A,Approved,,Y,6.1
KYC02262,C02100,Onboarding,Simplified,KYC Onboarding,AN007,2024-02-15,2024-02-16,5,1.0,N,Y,Y,N,N/A,N/A,Approved,,Y,0.8
KYC02263,C02101,Onboarding,Standard,KYC Onboarding,AN002,2025-01-12,2025-01-14,10,2.0,N,Y,N,Y,N/A,N/A,Approved,,Y,1.0
KYC02264,C02102,Onboarding,Standard,Business Due Diligence,AN026,2024-01-19,2024-01-27,10,8.0,N,Y,Y,Y,N/A,N/A,Approved,,N,4.6
KYC02265,C02103,Onboarding,Enhanced,Enhanced Due Diligence,AN017,2024-01-08,2024-01-17,30,9.0,N,Y,Y,Y,N,Y,Approved,,Y,5.7
KYC02266,C02103,Periodic Review,Enhanced,Enhanced Due Diligence,AN019,2025-02-17,2025-02-19,30,2.0,N,Y,Y,N,N,Y,Approved,,Y,1.1
KYC02267,C02104,Onboarding,Standard,KYC Onboarding,AN006,2025-11-25,2025-11-30,10,5.0,N,Y,Y,Y,N/A,N/A,Approved,,Y,3.2
KYC02268,C02105,Onboarding,Simplified,KYC Onboarding,AN001,2025-01-20,2025-01-22,5,2.0,N,Y,Y,Y,N/A,N/A,Approved,,Y,1.1
KYC02269,C02106,Onboarding,Simplified,KYC Onboarding,AN003,2024-12-12,2024-12-16,5,4.0,N,Y,Y,N,N/A,N/A,Approved,,Y,1.9
KYC02270,C02107,Onboarding,Standard,Business Due Diligence,AN023,2024-03-14,2024-03-16,10,2.0,N,Y,Y,Y,N/A,N/A,Approved,,Y,1.0
KYC02271,C02108,Onboarding,Standard,KYC Onboarding,AN002,2025-07-26,2025-07-30,10,4.0,N,Y,Y,Y,N/A,N/A,Approved,,Y,3.6
KYC02272,C02109,Onboarding,Simplified,KYC Onboarding,AN002,2025-01-06,2025-01-14,5,8.0,Y,Y,Y,N,N/A,N/A,Approved,,N,5.1
KYC02273,C02110,Onboarding,Standard,KYC Onboarding,AN006,2024-06-07,2024-07-01,10,24.0,Y,Y,Y,Y,N/A,N/A,Approved,,Y,11.6
KYC02274,C02111,Onboarding,Enhanced,Enhanced Due Diligence,AN018,2025-07-03,2025-07-27,30,24.0,N,Y,Y,Y,Y,N,Rejected,Sanctions match,Y,19.0
KYC02275,C02112,Onboarding,Standard,KYC Onboarding,AN010,2024-06-22,2024-07-07,10,15.0,Y,Y,Y,Y,N/A,N/A,Approved,,Y,10.1
KYC02276,C02113,Onboarding,Standard,Business Due Diligence,AN022,2024-12-31,2025-01-05,10,5.0,N,Y,Y,Y,N/A,N/A,Approved,,Y,2.5
KYC02277,C02114,Onboarding,Simplified,KYC Onboarding,AN003,2025-02-10,2025-02-12,5,2.0,N,Y,Y,N,N/A,N/A,Approved,,Y,1.3
KYC02278,C02115,Onboarding,Enhanced,Enhanced Due Diligence,AN019,2024-07-21,2024-08-04,30,14.0,N,Y,Y,Y,Y,N,Rejected,Source of funds unclear,Y,9.6
KYC02279,C02115,Periodic Review,Enhanced,Enhanced Due Diligence,AN017,2025-07-30,2025-08-19,30,20.0,N,Y,Y,Y,Y,N,Rejected,Source of funds unclear,Y,11.8
KYC02280,C02116,Onboarding,Simplified,KYC Onboarding,AN005,2025-09-30,2025-10-05,5,5.0,N,Y,Y,Y,N/A,N/A,Approved,,N,2.9
KYC02281,C02117,Onboarding,Standard,KYC Onboarding,AN004,2025-05-25,2025-06-04,10,10.0,N,Y,Y,Y,N/A,N/A,Approved,,Y,4.3
KYC02282,C02118,Onboarding,Enhanced,Enhanced Due Diligence,AN018,2024-07-27,2024-08-27,30,31.0,Y,Y,N,N,Y,N,Rejected,Sanctions match,Y,15.0
KYC02283,C02118,Periodic Review,Enhanced,Enhanced Due Diligence,AN018,2025-07-09,2025-08-13,30,35.0,Y,Y,Y,Y,Y,Y,Approved,,Y,24.6
KYC02284,C02119,Onboarding,Standard,Business Due Diligence,AN023,2024-04-23,2024-05-05,10,12.0,Y,Y,Y,Y,N/A,N/A,Approved,,Y,7.4
KYC02285,C02120,Onboarding,Standard,KYC Onboarding,AN006,2024-08-25,2024-08-30,10,5.0,N,Y,Y,Y,N/A,N/A,Approved,,Y,4.0
KYC02286,C02121,Onboarding,Simplified,KYC Onboarding,AN005,2024-12-02,2024-12-03,5,1.0,N,Y,N,Y,N/A,N/A,Approved,,Y,0.4
KYC02287,C02122,Onboarding,Standard,KYC Onboarding,AN005,2025-02-06,2025-02-20,10,14.0,Y,Y,Y,Y,N/A,N/A,Approved,,Y,10.4
KYC02288,C02123,Onboarding,Standard,KYC Onboarding,AN010,2024-10-17,2024-11-09,10,23.0,Y,Y,Y,N,N/A,N/A,Approved,,Y,9.4
KYC02289,C02124,Onboarding,Standard,KYC Onboarding,AN006,2024-01-27,2024-02-12,10,16.0,Y,Y,Y,N,N/A,N/A,Approved,,Y,8.1
KYC02290,C02125,Onboarding,Standard,Business Due Diligence,AN025,2025-05-06,2025-05-07,10,1.0,N,Y,Y,N,N/A,N/A,Approved,,Y,0.5
KYC02291,C02126,Onboarding,Standard,KYC Onboarding,AN010,2024-10-02,2024-10-08,10,6.0,N,Y,Y,Y,N/A,N/A,Approved,,Y,4.1
KYC02292,C02127,Onboarding,Standard,Business Due Diligence,AN024,2024-09-02,2024-09-03,10,1.0,N,Y,Y,Y,N/A,N/A,Approved,,Y,0.7
KYC02293,C02128,Onboarding,Standard,KYC Onboarding,AN010,2025-02-07,2025-02-11,10,4.0,N,Y,N,N,N/A,N/A,Approved,,Y,2.4
KYC02294,C02129,Onboarding,Standard,KYC Onboarding,AN009,2025-09-01,2025-09-04,10,3.0,N,Y,Y,Y,N/A,N/A,Rejected,Sanctions match,Y,2.5
KYC02295,C02130,Onboarding,Standard,KYC Onboarding,AN002,2024-01-04,2024-01-31,10,27.0,Y,Y,Y,Y,N/A,N/A,Approved,,Y,22.4
KYC02296,C02131,Onboarding,Standard,KYC Onboarding,AN008,2025-11-29,2025-12-08,10,9.0,N,Y,Y,N,N/A,N/A,Approved,,Y,6.4
KYC02297,C02132,Onboarding,Standard,KYC Onboarding,AN007,2025-04-09,2025-04-14,10,5.0,N,Y,N,Y,N/A,N/A,Approved,,Y,3.8
KYC02298,C02133,Onboarding,Simplified,KYC Onboarding,AN007,2025-02-02,2025-02-03,5,1.0,N,Y,Y,Y,N/A,N/A,Approved,,Y,0.7
KYC02299,C02134,Onboarding,Enhanced,Enhanced Due Diligence,AN019,2024-02-07,2024-04-17,30,70.0,Y,N,Y,Y,Y,Y,Approved,,Y,51.7
KYC02300,C02134,Periodic Review,Enhanced,Enhanced Due Diligence,AN017,2025-01-22,2025-02-09,30,18.0,N,Y,Y,Y,Y,Y,Approved,,Y,10.0
KYC02301,C02135,Onboarding,Enhanced,Enhanced Due Diligence,AN017,2025-06-03,2025-07-10,30,37.0,Y,Y,N,Y,Y,Y,Approved,,Y,17.1
KYC02302,C02136,Onboarding,Standard,Business Due Diligence,AN026,2025-06-07,2025-06-13,10,6.0,N,Y,Y,Y,N/A,N/A,Approved,,Y,5.0
KYC02303,C02137,Onboarding,Simplified,KYC Onboarding,AN004,2025-02-09,2025-02-10,5,1.0,N,Y,Y,N,N/A,N/A,Approved,,Y,0.8
KYC02304,C02138,Onboarding,Standard,KYC Onboarding,AN005,2025-08-09,2025-08-18,10,9.0,N,Y,Y,Y,N/A,N/A,Approved,,Y,6.7
KYC02305,C02139,Onboarding,Standard,KYC Onboarding,AN010,2025-09-02,2025-09-10,10,8.0,N,Y,Y,Y,N/A,N/A,Approved,,Y,3.3
KYC02306,C02140,Onboarding,Standard,KYC Onboarding,AN004,2025-09-05,2025-09-15,10,10.0,N,Y,N,N,N/A,N/A,Approved,,Y,4.4
KYC02307,C02141,Onboarding,Standard,KYC Onboarding,AN006,2024-08-26,2024-09-05,10,10.0,N,Y,Y,Y,N/A,N/A,Approved,,Y,7.1
KYC02308,C02142,Onboarding,Simplified,KYC Onboarding,AN001,2025-05-05,2025-05-07,5,2.0,N,Y,Y,Y,N/A,N/A,Rejected,Source of funds unclear,Y,1.3
KYC02309,C02143,Onboarding,Simplified,KYC Onboarding,AN003,2024-02-08,2024-02-09,5,1.0,N,Y,Y,N,N/A,N/A,Approved,,Y,0.5
KYC02310,C02144,Onboarding,Simplified,KYC Onboarding,AN008,2025-02-13,2025-02-16,5,3.0,N,Y,Y,Y,N/A,N/A,Approved,,Y,2.1
KYC02311,C02145,Onboarding,Simplified,KYC Onboarding,AN004,2024-04-16,2024-04-18,5,2.0,N,Y,Y,N,N/A,N/A,Approved,,Y,0.8
KYC02312,C02146,Onboarding,Simplified,KYC Onboarding,AN007,2024-08-11,2024-08-17,5,6.0,Y,Y,Y,Y,N/A,N/A,Approved,,Y,3.9
KYC02313,C02147,Onboarding,Standard,KYC Onboarding,AN005,2025-05-06,2025-05-17,10,11.0,Y,Y,Y,Y,N/A,N/A,Approved,,Y,8.7
KYC02314,C02147,Trigger Event Review,Simplified,KYC Periodic Review,AN011,2025-06-19,2025-06-21,5,2.0,N,Y,Y,Y,N/A,N/A,Approved,,Y,1.0
KYC02315,C02148,Onboarding,Simplified,KYC Onboarding,AN002,2024-11-06,2024-11-07,5,1.0,N,Y,Y,Y,N/A,N/A,Approved,,Y,0.9
KYC02316,C02149,Onboarding,Standard,KYC Onboarding,AN002,2025-09-22,2025-09-30,10,8.0,N,Y,Y,N,N/A,N/A,Approved,,Y,6.1
KYC02317,C02150,Onboarding,Standard,KYC Onboarding,AN001,2024-03-03,2024-03-04,10,1.0,N,Y,Y,Y,N/A,N/A,Approved,,Y,0.8
KYC02318,C02151,Onboarding,Standard,KYC Onboarding,AN008,2025-12-08,2025-12-17,10,9.0,N,Y,Y,N,N/A,N/A,Approved,,Y,6.0
KYC02319,C02152,Onboarding,Enhanced,Enhanced Due Diligence,AN017,2025-05-30,2025-07-02,30,33.0,Y,Y,Y,Y,Y,N,Rejected,Sanctions match,Y,15.6
KYC02320,C02153,Onboarding,Simplified,KYC Onboarding,AN003,2024-11-08,2024-11-17,5,9.0,Y,Y,Y,N,N/A,N/A,Approved,,Y,6.0
KYC02321,C02154,Onboarding,Standard,KYC Onboarding,AN001,2024-01-17,2024-02-02,10,16.0,Y,Y,Y,Y,N/A,N/A,Approved,,Y,11.5
KYC02322,C02155,Onboarding,Enhanced,Enhanced Due Diligence,AN018,2024-01-27,2024-02-20,30,24.0,N,Y,Y,N,Y,Y,Approved,,Y,17.4
KYC02323,C02155,Periodic Review,Enhanced,Enhanced Due Diligence,AN020,2025-02-12,2025-03-02,30,18.0,N,Y,Y,N,Y,Y,Approved,,Y,13.9
KYC02324,C02156,Onboarding,Simplified,KYC Onboarding,AN003,2024-10-28,2024-10-30,5,2.0,N,Y,Y,N,N/A,N/A,Approved,,Y,1.2
KYC02325,C02156,Trigger Event Review,Standard,KYC Periodic Review,AN012,2025-11-24,2025-11-26,10,2.0,N,Y,Y,Y,N/A,N/A,Approved,,Y,1.7
KYC02326,C02157,Onboarding,Standard,Business Due Diligence,AN023,2025-02-21,2025-02-28,10,7.0,N,Y,N,Y,N/A,N/A,Approved,,Y,2.8
KYC02327,C02158,Onboarding,Standard,Business Due Diligence,AN023,2025-01-02,2025-01-12,10,10.0,N,Y,Y,Y,N/A,N/A,Approved,,Y,6.4
KYC02328,C02159,Onboarding,Standard,KYC Onboarding,AN002,2024-08-04,2024-08-13,10,9.0,N,Y,N,Y,N/A,N/A,Rejected,Sanctions match,Y,4.3
KYC02329,C02160,Onboarding,Standard,KYC Onboarding,AN004,2025-04-19,2025-04-29,10,10.0,N,Y,Y,Y,N/A,N/A,Escalated to Compliance,,Y,8.2
KYC02330,C02161,Onboarding,Standard,KYC Onboarding,AN009,2025-03-22,2025-03-25,10,3.0,N,Y,Y,Y,N/A,N/A,Approved,,N,2.1
KYC02331,C02162,Onboarding,Standard,Business Due Diligence,AN025,2024-09-03,2024-09-08,10,5.0,N,Y,Y,N,N/A,N/A,Approved,,Y,3.0
KYC02332,C02163,Onboarding,Simplified,KYC Onboarding,AN001,2024-08-21,2024-08-24,5,3.0,N,Y,N,Y,N/A,N/A,Approved,,Y,1.6
KYC02333,C02164,Onboarding,Simplified,KYC Onboarding,AN003,2024-11-17,2024-11-20,5,3.0,N,Y,Y,N,N/A,N/A,Approved,,Y,2.4
KYC02334,C02165,Onboarding,Simplified,KYC Onboarding,AN001,2025-06-27,2025-06-28,5,1.0,N,Y,Y,N,N/A,N/A,Approved,,Y,0.6
KYC02335,C02166,Onboarding,Standard,KYC Onboarding,AN005,2025-03-03,2025-03-15,10,12.0,Y,N,Y,Y,N/A,N/A,Rejected,Customer withdrew,Y,10.6
KYC02336,C02167,Onboarding,Enhanced,Enhanced Due Diligence,AN020,2024-03-30,2024-04-21,30,22.0,N,Y,Y,Y,Y,N,Rejected,Adverse media,Y,13.5
KYC02337,C02167,Periodic Review,Enhanced,Enhanced Due Diligence,AN017,2025-04-20,2025-05-18,30,28.0,N,Y,Y,Y,Y,Y,Approved,,Y,13.2
KYC02338,C02168,Onboarding,Simplified,KYC Onboarding,AN002,2025-11-05,2025-11-06,5,1.0,N,N,Y,N,N/A,N/A,Approved,,Y,0.8
KYC02339,C02169,Onboarding,Standard,Business Due Diligence,AN026,2024-05-23,2024-06-02,10,10.0,N,Y,Y,Y,N/A,N/A,Approved,,Y,5.9
KYC02340,C02170,Onboarding,Standard,Business Due Diligence,AN025,2025-05-06,2025-05-16,10,10.0,N,N,Y,N,N/A,N/A,Approved,,Y,5.7
KYC02341,C02171,Onboarding,Standard,KYC Onboarding,AN008,2024-01-13,2024-01-18,10,5.0,N,Y,Y,Y,N/A,N/A,Approved,,Y,4.2
KYC02342,C02172,Onboarding,Standard,KYC Onboarding,AN001,2024-07-02,2024-07-06,10,4.0,N,Y,Y,Y,N/A,N/A,Approved,,Y,3.3
KYC02343,C02173,Onboarding,Enhanced,Enhanced Due Diligence,AN021,2025-02-15,2025-04-07,30,51.0,Y,Y,Y,N,Y,Y,Approved,,Y,39.7
KYC02344,C02174,Onboarding,Standard,Business Due Diligence,AN023,2025-09-11,2025-09-29,10,18.0,Y,Y,Y,Y,N/A,N/A,Approved,,Y,15.7
KYC02345,C02175,Onboarding,Standard,Business Due Diligence,AN026,2025-02-12,2025-02-16,10,4.0,N,Y,Y,Y,N/A,N/A,Approved,,Y,3.2
KYC02346,C02176,Onboarding,Standard,KYC Onboarding,AN003,2024-02-09,2024-02-22,10,13.0,Y,Y,Y,Y,N/A,N/A,Approved,,Y,6.1
KYC02347,C02177,Onboarding,Standard,KYC Onboarding,AN007,2025-11-26,2025-12-01,10,5.0,N,N,Y,Y,N/A,N/A,Approved,,Y,4.5
KYC02348,C02178,Onboarding,Simplified,KYC Onboarding,AN007,2024-07-16,2024-07-19,5,3.0,N,Y,Y,N,N/A,N/A,Approved,,Y,2.2
KYC02349,C02179,Onboarding,Standard,Business Due Diligence,AN024,2024-09-22,2024-10-02,10,10.0,N,Y,Y,Y,N/A,N/A,Approved,,Y,8.9
KYC02350,C02180,Onboarding,Standard,KYC Onboarding,AN008,2024-03-16,2024-04-01,10,16.0,Y,Y,Y,Y,N/A,N/A,Approved,,Y,11.8
KYC02351,C02181,Onboarding,Simplified,KYC Onboarding,AN002,2025-05-21,2025-05-23,5,2.0,N,Y,Y,Y,N/A,N/A,Approved,,Y,1.6
KYC02352,C02182,Onboarding,Standard,KYC Onboarding,AN010,2024-11-18,2024-11-19,10,1.0,N,Y,Y,Y,N/A,N/A,Approved,,Y,0.9
KYC02353,C02183,Onboarding,Simplified,KYC Onboarding,AN004,2024-06-09,2024-06-16,5,7.0,Y,Y,Y,Y,N/A,N/A,Approved,,Y,3.5
KYC02354,C02184,Onboarding,Standard,Business Due Diligence,AN023,2025-04-09,2025-04-20,10,11.0,Y,Y,Y,Y,N/A,N/A,Approved,,Y,7.0
KYC02355,C02185,Onboarding,Simplified,KYC Onboarding,AN007,2024-05-20,2024-05-22,5,2.0,N,Y,Y,N,N/A,N/A,Approved,,Y,1.7
KYC02356,C02186,Onboarding,Standard,KYC Onboarding,AN004,2025-01-19,2025-01-26,10,7.0,N,Y,N,Y,N/A,N/A,Approved,,Y,3.0
KYC02357,C02187,Onboarding,Standard,Business Due Diligence,AN024,2025-04-26,2025-05-07,10,11.0,Y,Y,Y,Y,N/A,N/A,Approved,,Y,4.8
KYC02358,C02188,Onboarding,Standard,Business Due Diligence,AN023,2025-08-14,2025-08-17,10,3.0,N,Y,Y,Y,N/A,N/A,Approved,,Y,1.6
KYC02359,C02189,Onboarding,Standard,KYC Onboarding,AN007,2025-05-21,2025-05-27,10,6.0,N,Y,Y,Y,N/A,N/A,Approved,,Y,3.4
KYC02360,C02190,Onboarding,Simplified,KYC Onboarding,AN001,2025-02-15,2025-02-17,5,2.0,N,Y,Y,Y,N/A,N/A,Approved,,Y,1.0
KYC02361,C02191,Onboarding,Standard,Business Due Diligence,AN023,2024-01-25,2024-02-01,10,7.0,N,Y,Y,Y,N/A,N/A,Approved,,Y,5.1
KYC02362,C02192,Onboarding,Standard,Business Due Diligence,AN022,2024-06-18,2024-06-30,10,12.0,Y,Y,Y,N,N/A,N/A,Approved,,Y,6.1
KYC02363,C02193,Onboarding,Standard,KYC Onboarding,AN006,2025-02-23,2025-02-26,10,3.0,N,Y,Y,Y,N/A,N/A,Approved,,Y,2.4
KYC02364,C02194,Onboarding,Standard,KYC Onboarding,AN008,2025-01-24,2025-01-26,10,2.0,N,Y,Y,Y,N/A,N/A,Approved,,Y,0.8
KYC02365,C02195,Onboarding,Standard,KYC Onboarding,AN008,2025-01-25,2025-02-12,10,18.0,Y,Y,Y,Y,N/A,N/A,Approved,,N,15.2
KYC02366,C02195,Trigger Event Review,Standard,KYC Periodic Review,AN012,2025-12-19,2025-12-25,10,6.0,N,Y,Y,N,N/A,N/A,Approved,,Y,4.3
KYC02367,C02196,Onboarding,Simplified,KYC Onboarding,AN008,2025-06-19,2025-06-20,5,1.0,N,Y,Y,Y,N/A,N/A,Rejected,Unverifiable identity,Y,0.7
KYC02368,C02197,Onboarding,Standard,Business Due Diligence,AN023,2025-10-22,2025-10-27,10,5.0,N,Y,Y,Y,N/A,N/A,Approved,,Y,4.1
KYC02369,C02198,Onboarding,Standard,KYC Onboarding,AN008,2024-12-30,2025-01-08,10,9.0,N,Y,Y,Y,N/A,N/A,Approved,,Y,7.7
KYC02370,C02199,Onboarding,Standard,KYC Onboarding,AN008,2024-04-07,2024-04-18,10,11.0,Y,Y,Y,Y,N/A,N/A,Approved,,Y,7.6
KYC02371,C02199,Trigger Event Review,Standard,KYC Periodic Review,AN014,2024-09-28,2024-10-09,10,11.0,Y,Y,Y,N,N/A,N/A,Approved,,N,6.5
KYC02372,C02200,Onboarding,Enhanced,Enhanced Due Diligence,AN019,2024-11-19,2024-11-26,30,7.0,N,Y,Y,N,Y,Y,Approved,,Y,4.7
KYC02373,C02200,Periodic Review,Enhanced,Enhanced Due Diligence,AN020,2025-11-09,2025-11-26,30,17.0,N,Y,Y,Y,Y,N,Escalated to Compliance,,Y,12.0
KYC02374,C02201,Onboarding,Enhanced,Enhanced Due Diligence,AN019,2024-07-01,2024-07-12,30,11.0,N,N,Y,Y,Y,Y,Approved,,Y,6.4
KYC02375,C02201,Periodic Review,Enhanced,Enhanced Due Diligence,AN018,2025-06-25,2025-08-21,30,57.0,Y,Y,Y,Y,Y,Y,Approved,,Y,44.0
KYC02376,C02202,Onboarding,Standard,Business Due Diligence,AN023,2025-01-19,2025-01-20,10,1.0,N,Y,Y,Y,N/A,N/A,Approved,,N,0.8
KYC02377,C02203,Onboarding,Standard,KYC Onboarding,AN005,2025-03-07,2025-03-12,10,5.0,N,Y,Y,Y,N/A,N/A,Approved,,Y,2.5
KYC02378,C02204,Onboarding,Standard,KYC Onboarding,AN003,2025-02-01,2025-02-06,10,5.0,N,Y,Y,N,N/A,N/A,Approved,,Y,3.8
KYC02379,C02205,Onboarding,Standard,KYC Onboarding,AN003,2025-02-25,2025-03-01,10,4.0,N,Y,Y,Y,N/A,N/A,Approved,,Y,3.1
KYC02380,C02206,Onboarding,Simplified,KYC Onboarding,AN007,2024-08-15,2024-08-16,5,1.0,N,Y,Y,N,N/A,N/A,Approved,,Y,0.5
KYC02381,C02207,Onboarding,Standard,KYC Onboarding,AN010,2024-05-09,2024-05-20,10,11.0,Y,Y,Y,Y,N/A,N/A,Approved,,Y,9.2
KYC02382,C02208,Onboarding,Standard,KYC Onboarding,AN009,2025-09-16,2025-09-27,10,11.0,Y,Y,Y,Y,N/A,N/A,Approved,,Y,8.4
KYC02383,C02209,Onboarding,Standard,KYC Onboarding,AN004,2024-10-16,2024-11-01,10,16.0,Y,Y,Y,Y,N/A,N/A,Approved,,Y,8.4
KYC02384,C02210,Onboarding,Enhanced,Enhanced Due Diligence,AN018,2024-05-27,2024-06-25,30,29.0,N,Y,Y,Y,Y,Y,Approved,,Y,18.7
KYC02385,C02210,Periodic Review,Enhanced,Enhanced Due Diligence,AN017,2025-06-30,2025-07-06,30,6.0,N,Y,Y,Y,Y,Y,Approved,,Y,4.0
KYC02386,C02211,Onboarding,Standard,Business Due Diligence,AN022,2025-12-25,,10,,,Y,Y,Y,N/A,N/A,Pending,,,0.0
KYC02387,C02212,Onboarding,Standard,KYC Onboarding,AN009,2024-01-22,2024-01-30,10,8.0,N,Y,Y,Y,N/A,N/A,Approved,,Y,5.5
KYC02388,C02213,Onboarding,Standard,KYC Onboarding,AN001,2024-09-10,2024-09-12,10,2.0,N,Y,Y,Y,N/A,N/A,Approved,,Y,1.1
KYC02389,C02214,Onboarding,Simplified,KYC Onboarding,AN009,2025-06-25,2025-06-27,5,2.0,N,Y,Y,N,N/A,N/A,Approved,,Y,1.0
KYC02390,C02215,Onboarding,Standard,KYC Onboarding,AN001,2024-10-26,2024-10-29,10,3.0,N,Y,Y,Y,N/A,N/A,Approved,,Y,2.0
KYC02391,C02216,Onboarding,Standard,KYC Onboarding,AN007,2025-09-07,2025-09-17,10,10.0,N,Y,Y,Y,N/A,N/A,Approved,,N,6.3
KYC02392,C02217,Onboarding,Standard,KYC Onboarding,AN010,2024-09-17,2024-09-18,10,1.0,N,Y,Y,Y,N/A,N/A,Approved,,Y,0.8
KYC02393,C02218,Onboarding,Standard,Business Due Diligence,AN026,2025-04-11,2025-05-11,10,30.0,Y,Y,Y,Y,N/A,N/A,Rejected,Incomplete documents,Y,18.7
KYC02394,C02219,Onboarding,Standard,KYC Onboarding,AN010,2024-11-08,2024-11-15,10,7.0,N,Y,Y,Y,N/A,N/A,Approved,,Y,3.2
KYC02395,C02220,Onboarding,Standard,Business Due Diligence,AN026,2024-12-07,2024-12-22,10,15.0,Y,Y,Y,Y,N/A,N/A,Approved,,Y,9.5
KYC02396,C02221,Onboarding,Standard,KYC Onboarding,AN007,2024-12-26,2024-12-31,10,5.0,N,Y,Y,Y,N/A,N/A,Approved,,Y,3.3
KYC02397,C02222,Onboarding,Simplified,KYC Onboarding,AN003,2025-12-10,2025-12-11,5,1.0,N,Y,Y,Y,N/A,N/A,Approved,,Y,0.9
KYC02398,C02223,Onboarding,Standard,KYC Onboarding,AN004,2025-07-05,2025-07-16,10,11.0,Y,Y,Y,Y,N/A,N/A,Approved,,Y,5.2
KYC02399,C02224,Onboarding,Standard,KYC Onboarding,AN003,2024-09-26,2024-10-12,10,16.0,Y,Y,Y,N,N/A,N/A,Approved,,Y,7.0
KYC02400,C02225,Onboarding,Standard,KYC Onboarding,AN008,2024-10-30,2024-11-01,10,2.0,N,Y,Y,Y,N/A,N/A,Escalated to Compliance,,Y,1.7
KYC02401,C02226,Onboarding,Standard,Business Due Diligence,AN026,2024-10-21,2024-11-05,10,15.0,Y,Y,Y,Y,N/A,N/A,Approved,,Y,13.3
KYC02402,C02227,Onboarding,Standard,KYC Onboarding,AN002,2025-06-20,2025-06-23,10,3.0,N,Y,Y,Y,N/A,N/A,Approved,,Y,2.2
KYC02403,C02228,Onboarding,Standard,KYC Onboarding,AN003,2025-03-04,2025-03-08,10,4.0,N,Y,Y,Y,N/A,N/A,Approved,,N,1.7
KYC02404,C02229,Onboarding,Standard,KYC Onboarding,AN007,2025-01-23,2025-01-31,10,8.0,N,Y,Y,Y,N/A,N/A,Approved,,Y,6.8
KYC02405,C02230,Onboarding,Standard,KYC Onboarding,AN008,2024-11-07,2024-11-13,10,6.0,N,Y,Y,Y,N/A,N/A,Approved,,Y,4.4
KYC02406,C02231,Onboarding,Simplified,KYC Onboarding,AN007,2024-10-14,2024-10-15,5,1.0,N,Y,N,Y,N/A,N/A,Approved,,Y,0.8
KYC02407,C02232,Onboarding,Standard,KYC Onboarding,AN002,2025-02-09,2025-02-20,10,11.0,Y,Y,Y,Y,N/A,N/A,Approved,,Y,8.8
KYC02408,C02233,Onboarding,Standard,Business Due Diligence,AN026,2025-08-27,2025-09-08,10,12.0,Y,Y,Y,N,N/A,N/A,Approved,,Y,7.6
KYC02409,C02234,Onboarding,Standard,KYC Onboarding,AN008,2025-12-06,2025-12-11,10,5.0,N,Y,Y,Y,N/A,N/A,Approved,,Y,2.7
KYC02410,C02235,Onboarding,Standard,KYC Onboarding,AN005,2024-02-14,2024-02-16,10,2.0,N,Y,Y,N,N/A,N/A,Approved,,Y,1.6
KYC02411,C02236,Onboarding,Standard,KYC Onboarding,AN010,2024-06-19,2024-06-24,10,5.0,N,Y,Y,Y,N/A,N/A,Approved,,Y,2.6
KYC02412,C02237,Onboarding,Enhanced,Enhanced Due Diligence,AN019,2025-05-15,2025-06-14,30,30.0,N,Y,Y,Y,Y,Y,Approved,,Y,14.6
KYC02413,C02238,Onboarding,Standard,KYC Onboarding,AN008,2024-04-18,2024-04-21,10,3.0,N,Y,Y,Y,N/A,N/A,Approved,,Y,1.7
KYC02414,C02239,Onboarding,Standard,KYC Onboarding,AN001,2025-03-21,2025-03-31,10,10.0,N,Y,N,Y,N/A,N/A,Approved,,N,4.7
KYC02416,C02240,Onboarding,Standard,KYC Onboarding,AN008,2024-11-03,2024-11-10,10,7.0,N,Y,Y,Y,N/A,N/A,Approved,,Y,4.9
KYC02417,C02241,Onboarding,Simplified,KYC Onboarding,AN001,2024-05-19,2024-05-20,5,1.0,N,Y,Y,N,N/A,N/A,Approved,,Y,0.5
KYC02418,C02242,Onboarding,Simplified,KYC Onboarding,AN005,2024-12-31,2025-01-03,5,3.0,N,Y,Y,Y,N/A,N/A,Approved,,Y,2.2
KYC02419,C02243,Onboarding,Standard,Business Due Diligence,AN025,2025-01-04,2025-01-08,10,4.0,N,Y,Y,Y,N/A,N/A,Approved,,Y,2.6
KYC02420,C02244,Onboarding,Standard,KYC Onboarding,AN008,2025-06-01,2025-06-02,10,1.0,N,Y,Y,Y,N/A,N/A,Approved,,Y,0.6
KYC02421,C02245,Onboarding,Standard,Business Due Diligence,AN022,2025-08-26,2025-09-13,10,18.0,Y,Y,Y,N,N/A,N/A,Approved,,Y,15.7
KYC02422,C02246,Onboarding,Standard,KYC Onboarding,AN001,2025-11-28,2025-12-07,10,9.0,N,Y,Y,Y,N/A,N/A,Approved,,Y,7.5
KYC02423,C02247,Onboarding,Standard,Business Due Diligence,AN025,2024-11-16,2024-12-01,10,15.0,Y,Y,Y,Y,N/A,N/A,Approved,,Y,12.6
KYC02424,C02248,Onboarding,Enhanced,Enhanced Due Diligence,AN021,2025-05-14,2025-06-11,30,28.0,N,Y,Y,Y,Y,Y,Approved,,Y,16.0
KYC02425,C02249,Onboarding,Standard,KYC Onboarding,AN002,2025-07-28,2025-08-07,10,10.0,N,Y,Y,Y,N/A,N/A,Approved,,Y,4.0
KYC02426,C02250,Onboarding,Standard,KYC Onboarding,AN008,2025-12-19,2025-12-23,10,4.0,N,Y,Y,Y,N/A,N/A,Approved,,Y,3.4
KYC02427,C02251,Onboarding,Simplified,KYC Onboarding,AN005,2025-04-20,2025-04-21,5,1.0,N,Y,Y,N,N/A,N/A,Approved,,Y,0.4
KYC02428,C02252,Onboarding,Standard,Business Due Diligence,AN025,2024-06-27,2024-07-05,10,8.0,N,Y,Y,Y,N/A,N/A,Rejected,Source of funds unclear,N,6.8
KYC02429,C02253,Onboarding,Standard,KYC Onboarding,AN004,2024-09-03,2024-09-06,10,3.0,N,Y,Y,N,N/A,N/A,Approved,,Y,2.1
KYC02430,C02254,Onboarding,Standard,KYC Onboarding,AN001,2024-05-28,2024-06-10,10,13.0,Y,Y,Y,N,N/A,N/A,Approved,,Y,7.7
KYC02431,C02255,Onboarding,Standard,KYC Onboarding,AN004,2024-05-22,2024-06-15,10,24.0,Y,Y,Y,N,N/A,N/A,Approved,,Y,17.1
KYC02432,C02256,Onboarding,Enhanced,Enhanced Due Diligence,AN019,2024-08-11,2024-09-29,30,49.0,Y,Y,Y,Y,Y,N,Escalated to Compliance,,Y,30.3
KYC02433,C02256,Periodic Review,Enhanced,Enhanced Due Diligence,AN017,2025-07-24,2025-08-12,30,19.0,N,Y,Y,Y,Y,Y,Approved,,Y,16.5
KYC02434,C02257,Onboarding,Standard,KYC Onboarding,AN003,2024-12-26,2024-12-28,10,2.0,N,Y,Y,N,N/A,N/A,Approved,,Y,0.9
KYC02435,C02258,Onboarding,Simplified,KYC Onboarding,AN006,2025-07-27,2025-07-29,5,2.0,N,Y,Y,N,N/A,N/A,Approved,,Y,0.8
KYC02436,C02259,Onboarding,Standard,Business Due Diligence,AN022,2024-07-30,2024-08-01,10,2.0,N,Y,Y,N,N/A,N/A,Approved,,Y,0.9
KYC02437,C02260,Onboarding,Standard,KYC Onboarding,AN008,2024-05-12,2024-05-22,10,10.0,N,Y,Y,Y,N/A,N/A,Approved,,Y,8.6
KYC02438,C02261,Onboarding,Standard,Business Due Diligence,AN023,2024-03-30,2024-04-11,10,12.0,Y,Y,N,Y,N/A,N/A,Approved,,Y,5.3
KYC02439,C02262,Onboarding,Standard,KYC Onboarding,AN009,2024-05-23,2024-05-27,10,4.0,N,Y,Y,N,N/A,N/A,Approved,,Y,1.7
KYC02440,C02263,Onboarding,Standard,KYC Onboarding,AN005,2024-11-12,2024-11-18,10,6.0,N,Y,Y,Y,N/A,N/A,Approved,,N,3.6
KYC02441,C02264,Onboarding,Standard,Business Due Diligence,AN026,2024-10-25,2024-10-30,10,5.0,N,Y,Y,Y,N/A,N/A,Approved,,Y,3.2
KYC02442,C02265,Onboarding,Standard,KYC Onboarding,AN009,2024-10-17,2024-10-20,10,3.0,N,N,N,N,N/A,N/A,Approved,,Y,2.2
KYC02443,C02266,Onboarding,Standard,KYC Onboarding,AN003,2024-08-19,2024-08-30,10,11.0,Y,Y,Y,N,N/A,N/A,Approved,,Y,8.6
KYC02444,C02266,Trigger Event Review,Standard,KYC Periodic Review,AN016,2025-02-17,2025-02-20,10,3.0,N,Y,Y,Y,N/A,N/A,Approved,,Y,2.6
KYC02445,C02267,Onboarding,Simplified,KYC Onboarding,AN007,2024-11-26,2024-11-28,5,2.0,N,Y,Y,N,N/A,N/A,Approved,,Y,0.9
KYC02446,C02268,Onboarding,Standard,KYC Onboarding,AN001,2025-04-15,2025-04-24,10,9.0,N,Y,Y,N,N/A,N/A,Approved,,Y,7.8
KYC02447,C02269,Onboarding,Standard,KYC Onboarding,AN008,2024-01-29,2024-02-14,10,16.0,Y,Y,Y,Y,N/A,N/A,Approved,,Y,12.4
KYC02448,C02270,Onboarding,Standard,KYC Onboarding,AN002,2025-10-08,2025-10-16,10,8.0,N,Y,Y,Y,N/A,N/A,Approved,,Y,5.3
KYC02449,C02271,Onboarding,Standard,KYC Onboarding,AN005,2024-08-11,2024-08-19,10,8.0,N,Y,Y,Y,N/A,N/A,Approved,,Y,6.4
KYC02450,C02272,Onboarding,Standard,KYC Onboarding,AN001,2024-04-09,2024-04-16,10,7.0,N,Y,Y,Y,N/A,N/A,Approved,,Y,3.2
KYC02451,C02273,Onboarding,Standard,KYC Onboarding,AN007,2024-05-03,2024-05-11,10,8.0,N,Y,Y,Y,N/A,N/A,Approved,,Y,6.7
KYC02452,C02273,Trigger Event Review,Simplified,KYC Periodic Review,AN016,2024-09-10,2024-09-12,5,2.0,N,Y,Y,N,N/A,N/A,Approved,,N,1.5
KYC02453,C02274,Onboarding,Standard,KYC Onboarding,AN010,2025-01-30,2025-02-03,10,4.0,N,N,Y,Y,N/A,N/A,Approved,,Y,2.9
KYC02454,C02275,Onboarding,Standard,KYC Onboarding,AN004,2025-01-14,2025-01-20,10,6.0,N,Y,Y,Y,N/A,N/A,Approved,,Y,4.0
KYC02455,C02276,Onboarding,Standard,KYC Onboarding,AN008,2024-03-03,2024-03-10,10,7.0,N,Y,Y,Y,N/A,N/A,Approved,,Y,3.8
KYC02456,C02277,Onboarding,Standard,Business Due Diligence,AN024,2024-12-30,2025-01-11,10,12.0,Y,Y,Y,Y,N/A,N/A,Approved,,N,6.5
KYC02457,C02278,Onboarding,Standard,KYC Onboarding,AN001,2024-06-06,2024-06-14,10,8.0,N,Y,Y,Y,N/A,N/A,Approved,,Y,4.6
KYC02458,C02279,Onboarding,Standard,KYC Onboarding,AN009,2025-10-26,2025-11-03,10,8.0,N,Y,Y,Y,N/A,N/A,Approved,,Y,5.4
KYC02459,C02280,Onboarding,Simplified,KYC Onboarding,AN005,2024-08-09,2024-08-14,5,5.0,N,Y,N,Y,N/A,N/A,Approved,,N,3.6
KYC02460,C02281,Onboarding,Standard,Business Due Diligence,AN023,2025-12-27,,10,,,N,Y,Y,N/A,N/A,Pending,,,0.0
KYC02461,C02282,Onboarding,Standard,KYC Onboarding,AN001,2025-02-25,2025-02-28,10,3.0,N,Y,Y,N,N/A,N/A,Approved,,Y,2.1
KYC02462,C02283,Onboarding,Standard,KYC Onboarding,AN005,2025-12-04,2025-12-13,10,9.0,N,Y,Y,Y,N/A,N/A,Approved,,Y,8.0
KYC02463,C02284,Onboarding,Enhanced,Enhanced Due Diligence,AN018,2025-02-08,2025-03-08,30,28.0,N,Y,N,Y,Y,Y,Approved,,Y,21.6
KYC02464,C02285,Onboarding,Standard,KYC Onboarding,AN010,2024-03-30,2024-04-04,10,5.0,N,Y,Y,Y,N/A,N/A,Approved,,Y,4.2
KYC02465,C02286,Onboarding,Enhanced,Enhanced Due Diligence,AN017,2025-04-14,2025-05-07,30,23.0,N,Y,Y,N,Y,Y,Approved,,Y,18.2
KYC02466,C02287,Onboarding,Standard,Business Due Diligence,AN025,2024-12-11,2024-12-18,10,7.0,N,Y,Y,Y,N/A,N/A,Approved,,Y,3.3
KYC02467,C02288,Onboarding,Simplified,KYC Onboarding,AN002,2025-08-18,2025-08-21,5,3.0,N,Y,Y,Y,N/A,N/A,Approved,,Y,2.7
KYC02468,C02289,Onboarding,Enhanced,Enhanced Due Diligence,AN017,2024-10-09,2024-10-18,30,9.0,N,Y,Y,Y,Y,Y,Approved,,N,5.7
KYC02469,C02289,Periodic Review,Enhanced,Enhanced Due Diligence,AN017,2025-10-24,2025-10-30,30,6.0,N,Y,Y,N,Y,Y,Approved,,Y,2.8
KYC02470,C02290,Onboarding,Simplified,KYC Onboarding,AN003,2024-05-12,2024-05-14,5,2.0,N,N,Y,N,N/A,N/A,Approved,,Y,1.1
KYC02471,C02291,Onboarding,Simplified,KYC Onboarding,AN008,2024-03-20,2024-03-26,5,6.0,Y,Y,Y,N,N/A,N/A,Approved,,N,3.1
KYC02472,C02292,Onboarding,Enhanced,Enhanced Due Diligence,AN018,2025-06-24,2025-07-05,30,11.0,N,Y,Y,Y,Y,Y,Approved,,Y,4.5
KYC02474,C02293,Onboarding,Standard,KYC Onboarding,AN007,2024-06-18,2024-06-28,10,10.0,N,Y,Y,Y,N/A,N/A,Approved,,Y,5.2
KYC02475,C02294,Onboarding,Standard,KYC Onboarding,AN010,2025-05-01,2025-05-03,10,2.0,N,Y,Y,N,N/A,N/A,Approved,,Y,1.7
KYC02476,C02295,Onboarding,Standard,KYC Onboarding,AN006,2024-04-06,2024-04-20,10,14.0,Y,Y,Y,Y,N/A,N/A,Approved,,Y,8.6
KYC02477,C02296,Onboarding,Standard,Business Due Diligence,AN024,2024-02-28,2024-03-08,10,9.0,N,Y,Y,Y,N/A,N/A,Approved,,N,5.4
KYC02478,C02297,Onboarding,Standard,KYC Onboarding,AN008,2025-05-31,2025-06-13,10,13.0,Y,Y,Y,Y,N/A,N/A,Approved,,Y,6.9
KYC02479,C02298,Onboarding,Standard,KYC Onboarding,AN001,2024-09-06,2024-09-20,10,14.0,Y,Y,Y,Y,N/A,N/A,Escalated to Compliance,,Y,7.1
KYC02480,C02299,Onboarding,Enhanced,Enhanced Due Diligence,AN020,2025-02-15,2025-02-26,30,11.0,N,Y,Y,N,Y,Y,Approved,,Y,8.2
KYC02481,C02300,Onboarding,Simplified,KYC Onboarding,AN002,2024-01-21,2024-01-22,5,1.0,N,Y,Y,Y,N/A,N/A,Approved,,Y,0.6
KYC02482,C02301,Onboarding,Standard,KYC Onboarding,AN003,2024-05-17,2024-05-27,10,10.0,N,Y,N,Y,N/A,N/A,Approved,,Y,8.9
KYC02483,C02302,Onboarding,Enhanced,Enhanced Due Diligence,AN020,2024-03-02,2024-05-19,30,78.0,Y,N,Y,Y,Y,Y,Approved,,Y,53.1
KYC02484,C02302,Periodic Review,Enhanced,Enhanced Due Diligence,AN019,2025-03-11,2025-04-15,30,35.0,Y,Y,Y,Y,Y,N,Rejected,Source of funds unclear,N,23.8
KYC02485,C02303,Onboarding,Standard,Business Due Diligence,AN024,2024-07-19,2024-07-22,10,3.0,N,Y,Y,Y,N/A,N/A,Approved,,Y,2.6
KYC02486,C02304,Onboarding,Standard,Business Due Diligence,AN023,2024-07-26,2024-08-02,10,7.0,N,Y,Y,Y,N/A,N/A,Approved,,Y,5.8
KYC02487,C02305,Onboarding,Standard,Business Due Diligence,AN025,2024-09-30,2024-10-11,10,11.0,Y,Y,Y,Y,N/A,N/A,Rejected,Adverse media,Y,5.0
KYC02488,C02306,Onboarding,Simplified,KYC Onboarding,AN008,2024-06-26,2024-06-27,5,1.0,N,Y,Y,N,N/A,N/A,Approved,,Y,0.7
KYC02489,C02307,Onboarding,Standard,KYC Onboarding,AN003,2024-11-26,2024-11-30,10,4.0,N,N,Y,Y,N/A,N/A,Approved,,Y,3.5
KYC02490,C02308,Onboarding,Standard,KYC Onboarding,AN005,2025-10-16,2025-10-26,10,10.0,N,Y,Y,Y,N/A,N/A,Approved,,Y,6.3
KYC02491,C02309,Onboarding,Standard,KYC Onboarding,AN006,2024-02-28,2024-03-13,10,14.0,Y,Y,Y,Y,N/A,N/A,Approved,,Y,12.1
KYC02492,C02310,Onboarding,Standard,Business Due Diligence,AN023,2025-10-11,2025-10-13,10,2.0,N,Y,Y,N,N/A,N/A,Approved,,Y,1.0
KYC02493,C02311,Onboarding,Simplified,KYC Onboarding,AN008,2024-10-26,2024-10-28,5,2.0,N,Y,Y,Y,N/A,N/A,Escalated to Compliance,,Y,1.6
KYC02494,C02312,Onboarding,Standard,Business Due Diligence,AN023,2025-02-23,2025-03-03,10,8.0,N,Y,Y,N,N/A,N/A,Rejected,Sanctions match,Y,6.2
KYC02495,C02313,Onboarding,Standard,KYC Onboarding,AN002,2025-05-05,2025-05-08,10,3.0,N,Y,Y,Y,N/A,N/A,Approved,,Y,2.3
KYC02496,C02314,Onboarding,Simplified,KYC Onboarding,AN005,2025-06-17,2025-06-18,5,1.0,N,Y,Y,N,N/A,N/A,Approved,,Y,0.6
KYC02497,C02315,Onboarding,Standard,KYC Onboarding,AN007,2025-11-16,2025-11-21,10,5.0,N,Y,Y,N,N/A,N/A,Approved,,Y,3.3
KYC02498,C02316,Onboarding,Standard,KYC Onboarding,AN010,2025-12-27,,10,,,Y,Y,Y,N/A,N/A,Pending,,,0.0
KYC02499,C02317,Onboarding,Standard,KYC Onboarding,AN004,2024-03-11,2024-03-14,10,3.0,N,Y,Y,Y,N/A,N/A,Approved,,Y,2.4
KYC02500,C02318,Onboarding,Standard,KYC Onboarding,AN007,2024-10-24,2024-11-10,10,17.0,Y,Y,Y,Y,N/A,N/A,Approved,,Y,15.1
KYC02501,C02319,Onboarding,Standard,KYC Onboarding,AN002,2025-01-27,2025-01-29,10,2.0,N,Y,Y,Y,N/A,N/A,Approved,,Y,1.1
KYC02502,C02320,Onboarding,Standard,Business Due Diligence,AN022,2025-01-14,2025-01-17,10,3.0,N,Y,Y,Y,N/A,N/A,Approved,,Y,2.4
KYC02503,C02321,Onboarding,Standard,KYC Onboarding,AN004,2025-12-25,2025-12-27,10,2.0,N,Y,Y,Y,N/A,N/A,Approved,,Y,1.4
KYC02504,C02322,Onboarding,Standard,KYC Onboarding,AN009,2025-04-20,2025-04-26,10,6.0,N,N,Y,Y,N/A,N/A,Approved,,Y,4.7
KYC02505,C02323,Onboarding,Standard,Business Due Diligence,AN024,2024-10-20,2024-10-24,10,4.0,N,Y,Y,Y,N/A,N/A,Approved,,Y,2.4
KYC02506,C02324,Onboarding,Standard,KYC Onboarding,AN006,2025-11-03,2025-11-14,10,11.0,Y,Y,Y,Y,N/A,N/A,Approved,,Y,9.2
KYC02507,C02325,Onboarding,Standard,Business Due Diligence,AN026,2025-06-16,2025-06-26,10,10.0,N,Y,Y,N,N/A,N/A,Approved,,Y,7.8
KYC02508,C02326,Onboarding,Enhanced,Enhanced Due Diligence,AN019,2025-08-05,2025-09-03,30,29.0,N,Y,Y,Y,N,Y,Approved,,Y,12.5
KYC02509,C02327,Onboarding,Standard,KYC Onboarding,AN010,2025-04-03,2025-04-04,10,1.0,N,Y,Y,Y,N/A,N/A,Approved,,Y,0.4
KYC02510,C02328,Onboarding,Simplified,KYC Onboarding,AN005,2024-02-15,2024-02-18,5,3.0,N,Y,Y,N,N/A,N/A,Approved,,Y,1.4
KYC02511,C02329,Onboarding,Standard,KYC Onboarding,AN005,2025-12-08,2025-12-25,10,17.0,Y,Y,Y,Y,N/A,N/A,Rejected,Customer withdrew,Y,13.8
KYC02512,C02330,Onboarding,Standard,Business Due Diligence,AN025,2025-06-05,2025-06-09,10,4.0,N,Y,Y,Y,N/A,N/A,Approved,,Y,3.1
KYC02513,C02331,Onboarding,Standard,Business Due Diligence,AN023,2024-04-16,2024-04-24,10,8.0,N,Y,Y,Y,N/A,N/A,Approved,,N,5.2
KYC02514,C02332,Onboarding,Standard,Business Due Diligence,AN026,2024-06-30,2024-07-01,10,1.0,N,Y,Y,N,N/A,N/A,Approved,,Y,0.5
KYC02515,C02332,Trigger Event Review,Standard,Business Due Diligence,AN022,2025-02-16,2025-03-06,10,18.0,Y,Y,Y,N,N/A,N/A,Approved,,Y,14.6
KYC02516,C02333,Onboarding,Simplified,KYC Onboarding,AN001,2024-09-05,2024-09-07,5,2.0,N,Y,Y,Y,N/A,N/A,Approved,,N,1.2
KYC02517,C02334,Onboarding,Standard,KYC Onboarding,AN009,2024-07-03,2024-07-16,10,13.0,Y,Y,Y,Y,N/A,N/A,Approved,,Y,6.8
KYC02518,C02335,Onboarding,Simplified,KYC Onboarding,AN001,2025-03-27,2025-03-30,5,3.0,N,Y,Y,Y,N/A,N/A,Approved,,Y,2.2
KYC02519,C02336,Onboarding,Enhanced,Enhanced Due Diligence,AN021,2025-02-04,2025-02-22,30,18.0,N,Y,Y,Y,Y,Y,Approved,,Y,10.6
KYC02520,C02337,Onboarding,Standard,KYC Onboarding,AN008,2024-06-04,2024-06-10,10,6.0,N,Y,Y,N,N/A,N/A,Approved,,Y,4.9
KYC02521,C02338,Onboarding,Simplified,KYC Onboarding,AN008,2025-05-23,2025-05-26,5,3.0,N,Y,Y,Y,N/A,N/A,Approved,,N,2.5
KYC02522,C02339,Onboarding,Simplified,KYC Onboarding,AN004,2024-07-25,2024-07-30,5,5.0,N,Y,Y,Y,N/A,N/A,Approved,,Y,4.0
KYC02523,C02340,Onboarding,Standard,Business Due Diligence,AN026,2024-04-25,2024-05-05,10,10.0,N,Y,Y,Y,N/A,N/A,Approved,,Y,7.9
KYC02524,C02341,Onboarding,Standard,Business Due Diligence,AN024,2025-11-30,2025-12-09,10,9.0,N,Y,N,Y,N/A,N/A,Approved,,Y,4.3
KYC02525,C02342,Onboarding,Simplified,KYC Onboarding,AN005,2024-08-16,2024-08-17,5,1.0,N,Y,Y,N,N/A,N/A,Approved,,Y,0.4
KYC02526,C02343,Onboarding,Standard,KYC Onboarding,AN008,2024-06-16,2024-06-22,10,6.0,N,Y,Y,Y,N/A,N/A,Approved,,Y,3.1
KYC02527,C02344,Onboarding,Standard,KYC Onboarding,AN006,2025-06-07,2025-06-12,10,5.0,N,Y,Y,Y,N/A,N/A,Approved,,Y,2.2
KYC02528,C02345,Onboarding,Enhanced,Enhanced Due Diligence,AN018,2025-07-08,2025-07-11,30,3.0,N,Y,Y,N,Y,Y,Approved,,Y,1.3
KYC02529,C02346,Onboarding,Standard,KYC Onboarding,AN010,2024-04-17,2024-05-02,10,15.0,Y,Y,N,N,N/A,N/A,Approved,,Y,10.7
KYC02530,C02347,Onboarding,Standard,KYC Onboarding,AN002,2024-02-10,2024-02-23,10,13.0,Y,Y,Y,Y,N/A,N/A,Approved,,Y,6.4
KYC02531,C02348,Onboarding,Standard,KYC Onboarding,AN003,2025-09-09,2025-09-16,10,7.0,N,Y,Y,Y,N/A,N/A,Approved,,Y,6.1
KYC02532,C02349,Onboarding,Simplified,KYC Onboarding,AN010,2025-01-01,2025-01-02,5,1.0,N,Y,Y,N,N/A,N/A,Approved,,Y,0.6
KYC02533,C02350,Onboarding,Standard,KYC Onboarding,AN007,2024-11-26,2024-12-02,10,6.0,N,Y,Y,N,N/A,N/A,Approved,,Y,4.3
KYC02534,C02351,Onboarding,Standard,KYC Onboarding,AN007,2024-11-03,2024-11-11,10,8.0,N,Y,Y,Y,N/A,N/A,Approved,,Y,6.3
KYC02535,C02352,Onboarding,Enhanced,Enhanced Due Diligence,AN021,2025-03-03,2025-03-25,30,22.0,N,Y,Y,N,N,N,Rejected,Unverifiable identity,Y,18.8
KYC02536,C02353,Onboarding,Standard,KYC Onboarding,AN006,2025-05-03,2025-05-23,10,20.0,Y,Y,Y,Y,N/A,N/A,Approved,,Y,12.3
KYC02537,C02354,Onboarding,Standard,Business Due Diligence,AN024,2024-02-27,2024-03-03,10,5.0,N,Y,N,N,N/A,N/A,Approved,,Y,4.1
KYC02538,C02354,Trigger Event Review,Standard,Business Due Diligence,AN026,2024-05-16,2024-05-24,10,8.0,N,Y,Y,Y,N/A,N/A,Approved,,Y,7.0
KYC02539,C02355,Onboarding,Simplified,KYC Onboarding,AN008,2024-07-09,2024-07-12,5,3.0,N,N,Y,Y,N/A,N/A,Approved,,Y,1.6
KYC02540,C02356,Onboarding,Enhanced,Enhanced Due Diligence,AN020,2025-11-28,2025-12-08,30,10.0,N,Y,Y,Y,Y,N,Rejected,Unacceptable risk appetite,Y,8.3
KYC02541,C02357,Onboarding,Standard,KYC Onboarding,AN003,2024-04-30,2024-05-03,10,3.0,N,Y,Y,N,N/A,N/A,Approved,,Y,1.8
KYC02542,C02358,Onboarding,Standard,KYC Onboarding,AN009,2025-10-25,2025-10-26,10,1.0,N,Y,Y,Y,N/A,N/A,Approved,,Y,0.4
KYC02543,C02359,Onboarding,Simplified,KYC Onboarding,AN006,2024-10-19,2024-10-20,5,1.0,N,Y,Y,Y,N/A,N/A,Approved,,Y,0.5
KYC02544,C02360,Onboarding,Standard,KYC Onboarding,AN002,2024-05-14,2024-05-19,10,5.0,N,Y,Y,Y,N/A,N/A,Approved,,Y,3.6
KYC02545,C02361,Onboarding,Standard,Business Due Diligence,AN023,2025-03-07,2025-03-18,10,11.0,Y,Y,Y,Y,N/A,N/A,Approved,,Y,7.4
KYC02546,C02362,Onboarding,Standard,KYC Onboarding,AN010,2025-04-28,2025-05-15,10,17.0,Y,Y,Y,Y,N/A,N/A,Approved,,N,9.2
KYC02547,C02363,Onboarding,Standard,KYC Onboarding,AN009,2024-09-10,2024-09-11,10,1.0,N,N,Y,Y,N/A,N/A,Approved,,Y,0.6
KYC02548,C02363,Trigger Event Review,Standard,KYC Periodic Review,AN012,2025-01-06,2025-01-07,10,1.0,N,Y,Y,Y,N/A,N/A,Approved,,Y,0.8
KYC02549,C02364,Onboarding,Standard,KYC Onboarding,AN003,2025-07-29,2025-07-30,10,1.0,N,Y,Y,Y,N/A,N/A,Approved,,N,0.4
KYC02551,C02365,Onboarding,Standard,KYC Onboarding,AN002,2024-02-12,2024-02-13,10,1.0,N,Y,N,N,N/A,N/A,Approved,,Y,0.5
KYC02552,C02366,Onboarding,Standard,Business Due Diligence,AN022,2024-03-30,2024-04-02,10,3.0,N,Y,Y,N,N/A,N/A,Approved,,N,2.0
KYC02553,C02367,Onboarding,Enhanced,Enhanced Due Diligence,AN019,2025-03-28,2025-05-25,30,58.0,Y,Y,Y,Y,Y,Y,Approved,,Y,45.4
KYC02554,C02368,Onboarding,Standard,KYC Onboarding,AN007,2025-02-26,2025-03-01,10,3.0,N,Y,N,N,N/A,N/A,Approved,,Y,2.0
KYC02555,C02369,Onboarding,Standard,KYC Onboarding,AN001,2025-05-22,2025-05-31,10,9.0,N,Y,Y,N,N/A,N/A,Approved,,Y,5.2
KYC02556,C02370,Onboarding,Simplified,KYC Onboarding,AN002,2025-09-09,2025-09-10,5,1.0,N,Y,Y,N,N/A,N/A,Approved,,Y,0.8
KYC02557,C02371,Onboarding,Standard,KYC Onboarding,AN003,2025-11-08,2025-11-14,10,6.0,N,Y,Y,Y,N/A,N/A,Approved,,Y,4.1
KYC02558,C02372,Onboarding,Standard,Business Due Diligence,AN026,2025-01-04,2025-01-07,10,3.0,N,Y,Y,Y,N/A,N/A,Approved,,Y,2.4
KYC02559,C02373,Onboarding,Enhanced,Enhanced Due Diligence,AN017,2024-12-31,2025-01-14,30,14.0,N,Y,Y,Y,Y,Y,Approved,,Y,12.3
KYC02560,C02374,Onboarding,Standard,KYC Onboarding,AN008,2025-11-05,2025-11-09,10,4.0,N,Y,Y,Y,N/A,N/A,Approved,,Y,2.3
KYC02561,C02375,Onboarding,Simplified,KYC Onboarding,AN009,2025-11-29,2025-12-01,5,2.0,N,Y,Y,N,N/A,N/A,Approved,,Y,1.4
KYC02562,C02376,Onboarding,Simplified,KYC Onboarding,AN007,2024-02-01,2024-02-03,5,2.0,N,Y,Y,Y,N/A,N/A,Approved,,Y,1.1
KYC02563,C02377,Onboarding,Standard,KYC Onboarding,AN005,2025-01-01,2025-01-06,10,5.0,N,Y,Y,Y,N/A,N/A,Approved,,Y,2.2
KYC02564,C02378,Onboarding,Standard,KYC Onboarding,AN010,2025-10-30,2025-11-11,10,12.0,Y,Y,Y,Y,N/A,N/A,Approved,,Y,10.4
KYC02565,C02379,Onboarding,Simplified,KYC Onboarding,AN003,2024-02-03,2024-02-04,5,1.0,N,Y,Y,Y,N/A,N/A,Approved,,Y,0.9
KYC02566,C02380,Onboarding,Enhanced,Enhanced Due Diligence,AN018,2025-12-15,,30,,,Y,Y,Y,N,N,Pending,,,0.0
KYC02567,C02381,Onboarding,Standard,KYC Onboarding,AN001,2025-06-29,2025-07-03,10,4.0,N,Y,Y,N,N/A,N/A,Approved,,Y,3.5
KYC02568,C02382,Onboarding,Standard,KYC Onboarding,AN001,2024-04-19,2024-04-25,10,6.0,N,N,Y,Y,N/A,N/A,Approved,,Y,2.5
KYC02569,C02383,Onboarding,Simplified,KYC Onboarding,AN007,2025-04-11,2025-04-18,5,7.0,Y,Y,Y,Y,N/A,N/A,Approved,,Y,3.5
KYC02570,C02384,Onboarding,Standard,KYC Onboarding,AN006,2024-11-11,2024-11-16,10,5.0,N,Y,Y,Y,N/A,N/A,Approved,,Y,4.4
KYC02571,C02385,Onboarding,Enhanced,Enhanced Due Diligence,AN017,2024-09-01,2024-09-24,30,23.0,N,Y,Y,N,Y,Y,Approved,,Y,19.1
KYC02572,C02385,Periodic Review,Enhanced,Enhanced Due Diligence,AN020,2025-08-29,2025-09-27,30,29.0,N,Y,Y,Y,Y,Y,Approved,,Y,25.6
KYC02573,C02386,Onboarding,Standard,KYC Onboarding,AN008,2025-03-26,2025-03-28,10,2.0,N,Y,Y,Y,N/A,N/A,Approved,,Y,0.8
KYC02574,C02387,Onboarding,Standard,Business Due Diligence,AN022,2025-06-19,2025-06-21,10,2.0,N,Y,Y,Y,N/A,N/A,Approved,,N,1.5
KYC02575,C02388,Onboarding,Standard,Business Due Diligence,AN024,2025-10-13,2025-10-22,10,9.0,N,Y,N,Y,N/A,N/A,Approved,,Y,7.7
KYC02576,C02389,Onboarding,Simplified,KYC Onboarding,AN003,2024-10-30,2024-10-31,5,1.0,N,Y,Y,N,N/A,N/A,Approved,,Y,0.9
KYC02577,C02390,Onboarding,Standard,KYC Onboarding,AN002,2024-04-22,2024-04-29,10,7.0,N,Y,Y,Y,N/A,N/A,Approved,,Y,3.0
KYC02578,C02391,Onboarding,Enhanced,Enhanced Due Diligence,AN018,2025-09-23,2025-10-31,30,38.0,Y,Y,N,N,Y,N,Rejected,Unacceptable risk appetite,Y,28.9
KYC02579,C02392,Onboarding,Standard,KYC Onboarding,AN007,2024-08-31,2024-09-02,10,2.0,N,Y,Y,Y,N/A,N/A,Approved,,Y,1.7
KYC02580,C02393,Onboarding,Simplified,KYC Onboarding,AN010,2025-07-05,2025-07-06,5,1.0,N,Y,Y,Y,N/A,N/A,Approved,,Y,0.7
KYC02581,C02394,Onboarding,Standard,Business Due Diligence,AN024,2025-08-03,2025-08-21,10,18.0,Y,Y,Y,N,N/A,N/A,Rejected,Source of funds unclear,N,10.5
KYC02582,C02395,Onboarding,Standard,Business Due Diligence,AN023,2024-02-12,2024-02-14,10,2.0,N,Y,Y,Y,N/A,N/A,Approved,,Y,1.5
KYC02583,C02396,Onboarding,Simplified,KYC Onboarding,AN005,2024-10-24,2024-10-25,5,1.0,N,Y,Y,Y,N/A,N/A,Approved,,N,0.7
KYC02584,C02397,Onboarding,Standard,KYC Onboarding,AN008,2024-02-29,2024-03-04,10,4.0,N,Y,Y,Y,N/A,N/A,Approved,,Y,2.1
KYC02585,C02398,Onboarding,Standard,KYC Onboarding,AN004,2025-03-16,2025-03-23,10,7.0,N,Y,Y,Y,N/A,N/A,Approved,,Y,3.7
KYC02586,C02399,Onboarding,Standard,Business Due Diligence,AN022,2025-08-04,2025-08-10,10,6.0,N,Y,Y,Y,N/A,N/A,Approved,,Y,4.1
KYC02587,C02400,Onboarding,Standard,KYC Onboarding,AN005,2025-02-10,2025-02-24,10,14.0,Y,Y,Y,Y,N/A,N/A,Approved,,Y,12.2
KYC02588,C02401,Onboarding,Standard,KYC Onboarding,AN005,2024-08-23,2024-09-07,10,15.0,Y,Y,Y,Y,N/A,N/A,Approved,,Y,7.0
KYC02589,C02402,Onboarding,Standard,KYC Onboarding,AN005,2025-12-09,2025-12-12,10,3.0,N,Y,Y,Y,N/A,N/A,Approved,,Y,2.3
KYC02590,C02403,Onboarding,Standard,Business Due Diligence,AN025,2024-03-03,2024-03-06,10,3.0,N,Y,Y,N,N/A,N/A,Approved,,Y,1.2
KYC02591,C02404,Onboarding,Standard,Business Due Diligence,AN023,2024-04-11,2024-04-16,10,5.0,N,Y,N,Y,N/A,N/A,Rejected,Incomplete documents,Y,2.2
KYC02592,C02405,Onboarding,Simplified,KYC Onboarding,AN010,2024-09-20,2024-09-22,5,2.0,N,Y,Y,N,N/A,N/A,Approved,,Y,1.4
KYC02593,C02406,Onboarding,Standard,KYC Onboarding,AN001,2025-11-22,2025-12-01,10,9.0,N,Y,Y,Y,N/A,N/A,Approved,,Y,7.7
KYC02594,C02407,Onboarding,Standard,Business Due Diligence,AN024,2025-10-15,2025-11-03,10,19.0,Y,Y,Y,Y,N/A,N/A,Approved,,Y,15.8
KYC02595,C02408,Onboarding,Standard,Business Due Diligence,AN025,2025-02-12,2025-03-10,10,26.0,Y,Y,Y,Y,N/A,N/A,Approved,,Y,17.7
KYC02596,C02409,Onboarding,Standard,KYC Onboarding,AN001,2025-11-24,2025-11-28,10,4.0,N,Y,Y,Y,N/A,N/A,Approved,,Y,3.1
KYC02597,C02410,Onboarding,Simplified,KYC Onboarding,AN003,2025-10-21,2025-10-24,5,3.0,N,Y,Y,N,N/A,N/A,Approved,,Y,2.2
KYC02598,C02411,Onboarding,Standard,KYC Onboarding,AN008,2025-03-05,2025-03-07,10,2.0,N,Y,Y,Y,N/A,N/A,Approved,,Y,1.6
KYC02599,C02412,Onboarding,Standard,KYC Onboarding,AN010,2024-03-25,2024-03-29,10,4.0,N,Y,Y,Y,N/A,N/A,Approved,,Y,2.8
KYC02600,C02412,Trigger Event Review,Standard,KYC Periodic Review,AN013,2025-04-26,2025-05-20,10,24.0,Y,Y,Y,N,N/A,N/A,Approved,,Y,18.7
KYC02601,C02413,Onboarding,Standard,KYC Onboarding,AN006,2025-10-16,2025-10-20,10,4.0,N,Y,Y,N,N/A,N/A,Approved,,Y,3.2
KYC02602,C02414,Onboarding,Simplified,KYC Onboarding,AN009,2025-04-11,2025-04-15,5,4.0,N,Y,Y,Y,N/A,N/A,Approved,,Y,1.9
KYC02603,C02415,Onboarding,Standard,KYC Onboarding,AN010,2024-04-10,2024-04-21,10,11.0,Y,Y,Y,Y,N/A,N/A,Approved,,Y,4.7
KYC02604,C02416,Onboarding,Enhanced,Enhanced Due Diligence,AN019,2025-09-06,2025-10-08,30,32.0,Y,Y,N,Y,Y,Y,Approved,,Y,16.9
KYC02605,C02417,Onboarding,Standard,KYC Onboarding,AN002,2024-10-18,2024-10-30,10,12.0,Y,Y,Y,Y,N/A,N/A,Approved,,Y,9.9
KYC02606,C02418,Onboarding,Standard,KYC Onboarding,AN006,2025-07-26,2025-08-06,10,11.0,Y,Y,Y,Y,N/A,N/A,Approved,,N,9.2
KYC02607,C02419,Onboarding,Simplified,KYC Onboarding,AN006,2024-07-09,2024-07-11,5,2.0,N,Y,Y,Y,N/A,N/A,Approved,,Y,1.3
KYC02608,C02419,Trigger Event Review,Standard,KYC Periodic Review,AN016,2025-05-24,2025-05-28,10,4.0,N,Y,Y,Y,N/A,N/A,Approved,,Y,2.1
KYC02609,C02420,Onboarding,Standard,KYC Onboarding,AN009,2024-01-05,2024-01-10,10,5.0,N,Y,Y,Y,N/A,N/A,Approved,,Y,3.3
KYC02610,C02421,Onboarding,Standard,KYC Onboarding,AN005,2024-11-25,2024-12-07,10,12.0,Y,Y,Y,Y,N/A,N/A,Approved,,N,9.5
KYC02611,C02422,Onboarding,Standard,KYC Onboarding,AN006,2024-11-23,2024-11-25,10,2.0,N,Y,Y,Y,N/A,N/A,Rejected,Customer withdrew,Y,1.5
KYC02612,C02423,Onboarding,Standard,KYC Onboarding,AN009,2025-09-23,2025-09-27,10,4.0,N,Y,Y,Y,N/A,N/A,Rejected,Customer withdrew,Y,3.2
KYC02613,C02424,Onboarding,Standard,KYC Onboarding,AN008,2024-03-23,2024-03-26,10,3.0,N,Y,Y,Y,N/A,N/A,Approved,,Y,1.2
KYC02614,C02425,Onboarding,Standard,Business Due Diligence,AN022,2025-10-29,2025-11-07,10,9.0,N,Y,N,Y,N/A,N/A,Rejected,Customer withdrew,Y,4.8
KYC02615,C02426,Onboarding,Simplified,KYC Onboarding,AN008,2024-04-20,2024-04-23,5,3.0,N,Y,Y,N,N/A,N/A,Approved,,Y,1.9
KYC02616,C02427,Onboarding,Standard,Business Due Diligence,AN022,2025-11-14,2025-11-21,10,7.0,N,Y,Y,Y,N/A,N/A,Approved,,Y,4.8
KYC02617,C02428,Onboarding,Standard,Business Due Diligence,AN022,2025-05-31,2025-06-07,10,7.0,N,Y,Y,Y,N/A,N/A,Approved,,N,4.8
KYC02618,C02429,Onboarding,Standard,Business Due Diligence,AN022,2024-09-17,2024-09-20,10,3.0,N,Y,Y,Y,N/A,N/A,Approved,,Y,2.3
KYC02619,C02430,Onboarding,Standard,KYC Onboarding,AN010,2025-11-30,2025-12-01,10,1.0,N,Y,Y,N,N/A,N/A,Approved,,Y,0.6
KYC02620,C02431,Onboarding,Standard,KYC Onboarding,AN004,2024-09-18,2024-09-28,10,10.0,N,Y,Y,Y,N/A,N/A,Approved,,Y,6.7
KYC02621,C02432,Onboarding,Standard,KYC Onboarding,AN010,2025-04-08,2025-04-20,10,12.0,Y,Y,Y,Y,N/A,N/A,Approved,,Y,10.5
KYC02622,C02432,Trigger Event Review,Simplified,KYC Periodic Review,AN014,2025-09-28,2025-09-30,5,2.0,N,Y,Y,Y,N/A,N/A,Approved,,Y,1.0
KYC02623,C02433,Onboarding,Standard,KYC Onboarding,AN009,2024-01-10,2024-01-12,10,2.0,N,Y,Y,Y,N/A,N/A,Approved,,Y,0.9
KYC02624,C02434,Onboarding,Standard,KYC Onboarding,AN009,2024-03-14,2024-03-17,10,3.0,N,Y,Y,N,N/A,N/A,Approved,,N,2.3
KYC02625,C02435,Onboarding,Enhanced,Enhanced Due Diligence,AN021,2024-09-15,2024-09-17,30,2.0,N,Y,Y,Y,Y,Y,Approved,,Y,1.3
KYC02626,C02435,Periodic Review,Enhanced,Enhanced Due Diligence,AN018,2025-09-01,2025-10-01,30,30.0,N,Y,Y,Y,Y,Y,Approved,,Y,17.0
KYC02627,C02436,Onboarding,Standard,KYC Onboarding,AN008,2024-06-26,2024-06-28,10,2.0,N,Y,Y,N,N/A,N/A,Approved,,Y,1.2
KYC02628,C02437,Onboarding,Standard,Business Due Diligence,AN024,2024-06-12,2024-06-16,10,4.0,N,Y,Y,Y,N/A,N/A,Approved,,Y,3.3
KYC02629,C02438,Onboarding,Standard,KYC Onboarding,AN004,2024-10-03,2024-10-12,10,9.0,N,Y,Y,Y,N/A,N/A,Approved,,Y,7.2
KYC02630,C02439,Onboarding,Standard,KYC Onboarding,AN008,2025-03-20,2025-03-21,10,1.0,N,Y,Y,N,N/A,N/A,Approved,,Y,0.7
KYC02631,C02440,Onboarding,Simplified,KYC Onboarding,AN007,2024-03-31,2024-04-04,5,4.0,N,Y,Y,N,N/A,N/A,Approved,,N,2.4
KYC02632,C02441,Onboarding,Standard,KYC Onboarding,AN004,2025-06-30,2025-07-03,10,3.0,N,Y,Y,Y,N/A,N/A,Approved,,Y,2.1
KYC02633,C02442,Onboarding,Standard,KYC Onboarding,AN001,2025-09-10,2025-09-14,10,4.0,N,Y,Y,Y,N/A,N/A,Approved,,Y,1.7
KYC02634,C02443,Onboarding,Standard,KYC Onboarding,AN006,2025-08-30,2025-09-03,10,4.0,N,N,Y,Y,N/A,N/A,Approved,,Y,2.8
KYC02635,C02444,Onboarding,Standard,KYC Onboarding,AN003,2024-05-22,2024-05-29,10,7.0,N,Y,Y,Y,N/A,N/A,Approved,,Y,5.7
KYC02636,C02445,Onboarding,Simplified,KYC Onboarding,AN004,2025-10-05,2025-10-08,5,3.0,N,Y,Y,Y,N/A,N/A,Approved,,Y,2.5
KYC02637,C02446,Onboarding,Standard,KYC Onboarding,AN007,2024-04-02,2024-04-05,10,3.0,N,Y,Y,N,N/A,N/A,Rejected,Unverifiable identity,Y,1.7
KYC02638,C02447,Onboarding,Standard,Business Due Diligence,AN023,2024-03-19,2024-03-26,10,7.0,N,Y,Y,Y,N/A,N/A,Approved,,Y,4.6
KYC02639,C02448,Onboarding,Simplified,KYC Onboarding,AN006,2025-06-12,2025-06-16,5,4.0,N,Y,Y,Y,N/A,N/A,Approved,,Y,2.6
KYC02640,C02449,Onboarding,Standard,KYC Onboarding,AN007,2025-07-06,2025-07-12,10,6.0,N,Y,Y,N,N/A,N/A,Approved,,Y,5.1
KYC02641,C02450,Onboarding,Standard,KYC Onboarding,AN001,2024-04-01,2024-04-16,10,15.0,Y,Y,Y,Y,N/A,N/A,Approved,,Y,7.9
KYC02642,C02451,Onboarding,Simplified,KYC Onboarding,AN008,2024-10-26,2024-10-28,5,2.0,N,Y,Y,Y,N/A,N/A,Approved,,Y,1.3
KYC02643,C02452,Onboarding,Simplified,KYC Onboarding,AN006,2024-10-25,2024-10-29,5,4.0,N,N,Y,N,N/A,N/A,Approved,,Y,2.0
KYC02644,C02453,Onboarding,Standard,KYC Onboarding,AN006,2025-06-08,2025-06-21,10,13.0,Y,Y,Y,Y,N/A,N/A,Approved,,Y,10.6
KYC02645,C02454,Onboarding,Enhanced,Enhanced Due Diligence,AN019,2025-01-08,2025-04-18,30,100.0,Y,Y,Y,Y,Y,Y,Approved,,Y,57.9
KYC02646,C02455,Onboarding,Standard,KYC Onboarding,AN009,2025-03-14,2025-03-25,10,11.0,Y,Y,Y,N,N/A,N/A,Approved,,Y,4.6
KYC02647,C02456,Onboarding,Simplified,KYC Onboarding,AN004,2024-02-28,2024-02-29,5,1.0,N,Y,Y,Y,N/A,N/A,Approved,,Y,0.5
KYC02648,C02457,Onboarding,Standard,KYC Onboarding,AN009,2025-12-12,2025-12-19,10,7.0,N,Y,Y,N,N/A,N/A,Approved,,Y,3.1
KYC02649,C02458,Onboarding,Enhanced,Enhanced Due Diligence,AN017,2025-02-08,2025-02-21,30,13.0,N,Y,Y,Y,Y,Y,Approved,,N,5.3
KYC02650,C02459,Onboarding,Standard,KYC Onboarding,AN002,2025-04-29,2025-04-30,10,1.0,N,Y,Y,Y,N/A,N/A,Rejected,Sanctions match,Y,0.8
KYC02651,C02460,Onboarding,Standard,KYC Onboarding,AN004,2024-12-12,2024-12-15,10,3.0,N,Y,Y,Y,N/A,N/A,Approved,,Y,2.0
KYC02652,C02461,Onboarding,Standard,KYC Onboarding,AN009,2024-06-28,2024-07-12,10,14.0,Y,Y,Y,Y,N/A,N/A,Approved,,Y,11.4
KYC02653,C02462,Onboarding,Standard,KYC Onboarding,AN010,2025-04-30,2025-05-06,10,6.0,N,Y,Y,N,N/A,N/A,Rejected,Unverifiable identity,Y,5.4
KYC02654,C02463,Onboarding,Standard,Business Due Diligence,AN026,2024-07-26,2024-07-29,10,3.0,N,Y,Y,Y,N/A,N/A,Escalated to Compliance,,Y,1.9
KYC02655,C02464,Onboarding,Simplified,KYC Onboarding,AN010,2024-06-06,2024-06-07,5,1.0,N,Y,Y,N,N/A,N/A,Rejected,Adverse media,Y,0.7
KYC02656,C02465,Onboarding,Standard,KYC Onboarding,AN005,2025-02-03,2025-02-10,10,7.0,N,Y,Y,N,N/A,N/A,Approved,,Y,4.2
KYC02657,C02466,Onboarding,Simplified,KYC Onboarding,AN006,2024-09-13,2024-09-15,5,2.0,N,Y,Y,Y,N/A,N/A,Approved,,Y,1.7
KYC02658,C02467,Onboarding,Standard,KYC Onboarding,AN009,2025-10-14,2025-10-21,10,7.0,N,Y,Y,Y,N/A,N/A,Approved,,Y,5.7
KYC02659,C02468,Onboarding,Standard,KYC Onboarding,AN008,2025-04-24,2025-04-29,10,5.0,N,Y,Y,Y,N/A,N/A,Approved,,Y,2.3
KYC02660,C02469,Onboarding,Simplified,KYC Onboarding,AN008,2024-09-26,2024-09-27,5,1.0,N,Y,N,Y,N/A,N/A,Approved,,Y,0.7
KYC02661,C02470,Onboarding,Enhanced,Enhanced Due Diligence,AN020,2024-01-25,2024-04-01,30,67.0,Y,Y,Y,Y,Y,Y,Approved,,Y,33.1
KYC02662,C02470,Periodic Review,Enhanced,Enhanced Due Diligence,AN019,2025-02-12,2025-03-09,30,25.0,N,Y,N,N,Y,Y,Approved,,Y,12.9
KYC02663,C02471,Onboarding,Standard,KYC Onboarding,AN009,2024-09-06,2024-09-15,10,9.0,N,Y,Y,Y,N/A,N/A,Approved,,Y,7.3
KYC02664,C02472,Onboarding,Simplified,KYC Onboarding,AN009,2024-03-24,2024-03-25,5,1.0,N,N,Y,N,N/A,N/A,Approved,,N,0.8
KYC02665,C02473,Onboarding,Enhanced,Enhanced Due Diligence,AN017,2024-06-06,2024-07-22,30,46.0,Y,Y,Y,Y,Y,Y,Approved,,Y,22.9
KYC02666,C02473,Periodic Review,Enhanced,Enhanced Due Diligence,AN017,2025-06-28,2025-08-10,30,43.0,Y,Y,Y,N,Y,Y,Approved,,Y,28.4
KYC02667,C02474,Onboarding,Standard,Business Due Diligence,AN024,2024-07-23,2024-07-24,10,1.0,N,Y,N,Y,N/A,N/A,Approved,,Y,0.7
KYC02668,C02475,Onboarding,Simplified,KYC Onboarding,AN002,2025-04-19,2025-04-21,5,2.0,N,Y,Y,Y,N/A,N/A,Approved,,Y,1.2
KYC02669,C02476,Onboarding,Simplified,KYC Onboarding,AN007,2024-03-18,2024-03-21,5,3.0,N,Y,Y,N,N/A,N/A,Approved,,Y,2.2
KYC02670,C02477,Onboarding,Standard,KYC Onboarding,AN005,2024-04-27,2024-04-30,10,3.0,N,Y,Y,Y,N/A,N/A,Approved,,Y,2.0
KYC02671,C02478,Onboarding,Standard,Business Due Diligence,AN025,2024-01-28,2024-02-02,10,5.0,N,Y,Y,Y,N/A,N/A,Approved,,Y,3.8
KYC02672,C02479,Onboarding,Standard,KYC Onboarding,AN006,2025-11-01,2025-11-08,10,7.0,N,Y,Y,N,N/A,N/A,Approved,,N,6.1
KYC02673,C02480,Onboarding,Standard,Business Due Diligence,AN023,2025-12-21,2025-12-26,10,5.0,N,Y,Y,Y,N/A,N/A,Approved,,Y,3.6
KYC02674,C02481,Onboarding,Standard,KYC Onboarding,AN010,2024-08-04,2024-08-09,10,5.0,N,Y,Y,Y,N/A,N/A,Approved,,Y,2.2
KYC02675,C02482,Onboarding,Enhanced,Enhanced Due Diligence,AN019,2024-11-29,2024-12-20,30,21.0,N,Y,Y,N,Y,Y,Approved,,Y,12.1
KYC02676,C02482,Periodic Review,Enhanced,Enhanced Due Diligence,AN017,2025-12-07,2025-12-14,30,7.0,N,Y,Y,Y,Y,Y,Approved,,Y,4.7
KYC02677,C02483,Onboarding,Standard,KYC Onboarding,AN010,2024-08-08,2024-08-12,10,4.0,N,Y,Y,Y,N/A,N/A,Approved,,Y,3.5
KYC02678,C02484,Onboarding,Standard,KYC Onboarding,AN007,2025-01-21,2025-02-03,10,13.0,Y,Y,Y,Y,N/A,N/A,Approved,,Y,11.2
KYC02679,C02485,Onboarding,Standard,KYC Onboarding,AN009,2025-02-06,2025-02-11,10,5.0,N,Y,Y,Y,N/A,N/A,Approved,,Y,3.6
KYC02680,C02486,Onboarding,Simplified,KYC Onboarding,AN010,2024-07-03,2024-07-05,5,2.0,N,Y,Y,N,N/A,N/A,Approved,,Y,1.2
KYC02681,C02487,Onboarding,Simplified,KYC Onboarding,AN009,2025-04-13,2025-04-14,5,1.0,N,Y,Y,Y,N/A,N/A,Approved,,Y,0.7
KYC02682,C02488,Onboarding,Standard,KYC Onboarding,AN005,2024-01-03,2024-01-13,10,10.0,N,Y,Y,N,N/A,N/A,Approved,,Y,7.6
KYC02683,C02489,Onboarding,Simplified,KYC Onboarding,AN010,2025-04-12,2025-04-13,5,1.0,N,Y,Y,N,N/A,N/A,Approved,,Y,0.5
KYC02684,C02490,Onboarding,Simplified,KYC Onboarding,AN003,2025-07-02,2025-07-03,5,1.0,N,Y,Y,N,N/A,N/A,Approved,,Y,0.8
KYC02685,C02491,Onboarding,Enhanced,Enhanced Due Diligence,AN018,2024-02-04,2024-02-08,30,4.0,N,Y,Y,N,Y,Y,Approved,,Y,3.4
KYC02686,C02491,Periodic Review,Enhanced,Enhanced Due Diligence,AN021,2025-02-09,2025-02-23,30,14.0,N,Y,Y,Y,Y,Y,Approved,,Y,10.7
KYC02687,C02492,Onboarding,Enhanced,Enhanced Due Diligence,AN020,2025-06-12,2025-06-27,30,15.0,N,Y,Y,Y,Y,Y,Approved,,N,10.9
KYC02688,C02493,Onboarding,Simplified,KYC Onboarding,AN010,2025-06-22,2025-06-27,5,5.0,N,Y,Y,N,N/A,N/A,Approved,,N,4.5
KYC02689,C02494,Onboarding,Standard,KYC Onboarding,AN002,2025-12-10,2025-12-12,10,2.0,N,Y,Y,Y,N/A,N/A,Approved,,Y,1.2
KYC02690,C02495,Onboarding,Standard,KYC Onboarding,AN001,2025-08-12,2025-08-16,10,4.0,N,Y,Y,N,N/A,N/A,Approved,,Y,1.8
KYC02691,C02496,Onboarding,Enhanced,Enhanced Due Diligence,AN021,2024-01-15,2024-01-30,30,15.0,N,Y,Y,Y,Y,Y,Approved,,Y,7.6
KYC02692,C02496,Periodic Review,Enhanced,Enhanced Due Diligence,AN019,2025-02-01,2025-02-25,30,24.0,N,Y,Y,Y,Y,N,Rejected,Sanctions match,Y,11.6
KYC02693,C02497,Onboarding,Standard,KYC Onboarding,AN001,2024-02-26,2024-03-01,10,4.0,N,Y,Y,Y,N/A,N/A,Approved,,Y,2.7
KYC02694,C02498,Onboarding,Standard,KYC Onboarding,AN002,2024-04-06,2024-04-09,10,3.0,N,Y,Y,N,N/A,N/A,Approved,,Y,2.1
KYC02695,C02499,Onboarding,Enhanced,Enhanced Due Diligence,AN017,2025-02-28,2025-03-09,30,9.0,N,Y,Y,Y,Y,N,Rejected,Unacceptable risk appetite,Y,6.2
KYC02696,C02500,Onboarding,Enhanced,Enhanced Due Diligence,AN021,2025-06-03,2025-06-27,30,24.0,N,Y,Y,Y,Y,Y,Approved,,Y,18.6
KYC02697,C02501,Onboarding,Standard,KYC Onboarding,AN005,2025-04-23,2025-04-27,10,4.0,N,Y,N,Y,N/A,N/A,Approved,,Y,2.3
KYC02698,C02502,Onboarding,Simplified,KYC Onboarding,AN003,2024-08-26,2024-08-28,5,2.0,N,Y,Y,Y,N/A,N/A,Approved,,Y,1.3
KYC02699,C02503,Onboarding,Standard,KYC Onboarding,AN002,2024-05-24,2024-05-28,10,4.0,N,Y,Y,Y,N/A,N/A,Approved,,Y,2.3
KYC02700,C02504,Onboarding,Standard,Business Due Diligence,AN022,2024-02-15,2024-02-28,10,13.0,Y,Y,N,Y,N/A,N/A,Approved,,Y,8.5
KYC02701,C02505,Onboarding,Standard,KYC Onboarding,AN001,2024-09-28,2024-10-02,10,4.0,N,Y,Y,Y,N/A,N/A,Approved,,Y,1.6
KYC02702,C02506,Onboarding,Standard,KYC Onboarding,AN008,2024-08-04,2024-08-23,10,19.0,Y,Y,Y,Y,N/A,N/A,Approved,,Y,11.2
KYC02703,C02507,Onboarding,Standard,KYC Onboarding,AN003,2024-08-07,2024-08-09,10,2.0,N,Y,Y,N,N/A,N/A,Approved,,Y,1.4
KYC02704,C02508,Onboarding,Simplified,KYC Onboarding,AN003,2024-03-05,2024-03-09,5,4.0,N,Y,Y,Y,N/A,N/A,Approved,,N,2.2
KYC02705,C02509,Onboarding,Standard,KYC Onboarding,AN003,2024-07-27,2024-07-30,10,3.0,N,Y,Y,Y,N/A,N/A,Approved,,Y,1.4
KYC02706,C02510,Onboarding,Standard,KYC Onboarding,AN002,2025-09-03,2025-09-12,10,9.0,N,Y,Y,Y,N/A,N/A,Approved,,Y,4.4
KYC02707,C02511,Onboarding,Standard,Business Due Diligence,AN025,2024-06-21,2024-06-28,10,7.0,N,Y,Y,Y,N/A,N/A,Approved,,Y,6.0
KYC02708,C02512,Onboarding,Standard,Business Due Diligence,AN023,2025-09-29,2025-10-03,10,4.0,N,Y,Y,N,N/A,N/A,Approved,,Y,3.4
KYC02709,C02513,Onboarding,Standard,KYC Onboarding,AN009,2024-02-29,2024-03-04,10,4.0,N,Y,Y,Y,N/A,N/A,Approved,,Y,1.8
KYC02710,C02514,Onboarding,Standard,Business Due Diligence,AN024,2025-04-06,2025-04-09,10,3.0,N,Y,Y,Y,N/A,N/A,Approved,,Y,2.0
KYC02711,C02515,Onboarding,Standard,KYC Onboarding,AN010,2024-03-15,2024-03-23,10,8.0,N,Y,Y,Y,N/A,N/A,Approved,,Y,6.7
KYC02712,C02516,Onboarding,Enhanced,Enhanced Due Diligence,AN018,2024-10-07,2024-10-16,30,9.0,N,Y,Y,Y,Y,Y,Approved,,Y,4.8
KYC02713,C02516,Periodic Review,Enhanced,Enhanced Due Diligence,AN020,2025-10-03,2025-11-05,30,33.0,Y,Y,Y,Y,Y,Y,Approved,,Y,14.7
KYC02714,C02517,Onboarding,Standard,KYC Onboarding,AN008,2025-11-28,2025-12-05,10,7.0,N,Y,Y,Y,N/A,N/A,Approved,,Y,4.7
KYC02715,C02518,Onboarding,Standard,Business Due Diligence,AN026,2025-07-15,2025-07-23,10,8.0,N,Y,Y,Y,N/A,N/A,Approved,,Y,6.0
KYC02716,C02519,Onboarding,Standard,Business Due Diligence,AN025,2025-01-10,2025-01-15,10,5.0,N,Y,N,Y,N/A,N/A,Approved,,Y,2.5
KYC02717,C02520,Onboarding,Standard,Business Due Diligence,AN023,2025-04-03,2025-04-18,10,15.0,Y,Y,Y,Y,N/A,N/A,Approved,,Y,13.4
KYC02718,C02521,Onboarding,Standard,Business Due Diligence,AN023,2025-04-25,2025-05-20,10,25.0,Y,Y,Y,Y,N/A,N/A,Approved,,Y,20.0
KYC02719,C02522,Onboarding,Standard,Business Due Diligence,AN025,2025-08-01,2025-08-04,10,3.0,N,Y,Y,Y,N/A,N/A,Approved,,N,1.4
KYC02720,C02523,Onboarding,Standard,KYC Onboarding,AN001,2025-03-05,2025-03-15,10,10.0,N,Y,Y,N,N/A,N/A,Approved,,Y,6.1
KYC02721,C02524,Onboarding,Standard,Business Due Diligence,AN025,2025-01-07,2025-01-09,10,2.0,N,Y,Y,Y,N/A,N/A,Approved,,Y,1.3
KYC02722,C02525,Onboarding,Simplified,KYC Onboarding,AN008,2024-02-25,2024-02-26,5,1.0,N,Y,Y,Y,N/A,N/A,Approved,,Y,0.4
KYC02723,C02526,Onboarding,Standard,KYC Onboarding,AN005,2025-11-28,2025-12-02,10,4.0,N,Y,N,N,N/A,N/A,Approved,,Y,2.0
KYC02724,C02527,Onboarding,Simplified,KYC Onboarding,AN010,2025-02-16,2025-02-19,5,3.0,N,Y,Y,Y,N/A,N/A,Approved,,Y,1.3
KYC02725,C02528,Onboarding,Simplified,KYC Onboarding,AN006,2024-07-29,2024-07-30,5,1.0,N,Y,Y,Y,N/A,N/A,Approved,,Y,0.7
KYC02726,C02529,Onboarding,Simplified,KYC Onboarding,AN008,2024-04-06,2024-04-11,5,5.0,N,Y,Y,Y,N/A,N/A,Approved,,Y,4.4
KYC02727,C02530,Onboarding,Enhanced,Enhanced Due Diligence,AN021,2025-03-15,2025-04-12,30,28.0,N,Y,Y,N,Y,N,Rejected,Unacceptable risk appetite,Y,11.3
KYC02728,C02531,Onboarding,Simplified,KYC Onboarding,AN003,2025-07-21,2025-07-24,5,3.0,N,Y,Y,N,N/A,N/A,Approved,,Y,1.8
KYC02729,C02532,Onboarding,Simplified,KYC Onboarding,AN008,2025-08-13,2025-08-14,5,1.0,N,Y,Y,Y,N/A,N/A,Approved,,Y,0.8
KYC02731,C02533,Onboarding,Standard,Business Due Diligence,AN024,2025-10-05,2025-10-12,10,7.0,N,Y,Y,Y,N/A,N/A,Approved,,Y,3.2
KYC02732,C02534,Onboarding,Standard,KYC Onboarding,AN007,2025-10-12,2025-10-13,10,1.0,N,Y,Y,Y,N/A,N/A,Approved,,Y,0.6
KYC02733,C02535,Onboarding,Standard,KYC Onboarding,AN002,2025-03-27,2025-04-09,10,13.0,Y,Y,N,Y,N/A,N/A,Approved,,Y,6.5
KYC02734,C02536,Onboarding,Simplified,KYC Onboarding,AN010,2025-11-22,2025-11-23,5,1.0,N,Y,Y,Y,N/A,N/A,Approved,,Y,0.6
KYC02735,C02537,Onboarding,Standard,KYC Onboarding,AN007,2024-02-20,2024-02-27,10,7.0,N,Y,Y,Y,N/A,N/A,Approved,,Y,5.0
KYC02736,C02538,Onboarding,Simplified,KYC Onboarding,AN006,2024-10-11,2024-10-16,5,5.0,N,Y,Y,N,N/A,N/A,Approved,,Y,2.1
KYC02737,C02539,Onboarding,Standard,Business Due Diligence,AN025,2024-12-16,2024-12-17,10,1.0,N,Y,Y,Y,N/A,N/A,Approved,,Y,0.4
KYC02738,C02540,Onboarding,Standard,KYC Onboarding,AN009,2025-05-23,2025-05-29,10,6.0,N,Y,Y,Y,N/A,N/A,Approved,,Y,4.4
KYC02739,C02540,Trigger Event Review,Standard,KYC Periodic Review,AN014,2025-07-26,2025-08-09,10,14.0,Y,Y,Y,Y,N/A,N/A,Approved,,Y,9.5
KYC02740,C02541,Onboarding,Standard,Business Due Diligence,AN023,2024-08-03,2024-08-09,10,6.0,N,Y,Y,Y,N/A,N/A,Approved,,Y,5.3
KYC02741,C02542,Onboarding,Standard,Business Due Diligence,AN022,2024-07-28,2024-08-02,10,5.0,N,Y,Y,N,N/A,N/A,Approved,,Y,4.0
KYC02742,C02543,Onboarding,Simplified,KYC Onboarding,AN006,2025-10-19,2025-10-23,5,4.0,N,Y,Y,Y,N/A,N/A,Approved,,N,2.1
KYC02743,C02544,Onboarding,Standard,Business Due Diligence,AN023,2025-04-17,2025-04-18,10,1.0,N,Y,Y,Y,N/A,N/A,Approved,,N,0.7
KYC02744,C02545,Onboarding,Standard,KYC Onboarding,AN009,2025-04-08,2025-04-15,10,7.0,N,Y,Y,Y,N/A,N/A,Approved,,Y,5.4
KYC02745,C02546,Onboarding,Standard,Business Due Diligence,AN023,2024-05-14,2024-05-21,10,7.0,N,Y,Y,Y,N/A,N/A,Approved,,N,3.0
KYC02746,C02547,Onboarding,Standard,Business Due Diligence,AN026,2024-12-29,2025-01-01,10,3.0,N,Y,Y,Y,N/A,N/A,Approved,,Y,2.5
KYC02747,C02548,Onboarding,Standard,Business Due Diligence,AN023,2024-10-31,2024-11-04,10,4.0,N,Y,Y,N,N/A,N/A,Approved,,Y,3.3
KYC02748,C02549,Onboarding,Standard,KYC Onboarding,AN001,2025-03-28,2025-04-05,10,8.0,N,Y,Y,Y,N/A,N/A,Approved,,Y,4.5
KYC02749,C02550,Onboarding,Enhanced,Enhanced Due Diligence,AN018,2025-11-01,2025-12-26,30,55.0,Y,Y,N,N,Y,Y,Approved,,Y,28.7
KYC02750,C02551,Onboarding,Standard,Business Due Diligence,AN025,2024-07-20,2024-07-24,10,4.0,N,Y,Y,Y,N/A,N/A,Approved,,Y,1.7
KYC02751,C02552,Onboarding,Standard,KYC Onboarding,AN008,2025-08-13,2025-08-18,10,5.0,N,Y,Y,Y,N/A,N/A,Approved,,Y,2.7
KYC02752,C02553,Onboarding,Standard,Business Due Diligence,AN026,2025-04-06,2025-04-22,10,16.0,Y,Y,Y,Y,N/A,N/A,Approved,,Y,7.6
KYC02753,C02554,Onboarding,Enhanced,Enhanced Due Diligence,AN018,2024-12-24,2025-02-10,30,48.0,Y,Y,Y,Y,Y,Y,Approved,,Y,37.9
KYC02755,C02555,Onboarding,Simplified,KYC Onboarding,AN007,2025-11-21,2025-11-22,5,1.0,N,Y,N,Y,N/A,N/A,Approved,,Y,0.4
KYC02756,C02556,Onboarding,Enhanced,Enhanced Due Diligence,AN021,2024-04-13,2024-06-10,30,58.0,Y,Y,Y,Y,Y,Y,Approved,,Y,31.6
KYC02757,C02556,Periodic Review,Enhanced,Enhanced Due Diligence,AN017,2025-04-03,2025-04-15,30,12.0,N,Y,Y,Y,Y,Y,Approved,,N,5.3
KYC02758,C02557,Onboarding,Simplified,KYC Onboarding,AN009,2025-05-07,2025-05-09,5,2.0,N,Y,Y,Y,N/A,N/A,Approved,,Y,0.8
KYC02759,C02558,Onboarding,Simplified,KYC Onboarding,AN010,2024-10-18,2024-10-22,5,4.0,N,Y,Y,Y,N/A,N/A,Approved,,Y,2.0
KYC02760,C02559,Onboarding,Standard,KYC Onboarding,AN001,2025-05-10,2025-05-15,10,5.0,N,Y,Y,Y,N/A,N/A,Approved,,Y,3.4
KYC02761,C02560,Onboarding,Standard,KYC Onboarding,AN009,2024-04-10,2024-04-13,10,3.0,N,Y,Y,Y,N/A,N/A,Approved,,Y,1.7
KYC02762,C02561,Onboarding,Enhanced,Enhanced Due Diligence,AN017,2025-06-20,2025-08-07,30,48.0,Y,Y,Y,N,Y,N,Rejected,Incomplete documents,N,32.7
KYC02763,C02562,Onboarding,Standard,KYC Onboarding,AN005,2024-02-19,2024-02-23,10,4.0,N,Y,Y,Y,N/A,N/A,Approved,,Y,2.3
KYC02764,C02563,Onboarding,Standard,KYC Onboarding,AN007,2024-09-08,2024-09-11,10,3.0,N,Y,Y,Y,N/A,N/A,Approved,,Y,1.9
KYC02765,C02564,Onboarding,Simplified,KYC Onboarding,AN008,2025-10-20,2025-10-21,5,1.0,N,N,Y,Y,N/A,N/A,Approved,,Y,0.6
KYC02766,C02565,Onboarding,Standard,KYC Onboarding,AN001,2025-04-06,2025-04-15,10,9.0,N,Y,Y,Y,N/A,N/A,Approved,,Y,5.7
KYC02767,C02566,Onboarding,Standard,Business Due Diligence,AN026,2024-12-21,2025-01-02,10,12.0,Y,Y,Y,Y,N/A,N/A,Approved,,N,4.9
KYC02768,C02567,Onboarding,Standard,Business Due Diligence,AN023,2024-08-28,2024-08-30,10,2.0,N,Y,Y,Y,N/A,N/A,Approved,,Y,1.7
KYC02769,C02568,Onboarding,Standard,KYC Onboarding,AN004,2024-03-06,2024-03-09,10,3.0,N,Y,N,Y,N/A,N/A,Approved,,Y,2.2
KYC02770,C02569,Onboarding,Standard,KYC Onboarding,AN009,2024-03-22,2024-03-28,10,6.0,N,Y,Y,Y,N/A,N/A,Approved,,Y,5.0
KYC02771,C02570,Onboarding,Standard,KYC Onboarding,AN005,2025-06-04,2025-06-12,10,8.0,N,Y,Y,Y,N/A,N/A,Approved,,Y,5.0
KYC02772,C02571,Onboarding,Standard,KYC Onboarding,AN005,2024-07-15,2024-07-20,10,5.0,N,Y,Y,N,N/A,N/A,Approved,,Y,4.1
KYC02773,C02572,Onboarding,Standard,KYC Onboarding,AN006,2024-02-22,2024-03-05,10,12.0,Y,Y,Y,Y,N/A,N/A,Approved,,Y,9.6
KYC02774,C02573,Onboarding,Simplified,KYC Onboarding,AN004,2024-11-15,2024-11-17,5,2.0,N,Y,Y,N,N/A,N/A,Approved,,Y,1.2
KYC02775,C02574,Onboarding,Simplified,KYC Onboarding,AN004,2024-10-15,2024-10-19,5,4.0,N,Y,Y,Y,N/A,N/A,Approved,,Y,2.2
KYC02776,C02575,Onboarding,Standard,KYC Onboarding,AN009,2025-12-01,2025-12-10,10,9.0,N,Y,Y,Y,N/A,N/A,Approved,,Y,5.9
KYC02777,C02576,Onboarding,Standard,KYC Onboarding,AN001,2024-06-16,2024-06-20,10,4.0,N,N,Y,Y,N/A,N/A,Approved,,Y,3.6
KYC02778,C02577,Onboarding,Standard,KYC Onboarding,AN003,2024-07-10,2024-07-13,10,3.0,N,Y,Y,Y,N/A,N/A,Approved,,Y,1.9
KYC02779,C02578,Onboarding,Standard,Business Due Diligence,AN024,2024-04-27,2024-05-04,10,7.0,N,Y,Y,Y,N/A,N/A,Rejected,Customer withdrew,N,3.9
KYC02780,C02579,Onboarding,Standard,Business Due Diligence,AN023,2024-05-15,2024-05-18,10,3.0,N,Y,Y,Y,N/A,N/A,Approved,,Y,1.8
KYC02781,C02580,Onboarding,Simplified,KYC Onboarding,AN007,2025-01-25,2025-01-26,5,1.0,N,Y,Y,Y,N/A,N/A,Approved,,Y,0.6
KYC02782,C02581,Onboarding,Enhanced,Enhanced Due Diligence,AN017,2024-06-11,2024-06-24,30,13.0,N,Y,Y,Y,Y,Y,Approved,,Y,10.8
KYC02783,C02581,Periodic Review,Enhanced,Enhanced Due Diligence,AN020,2025-05-25,2025-06-13,30,19.0,N,Y,Y,Y,Y,Y,Approved,,Y,16.8
KYC02784,C02582,Onboarding,Standard,Business Due Diligence,AN024,2025-06-06,2025-06-13,10,7.0,N,Y,Y,N,N/A,N/A,Approved,,Y,4.2
KYC02785,C02583,Onboarding,Standard,KYC Onboarding,AN005,2025-08-17,2025-08-21,10,4.0,N,Y,Y,N,N/A,N/A,Approved,,Y,3.1
KYC02786,C02584,Onboarding,Standard,KYC Onboarding,AN008,2024-12-18,2024-12-25,10,7.0,N,Y,Y,Y,N/A,N/A,Approved,,Y,3.1
KYC02787,C02585,Onboarding,Standard,KYC Onboarding,AN002,2024-06-24,2024-06-28,10,4.0,N,Y,N,Y,N/A,N/A,Approved,,Y,1.8
KYC02788,C02586,Onboarding,Standard,Business Due Diligence,AN026,2025-08-22,2025-09-03,10,12.0,Y,Y,Y,Y,N/A,N/A,Approved,,Y,9.0
KYC02789,C02587,Onboarding,Standard,KYC Onboarding,AN006,2025-12-07,2025-12-09,10,2.0,N,Y,N,Y,N/A,N/A,Approved,,Y,1.7
KYC02790,C02588,Onboarding,Standard,KYC Onboarding,AN002,2025-11-01,2025-11-03,10,2.0,N,Y,Y,Y,N/A,N/A,Approved,,Y,0.9
KYC02791,C02589,Onboarding,Simplified,KYC Onboarding,AN006,2025-10-31,2025-11-04,5,4.0,N,Y,Y,N,N/A,N/A,Approved,,Y,2.0
KYC02792,C02590,Onboarding,Standard,KYC Onboarding,AN008,2025-08-11,2025-08-14,10,3.0,N,Y,Y,Y,N/A,N/A,Approved,,Y,1.3
KYC02793,C02591,Onboarding,Standard,Business Due Diligence,AN026,2025-06-22,2025-06-30,10,8.0,N,Y,Y,N,N/A,N/A,Approved,,Y,7.0
KYC02794,C02592,Onboarding,Simplified,KYC Onboarding,AN004,2025-11-27,2025-12-03,5,6.0,Y,Y,Y,N,N/A,N/A,Approved,,Y,3.6
KYC02795,C02593,Onboarding,Enhanced,Enhanced Due Diligence,AN021,2024-09-03,2024-10-01,30,28.0,N,Y,Y,N,Y,Y,Approved,,Y,14.1
KYC02796,C02593,Periodic Review,Enhanced,Enhanced Due Diligence,AN017,2025-08-27,2025-08-30,30,3.0,N,Y,Y,Y,Y,Y,Approved,,Y,1.9
KYC02797,C02594,Onboarding,Standard,Business Due Diligence,AN026,2025-11-07,2025-11-09,10,2.0,N,Y,Y,Y,N/A,N/A,Approved,,Y,1.7
KYC02798,C02595,Onboarding,Standard,Business Due Diligence,AN023,2024-01-14,2024-02-01,10,18.0,Y,Y,Y,Y,N/A,N/A,Rejected,Customer withdrew,Y,13.0
KYC02799,C02596,Onboarding,Standard,KYC Onboarding,AN010,2025-08-29,2025-09-03,10,5.0,N,Y,Y,Y,N/A,N/A,Approved,,Y,2.7
KYC02800,C02597,Onboarding,Standard,Business Due Diligence,AN023,2024-08-30,2024-09-02,10,3.0,N,Y,Y,N,N/A,N/A,Approved,,Y,1.9
KYC02801,C02598,Onboarding,Standard,KYC Onboarding,AN004,2024-07-29,2024-07-30,10,1.0,N,Y,Y,Y,N/A,N/A,Approved,,Y,0.6
KYC02802,C02599,Onboarding,Standard,KYC Onboarding,AN008,2025-05-04,2025-05-07,10,3.0,N,Y,Y,Y,N/A,N/A,Approved,,Y,2.6
KYC02803,C02600,Onboarding,Enhanced,Enhanced Due Diligence,AN020,2024-05-07,2024-05-25,30,18.0,N,Y,Y,Y,Y,Y,Approved,,Y,15.3
KYC02804,C02600,Periodic Review,Enhanced,Enhanced Due Diligence,AN019,2025-05-29,2025-07-02,30,34.0,Y,Y,N,Y,Y,Y,Approved,,Y,22.7
KYC02805,C02601,Onboarding,Standard,KYC Onboarding,AN005,2025-12-25,,10,,,N,Y,N,N/A,N/A,Pending,,,0.0
KYC02806,C02602,Onboarding,Simplified,KYC Onboarding,AN008,2025-06-11,2025-06-14,5,3.0,N,Y,Y,Y,N/A,N/A,Approved,,Y,1.9
KYC02808,C02603,Onboarding,Simplified,KYC Onboarding,AN002,2024-01-14,2024-01-25,5,11.0,Y,Y,N,N,N/A,N/A,Approved,,Y,4.7
KYC02809,C02604,Onboarding,Standard,Business Due Diligence,AN024,2025-09-09,2025-09-18,10,9.0,N,Y,Y,Y,N/A,N/A,Approved,,Y,4.9
KYC02810,C02605,Onboarding,Standard,Business Due Diligence,AN026,2024-03-18,2024-03-28,10,10.0,N,Y,Y,Y,N/A,N/A,Approved,,N,4.3
KYC02811,C02606,Onboarding,Simplified,KYC Onboarding,AN008,2025-08-22,2025-08-23,5,1.0,N,Y,Y,N,N/A,N/A,Approved,,Y,0.7
KYC02812,C02607,Onboarding,Enhanced,Enhanced Due Diligence,AN021,2025-08-13,2025-08-21,30,8.0,N,Y,Y,Y,Y,Y,Approved,,Y,6.8
KYC02813,C02608,Onboarding,Standard,KYC Onboarding,AN002,2025-04-13,2025-04-18,10,5.0,N,Y,Y,Y,N/A,N/A,Approved,,Y,2.1
KYC02814,C02609,Onboarding,Standard,KYC Onboarding,AN005,2025-03-11,2025-03-18,10,7.0,N,Y,Y,Y,N/A,N/A,Approved,,Y,3.2
KYC02815,C02610,Onboarding,Simplified,KYC Onboarding,AN007,2025-08-25,2025-08-29,5,4.0,N,Y,Y,N,N/A,N/A,Approved,,Y,3.0
KYC02817,C02611,Onboarding,Standard,Business Due Diligence,AN023,2025-09-09,2025-09-12,10,3.0,N,Y,Y,Y,N/A,N/A,Approved,,N,2.5
KYC02818,C02612,Onboarding,Simplified,KYC Onboarding,AN010,2025-05-31,2025-06-02,5,2.0,N,Y,Y,Y,N/A,N/A,Approved,,Y,1.4
KYC02819,C02613,Onboarding,Simplified,KYC Onboarding,AN005,2024-05-03,2024-05-05,5,2.0,N,Y,Y,N,N/A,N/A,Approved,,Y,1.1
KYC02820,C02614,Onboarding,Standard,KYC Onboarding,AN003,2025-04-28,2025-05-10,10,12.0,Y,Y,Y,Y,N/A,N/A,Approved,,Y,9.3
KYC02821,C02615,Onboarding,Enhanced,Enhanced Due Diligence,AN021,2024-05-24,2024-07-07,30,44.0,Y,Y,Y,Y,Y,Y,Approved,,Y,33.0
KYC02822,C02615,Periodic Review,Enhanced,Enhanced Due Diligence,AN020,2025-06-27,2025-08-13,30,47.0,Y,Y,Y,Y,Y,Y,Approved,,Y,39.7
KYC02823,C02616,Onboarding,Standard,KYC Onboarding,AN005,2024-02-03,2024-02-15,10,12.0,Y,Y,Y,Y,N/A,N/A,Approved,,Y,8.5
KYC02824,C02617,Onboarding,Standard,KYC Onboarding,AN003,2024-04-17,2024-04-20,10,3.0,N,Y,Y,Y,N/A,N/A,Approved,,Y,1.7
KYC02825,C02618,Onboarding,Standard,Business Due Diligence,AN022,2024-12-02,2024-12-05,10,3.0,N,Y,Y,Y,N/A,N/A,Rejected,Unverifiable identity,Y,2.5
KYC02826,C02619,Onboarding,Standard,KYC Onboarding,AN006,2025-12-04,2025-12-10,10,6.0,N,N,Y,Y,N/A,N/A,Approved,,Y,3.2
KYC02827,C02620,Onboarding,Simplified,KYC Onboarding,AN010,2024-01-24,2024-01-25,5,1.0,N,Y,Y,Y,N/A,N/A,Approved,,Y,0.7
KYC02828,C02621,Onboarding,Standard,KYC Onboarding,AN001,2024-02-24,2024-03-02,10,7.0,N,Y,Y,Y,N/A,N/A,Approved,,Y,6.0
KYC02829,C02622,Onboarding,Standard,Business Due Diligence,AN026,2024-03-04,2024-03-06,10,2.0,N,Y,Y,Y,N/A,N/A,Approved,,Y,1.6
KYC02830,C02623,Onboarding,Standard,KYC Onboarding,AN006,2024-05-19,2024-05-27,10,8.0,N,Y,Y,N,N/A,N/A,Approved,,Y,3.3
KYC02831,C02624,Onboarding,Simplified,KYC Onboarding,AN008,2025-01-27,2025-01-29,5,2.0,N,Y,Y,Y,N/A,N/A,Approved,,Y,0.8
KYC02832,C02625,Onboarding,Simplified,KYC Onboarding,AN010,2025-08-21,2025-08-24,5,3.0,N,Y,N,N,N/A,N/A,Approved,,Y,1.7
KYC02833,C02626,Onboarding,Standard,Business Due Diligence,AN022,2024-02-04,2024-02-21,10,17.0,Y,Y,Y,N,N/A,N/A,Approved,,Y,8.9
KYC02834,C02627,Onboarding,Standard,Business Due Diligence,AN026,2025-08-11,2025-08-21,10,10.0,N,Y,Y,Y,N/A,N/A,Approved,,N,8.9
KYC02835,C02628,Onboarding,Standard,KYC Onboarding,AN004,2025-10-26,2025-11-06,10,11.0,Y,Y,Y,N,N/A,N/A,Approved,,Y,5.6
KYC02836,C02629,Onboarding,Standard,KYC Onboarding,AN009,2024-02-24,2024-02-26,10,2.0,N,Y,Y,Y,N/A,N/A,Approved,,Y,0.9
KYC02837,C02630,Onboarding,Enhanced,Enhanced Due Diligence,AN021,2024-11-21,2024-12-31,30,40.0,Y,Y,Y,Y,Y,N,Rejected,Customer withdrew,N,17.8
KYC02838,C02630,Periodic Review,Enhanced,Enhanced Due Diligence,AN020,2025-12-21,,30,,,Y,Y,Y,Y,N,Pending,,,0.0
KYC02839,C02631,Onboarding,Standard,KYC Onboarding,AN006,2025-08-15,2025-08-22,10,7.0,N,Y,Y,Y,N/A,N/A,Approved,,Y,3.6
KYC02840,C02632,Onboarding,Standard,KYC Onboarding,AN002,2025-05-26,2025-06-02,10,7.0,N,Y,Y,Y,N/A,N/A,Approved,,Y,3.8
KYC02841,C02633,Onboarding,Simplified,KYC Onboarding,AN002,2024-05-15,2024-05-18,5,3.0,N,Y,Y,Y,N/A,N/A,Approved,,Y,1.2
KYC02842,C02634,Onboarding,Standard,KYC Onboarding,AN005,2024-04-15,2024-04-24,10,9.0,N,Y,Y,Y,N/A,N/A,Approved,,Y,6.1
KYC02843,C02635,Onboarding,Standard,KYC Onboarding,AN005,2024-11-18,2024-11-21,10,3.0,N,Y,Y,Y,N/A,N/A,Approved,,Y,2.2
KYC02844,C02636,Onboarding,Simplified,KYC Onboarding,AN005,2025-09-09,2025-09-10,5,1.0,N,Y,Y,N,N/A,N/A,Approved,,N,0.4
KYC02846,C02637,Onboarding,Standard,KYC Onboarding,AN001,2025-11-20,2025-11-24,10,4.0,N,Y,Y,N,N/A,N/A,Rejected,Unverifiable identity,Y,1.9
KYC02847,C02638,Onboarding,Simplified,KYC Onboarding,AN006,2024-12-15,2024-12-20,5,5.0,N,Y,Y,Y,N/A,N/A,Approved,,Y,3.9
KYC02848,C02639,Onboarding,Standard,Business Due Diligence,AN024,2025-01-22,2025-01-26,10,4.0,N,Y,Y,Y,N/A,N/A,Approved,,Y,2.9
KYC02849,C02640,Onboarding,Standard,KYC Onboarding,AN001,2025-02-09,2025-02-13,10,4.0,N,Y,Y,Y,N/A,N/A,Approved,,Y,3.4
KYC02850,C02641,Onboarding,Standard,KYC Onboarding,AN003,2024-12-20,2024-12-27,10,7.0,N,Y,Y,Y,N/A,N/A,Approved,,Y,5.6
KYC02851,C02642,Onboarding,Standard,Business Due Diligence,AN025,2025-04-17,2025-04-21,10,4.0,N,Y,Y,Y,N/A,N/A,Approved,,Y,3.3
KYC02852,C02643,Onboarding,Standard,KYC Onboarding,AN007,2024-07-18,2024-07-21,10,3.0,N,Y,Y,Y,N/A,N/A,Approved,,Y,1.8
KYC02853,C02644,Onboarding,Standard,Business Due Diligence,AN025,2025-01-26,2025-02-02,10,7.0,N,Y,Y,Y,N/A,N/A,Approved,,Y,5.5
KYC02854,C02645,Onboarding,Simplified,KYC Onboarding,AN006,2025-03-23,2025-03-26,5,3.0,N,Y,Y,N,N/A,N/A,Rejected,Unverifiable identity,Y,2.3
KYC02855,C02646,Onboarding,Standard,Business Due Diligence,AN026,2025-02-13,2025-03-03,10,18.0,Y,Y,Y,Y,N/A,N/A,Approved,,Y,15.9
KYC02856,C02647,Onboarding,Standard,KYC Onboarding,AN010,2025-12-09,2025-12-18,10,9.0,N,Y,Y,Y,N/A,N/A,Approved,,Y,4.6
KYC02857,C02648,Onboarding,Standard,KYC Onboarding,AN001,2025-06-25,2025-06-27,10,2.0,N,Y,Y,N,N/A,N/A,Approved,,Y,1.0
KYC02858,C02649,Onboarding,Standard,KYC Onboarding,AN004,2025-06-20,2025-06-24,10,4.0,N,Y,Y,Y,N/A,N/A,Approved,,Y,3.3
KYC02859,C02650,Onboarding,Simplified,KYC Onboarding,AN003,2025-08-08,2025-08-11,5,3.0,N,Y,Y,N,N/A,N/A,Approved,,Y,1.2
KYC02860,C02651,Onboarding,Standard,KYC Onboarding,AN005,2025-01-17,2025-01-22,10,5.0,N,Y,Y,Y,N/A,N/A,Approved,,Y,4.2
KYC02861,C02652,Onboarding,Standard,Business Due Diligence,AN026,2024-08-09,2024-09-02,10,24.0,Y,Y,Y,Y,N/A,N/A,Approved,,Y,16.0
KYC02862,C02653,Onboarding,Standard,Business Due Diligence,AN023,2025-01-26,2025-02-09,10,14.0,Y,Y,Y,Y,N/A,N/A,Approved,,Y,12.0
KYC02863,C02654,Onboarding,Simplified,KYC Onboarding,AN004,2025-11-01,2025-11-04,5,3.0,N,Y,Y,N,N/A,N/A,Approved,,Y,2.3
KYC02864,C02655,Onboarding,Standard,Business Due Diligence,AN024,2025-09-30,2025-10-06,10,6.0,N,Y,Y,Y,N/A,N/A,Approved,,Y,2.8
KYC02865,C02656,Onboarding,Enhanced,Enhanced Due Diligence,AN019,2024-09-12,2024-09-27,30,15.0,N,Y,Y,Y,Y,Y,Approved,,Y,9.3
KYC02866,C02656,Periodic Review,Enhanced,Enhanced Due Diligence,AN018,2025-10-04,2025-11-11,30,38.0,Y,Y,Y,Y,Y,Y,Approved,,Y,17.7
KYC02867,C02657,Onboarding,Standard,Business Due Diligence,AN023,2024-12-18,2024-12-22,10,4.0,N,Y,Y,Y,N/A,N/A,Approved,,Y,1.8
KYC02868,C02658,Onboarding,Standard,KYC Onboarding,AN007,2024-07-17,2024-07-24,10,7.0,N,Y,Y,Y,N/A,N/A,Approved,,Y,6.1
KYC02869,C02659,Onboarding,Standard,KYC Onboarding,AN001,2024-01-05,2024-01-08,10,3.0,N,Y,Y,Y,N/A,N/A,Approved,,Y,1.7
KYC02870,C02660,Onboarding,Simplified,KYC Onboarding,AN001,2024-08-13,2024-08-15,5,2.0,N,Y,Y,Y,N/A,N/A,Approved,,Y,1.5
KYC02871,C02661,Onboarding,Standard,KYC Onboarding,AN010,2024-03-10,2024-03-16,10,6.0,N,Y,Y,Y,N/A,N/A,Approved,,Y,4.4
KYC02872,C02662,Onboarding,Enhanced,Enhanced Due Diligence,AN019,2024-09-15,2024-12-28,30,104.0,Y,Y,Y,Y,Y,Y,Approved,,Y,90.0
KYC02873,C02662,Periodic Review,Enhanced,Enhanced Due Diligence,AN020,2025-09-14,2025-10-27,30,43.0,Y,N,Y,Y,Y,Y,Approved,,Y,21.8
KYC02874,C02663,Onboarding,Standard,KYC Onboarding,AN010,2024-02-08,2024-02-14,10,6.0,N,Y,Y,Y,N/A,N/A,Approved,,Y,3.7
KYC02875,C02664,Onboarding,Standard,KYC Onboarding,AN009,2024-08-19,2024-08-21,10,2.0,N,Y,Y,Y,N/A,N/A,Approved,,Y,1.5
KYC02876,C02665,Onboarding,Standard,KYC Onboarding,AN008,2025-06-02,2025-06-10,10,8.0,N,Y,Y,N,N/A,N/A,Approved,,Y,4.5
KYC02877,C02666,Onboarding,Enhanced,Enhanced Due Diligence,AN020,2025-09-06,2025-09-15,30,9.0,N,Y,Y,Y,Y,Y,Approved,,Y,7.1
KYC02878,C02667,Onboarding,Standard,KYC Onboarding,AN004,2025-10-06,2025-10-08,10,2.0,N,N,Y,Y,N/A,N/A,Approved,,Y,1.7
KYC02879,C02668,Onboarding,Simplified,KYC Onboarding,AN004,2025-02-13,2025-02-14,5,1.0,N,Y,Y,N,N/A,N/A,Approved,,Y,0.4
KYC02880,C02669,Onboarding,Enhanced,Enhanced Due Diligence,AN019,2025-01-31,2025-02-28,30,28.0,N,Y,Y,Y,Y,Y,Approved,,Y,24.9
KYC02881,C02670,Onboarding,Standard,Business Due Diligence,AN026,2025-12-06,2025-12-14,10,8.0,N,Y,Y,Y,N/A,N/A,Approved,,Y,7.2
KYC02882,C02671,Onboarding,Standard,KYC Onboarding,AN002,2025-02-08,2025-02-13,10,5.0,N,N,Y,Y,N/A,N/A,Approved,,N,3.7
KYC02883,C02672,Onboarding,Standard,Business Due Diligence,AN023,2024-03-01,2024-03-21,10,20.0,Y,Y,Y,Y,N/A,N/A,Approved,,Y,8.9
KYC02884,C02673,Onboarding,Standard,Business Due Diligence,AN026,2025-11-13,2025-11-25,10,12.0,Y,Y,N,N,N/A,N/A,Approved,,Y,9.8
KYC02885,C02674,Onboarding,Standard,KYC Onboarding,AN009,2025-03-24,2025-03-26,10,2.0,N,Y,Y,Y,N/A,N/A,Approved,,Y,1.7
KYC02886,C02675,Onboarding,Enhanced,Enhanced Due Diligence,AN018,2025-04-30,2025-05-13,30,13.0,N,Y,Y,Y,Y,Y,Approved,,Y,7.3
KYC02887,C02676,Onboarding,Simplified,KYC Onboarding,AN009,2024-03-08,2024-03-09,5,1.0,N,Y,Y,Y,N/A,N/A,Approved,,N,0.7
KYC02888,C02677,Onboarding,Standard,KYC Onboarding,AN009,2024-12-05,2024-12-07,10,2.0,N,Y,Y,Y,N/A,N/A,Approved,,Y,1.3
KYC02889,C02678,Onboarding,Standard,KYC Onboarding,AN008,2024-11-29,2024-12-04,10,5.0,N,Y,Y,Y,N/A,N/A,Approved,,Y,2.1
KYC02890,C02679,Onboarding,Simplified,KYC Onboarding,AN005,2025-08-14,2025-08-16,5,2.0,N,Y,Y,Y,N/A,N/A,Approved,,Y,1.0
KYC02891,C02680,Onboarding,Simplified,KYC Onboarding,AN009,2024-10-04,2024-10-06,5,2.0,N,Y,Y,N,N/A,N/A,Approved,,Y,1.1
KYC02892,C02681,Onboarding,Simplified,KYC Onboarding,AN003,2024-09-03,2024-09-04,5,1.0,N,Y,Y,N,N/A,N/A,Approved,,Y,0.7
KYC02893,C02682,Onboarding,Standard,KYC Onboarding,AN002,2025-05-12,2025-05-17,10,5.0,N,Y,Y,Y,N/A,N/A,Approved,,Y,3.3
KYC02894,C02683,Onboarding,Simplified,KYC Onboarding,AN005,2024-01-12,2024-01-15,5,3.0,N,Y,Y,Y,N/A,N/A,Approved,,Y,2.2
KYC02895,C02684,Onboarding,Standard,KYC Onboarding,AN007,2025-06-25,2025-06-30,10,5.0,N,Y,Y,Y,N/A,N/A,Approved,,Y,3.6
KYC02896,C02685,Onboarding,Simplified,KYC Onboarding,AN001,2024-01-04,2024-01-12,5,8.0,Y,Y,Y,N,N/A,N/A,Approved,,Y,6.7
KYC02897,C02686,Onboarding,Standard,KYC Onboarding,AN010,2024-06-19,2024-06-23,10,4.0,N,Y,Y,Y,N/A,N/A,Approved,,Y,2.6
KYC02898,C02686,Trigger Event Review,Simplified,KYC Periodic Review,AN013,2025-05-18,2025-05-19,5,1.0,N,Y,Y,Y,N/A,N/A,Approved,,Y,0.4
KYC02899,C02687,Onboarding,Standard,KYC Onboarding,AN006,2024-12-28,2025-01-08,10,11.0,Y,N,Y,Y,N/A,N/A,Approved,,Y,7.9
KYC02900,C02688,Onboarding,Standard,KYC Onboarding,AN009,2024-05-20,2024-05-24,10,4.0,N,Y,Y,Y,N/A,N/A,Approved,,Y,3.3
KYC02901,C02688,Trigger Event Review,Standard,KYC Periodic Review,AN015,2024-10-09,2024-10-11,10,2.0,N,Y,Y,Y,N/A,N/A,Approved,,Y,0.9
KYC02902,C02689,Onboarding,Standard,Business Due Diligence,AN023,2024-01-22,2024-01-29,10,7.0,N,Y,Y,Y,N/A,N/A,Approved,,Y,5.0
KYC02903,C02690,Onboarding,Standard,KYC Onboarding,AN010,2024-11-01,2024-11-07,10,6.0,N,Y,Y,Y,N/A,N/A,Approved,,Y,4.4
KYC02904,C02691,Onboarding,Enhanced,Enhanced Due Diligence,AN020,2025-05-29,2025-08-22,30,85.0,Y,Y,Y,N,Y,N,Rejected,Sanctions match,Y,53.2
KYC02905,C02692,Onboarding,Standard,KYC Onboarding,AN002,2024-06-22,2024-06-26,10,4.0,N,Y,N,N,N/A,N/A,Approved,,N,3.2
KYC02906,C02693,Onboarding,Standard,Business Due Diligence,AN022,2024-07-17,2024-07-29,10,12.0,Y,Y,Y,Y,N/A,N/A,Approved,,Y,8.2
KYC02907,C02694,Onboarding,Enhanced,Enhanced Due Diligence,AN021,2025-05-05,2025-06-12,30,38.0,Y,Y,Y,N,Y,Y,Approved,,Y,20.3
KYC02908,C02695,Onboarding,Enhanced,Enhanced Due Diligence,AN020,2025-11-21,2025-12-08,30,17.0,N,Y,Y,Y,Y,Y,Approved,,Y,11.6
KYC02909,C02696,Onboarding,Standard,KYC Onboarding,AN010,2025-01-09,2025-01-13,10,4.0,N,Y,Y,Y,N/A,N/A,Approved,,Y,1.7
KYC02910,C02697,Onboarding,Standard,KYC Onboarding,AN008,2025-02-10,2025-02-12,10,2.0,N,Y,Y,N,N/A,N/A,Approved,,Y,1.2
KYC02911,C02698,Onboarding,Standard,KYC Onboarding,AN010,2025-08-26,2025-08-31,10,5.0,N,Y,Y,N,N/A,N/A,Approved,,Y,3.2
KYC02912,C02699,Onboarding,Standard,KYC Onboarding,AN003,2024-02-15,2024-02-26,10,11.0,Y,Y,Y,Y,N/A,N/A,Approved,,Y,8.0
KYC02913,C02700,Onboarding,Standard,Business Due Diligence,AN022,2025-12-18,2025-12-23,10,5.0,N,Y,Y,Y,N/A,N/A,Approved,,Y,2.7
KYC02914,C02701,Onboarding,Enhanced,Enhanced Due Diligence,AN019,2024-12-12,2024-12-19,30,7.0,N,Y,Y,Y,Y,Y,Approved,,N,3.6
KYC02915,C02701,Periodic Review,Enhanced,Enhanced Due Diligence,AN020,2025-12-25,,30,,,Y,Y,N,Y,N,Pending,,,0.0
KYC02916,C02702,Onboarding,Standard,KYC Onboarding,AN007,2024-09-30,2024-10-08,10,8.0,N,N,Y,N,N/A,N/A,Approved,,Y,6.0
KYC02917,C02703,Onboarding,Standard,KYC Onboarding,AN010,2025-03-23,2025-03-25,10,2.0,N,Y,Y,Y,N/A,N/A,Approved,,Y,1.5
KYC02918,C02704,Onboarding,Standard,KYC Onboarding,AN004,2025-10-28,2025-10-29,10,1.0,N,Y,Y,N,N/A,N/A,Approved,,Y,0.7
KYC02919,C02705,Onboarding,Standard,KYC Onboarding,AN005,2025-11-11,2025-11-19,10,8.0,N,Y,Y,Y,N/A,N/A,Approved,,Y,4.0
KYC02920,C02706,Onboarding,Standard,KYC Onboarding,AN006,2025-07-22,2025-07-23,10,1.0,N,Y,Y,Y,N/A,N/A,Approved,,Y,0.9
KYC02921,C02707,Onboarding,Standard,KYC Onboarding,AN003,2024-12-16,2024-12-17,10,1.0,N,Y,Y,N,N/A,N/A,Approved,,Y,0.7
KYC02922,C02708,Onboarding,Standard,Business Due Diligence,AN022,2024-04-18,2024-04-30,10,12.0,Y,Y,Y,N,N/A,N/A,Approved,,Y,10.2
KYC02923,C02709,Onboarding,Standard,KYC Onboarding,AN001,2024-05-17,2024-06-11,10,25.0,Y,Y,Y,Y,N/A,N/A,Approved,,Y,11.0
KYC02924,C02710,Onboarding,Standard,KYC Onboarding,AN008,2025-09-03,2025-09-07,10,4.0,N,Y,N,N,N/A,N/A,Approved,,Y,1.9
KYC02925,C02711,Onboarding,Simplified,KYC Onboarding,AN007,2024-03-30,2024-04-01,5,2.0,N,Y,Y,Y,N/A,N/A,Approved,,Y,0.9
KYC02926,C02712,Onboarding,Enhanced,Enhanced Due Diligence,AN020,2024-12-15,2025-01-02,30,18.0,N,Y,Y,Y,Y,N,Escalated to Compliance,,Y,9.1
KYC02927,C02712,Periodic Review,Enhanced,Enhanced Due Diligence,AN019,2025-12-06,2025-12-22,30,16.0,N,Y,Y,Y,Y,Y,Approved,,Y,11.6
KYC02928,C02713,Onboarding,Standard,KYC Onboarding,AN001,2024-10-25,2024-11-01,10,7.0,N,Y,Y,Y,N/A,N/A,Approved,,Y,3.4
KYC02929,C02714,Onboarding,Standard,KYC Onboarding,AN005,2025-06-01,2025-06-07,10,6.0,N,Y,Y,Y,N/A,N/A,Approved,,Y,3.8
KYC02930,C02715,Onboarding,Standard,KYC Onboarding,AN005,2024-09-07,2024-09-09,10,2.0,N,Y,Y,Y,N/A,N/A,Approved,,Y,1.6
KYC02931,C02716,Onboarding,Standard,KYC Onboarding,AN001,2025-05-24,2025-06-03,10,10.0,N,Y,Y,Y,N/A,N/A,Approved,,Y,5.3
KYC02932,C02717,Onboarding,Simplified,KYC Onboarding,AN009,2025-01-06,2025-01-09,5,3.0,N,Y,Y,Y,N/A,N/A,Approved,,Y,2.3
KYC02933,C02718,Onboarding,Standard,KYC Onboarding,AN005,2025-10-09,2025-10-20,10,11.0,Y,Y,Y,Y,N/A,N/A,Approved,,Y,9.5
KYC02934,C02719,Onboarding,Standard,KYC Onboarding,AN001,2024-05-15,2024-05-18,10,3.0,N,Y,Y,Y,N/A,N/A,Approved,,Y,1.7
KYC02935,C02719,Trigger Event Review,Standard,KYC Periodic Review,AN011,2025-05-09,2025-05-13,10,4.0,N,Y,Y,Y,N/A,N/A,Approved,,Y,1.9
KYC02936,C02720,Onboarding,Enhanced,Enhanced Due Diligence,AN017,2025-07-07,2025-08-17,30,41.0,Y,Y,Y,Y,Y,N,Escalated to Compliance,,Y,19.1
KYC02937,C02721,Onboarding,Simplified,KYC Onboarding,AN006,2025-06-09,2025-06-13,5,4.0,N,Y,Y,Y,N/A,N/A,Approved,,Y,2.8
KYC02938,C02722,Onboarding,Standard,KYC Onboarding,AN002,2025-08-24,2025-08-27,10,3.0,N,Y,Y,Y,N/A,N/A,Approved,,Y,1.9
KYC02939,C02723,Onboarding,Standard,KYC Onboarding,AN001,2024-12-21,2024-12-24,10,3.0,N,Y,Y,Y,N/A,N/A,Rejected,Source of funds unclear,Y,2.5
KYC02940,C02724,Onboarding,Standard,Business Due Diligence,AN024,2024-08-18,2024-08-22,10,4.0,N,Y,Y,Y,N/A,N/A,Approved,,Y,1.8
KYC02941,C02725,Onboarding,Enhanced,Enhanced Due Diligence,AN018,2025-01-09,2025-01-23,30,14.0,N,Y,Y,Y,Y,Y,Approved,,Y,6.0
KYC02942,C02726,Onboarding,Enhanced,Enhanced Due Diligence,AN018,2025-12-08,,30,,,N,Y,Y,Y,N,Pending,,,0.0
KYC02943,C02727,Onboarding,Standard,KYC Onboarding,AN009,2024-05-22,2024-05-27,10,5.0,N,Y,Y,Y,N/A,N/A,Approved,,Y,2.5
KYC02944,C02728,Onboarding,Simplified,KYC Onboarding,AN009,2025-04-25,2025-04-26,5,1.0,N,Y,Y,N,N/A,N/A,Approved,,Y,0.6
KYC02945,C02729,Onboarding,Standard,Business Due Diligence,AN025,2024-06-10,2024-07-07,10,27.0,Y,Y,Y,Y,N/A,N/A,Approved,,Y,16.7
KYC02946,C02730,Onboarding,Standard,Business Due Diligence,AN022,2025-07-17,2025-07-20,10,3.0,N,Y,Y,Y,N/A,N/A,Approved,,Y,2.6
KYC02947,C02731,Onboarding,Simplified,KYC Onboarding,AN002,2024-11-03,2024-11-06,5,3.0,N,Y,Y,Y,N/A,N/A,Approved,,Y,1.7
KYC02948,C02732,Onboarding,Standard,KYC Onboarding,AN004,2025-09-19,2025-09-25,10,6.0,N,Y,Y,N,N/A,N/A,Approved,,Y,3.0
KYC02949,C02733,Onboarding,Standard,KYC Onboarding,AN005,2024-04-27,2024-04-30,10,3.0,N,Y,Y,Y,N/A,N/A,Approved,,Y,2.4
KYC02950,C02734,Onboarding,Standard,Business Due Diligence,AN023,2024-03-27,2024-03-30,10,3.0,N,Y,Y,Y,N/A,N/A,Approved,,Y,1.2
KYC02951,C02735,Onboarding,Standard,KYC Onboarding,AN006,2025-11-24,2025-11-26,10,2.0,N,Y,Y,Y,N/A,N/A,Approved,,Y,1.5
KYC02952,C02736,Onboarding,Standard,KYC Onboarding,AN007,2024-09-01,2024-09-11,10,10.0,N,Y,Y,Y,N/A,N/A,Approved,,N,5.6
KYC02953,C02737,Onboarding,Standard,KYC Onboarding,AN004,2024-03-01,2024-03-07,10,6.0,N,Y,Y,N,N/A,N/A,Approved,,Y,3.7
KYC02954,C02738,Onboarding,Standard,KYC Onboarding,AN007,2025-08-30,2025-09-04,10,5.0,N,Y,Y,Y,N/A,N/A,Approved,,Y,4.3
KYC02955,C02739,Onboarding,Standard,KYC Onboarding,AN010,2024-10-29,2024-11-17,10,19.0,Y,Y,Y,Y,N/A,N/A,Approved,,Y,12.5
KYC02956,C02740,Onboarding,Standard,KYC Onboarding,AN006,2025-11-04,2025-11-11,10,7.0,N,Y,Y,Y,N/A,N/A,Approved,,Y,5.3
KYC02957,C02741,Onboarding,Standard,Business Due Diligence,AN025,2024-11-12,2024-11-16,10,4.0,N,Y,Y,N,N/A,N/A,Approved,,Y,2.2
KYC02958,C02742,Onboarding,Standard,KYC Onboarding,AN005,2025-07-02,2025-07-08,10,6.0,N,Y,Y,Y,N/A,N/A,Approved,,N,5.2
KYC02959,C02743,Onboarding,Standard,KYC Onboarding,AN002,2025-02-27,2025-03-03,10,4.0,N,Y,Y,N,N/A,N/A,Approved,,Y,3.3
KYC02960,C02744,Onboarding,Standard,KYC Onboarding,AN007,2024-12-18,2024-12-26,10,8.0,N,Y,Y,N,N/A,N/A,Approved,,Y,4.7
KYC02961,C02745,Onboarding,Simplified,KYC Onboarding,AN008,2024-12-20,2024-12-23,5,3.0,N,Y,Y,N,N/A,N/A,Approved,,Y,2.0
KYC02962,C02746,Onboarding,Standard,KYC Onboarding,AN001,2024-07-02,2024-07-18,10,16.0,Y,Y,N,N,N/A,N/A,Approved,,Y,11.9
KYC02963,C02747,Onboarding,Standard,KYC Onboarding,AN005,2025-06-19,2025-06-23,10,4.0,N,Y,Y,Y,N/A,N/A,Approved,,Y,2.9
KYC02964,C02748,Onboarding,Standard,KYC Onboarding,AN001,2025-01-16,2025-01-24,10,8.0,N,Y,Y,N,N/A,N/A,Approved,,Y,5.5
KYC02966,C02749,Onboarding,Standard,Business Due Diligence,AN022,2023-12-29,2024-01-09,10,11.0,Y,Y,Y,Y,N/A,N/A,Rejected,Incomplete documents,Y,7.9
KYC02967,C02750,Onboarding,Simplified,KYC Onboarding,AN008,2024-10-16,2024-10-17,5,1.0,N,Y,Y,Y,N/A,N/A,Approved,,Y,0.9
KYC02968,C02751,Onboarding,Standard,KYC Onboarding,AN005,2024-10-20,2024-10-22,10,2.0,N,Y,Y,Y,N/A,N/A,Approved,,Y,0.8
KYC02969,C02751,Trigger Event Review,Simplified,KYC Periodic Review,AN015,2025-02-22,2025-02-24,5,2.0,N,Y,Y,Y,N/A,N/A,Approved,,Y,1.5
KYC02970,C02752,Onboarding,Standard,KYC Onboarding,AN005,2025-10-07,2025-10-12,10,5.0,N,Y,Y,Y,N/A,N/A,Approved,,Y,2.2
KYC02971,C02753,Onboarding,Standard,Business Due Diligence,AN023,2024-11-06,2024-11-18,10,12.0,Y,Y,Y,N,N/A,N/A,Approved,,Y,9.0
KYC02972,C02754,Onboarding,Standard,KYC Onboarding,AN010,2025-02-15,2025-02-16,10,1.0,N,Y,Y,Y,N/A,N/A,Approved,,Y,0.8
KYC02973,C02755,Onboarding,Standard,Business Due Diligence,AN026,2024-02-26,2024-03-25,10,28.0,Y,Y,Y,Y,N/A,N/A,Approved,,Y,19.0
KYC02974,C02756,Onboarding,Standard,Business Due Diligence,AN023,2024-10-09,2024-10-17,10,8.0,N,Y,Y,Y,N/A,N/A,Approved,,Y,6.8
KYC02975,C02756,Trigger Event Review,Standard,Business Due Diligence,AN022,2025-01-16,2025-01-24,10,8.0,N,Y,N,Y,N/A,N/A,Approved,,N,4.0
KYC02976,C02757,Onboarding,Simplified,KYC Onboarding,AN003,2024-07-22,2024-07-23,5,1.0,N,Y,Y,N,N/A,N/A,Approved,,Y,0.7
KYC02977,C02758,Onboarding,Standard,KYC Onboarding,AN009,2024-12-28,2024-12-30,10,2.0,N,Y,Y,Y,N/A,N/A,Approved,,Y,1.3
KYC02978,C02759,Onboarding,Standard,Business Due Diligence,AN022,2025-10-17,2025-10-25,10,8.0,N,Y,Y,Y,N/A,N/A,Approved,,Y,6.8
KYC02979,C02760,Onboarding,Simplified,KYC Onboarding,AN008,2025-11-13,2025-11-14,5,1.0,N,Y,Y,N,N/A,N/A,Approved,,Y,0.6
KYC02980,C02761,Onboarding,Standard,KYC Onboarding,AN005,2024-07-28,2024-08-13,10,16.0,Y,Y,Y,Y,N/A,N/A,Approved,,Y,11.8
KYC02981,C02762,Onboarding,Standard,KYC Onboarding,AN010,2025-03-22,2025-03-23,10,1.0,N,Y,Y,Y,N/A,N/A,Approved,,Y,0.9
KYC02982,C02763,Onboarding,Standard,KYC Onboarding,AN009,2025-11-24,2025-11-26,10,2.0,N,Y,Y,N,N/A,N/A,Approved,,Y,1.6
KYC02983,C02764,Onboarding,Standard,KYC Onboarding,AN004,2024-06-16,2024-06-21,10,5.0,N,Y,Y,Y,N/A,N/A,Approved,,Y,3.9
KYC02984,C02765,Onboarding,Standard,KYC Onboarding,AN008,2024-11-13,2024-11-21,10,8.0,N,Y,Y,N,N/A,N/A,Approved,,Y,3.5
KYC02985,C02766,Onboarding,Standard,KYC Onboarding,AN009,2024-12-30,2025-01-10,10,11.0,Y,Y,Y,Y,N/A,N/A,Approved,,Y,7.2
KYC02986,C02767,Onboarding,Standard,KYC Onboarding,AN003,2023-12-31,2024-01-03,10,3.0,N,Y,Y,Y,N/A,N/A,Approved,,Y,1.4
KYC02987,C02768,Onboarding,Standard,KYC Onboarding,AN003,2024-12-02,2024-12-05,10,3.0,N,Y,Y,Y,N/A,N/A,Approved,,Y,1.7
KYC02988,C02769,Onboarding,Standard,Business Due Diligence,AN023,2024-03-28,2024-04-06,10,9.0,N,Y,N,Y,N/A,N/A,Approved,,Y,6.3
KYC02989,C02770,Onboarding,Standard,KYC Onboarding,AN007,2024-08-11,2024-08-17,10,6.0,N,Y,Y,Y,N/A,N/A,Approved,,Y,3.7
KYC02990,C02771,Onboarding,Standard,KYC Onboarding,AN006,2024-03-25,2024-03-28,10,3.0,N,Y,Y,Y,N/A,N/A,Approved,,Y,2.5
KYC02991,C02772,Onboarding,Standard,KYC Onboarding,AN004,2025-06-22,2025-06-24,10,2.0,N,Y,Y,Y,N/A,N/A,Approved,,Y,1.7
KYC02992,C02773,Onboarding,Simplified,KYC Onboarding,AN007,2025-08-30,2025-09-01,5,2.0,N,Y,Y,Y,N/A,N/A,Approved,,N,1.5
KYC02993,C02774,Onboarding,Simplified,KYC Onboarding,AN005,2024-07-12,2024-07-14,5,2.0,N,Y,Y,N,N/A,N/A,Approved,,Y,1.1
KYC02994,C02774,Trigger Event Review,Standard,KYC Periodic Review,AN016,2025-08-10,2025-08-11,10,1.0,N,Y,Y,Y,N/A,N/A,Approved,,Y,0.7
KYC02995,C02775,Onboarding,Standard,KYC Onboarding,AN009,2024-01-27,2024-01-31,10,4.0,N,Y,Y,Y,N/A,N/A,Approved,,Y,1.9
KYC02996,C02776,Onboarding,Standard,KYC Onboarding,AN004,2024-12-22,2024-12-31,10,9.0,N,Y,Y,Y,N/A,N/A,Approved,,Y,4.2
KYC02997,C02777,Onboarding,Standard,KYC Onboarding,AN004,2024-03-22,2024-03-24,10,2.0,N,Y,Y,Y,N/A,N/A,Approved,,N,1.4
KYC02998,C02778,Onboarding,Simplified,KYC Onboarding,AN002,2024-11-14,2024-11-16,5,2.0,N,Y,Y,N,N/A,N/A,Approved,,N,1.7
KYC02999,C02779,Onboarding,Simplified,KYC Onboarding,AN002,2025-01-31,2025-02-02,5,2.0,N,Y,Y,Y,N/A,N/A,Approved,,Y,0.9
KYC03000,C02780,Onboarding,Simplified,KYC Onboarding,AN007,2024-12-05,2024-12-09,5,4.0,N,Y,Y,Y,N/A,N/A,Approved,,Y,3.2
KYC03001,C02781,Onboarding,Standard,KYC Onboarding,AN006,2025-01-16,2025-01-22,10,6.0,N,Y,Y,Y,N/A,N/A,Rejected,Unacceptable risk appetite,Y,4.2
KYC03002,C02782,Onboarding,Standard,KYC Onboarding,AN009,2025-02-17,2025-02-26,10,9.0,N,Y,Y,N,N/A,N/A,Approved,,Y,7.4
KYC03003,C02783,Onboarding,Standard,KYC Onboarding,AN004,2024-04-27,2024-04-28,10,1.0,N,Y,Y,N,N/A,N/A,Approved,,Y,0.7
KYC03004,C02784,Onboarding,Simplified,KYC Onboarding,AN002,2025-05-13,2025-05-16,5,3.0,N,Y,Y,Y,N/A,N/A,Approved,,Y,2.5
KYC03005,C02785,Onboarding,Simplified,KYC Onboarding,AN010,2025-04-30,2025-05-01,5,1.0,N,Y,Y,N,N/A,N/A,Approved,,Y,0.4
KYC03006,C02786,Onboarding,Standard,KYC Onboarding,AN006,2024-04-14,2024-04-17,10,3.0,N,Y,Y,Y,N/A,N/A,Approved,,Y,2.0
KYC03007,C02787,Onboarding,Standard,KYC Onboarding,AN006,2024-11-11,2024-11-17,10,6.0,N,Y,Y,N,N/A,N/A,Approved,,Y,4.6
KYC03008,C02788,Onboarding,Enhanced,Enhanced Due Diligence,AN019,2024-07-28,2024-08-30,30,33.0,Y,Y,Y,Y,Y,N,Rejected,Incomplete documents,Y,28.7
KYC03009,C02788,Periodic Review,Enhanced,Enhanced Due Diligence,AN020,2025-07-15,2025-10-19,30,96.0,Y,Y,Y,Y,Y,N,Rejected,Customer withdrew,Y,46.4
KYC03010,C02789,Onboarding,Enhanced,Enhanced Due Diligence,AN019,2024-10-17,2024-11-03,30,17.0,N,Y,Y,Y,Y,Y,Approved,,Y,7.4
KYC03011,C02789,Periodic Review,Enhanced,Enhanced Due Diligence,AN019,2025-11-19,2025-11-25,30,6.0,N,Y,N,Y,Y,N,Rejected,Adverse media,Y,2.6
KYC03012,C02790,Onboarding,Standard,KYC Onboarding,AN010,2025-07-14,2025-07-20,10,6.0,N,Y,Y,Y,N/A,N/A,Approved,,N,5.3
KYC03014,C02791,Onboarding,Simplified,KYC Onboarding,AN005,2025-03-12,2025-03-13,5,1.0,N,Y,Y,Y,N/A,N/A,Approved,,Y,0.7
KYC03015,C02792,Onboarding,Standard,Business Due Diligence,AN022,2025-10-21,2025-10-28,10,7.0,N,Y,Y,N,N/A,N/A,Rejected,Source of funds unclear,Y,3.8
KYC03016,C02793,Onboarding,Standard,KYC Onboarding,AN006,2025-02-17,2025-02-19,10,2.0,N,Y,Y,Y,N/A,N/A,Approved,,Y,1.6
KYC03017,C02794,Onboarding,Simplified,KYC Onboarding,AN010,2024-02-02,2024-02-03,5,1.0,N,Y,Y,Y,N/A,N/A,Approved,,Y,0.6
KYC03018,C02795,Onboarding,Standard,Business Due Diligence,AN026,2025-05-31,2025-06-03,10,3.0,N,Y,Y,Y,N/A,N/A,Approved,,Y,2.2
KYC03019,C02796,Onboarding,Simplified,KYC Onboarding,AN002,2024-02-21,2024-02-26,5,5.0,N,Y,Y,Y,N/A,N/A,Approved,,N,3.8
KYC03020,C02797,Onboarding,Standard,Business Due Diligence,AN026,2024-09-06,2024-09-08,10,2.0,N,Y,Y,Y,N/A,N/A,Approved,,Y,1.2
KYC03021,C02798,Onboarding,Simplified,KYC Onboarding,AN006,2025-11-11,2025-11-13,5,2.0,N,Y,Y,N,N/A,N/A,Approved,,Y,1.1
KYC03022,C02799,Onboarding,Simplified,KYC Onboarding,AN010,2025-12-20,2025-12-30,5,10.0,Y,Y,Y,Y,N/A,N/A,Approved,,Y,4.5
KYC03023,C02800,Onboarding,Standard,KYC Onboarding,AN008,2024-04-17,2024-04-20,10,3.0,N,Y,Y,N,N/A,N/A,Approved,,N,1.4
KYC03024,C02801,Onboarding,Simplified,KYC Onboarding,AN007,2025-12-21,2025-12-23,5,2.0,N,Y,Y,N,N/A,N/A,Approved,,N,1.7
KYC03025,C02802,Onboarding,Enhanced,Enhanced Due Diligence,AN017,2025-12-15,2025-12-22,30,7.0,N,Y,Y,Y,Y,N,Escalated to Compliance,,Y,5.6
KYC03026,C02803,Onboarding,Simplified,KYC Onboarding,AN002,2025-10-03,2025-10-05,5,2.0,N,Y,Y,N,N/A,N/A,Approved,,Y,1.1
KYC03027,C02804,Onboarding,Standard,Business Due Diligence,AN026,2025-08-25,2025-08-30,10,5.0,N,Y,Y,N,N/A,N/A,Approved,,Y,3.3
KYC03028,C02805,Onboarding,Simplified,KYC Onboarding,AN003,2024-02-20,2024-02-26,5,6.0,Y,Y,Y,N,N/A,N/A,Approved,,Y,4.8
KYC03029,C02806,Onboarding,Standard,KYC Onboarding,AN003,2024-03-27,2024-03-30,10,3.0,N,Y,Y,Y,N/A,N/A,Approved,,Y,1.9
KYC03030,C02807,Onboarding,Enhanced,Enhanced Due Diligence,AN020,2025-03-21,2025-05-06,30,46.0,Y,N,Y,Y,Y,N,Rejected,Customer withdrew,Y,38.3
KYC03031,C02808,Onboarding,Simplified,KYC Onboarding,AN001,2024-03-13,2024-03-14,5,1.0,N,Y,Y,N,N/A,N/A,Approved,,Y,0.7
KYC03032,C02809,Onboarding,Enhanced,Enhanced Due Diligence,AN017,2024-07-02,2024-08-21,30,50.0,Y,Y,Y,Y,Y,Y,Approved,,Y,44.6
KYC03033,C02809,Periodic Review,Enhanced,Enhanced Due Diligence,AN019,2025-08-06,2025-08-16,30,10.0,N,Y,Y,Y,Y,Y,Approved,,Y,7.8
KYC03034,C02810,Onboarding,Simplified,KYC Onboarding,AN001,2025-12-11,2025-12-14,5,3.0,N,Y,Y,Y,N/A,N/A,Approved,,Y,1.8
KYC03035,C02811,Onboarding,Standard,Business Due Diligence,AN025,2025-10-23,2025-11-16,10,24.0,Y,Y,Y,Y,N/A,N/A,Approved,,Y,17.7
KYC03036,C02812,Onboarding,Simplified,KYC Onboarding,AN005,2024-07-02,2024-07-04,5,2.0,N,Y,Y,Y,N/A,N/A,Approved,,Y,1.7
KYC03037,C02813,Onboarding,Standard,KYC Onboarding,AN007,2025-01-24,2025-01-26,10,2.0,N,Y,Y,Y,N/A,N/A,Rejected,Sanctions match,Y,1.0
KYC03038,C02814,Onboarding,Standard,KYC Onboarding,AN009,2025-01-28,2025-02-03,10,6.0,N,Y,Y,Y,N/A,N/A,Escalated to Compliance,,Y,3.5
KYC03039,C02815,Onboarding,Standard,KYC Onboarding,AN007,2024-07-08,2024-07-22,10,14.0,Y,Y,Y,Y,N/A,N/A,Approved,,Y,8.3
KYC03040,C02816,Onboarding,Enhanced,Enhanced Due Diligence,AN021,2024-06-20,2024-07-25,30,35.0,Y,Y,Y,Y,Y,Y,Approved,,Y,26.6
KYC03041,C02816,Periodic Review,Enhanced,Enhanced Due Diligence,AN019,2025-07-27,2025-08-17,30,21.0,N,Y,Y,Y,Y,Y,Approved,,Y,16.2
KYC03042,C02817,Onboarding,Standard,KYC Onboarding,AN006,2024-11-13,2024-11-21,10,8.0,N,Y,Y,N,N/A,N/A,Rejected,Customer withdrew,Y,4.4
KYC03043,C02818,Onboarding,Standard,Business Due Diligence,AN022,2025-03-12,2025-03-25,10,13.0,Y,Y,Y,Y,N/A,N/A,Approved,,Y,11.5
KYC03044,C02819,Onboarding,Simplified,KYC Onboarding,AN004,2025-08-09,2025-08-10,5,1.0,N,Y,Y,N,N/A,N/A,Approved,,Y,0.6
KYC03045,C02820,Onboarding,Standard,Business Due Diligence,AN025,2025-09-03,2025-09-17,10,14.0,Y,Y,Y,N,N/A,N/A,Approved,,Y,11.6
KYC03046,C02821,Onboarding,Standard,Business Due Diligence,AN023,2024-01-13,2024-01-22,10,9.0,N,Y,Y,Y,N/A,N/A,Escalated to Compliance,,Y,4.5
KYC03047,C02822,Onboarding,Standard,KYC Onboarding,AN006,2025-04-23,2025-04-30,10,7.0,N,Y,Y,Y,N/A,N/A,Rejected,Customer withdrew,N,3.9
KYC03048,C02823,Onboarding,Standard,KYC Onboarding,AN010,2025-03-25,2025-03-26,10,1.0,N,Y,Y,Y,N/A,N/A,Approved,,Y,0.5
KYC03049,C02824,Onboarding,Standard,KYC Onboarding,AN007,2024-02-02,2024-02-07,10,5.0,N,Y,Y,Y,N/A,N/A,Approved,,Y,2.1
KYC03050,C02825,Onboarding,Standard,KYC Onboarding,AN010,2025-09-02,2025-09-11,10,9.0,N,Y,Y,Y,N/A,N/A,Approved,,Y,7.6
KYC03051,C02826,Onboarding,Standard,KYC Onboarding,AN002,2025-03-11,2025-03-14,10,3.0,N,Y,Y,N,N/A,N/A,Approved,,Y,2.3
KYC03052,C02827,Onboarding,Standard,KYC Onboarding,AN004,2025-06-08,2025-06-19,10,11.0,Y,Y,Y,Y,N/A,N/A,Approved,,Y,7.2
KYC03053,C02828,Onboarding,Simplified,KYC Onboarding,AN004,2025-04-27,2025-04-29,5,2.0,N,Y,Y,Y,N/A,N/A,Approved,,Y,1.6
KYC03054,C02829,Onboarding,Simplified,KYC Onboarding,AN004,2024-08-30,2024-08-31,5,1.0,N,Y,Y,Y,N/A,N/A,Approved,,Y,0.9
KYC03055,C02830,Onboarding,Standard,KYC Onboarding,AN007,2024-05-22,2024-06-10,10,19.0,Y,Y,Y,N,N/A,N/A,Approved,,Y,12.1
KYC03056,C02831,Onboarding,Standard,KYC Onboarding,AN008,2024-09-30,2024-10-04,10,4.0,N,Y,Y,Y,N/A,N/A,Approved,,Y,2.0
KYC03057,C02832,Onboarding,Standard,KYC Onboarding,AN005,2025-07-07,2025-07-10,10,3.0,N,Y,Y,Y,N/A,N/A,Approved,,Y,1.3
KYC03058,C02833,Onboarding,Standard,KYC Onboarding,AN009,2025-04-06,2025-04-15,10,9.0,N,Y,Y,Y,N/A,N/A,Approved,,N,6.5
KYC03059,C02834,Onboarding,Enhanced,Enhanced Due Diligence,AN019,2025-04-01,2025-04-26,30,25.0,N,Y,N,Y,Y,Y,Approved,,Y,11.4
KYC03060,C02835,Onboarding,Simplified,KYC Onboarding,AN009,2024-04-01,2024-04-02,5,1.0,N,Y,Y,Y,N/A,N/A,Approved,,Y,0.8
KYC03061,C02836,Onboarding,Standard,KYC Onboarding,AN007,2024-01-06,2024-01-13,10,7.0,N,Y,Y,N,N/A,N/A,Approved,,Y,3.8
KYC03062,C02837,Onboarding,Standard,KYC Onboarding,AN010,2025-05-03,2025-05-15,10,12.0,Y,Y,Y,Y,N/A,N/A,Rejected,Adverse media,Y,9.9
KYC03063,C02838,Onboarding,Simplified,KYC Onboarding,AN001,2025-11-25,2025-11-26,5,1.0,N,Y,Y,N,N/A,N/A,Approved,,N,0.7
KYC03064,C02839,Onboarding,Standard,KYC Onboarding,AN002,2024-09-18,2024-09-20,10,2.0,N,Y,Y,Y,N/A,N/A,Approved,,Y,1.2
KYC03065,C02840,Onboarding,Standard,KYC Onboarding,AN007,2024-11-20,2024-12-18,10,28.0,Y,Y,Y,Y,N/A,N/A,Approved,,Y,15.1
KYC03066,C02841,Onboarding,Enhanced,Enhanced Due Diligence,AN019,2025-12-01,2025-12-28,30,27.0,N,Y,Y,N,Y,Y,Approved,,Y,23.5
KYC03067,C02842,Onboarding,Simplified,KYC Onboarding,AN004,2024-06-15,2024-06-18,5,3.0,N,Y,Y,Y,N/A,N/A,Approved,,Y,2.0
KYC03068,C02843,Onboarding,Enhanced,Enhanced Due Diligence,AN017,2025-01-14,2025-02-05,30,22.0,N,Y,Y,Y,Y,Y,Approved,,Y,10.4
KYC03069,C02844,Onboarding,Standard,KYC Onboarding,AN004,2024-03-02,2024-03-14,10,12.0,Y,Y,Y,Y,N/A,N/A,Approved,,Y,10.1
KYC03070,C02845,Onboarding,Standard,KYC Onboarding,AN008,2024-07-10,2024-07-20,10,10.0,N,Y,N,Y,N/A,N/A,Approved,,Y,7.2
KYC03071,C02846,Onboarding,Standard,KYC Onboarding,AN006,2024-09-27,2024-09-30,10,3.0,N,Y,Y,Y,N/A,N/A,Approved,,Y,1.8
KYC03072,C02847,Onboarding,Standard,KYC Onboarding,AN004,2025-05-16,2025-05-20,10,4.0,N,Y,Y,Y,N/A,N/A,Approved,,Y,2.7
KYC03073,C02848,Onboarding,Enhanced,Enhanced Due Diligence,AN020,2024-08-11,2024-09-20,30,40.0,Y,Y,Y,Y,Y,N,Rejected,Sanctions match,Y,25.2
KYC03074,C02848,Periodic Review,Enhanced,Enhanced Due Diligence,AN019,2025-09-01,2025-09-10,30,9.0,N,Y,Y,Y,Y,N,Rejected,Incomplete documents,Y,4.7
KYC03075,C02849,Onboarding,Standard,Business Due Diligence,AN025,2024-11-28,2024-12-01,10,3.0,N,Y,Y,Y,N/A,N/A,Approved,,Y,1.2
KYC03076,C02850,Onboarding,Enhanced,Enhanced Due Diligence,AN021,2024-08-03,2024-08-31,30,28.0,N,Y,Y,Y,Y,Y,Approved,,Y,11.9
KYC03077,C02850,Periodic Review,Enhanced,Enhanced Due Diligence,AN020,2025-09-01,2025-10-13,30,42.0,Y,Y,Y,Y,Y,Y,Approved,,Y,33.2
KYC03078,C02851,Onboarding,Standard,KYC Onboarding,AN007,2024-04-12,2024-04-18,10,6.0,N,Y,Y,Y,N/A,N/A,Approved,,Y,3.8
KYC03079,C02851,Trigger Event Review,Simplified,KYC Periodic Review,AN016,2024-12-15,2024-12-17,5,2.0,N,Y,Y,N,N/A,N/A,Approved,,Y,1.4
KYC03080,C02852,Onboarding,Standard,Business Due Diligence,AN024,2025-07-30,2025-08-11,10,12.0,Y,Y,Y,Y,N/A,N/A,Approved,,Y,9.8
KYC03081,C02853,Onboarding,Simplified,KYC Onboarding,AN005,2025-05-05,2025-05-06,5,1.0,N,Y,Y,N,N/A,N/A,Approved,,Y,0.7
KYC03082,C02854,Onboarding,Enhanced,Enhanced Due Diligence,AN020,2025-04-13,2025-06-30,30,78.0,Y,Y,Y,N,Y,Y,Approved,,Y,56.3
KYC03083,C02855,Onboarding,Standard,KYC Onboarding,AN002,2025-02-26,2025-02-27,10,1.0,N,Y,Y,Y,N/A,N/A,Approved,,Y,0.8
KYC03084,C02856,Onboarding,Standard,KYC Onboarding,AN008,2024-04-05,2024-04-21,10,16.0,Y,Y,Y,Y,N/A,N/A,Approved,,Y,11.0
KYC03085,C02857,Onboarding,Standard,KYC Onboarding,AN007,2025-01-08,2025-01-11,10,3.0,N,Y,Y,Y,N/A,N/A,Approved,,N,2.6
KYC03086,C02858,Onboarding,Simplified,KYC Onboarding,AN003,2025-05-29,2025-05-30,5,1.0,N,Y,Y,Y,N/A,N/A,Approved,,Y,0.6
KYC03087,C02859,Onboarding,Simplified,KYC Onboarding,AN006,2024-12-24,2024-12-25,5,1.0,N,Y,Y,N,N/A,N/A,Approved,,Y,0.6
KYC03088,C02860,Onboarding,Enhanced,Enhanced Due Diligence,AN019,2025-06-08,2025-06-24,30,16.0,N,Y,Y,N,Y,Y,Approved,,Y,8.7
KYC03089,C02861,Onboarding,Standard,Business Due Diligence,AN023,2024-08-24,2024-09-03,10,10.0,N,Y,Y,Y,N/A,N/A,Approved,,Y,8.1
KYC03090,C02862,Onboarding,Standard,Business Due Diligence,AN022,2025-01-06,2025-01-11,10,5.0,N,Y,Y,Y,N/A,N/A,Approved,,Y,2.7
KYC03091,C02863,Onboarding,Standard,KYC Onboarding,AN005,2024-10-03,2024-10-05,10,2.0,N,Y,Y,Y,N/A,N/A,Rejected,Unacceptable risk appetite,N,0.9
KYC03092,C02864,Onboarding,Standard,KYC Onboarding,AN004,2025-12-24,2025-12-31,10,7.0,N,Y,Y,N,N/A,N/A,Approved,,Y,3.0
KYC03093,C02865,Onboarding,Standard,KYC Onboarding,AN004,2024-05-08,2024-05-09,10,1.0,N,Y,Y,Y,N/A,N/A,Rejected,Incomplete documents,Y,0.4
KYC03094,C02866,Onboarding,Standard,KYC Onboarding,AN005,2024-07-24,2024-07-25,10,1.0,N,Y,Y,Y,N/A,N/A,Approved,,Y,0.8
KYC03095,C02867,Onboarding,Simplified,KYC Onboarding,AN010,2025-05-10,2025-05-12,5,2.0,N,Y,N,N,N/A,N/A,Approved,,Y,1.4
KYC03096,C02868,Onboarding,Standard,KYC Onboarding,AN002,2024-02-11,2024-02-23,10,12.0,Y,Y,Y,Y,N/A,N/A,Approved,,Y,5.5
KYC03097,C02869,Onboarding,Simplified,KYC Onboarding,AN005,2025-01-09,2025-01-15,5,6.0,Y,Y,Y,N,N/A,N/A,Approved,,Y,2.6
KYC03098,C02870,Onboarding,Standard,KYC Onboarding,AN001,2024-01-20,2024-01-24,10,4.0,N,Y,Y,Y,N/A,N/A,Approved,,Y,1.6
KYC03099,C02871,Onboarding,Standard,KYC Onboarding,AN009,2025-01-16,2025-01-26,10,10.0,N,Y,Y,Y,N/A,N/A,Rejected,Unacceptable risk appetite,Y,6.3
KYC03100,C02872,Onboarding,Standard,KYC Onboarding,AN004,2024-08-19,2024-09-04,10,16.0,Y,Y,Y,Y,N/A,N/A,Approved,,N,11.9
KYC03101,C02873,Onboarding,Standard,KYC Onboarding,AN001,2024-05-16,2024-05-26,10,10.0,N,Y,Y,Y,N/A,N/A,Approved,,Y,8.6
KYC03102,C02874,Onboarding,Standard,Business Due Diligence,AN023,2024-12-25,2025-01-08,10,14.0,Y,Y,Y,N,N/A,N/A,Approved,,Y,5.7
KYC03103,C02875,Onboarding,Standard,KYC Onboarding,AN006,2024-08-26,2024-09-01,10,6.0,N,Y,Y,Y,N/A,N/A,Approved,,Y,4.1
KYC03104,C02876,Onboarding,Standard,Business Due Diligence,AN023,2024-02-27,2024-03-09,10,11.0,Y,Y,Y,Y,N/A,N/A,Approved,,Y,7.8
KYC03105,C02877,Onboarding,Simplified,KYC Onboarding,AN009,2025-01-22,2025-01-23,5,1.0,N,N,Y,Y,N/A,N/A,Approved,,Y,0.5
KYC03106,C02878,Onboarding,Standard,Business Due Diligence,AN025,2025-02-16,2025-02-19,10,3.0,N,Y,Y,Y,N/A,N/A,Approved,,Y,2.6
KYC03107,C02879,Onboarding,Standard,Business Due Diligence,AN026,2025-04-25,2025-05-07,10,12.0,Y,Y,Y,N,N/A,N/A,Approved,,Y,6.1
KYC03108,C02880,Onboarding,Enhanced,Enhanced Due Diligence,AN020,2025-10-20,2025-11-14,30,25.0,N,Y,Y,Y,Y,Y,Approved,,Y,14.8
KYC03109,C02881,Onboarding,Simplified,KYC Onboarding,AN007,2025-05-24,2025-05-26,5,2.0,N,Y,Y,N,N/A,N/A,Approved,,Y,1.1
KYC03110,C02882,Onboarding,Simplified,KYC Onboarding,AN005,2025-08-05,2025-08-07,5,2.0,N,Y,Y,Y,N/A,N/A,Approved,,Y,0.9
KYC03111,C02883,Onboarding,Standard,KYC Onboarding,AN001,2025-04-16,2025-04-20,10,4.0,N,Y,Y,Y,N/A,N/A,Approved,,Y,2.3
KYC03112,C02884,Onboarding,Standard,KYC Onboarding,AN008,2025-05-04,2025-05-08,10,4.0,N,Y,Y,Y,N/A,N/A,Approved,,Y,2.7
KYC03113,C02885,Onboarding,Standard,KYC Onboarding,AN003,2025-07-30,2025-08-04,10,5.0,N,Y,Y,Y,N/A,N/A,Approved,,Y,2.0
KYC03114,C02886,Onboarding,Standard,KYC Onboarding,AN007,2025-04-24,2025-04-29,10,5.0,N,Y,Y,Y,N/A,N/A,Approved,,Y,3.3
KYC03115,C02887,Onboarding,Standard,KYC Onboarding,AN002,2024-12-30,2025-01-09,10,10.0,N,Y,Y,Y,N/A,N/A,Approved,,Y,7.8
KYC03116,C02888,Onboarding,Simplified,KYC Onboarding,AN001,2025-06-13,2025-06-14,5,1.0,N,Y,Y,Y,N/A,N/A,Approved,,Y,0.8
KYC03117,C02889,Onboarding,Simplified,KYC Onboarding,AN003,2025-12-04,2025-12-07,5,3.0,N,Y,Y,Y,N/A,N/A,Approved,,Y,2.7
KYC03118,C02890,Onboarding,Simplified,KYC Onboarding,AN007,2024-12-27,2024-12-28,5,1.0,N,Y,Y,N,N/A,N/A,Approved,,Y,0.5
KYC03119,C02891,Onboarding,Standard,Business Due Diligence,AN026,2024-06-12,2024-06-26,10,14.0,Y,Y,Y,Y,N/A,N/A,Approved,,Y,10.1
KYC03120,C02892,Onboarding,Standard,Business Due Diligence,AN022,2024-10-18,2024-10-24,10,6.0,N,Y,Y,Y,N/A,N/A,Approved,,N,4.8
KYC03121,C02893,Onboarding,Standard,KYC Onboarding,AN001,2024-01-09,2024-01-18,10,9.0,N,Y,Y,Y,N/A,N/A,Approved,,Y,4.4
KYC03122,C02894,Onboarding,Standard,KYC Onboarding,AN008,2024-08-11,2024-08-18,10,7.0,N,Y,Y,Y,N/A,N/A,Approved,,Y,3.9
KYC03123,C02895,Onboarding,Simplified,KYC Onboarding,AN010,2025-10-10,2025-10-11,5,1.0,N,Y,Y,Y,N/A,N/A,Approved,,Y,0.9
KYC03124,C02896,Onboarding,Standard,KYC Onboarding,AN003,2024-03-13,2024-03-17,10,4.0,N,Y,Y,N,N/A,N/A,Approved,,Y,3.1
KYC03125,C02897,Onboarding,Standard,KYC Onboarding,AN008,2025-10-08,2025-10-20,10,12.0,Y,Y,Y,N,N/A,N/A,Approved,,Y,10.1
KYC03126,C02898,Onboarding,Standard,KYC Onboarding,AN008,2025-02-14,2025-02-21,10,7.0,N,Y,Y,Y,N/A,N/A,Approved,,Y,5.2
KYC03127,C02899,Onboarding,Standard,Business Due Diligence,AN023,2024-08-17,2024-08-21,10,4.0,N,Y,Y,Y,N/A,N/A,Approved,,Y,2.8
KYC03128,C02900,Onboarding,Standard,KYC Onboarding,AN009,2024-12-11,2024-12-18,10,7.0,N,Y,Y,Y,N/A,N/A,Escalated to Compliance,,Y,6.3
KYC03129,C02901,Onboarding,Standard,Business Due Diligence,AN024,2025-10-03,2025-10-09,10,6.0,N,Y,Y,Y,N/A,N/A,Approved,,Y,3.4
KYC03130,C02902,Onboarding,Standard,KYC Onboarding,AN009,2024-03-24,2024-03-31,10,7.0,N,Y,Y,Y,N/A,N/A,Approved,,Y,5.9
KYC03131,C02903,Onboarding,Simplified,KYC Onboarding,AN009,2025-02-15,2025-02-18,5,3.0,N,Y,Y,Y,N/A,N/A,Approved,,N,1.8
KYC03132,C02904,Onboarding,Enhanced,Enhanced Due Diligence,AN021,2024-07-12,2024-07-20,30,8.0,N,Y,N,Y,Y,Y,Approved,,Y,5.1
KYC03133,C02904,Periodic Review,Enhanced,Enhanced Due Diligence,AN019,2025-07-29,2025-09-05,30,38.0,Y,Y,Y,Y,Y,N,Rejected,Incomplete documents,Y,18.9
KYC03134,C02905,Onboarding,Enhanced,Enhanced Due Diligence,AN018,2025-01-26,2025-01-28,30,2.0,N,Y,Y,Y,Y,Y,Approved,,Y,0.9
KYC03135,C02906,Onboarding,Standard,Business Due Diligence,AN024,2025-07-25,2025-08-04,10,10.0,N,Y,Y,Y,N/A,N/A,Approved,,Y,7.4
KYC03136,C02907,Onboarding,Standard,KYC Onboarding,AN008,2025-10-31,2025-11-06,10,6.0,N,Y,Y,Y,N/A,N/A,Approved,,Y,2.7
KYC03137,C02908,Onboarding,Simplified,KYC Onboarding,AN005,2024-07-04,2024-07-09,5,5.0,N,Y,Y,Y,N/A,N/A,Approved,,N,2.0
KYC03138,C02909,Onboarding,Standard,KYC Onboarding,AN008,2025-04-26,2025-05-05,10,9.0,N,Y,Y,Y,N/A,N/A,Approved,,Y,7.1
KYC03139,C02910,Onboarding,Standard,Business Due Diligence,AN024,2024-11-03,2024-11-05,10,2.0,N,Y,Y,Y,N/A,N/A,Approved,,N,0.8
KYC03140,C02911,Onboarding,Standard,KYC Onboarding,AN005,2025-01-02,2025-01-03,10,1.0,N,Y,Y,Y,N/A,N/A,Approved,,Y,0.7
KYC03141,C02912,Onboarding,Standard,Business Due Diligence,AN023,2024-04-24,2024-05-04,10,10.0,N,Y,Y,Y,N/A,N/A,Approved,,Y,5.2
KYC03142,C02913,Onboarding,Standard,Business Due Diligence,AN023,2025-09-17,2025-09-27,10,10.0,N,N,Y,Y,N/A,N/A,Approved,,Y,5.2
KYC03143,C02914,Onboarding,Standard,KYC Onboarding,AN008,2024-05-03,2024-05-09,10,6.0,N,Y,Y,Y,N/A,N/A,Approved,,Y,4.3
KYC03144,C02915,Onboarding,Standard,KYC Onboarding,AN009,2024-01-26,2024-02-05,10,10.0,N,Y,Y,Y,N/A,N/A,Approved,,Y,7.5
KYC03145,C02916,Onboarding,Enhanced,Enhanced Due Diligence,AN019,2025-07-05,2025-07-31,30,26.0,N,N,N,Y,Y,Y,Approved,,Y,13.6
KYC03146,C02917,Onboarding,Standard,Business Due Diligence,AN025,2024-10-20,2024-10-28,10,8.0,N,Y,Y,N,N/A,N/A,Approved,,Y,5.4
KYC03147,C02918,Onboarding,Standard,KYC Onboarding,AN002,2024-02-18,2024-03-01,10,12.0,Y,Y,Y,Y,N/A,N/A,Approved,,Y,6.3
KYC03148,C02919,Onboarding,Simplified,KYC Onboarding,AN007,2025-05-10,2025-05-12,5,2.0,N,Y,Y,N,N/A,N/A,Approved,,Y,1.4
KYC03149,C02920,Onboarding,Standard,KYC Onboarding,AN009,2024-07-26,2024-07-29,10,3.0,N,Y,N,Y,N/A,N/A,Approved,,Y,2.3
KYC03150,C02921,Onboarding,Standard,KYC Onboarding,AN008,2025-12-10,2025-12-16,10,6.0,N,Y,Y,Y,N/A,N/A,Approved,,Y,4.8
KYC03151,C02922,Onboarding,Enhanced,Enhanced Due Diligence,AN019,2025-12-15,,30,,,Y,Y,Y,N,N,Pending,,,0.0
KYC03152,C02923,Onboarding,Standard,KYC Onboarding,AN003,2025-02-04,2025-02-13,10,9.0,N,Y,Y,N,N/A,N/A,Approved,,Y,7.4
KYC03153,C02924,Onboarding,Standard,KYC Onboarding,AN007,2024-12-10,2024-12-15,10,5.0,N,Y,Y,Y,N/A,N/A,Approved,,Y,3.3
KYC03154,C02925,Onboarding,Simplified,KYC Onboarding,AN008,2024-11-20,2024-11-22,5,2.0,N,Y,N,N,N/A,N/A,Approved,,Y,1.4
KYC03155,C02926,Onboarding,Simplified,KYC Onboarding,AN007,2025-03-17,2025-03-18,5,1.0,N,Y,Y,N,N/A,N/A,Approved,,Y,0.6
KYC03156,C02927,Onboarding,Standard,KYC Onboarding,AN010,2025-10-26,2025-11-09,10,14.0,Y,Y,Y,Y,N/A,N/A,Approved,,Y,7.2
KYC03157,C02928,Onboarding,Enhanced,Enhanced Due Diligence,AN020,2025-04-10,2025-04-17,30,7.0,N,Y,Y,N,Y,N,Rejected,Adverse media,N,3.9
KYC03158,C02929,Onboarding,Simplified,KYC Onboarding,AN006,2024-03-12,2024-03-13,5,1.0,N,Y,Y,N,N/A,N/A,Rejected,Customer withdrew,Y,0.6
KYC03159,C02930,Onboarding,Standard,KYC Onboarding,AN006,2024-05-20,2024-05-26,10,6.0,N,Y,N,Y,N/A,N/A,Approved,,Y,4.6
KYC03160,C02931,Onboarding,Enhanced,Enhanced Due Diligence,AN021,2025-04-02,2025-04-11,30,9.0,N,Y,Y,Y,Y,Y,Approved,,Y,4.2
KYC03161,C02932,Onboarding,Standard,KYC Onboarding,AN007,2024-09-24,2024-10-06,10,12.0,Y,Y,Y,Y,N/A,N/A,Approved,,N,7.0
KYC03162,C02933,Onboarding,Simplified,KYC Onboarding,AN003,2024-12-16,2024-12-18,5,2.0,N,Y,Y,Y,N/A,N/A,Approved,,N,1.6
KYC03163,C02934,Onboarding,Enhanced,Enhanced Due Diligence,AN020,2024-10-18,2024-10-25,30,7.0,N,Y,Y,Y,Y,Y,Approved,,Y,4.1
KYC03164,C02934,Periodic Review,Enhanced,Enhanced Due Diligence,AN020,2025-11-13,2025-11-27,30,14.0,N,Y,Y,Y,Y,Y,Approved,,Y,10.2
KYC03165,C02935,Onboarding,Standard,Business Due Diligence,AN026,2025-03-10,2025-03-15,10,5.0,N,Y,Y,Y,N/A,N/A,Approved,,Y,3.7
KYC03166,C02936,Onboarding,Standard,Business Due Diligence,AN025,2024-06-14,2024-06-20,10,6.0,N,Y,Y,N,N/A,N/A,Approved,,Y,5.0
KYC03167,C02937,Onboarding,Standard,KYC Onboarding,AN004,2024-02-19,2024-02-20,10,1.0,N,Y,Y,Y,N/A,N/A,Escalated to Compliance,,Y,0.5
KYC03168,C02937,Trigger Event Review,Standard,KYC Periodic Review,AN013,2025-01-08,2025-01-09,10,1.0,N,Y,Y,Y,N/A,N/A,Approved,,Y,0.6
KYC03169,C02938,Onboarding,Standard,KYC Onboarding,AN005,2024-06-19,2024-06-23,10,4.0,N,Y,Y,Y,N/A,N/A,Approved,,Y,2.9
KYC03170,C02939,Onboarding,Simplified,KYC Onboarding,AN010,2025-05-03,2025-05-06,5,3.0,N,Y,Y,N,N/A,N/A,Approved,,Y,2.1
KYC03171,C02940,Onboarding,Standard,KYC Onboarding,AN010,2025-03-16,2025-03-17,10,1.0,N,Y,Y,Y,N/A,N/A,Approved,,Y,0.7
KYC03172,C02941,Onboarding,Simplified,KYC Onboarding,AN006,2025-08-11,2025-08-16,5,5.0,N,Y,Y,N,N/A,N/A,Approved,,Y,2.4
KYC03173,C02942,Onboarding,Standard,Business Due Diligence,AN022,2024-03-19,2024-03-25,10,6.0,N,Y,Y,Y,N/A,N/A,Escalated to Compliance,,Y,5.3
KYC03174,C02943,Onboarding,Standard,Business Due Diligence,AN024,2024-04-12,2024-04-30,10,18.0,Y,Y,Y,Y,N/A,N/A,Approved,,Y,13.3
KYC03175,C02944,Onboarding,Standard,KYC Onboarding,AN010,2024-04-04,2024-04-12,10,8.0,N,Y,Y,Y,N/A,N/A,Approved,,Y,3.9
KYC03176,C02945,Onboarding,Standard,Business Due Diligence,AN023,2025-02-12,2025-02-26,10,14.0,Y,Y,Y,Y,N/A,N/A,Approved,,N,10.7
KYC03177,C02946,Onboarding,Standard,Business Due Diligence,AN025,2025-02-20,2025-03-03,10,11.0,Y,Y,Y,Y,N/A,N/A,Approved,,Y,8.7
KYC03178,C02947,Onboarding,Standard,KYC Onboarding,AN006,2024-04-22,2024-04-26,10,4.0,N,Y,Y,Y,N/A,N/A,Approved,,Y,3.1
KYC03179,C02948,Onboarding,Simplified,KYC Onboarding,AN001,2024-11-22,2024-11-23,5,1.0,N,Y,Y,N,N/A,N/A,Approved,,Y,0.4
KYC03180,C02949,Onboarding,Standard,Business Due Diligence,AN026,2024-02-04,2024-02-13,10,9.0,N,Y,Y,Y,N/A,N/A,Approved,,Y,5.8
KYC03181,C02950,Onboarding,Simplified,KYC Onboarding,AN005,2025-03-19,2025-03-20,5,1.0,N,Y,Y,N,N/A,N/A,Approved,,Y,0.5
KYC03182,C02951,Onboarding,Standard,Business Due Diligence,AN022,2025-02-19,2025-02-20,10,1.0,N,Y,Y,N,N/A,N/A,Approved,,Y,0.7
KYC03183,C02952,Onboarding,Standard,KYC Onboarding,AN007,2024-01-20,2024-01-25,10,5.0,N,Y,Y,N,N/A,N/A,Approved,,Y,2.2
KYC03184,C02953,Onboarding,Standard,KYC Onboarding,AN003,2024-03-05,2024-03-10,10,5.0,N,Y,Y,Y,N/A,N/A,Approved,,Y,3.6
KYC03185,C02954,Onboarding,Standard,Business Due Diligence,AN022,2025-05-26,2025-06-06,10,11.0,Y,Y,Y,Y,N/A,N/A,Approved,,Y,5.1
KYC03186,C02955,Onboarding,Standard,KYC Onboarding,AN010,2025-10-15,2025-10-21,10,6.0,N,Y,Y,Y,N/A,N/A,Approved,,Y,4.8
KYC03187,C02956,Onboarding,Simplified,KYC Onboarding,AN006,2025-09-09,2025-09-15,5,6.0,Y,N,Y,Y,N/A,N/A,Approved,,Y,5.4
KYC03188,C02957,Onboarding,Standard,KYC Onboarding,AN006,2025-02-14,2025-02-19,10,5.0,N,Y,Y,Y,N/A,N/A,Approved,,Y,4.0
KYC03189,C02958,Onboarding,Simplified,KYC Onboarding,AN001,2025-01-18,2025-01-24,5,6.0,Y,Y,Y,Y,N/A,N/A,Approved,,Y,3.7
KYC03190,C02959,Onboarding,Standard,KYC Onboarding,AN010,2025-08-10,2025-08-18,10,8.0,N,Y,Y,Y,N/A,N/A,Approved,,Y,6.2
KYC03191,C02960,Onboarding,Standard,KYC Onboarding,AN008,2025-09-03,2025-09-10,10,7.0,N,Y,Y,Y,N/A,N/A,Approved,,Y,3.1
KYC03192,C02961,Onboarding,Standard,KYC Onboarding,AN006,2025-10-20,2025-10-26,10,6.0,N,Y,Y,Y,N/A,N/A,Approved,,Y,2.9
KYC03193,C02962,Onboarding,Standard,KYC Onboarding,AN006,2024-10-17,2024-10-21,10,4.0,N,Y,Y,Y,N/A,N/A,Approved,,Y,3.2
KYC03194,C02963,Onboarding,Simplified,KYC Onboarding,AN003,2024-12-09,2024-12-13,5,4.0,N,Y,Y,N,N/A,N/A,Approved,,Y,3.3
KYC03195,C02964,Onboarding,Standard,Business Due Diligence,AN026,2024-02-27,2024-03-05,10,7.0,N,Y,Y,Y,N/A,N/A,Approved,,Y,2.9
KYC03196,C02965,Onboarding,Simplified,KYC Onboarding,AN010,2024-05-05,2024-05-09,5,4.0,N,Y,Y,N,N/A,N/A,Approved,,Y,2.0
KYC03197,C02966,Onboarding,Standard,KYC Onboarding,AN010,2024-10-01,2024-10-08,10,7.0,N,Y,Y,Y,N/A,N/A,Approved,,Y,6.0
KYC03198,C02967,Onboarding,Standard,KYC Onboarding,AN007,2025-08-10,2025-08-17,10,7.0,N,Y,Y,N,N/A,N/A,Approved,,Y,6.3
KYC03199,C02968,Onboarding,Standard,KYC Onboarding,AN005,2024-11-19,2024-12-02,10,13.0,Y,Y,Y,Y,N/A,N/A,Approved,,Y,7.8
KYC03200,C02969,Onboarding,Standard,Business Due Diligence,AN024,2025-03-02,2025-03-06,10,4.0,N,Y,Y,Y,N/A,N/A,Approved,,Y,2.3
KYC03201,C02970,Onboarding,Standard,KYC Onboarding,AN007,2025-09-20,2025-10-01,10,11.0,Y,Y,Y,Y,N/A,N/A,Approved,,N,9.5
KYC03202,C02971,Onboarding,Standard,KYC Onboarding,AN003,2024-12-11,2024-12-21,10,10.0,N,Y,N,Y,N/A,N/A,Approved,,Y,6.8
KYC03203,C02972,Onboarding,Enhanced,Enhanced Due Diligence,AN018,2024-08-28,2024-10-11,30,44.0,Y,N,Y,Y,Y,Y,Approved,,Y,29.3
KYC03204,C02972,Periodic Review,Enhanced,Enhanced Due Diligence,AN019,2025-09-28,2025-10-11,30,13.0,N,Y,Y,Y,Y,N,Escalated to Compliance,,Y,8.7
KYC03205,C02973,Onboarding,Standard,Business Due Diligence,AN024,2025-06-13,2025-06-24,10,11.0,Y,Y,Y,Y,N/A,N/A,Approved,,Y,9.3
KYC03206,C02974,Onboarding,Enhanced,Enhanced Due Diligence,AN021,2024-08-17,2024-08-27,30,10.0,N,Y,Y,Y,Y,N,Rejected,Unacceptable risk appetite,Y,4.1
KYC03207,C02974,Periodic Review,Enhanced,Enhanced Due Diligence,AN017,2025-09-02,2025-10-30,30,58.0,Y,Y,Y,Y,Y,N,Rejected,Source of funds unclear,Y,32.8
KYC03208,C02975,Onboarding,Standard,Business Due Diligence,AN024,2024-10-09,2024-10-19,10,10.0,N,Y,Y,Y,N/A,N/A,Approved,,Y,7.4
KYC03209,C02976,Onboarding,Standard,Business Due Diligence,AN024,2025-10-10,2025-10-18,10,8.0,N,Y,Y,Y,N/A,N/A,Approved,,Y,5.2
KYC03210,C02977,Onboarding,Standard,KYC Onboarding,AN001,2024-11-15,2024-11-19,10,4.0,N,Y,Y,Y,N/A,N/A,Approved,,Y,3.0
KYC03211,C02978,Onboarding,Simplified,KYC Onboarding,AN009,2024-06-28,2024-06-30,5,2.0,N,Y,Y,N,N/A,N/A,Approved,,Y,1.7
KYC03212,C02979,Onboarding,Standard,KYC Onboarding,AN002,2025-08-29,2025-09-05,10,7.0,N,Y,Y,Y,N/A,N/A,Approved,,Y,3.6
KYC03213,C02980,Onboarding,Standard,KYC Onboarding,AN002,2025-04-14,2025-04-24,10,10.0,N,Y,Y,N,N/A,N/A,Approved,,Y,4.7
KYC03214,C02981,Onboarding,Simplified,KYC Onboarding,AN004,2025-07-14,2025-07-17,5,3.0,N,Y,Y,Y,N/A,N/A,Approved,,Y,1.7
KYC03215,C02982,Onboarding,Standard,KYC Onboarding,AN005,2024-08-22,2024-08-23,10,1.0,N,Y,Y,N,N/A,N/A,Approved,,Y,0.6
KYC03216,C02983,Onboarding,Standard,KYC Onboarding,AN010,2025-07-21,2025-07-23,10,2.0,N,Y,Y,N,N/A,N/A,Approved,,Y,1.4
KYC03217,C02984,Onboarding,Standard,Business Due Diligence,AN023,2025-11-23,2025-12-07,10,14.0,Y,Y,Y,Y,N/A,N/A,Approved,,Y,8.5
KYC03218,C02985,Onboarding,Enhanced,Enhanced Due Diligence,AN017,2024-04-26,2024-05-02,30,6.0,N,Y,Y,Y,Y,Y,Approved,,Y,5.0
KYC03219,C02985,Periodic Review,Enhanced,Enhanced Due Diligence,AN018,2025-04-11,2025-05-11,30,30.0,N,Y,Y,Y,N,Y,Approved,,Y,15.0
KYC03220,C02986,Onboarding,Standard,KYC Onboarding,AN005,2024-05-15,2024-05-28,10,13.0,Y,Y,Y,Y,N/A,N/A,Approved,,Y,8.9
KYC03221,C02986,Trigger Event Review,Standard,KYC Periodic Review,AN011,2025-04-09,2025-04-16,10,7.0,N,Y,Y,N,N/A,N/A,Approved,,Y,4.9
KYC03222,C02987,Onboarding,Standard,KYC Onboarding,AN006,2025-02-16,2025-02-17,10,1.0,N,Y,Y,Y,N/A,N/A,Approved,,Y,0.5
KYC03223,C02988,Onboarding,Standard,KYC Onboarding,AN006,2025-06-12,2025-06-15,10,3.0,N,Y,Y,Y,N/A,N/A,Approved,,Y,1.2
KYC03224,C02989,Onboarding,Simplified,KYC Onboarding,AN009,2023-12-30,2023-12-31,5,1.0,N,Y,Y,N,N/A,N/A,Rejected,Sanctions match,Y,0.6
KYC03225,C02990,Onboarding,Standard,Business Due Diligence,AN022,2025-02-04,2025-02-24,10,20.0,Y,N,Y,Y,N/A,N/A,Approved,,Y,17.5
KYC03226,C02991,Onboarding,Standard,Business Due Diligence,AN022,2024-03-31,2024-04-04,10,4.0,N,Y,Y,Y,N/A,N/A,Approved,,Y,2.3
KYC03227,C02992,Onboarding,Standard,Business Due Diligence,AN024,2025-12-16,2025-12-24,10,8.0,N,Y,Y,N,N/A,N/A,Approved,,Y,5.8
KYC03228,C02993,Onboarding,Standard,Business Due Diligence,AN022,2025-06-11,2025-06-12,10,1.0,N,Y,Y,N,N/A,N/A,Approved,,Y,0.5
KYC03229,C02994,Onboarding,Standard,Business Due Diligence,AN024,2025-12-23,,10,,,Y,Y,N,N/A,N/A,Pending,,,0.0
KYC03230,C02995,Onboarding,Standard,KYC Onboarding,AN005,2024-06-06,2024-06-11,10,5.0,N,Y,Y,Y,N/A,N/A,Approved,,Y,2.5
KYC03231,C02996,Onboarding,Simplified,KYC Onboarding,AN007,2025-07-30,2025-08-01,5,2.0,N,Y,Y,N,N/A,N/A,Approved,,Y,0.8
KYC03232,C02997,Onboarding,Simplified,KYC Onboarding,AN008,2024-10-03,2024-10-07,5,4.0,N,Y,Y,Y,N/A,N/A,Approved,,Y,2.7
KYC03233,C02998,Onboarding,Standard,KYC Onboarding,AN005,2024-03-12,2024-03-13,10,1.0,N,N,Y,Y,N/A,N/A,Approved,,Y,0.8
KYC03234,C02999,Onboarding,Standard,KYC Onboarding,AN007,2024-12-15,2024-12-26,10,11.0,Y,Y,Y,Y,N/A,N/A,Approved,,Y,9.0
KYC03235,C03000,Onboarding,Standard,KYC Onboarding,AN002,2024-12-05,2024-12-06,10,1.0,N,Y,Y,Y,N/A,N/A,Approved,,Y,0.4
