customer_id,customer_name,customer_type,country_of_residence,occupation_or_industry,branch_id,onboarding_channel,risk_rating,pep_flag,annual_income_or_turnover_gbp,relationship_start_date
C00001,Thistle Capital Ltd,Business,United Kingdom,Retail,BR08,Online,Medium,N,1032000,2025-02-24
C00002,Priya Patel,Individual,UAE,Employee,BR05,Online,Medium,N,49100,2025-07-22
C00003,Mei Fraser,Individual,United Kingdom,Self-employed,BR08,Online,Low,N,34400,2024-08-08
C00004,Ironbridge Consulting PLC,Business,Pakistan,Real Estate,BR07,Branch,High,N,2344000,2025-09-21
C00005,Northgate Tech LLP,Business,United Kingdom,Precious Metals,BR02,Relationship Manager,Medium,N,289000,2025-09-04
C00006,Summit Tech PLC,Business,United Kingdom,Precious Metals,BR02,Online,High,N,555000,2024-01-13
C00007,Tom Okafor,Individual,United Kingdom,Employee,BR03,Relationship Manager,Low,N,12700,2025-02-16
C00008,James Shah,Individual,United Kingdom,Employee,BR06,Online,Low,N,36400,2024-12-14
C00009,Sofia Khan,Individual,Cyprus,Self-employed,BR04,Introducer,Medium,N,47000,2025-04-25
C00010,Meridian Consulting Ltd,Business,United Kingdom,Money Services,BR01,Online,Medium,N,433000,2024-07-08
C00011,Ravi Brooks,Individual,France,Self-employed,BR07,Online,Low,N,100800,2024-03-12
C00012,Nadia Carter,Individual,United Kingdom,Employee,BR01,Introducer,Low,N,53000,2024-07-19
C00013,Maria Evans,Individual,United Kingdom,Retired,BR03,Online,Low,N,34600,2025-01-19
C00014,Ethan Okafor,Individual,United Kingdom,Employee,BR04,Introducer,Low,N,92200,2024-07-16
C00015,Priya Doyle,Individual,United States,Self-employed,BR04,Online,Low,N,102600,2024-12-05
C00016,Meridian Construction Ltd,Business,France,Retail,BR01,Branch,Medium,N,1382000,2024-10-11
C00017,Thistle Consulting PLC,Business,United Kingdom,Money Services,BR07,Online,High,N,1202000,2025-05-22
C00018,Harbour Capital Ltd,Business,Ireland,Hospitality,BR08,Relationship Manager,Low,N,1104000,2024-10-27
C00019,Omar Khan,Individual,United Kingdom,Student,BR06,Online,Low,N,16800,2024-04-15
C00020,Grace Evans,Individual,United Kingdom,Employee,BR10,Online,Low,N,39100,2025-04-08
C00021,Olivia Okafor,Individual,Ireland,Self-employed,BR02,Branch,Low,N,21400,2024-06-04
C00022,Nadia Okafor,Individual,United Kingdom,Employee,BR01,Online,Low,N,32900,2024-08-07
C00023,Sofia Ali,Individual,India,Self-employed,BR01,Relationship Manager,Low,N,46900,2025-05-31
C00024,Sofia Nowak,Individual,Hong Kong,Employee,BR07,Introducer,Low,N,12200,2024-07-18
C00025,Ethan Lopez,Individual,Hong Kong,Employee,BR01,Online,Low,N,18800,2024-02-15
C00026,Ravi Shah,Individual,UAE,Student,BR09,Branch,Medium,N,29600,2024-09-20
C00027,Amir Singh,Individual,United Kingdom,Employee,BR05,Branch,Low,N,38900,2024-10-10
C00028,Chen Shah,Individual,India,Employee,BR08,Branch,Low,N,29800,2025-05-16
C00029,Luca Patel,Individual,United Kingdom,Retired,BR03,Relationship Manager,Low,N,34100,2025-06-02
C00030,Nadia Carter,Individual,United Kingdom,Retired,BR07,Online,Low,N,26300,2024-01-01
C00031,Sofia Fraser,Individual,United Kingdom,Retired,BR04,Branch,Low,N,16800,2025-07-07
C00032,Silverline Construction LLP,Business,United Kingdom,Construction,BR04,Relationship Manager,Low,N,2172000,2025-06-30
C00033,Omar Brooks,Individual,Hong Kong,Employee,BR07,Relationship Manager,Low,N,35300,2024-05-06
C00034,Olivia Patel,Individual,Pakistan,Student,BR02,Online,Medium,N,33300,2024-09-04
C00035,Grace Carter,Individual,United Kingdom,Employee,BR09,Relationship Manager,Low,N,42900,2025-07-14
C00036,Aisha Carter,Individual,United Kingdom,Student,BR06,Online,Low,N,51600,2025-02-25
C00037,Summit Imports Ltd,Business,France,Retail,BR07,Branch,Low,N,3150000,2024-09-05
C00038,Maria Walsh,Individual,United Kingdom,Director,BR02,Relationship Manager,Low,N,27400,2025-07-10
C00039,Bluefield Trading Ltd,Business,Nigeria,Money Services,BR01,Branch,High,N,255000,2025-04-06
C00040,Omar Singh,Individual,Panama,Employee,BR01,Introducer,Medium,N,86100,2025-01-08
C00041,Ethan Carter,Individual,United Kingdom,Employee,BR06,Online,Low,N,50600,2024-01-05
C00042,Ravi Patel,Individual,United Kingdom,Employee,BR01,Relationship Manager,Low,N,22600,2025-04-18
C00043,Meridian Logistics Ltd,Business,United Kingdom,Construction,BR10,Branch,Low,N,747000,2024-05-11
C00044,Sofia Okafor,Individual,United Kingdom,Student,BR10,Online,Low,N,76200,2025-11-03
C00045,Daniel Carter,Individual,United Kingdom,Employee,BR01,Relationship Manager,Low,N,113300,2024-05-18
C00046,Priya Brooks,Individual,United Kingdom,Employee,BR07,Relationship Manager,Low,N,46600,2024-01-22
C00047,Daniel Murray,Individual,United Kingdom,Employee,BR02,Relationship Manager,Low,N,75800,2024-10-02
C00048,Omar Nowak,Individual,United Kingdom,Self-employed,BR03,Branch,Low,N,19400,2024-09-12
C00049,Aisha Okafor,Individual,United Kingdom,Employee,BR02,Online,Low,N,39300,2024-09-14
C00050,Maria Khan,Individual,India,Employee,BR08,Online,Low,N,32800,2025-11-08
C00051,Northgate Trading Ltd,Business,United Kingdom,Crypto Assets,BR09,Online,High,N,4574000,2024-07-19
C00052,Northgate Construction Ltd,Business,Pakistan,Real Estate,BR01,Online,High,N,488000,2025-09-04
C00053,Maria Khan,Individual,United Kingdom,Employee,BR02,Online,Low,N,46600,2024-04-28
C00054,Grace Walsh,Individual,United Kingdom,Property Investor,BR04,Online,Low,N,22900,2025-03-26
C00055,Amir Walsh,Individual,United Kingdom,Employee,BR04,Branch,Low,N,18800,2024-04-05
C00056,Jack Nowak,Individual,France,Director,BR01,Relationship Manager,Low,N,107700,2024-06-16
C00057,Olivia Fraser,Individual,United Kingdom,Self-employed,BR08,Introducer,Low,N,54600,2024-04-18
C00058,Olivia Wright,Individual,United Kingdom,Self-employed,BR09,Online,Low,N,52500,2024-08-29
C00059,Northgate Tech Ltd,Business,United Kingdom,Professional Services,BR03,Relationship Manager,Low,N,258000,2024-12-02
C00060,Bluefield Trading Ltd,Business,Panama,Retail,BR08,Relationship Manager,High,N,380000,2025-09-19
C00061,Luca Patel,Individual,United Kingdom,Employee,BR06,Branch,Low,N,22200,2025-07-06
C00062,Larkspur Imports Ltd,Business,United Kingdom,Retail,BR05,Online,Medium,N,83000,2025-05-25
C00063,Mei Lopez,Individual,UAE,Employee,BR08,Introducer,Medium,N,19800,2024-12-23
C00064,Nadia Okafor,Individual,United Kingdom,Self-employed,BR04,Online,Low,N,32400,2024-07-27
C00065,Ravi Brooks,Individual,United Kingdom,Student,BR04,Branch,Low,N,27300,2024-08-04
C00066,Mei Evans,Individual,Nigeria,Employee,BR02,Online,Medium,N,5700,2024-04-06
C00067,Meridian Foods Ltd,Business,United Kingdom,Import/Export,BR06,Relationship Manager,High,N,2228000,2025-04-30
C00068,Bluefield Retail PLC,Business,United Kingdom,Crypto Assets,BR01,Online,Medium,N,2206000,2025-07-24
C00069,Aisha Lopez,Individual,United Kingdom,Student,BR02,Branch,Low,N,35400,2025-02-04
C00070,Northgate Trading LLP,Business,United Kingdom,Import/Export,BR04,Branch,High,N,1506000,2025-02-25
C00071,Ethan Shah,Individual,United States,Student,BR03,Relationship Manager,Low,N,115900,2024-09-29
C00072,Grace Rossi,Individual,Ireland,Employee,BR02,Online,Low,N,48200,2025-12-05
C00073,Omar Evans,Individual,United Kingdom,Employee,BR02,Introducer,Low,N,49000,2025-10-10
C00074,Larkspur Holdings Ltd,Business,United Kingdom,Crypto Assets,BR08,Online,High,N,857000,2024-10-24
C00075,Olivia Walsh,Individual,France,Self-employed,BR05,Relationship Manager,Low,N,67700,2025-07-05
C00076,Olivia Shah,Individual,Germany,Retired,BR03,Branch,Low,N,52700,2024-09-12
C00077,Ravi Nowak,Individual,United Kingdom,Property Investor,BR08,Relationship Manager,Low,N,47500,2024-03-31
C00078,Larkspur Logistics Ltd,Business,Pakistan,Professional Services,BR08,Relationship Manager,High,N,819000,2024-07-31
C00079,Kestrel Consulting Ltd,Business,United Kingdom,Construction,BR01,Online,Medium,N,1828000,2025-09-02
C00080,Harbour Imports Ltd,Business,Nigeria,Money Services,BR05,Online,High,N,962000,2024-12-18
C00081,Crest Motors LLP,Business,United Kingdom,Retail,BR02,Relationship Manager,Medium,N,500000,2025-09-24
C00082,Meridian Holdings PLC,Business,United Kingdom,Real Estate,BR04,Relationship Manager,High,Y,258000,2024-08-23
C00083,Grace Murray,Individual,France,Retired,BR06,Online,Low,N,17200,2024-12-02
C00084,Sofia Brooks,Individual,Nigeria,Self-employed,BR01,Online,Medium,N,83000,2024-02-23
C00085,Kestrel Logistics LLP,Business,United Kingdom,Construction,BR04,Relationship Manager,Medium,N,295000,2025-07-24
C00086,Priya Brooks,Individual,United Kingdom,Student,BR02,Online,Low,N,55300,2024-08-16
C00087,Jack Ali,Individual,Nigeria,Employee,BR04,Online,Medium,N,18600,2024-03-07
C00088,Grace Khan,Individual,United Kingdom,Senior Public Official,BR01,Online,Medium,Y,152600,2024-06-09
C00089,Pinnacle Construction Ltd,Business,United Kingdom,Retail,BR08,Branch,Low,N,315000,2025-05-01
C00090,Ravi Wright,Individual,Ireland,Retired,BR04,Relationship Manager,Low,N,41800,2025-08-19
C00091,Silverline Capital Ltd,Business,United Kingdom,Hospitality,BR02,Relationship Manager,Medium,N,1860000,2025-11-28
C00092,Tom Patel,Individual,United Kingdom,Employee,BR07,Online,Low,N,39200,2024-06-21
C00093,James Hughes,Individual,United Kingdom,Employee,BR01,Online,Low,N,31100,2025-03-07
C00094,Northgate Holdings Ltd,Business,United States,Professional Services,BR05,Branch,Low,N,1201000,2024-12-01
C00095,Mei Patel,Individual,United Kingdom,Employee,BR04,Branch,Low,N,31100,2025-06-06
C00096,Ethan Murray,Individual,Germany,Retired,BR01,Introducer,Low,N,79500,2025-05-06
C00097,Priya Fraser,Individual,Panama,Retired,BR02,Relationship Manager,Medium,N,21700,2024-02-21
C00098,Thistle Construction Ltd,Business,Germany,Professional Services,BR01,Online,Medium,N,396000,2024-04-19
C00099,Zara Lopez,Individual,United Kingdom,Self-employed,BR07,Branch,Low,N,34300,2025-03-07
C00100,Amir Reid,Individual,United Kingdom,Retired,BR06,Branch,Low,N,54000,2025-01-23
C00101,Ironbridge Consulting Ltd,Business,United Kingdom,Technology,BR01,Online,Medium,N,820000,2025-10-09
C00102,Brightwater Trading Ltd,Business,United Kingdom,Hospitality,BR01,Branch,Medium,N,496000,2025-09-11
C00103,Sofia Patel,Individual,Hong Kong,Employee,BR09,Online,Low,N,47100,2024-02-12
C00104,Daniel Mensah,Individual,Nigeria,Director,BR02,Introducer,Medium,N,59700,2025-03-02
C00105,Sofia Ali,Individual,United Kingdom,Employee,BR02,Online,Low,N,23400,2024-10-24
C00106,Omar Carter,Individual,United Kingdom,Employee,BR06,Relationship Manager,Low,N,50700,2024-12-18
C00107,Grace Rossi,Individual,Pakistan,Student,BR01,Branch,Medium,N,105300,2024-02-17
C00108,Nadia Okafor,Individual,United Kingdom,Employee,BR10,Online,Low,N,14600,2025-09-05
C00109,Amir Doyle,Individual,UAE,Retired,BR01,Relationship Manager,Medium,N,53800,2024-04-30
C00110,Omar Walsh,Individual,United Kingdom,Employee,BR08,Relationship Manager,Low,N,60200,2025-11-23
C00111,Nadia Evans,Individual,France,Student,BR03,Online,Low,N,96400,2025-11-11
C00112,Priya Rossi,Individual,Nigeria,Property Investor,BR01,Online,Medium,N,62000,2025-08-23
C00113,Ethan Khan,Individual,United Kingdom,Property Investor,BR03,Branch,Low,N,42600,2024-03-26
C00114,Silverline Holdings LLP,Business,United Kingdom,Crypto Assets,BR10,Online,Medium,N,186000,2024-10-25
C00115,Crest Logistics Ltd,Business,UAE,Technology,BR04,Branch,High,N,377000,2024-01-18
C00116,Silverline Foods Ltd,Business,United Kingdom,Professional Services,BR01,Branch,Medium,N,1420000,2025-03-23
C00117,Luca Okafor,Individual,United Kingdom,Property Investor,BR10,Online,Low,N,18000,2025-09-23
C00118,James Nowak,Individual,United Kingdom,Director,BR01,Branch,Low,N,98000,2025-01-19
C00119,Redwood Capital Ltd,Business,United Kingdom,Real Estate,BR01,Branch,High,N,481000,2024-01-17
C00120,Sofia Hughes,Individual,Germany,Employee,BR01,Branch,Low,N,23200,2024-08-09
C00121,Aisha Fraser,Individual,United Kingdom,Employee,BR08,Online,Low,N,47200,2024-05-04
C00122,Daniel Lopez,Individual,United Kingdom,Self-employed,BR01,Relationship Manager,Low,N,80500,2024-11-14
C00123,Hannah Shah,Individual,United States,Student,BR01,Introducer,Low,N,72800,2024-09-28
C00124,Kestrel Tech Ltd,Business,United Kingdom,Hospitality,BR10,Branch,Low,N,572000,2025-08-29
C00125,Grace Rossi,Individual,United Kingdom,Employee,BR05,Branch,Low,N,6100,2024-06-10
C00126,Bluefield Logistics Ltd,Business,Germany,Real Estate,BR02,Relationship Manager,High,N,223000,2024-08-07
C00127,Zara Rossi,Individual,Pakistan,Employee,BR05,Branch,Medium,N,23600,2024-06-22
C00128,Daniel Rossi,Individual,United Kingdom,Property Investor,BR02,Online,Low,N,58300,2025-10-12
C00129,Omar Wright,Individual,UAE,Employee,BR04,Branch,Medium,N,71000,2024-08-03
C00130,Hannah Khan,Individual,United Kingdom,Employee,BR03,Online,Low,N,78300,2025-12-25
C00131,Maria Nowak,Individual,United Kingdom,Employee,BR05,Branch,Low,N,114300,2025-05-02
C00132,Mei Ali,Individual,Cyprus,Retired,BR07,Online,Medium,N,84300,2024-08-12
C00133,Kestrel Foods Ltd,Business,Pakistan,Technology,BR03,Online,High,N,2496000,2025-03-10
C00134,Jack Evans,Individual,United Kingdom,Employee,BR01,Branch,Low,N,91800,2024-03-30
C00135,Meridian Trading Ltd,Business,United Kingdom,Professional Services,BR03,Online,Low,N,418000,2025-10-22
C00136,Larkspur Logistics Ltd,Business,United Kingdom,Hospitality,BR07,Online,Low,N,456000,2025-11-30
C00137,Omar Khan,Individual,United Kingdom,Employee,BR07,Introducer,Low,N,18500,2024-08-02
C00138,Summit Motors Ltd,Business,United States,Import/Export,BR07,Online,High,N,306000,2024-05-05
C00139,James Carter,Individual,Nigeria,Employee,BR10,Branch,Medium,N,41700,2024-11-09
C00140,Olivia Okafor,Individual,United Kingdom,Employee,BR08,Online,Low,N,83900,2025-07-17
C00141,Meridian Consulting Ltd,Business,United Kingdom,Construction,BR10,Branch,Low,N,1217000,2025-04-03
C00142,Northgate Property Ltd,Business,United Kingdom,Hospitality,BR05,Relationship Manager,Medium,N,423000,2024-01-29
C00143,Daniel Patel,Individual,United Kingdom,Employee,BR02,Relationship Manager,Low,N,9300,2024-01-07
C00144,Chen Evans,Individual,India,Employee,BR05,Branch,Low,N,31400,2024-06-21
C00145,Priya Walsh,Individual,United Kingdom,Employee,BR02,Online,Low,N,37800,2025-07-05
C00146,Ironbridge Foods Ltd,Business,United Kingdom,Retail,BR01,Online,Low,N,2181000,2024-07-09
C00147,Daniel Nowak,Individual,Ireland,Employee,BR02,Branch,Low,N,76400,2025-10-15
C00148,Jack Walsh,Individual,Russia,Property Investor,BR03,Online,Medium,N,20800,2024-08-05
C00149,Daniel Brooks,Individual,United Kingdom,Employee,BR06,Online,Low,N,59600,2025-10-14
C00150,Priya Wright,Individual,United Kingdom,Employee,BR03,Online,Low,N,83800,2025-11-03
C00151,Nadia Fraser,Individual,United Kingdom,Employee,BR01,Online,Low,N,164000,2025-06-16
C00152,Kestrel Tech LLP,Business,United Kingdom,Import/Export,BR09,Online,High,N,402000,2024-05-08
C00153,Omar Okafor,Individual,United Kingdom,Director,BR05,Online,Low,N,30500,2024-02-22
C00154,Maria Singh,Individual,United Kingdom,Retired,BR02,Online,Low,N,18700,2024-05-06
C00155,Luca Nowak,Individual,United Kingdom,Self-employed,BR02,Online,Low,N,120300,2025-04-07
C00156,Summit Capital Ltd,Business,United Kingdom,Technology,BR01,Online,Low,N,228000,2025-05-20
C00157,Brightwater Imports LLP,Business,UAE,Hospitality,BR09,Online,High,N,757000,2025-12-21
C00158,James Carter,Individual,United Kingdom,Retired,BR02,Branch,Low,N,15200,2025-11-27
C00159,Sofia Nowak,Individual,Ireland,Retired,BR10,Online,Low,N,23000,2024-08-13
C00160,Olivia Okafor,Individual,Ireland,Employee,BR02,Online,Low,N,58600,2024-10-11
C00161,Priya Mensah,Individual,UAE,Employee,BR07,Online,Medium,N,49600,2025-07-18
C00162,Brightwater Trading PLC,Business,India,Professional Services,BR01,Branch,Medium,N,1984000,2025-07-19
C00163,Amir Singh,Individual,UAE,Employee,BR04,Online,Medium,N,58700,2024-08-17
C00164,James Patel,Individual,Ireland,Retired,BR03,Branch,Low,N,15700,2024-01-23
C00165,Bluefield Property LLP,Business,United Kingdom,Retail,BR03,Online,Medium,N,3388000,2024-03-11
C00166,Aisha Wright,Individual,United Kingdom,Student,BR10,Online,Low,N,45500,2025-08-25
C00167,Ravi Fraser,Individual,United Kingdom,Property Investor,BR07,Online,Low,N,30400,2024-09-11
C00168,Zara Ali,Individual,United Kingdom,Employee,BR02,Introducer,Low,N,72700,2025-06-12
C00169,Maria Hughes,Individual,United Kingdom,Employee,BR07,Relationship Manager,Low,N,49600,2025-08-08
C00170,Maria Carter,Individual,United Kingdom,Self-employed,BR01,Introducer,Low,N,88900,2025-10-17
C00171,Mei Murray,Individual,United Kingdom,Retired,BR09,Introducer,Low,N,42100,2024-12-25
C00172,Grace Walsh,Individual,United Kingdom,Employee,BR03,Branch,Low,N,43600,2025-04-10
C00173,Maria Reid,Individual,United Kingdom,Employee,BR02,Branch,Low,N,33800,2024-05-22
C00174,Maria Nowak,Individual,India,Self-employed,BR02,Branch,Low,N,47000,2025-11-19
C00175,James Nowak,Individual,United Kingdom,Director,BR01,Branch,Low,N,111200,2025-10-07
C00176,Jack Evans,Individual,Nigeria,Employee,BR09,Relationship Manager,Medium,N,29700,2024-10-11
C00177,Daniel Singh,Individual,United Kingdom,Employee,BR02,Relationship Manager,Low,N,59200,2024-09-25
C00178,Sofia Reid,Individual,UAE,Property Investor,BR01,Online,Medium,N,23700,2025-06-19
C00179,Thistle Logistics PLC,Business,Nigeria,Professional Services,BR08,Relationship Manager,High,N,1944000,2024-10-29
C00180,Oakline Trading Ltd,Business,United Kingdom,Retail,BR02,Online,Low,N,594000,2025-06-14
C00181,Olivia Hughes,Individual,Russia,Self-employed,BR01,Online,Medium,N,50100,2024-03-07
C00182,James Evans,Individual,United Kingdom,Employee,BR06,Branch,Low,N,37600,2024-07-15
C00183,Zara Khan,Individual,United Kingdom,Employee,BR01,Introducer,Low,N,16400,2025-07-24
C00184,Olivia Nowak,Individual,Nigeria,Self-employed,BR08,Online,Medium,N,48200,2025-11-03
C00185,Jack Mensah,Individual,United Kingdom,Self-employed,BR05,Online,Low,N,47100,2024-01-20
C00186,Jack Ali,Individual,United Kingdom,Employee,BR02,Branch,Low,N,23500,2025-07-23
C00187,Luca Doyle,Individual,United Kingdom,Employee,BR04,Relationship Manager,Low,N,17800,2024-02-20
C00188,Ethan Singh,Individual,United Kingdom,Self-employed,BR02,Relationship Manager,Low,N,34500,2025-09-25
C00189,Sofia Evans,Individual,United Kingdom,Self-employed,BR04,Online,Low,N,59400,2024-07-04
C00190,Olivia Okafor,Individual,United Kingdom,Retired,BR05,Introducer,Low,N,51500,2024-09-22
C00191,Ironbridge Retail Ltd,Business,United Kingdom,Import/Export,BR07,Online,Medium,N,369000,2025-06-08
C00192,Olivia Patel,Individual,United Kingdom,Self-employed,BR04,Introducer,Low,N,43600,2025-09-06
C00193,Ironbridge Consulting Ltd,Business,United Kingdom,Technology,BR07,Online,Medium,N,1074000,2024-10-30
C00194,James Walsh,Individual,United Kingdom,Retired,BR01,Online,Low,N,19900,2024-08-18
C00195,Redwood Construction PLC,Business,France,Retail,BR09,Relationship Manager,Medium,N,1972000,2025-12-17
C00196,Harbour Construction LLP,Business,United Kingdom,Crypto Assets,BR02,Relationship Manager,Medium,N,3940000,2025-12-05
C00197,Brightwater Holdings Ltd,Business,United Kingdom,Technology,BR08,Branch,Low,N,1176000,2025-01-18
C00198,Pinnacle Foods Ltd,Business,India,Construction,BR04,Relationship Manager,Medium,N,936000,2024-01-18
C00199,Larkspur Retail LLP,Business,United States,Retail,BR01,Online,Medium,N,1252000,2025-12-09
C00200,Zara Hughes,Individual,United Kingdom,Self-employed,BR03,Branch,Low,N,35100,2025-03-28
C00201,Bluefield Capital LLP,Business,United Kingdom,Hospitality,BR09,Online,Medium,N,628000,2025-02-08
C00202,Sofia Lopez,Individual,Nigeria,Student,BR08,Online,Medium,N,74600,2024-03-23
C00203,James Patel,Individual,Pakistan,Employee,BR07,Online,Medium,N,35900,2025-12-27
C00204,Chen Evans,Individual,United Kingdom,Employee,BR03,Online,Low,N,9800,2025-06-09
C00205,Oakline Holdings Ltd,Business,United Kingdom,Professional Services,BR05,Branch,Medium,N,579000,2024-06-08
C00206,Daniel Ali,Individual,United Kingdom,Senior Public Official,BR02,Branch,High,Y,53200,2024-09-22
C00207,Zara Reid,Individual,United Kingdom,Employee,BR06,Relationship Manager,Low,N,62600,2024-09-08
C00208,Omar Rossi,Individual,United States,Student,BR02,Branch,Low,N,23700,2025-09-28
C00209,Jack Ali,Individual,Germany,Employee,BR08,Online,Low,N,34100,2024-12-13
C00210,Priya Khan,Individual,United Kingdom,Employee,BR06,Online,Low,N,72100,2025-09-29
C00211,Ravi Mensah,Individual,Ireland,Employee,BR03,Branch,Low,N,38700,2025-05-17
C00212,Aisha Okafor,Individual,UAE,Employee,BR06,Branch,Medium,N,16000,2024-09-26
C00213,Priya Nowak,Individual,United Kingdom,Self-employed,BR03,Online,Low,N,84300,2024-10-23
C00214,Nadia Ali,Individual,Nigeria,Self-employed,BR01,Relationship Manager,Medium,N,35300,2025-08-15
C00215,Maria Lopez,Individual,United Kingdom,Employee,BR02,Introducer,Low,N,77200,2024-12-31
C00216,Omar Doyle,Individual,United Kingdom,Employee,BR02,Online,Low,N,17400,2025-05-12
C00217,Amir Brooks,Individual,United Kingdom,Student,BR02,Branch,Low,N,37300,2024-03-30
C00218,Hannah Doyle,Individual,United Kingdom,Student,BR06,Online,Low,N,54500,2024-11-07
C00219,Daniel Murray,Individual,Russia,Employee,BR07,Online,Medium,N,38100,2025-02-25
C00220,Pinnacle Trading LLP,Business,United Kingdom,Import/Export,BR04,Online,High,N,77000,2024-09-07
C00221,Bluefield Retail Ltd,Business,United Kingdom,Retail,BR10,Online,Low,N,625000,2025-09-11
C00222,James Khan,Individual,United Kingdom,Employee,BR09,Online,Low,N,100100,2024-06-02
C00223,Chen Evans,Individual,United Kingdom,Self-employed,BR01,Online,Low,N,46600,2025-09-12
C00224,Sofia Murray,Individual,United Kingdom,Self-employed,BR04,Relationship Manager,Low,N,80800,2024-02-16
C00225,Kestrel Motors Ltd,Business,India,Technology,BR09,Online,Medium,N,4244000,2024-11-08
C00226,Maria Brooks,Individual,United Kingdom,Employee,BR02,Online,Low,N,57400,2025-01-13
C00227,Meridian Holdings PLC,Business,United Kingdom,Real Estate,BR03,Relationship Manager,High,N,918000,2024-07-04
C00228,Hannah Khan,Individual,United Kingdom,Self-employed,BR10,Online,Low,N,53800,2025-01-29
C00229,Priya Khan,Individual,United Kingdom,Employee,BR07,Branch,Low,N,94800,2025-10-20
C00230,Sofia Brooks,Individual,Ireland,Employee,BR08,Branch,Low,N,42200,2024-11-20
C00231,Larkspur Imports Ltd,Business,United Kingdom,Money Services,BR08,Online,Medium,N,1269000,2025-01-29
C00232,Daniel Lopez,Individual,United Kingdom,Employee,BR01,Online,Low,N,16300,2025-11-25
C00233,Daniel Brooks,Individual,France,Employee,BR06,Online,Low,N,15300,2025-11-06
C00234,Meridian Consulting PLC,Business,India,Professional Services,BR08,Branch,Medium,N,139000,2024-01-11
C00235,Aisha Nowak,Individual,UAE,Director,BR02,Branch,Medium,N,24600,2025-06-14
C00236,Aisha Singh,Individual,United Kingdom,Employee,BR01,Online,Low,N,136800,2025-09-13
C00237,James Reid,Individual,United Kingdom,Employee,BR01,Online,Low,N,89500,2025-11-19
C00238,Silverline Trading Ltd,Business,France,Retail,BR07,Online,Low,N,454000,2025-08-08
C00239,Hannah Carter,Individual,United Kingdom,Employee,BR06,Online,Low,N,68200,2024-03-01
C00240,Harbour Foods LLP,Business,Ireland,Professional Services,BR09,Online,Medium,N,1018000,2025-07-08
C00241,Ravi Singh,Individual,United Kingdom,Self-employed,BR02,Online,High,Y,14800,2025-09-09
C00242,Brightwater Trading PLC,Business,India,Retail,BR05,Online,Medium,N,2402000,2025-01-18
C00243,Pinnacle Motors LLP,Business,United Kingdom,Construction,BR01,Online,Medium,N,615000,2024-01-16
C00244,Sofia Walsh,Individual,United Kingdom,Employee,BR09,Branch,Low,N,103900,2024-05-19
C00245,Northgate Consulting Ltd,Business,United Kingdom,Hospitality,BR05,Online,Low,N,906000,2024-07-20
C00246,Larkspur Property Ltd,Business,United Kingdom,Retail,BR07,Branch,Medium,N,329000,2025-09-22
C00247,Brightwater Motors LLP,Business,Germany,Money Services,BR02,Online,Medium,N,313000,2024-04-01
C00248,Chen Brooks,Individual,United Kingdom,Self-employed,BR01,Online,Low,N,53100,2025-06-28
C00249,Nadia Walsh,Individual,United Kingdom,Student,BR01,Online,Low,N,35500,2024-05-10
C00250,Luca Shah,Individual,Pakistan,Employee,BR08,Relationship Manager,Medium,N,94400,2025-08-31
C00251,Jack Ali,Individual,India,Retired,BR01,Online,Low,N,92500,2024-01-09
C00252,Tom Nowak,Individual,United Kingdom,Self-employed,BR08,Branch,Low,N,44100,2024-06-21
C00253,Sofia Reid,Individual,Hong Kong,Employee,BR02,Relationship Manager,Low,N,28000,2024-03-15
C00254,Amir Murray,Individual,United Kingdom,Employee,BR04,Online,Low,N,87900,2025-02-09
C00255,Nadia Hughes,Individual,Nigeria,Student,BR02,Online,Medium,N,11900,2025-07-24
C00256,Mei Wright,Individual,United Kingdom,Employee,BR01,Branch,Low,N,52400,2024-10-31
C00257,Northgate Holdings PLC,Business,United Kingdom,Construction,BR04,Online,Low,N,377000,2025-01-25
C00258,Larkspur Capital Ltd,Business,United Kingdom,Money Services,BR03,Online,Medium,N,4430000,2025-04-12
C00259,Olivia Fraser,Individual,United Kingdom,Employee,BR03,Relationship Manager,Low,N,72000,2024-11-28
C00260,Amir Patel,Individual,United Kingdom,Property Investor,BR05,Online,Low,N,39500,2025-07-04
C00261,Meridian Property PLC,Business,United Kingdom,Professional Services,BR02,Online,Low,N,2590000,2024-07-26
C00262,Hannah Patel,Individual,Ireland,Employee,BR05,Relationship Manager,Low,N,71500,2024-05-06
C00263,Luca Mensah,Individual,United Kingdom,Employee,BR06,Relationship Manager,Low,N,20900,2024-05-16
C00264,Tom Ali,Individual,United Kingdom,Employee,BR01,Branch,Low,N,67600,2024-05-07
C00265,Maria Shah,Individual,Hong Kong,Senior Public Official,BR03,Online,High,Y,12200,2024-01-28
C00266,James Reid,Individual,Ireland,Retired,BR01,Branch,Low,N,47600,2024-02-01
C00267,Larkspur Construction LLP,Business,Cyprus,Technology,BR01,Online,Medium,N,233000,2024-02-08
C00268,Luca Murray,Individual,United Kingdom,Employee,BR01,Relationship Manager,Low,N,29000,2024-04-24
C00269,Sofia Reid,Individual,United Kingdom,Employee,BR05,Relationship Manager,Low,N,50700,2025-04-08
C00270,Silverline Tech Ltd,Business,United Kingdom,Construction,BR01,Relationship Manager,Medium,N,879000,2024-06-24
C00271,Ironbridge Imports Ltd,Business,United Kingdom,Retail,BR08,Online,Medium,N,417000,2025-03-03
C00272,Amir Ali,Individual,United Kingdom,Director,BR07,Branch,Low,N,56200,2024-02-23
C00273,Luca Ali,Individual,Pakistan,Employee,BR01,Branch,Medium,N,52700,2025-08-08
C00274,Olivia Evans,Individual,United Kingdom,Employee,BR05,Branch,Low,N,47800,2024-09-17
C00275,Sofia Wright,Individual,India,Employee,BR01,Online,Low,N,30200,2024-11-18
C00276,Chen Singh,Individual,United Kingdom,Retired,BR01,Online,Low,N,33500,2025-05-08
C00277,Brightwater Trading PLC,Business,United Kingdom,Professional Services,BR10,Online,Medium,N,896000,2025-12-30
C00278,Ravi Patel,Individual,United Kingdom,Student,BR04,Branch,Low,N,36200,2025-08-02
C00279,Olivia Reid,Individual,Russia,Student,BR01,Branch,Medium,N,78200,2024-10-20
C00280,Summit Retail LLP,Business,United Kingdom,Technology,BR08,Branch,Low,N,272000,2024-09-09
C00281,Daniel Rossi,Individual,United Kingdom,Employee,BR09,Relationship Manager,Low,N,50300,2024-09-04
C00282,Brightwater Logistics LLP,Business,United Kingdom,Professional Services,BR04,Online,Low,N,297000,2024-03-02
C00283,Oakline Logistics Ltd,Business,Ireland,Hospitality,BR06,Branch,Low,N,908000,2024-09-03
C00284,Luca Lopez,Individual,Russia,Retired,BR07,Online,Medium,N,28300,2025-07-09
C00285,Olivia Reid,Individual,United States,Property Investor,BR07,Branch,Low,N,21500,2024-07-20
C00286,Pinnacle Tech Ltd,Business,France,Real Estate,BR04,Online,Medium,N,326000,2024-10-12
C00287,Redwood Construction PLC,Business,Panama,Professional Services,BR08,Relationship Manager,Medium,N,1711000,2024-02-20
C00288,Kestrel Holdings LLP,Business,India,Professional Services,BR04,Online,Medium,N,2370000,2024-07-02
C00289,Jack Walsh,Individual,United Kingdom,Self-employed,BR02,Branch,Low,N,52700,2024-02-20
C00290,Redwood Holdings PLC,Business,United Kingdom,Professional Services,BR01,Branch,Medium,N,699000,2024-12-10
C00291,Olivia Okafor,Individual,United Kingdom,Self-employed,BR03,Branch,Low,N,33900,2024-08-05
C00292,Zara Walsh,Individual,United Kingdom,Retired,BR01,Relationship Manager,Low,N,64100,2025-12-09
C00293,Daniel Singh,Individual,United Kingdom,Employee,BR01,Online,Low,N,79200,2025-03-07
C00294,Daniel Singh,Individual,United Kingdom,Employee,BR04,Online,Low,N,38500,2024-09-29
C00295,James Brooks,Individual,Hong Kong,Employee,BR10,Online,Low,N,139200,2025-01-27
C00296,Zara Khan,Individual,Panama,Employee,BR01,Branch,Medium,N,35700,2025-12-02
C00297,Crest Construction Ltd,Business,United Kingdom,Precious Metals,BR02,Online,Medium,N,719000,2024-05-11
C00298,James Carter,Individual,France,Employee,BR08,Online,Low,N,14300,2024-07-04
C00299,Hannah Murray,Individual,United Kingdom,Employee,BR03,Relationship Manager,Low,N,14600,2025-02-02
C00300,Amir Reid,Individual,United Kingdom,Employee,BR07,Online,Low,N,31300,2024-03-18
C00301,Amir Khan,Individual,United Kingdom,Employee,BR04,Branch,Low,N,34900,2025-01-14
C00302,Northgate Tech PLC,Business,United Kingdom,Money Services,BR05,Relationship Manager,Medium,N,1742000,2024-04-24
C00303,Ironbridge Consulting Ltd,Business,United Kingdom,Money Services,BR01,Branch,Medium,N,1000000,2025-09-23
C00304,Jack Mensah,Individual,United Kingdom,Employee,BR03,Branch,Low,N,66600,2025-07-19
C00305,Northgate Tech Ltd,Business,United Kingdom,Real Estate,BR05,Branch,Medium,N,3759000,2024-02-05
C00306,Kestrel Imports Ltd,Business,United Kingdom,Professional Services,BR01,Branch,Medium,N,226000,2025-01-27
C00307,James Carter,Individual,United States,Employee,BR02,Branch,Low,N,28400,2024-06-02
C00308,Harbour Capital PLC,Business,United Kingdom,Retail,BR03,Relationship Manager,Medium,N,89000,2025-03-01
C00309,Grace Rossi,Individual,United Kingdom,Director,BR06,Online,Low,N,16000,2025-02-02
C00310,Thistle Holdings Ltd,Business,United Kingdom,Retail,BR04,Online,Low,N,1395000,2025-12-08
C00311,James Carter,Individual,United Kingdom,Employee,BR06,Branch,Low,N,36000,2024-05-09
C00312,Olivia Doyle,Individual,United Kingdom,Employee,BR07,Branch,Low,N,64200,2025-01-04
C00313,Sofia Evans,Individual,United Kingdom,Retired,BR01,Branch,Low,N,39600,2025-12-06
C00314,Silverline Construction Ltd,Business,Ireland,Professional Services,BR09,Branch,Medium,N,424000,2024-03-26
C00315,James Murray,Individual,United Kingdom,Director,BR08,Online,Low,N,34200,2024-07-04
C00316,Sofia Fraser,Individual,Germany,Employee,BR02,Branch,Low,N,92600,2025-06-09
C00317,Grace Patel,Individual,United Kingdom,Retired,BR04,Branch,Low,N,40200,2024-03-20
C00318,Ironbridge Trading PLC,Business,United Kingdom,Money Services,BR02,Online,High,N,799000,2024-05-31
C00319,Aisha Khan,Individual,United Kingdom,Employee,BR09,Introducer,Low,N,47300,2025-11-30
C00320,Silverline Consulting PLC,Business,United Kingdom,Professional Services,BR03,Branch,Medium,N,1054000,2025-03-01
C00321,Mei Mensah,Individual,United Kingdom,Employee,BR03,Online,Low,N,36800,2024-02-11
C00322,Tom Ali,Individual,United Kingdom,Retired,BR09,Online,Low,N,56300,2025-09-16
C00323,Tom Doyle,Individual,United Kingdom,Retired,BR05,Online,Low,N,28200,2025-01-17
C00324,Zara Evans,Individual,Germany,Employee,BR01,Online,Low,N,43800,2024-12-14
C00325,Tom Murray,Individual,United Kingdom,Employee,BR05,Online,Low,N,40300,2025-12-26
C00326,Kestrel Tech LLP,Business,United Kingdom,Professional Services,BR07,Relationship Manager,Medium,N,468000,2024-08-17
C00327,Omar Mensah,Individual,Ireland,Employee,BR03,Branch,Low,N,49500,2024-10-03
C00328,Redwood Retail Ltd,Business,United Kingdom,Money Services,BR04,Online,Medium,N,318000,2025-02-24
C00329,Jack Rossi,Individual,Nigeria,Employee,BR05,Online,Medium,N,42500,2024-06-25
C00330,Kestrel Consulting LLP,Business,Cyprus,Professional Services,BR04,Relationship Manager,High,N,290000,2024-04-02
C00331,Oakline Tech Ltd,Business,Hong Kong,Technology,BR10,Online,Medium,N,7417000,2024-04-10
C00332,Larkspur Retail LLP,Business,United Kingdom,Import/Export,BR04,Introducer,High,N,6008000,2024-08-12
C00333,Luca Lopez,Individual,United Kingdom,Student,BR06,Online,Low,N,41400,2024-02-28
C00334,Harbour Tech Ltd,Business,United Kingdom,Retail,BR07,Online,Medium,N,1004000,2025-01-03
C00335,Nadia Khan,Individual,Ireland,Director,BR01,Relationship Manager,Low,N,26000,2025-12-27
C00336,Ravi Doyle,Individual,Ireland,Self-employed,BR01,Online,Low,N,93000,2024-07-04
C00337,Chen Wright,Individual,United Kingdom,Employee,BR10,Online,Low,N,26300,2024-01-30
C00338,Maria Rossi,Individual,United Kingdom,Employee,BR07,Relationship Manager,Low,N,52800,2024-01-29
C00339,Kestrel Capital Ltd,Business,United Kingdom,Technology,BR03,Branch,Low,N,131000,2024-05-01
C00340,Mei Reid,Individual,United Kingdom,Employee,BR01,Introducer,Low,N,52600,2025-03-03
C00341,Silverline Imports Ltd,Business,United Kingdom,Technology,BR01,Relationship Manager,Low,N,572000,2024-12-10
C00342,Amir Brooks,Individual,United States,Self-employed,BR01,Online,Low,N,25000,2024-10-20
C00343,Larkspur Holdings PLC,Business,United Kingdom,Import/Export,BR03,Branch,High,N,553000,2025-07-05
C00344,Ravi Doyle,Individual,United Kingdom,Self-employed,BR05,Branch,Low,N,101200,2024-10-12
C00345,Daniel Murray,Individual,Cyprus,Director,BR01,Branch,Medium,N,53100,2025-03-26
C00346,Redwood Retail Ltd,Business,United Kingdom,Professional Services,BR05,Branch,Medium,N,1018000,2025-12-29
C00347,Redwood Capital LLP,Business,United Kingdom,Professional Services,BR10,Online,Medium,N,2412000,2024-05-03
C00348,Aisha Carter,Individual,France,Student,BR10,Relationship Manager,Low,N,23500,2024-03-22
C00349,Ethan Wright,Individual,United Kingdom,Employee,BR08,Online,Low,N,62700,2024-06-08
C00350,Mei Fraser,Individual,United Kingdom,Self-employed,BR04,Online,Low,N,55900,2024-04-22
C00351,James Brooks,Individual,Nigeria,Student,BR04,Introducer,Medium,N,58100,2025-08-29
C00352,Ironbridge Property LLP,Business,India,Real Estate,BR04,Relationship Manager,High,N,4895000,2025-10-02
C00353,Larkspur Imports PLC,Business,Nigeria,Import/Export,BR01,Online,High,N,786000,2025-02-13
C00354,Maria Rossi,Individual,Panama,Employee,BR08,Online,Medium,N,57900,2024-04-05
C00355,Luca Walsh,Individual,United Kingdom,Retired,BR06,Online,Low,N,85500,2025-09-14
C00356,Ethan Fraser,Individual,India,Employee,BR05,Online,Low,N,27300,2025-11-01
C00357,Bluefield Capital Ltd,Business,United Kingdom,Money Services,BR02,Branch,High,N,861000,2024-10-25
C00358,Mei Singh,Individual,Germany,Senior Public Official,BR01,Online,Medium,Y,33800,2025-05-06
C00359,Pinnacle Retail PLC,Business,India,Professional Services,BR08,Online,Low,N,838000,2025-03-20
C00360,Jack Wright,Individual,India,Employee,BR01,Online,Low,N,17200,2025-01-21
C00361,Omar Okafor,Individual,Pakistan,Employee,BR01,Relationship Manager,Medium,N,55900,2024-09-15
C00362,Olivia Ali,Individual,United Kingdom,Self-employed,BR05,Relationship Manager,Low,N,17200,2024-07-22
C00363,Larkspur Construction LLP,Business,Ireland,Hospitality,BR06,Online,Medium,N,793000,2024-07-20
C00364,Luca Wright,Individual,United Kingdom,Employee,BR01,Branch,Low,N,54600,2024-09-19
C00365,Hannah Mensah,Individual,United Kingdom,Senior Public Official,BR02,Branch,High,Y,126500,2025-07-09
C00366,Amir Brooks,Individual,India,Employee,BR07,Online,Low,N,60000,2025-08-26
C00367,Aisha Doyle,Individual,Nigeria,Employee,BR09,Relationship Manager,Medium,N,33400,2024-03-23
C00368,Silverline Capital LLP,Business,United Kingdom,Real Estate,BR04,Online,Medium,N,4359000,2024-02-12
C00369,Nadia Nowak,Individual,United Kingdom,Employee,BR07,Branch,Low,N,46300,2024-12-15
C00370,Jack Okafor,Individual,United Kingdom,Employee,BR02,Branch,Low,N,39400,2025-07-15
C00371,Aisha Mensah,Individual,United Kingdom,Property Investor,BR06,Branch,Low,N,81800,2025-02-14
C00372,Mei Evans,Individual,United Kingdom,Self-employed,BR05,Online,Low,N,23000,2025-08-28
C00373,Maria Carter,Individual,United States,Employee,BR08,Online,Low,N,134900,2025-06-05
C00374,Mei Carter,Individual,United Kingdom,Retired,BR07,Branch,Low,N,86200,2025-05-31
C00375,James Evans,Individual,Russia,Employee,BR02,Online,Medium,N,35500,2025-01-28
C00376,James Okafor,Individual,United Kingdom,Employee,BR01,Relationship Manager,Low,N,118000,2024-02-09
C00377,Ethan Fraser,Individual,India,Self-employed,BR08,Online,Low,N,25100,2024-05-11
C00378,Sofia Doyle,Individual,United Kingdom,Employee,BR01,Branch,Low,N,45400,2025-06-26
C00379,Ethan Hughes,Individual,France,Employee,BR06,Online,Low,N,18700,2024-08-13
C00380,Ravi Brooks,Individual,Ireland,Retired,BR04,Relationship Manager,Low,N,121500,2025-06-12
C00381,Omar Okafor,Individual,France,Employee,BR01,Branch,Low,N,14900,2024-09-05
C00382,Chen Khan,Individual,United States,Employee,BR06,Branch,Low,N,16900,2024-01-10
C00383,Daniel Reid,Individual,United Kingdom,Employee,BR04,Online,Low,N,27400,2025-05-09
C00384,Ravi Ali,Individual,United Kingdom,Student,BR08,Online,Low,N,88700,2025-10-14
C00385,Luca Reid,Individual,United Kingdom,Student,BR02,Relationship Manager,Low,N,71200,2024-11-22
C00386,Tom Hughes,Individual,France,Director,BR01,Online,Low,N,43200,2024-04-06
C00387,Amir Khan,Individual,United Kingdom,Employee,BR01,Branch,Low,N,74000,2024-10-30
C00388,Nadia Evans,Individual,United Kingdom,Retired,BR02,Relationship Manager,Low,N,37400,2025-12-03
C00389,Tom Evans,Individual,United Kingdom,Self-employed,BR06,Online,Low,N,51700,2024-08-20
C00390,Mei Walsh,Individual,United Kingdom,Employee,BR03,Online,Low,N,108100,2024-02-21
C00391,Harbour Logistics Ltd,Business,India,Retail,BR01,Branch,Low,N,1016000,2025-07-15
C00392,Hannah Evans,Individual,India,Retired,BR10,Online,Low,N,25300,2024-06-23
C00393,Hannah Wright,Individual,France,Employee,BR01,Relationship Manager,Low,N,53200,2024-01-28
C00394,Zara Rossi,Individual,France,Self-employed,BR03,Branch,Low,N,62600,2025-05-19
C00395,Oakline Logistics LLP,Business,United States,Real Estate,BR08,Online,Medium,N,564000,2024-09-04
C00396,Sofia Rossi,Individual,United Kingdom,Employee,BR06,Introducer,Low,N,73300,2024-04-10
C00397,James Doyle,Individual,Hong Kong,Property Investor,BR02,Online,Low,N,35600,2024-02-09
C00398,Jack Evans,Individual,United Kingdom,Retired,BR10,Branch,Low,N,43300,2024-05-15
C00399,Luca Shah,Individual,Ireland,Employee,BR04,Branch,Low,N,50200,2024-04-19
C00400,Luca Wright,Individual,France,Self-employed,BR01,Online,Low,N,47700,2024-01-09
C00401,Redwood Motors LLP,Business,United Kingdom,Hospitality,BR01,Online,Medium,N,191000,2024-09-27
C00402,Meridian Imports LLP,Business,United Kingdom,Import/Export,BR10,Branch,High,N,205000,2025-08-27
C00403,Bluefield Retail Ltd,Business,United Kingdom,Retail,BR02,Branch,Medium,N,1268000,2024-10-16
C00404,Priya Rossi,Individual,United Kingdom,Employee,BR08,Online,Low,N,55100,2024-01-28
C00405,Mei Khan,Individual,United States,Employee,BR01,Online,Low,N,73500,2025-10-06
C00406,Larkspur Construction Ltd,Business,United Kingdom,Hospitality,BR01,Branch,Low,N,8719000,2025-04-07
C00407,James Evans,Individual,United Kingdom,Employee,BR08,Online,Low,N,61800,2025-12-05
C00408,Kestrel Retail Ltd,Business,United Kingdom,Professional Services,BR10,Online,Medium,N,1255000,2025-03-01
C00409,Daniel Okafor,Individual,United Kingdom,Property Investor,BR01,Branch,Low,N,9000,2024-12-14
C00410,Grace Walsh,Individual,United Kingdom,Employee,BR01,Branch,Low,N,86300,2025-01-08
C00411,Amir Hughes,Individual,United Kingdom,Employee,BR07,Relationship Manager,Low,N,52200,2024-01-05
C00412,Summit Retail LLP,Business,United Kingdom,Construction,BR04,Relationship Manager,Medium,N,450000,2024-10-01
C00413,Sofia Khan,Individual,United Kingdom,Self-employed,BR03,Online,Low,N,60900,2024-11-19
C00414,Zara Murray,Individual,United Kingdom,Employee,BR02,Relationship Manager,Low,N,127600,2024-08-06
C00415,Amir Mensah,Individual,United Kingdom,Employee,BR10,Online,Low,N,93700,2025-09-03
C00416,Tom Rossi,Individual,India,Student,BR01,Introducer,Low,N,71500,2025-11-30
C00417,Ravi Fraser,Individual,United Kingdom,Employee,BR02,Introducer,Low,N,23600,2024-12-15
C00418,Harbour Trading Ltd,Business,United Kingdom,Charity,BR03,Online,Medium,N,270000,2025-07-28
C00419,Grace Wright,Individual,Hong Kong,Employee,BR01,Online,Low,N,9600,2024-06-12
C00420,Ironbridge Imports LLP,Business,United Kingdom,Money Services,BR04,Branch,High,N,1025000,2025-11-05
C00421,Kestrel Tech Ltd,Business,United Kingdom,Retail,BR03,Online,Low,N,252000,2025-05-29
C00422,Jack Reid,Individual,UAE,Student,BR05,Online,Medium,N,82000,2025-06-20
C00423,Omar Walsh,Individual,United Kingdom,Retired,BR03,Online,Low,N,60200,2025-03-10
C00424,Aisha Nowak,Individual,Nigeria,Employee,BR01,Branch,Medium,N,36600,2025-08-29
C00425,Maria Fraser,Individual,France,Employee,BR08,Relationship Manager,Low,N,28600,2025-01-25
C00426,Grace Murray,Individual,Hong Kong,Employee,BR04,Introducer,Low,N,24500,2025-12-05
C00427,Summit Property Ltd,Business,Hong Kong,Retail,BR03,Branch,Medium,N,4079000,2025-04-29
C00428,Northgate Consulting Ltd,Business,United Kingdom,Charity,BR01,Online,Medium,N,558000,2024-11-27
C00429,Larkspur Property Ltd,Business,India,Real Estate,BR05,Relationship Manager,Medium,N,793000,2024-06-01
C00430,Sofia Carter,Individual,United Kingdom,Self-employed,BR07,Online,Low,N,18400,2025-10-24
C00431,Maria Walsh,Individual,Ireland,Property Investor,BR06,Introducer,Low,N,35700,2024-02-11
C00432,Kestrel Retail PLC,Business,United Kingdom,Technology,BR07,Online,Medium,N,258000,2024-02-01
C00433,Hannah Khan,Individual,United Kingdom,Retired,BR01,Branch,Low,N,48000,2024-01-23
C00434,Mei Hughes,Individual,United Kingdom,Employee,BR10,Online,Low,N,40100,2024-03-19
C00435,Tom Lopez,Individual,United Kingdom,Employee,BR02,Online,Low,N,32400,2024-06-29
C00436,Sofia Rossi,Individual,United Kingdom,Employee,BR02,Branch,Low,N,22900,2024-12-24
C00437,Amir Carter,Individual,United Kingdom,Employee,BR04,Relationship Manager,Low,N,40200,2024-07-21
C00438,Luca Walsh,Individual,United States,Employee,BR01,Online,Low,N,28900,2024-11-27
C00439,Chen Singh,Individual,United Kingdom,Employee,BR04,Online,Low,N,37000,2024-11-23
C00440,Thistle Construction Ltd,Business,Nigeria,Construction,BR02,Online,High,N,1176000,2024-11-16
C00441,Silverline Logistics Ltd,Business,UAE,Hospitality,BR07,Online,High,N,1643000,2024-02-13
C00442,Chen Wright,Individual,India,Employee,BR07,Online,Low,N,55300,2025-01-27
C00443,Harbour Consulting Ltd,Business,United Kingdom,Professional Services,BR05,Online,Medium,N,624000,2024-08-07
C00444,Oakline Imports Ltd,Business,Pakistan,Construction,BR03,Online,High,N,459000,2025-01-28
C00445,Daniel Ali,Individual,India,Employee,BR02,Relationship Manager,Low,N,39600,2024-02-14
C00446,Ethan Carter,Individual,India,Student,BR08,Relationship Manager,Low,N,180300,2025-09-28
C00447,Hannah Shah,Individual,United States,Student,BR04,Online,Low,N,33800,2025-06-11
C00448,Ethan Brooks,Individual,United Kingdom,Employee,BR04,Online,Low,N,49900,2024-09-09
C00449,Meridian Property Ltd,Business,United Kingdom,Retail,BR01,Introducer,Medium,N,2233000,2024-09-19
C00450,Aisha Okafor,Individual,United States,Employee,BR02,Branch,Low,N,7700,2024-08-19
C00451,Omar Khan,Individual,United Kingdom,Employee,BR03,Branch,Low,N,25000,2025-12-25
C00452,Sofia Walsh,Individual,Nigeria,Employee,BR06,Branch,Medium,N,167400,2025-05-28
C00453,Luca Wright,Individual,United Kingdom,Property Investor,BR08,Online,Low,N,57400,2024-12-02
C00454,Crest Consulting PLC,Business,United Kingdom,Professional Services,BR10,Online,Medium,N,207000,2025-04-19
C00455,Maria Nowak,Individual,United Kingdom,Employee,BR03,Online,Low,N,32600,2024-02-17
C00456,Omar Singh,Individual,United Kingdom,Student,BR04,Online,Low,N,9800,2025-08-29
C00457,Nadia Khan,Individual,Russia,Employee,BR07,Branch,Medium,N,20600,2025-03-11
C00458,Zara Doyle,Individual,United Kingdom,Employee,BR03,Online,Low,N,50900,2024-08-14
C00459,Hannah Hughes,Individual,France,Employee,BR04,Branch,Low,N,46300,2025-05-21
C00460,Nadia Shah,Individual,United Kingdom,Director,BR06,Online,Low,N,39900,2024-01-05
C00461,Ethan Nowak,Individual,Hong Kong,Employee,BR02,Branch,Low,N,29200,2024-12-24
C00462,Priya Hughes,Individual,United Kingdom,Self-employed,BR02,Branch,Low,N,70500,2025-11-21
C00463,Bluefield Construction Ltd,Business,United Kingdom,Import/Export,BR03,Branch,High,N,946000,2025-07-09
C00464,Luca Brooks,Individual,United Kingdom,Employee,BR05,Online,Low,N,48300,2024-02-02
C00465,Grace Singh,Individual,United Kingdom,Student,BR02,Branch,Low,N,45100,2025-03-07
C00466,Maria Brooks,Individual,Panama,Employee,BR02,Online,Medium,N,32200,2025-05-12
C00467,Summit Trading LLP,Business,Russia,Construction,BR01,Relationship Manager,Medium,N,174000,2025-01-19
C00468,Omar Patel,Individual,United Kingdom,Employee,BR08,Online,Low,N,31100,2024-08-23
C00469,Chen Rossi,Individual,United Kingdom,Property Investor,BR09,Branch,Low,N,123500,2025-05-11
C00470,Omar Ali,Individual,United Kingdom,Employee,BR09,Online,Low,N,78200,2024-11-05
C00471,Luca Wright,Individual,United Kingdom,Employee,BR08,Branch,Low,N,74000,2025-11-24
C00472,Summit Tech Ltd,Business,United Kingdom,Crypto Assets,BR01,Relationship Manager,Medium,N,158000,2025-09-04
C00473,Amir Mensah,Individual,United Kingdom,Employee,BR01,Relationship Manager,Low,N,16900,2025-10-26
C00474,Brightwater Holdings LLP,Business,United Kingdom,Technology,BR04,Online,Low,N,962000,2024-11-02
C00475,Northgate Tech PLC,Business,United States,Money Services,BR04,Branch,Medium,N,1086000,2025-05-10
C00476,Sofia Murray,Individual,United Kingdom,Self-employed,BR07,Online,Low,N,43600,2024-04-15
C00477,Crest Foods Ltd,Business,United Kingdom,Import/Export,BR02,Online,Medium,N,241000,2025-07-04
C00478,Chen Singh,Individual,United Kingdom,Student,BR09,Branch,Low,N,16700,2025-07-05
C00479,Larkspur Construction Ltd,Business,United Kingdom,Retail,BR02,Relationship Manager,Low,N,1211000,2025-07-20
C00480,Jack Hughes,Individual,United Kingdom,Property Investor,BR05,Online,Low,N,81800,2024-01-15
C00481,Jack Khan,Individual,Ireland,Director,BR08,Relationship Manager,High,Y,26700,2024-11-29
C00482,Luca Hughes,Individual,United Kingdom,Senior Public Official,BR04,Relationship Manager,Medium,Y,25400,2024-07-19
C00483,Grace Khan,Individual,India,Self-employed,BR07,Branch,Low,N,84500,2025-10-30
C00484,Hannah Patel,Individual,Pakistan,Employee,BR07,Branch,Medium,N,27300,2025-01-28
C00485,Silverline Logistics Ltd,Business,United States,Real Estate,BR07,Online,High,N,1863000,2025-03-22
C00486,Tom Lopez,Individual,Germany,Employee,BR08,Relationship Manager,Medium,Y,37600,2024-11-16
C00487,Hannah Ali,Individual,United Kingdom,Employee,BR03,Branch,Low,N,31800,2024-03-24
C00488,Olivia Hughes,Individual,United Kingdom,Self-employed,BR03,Online,Low,N,41200,2025-03-29
C00489,Chen Shah,Individual,United Kingdom,Self-employed,BR08,Online,Low,N,31800,2025-03-22
C00490,Jack Evans,Individual,Hong Kong,Employee,BR05,Branch,Low,N,78900,2024-10-05
C00491,Pinnacle Holdings PLC,Business,Hong Kong,Hospitality,BR05,Branch,Medium,N,1191000,2025-04-05
C00492,Aisha Hughes,Individual,United Kingdom,Self-employed,BR03,Relationship Manager,Low,N,77100,2024-10-12
C00493,Sofia Singh,Individual,United Kingdom,Employee,BR02,Online,Low,N,44800,2025-04-27
C00494,Daniel Hughes,Individual,United Kingdom,Property Investor,BR04,Online,Low,N,30500,2024-09-11
C00495,Daniel Nowak,Individual,United Kingdom,Student,BR10,Branch,Low,N,39900,2025-07-19
C00496,Mei Murray,Individual,Russia,Employee,BR02,Online,Medium,N,31100,2025-10-10
C00497,Bluefield Motors Ltd,Business,United Kingdom,Retail,BR02,Online,Medium,N,270000,2024-12-20
C00498,Aisha Mensah,Individual,United Kingdom,Self-employed,BR01,Online,Low,N,73200,2024-01-13
C00499,Brightwater Tech Ltd,Business,United Kingdom,Hospitality,BR04,Introducer,Low,N,978000,2025-05-13
C00500,James Khan,Individual,United Kingdom,Retired,BR02,Branch,Low,N,23000,2025-11-17
C00501,Jack Doyle,Individual,United Kingdom,Employee,BR06,Online,Low,N,101200,2025-06-02
C00502,Ironbridge Retail Ltd,Business,UAE,Retail,BR01,Relationship Manager,Medium,N,919000,2024-09-18
C00503,Summit Capital LLP,Business,United Kingdom,Construction,BR02,Branch,Medium,N,592000,2025-02-16
C00504,Summit Consulting Ltd,Business,United Kingdom,Import/Export,BR01,Introducer,Medium,N,844000,2024-09-23
C00505,Northgate Trading PLC,Business,United Kingdom,Charity,BR01,Online,Low,N,3519000,2025-07-19
C00506,Northgate Holdings Ltd,Business,United Kingdom,Technology,BR08,Branch,Low,N,193000,2025-06-14
C00507,Redwood Tech LLP,Business,United Kingdom,Hospitality,BR09,Branch,Low,N,1138000,2025-04-01
C00508,Olivia Okafor,Individual,United Kingdom,Retired,BR07,Online,Low,N,18200,2024-10-10
C00509,Ironbridge Logistics LLP,Business,United Kingdom,Retail,BR08,Relationship Manager,Medium,N,363000,2024-05-06
C00510,Daniel Murray,Individual,United Kingdom,Self-employed,BR01,Introducer,Low,N,25400,2025-03-26
C00511,Mei Wright,Individual,Nigeria,Director,BR09,Online,Medium,N,28500,2024-09-03
C00512,Ethan Murray,Individual,France,Employee,BR04,Branch,Low,N,26300,2025-10-22
C00513,Oakline Tech Ltd,Business,Cyprus,Charity,BR07,Online,High,N,748000,2024-02-16
C00514,Crest Imports PLC,Business,United Kingdom,Professional Services,BR05,Online,Medium,N,520000,2025-09-10
C00515,Olivia Doyle,Individual,France,Employee,BR03,Branch,Low,N,46600,2025-07-23
C00516,Kestrel Holdings PLC,Business,Germany,Real Estate,BR02,Branch,Medium,N,108000,2025-01-11
C00517,Thistle Property Ltd,Business,United Kingdom,Technology,BR01,Online,High,Y,4117000,2025-12-27
C00518,Sofia Brooks,Individual,United Kingdom,Employee,BR03,Online,Low,N,164800,2025-06-07
C00519,James Evans,Individual,United Kingdom,Retired,BR04,Online,Low,N,36600,2024-01-31
C00520,James Carter,Individual,Nigeria,Employee,BR10,Online,Medium,N,57700,2024-10-13
C00521,Redwood Tech Ltd,Business,United Kingdom,Import/Export,BR01,Branch,Medium,N,1660000,2025-09-06
C00522,Olivia Hughes,Individual,United Kingdom,Self-employed,BR05,Branch,Low,N,38600,2025-07-21
C00523,Redwood Motors Ltd,Business,Panama,Professional Services,BR04,Online,Medium,N,184000,2024-04-27
C00524,Nadia Ali,Individual,United Kingdom,Student,BR01,Online,Low,N,40600,2024-05-04
C00525,Northgate Trading Ltd,Business,Hong Kong,Import/Export,BR03,Branch,Medium,N,1107000,2025-11-06
C00526,Nadia Khan,Individual,Nigeria,Employee,BR03,Relationship Manager,Medium,N,28200,2024-02-03
C00527,Crest Tech Ltd,Business,UAE,Professional Services,BR04,Online,Medium,N,2084000,2025-11-25
C00528,Tom Reid,Individual,Nigeria,Employee,BR02,Branch,Medium,N,40500,2025-01-30
C00529,Ravi Fraser,Individual,United Kingdom,Property Investor,BR01,Branch,Low,N,12300,2025-08-13
C00530,Pinnacle Holdings PLC,Business,Ireland,Money Services,BR02,Introducer,High,N,1606000,2024-06-06
C00531,Thistle Capital LLP,Business,India,Technology,BR08,Online,Low,N,1523000,2024-09-08
C00532,Ironbridge Retail Ltd,Business,India,Precious Metals,BR08,Branch,Medium,N,398000,2025-06-16
C00533,Hannah Mensah,Individual,United Kingdom,Retired,BR02,Online,Low,N,59800,2024-04-28
C00534,Aisha Fraser,Individual,United Kingdom,Employee,BR06,Branch,Low,N,76800,2024-03-15
C00535,Tom Mensah,Individual,United Kingdom,Employee,BR09,Relationship Manager,Low,N,18100,2025-03-21
C00536,Omar Shah,Individual,United Kingdom,Self-employed,BR01,Relationship Manager,Low,N,70100,2024-01-07
C00537,Zara Evans,Individual,United Kingdom,Employee,BR01,Relationship Manager,Low,N,31100,2025-11-17
C00538,Harbour Imports LLP,Business,UAE,Professional Services,BR01,Online,Medium,N,469000,2025-05-08
C00539,Silverline Tech Ltd,Business,India,Money Services,BR01,Online,High,N,366000,2025-06-05
C00540,Harbour Property PLC,Business,Germany,Technology,BR08,Online,Low,N,280000,2025-01-01
C00541,Larkspur Construction PLC,Business,United Kingdom,Precious Metals,BR08,Relationship Manager,Medium,N,163000,2025-03-31
C00542,Larkspur Capital PLC,Business,United Kingdom,Retail,BR04,Branch,Low,N,4244000,2025-11-26
C00543,Chen Brooks,Individual,United Kingdom,Property Investor,BR03,Branch,Low,N,29500,2024-01-04
C00544,Ravi Nowak,Individual,United Kingdom,Employee,BR08,Introducer,Low,N,80700,2024-06-29
C00545,Grace Ali,Individual,United Kingdom,Employee,BR02,Introducer,Low,N,58500,2025-05-24
C00546,Thistle Holdings Ltd,Business,United Kingdom,Charity,BR01,Online,Medium,N,2321000,2024-03-31
C00547,Tom Brooks,Individual,United Kingdom,Student,BR01,Online,Low,N,46000,2024-06-28
C00548,Nadia Brooks,Individual,United Kingdom,Director,BR08,Branch,Low,N,26900,2024-01-17
C00549,Jack Okafor,Individual,United Kingdom,Retired,BR06,Online,Low,N,8500,2024-02-10
C00550,Ravi Walsh,Individual,United Kingdom,Self-employed,BR05,Branch,Low,N,76500,2024-11-20
C00551,Chen Rossi,Individual,United Kingdom,Employee,BR07,Online,Low,N,29900,2025-04-27
C00552,Silverline Tech Ltd,Business,Ireland,Construction,BR01,Online,Medium,N,262000,2024-03-14
C00553,Grace Doyle,Individual,United Kingdom,Director,BR03,Relationship Manager,Low,N,49600,2025-12-19
C00554,Tom Wright,Individual,United Kingdom,Retired,BR08,Introducer,Low,N,82500,2025-07-20
C00555,Crest Property Ltd,Business,United Kingdom,Construction,BR09,Introducer,Low,N,7314000,2025-04-29
C00556,James Reid,Individual,Hong Kong,Employee,BR04,Relationship Manager,Low,N,9100,2024-02-22
C00557,Larkspur Motors Ltd,Business,United Kingdom,Construction,BR01,Branch,Medium,N,1608000,2025-01-14
C00558,Olivia Nowak,Individual,Germany,Employee,BR10,Branch,Low,N,32700,2025-11-04
C00559,Ravi Hughes,Individual,United Kingdom,Retired,BR03,Online,Low,N,80700,2024-06-22
C00560,Sofia Reid,Individual,Nigeria,Employee,BR02,Branch,Medium,N,57200,2025-01-30
C00561,Hannah Doyle,Individual,United States,Employee,BR01,Online,Low,N,57600,2025-02-16
C00562,Summit Motors Ltd,Business,United Kingdom,Crypto Assets,BR01,Online,Medium,N,1258000,2025-05-24
C00563,Hannah Patel,Individual,France,Employee,BR05,Relationship Manager,Low,N,23200,2025-11-02
C00564,Ravi Ali,Individual,United Kingdom,Employee,BR05,Online,Low,N,31000,2024-04-05
C00565,Grace Evans,Individual,Ireland,Employee,BR02,Online,Low,N,13600,2024-02-15
C00566,Harbour Construction PLC,Business,United Kingdom,Retail,BR01,Relationship Manager,Low,N,7976000,2024-03-06
C00567,Redwood Foods Ltd,Business,United Kingdom,Professional Services,BR04,Online,Low,N,1380000,2024-07-14
C00568,Silverline Consulting Ltd,Business,Hong Kong,Retail,BR03,Branch,Medium,N,199000,2024-09-15
C00569,Sofia Carter,Individual,Pakistan,Employee,BR02,Online,Medium,N,43000,2025-10-04
C00570,Jack Hughes,Individual,United Kingdom,Employee,BR02,Online,Low,N,55300,2025-01-15
C00571,Priya Okafor,Individual,Panama,Employee,BR08,Branch,Medium,N,39400,2025-06-28
C00572,Mei Evans,Individual,United Kingdom,Employee,BR10,Online,Low,N,29800,2025-02-24
C00573,Summit Foods Ltd,Business,United Kingdom,Crypto Assets,BR03,Relationship Manager,High,N,559000,2025-11-27
C00574,Summit Holdings Ltd,Business,UAE,Retail,BR06,Branch,High,N,834000,2024-08-29
C00575,Olivia Singh,Individual,United Kingdom,Employee,BR08,Online,Low,N,24500,2025-05-04
C00576,Grace Mensah,Individual,United Kingdom,Retired,BR01,Branch,Low,N,38600,2024-07-18
C00577,Silverline Holdings Ltd,Business,Germany,Retail,BR09,Online,Low,N,739000,2024-06-19
C00578,Chen Lopez,Individual,United Kingdom,Employee,BR04,Introducer,Low,N,61100,2025-12-18
C00579,Sofia Wright,Individual,United Kingdom,Retired,BR05,Online,Low,N,28600,2024-01-18
C00580,Nadia Shah,Individual,United Kingdom,Self-employed,BR04,Relationship Manager,Low,N,50300,2024-07-18
C00581,Aisha Walsh,Individual,Germany,Employee,BR02,Relationship Manager,Low,N,68300,2024-10-09
C00582,Tom Lopez,Individual,United Kingdom,Student,BR07,Branch,Low,N,48900,2024-04-10
C00583,Nadia Mensah,Individual,United Kingdom,Self-employed,BR07,Relationship Manager,Low,N,64800,2025-07-18
C00584,Maria Doyle,Individual,France,Employee,BR01,Introducer,Low,N,11600,2024-09-19
C00585,Aisha Evans,Individual,United Kingdom,Employee,BR05,Introducer,Low,N,29900,2024-12-01
C00586,Maria Fraser,Individual,United Kingdom,Employee,BR10,Online,Low,N,77800,2024-08-10
C00587,Ethan Patel,Individual,France,Retired,BR08,Branch,Low,N,54500,2025-10-13
C00588,Larkspur Construction Ltd,Business,India,Construction,BR05,Branch,Low,N,155000,2024-11-04
C00589,Thistle Imports Ltd,Business,United Kingdom,Retail,BR02,Branch,Low,N,515000,2025-07-29
C00590,Maria Mensah,Individual,UAE,Employee,BR03,Online,Medium,N,48000,2025-03-31
C00591,Sofia Shah,Individual,India,Director,BR01,Online,Low,N,34500,2025-11-29
C00592,Redwood Holdings Ltd,Business,United Kingdom,Retail,BR08,Online,Low,N,958000,2025-03-16
C00593,Luca Lopez,Individual,India,Employee,BR07,Relationship Manager,High,Y,30200,2025-12-21
C00594,Jack Okafor,Individual,India,Employee,BR09,Branch,Low,N,31400,2025-05-25
C00595,Thistle Motors Ltd,Business,United Kingdom,Precious Metals,BR01,Relationship Manager,Medium,N,473000,2024-02-13
C00596,Jack Khan,Individual,United Kingdom,Employee,BR10,Branch,Low,N,23100,2024-04-24
C00597,Brightwater Tech Ltd,Business,India,Technology,BR10,Branch,Medium,N,1478000,2025-07-31
C00598,Chen Lopez,Individual,Panama,Employee,BR06,Relationship Manager,Medium,N,111100,2024-02-03
C00599,Daniel Carter,Individual,United Kingdom,Employee,BR09,Branch,Low,N,70300,2024-05-18
C00600,James Mensah,Individual,Nigeria,Employee,BR03,Branch,Medium,N,33100,2025-08-01
C00601,Priya Nowak,Individual,India,Employee,BR02,Introducer,Low,N,73700,2024-09-16
C00602,Zara Nowak,Individual,UAE,Employee,BR01,Relationship Manager,Medium,N,49400,2024-06-07
C00603,Nadia Ali,Individual,Hong Kong,Retired,BR01,Relationship Manager,Low,N,39200,2024-05-24
C00604,Brightwater Property PLC,Business,United Kingdom,Construction,BR01,Branch,Medium,N,829000,2024-08-18
C00605,Ethan Singh,Individual,United Kingdom,Student,BR06,Branch,Low,N,35600,2025-09-04
C00606,James Rossi,Individual,United Kingdom,Employee,BR03,Branch,Low,N,59300,2024-11-29
C00607,Bluefield Trading Ltd,Business,United Kingdom,Real Estate,BR01,Branch,Medium,N,387000,2025-11-28
C00608,Crest Trading Ltd,Business,United Kingdom,Construction,BR01,Introducer,Low,N,1986000,2025-06-07
C00609,Luca Okafor,Individual,Nigeria,Employee,BR06,Branch,Medium,N,25200,2024-07-15
C00610,Sofia Carter,Individual,Cyprus,Employee,BR09,Online,Medium,N,48200,2024-04-29
C00611,Northgate Logistics LLP,Business,United Kingdom,Crypto Assets,BR03,Branch,High,N,860000,2025-11-20
C00612,Nadia Doyle,Individual,France,Director,BR07,Online,Low,N,33300,2025-10-21
C00613,Brightwater Imports Ltd,Business,United Kingdom,Technology,BR10,Branch,Low,N,1317000,2024-03-30
C00614,Crest Construction Ltd,Business,United Kingdom,Technology,BR06,Branch,Medium,N,217000,2024-08-23
C00615,Kestrel Retail Ltd,Business,United Kingdom,Professional Services,BR07,Branch,Medium,N,737000,2025-06-27
C00616,Hannah Brooks,Individual,United Kingdom,Employee,BR05,Relationship Manager,Low,N,12200,2025-12-19
C00617,Chen Patel,Individual,United Kingdom,Employee,BR10,Online,Low,N,89700,2025-10-22
C00618,Ravi Singh,Individual,India,Senior Public Official,BR02,Online,High,Y,35400,2024-07-27
C00619,Daniel Murray,Individual,Ireland,Employee,BR07,Branch,Low,N,45000,2025-10-17
C00620,Thistle Property Ltd,Business,United Kingdom,Professional Services,BR03,Online,Medium,N,254000,2025-06-14
C00621,Sofia Nowak,Individual,United Kingdom,Self-employed,BR01,Online,Low,N,108200,2024-12-04
C00622,Nadia Mensah,Individual,United Kingdom,Employee,BR07,Online,Low,N,73300,2024-10-02
C00623,Omar Wright,Individual,Russia,Student,BR08,Online,Medium,N,46400,2025-08-17
C00624,Ironbridge Property PLC,Business,United States,Professional Services,BR08,Relationship Manager,Medium,N,913000,2025-09-03
C00625,Amir Ali,Individual,United Kingdom,Self-employed,BR09,Introducer,Low,N,11900,2025-10-30
C00626,Zara Carter,Individual,United Kingdom,Retired,BR07,Introducer,Low,N,68000,2024-12-04
C00627,Luca Fraser,Individual,United Kingdom,Self-employed,BR04,Online,Low,N,89800,2024-07-13
C00628,Aisha Ali,Individual,Germany,Employee,BR09,Branch,Low,N,24600,2025-09-28
C00629,Sofia Rossi,Individual,United Kingdom,Employee,BR02,Branch,Low,N,34100,2024-08-09
C00630,Amir Khan,Individual,United Kingdom,Employee,BR01,Branch,Low,N,28700,2025-07-05
C00631,Omar Shah,Individual,United Kingdom,Employee,BR03,Online,Low,N,28300,2025-01-07
C00632,Ethan Wright,Individual,United Kingdom,Self-employed,BR05,Online,Low,N,76500,2025-03-04
C00633,Ethan Evans,Individual,United Kingdom,Employee,BR06,Online,Low,N,45800,2024-06-02
C00634,Tom Wright,Individual,United Kingdom,Employee,BR08,Online,Low,N,35000,2024-07-01
C00635,Grace Singh,Individual,Ireland,Employee,BR01,Online,Low,N,197700,2025-04-22
C00636,Zara Evans,Individual,United Kingdom,Director,BR08,Introducer,Low,N,17000,2024-07-08
C00637,Sofia Rossi,Individual,United Kingdom,Employee,BR05,Branch,Low,N,55800,2025-05-04
C00638,Olivia Singh,Individual,United Kingdom,Employee,BR10,Branch,Low,N,21400,2025-12-25
C00639,Ravi Lopez,Individual,United Kingdom,Employee,BR03,Online,Low,N,36500,2024-03-01
C00640,Mei Carter,Individual,Nigeria,Employee,BR05,Online,Medium,N,43900,2025-11-07
C00641,Grace Doyle,Individual,Hong Kong,Director,BR07,Online,Low,N,66600,2024-05-05
C00642,Tom Rossi,Individual,United Kingdom,Employee,BR04,Relationship Manager,Low,N,34300,2024-04-11
C00643,Oakline Tech Ltd,Business,Pakistan,Precious Metals,BR01,Branch,High,N,139000,2025-09-01
C00644,Ethan Ali,Individual,France,Self-employed,BR01,Online,Low,N,33900,2024-05-29
C00645,Nadia Patel,Individual,France,Retired,BR01,Introducer,Low,N,21000,2025-04-18
C00646,Ethan Carter,Individual,United Kingdom,Self-employed,BR04,Online,Low,N,58700,2024-03-19
C00647,Mei Reid,Individual,United Kingdom,Student,BR05,Online,Low,N,47500,2024-03-04
C00648,Luca Murray,Individual,United Kingdom,Employee,BR05,Branch,Low,N,52100,2024-05-27
C00649,Meridian Imports PLC,Business,Russia,Hospitality,BR06,Online,High,N,498000,2025-01-15
C00650,Silverline Holdings Ltd,Business,United Kingdom,Import/Export,BR01,Branch,High,N,4390000,2024-07-31
C00651,Sofia Ali,Individual,United Kingdom,Self-employed,BR01,Online,Medium,Y,81300,2024-06-12
C00652,Tom Ali,Individual,United Kingdom,Employee,BR07,Online,Low,N,74100,2025-09-04
C00653,Sofia Shah,Individual,United Kingdom,Employee,BR07,Introducer,Low,N,93800,2024-05-07
C00654,Aisha Mensah,Individual,United Kingdom,Employee,BR06,Online,High,Y,50200,2024-03-10
C00655,Aisha Singh,Individual,Ireland,Employee,BR07,Branch,Low,N,90400,2024-03-21
C00656,Ethan Rossi,Individual,United Kingdom,Employee,BR10,Relationship Manager,Low,N,31300,2025-10-06
C00657,Chen Murray,Individual,Nigeria,Employee,BR10,Online,Medium,N,35600,2024-12-13
C00658,Larkspur Logistics LLP,Business,Ireland,Retail,BR06,Online,Low,N,431000,2025-12-11
C00659,Nadia Fraser,Individual,United Kingdom,Self-employed,BR02,Branch,Low,N,66600,2025-08-13
C00660,Tom Patel,Individual,Nigeria,Student,BR01,Relationship Manager,Medium,N,33700,2024-07-24
C00661,Northgate Property Ltd,Business,United Kingdom,Real Estate,BR05,Relationship Manager,High,N,5238000,2025-07-31
C00662,James Reid,Individual,France,Self-employed,BR03,Branch,Low,N,35500,2024-11-29
C00663,Nadia Carter,Individual,France,Employee,BR01,Online,Low,N,26600,2025-02-13
C00664,Daniel Hughes,Individual,United Kingdom,Employee,BR02,Online,Low,N,113000,2025-01-21
C00665,Thistle Motors Ltd,Business,United Kingdom,Precious Metals,BR09,Branch,High,N,4079000,2025-07-08
C00666,Sofia Brooks,Individual,United Kingdom,Retired,BR01,Online,Low,N,25300,2024-05-30
C00667,James Rossi,Individual,United Kingdom,Student,BR07,Online,Low,N,21400,2024-02-13
C00668,Priya Wright,Individual,United Kingdom,Self-employed,BR09,Branch,Low,N,25200,2025-06-18
C00669,Nadia Evans,Individual,United Kingdom,Student,BR06,Branch,Low,N,28700,2025-11-28
C00670,Amir Murray,Individual,Ireland,Student,BR01,Relationship Manager,Low,N,36300,2025-02-27
C00671,Omar Hughes,Individual,United Kingdom,Student,BR08,Online,Low,N,78300,2024-03-26
C00672,Priya Nowak,Individual,United Kingdom,Student,BR06,Branch,Low,N,22500,2024-03-23
C00673,Omar Nowak,Individual,United Kingdom,Employee,BR02,Introducer,Low,N,158500,2025-02-02
C00674,Kestrel Capital PLC,Business,United Kingdom,Retail,BR05,Relationship Manager,Low,N,456000,2025-10-16
C00675,Tom Hughes,Individual,Panama,Employee,BR01,Introducer,Medium,N,17200,2025-03-24
C00676,Northgate Logistics Ltd,Business,United Kingdom,Real Estate,BR06,Online,Medium,N,1424000,2024-08-08
C00677,Amir Carter,Individual,United Kingdom,Student,BR09,Branch,Low,N,88700,2025-03-29
C00678,Omar Singh,Individual,United Kingdom,Employee,BR04,Branch,Low,N,36000,2024-04-24
C00679,Oakline Tech LLP,Business,United Kingdom,Professional Services,BR10,Introducer,Medium,N,149000,2024-12-16
C00680,Pinnacle Property PLC,Business,United Kingdom,Import/Export,BR03,Relationship Manager,Medium,N,192000,2025-12-18
C00681,Hannah Evans,Individual,Nigeria,Employee,BR08,Online,Medium,N,43600,2025-04-05
C00682,Summit Capital Ltd,Business,United Kingdom,Technology,BR07,Online,Medium,N,447000,2024-03-16
C00683,James Brooks,Individual,Ireland,Employee,BR01,Online,Low,N,9100,2024-05-27
C00684,Mei Patel,Individual,United Kingdom,Employee,BR09,Online,Low,N,24200,2024-02-13
C00685,Larkspur Construction Ltd,Business,UAE,Hospitality,BR09,Branch,High,N,101000,2024-10-20
C00686,Tom Rossi,Individual,United Kingdom,Employee,BR03,Online,Low,N,122200,2024-06-22
C00687,Silverline Logistics Ltd,Business,United Kingdom,Retail,BR07,Online,Low,N,282000,2025-12-17
C00688,Nadia Evans,Individual,France,Employee,BR02,Relationship Manager,Low,N,22600,2024-08-21
C00689,Silverline Tech LLP,Business,UAE,Construction,BR01,Online,Medium,N,457000,2024-01-26
C00690,Omar Shah,Individual,United Kingdom,Employee,BR02,Online,Low,N,52200,2024-11-13
C00691,Jack Wright,Individual,Panama,Retired,BR04,Branch,Medium,N,57600,2025-06-22
C00692,Ravi Khan,Individual,Pakistan,Employee,BR01,Branch,Medium,N,8800,2025-05-15
C00693,James Singh,Individual,United Kingdom,Employee,BR01,Branch,Low,N,266900,2025-12-15
C00694,Hannah Nowak,Individual,Nigeria,Employee,BR10,Online,Medium,N,79200,2024-09-24
C00695,Luca Okafor,Individual,United Kingdom,Director,BR04,Online,Low,N,35600,2025-01-17
C00696,Tom Nowak,Individual,United Kingdom,Retired,BR08,Online,Low,N,26100,2025-02-12
C00697,Ravi Mensah,Individual,United Kingdom,Property Investor,BR02,Online,Low,N,72600,2024-01-18
C00698,Grace Fraser,Individual,UAE,Director,BR01,Online,Medium,N,54000,2024-01-05
C00699,Crest Motors Ltd,Business,United Kingdom,Construction,BR07,Online,Medium,N,299000,2025-08-04
C00700,Oakline Motors PLC,Business,United Kingdom,Precious Metals,BR03,Relationship Manager,High,N,229000,2024-10-08
C00701,Bluefield Construction LLP,Business,United Kingdom,Construction,BR04,Branch,Medium,N,3202000,2025-05-18
C00702,Hannah Ali,Individual,United Kingdom,Senior Public Official,BR10,Online,High,Y,51100,2025-11-21
C00703,Kestrel Tech Ltd,Business,United States,Hospitality,BR02,Branch,Low,N,568000,2024-06-27
C00704,Priya Ali,Individual,France,Employee,BR04,Branch,Low,N,49300,2025-07-20
C00705,James Evans,Individual,United Kingdom,Director,BR05,Online,Low,N,47800,2024-06-05
C00706,Omar Reid,Individual,Pakistan,Retired,BR01,Relationship Manager,Medium,N,92600,2025-06-25
C00707,Sofia Murray,Individual,UAE,Property Investor,BR06,Online,Medium,N,15400,2024-04-26
C00708,Zara Murray,Individual,United Kingdom,Employee,BR04,Online,Low,N,24900,2024-08-10
C00709,Priya Khan,Individual,United Kingdom,Employee,BR01,Branch,Low,N,40800,2024-12-09
C00710,Redwood Motors Ltd,Business,United Kingdom,Construction,BR03,Branch,Low,N,419000,2024-12-22
C00711,Luca Murray,Individual,United Kingdom,Employee,BR04,Relationship Manager,Low,N,31600,2024-01-23
C00712,Nadia Doyle,Individual,United Kingdom,Employee,BR06,Online,Low,N,86900,2025-09-09
C00713,Redwood Property Ltd,Business,Ireland,Construction,BR09,Online,Low,N,1656000,2024-01-05
C00714,Hannah Reid,Individual,United States,Retired,BR07,Relationship Manager,Low,N,13400,2025-10-05
C00715,Priya Khan,Individual,United Kingdom,Employee,BR03,Online,Low,N,31100,2024-05-30
C00716,Summit Capital Ltd,Business,Pakistan,Precious Metals,BR10,Branch,High,N,64000,2025-06-03
C00717,Crest Consulting LLP,Business,United States,Technology,BR07,Online,Medium,N,1541000,2025-06-04
C00718,Chen Ali,Individual,United Kingdom,Self-employed,BR01,Online,Low,N,56000,2024-11-29
C00719,Ravi Mensah,Individual,United Kingdom,Employee,BR01,Online,Low,N,53400,2025-01-27
C00720,Olivia Nowak,Individual,France,Employee,BR02,Online,Low,N,36900,2024-02-23
C00721,Olivia Shah,Individual,India,Employee,BR01,Online,Low,N,19600,2025-10-20
C00722,Nadia Ali,Individual,United Kingdom,Student,BR04,Online,Low,N,30800,2024-03-28
C00723,Grace Brooks,Individual,Ireland,Employee,BR03,Online,Low,N,27600,2025-04-26
C00724,Chen Ali,Individual,United Kingdom,Employee,BR10,Branch,Low,N,33800,2024-01-01
C00725,Meridian Trading PLC,Business,India,Charity,BR04,Online,Low,N,1416000,2025-06-29
C00726,Maria Patel,Individual,France,Self-employed,BR02,Online,Low,N,51100,2024-09-19
C00727,Sofia Singh,Individual,United Kingdom,Retired,BR10,Online,Low,N,65800,2024-12-18
C00728,Daniel Rossi,Individual,United Kingdom,Employee,BR04,Relationship Manager,Low,N,31900,2024-01-18
C00729,Brightwater Foods LLP,Business,United Kingdom,Crypto Assets,BR01,Online,High,N,370000,2024-06-09
C00730,Grace Patel,Individual,Cyprus,Employee,BR01,Online,Medium,N,60100,2024-11-14
C00731,Aisha Patel,Individual,United States,Employee,BR06,Branch,Low,N,42900,2025-06-08
C00732,Jack Okafor,Individual,Nigeria,Senior Public Official,BR04,Online,High,Y,57600,2025-03-12
C00733,Omar Okafor,Individual,United Kingdom,Senior Public Official,BR05,Branch,Medium,Y,26800,2024-07-09
C00734,Daniel Wright,Individual,United Kingdom,Employee,BR08,Online,Low,N,11300,2025-03-11
C00735,Larkspur Holdings Ltd,Business,United Kingdom,Retail,BR06,Online,Medium,N,830000,2024-06-12
C00736,Hannah Khan,Individual,United Kingdom,Employee,BR08,Branch,Low,N,62800,2025-02-09
C00737,Crest Tech Ltd,Business,United Kingdom,Import/Export,BR07,Relationship Manager,High,Y,82000,2025-01-30
C00738,Pinnacle Retail Ltd,Business,UAE,Technology,BR06,Online,Medium,N,378000,2024-06-14
C00739,Sofia Nowak,Individual,United Kingdom,Employee,BR01,Online,Low,N,24100,2024-05-26
C00740,Tom Khan,Individual,Ireland,Employee,BR04,Online,Low,N,12400,2025-01-14
C00741,Mei Wright,Individual,Russia,Self-employed,BR03,Online,Medium,N,94400,2025-03-05
C00742,Thistle Construction PLC,Business,Germany,Import/Export,BR04,Online,High,N,2539000,2025-12-17
C00743,Amir Patel,Individual,United Kingdom,Employee,BR03,Branch,Low,N,31000,2024-12-28
C00744,James Brooks,Individual,United States,Self-employed,BR05,Relationship Manager,Low,N,26800,2024-11-21
C00745,Chen Walsh,Individual,Ireland,Property Investor,BR03,Online,Low,N,85200,2024-12-13
C00746,Bluefield Capital PLC,Business,United Kingdom,Professional Services,BR05,Online,Medium,N,422000,2025-10-01
C00747,Amir Patel,Individual,Ireland,Self-employed,BR03,Online,Low,N,22500,2024-08-12
C00748,Aisha Khan,Individual,Pakistan,Self-employed,BR09,Branch,Medium,N,80700,2024-10-05
C00749,Daniel Ali,Individual,United Kingdom,Employee,BR03,Relationship Manager,Low,N,36800,2024-09-26
C00750,Bluefield Logistics PLC,Business,United Kingdom,Technology,BR07,Online,Medium,N,602000,2025-03-31
C00751,Mei Rossi,Individual,United Kingdom,Self-employed,BR05,Relationship Manager,Low,N,33700,2025-05-26
C00752,Jack Khan,Individual,United Kingdom,Employee,BR03,Branch,Low,N,25100,2024-12-18
C00753,Oakline Logistics LLP,Business,Nigeria,Retail,BR08,Relationship Manager,High,N,820000,2024-07-11
C00754,Silverline Imports Ltd,Business,United Kingdom,Import/Export,BR09,Relationship Manager,Medium,N,123000,2025-05-18
C00755,Priya Singh,Individual,United Kingdom,Employee,BR07,Introducer,Low,N,35200,2024-07-20
C00756,Olivia Nowak,Individual,United Kingdom,Employee,BR10,Relationship Manager,Low,N,58100,2025-10-17
C00757,Brightwater Capital LLP,Business,United Kingdom,Hospitality,BR03,Online,Medium,N,3046000,2025-04-01
C00758,Harbour Capital LLP,Business,United Kingdom,Real Estate,BR09,Online,Medium,N,196000,2024-11-18
C00759,Ravi Okafor,Individual,United Kingdom,Property Investor,BR08,Branch,Low,N,11800,2024-06-19
C00760,Zara Patel,Individual,United Kingdom,Student,BR07,Online,Low,N,23900,2025-07-07
C00761,Brightwater Holdings Ltd,Business,United Kingdom,Technology,BR08,Online,Low,N,498000,2025-03-21
C00762,Northgate Imports Ltd,Business,Pakistan,Construction,BR07,Branch,High,N,410000,2025-10-07
C00763,Meridian Property Ltd,Business,Russia,Real Estate,BR04,Online,High,N,202000,2025-05-31
C00764,Nadia Murray,Individual,United Kingdom,Property Investor,BR05,Branch,Low,N,17400,2025-07-31
C00765,Olivia Brooks,Individual,United Kingdom,Employee,BR03,Online,Low,N,40500,2024-03-08
C00766,Redwood Trading LLP,Business,United Kingdom,Technology,BR06,Online,Low,N,170000,2024-01-18
C00767,Crest Holdings Ltd,Business,United Kingdom,Real Estate,BR03,Relationship Manager,Medium,N,2945000,2025-04-26
C00768,Oakline Holdings Ltd,Business,United Kingdom,Professional Services,BR07,Branch,Low,N,133000,2024-01-01
C00769,Tom Hughes,Individual,Cyprus,Self-employed,BR04,Branch,Medium,N,66800,2025-10-13
C00770,Amir Evans,Individual,India,Employee,BR03,Online,Low,N,119800,2025-10-07
C00771,Northgate Capital LLP,Business,United Kingdom,Retail,BR01,Online,Low,N,854000,2025-03-03
C00772,Mei Reid,Individual,Hong Kong,Employee,BR02,Branch,Low,N,53400,2025-06-17
C00773,Thistle Motors LLP,Business,United Kingdom,Professional Services,BR06,Online,Low,N,1539000,2024-11-04
C00774,Ravi Patel,Individual,United Kingdom,Employee,BR03,Relationship Manager,Low,N,52100,2025-12-01
C00775,Larkspur Consulting Ltd,Business,United Kingdom,Technology,BR01,Online,Medium,N,652000,2024-01-27
C00776,Crest Holdings Ltd,Business,United Kingdom,Construction,BR03,Branch,Low,N,445000,2024-08-01
C00777,Nadia Patel,Individual,Pakistan,Retired,BR03,Branch,Medium,N,75000,2025-05-25
C00778,Omar Evans,Individual,United Kingdom,Self-employed,BR02,Online,Low,N,24300,2025-07-30
C00779,Ravi Khan,Individual,Ireland,Employee,BR02,Online,Low,N,50200,2024-06-26
C00780,Amir Okafor,Individual,United Kingdom,Employee,BR06,Introducer,Low,N,9000,2025-08-08
C00781,Ethan Fraser,Individual,United States,Director,BR07,Branch,Low,N,22700,2024-12-02
C00782,Sofia Murray,Individual,Ireland,Self-employed,BR10,Online,Low,N,40000,2025-09-18
C00783,Thistle Retail LLP,Business,United Kingdom,Crypto Assets,BR01,Introducer,Medium,N,4227000,2024-07-14
C00784,Chen Khan,Individual,United Kingdom,Employee,BR02,Branch,Low,N,18400,2025-05-20
C00785,Luca Brooks,Individual,United States,Student,BR01,Introducer,Low,N,29700,2024-05-31
C00786,Priya Patel,Individual,United Kingdom,Student,BR05,Online,Low,N,48900,2024-04-11
C00787,Maria Doyle,Individual,United Kingdom,Property Investor,BR01,Online,Low,N,38100,2025-05-30
C00788,Priya Singh,Individual,Pakistan,Employee,BR02,Online,Medium,N,41600,2025-05-12
C00789,Priya Hughes,Individual,United Kingdom,Property Investor,BR05,Relationship Manager,Low,N,62300,2024-08-02
C00790,Ethan Rossi,Individual,United Kingdom,Employee,BR03,Relationship Manager,Low,N,32700,2025-03-17
C00791,Sofia Walsh,Individual,United Kingdom,Retired,BR04,Branch,Low,N,90700,2025-11-19
C00792,Harbour Holdings Ltd,Business,United Kingdom,Real Estate,BR06,Online,Medium,N,540000,2024-08-31
C00793,Zara Carter,Individual,United Kingdom,Self-employed,BR08,Branch,Low,N,127600,2025-01-01
C00794,Tom Brooks,Individual,United Kingdom,Employee,BR03,Branch,Low,N,78300,2024-06-01
C00795,Crest Motors PLC,Business,United Kingdom,Technology,BR02,Online,Medium,N,280000,2025-01-13
C00796,Crest Construction LLP,Business,United Kingdom,Professional Services,BR04,Online,Medium,N,1328000,2025-10-09
C00797,Mei Patel,Individual,United Kingdom,Employee,BR01,Online,Low,N,45400,2025-04-09
C00798,Daniel Fraser,Individual,Hong Kong,Self-employed,BR01,Branch,Low,N,57500,2024-04-13
C00799,Hannah Hughes,Individual,United Kingdom,Student,BR04,Branch,Low,N,77400,2025-06-25
C00800,Mei Okafor,Individual,United Kingdom,Employee,BR02,Branch,Low,N,18000,2024-11-04
C00801,Tom Khan,Individual,United Kingdom,Self-employed,BR01,Branch,Low,N,52200,2024-01-14
C00802,Tom Shah,Individual,France,Employee,BR06,Branch,Low,N,11300,2025-03-31
C00803,Ravi Doyle,Individual,United Kingdom,Self-employed,BR08,Relationship Manager,Low,N,36100,2024-08-06
C00804,Sofia Shah,Individual,United Kingdom,Self-employed,BR01,Branch,Low,N,96000,2025-12-11
C00805,Redwood Imports PLC,Business,Ireland,Import/Export,BR05,Relationship Manager,Medium,N,921000,2025-12-28
C00806,Nadia Wright,Individual,United Kingdom,Retired,BR10,Branch,Low,N,15400,2025-05-05
C00807,Maria Wright,Individual,India,Employee,BR02,Online,Low,N,45800,2025-04-06
C00808,Jack Murray,Individual,United States,Employee,BR07,Branch,Low,N,92300,2024-08-10
C00809,Luca Okafor,Individual,UAE,Self-employed,BR01,Branch,Medium,N,48800,2024-02-21
C00810,Aisha Doyle,Individual,United Kingdom,Employee,BR09,Online,Low,N,12800,2024-02-14
C00811,Brightwater Holdings LLP,Business,United Kingdom,Professional Services,BR01,Online,Low,N,429000,2024-12-05
C00812,Larkspur Logistics Ltd,Business,United Kingdom,Import/Export,BR02,Online,High,N,182000,2024-08-20
C00813,Oakline Imports Ltd,Business,Nigeria,Hospitality,BR10,Online,Medium,N,563000,2025-12-03
C00814,Larkspur Retail LLP,Business,United States,Hospitality,BR06,Relationship Manager,Low,N,1699000,2024-08-02
C00815,Oakline Trading Ltd,Business,United States,Charity,BR02,Online,Low,N,622000,2024-06-05
C00816,Pinnacle Property LLP,Business,United Kingdom,Professional Services,BR07,Branch,Medium,N,639000,2025-08-21
C00817,Grace Lopez,Individual,UAE,Employee,BR09,Branch,Medium,N,119200,2025-09-02
C00818,Amir Lopez,Individual,United Kingdom,Employee,BR04,Online,Low,N,57200,2024-10-02
C00819,Jack Doyle,Individual,UAE,Employee,BR01,Introducer,Medium,N,83000,2024-02-29
C00820,Maria Ali,Individual,United Kingdom,Student,BR02,Branch,Low,N,69700,2024-03-12
C00821,Sofia Lopez,Individual,United Kingdom,Student,BR10,Online,Low,N,36700,2025-01-15
C00822,Crest Foods Ltd,Business,United Kingdom,Real Estate,BR01,Online,High,N,948000,2025-09-27
C00823,Daniel Murray,Individual,Hong Kong,Employee,BR02,Introducer,Low,N,33600,2024-10-09
C00824,Olivia Fraser,Individual,United Kingdom,Employee,BR01,Branch,Low,N,60400,2024-01-14
C00825,Tom Shah,Individual,United Kingdom,Employee,BR01,Relationship Manager,Low,N,27200,2024-10-01
C00826,Priya Lopez,Individual,United Kingdom,Self-employed,BR04,Online,Low,N,113000,2024-01-03
C00827,Priya Ali,Individual,United Kingdom,Self-employed,BR03,Online,Low,N,25700,2024-11-05
C00828,Silverline Property PLC,Business,Cyprus,Retail,BR01,Relationship Manager,High,N,372000,2024-12-13
C00829,Omar Khan,Individual,United Kingdom,Retired,BR01,Online,Low,N,35000,2025-06-18
C00830,Larkspur Holdings Ltd,Business,United Kingdom,Import/Export,BR01,Branch,Medium,N,1656000,2024-02-20
C00831,Daniel Walsh,Individual,Nigeria,Employee,BR01,Branch,Medium,N,147800,2024-12-17
C00832,Amir Murray,Individual,United Kingdom,Self-employed,BR01,Online,Low,N,30800,2024-05-09
C00833,Tom Mensah,Individual,United Kingdom,Self-employed,BR07,Online,Low,N,33400,2024-12-06
C00834,Silverline Capital PLC,Business,United Kingdom,Professional Services,BR01,Online,Medium,N,150000,2025-12-21
C00835,Meridian Construction Ltd,Business,United Kingdom,Professional Services,BR02,Online,Medium,N,478000,2025-06-25
C00836,Tom Brooks,Individual,United Kingdom,Self-employed,BR05,Relationship Manager,Low,N,37800,2025-09-09
C00837,Crest Logistics Ltd,Business,United Kingdom,Crypto Assets,BR07,Online,Medium,N,1101000,2024-01-29
C00838,Grace Lopez,Individual,United Kingdom,Self-employed,BR06,Online,Low,N,31100,2025-07-12
C00839,Summit Tech PLC,Business,India,Real Estate,BR10,Branch,High,N,541000,2025-09-25
C00840,Omar Shah,Individual,UAE,Self-employed,BR02,Relationship Manager,Medium,N,74300,2025-05-05
C00841,Hannah Okafor,Individual,United States,Employee,BR01,Branch,Low,N,40700,2025-07-25
C00842,Ironbridge Foods LLP,Business,United Kingdom,Retail,BR01,Online,Low,N,141000,2024-02-04
C00843,Ethan Wright,Individual,United Kingdom,Employee,BR01,Online,Low,N,32300,2025-06-24
C00844,Tom Walsh,Individual,Panama,Director,BR10,Relationship Manager,Medium,N,29700,2025-09-03
C00845,Priya Patel,Individual,India,Retired,BR05,Branch,Low,N,23100,2024-06-17
C00846,James Mensah,Individual,United Kingdom,Director,BR07,Online,Low,N,15800,2024-12-10
C00847,Redwood Property PLC,Business,United Kingdom,Professional Services,BR10,Branch,Low,N,836000,2024-11-04
C00848,Redwood Motors Ltd,Business,United Kingdom,Real Estate,BR08,Relationship Manager,High,N,437000,2024-03-12
C00849,Harbour Capital LLP,Business,United Kingdom,Real Estate,BR03,Online,High,N,1838000,2024-04-03
C00850,Priya Murray,Individual,United Kingdom,Employee,BR08,Online,Low,N,32600,2024-08-07
C00851,Daniel Rossi,Individual,United Kingdom,Employee,BR03,Branch,Low,N,32200,2024-03-20
C00852,Sofia Fraser,Individual,Hong Kong,Retired,BR01,Online,Low,N,84700,2025-01-01
C00853,Amir Khan,Individual,United Kingdom,Self-employed,BR04,Branch,Low,N,23000,2024-02-10
C00854,Maria Ali,Individual,United Kingdom,Self-employed,BR09,Online,Low,N,47400,2024-01-11
C00855,Pinnacle Capital Ltd,Business,United Kingdom,Professional Services,BR07,Introducer,Medium,N,181000,2025-04-04
C00856,Kestrel Trading PLC,Business,India,Real Estate,BR03,Branch,High,N,3598000,2024-07-03
C00857,Harbour Trading PLC,Business,India,Retail,BR08,Online,Low,N,1867000,2024-10-03
C00858,Priya Evans,Individual,United Kingdom,Employee,BR04,Branch,Low,N,41500,2024-09-02
C00859,Amir Fraser,Individual,United Kingdom,Employee,BR06,Online,Low,N,64600,2024-12-08
C00860,Grace Brooks,Individual,Ireland,Employee,BR03,Online,Low,N,39400,2024-12-05
C00861,Omar Singh,Individual,UAE,Property Investor,BR02,Online,Medium,N,114300,2024-04-07
C00862,Priya Okafor,Individual,United Kingdom,Employee,BR02,Online,Low,N,41200,2024-01-02
C00863,Chen Hughes,Individual,Pakistan,Employee,BR08,Introducer,Medium,N,14400,2024-11-19
C00864,Daniel Hughes,Individual,United Kingdom,Employee,BR10,Relationship Manager,Low,N,58900,2025-02-17
C00865,Kestrel Logistics PLC,Business,United Kingdom,Import/Export,BR02,Introducer,High,N,602000,2025-07-15
C00866,Daniel Lopez,Individual,United Kingdom,Employee,BR01,Branch,Low,N,40900,2024-05-24
C00867,Silverline Retail LLP,Business,United Kingdom,Professional Services,BR01,Introducer,Medium,N,1091000,2024-03-02
C00868,Sofia Brooks,Individual,United Kingdom,Employee,BR07,Online,Low,N,11300,2025-03-12
C00869,Nadia Singh,Individual,United Kingdom,Employee,BR04,Branch,Low,N,12500,2025-10-21
C00870,Zara Evans,Individual,India,Self-employed,BR05,Online,Low,N,107900,2024-06-23
C00871,Daniel Khan,Individual,United Kingdom,Employee,BR01,Branch,Low,N,28200,2024-03-03
C00872,Jack Lopez,Individual,Panama,Employee,BR01,Relationship Manager,Medium,N,71600,2024-10-21
C00873,Olivia Walsh,Individual,United Kingdom,Retired,BR09,Branch,Low,N,15300,2025-02-13
C00874,Meridian Trading PLC,Business,United Kingdom,Hospitality,BR05,Online,Medium,N,98000,2025-03-31
C00875,Zara Shah,Individual,United States,Self-employed,BR02,Branch,Low,N,60300,2024-03-23
C00876,Maria Ali,Individual,UAE,Employee,BR02,Branch,Medium,N,37700,2025-04-24
C00877,Daniel Khan,Individual,Ireland,Self-employed,BR02,Relationship Manager,Low,N,55400,2024-09-07
C00878,Ethan Mensah,Individual,France,Employee,BR01,Online,Low,N,39800,2024-01-23
C00879,Hannah Doyle,Individual,United Kingdom,Employee,BR01,Online,Low,N,35400,2025-11-05
C00880,Ethan Ali,Individual,United Kingdom,Employee,BR06,Online,Low,N,26700,2025-01-26
C00881,Oakline Construction Ltd,Business,United Kingdom,Charity,BR02,Relationship Manager,Low,N,1951000,2024-08-11
C00882,Summit Retail LLP,Business,United Kingdom,Professional Services,BR03,Online,Low,N,2738000,2025-08-19
C00883,Oakline Retail Ltd,Business,United Kingdom,Technology,BR04,Branch,Low,N,551000,2025-08-05
C00884,Daniel Ali,Individual,United Kingdom,Director,BR03,Introducer,Low,N,21500,2024-05-30
C00885,Maria Fraser,Individual,United States,Employee,BR04,Online,Low,N,20700,2025-12-03
C00886,Thistle Motors PLC,Business,Pakistan,Construction,BR08,Branch,High,N,54000,2025-01-23
C00887,Zara Reid,Individual,Nigeria,Employee,BR02,Branch,Medium,N,49200,2024-07-10
C00888,Tom Murray,Individual,France,Property Investor,BR07,Branch,Low,N,36000,2024-11-23
C00889,Tom Walsh,Individual,United Kingdom,Self-employed,BR02,Introducer,Low,N,54200,2024-05-17
C00890,Brightwater Logistics Ltd,Business,United Kingdom,Real Estate,BR02,Introducer,Medium,N,843000,2025-09-13
C00891,Luca Mensah,Individual,Ireland,Employee,BR01,Online,Low,N,37500,2024-07-15
C00892,Silverline Motors PLC,Business,Ireland,Technology,BR06,Online,Low,N,81000,2024-11-16
C00893,Silverline Retail PLC,Business,United Kingdom,Retail,BR03,Relationship Manager,Low,N,3149000,2024-02-20
C00894,Ravi Doyle,Individual,United Kingdom,Employee,BR07,Online,Low,N,107400,2025-11-20
C00895,Brightwater Trading LLP,Business,United Kingdom,Professional Services,BR01,Online,Low,N,322000,2024-08-09
C00896,Amir Ali,Individual,United Kingdom,Employee,BR05,Introducer,Low,N,54300,2025-04-21
C00897,Amir Ali,Individual,United Kingdom,Senior Public Official,BR01,Branch,High,Y,12600,2024-09-15
C00898,Daniel Carter,Individual,United Kingdom,Retired,BR02,Branch,Low,N,40900,2025-02-14
C00899,Bluefield Motors Ltd,Business,United Kingdom,Professional Services,BR05,Relationship Manager,Medium,N,1289000,2025-02-13
C00900,Hannah Doyle,Individual,Hong Kong,Employee,BR01,Online,Low,N,40600,2024-08-01
C00901,Ravi Okafor,Individual,United Kingdom,Retired,BR03,Branch,Low,N,21200,2024-11-11
C00902,Grace Wright,Individual,India,Employee,BR05,Online,Low,N,63200,2025-03-12
C00903,Aisha Carter,Individual,Nigeria,Employee,BR07,Online,Medium,N,72500,2024-06-07
C00904,Luca Doyle,Individual,United Kingdom,Employee,BR06,Online,Low,N,81000,2024-04-05
C00905,James Patel,Individual,Ireland,Self-employed,BR01,Relationship Manager,Low,N,31900,2024-05-10
C00906,Aisha Ali,Individual,United Kingdom,Property Investor,BR01,Relationship Manager,Low,N,21300,2024-10-31
C00907,Silverline Property Ltd,Business,United Kingdom,Precious Metals,BR03,Online,High,N,1141000,2024-06-05
C00908,Olivia Carter,Individual,United Kingdom,Employee,BR02,Online,Low,N,115100,2024-07-26
C00909,Bluefield Tech PLC,Business,United States,Import/Export,BR02,Online,Medium,N,47000,2025-05-16
C00910,Tom Patel,Individual,Hong Kong,Employee,BR03,Branch,Low,N,52600,2025-05-04
C00911,Tom Walsh,Individual,United Kingdom,Retired,BR03,Online,Low,N,34900,2025-11-20
C00912,Chen Evans,Individual,United Kingdom,Employee,BR04,Online,Low,N,29700,2025-07-12
C00913,Luca Khan,Individual,United Kingdom,Employee,BR01,Relationship Manager,Low,N,59600,2024-11-06
C00914,Redwood Property LLP,Business,Nigeria,Hospitality,BR02,Relationship Manager,Medium,N,1661000,2025-11-09
C00915,Ravi Brooks,Individual,United Kingdom,Employee,BR02,Branch,Low,N,51100,2025-11-04
C00916,Olivia Carter,Individual,United Kingdom,Employee,BR02,Relationship Manager,Low,N,54400,2024-06-11
C00917,Tom Shah,Individual,Nigeria,Self-employed,BR07,Online,Medium,N,49400,2024-05-05
C00918,Northgate Trading PLC,Business,United Kingdom,Import/Export,BR02,Branch,High,N,76000,2025-10-08
C00919,Maria Hughes,Individual,United Kingdom,Retired,BR01,Online,Low,N,24100,2025-10-12
C00920,Chen Lopez,Individual,United Kingdom,Employee,BR08,Relationship Manager,Low,N,23200,2025-09-10
C00921,Silverline Imports Ltd,Business,United Kingdom,Retail,BR03,Online,Low,N,282000,2024-12-02
C00922,Silverline Retail Ltd,Business,United Kingdom,Hospitality,BR02,Online,Medium,N,455000,2025-09-22
C00923,Oakline Logistics PLC,Business,United Kingdom,Hospitality,BR07,Online,Low,N,764000,2025-07-16
C00924,James Hughes,Individual,United Kingdom,Employee,BR06,Online,Low,N,46400,2025-06-25
C00925,Ravi Carter,Individual,United States,Senior Public Official,BR10,Online,Medium,Y,69200,2025-03-16
C00926,Mei Singh,Individual,United Kingdom,Property Investor,BR08,Online,Low,N,81800,2024-07-14
C00927,Oakline Motors PLC,Business,United States,Retail,BR06,Relationship Manager,Low,N,1217000,2025-06-30
C00928,Maria Reid,Individual,United Kingdom,Retired,BR01,Online,Low,N,18200,2025-10-03
C00929,Thistle Holdings PLC,Business,India,Money Services,BR04,Branch,Medium,N,492000,2025-10-08
C00930,Daniel Walsh,Individual,United Kingdom,Employee,BR01,Online,Low,N,33700,2025-03-14
C00931,Sofia Rossi,Individual,Nigeria,Self-employed,BR04,Online,Medium,N,42100,2024-01-29
C00932,Meridian Construction Ltd,Business,United Kingdom,Retail,BR09,Online,Medium,N,1172000,2025-06-25
C00933,Zara Khan,Individual,United Kingdom,Employee,BR01,Online,Low,N,28800,2024-07-04
C00934,Brightwater Motors Ltd,Business,United Kingdom,Charity,BR08,Branch,Low,N,437000,2024-05-30
C00935,Jack Lopez,Individual,United Kingdom,Self-employed,BR04,Online,Low,N,53600,2024-02-27
C00936,Nadia Reid,Individual,Cyprus,Employee,BR01,Relationship Manager,Medium,N,18100,2024-04-25
C00937,Priya Fraser,Individual,Panama,Employee,BR08,Online,Medium,N,163700,2024-12-24
C00938,Grace Nowak,Individual,India,Property Investor,BR04,Online,Low,N,40600,2024-07-21
C00939,Hannah Lopez,Individual,United Kingdom,Employee,BR04,Online,Low,N,75400,2024-10-06
C00940,Daniel Evans,Individual,United States,Director,BR04,Online,Low,N,28300,2025-01-08
C00941,Maria Shah,Individual,India,Retired,BR01,Online,Low,N,56600,2025-01-20
C00942,Mei Mensah,Individual,United Kingdom,Employee,BR01,Online,Low,N,42600,2024-10-31
C00943,Nadia Nowak,Individual,United Kingdom,Self-employed,BR06,Online,Low,N,67100,2024-11-27
C00944,Jack Nowak,Individual,Germany,Self-employed,BR09,Online,Low,N,35600,2025-10-10
C00945,Priya Patel,Individual,United Kingdom,Student,BR06,Online,Low,N,101800,2024-07-25
C00946,Jack Evans,Individual,United Kingdom,Employee,BR08,Online,Low,N,16400,2024-01-10
C00947,Chen Patel,Individual,India,Employee,BR08,Branch,Low,N,70900,2025-08-07
C00948,Redwood Tech Ltd,Business,United Kingdom,Professional Services,BR01,Online,Medium,N,194000,2024-02-28
C00949,Kestrel Imports Ltd,Business,United Kingdom,Money Services,BR07,Online,High,N,405000,2025-07-20
C00950,Jack Rossi,Individual,United Kingdom,Student,BR07,Branch,Low,N,129500,2024-08-25
C00951,Mei Ali,Individual,India,Student,BR03,Branch,Low,N,121700,2025-09-07
C00952,Jack Nowak,Individual,Hong Kong,Self-employed,BR03,Online,Low,N,11600,2024-05-02
C00953,Olivia Reid,Individual,UAE,Employee,BR07,Online,Medium,N,44600,2024-04-30
C00954,Nadia Okafor,Individual,Ireland,Employee,BR10,Online,Low,N,61300,2024-10-24
C00955,Hannah Nowak,Individual,United Kingdom,Retired,BR10,Online,Low,N,52300,2024-11-02
C00956,Nadia Hughes,Individual,United Kingdom,Employee,BR04,Relationship Manager,Low,N,99600,2025-06-08
C00957,Bluefield Construction Ltd,Business,United Kingdom,Import/Export,BR07,Branch,Medium,N,1045000,2025-04-18
C00958,Amir Patel,Individual,United Kingdom,Employee,BR04,Online,Low,N,47100,2025-12-27
C00959,Ethan Carter,Individual,France,Employee,BR08,Online,Low,N,157400,2025-05-10
C00960,Ironbridge Retail PLC,Business,France,Technology,BR06,Online,Medium,N,146000,2024-05-27
C00961,Crest Holdings PLC,Business,United Kingdom,Professional Services,BR09,Introducer,Medium,N,113000,2024-03-05
C00962,Olivia Ali,Individual,Pakistan,Employee,BR10,Relationship Manager,Medium,N,28800,2024-07-13
C00963,Tom Fraser,Individual,Germany,Self-employed,BR03,Branch,Low,N,84600,2025-12-19
C00964,Chen Doyle,Individual,United Kingdom,Self-employed,BR10,Branch,Low,N,24900,2025-07-15
C00965,Nadia Hughes,Individual,United Kingdom,Property Investor,BR06,Relationship Manager,Low,N,31400,2025-06-25
C00966,Oakline Trading LLP,Business,United Kingdom,Technology,BR02,Branch,Medium,N,382000,2024-07-17
C00967,Sofia Nowak,Individual,United Kingdom,Student,BR01,Relationship Manager,Low,N,49700,2024-12-08
C00968,Zara Brooks,Individual,United Kingdom,Employee,BR06,Branch,Low,N,35700,2025-05-29
C00969,Olivia Okafor,Individual,United Kingdom,Employee,BR02,Online,Low,N,18200,2025-11-23
C00970,Olivia Lopez,Individual,United Kingdom,Senior Public Official,BR02,Branch,High,Y,80600,2025-03-02
C00971,Oakline Trading Ltd,Business,United Kingdom,Hospitality,BR05,Online,Medium,N,306000,2024-01-16
C00972,Mei Rossi,Individual,Nigeria,Property Investor,BR01,Branch,Medium,N,134900,2025-09-16
C00973,Nadia Evans,Individual,India,Self-employed,BR03,Online,Low,N,48200,2025-11-13
C00974,Harbour Consulting Ltd,Business,United Kingdom,Retail,BR07,Relationship Manager,Medium,N,2469000,2024-01-25
C00975,Ironbridge Foods LLP,Business,United Kingdom,Real Estate,BR01,Branch,High,N,431000,2024-10-13
C00976,Priya Mensah,Individual,United Kingdom,Self-employed,BR05,Online,Low,N,88300,2025-12-17
C00977,Chen Brooks,Individual,United Kingdom,Employee,BR01,Branch,Low,N,56500,2025-11-28
C00978,Hannah Fraser,Individual,United Kingdom,Employee,BR08,Online,Low,N,46200,2025-12-05
C00979,Ethan Reid,Individual,United Kingdom,Student,BR03,Branch,Low,N,77300,2025-12-14
C00980,Priya Walsh,Individual,United Kingdom,Employee,BR08,Online,Low,N,178400,2024-01-17
C00981,Zara Singh,Individual,Hong Kong,Employee,BR07,Relationship Manager,Low,N,34100,2024-04-20
C00982,Crest Tech Ltd,Business,United Kingdom,Precious Metals,BR08,Relationship Manager,Medium,N,1705000,2024-12-31
C00983,Meridian Trading LLP,Business,UAE,Import/Export,BR04,Relationship Manager,High,N,1716000,2025-03-16
C00984,Meridian Foods PLC,Business,United Kingdom,Real Estate,BR04,Branch,High,N,156000,2024-10-20
C00985,Meridian Trading LLP,Business,United Kingdom,Crypto Assets,BR01,Branch,High,N,183000,2024-07-14
C00986,Harbour Property Ltd,Business,Cyprus,Crypto Assets,BR04,Branch,High,N,742000,2024-07-04
C00987,Larkspur Retail LLP,Business,United Kingdom,Hospitality,BR04,Online,Low,N,1291000,2025-03-17
C00988,Kestrel Imports PLC,Business,Ireland,Professional Services,BR05,Branch,Low,N,355000,2025-12-15
C00989,Ethan Doyle,Individual,Russia,Student,BR01,Relationship Manager,Medium,N,25400,2025-08-26
C00990,Mei Mensah,Individual,United Kingdom,Employee,BR04,Introducer,Low,N,69700,2024-05-07
C00991,Amir Evans,Individual,United Kingdom,Retired,BR04,Branch,Low,N,44800,2024-04-18
C00992,Maria Ali,Individual,United Kingdom,Self-employed,BR05,Branch,Low,N,35800,2024-07-11
C00993,Luca Fraser,Individual,United Kingdom,Employee,BR06,Online,Low,N,69100,2025-06-19
C00994,Tom Rossi,Individual,United Kingdom,Self-employed,BR03,Online,Low,N,60400,2024-01-07
C00995,Maria Reid,Individual,United Kingdom,Employee,BR04,Online,Low,N,51700,2025-05-29
C00996,Daniel Carter,Individual,Pakistan,Director,BR03,Branch,Medium,N,73800,2025-02-28
C00997,Mei Okafor,Individual,Germany,Employee,BR07,Relationship Manager,Low,N,45300,2025-04-27
C00998,Brightwater Construction Ltd,Business,United Kingdom,Crypto Assets,BR07,Online,High,N,240000,2025-09-21
C00999,Oakline Consulting Ltd,Business,United Kingdom,Retail,BR02,Branch,Low,N,358000,2025-03-08
C01000,Priya Okafor,Individual,Germany,Student,BR02,Branch,Low,N,13600,2025-03-30
C01001,Maria Ali,Individual,United States,Director,BR06,Relationship Manager,Low,N,59500,2024-12-17
C01002,James Mensah,Individual,United Kingdom,Employee,BR07,Branch,Low,N,68700,2025-04-21
C01003,Meridian Trading Ltd,Business,United Kingdom,Retail,BR01,Relationship Manager,Medium,N,294000,2024-10-05
C01004,Northgate Motors LLP,Business,UAE,Technology,BR03,Online,Medium,N,484000,2024-02-18
C01005,Luca Walsh,Individual,United States,Retired,BR02,Introducer,Low,N,71700,2024-01-19
C01006,Pinnacle Consulting LLP,Business,United States,Construction,BR07,Relationship Manager,Low,N,479000,2025-06-06
C01007,Mei Fraser,Individual,United Kingdom,Employee,BR01,Relationship Manager,Low,N,37600,2025-04-10
C01008,Hannah Singh,Individual,United Kingdom,Retired,BR07,Online,Low,N,17200,2024-10-25
C01009,Summit Motors Ltd,Business,United Kingdom,Professional Services,BR06,Online,Medium,N,337000,2025-06-29
C01010,Jack Lopez,Individual,United Kingdom,Self-employed,BR08,Branch,Low,N,105800,2024-12-12
C01011,Ravi Ali,Individual,Pakistan,Employee,BR10,Online,Medium,N,77300,2024-07-05
C01012,Daniel Singh,Individual,United Kingdom,Employee,BR04,Online,Low,N,59700,2025-03-03
C01013,Maria Mensah,Individual,Ireland,Retired,BR06,Online,Low,N,36000,2024-10-03
C01014,Kestrel Construction Ltd,Business,United States,Construction,BR06,Online,Low,N,397000,2025-12-13
C01015,Ironbridge Motors Ltd,Business,Russia,Crypto Assets,BR08,Branch,High,N,315000,2025-06-11
C01016,Maria Evans,Individual,Ireland,Self-employed,BR04,Online,Low,N,78200,2025-06-30
C01017,Amir Mensah,Individual,Cyprus,Employee,BR01,Branch,Medium,N,51300,2025-05-17
C01018,Meridian Retail Ltd,Business,United Kingdom,Hospitality,BR10,Online,Medium,N,63000,2025-05-14
C01019,Chen Reid,Individual,United Kingdom,Employee,BR01,Online,Low,N,42700,2025-07-19
C01020,Northgate Motors LLP,Business,United Kingdom,Technology,BR10,Relationship Manager,Medium,N,452000,2024-11-11
C01021,Jack Reid,Individual,Russia,Self-employed,BR02,Online,Medium,N,65000,2025-08-23
C01022,Hannah Rossi,Individual,United States,Student,BR04,Relationship Manager,Low,N,26500,2024-01-26
C01023,Kestrel Tech Ltd,Business,United Kingdom,Hospitality,BR10,Introducer,Medium,N,39000,2025-05-02
C01024,James Walsh,Individual,United Kingdom,Employee,BR06,Branch,Low,N,65600,2025-01-28
C01025,Aisha Nowak,Individual,United Kingdom,Employee,BR05,Online,Low,N,56100,2024-01-07
C01026,Ethan Doyle,Individual,United Kingdom,Student,BR03,Branch,Low,N,46100,2025-04-28
C01027,Amir Carter,Individual,UAE,Employee,BR02,Relationship Manager,Medium,N,149500,2024-01-02
C01028,Hannah Shah,Individual,United Kingdom,Employee,BR01,Online,Low,N,58700,2025-05-29
C01029,Priya Shah,Individual,Nigeria,Employee,BR05,Branch,Medium,N,27300,2025-01-18
C01030,Pinnacle Capital Ltd,Business,United Kingdom,Hospitality,BR03,Branch,Medium,N,317000,2025-03-20
C01031,Kestrel Capital Ltd,Business,United Kingdom,Precious Metals,BR02,Online,Medium,N,119000,2025-03-21
C01032,Ethan Okafor,Individual,United Kingdom,Self-employed,BR03,Branch,Low,N,85800,2024-08-07
C01033,Olivia Rossi,Individual,Panama,Property Investor,BR10,Online,Medium,N,47500,2025-03-30
C01034,Northgate Holdings Ltd,Business,United Kingdom,Retail,BR08,Relationship Manager,Medium,N,699000,2024-06-10
C01035,Ironbridge Imports LLP,Business,United Kingdom,Real Estate,BR03,Branch,Medium,N,712000,2025-07-08
C01036,Omar Singh,Individual,United Kingdom,Employee,BR10,Online,Low,N,41600,2024-03-06
C01037,Tom Hughes,Individual,United States,Retired,BR04,Online,Low,N,38800,2024-04-13
C01038,Tom Okafor,Individual,UAE,Self-employed,BR03,Online,Medium,N,21700,2025-05-28
C01039,Zara Walsh,Individual,Nigeria,Employee,BR03,Branch,Medium,N,35100,2024-02-12
C01040,Luca Rossi,Individual,United Kingdom,Retired,BR08,Branch,Low,N,52100,2025-12-10
C01041,Nadia Mensah,Individual,Pakistan,Employee,BR02,Introducer,Medium,N,40000,2024-01-23
C01042,Silverline Consulting PLC,Business,United Kingdom,Professional Services,BR02,Online,Low,N,1291000,2025-01-18
C01043,Harbour Capital Ltd,Business,France,Hospitality,BR10,Online,Medium,N,100000,2025-12-20
C01044,Oakline Tech Ltd,Business,United Kingdom,Retail,BR07,Relationship Manager,Medium,N,155000,2025-05-07
C01045,Chen Nowak,Individual,United Kingdom,Senior Public Official,BR07,Branch,High,Y,45100,2025-04-07
C01046,Aisha Brooks,Individual,Panama,Student,BR07,Branch,Medium,N,42200,2025-05-21
C01047,Harbour Foods PLC,Business,Russia,Import/Export,BR06,Branch,High,N,1372000,2025-05-31
C01048,Thistle Trading PLC,Business,United Kingdom,Technology,BR01,Relationship Manager,Low,N,3052000,2024-04-28
C01049,James Ali,Individual,United Kingdom,Retired,BR07,Online,Low,N,41800,2024-08-13
C01050,Pinnacle Construction Ltd,Business,United States,Hospitality,BR02,Online,Medium,N,1370000,2024-05-20
C01051,Sofia Doyle,Individual,Panama,Employee,BR01,Branch,Medium,N,47400,2024-06-03
C01052,Larkspur Consulting Ltd,Business,India,Construction,BR10,Relationship Manager,Low,N,1027000,2024-06-01
C01053,Tom Wright,Individual,United Kingdom,Director,BR01,Relationship Manager,Low,N,79200,2025-04-11
C01054,Tom Shah,Individual,United Kingdom,Director,BR01,Online,Low,N,98500,2025-11-12
C01055,Omar Doyle,Individual,United States,Student,BR02,Branch,Low,N,91200,2025-02-12
C01056,James Reid,Individual,India,Employee,BR08,Online,Low,N,102500,2024-01-12
C01057,Grace Murray,Individual,India,Employee,BR10,Branch,Low,N,20100,2025-05-21
C01058,Zara Mensah,Individual,Germany,Retired,BR01,Branch,Low,N,59200,2025-01-30
C01059,Jack Brooks,Individual,United Kingdom,Employee,BR03,Online,Low,N,83400,2025-07-22
C01060,Northgate Imports PLC,Business,United Kingdom,Real Estate,BR07,Online,Medium,N,1161000,2024-10-02
C01061,Olivia Mensah,Individual,Nigeria,Employee,BR06,Relationship Manager,Medium,N,25300,2024-11-09
C01062,Chen Reid,Individual,United Kingdom,Employee,BR02,Branch,Low,N,59500,2025-04-26
C01063,Kestrel Consulting Ltd,Business,Germany,Precious Metals,BR03,Branch,High,N,457000,2025-06-01
C01064,James Fraser,Individual,India,Property Investor,BR05,Online,Low,N,121600,2024-06-10
C01065,Aisha Mensah,Individual,UAE,Student,BR01,Online,Medium,N,17500,2025-03-04
C01066,Crest Capital Ltd,Business,United Kingdom,Hospitality,BR07,Online,Low,N,736000,2025-12-03
C01067,Bluefield Imports Ltd,Business,India,Hospitality,BR02,Online,Low,N,565000,2024-02-17
C01068,Daniel Patel,Individual,United Kingdom,Director,BR08,Branch,Low,N,43800,2024-08-30
C01069,Pinnacle Property Ltd,Business,United Kingdom,Real Estate,BR06,Online,Medium,N,445000,2025-01-25
C01070,Omar Lopez,Individual,United Kingdom,Employee,BR06,Introducer,Low,N,39100,2025-11-07
C01071,Olivia Rossi,Individual,United Kingdom,Self-employed,BR07,Branch,Low,N,42600,2025-12-08
C01072,Northgate Capital Ltd,Business,Cyprus,Professional Services,BR01,Online,High,N,153000,2025-03-06
C01073,Grace Ali,Individual,United States,Employee,BR02,Branch,Low,N,37400,2025-02-03
C01074,Kestrel Construction Ltd,Business,United Kingdom,Technology,BR04,Online,Medium,N,545000,2024-10-29
C01075,Amir Carter,Individual,UAE,Self-employed,BR07,Relationship Manager,Medium,N,50800,2024-11-21
C01076,Bluefield Tech LLP,Business,United Kingdom,Professional Services,BR08,Online,Low,N,1906000,2025-06-20
C01077,Olivia Hughes,Individual,France,Employee,BR03,Branch,Low,N,37900,2025-02-01
C01078,Luca Fraser,Individual,Pakistan,Property Investor,BR07,Online,High,Y,62600,2025-02-08
C01079,Daniel Shah,Individual,United Kingdom,Self-employed,BR02,Branch,Low,N,70100,2025-09-08
C01080,Mei Doyle,Individual,United Kingdom,Self-employed,BR01,Online,Low,N,87500,2024-04-11
C01081,Redwood Retail PLC,Business,United Kingdom,Retail,BR02,Relationship Manager,Medium,N,3886000,2025-12-01
C01082,Luca Singh,Individual,United Kingdom,Property Investor,BR09,Branch,Low,N,49700,2025-05-29
C01083,Omar Brooks,Individual,Cyprus,Senior Public Official,BR04,Online,High,Y,63000,2025-03-04
C01084,Priya Walsh,Individual,United Kingdom,Employee,BR04,Online,Low,N,28100,2025-02-27
C01085,Olivia Lopez,Individual,United Kingdom,Employee,BR07,Relationship Manager,Low,N,27400,2025-02-25
C01086,Brightwater Imports Ltd,Business,United Kingdom,Precious Metals,BR01,Branch,High,N,579000,2025-02-17
C01087,Maria Reid,Individual,United States,Retired,BR01,Online,Low,N,18700,2024-09-13
C01088,Crest Tech Ltd,Business,United Kingdom,Import/Export,BR01,Branch,High,N,898000,2025-06-23
C01089,Mei Ali,Individual,France,Property Investor,BR01,Branch,Low,N,75300,2024-07-03
C01090,Daniel Lopez,Individual,France,Self-employed,BR04,Branch,Low,N,26200,2025-04-22
C01091,Maria Wright,Individual,United Kingdom,Employee,BR02,Online,Low,N,52100,2025-01-19
C01092,Ravi Fraser,Individual,United Kingdom,Employee,BR07,Branch,Low,N,27500,2024-09-24
C01093,Crest Construction LLP,Business,United Kingdom,Technology,BR08,Introducer,Medium,N,105000,2025-08-10
C01094,Pinnacle Imports Ltd,Business,United Kingdom,Professional Services,BR09,Online,Medium,N,398000,2024-08-20
C01095,Thistle Capital PLC,Business,France,Professional Services,BR02,Relationship Manager,Medium,N,337000,2025-04-27
C01096,Zara Nowak,Individual,Nigeria,Student,BR04,Branch,Medium,N,18600,2024-07-02
C01097,Aisha Evans,Individual,United Kingdom,Employee,BR01,Online,High,Y,45700,2024-05-26
C01098,Grace Brooks,Individual,United Kingdom,Retired,BR02,Online,Low,N,47200,2025-02-24
C01099,Tom Nowak,Individual,United Kingdom,Employee,BR05,Online,Low,N,59900,2025-12-14
C01100,Meridian Property Ltd,Business,United Kingdom,Construction,BR03,Online,Low,N,71000,2024-08-07
C01101,Sofia Reid,Individual,India,Employee,BR06,Relationship Manager,Low,N,25200,2024-03-24
C01102,Amir Singh,Individual,Nigeria,Self-employed,BR08,Online,Medium,N,28400,2024-03-29
C01103,Silverline Logistics Ltd,Business,India,Import/Export,BR01,Relationship Manager,Medium,N,789000,2024-12-25
C01104,Thistle Imports Ltd,Business,United Kingdom,Hospitality,BR09,Branch,Medium,N,472000,2025-07-26
C01105,Priya Singh,Individual,United Kingdom,Employee,BR01,Online,Low,N,64900,2025-06-04
C01106,Ravi Fraser,Individual,United Kingdom,Employee,BR10,Online,Low,N,28200,2024-06-01
C01107,Priya Fraser,Individual,Panama,Student,BR05,Online,Medium,N,78900,2025-09-02
C01108,Hannah Hughes,Individual,Ireland,Property Investor,BR01,Online,Low,N,65000,2024-04-30
C01109,James Walsh,Individual,Cyprus,Student,BR03,Online,Medium,N,45000,2025-02-12
C01110,Luca Doyle,Individual,United Kingdom,Employee,BR02,Relationship Manager,Low,N,28300,2025-09-12
C01111,Summit Consulting Ltd,Business,United Kingdom,Money Services,BR07,Branch,Medium,N,568000,2025-08-13
C01112,Crest Property Ltd,Business,India,Construction,BR02,Branch,Low,N,787000,2025-05-28
C01113,Omar Ali,Individual,United Kingdom,Employee,BR08,Branch,Low,N,20800,2024-08-29
C01114,Jack Ali,Individual,Ireland,Employee,BR02,Branch,Low,N,24800,2025-07-14
C01115,Daniel Ali,Individual,United Kingdom,Employee,BR10,Online,Low,N,27500,2024-10-09
C01116,Priya Mensah,Individual,Panama,Employee,BR02,Online,Medium,N,31400,2024-09-13
C01117,Ravi Nowak,Individual,United Kingdom,Retired,BR06,Online,Low,N,39800,2025-01-24
C01118,Zara Ali,Individual,Cyprus,Employee,BR08,Relationship Manager,Medium,N,71300,2025-03-27
C01119,Chen Nowak,Individual,United Kingdom,Student,BR02,Relationship Manager,Low,N,52900,2024-06-01
C01120,Grace Rossi,Individual,United Kingdom,Director,BR01,Online,Low,N,41600,2025-11-12
C01121,Luca Hughes,Individual,United Kingdom,Self-employed,BR05,Online,Low,N,47400,2025-09-25
C01122,Nadia Carter,Individual,United Kingdom,Employee,BR06,Branch,Low,N,58400,2024-07-25
C01123,Oakline Motors LLP,Business,Hong Kong,Import/Export,BR08,Online,High,N,721000,2024-06-25
C01124,Ethan Okafor,Individual,United States,Employee,BR02,Online,Low,N,76300,2024-02-20
C01125,Tom Doyle,Individual,Russia,Employee,BR08,Branch,Medium,N,24400,2024-10-23
C01126,Oakline Logistics Ltd,Business,Panama,Hospitality,BR09,Relationship Manager,Medium,N,181000,2024-05-04
C01127,Grace Lopez,Individual,Germany,Retired,BR07,Online,Low,N,49200,2025-11-11
C01128,Grace Doyle,Individual,United Kingdom,Retired,BR01,Branch,Low,N,38400,2025-10-18
C01129,Ironbridge Motors Ltd,Business,UAE,Technology,BR01,Online,Medium,N,1078000,2025-08-28
C01130,Zara Rossi,Individual,United Kingdom,Self-employed,BR10,Online,Low,N,43700,2024-07-24
C01131,Grace Evans,Individual,UAE,Employee,BR07,Online,Medium,N,33700,2025-05-19
C01132,Jack Brooks,Individual,United Kingdom,Retired,BR05,Branch,Low,N,100400,2024-12-25
C01133,Zara Shah,Individual,Germany,Retired,BR09,Branch,Low,N,61400,2024-07-18
C01134,Maria Murray,Individual,United Kingdom,Employee,BR01,Online,Low,N,48100,2025-01-25
C01135,Aisha Reid,Individual,United Kingdom,Property Investor,BR07,Online,Low,N,60800,2024-04-30
C01136,Grace Okafor,Individual,United Kingdom,Retired,BR06,Branch,Low,N,26300,2025-12-02
C01137,Maria Murray,Individual,United Kingdom,Employee,BR08,Relationship Manager,Low,N,148000,2024-04-29
C01138,Ethan Patel,Individual,United Kingdom,Employee,BR07,Relationship Manager,Low,N,20900,2024-08-08
C01139,Ravi Fraser,Individual,United Kingdom,Employee,BR04,Online,Low,N,43000,2024-06-10
C01140,Chen Okafor,Individual,United Kingdom,Student,BR01,Relationship Manager,Low,N,33800,2025-01-16
C01141,Brightwater Consulting Ltd,Business,United Kingdom,Retail,BR09,Online,Low,N,1221000,2025-05-06
C01142,Grace Walsh,Individual,United Kingdom,Employee,BR07,Branch,Low,N,30600,2025-12-01
C01143,Luca Shah,Individual,UAE,Self-employed,BR03,Online,Medium,N,25300,2024-10-11
C01144,James Rossi,Individual,United Kingdom,Retired,BR10,Online,Low,N,81900,2024-05-27
C01145,James Lopez,Individual,United Kingdom,Retired,BR02,Online,Low,N,19500,2024-01-16
C01146,Luca Rossi,Individual,United Kingdom,Student,BR03,Introducer,Low,N,72400,2025-03-13
C01147,Daniel Wright,Individual,United Kingdom,Employee,BR10,Online,Low,N,59200,2025-12-16
C01148,Priya Ali,Individual,United Kingdom,Employee,BR06,Branch,Low,N,31900,2024-02-16
C01149,Brightwater Holdings Ltd,Business,Ireland,Precious Metals,BR08,Branch,Medium,N,407000,2025-12-29
C01150,Oakline Imports Ltd,Business,United Kingdom,Professional Services,BR09,Relationship Manager,Medium,N,277000,2024-07-11
C01151,Aisha Ali,Individual,United Kingdom,Self-employed,BR04,Branch,Medium,Y,20700,2025-10-26
C01152,Priya Brooks,Individual,United Kingdom,Property Investor,BR02,Relationship Manager,Low,N,20900,2024-02-20
C01153,Amir Nowak,Individual,United Kingdom,Self-employed,BR08,Branch,Low,N,59500,2025-10-13
C01154,Chen Rossi,Individual,United Kingdom,Self-employed,BR04,Relationship Manager,Low,N,57600,2024-08-29
C01155,James Walsh,Individual,Germany,Self-employed,BR05,Branch,Low,N,46400,2024-07-19
C01156,Summit Construction Ltd,Business,United Kingdom,Technology,BR04,Branch,Medium,N,212000,2024-05-30
C01157,Larkspur Construction Ltd,Business,India,Hospitality,BR01,Branch,Low,N,269000,2024-04-07
C01158,Oakline Tech LLP,Business,United Kingdom,Hospitality,BR01,Branch,Low,N,543000,2025-08-06
C01159,James Brooks,Individual,United Kingdom,Employee,BR05,Branch,Low,N,14100,2024-02-20
C01160,Larkspur Construction Ltd,Business,United Kingdom,Money Services,BR07,Branch,Medium,N,1711000,2024-12-04
C01161,Chen Khan,Individual,United Kingdom,Employee,BR04,Online,Low,N,54900,2025-11-24
C01162,Sofia Khan,Individual,United Kingdom,Employee,BR02,Online,Low,N,41800,2024-10-23
C01163,Daniel Evans,Individual,UAE,Student,BR03,Branch,Medium,N,116000,2025-08-27
C01164,Northgate Consulting Ltd,Business,India,Retail,BR07,Online,Low,N,1686000,2025-05-21
C01165,Priya Reid,Individual,United Kingdom,Self-employed,BR01,Relationship Manager,Low,N,27000,2025-08-04
C01166,Meridian Retail LLP,Business,United Kingdom,Professional Services,BR05,Introducer,Low,N,1871000,2025-11-23
C01167,Amir Shah,Individual,Pakistan,Employee,BR06,Online,Medium,N,46500,2024-03-12
C01168,Redwood Tech Ltd,Business,United Kingdom,Retail,BR03,Online,Low,N,382000,2024-08-08
C01169,Maria Evans,Individual,United Kingdom,Employee,BR05,Introducer,Low,N,57600,2024-08-22
C01170,Sofia Brooks,Individual,UAE,Property Investor,BR09,Introducer,Medium,N,46600,2024-02-18
C01171,Ironbridge Trading Ltd,Business,United Kingdom,Charity,BR02,Relationship Manager,Low,N,1031000,2024-03-18
C01172,Omar Brooks,Individual,United Kingdom,Student,BR01,Online,Low,N,37400,2024-03-21
C01173,Mei Wright,Individual,United Kingdom,Self-employed,BR01,Online,Low,N,24700,2025-11-25
C01174,Nadia Reid,Individual,United Kingdom,Student,BR07,Relationship Manager,Low,N,30600,2025-09-18
C01175,Nadia Khan,Individual,United Kingdom,Senior Public Official,BR09,Online,High,Y,18000,2025-03-06
C01176,Luca Hughes,Individual,Ireland,Employee,BR06,Branch,Low,N,51500,2025-09-10
C01177,Daniel Lopez,Individual,United Kingdom,Employee,BR10,Introducer,Low,N,115500,2024-09-08
C01178,Amir Lopez,Individual,United Kingdom,Student,BR06,Relationship Manager,Low,N,47100,2024-12-13
C01179,Kestrel Consulting Ltd,Business,United Kingdom,Charity,BR02,Branch,Low,N,1547000,2025-10-07
C01180,Ravi Mensah,Individual,UAE,Employee,BR02,Branch,Medium,N,47600,2024-04-17
C01181,Ravi Singh,Individual,United Kingdom,Employee,BR06,Relationship Manager,Low,N,35700,2024-04-16
C01182,Nadia Singh,Individual,India,Employee,BR06,Online,Low,N,20700,2025-01-19
C01183,Aisha Khan,Individual,United Kingdom,Employee,BR04,Online,Low,N,49600,2024-07-03
C01184,Chen Walsh,Individual,United Kingdom,Student,BR04,Branch,Low,N,68000,2025-05-03
C01185,Brightwater Holdings Ltd,Business,United Kingdom,Construction,BR03,Branch,Medium,N,787000,2025-04-09
C01186,Harbour Imports Ltd,Business,United Kingdom,Crypto Assets,BR03,Online,Medium,N,333000,2024-08-30
C01187,Aisha Lopez,Individual,United Kingdom,Retired,BR05,Introducer,Low,N,12000,2024-03-25
C01188,Mei Walsh,Individual,Nigeria,Employee,BR07,Online,Medium,N,26900,2024-03-01
C01189,Hannah Hughes,Individual,United States,Retired,BR08,Branch,Low,N,36600,2024-11-19
C01190,Olivia Shah,Individual,Nigeria,Student,BR02,Branch,Medium,N,29400,2024-08-23
C01191,Jack Rossi,Individual,United Kingdom,Employee,BR08,Branch,Low,N,26600,2024-01-25
C01192,James Wright,Individual,United Kingdom,Employee,BR02,Introducer,Low,N,56400,2025-05-19
C01193,Olivia Carter,Individual,Ireland,Retired,BR02,Online,Low,N,53000,2025-11-30
C01194,Jack Evans,Individual,United Kingdom,Employee,BR08,Introducer,Low,N,45200,2025-12-16
C01195,Amir Lopez,Individual,Nigeria,Employee,BR10,Relationship Manager,Medium,N,65500,2024-03-27
C01196,Aisha Ali,Individual,UAE,Employee,BR09,Online,Medium,N,27100,2024-05-18
C01197,Hannah Hughes,Individual,United Kingdom,Employee,BR01,Branch,Low,N,20800,2024-11-11
C01198,Ethan Mensah,Individual,United States,Self-employed,BR02,Introducer,Low,N,29300,2025-10-30
C01199,Redwood Capital LLP,Business,UAE,Professional Services,BR07,Branch,Medium,N,2022000,2025-02-24
C01200,Maria Reid,Individual,United Kingdom,Self-employed,BR08,Relationship Manager,Low,N,11700,2024-11-29
C01201,Ethan Reid,Individual,United States,Employee,BR04,Online,Low,N,28900,2025-11-07
C01202,Grace Fraser,Individual,United Kingdom,Retired,BR01,Online,Low,N,77900,2025-04-29
C01203,Crest Foods Ltd,Business,United Kingdom,Hospitality,BR04,Online,Medium,N,313000,2025-12-20
C01204,Ethan Rossi,Individual,United Kingdom,Director,BR01,Online,Low,N,55000,2025-09-23
C01205,Summit Construction Ltd,Business,United Kingdom,Technology,BR02,Online,Low,N,1723000,2025-12-30
C01206,Bluefield Construction Ltd,Business,United Kingdom,Professional Services,BR06,Online,Low,N,828000,2025-02-11
C01207,Grace Ali,Individual,Cyprus,Self-employed,BR01,Branch,Medium,N,21200,2024-09-30
C01208,Mei Ali,Individual,United Kingdom,Employee,BR06,Online,Low,N,22500,2024-02-14
C01209,Hannah Reid,Individual,United Kingdom,Retired,BR05,Online,Low,N,78800,2025-06-17
C01210,Crest Capital PLC,Business,Ireland,Money Services,BR03,Relationship Manager,High,N,1227000,2024-07-13
C01211,Amir Carter,Individual,United Kingdom,Employee,BR03,Relationship Manager,Low,N,26800,2024-01-09
C01212,Summit Trading Ltd,Business,India,Professional Services,BR09,Online,Medium,N,680000,2025-08-09
C01213,Mei Evans,Individual,United Kingdom,Employee,BR05,Introducer,Low,N,30900,2024-11-06
C01214,James Evans,Individual,Russia,Retired,BR09,Online,Medium,N,24300,2025-02-08
C01215,Chen Reid,Individual,France,Retired,BR03,Branch,Low,N,23900,2025-07-27
C01216,Olivia Doyle,Individual,United Kingdom,Employee,BR05,Branch,Low,N,48700,2024-08-28
C01217,Tom Carter,Individual,United Kingdom,Employee,BR10,Relationship Manager,Low,N,45400,2025-08-20
C01218,Nadia Evans,Individual,United Kingdom,Employee,BR01,Online,Low,N,99700,2025-03-02
C01219,Ironbridge Imports PLC,Business,Hong Kong,Real Estate,BR02,Relationship Manager,High,N,547000,2025-02-18
C01220,Redwood Trading Ltd,Business,Germany,Professional Services,BR09,Online,Low,N,274000,2024-07-15
C01221,Maria Murray,Individual,United Kingdom,Employee,BR03,Branch,Low,N,95200,2025-07-30
C01222,Grace Singh,Individual,United Kingdom,Senior Public Official,BR02,Online,High,Y,72500,2024-06-25
C01223,Hannah Okafor,Individual,Pakistan,Employee,BR10,Online,Medium,N,43800,2025-03-28
C01224,Oakline Construction Ltd,Business,United Kingdom,Import/Export,BR01,Online,High,N,1348000,2025-08-28
C01225,Daniel Doyle,Individual,France,Employee,BR05,Relationship Manager,Low,N,24700,2024-03-26
C01226,Kestrel Construction LLP,Business,India,Hospitality,BR07,Online,Medium,N,1355000,2024-10-19
C01227,Hannah Reid,Individual,United Kingdom,Self-employed,BR07,Online,Low,N,41000,2025-05-10
C01228,Mei Nowak,Individual,United Kingdom,Employee,BR04,Online,Low,N,29600,2024-07-19
C01229,Zara Nowak,Individual,United Kingdom,Employee,BR01,Online,Low,N,105000,2024-01-21
C01230,Chen Khan,Individual,United Kingdom,Property Investor,BR08,Relationship Manager,Low,N,15600,2024-10-26
C01231,Brightwater Property Ltd,Business,Hong Kong,Technology,BR08,Branch,Medium,N,1249000,2024-12-29
C01232,Sofia Wright,Individual,France,Student,BR02,Online,Low,N,46500,2025-11-03
C01233,Grace Walsh,Individual,UAE,Employee,BR03,Online,Medium,N,54900,2025-08-13
C01234,Crest Tech Ltd,Business,United Kingdom,Retail,BR04,Branch,Low,N,5757000,2024-05-12
C01235,Kestrel Foods Ltd,Business,United Kingdom,Professional Services,BR01,Online,Medium,N,1540000,2024-07-21
C01236,Ironbridge Capital Ltd,Business,France,Crypto Assets,BR08,Online,High,N,1337000,2024-05-15
C01237,Tom Fraser,Individual,United Kingdom,Retired,BR09,Online,Low,N,90500,2025-10-27
C01238,James Brooks,Individual,United Kingdom,Employee,BR02,Online,Low,N,124600,2024-09-15
C01239,Northgate Tech Ltd,Business,United Kingdom,Charity,BR09,Branch,Medium,N,535000,2025-10-13
C01240,Nadia Mensah,Individual,Ireland,Employee,BR08,Branch,Low,N,36200,2024-02-14
C01241,Chen Walsh,Individual,India,Self-employed,BR07,Online,Low,N,24300,2025-02-12
C01242,Kestrel Tech PLC,Business,United Kingdom,Professional Services,BR10,Online,Low,N,207000,2024-02-24
C01243,Ethan Khan,Individual,Pakistan,Employee,BR03,Online,Medium,N,100400,2025-02-09
C01244,Ethan Lopez,Individual,United Kingdom,Director,BR09,Branch,Low,N,85300,2024-01-09
C01245,Larkspur Property LLP,Business,United Kingdom,Technology,BR01,Online,Low,N,251000,2024-04-24
C01246,Luca Nowak,Individual,United Kingdom,Employee,BR04,Online,Low,N,24300,2024-04-16
C01247,Olivia Carter,Individual,Nigeria,Employee,BR05,Relationship Manager,Medium,N,40300,2025-06-02
C01248,Nadia Singh,Individual,United Kingdom,Self-employed,BR01,Online,Low,N,91900,2025-04-13
C01249,Hannah Fraser,Individual,United Kingdom,Employee,BR07,Online,Low,N,31600,2025-02-12
C01250,Amir Nowak,Individual,United Kingdom,Self-employed,BR04,Online,Low,N,13500,2024-05-23
C01251,Oakline Capital Ltd,Business,Germany,Real Estate,BR04,Online,Medium,N,775000,2024-07-13
C01252,Harbour Trading LLP,Business,Nigeria,Construction,BR05,Relationship Manager,High,N,971000,2024-10-03
C01253,Mei Lopez,Individual,United Kingdom,Employee,BR01,Branch,Low,N,13500,2025-12-16
C01254,Maria Nowak,Individual,Cyprus,Employee,BR02,Online,Medium,N,46100,2025-05-30
C01255,Oakline Motors Ltd,Business,United Kingdom,Crypto Assets,BR02,Branch,Medium,N,319000,2024-01-24
C01256,Ravi Walsh,Individual,United Kingdom,Employee,BR10,Branch,Low,N,122500,2024-01-24
C01257,Chen Rossi,Individual,United Kingdom,Self-employed,BR07,Branch,Low,N,18000,2024-09-11
C01258,Amir Fraser,Individual,France,Employee,BR04,Branch,Low,N,62200,2024-06-01
C01259,Maria Rossi,Individual,United Kingdom,Student,BR06,Branch,Low,N,71700,2024-10-24
C01260,Chen Patel,Individual,United Kingdom,Employee,BR06,Branch,Low,N,54800,2025-12-28
C01261,Maria Lopez,Individual,United Kingdom,Employee,BR02,Branch,Low,N,21900,2024-05-23
C01262,Chen Carter,Individual,United Kingdom,Student,BR01,Branch,Low,N,21200,2025-03-12
C01263,Maria Lopez,Individual,Ireland,Student,BR05,Branch,Low,N,42500,2024-12-18
C01264,Daniel Rossi,Individual,Russia,Employee,BR02,Online,Medium,N,42400,2025-04-27
C01265,Priya Fraser,Individual,United Kingdom,Employee,BR08,Relationship Manager,Low,N,28700,2025-02-03
C01266,Hannah Doyle,Individual,Ireland,Property Investor,BR02,Online,Low,N,87100,2025-01-12
C01267,Luca Fraser,Individual,United Kingdom,Employee,BR05,Branch,Low,N,31600,2024-07-20
C01268,Aisha Carter,Individual,United Kingdom,Employee,BR03,Online,Low,N,12900,2025-12-07
C01269,Aisha Fraser,Individual,United Kingdom,Employee,BR07,Online,Low,N,35100,2024-07-14
C01270,Ethan Walsh,Individual,Panama,Employee,BR10,Branch,Medium,N,53500,2024-04-15
C01271,Mei Hughes,Individual,United Kingdom,Self-employed,BR03,Online,Low,N,49300,2024-03-11
C01272,Northgate Consulting Ltd,Business,Nigeria,Precious Metals,BR01,Online,High,N,791000,2024-02-19
C01273,Omar Patel,Individual,United Kingdom,Employee,BR06,Online,Low,N,98400,2024-09-15
C01274,Harbour Motors PLC,Business,Nigeria,Money Services,BR01,Online,High,N,1345000,2025-08-19
C01275,Thistle Construction Ltd,Business,United Kingdom,Hospitality,BR01,Online,Medium,N,1003000,2024-04-23
C01276,James Wright,Individual,Hong Kong,Student,BR06,Branch,Low,N,101400,2024-01-03
C01277,Zara Shah,Individual,Germany,Employee,BR01,Branch,Low,N,12300,2025-01-22
C01278,Kestrel Motors Ltd,Business,United Kingdom,Construction,BR01,Relationship Manager,Low,N,1815000,2025-02-14
C01279,Olivia Reid,Individual,France,Self-employed,BR03,Online,Low,N,83900,2025-02-15
C01280,Omar Okafor,Individual,United Kingdom,Employee,BR04,Online,Low,N,83200,2024-01-02
C01281,Ravi Murray,Individual,United Kingdom,Employee,BR09,Relationship Manager,Low,N,59600,2024-05-28
C01282,Tom Mensah,Individual,United Kingdom,Employee,BR02,Online,Low,N,60600,2024-09-11
C01283,Omar Okafor,Individual,France,Student,BR03,Branch,Low,N,21500,2025-06-24
C01284,Summit Construction Ltd,Business,India,Retail,BR06,Online,Medium,N,462000,2025-04-20
C01285,Bluefield Retail LLP,Business,United Kingdom,Import/Export,BR08,Branch,High,N,682000,2025-08-18
C01286,Zara Patel,Individual,Pakistan,Student,BR03,Online,Medium,N,20200,2025-02-04
C01287,Meridian Tech PLC,Business,United Kingdom,Money Services,BR05,Online,Medium,N,407000,2024-10-21
C01288,Grace Shah,Individual,United Kingdom,Employee,BR05,Branch,Low,N,29900,2025-02-13
C01289,Larkspur Tech Ltd,Business,United Kingdom,Technology,BR02,Branch,Low,N,273000,2024-10-08
C01290,Nadia Lopez,Individual,United Kingdom,Employee,BR01,Online,Low,N,52000,2024-04-25
C01291,Kestrel Construction Ltd,Business,United Kingdom,Technology,BR06,Online,Medium,N,242000,2025-02-24
C01292,Silverline Property Ltd,Business,United Kingdom,Import/Export,BR02,Branch,High,Y,1076000,2024-08-03
C01293,Olivia Wright,Individual,United Kingdom,Employee,BR02,Branch,Low,N,27700,2024-07-12
C01294,Priya Reid,Individual,United Kingdom,Retired,BR05,Online,Low,N,60200,2025-06-03
C01295,Larkspur Holdings Ltd,Business,France,Real Estate,BR01,Relationship Manager,Medium,N,620000,2024-02-18
C01296,Maria Walsh,Individual,United Kingdom,Employee,BR02,Relationship Manager,Low,N,69400,2024-01-18
C01297,Ravi Carter,Individual,UAE,Employee,BR04,Online,Medium,N,41700,2024-09-17
C01298,Crest Foods Ltd,Business,United Kingdom,Money Services,BR08,Online,High,N,384000,2025-03-11
C01299,Amir Walsh,Individual,United Kingdom,Student,BR07,Online,Low,N,13800,2025-09-05
C01300,Hannah Singh,Individual,United Kingdom,Senior Public Official,BR02,Branch,Medium,Y,10400,2025-01-12
C01301,Chen Okafor,Individual,Nigeria,Employee,BR02,Branch,Medium,N,16300,2024-07-08
C01302,Jack Khan,Individual,United Kingdom,Self-employed,BR10,Branch,Low,N,114400,2024-09-08
C01303,Northgate Foods LLP,Business,United Kingdom,Precious Metals,BR06,Relationship Manager,Medium,N,1766000,2024-10-03
C01304,Ethan Khan,Individual,UAE,Self-employed,BR06,Online,Medium,N,62300,2024-09-01
C01305,Jack Wright,Individual,India,Employee,BR01,Branch,Low,N,27300,2025-05-03
C01306,Mei Murray,Individual,United Kingdom,Employee,BR01,Online,Low,N,34800,2025-08-07
C01307,Brightwater Foods PLC,Business,United Kingdom,Import/Export,BR02,Branch,High,N,3030000,2025-06-02
C01308,Ravi Khan,Individual,United Kingdom,Employee,BR08,Online,Low,N,107600,2024-10-06
C01309,Thistle Retail Ltd,Business,United Kingdom,Professional Services,BR09,Online,Medium,N,327000,2024-07-29
C01310,Crest Tech Ltd,Business,India,Real Estate,BR02,Relationship Manager,Medium,N,134000,2024-02-28
C01311,Bluefield Capital Ltd,Business,United Kingdom,Professional Services,BR06,Online,Medium,N,1726000,2025-08-06
C01312,Larkspur Property Ltd,Business,United Kingdom,Retail,BR08,Relationship Manager,Medium,N,132000,2025-12-04
C01313,Bluefield Tech PLC,Business,United Kingdom,Retail,BR08,Branch,Medium,N,101000,2024-02-10
C01314,Silverline Construction Ltd,Business,United Kingdom,Precious Metals,BR04,Online,High,N,199000,2024-04-05
C01315,Zara Rossi,Individual,France,Property Investor,BR02,Relationship Manager,Low,N,68500,2024-06-05
C01316,Kestrel Logistics LLP,Business,United Kingdom,Hospitality,BR10,Online,Low,N,784000,2025-08-05
C01317,Luca Brooks,Individual,United Kingdom,Employee,BR02,Relationship Manager,Low,N,30900,2024-06-07
C01318,Tom Wright,Individual,United Kingdom,Retired,BR02,Introducer,Low,N,23800,2024-01-11
C01319,Silverline Consulting Ltd,Business,United Kingdom,Professional Services,BR02,Online,Low,N,573000,2024-09-02
C01320,Brightwater Capital PLC,Business,United Kingdom,Charity,BR04,Branch,Low,N,608000,2024-09-23
C01321,Brightwater Capital Ltd,Business,United Kingdom,Real Estate,BR01,Branch,Medium,N,92000,2024-10-15
C01322,Luca Nowak,Individual,Ireland,Employee,BR05,Online,Low,N,35000,2025-01-11
C01323,Ethan Wright,Individual,India,Employee,BR10,Relationship Manager,Low,N,52000,2024-06-25
C01324,Sofia Mensah,Individual,Russia,Employee,BR04,Branch,Medium,N,53800,2024-01-22
C01325,Hannah Khan,Individual,Cyprus,Student,BR10,Online,Medium,N,21300,2024-03-19
C01326,Maria Okafor,Individual,United Kingdom,Employee,BR09,Branch,Low,N,20900,2025-06-20
C01327,Priya Rossi,Individual,United Kingdom,Retired,BR07,Online,Low,N,35000,2025-04-27
C01328,Aisha Rossi,Individual,United Kingdom,Student,BR05,Relationship Manager,Low,N,25200,2024-07-09
C01329,Harbour Property PLC,Business,France,Technology,BR09,Online,Low,N,159000,2025-11-18
C01330,Daniel Ali,Individual,United Kingdom,Senior Public Official,BR05,Online,Medium,Y,111000,2025-01-30
C01331,Summit Tech PLC,Business,United Kingdom,Professional Services,BR02,Online,Low,N,725000,2025-08-05
C01332,Mei Patel,Individual,United Kingdom,Employee,BR09,Online,Low,N,135100,2025-08-02
C01333,Hannah Khan,Individual,United Kingdom,Retired,BR04,Online,Low,N,47700,2024-08-07
C01334,Olivia Lopez,Individual,France,Employee,BR09,Branch,Low,N,72500,2025-03-08
C01335,Priya Okafor,Individual,Ireland,Employee,BR03,Branch,Low,N,67600,2025-03-09
C01336,Thistle Holdings LLP,Business,United Kingdom,Construction,BR03,Relationship Manager,Medium,N,360000,2024-11-29
C01337,Chen Nowak,Individual,United States,Employee,BR07,Online,Low,N,108800,2025-04-09
C01338,James Carter,Individual,United Kingdom,Retired,BR05,Branch,Low,N,21000,2024-09-02
C01339,Silverline Property Ltd,Business,United Kingdom,Hospitality,BR03,Online,Medium,N,1315000,2024-03-12
C01340,Oakline Consulting LLP,Business,United Kingdom,Precious Metals,BR08,Online,Medium,N,1122000,2024-02-02
C01341,Mei Lopez,Individual,Ireland,Property Investor,BR04,Branch,Low,N,14500,2024-11-22
C01342,Jack Okafor,Individual,United Kingdom,Employee,BR01,Online,Low,N,27000,2025-10-29
C01343,Chen Doyle,Individual,United Kingdom,Student,BR06,Branch,Low,N,123400,2024-06-05
C01344,Daniel Mensah,Individual,Hong Kong,Employee,BR01,Relationship Manager,Low,N,36200,2025-03-08
C01345,Maria Hughes,Individual,United Kingdom,Employee,BR04,Online,Low,N,131900,2024-04-29
C01346,Omar Brooks,Individual,United Kingdom,Employee,BR02,Relationship Manager,Low,N,140300,2025-04-06
C01347,Larkspur Property Ltd,Business,Ireland,Construction,BR02,Online,Medium,N,145000,2024-05-14
C01348,Nadia Nowak,Individual,Cyprus,Employee,BR10,Relationship Manager,Medium,N,125900,2024-11-18
C01349,Nadia Singh,Individual,Germany,Employee,BR01,Online,Low,N,165200,2025-08-13
C01350,Grace Reid,Individual,Hong Kong,Employee,BR07,Branch,Low,N,48800,2024-09-29
C01351,Redwood Retail Ltd,Business,United Kingdom,Retail,BR05,Relationship Manager,Low,N,1450000,2025-11-13
C01352,Amir Walsh,Individual,United Kingdom,Self-employed,BR02,Relationship Manager,Low,N,47900,2024-02-04
C01353,Kestrel Property Ltd,Business,UAE,Retail,BR09,Relationship Manager,Medium,N,410000,2024-03-02
C01354,Summit Tech Ltd,Business,United Kingdom,Technology,BR02,Introducer,Low,N,265000,2024-05-03
C01355,Jack Singh,Individual,United Kingdom,Director,BR04,Online,Low,N,63000,2024-06-27
C01356,Maria Okafor,Individual,Russia,Student,BR07,Online,Medium,N,30300,2024-11-07
C01357,Olivia Singh,Individual,United Kingdom,Self-employed,BR07,Relationship Manager,Low,N,17600,2025-10-30
C01358,Zara Nowak,Individual,United Kingdom,Self-employed,BR02,Branch,Low,N,49900,2024-06-25
C01359,Redwood Imports Ltd,Business,Pakistan,Money Services,BR08,Relationship Manager,High,N,615000,2024-09-17
C01360,Jack Khan,Individual,United States,Director,BR10,Relationship Manager,Low,N,28200,2024-02-02
C01361,Oakline Retail PLC,Business,Russia,Charity,BR04,Online,High,N,489000,2025-06-06
C01362,Sofia Lopez,Individual,Pakistan,Employee,BR06,Online,Medium,N,32100,2025-02-03
C01363,Priya Singh,Individual,United Kingdom,Self-employed,BR03,Online,Low,N,78100,2024-02-02
C01364,Daniel Walsh,Individual,United States,Retired,BR03,Relationship Manager,Low,N,36300,2024-12-05
C01365,James Reid,Individual,United Kingdom,Employee,BR04,Branch,Low,N,80500,2024-06-08
C01366,Sofia Carter,Individual,Ireland,Employee,BR02,Online,Low,N,45400,2024-11-04
C01367,Nadia Lopez,Individual,United Kingdom,Self-employed,BR06,Online,Low,N,38100,2024-07-26
C01368,Amir Carter,Individual,Nigeria,Student,BR01,Relationship Manager,Medium,N,44100,2025-07-27
C01369,Bluefield Foods Ltd,Business,United Kingdom,Construction,BR01,Online,Medium,N,304000,2024-02-12
C01370,Ravi Patel,Individual,UAE,Employee,BR03,Online,Medium,N,49200,2025-03-14
C01371,Ironbridge Retail PLC,Business,United Kingdom,Professional Services,BR01,Branch,Medium,N,951000,2025-08-02
C01372,Jack Shah,Individual,United Kingdom,Self-employed,BR05,Online,Low,N,72700,2024-01-02
C01373,James Khan,Individual,United Kingdom,Director,BR04,Relationship Manager,Low,N,17800,2025-10-23
C01374,Grace Khan,Individual,United Kingdom,Senior Public Official,BR01,Online,Medium,Y,16100,2025-07-10
C01375,Ravi Doyle,Individual,France,Employee,BR02,Online,Low,N,29100,2024-07-23
C01376,Mei Khan,Individual,United Kingdom,Employee,BR01,Online,Low,N,92100,2024-12-18
C01377,Daniel Carter,Individual,United Kingdom,Retired,BR05,Online,Low,N,45800,2025-05-12
C01378,Summit Consulting LLP,Business,United Kingdom,Import/Export,BR02,Online,Medium,N,1913000,2025-01-12
C01379,Tom Reid,Individual,United Kingdom,Employee,BR06,Relationship Manager,Low,N,16800,2025-07-07
C01380,Grace Fraser,Individual,Ireland,Employee,BR05,Online,Low,N,26600,2025-10-12
C01381,James Evans,Individual,United Kingdom,Employee,BR03,Online,Low,N,25600,2024-09-18
C01382,Ravi Hughes,Individual,United Kingdom,Retired,BR01,Online,Low,N,70400,2024-03-20
C01383,Tom Fraser,Individual,United Kingdom,Self-employed,BR03,Relationship Manager,Low,N,73700,2024-11-11
C01384,Grace Reid,Individual,United Kingdom,Employee,BR03,Branch,Low,N,21400,2025-03-14
C01385,Tom Murray,Individual,Ireland,Director,BR03,Branch,Low,N,63100,2025-07-20
C01386,Aisha Lopez,Individual,United Kingdom,Self-employed,BR10,Online,Low,N,59300,2024-07-25
C01387,Redwood Foods Ltd,Business,United Kingdom,Crypto Assets,BR01,Introducer,Medium,N,636000,2025-11-09
C01388,Maria Hughes,Individual,Germany,Employee,BR02,Online,Low,N,38200,2024-01-27
C01389,Silverline Retail PLC,Business,United Kingdom,Hospitality,BR08,Online,Medium,N,579000,2025-02-28
C01390,Maria Walsh,Individual,United Kingdom,Director,BR09,Online,Low,N,44300,2024-11-15
C01391,Mei Singh,Individual,United Kingdom,Property Investor,BR04,Branch,Low,N,14400,2025-05-22
C01392,Ironbridge Foods Ltd,Business,Cyprus,Charity,BR04,Introducer,Medium,N,654000,2024-07-26
C01393,Aisha Rossi,Individual,United Kingdom,Retired,BR01,Online,Low,N,58800,2025-11-12
C01394,Harbour Retail Ltd,Business,United Kingdom,Hospitality,BR08,Online,Medium,N,281000,2024-01-02
C01395,Omar Patel,Individual,United States,Employee,BR05,Relationship Manager,Low,N,26900,2025-08-19
C01396,Luca Singh,Individual,Ireland,Employee,BR04,Online,Low,N,28900,2024-12-26
C01397,Redwood Holdings Ltd,Business,United Kingdom,Crypto Assets,BR02,Branch,High,N,885000,2025-01-12
C01398,Daniel Evans,Individual,Pakistan,Employee,BR04,Branch,Medium,N,47800,2024-08-15
C01399,Grace Evans,Individual,United Kingdom,Student,BR07,Branch,Low,N,42500,2024-10-13
C01400,Chen Rossi,Individual,UAE,Director,BR01,Introducer,Medium,N,57700,2024-11-13
C01401,Ethan Singh,Individual,Germany,Property Investor,BR04,Relationship Manager,Low,N,20400,2024-08-15
C01402,Pinnacle Property LLP,Business,United Kingdom,Crypto Assets,BR01,Online,High,N,232000,2024-01-09
C01403,Olivia Okafor,Individual,United Kingdom,Self-employed,BR07,Relationship Manager,Low,N,25700,2024-10-19
C01404,Hannah Khan,Individual,United Kingdom,Employee,BR02,Branch,Low,N,36800,2024-10-20
C01405,Redwood Imports Ltd,Business,Cyprus,Charity,BR09,Branch,High,N,318000,2025-06-11
C01406,Luca Khan,Individual,United Kingdom,Employee,BR04,Branch,Low,N,17300,2024-12-09
C01407,Harbour Property LLP,Business,United Kingdom,Professional Services,BR04,Relationship Manager,Medium,N,1447000,2025-02-05
C01408,Priya Ali,Individual,France,Property Investor,BR03,Branch,Low,N,18700,2024-12-06
C01409,Ravi Rossi,Individual,France,Self-employed,BR04,Branch,Low,N,44000,2024-11-05
C01410,Thistle Imports PLC,Business,United Kingdom,Real Estate,BR03,Branch,High,N,4135000,2025-06-08
C01411,Olivia Doyle,Individual,Nigeria,Employee,BR03,Online,Medium,N,44400,2025-05-08
C01412,Daniel Fraser,Individual,United Kingdom,Employee,BR02,Online,Low,N,37400,2025-12-25
C01413,Omar Rossi,Individual,UAE,Director,BR03,Branch,Medium,N,89100,2024-12-29
C01414,Crest Trading PLC,Business,United Kingdom,Money Services,BR08,Relationship Manager,Medium,N,783000,2024-01-21
C01415,Ironbridge Foods Ltd,Business,United Kingdom,Hospitality,BR02,Introducer,Low,N,315000,2025-03-03
C01416,Daniel Singh,Individual,Ireland,Self-employed,BR08,Branch,Low,N,61600,2024-10-16
C01417,Jack Nowak,Individual,United Kingdom,Senior Public Official,BR08,Introducer,High,Y,7100,2024-03-11
C01418,Oakline Imports Ltd,Business,United Kingdom,Technology,BR06,Relationship Manager,Medium,N,2305000,2025-09-18
C01419,Hannah Shah,Individual,United Kingdom,Employee,BR01,Relationship Manager,Low,N,21000,2025-04-07
C01420,Aisha Fraser,Individual,India,Self-employed,BR05,Branch,Low,N,24400,2025-04-02
C01421,Grace Lopez,Individual,United States,Employee,BR08,Relationship Manager,Low,N,97200,2025-04-10
C01422,Priya Carter,Individual,UAE,Employee,BR03,Online,Medium,N,32100,2025-12-20
C01423,Oakline Logistics Ltd,Business,Hong Kong,Professional Services,BR02,Branch,Medium,N,97000,2025-05-17
C01424,Brightwater Imports Ltd,Business,United States,Real Estate,BR03,Relationship Manager,Medium,N,208000,2025-06-05
C01425,Northgate Holdings LLP,Business,United Kingdom,Real Estate,BR03,Branch,Medium,N,286000,2025-07-02
C01426,Grace Murray,Individual,United Kingdom,Employee,BR01,Relationship Manager,Low,N,63400,2025-06-13
C01427,Sofia Brooks,Individual,United States,Employee,BR02,Online,Low,N,32700,2025-05-29
C01428,Olivia Hughes,Individual,United States,Employee,BR06,Online,Low,N,48300,2024-02-25
C01429,James Ali,Individual,Russia,Employee,BR04,Branch,Medium,N,37500,2024-10-21
C01430,Tom Brooks,Individual,India,Student,BR02,Relationship Manager,Low,N,36800,2024-07-20
C01431,Ethan Murray,Individual,United Kingdom,Employee,BR09,Branch,Low,N,33400,2025-10-13
C01432,Hannah Shah,Individual,Cyprus,Employee,BR02,Relationship Manager,Medium,N,44700,2025-03-02
C01433,Amir Shah,Individual,Cyprus,Property Investor,BR01,Online,Medium,N,59000,2025-01-12
C01434,Harbour Holdings LLP,Business,Germany,Professional Services,BR02,Branch,Low,N,348000,2025-01-16
C01435,James Murray,Individual,UAE,Senior Public Official,BR02,Online,High,Y,35500,2025-05-13
C01436,Priya Evans,Individual,United Kingdom,Self-employed,BR04,Introducer,Low,N,31700,2025-07-11
C01437,Larkspur Capital Ltd,Business,Cyprus,Import/Export,BR01,Relationship Manager,High,N,592000,2024-05-27
C01438,Kestrel Property LLP,Business,United Kingdom,Real Estate,BR08,Branch,Medium,N,1413000,2025-12-27
C01439,Brightwater Capital LLP,Business,Pakistan,Professional Services,BR08,Branch,High,N,821000,2025-07-10
C01440,Olivia Shah,Individual,United Kingdom,Retired,BR02,Branch,Low,N,12800,2024-05-31
C01441,Pinnacle Consulting LLP,Business,United Kingdom,Technology,BR07,Relationship Manager,Low,N,3314000,2025-03-18
C01442,Hannah Ali,Individual,United Kingdom,Employee,BR05,Branch,Low,N,24400,2024-11-09
C01443,Maria Shah,Individual,United Kingdom,Student,BR08,Branch,Low,N,46100,2024-10-02
C01444,Omar Ali,Individual,United Kingdom,Employee,BR02,Online,Low,N,39300,2025-09-25
C01445,Priya Singh,Individual,Hong Kong,Director,BR05,Introducer,Low,N,54700,2024-07-27
C01446,Nadia Rossi,Individual,United Kingdom,Retired,BR01,Online,Low,N,36100,2025-09-04
C01447,Luca Lopez,Individual,United States,Employee,BR01,Online,Low,N,92800,2025-04-10
C01448,Bluefield Motors PLC,Business,United Kingdom,Technology,BR08,Branch,Low,N,2570000,2025-08-20
C01449,Chen Ali,Individual,United Kingdom,Property Investor,BR02,Online,Low,N,42000,2025-06-28
C01450,Ravi Carter,Individual,India,Student,BR04,Online,Low,N,79800,2025-03-29
C01451,Ethan Rossi,Individual,France,Employee,BR02,Relationship Manager,Low,N,14900,2024-05-19
C01452,Aisha Wright,Individual,United Kingdom,Retired,BR08,Online,Low,N,38100,2025-12-27
C01453,James Carter,Individual,Nigeria,Self-employed,BR03,Branch,Medium,N,43600,2025-04-14
C01454,Tom Shah,Individual,UAE,Employee,BR01,Online,Medium,N,57600,2024-09-18
C01455,James Doyle,Individual,United Kingdom,Senior Public Official,BR05,Branch,High,Y,14300,2024-07-06
C01456,Bluefield Property LLP,Business,Hong Kong,Real Estate,BR02,Branch,High,N,2774000,2024-03-26
C01457,Silverline Trading PLC,Business,France,Technology,BR02,Introducer,Medium,N,617000,2024-08-18
C01458,Sofia Doyle,Individual,Germany,Self-employed,BR06,Online,Low,N,53400,2024-04-06
C01459,Nadia Brooks,Individual,United Kingdom,Employee,BR10,Relationship Manager,Low,N,81800,2025-10-11
C01460,Summit Imports Ltd,Business,United Kingdom,Charity,BR07,Branch,High,Y,203000,2024-11-14
C01461,Pinnacle Retail Ltd,Business,United Kingdom,Real Estate,BR01,Relationship Manager,Medium,N,3579000,2025-04-02
C01462,Zara Murray,Individual,India,Employee,BR02,Relationship Manager,Low,N,60200,2025-08-11
C01463,Thistle Capital Ltd,Business,France,Hospitality,BR07,Online,Medium,N,2648000,2025-12-03
C01464,Harbour Consulting PLC,Business,United Kingdom,Retail,BR02,Branch,Low,N,1185000,2024-11-27
C01465,Ironbridge Foods Ltd,Business,Ireland,Precious Metals,BR07,Relationship Manager,Medium,N,72000,2024-02-08
C01466,Amir Lopez,Individual,United Kingdom,Employee,BR04,Relationship Manager,Low,N,39100,2025-03-22
C01467,Maria Evans,Individual,United Kingdom,Director,BR09,Branch,Low,N,49900,2025-11-23
C01468,Omar Carter,Individual,Cyprus,Property Investor,BR03,Introducer,Medium,N,71500,2024-09-18
C01469,Grace Rossi,Individual,United Kingdom,Student,BR09,Relationship Manager,Low,N,61500,2024-03-15
C01470,Jack Walsh,Individual,United Kingdom,Employee,BR03,Branch,Low,N,84100,2025-06-06
C01471,Luca Khan,Individual,United Kingdom,Student,BR07,Online,Low,N,162300,2025-03-29
C01472,Chen Okafor,Individual,United Kingdom,Employee,BR02,Online,Low,N,61200,2024-04-21
C01473,Mei Okafor,Individual,India,Retired,BR04,Online,Low,N,30400,2024-01-03
C01474,Redwood Property PLC,Business,Hong Kong,Hospitality,BR02,Relationship Manager,Low,N,999000,2025-01-15
C01475,Omar Brooks,Individual,United Kingdom,Director,BR01,Relationship Manager,Low,N,53200,2024-04-18
C01476,Grace Brooks,Individual,United Kingdom,Employee,BR03,Branch,Low,N,58000,2024-05-15
C01477,Redwood Logistics Ltd,Business,United Kingdom,Professional Services,BR01,Online,Medium,N,657000,2024-08-13
C01478,Redwood Trading Ltd,Business,United Kingdom,Charity,BR10,Online,Low,N,2261000,2024-12-08
C01479,Redwood Property Ltd,Business,United Kingdom,Real Estate,BR08,Online,Medium,N,695000,2025-08-20
C01480,Thistle Tech Ltd,Business,United Kingdom,Technology,BR07,Online,Low,N,2244000,2024-11-10
C01481,Redwood Tech LLP,Business,Pakistan,Technology,BR04,Online,Medium,N,92000,2025-09-03
C01482,Maria Singh,Individual,United Kingdom,Employee,BR02,Branch,Low,N,57300,2025-03-17
C01483,Tom Brooks,Individual,United Kingdom,Employee,BR03,Online,Low,N,34700,2024-10-14
C01484,Priya Ali,Individual,United Kingdom,Self-employed,BR02,Relationship Manager,Low,N,40300,2025-01-07
C01485,Chen Lopez,Individual,UAE,Retired,BR05,Online,Medium,N,61000,2024-04-13
C01486,Larkspur Motors Ltd,Business,United Kingdom,Charity,BR08,Online,Medium,N,1453000,2025-12-14
C01487,Jack Lopez,Individual,United Kingdom,Employee,BR02,Introducer,Low,N,61800,2024-08-08
C01488,Tom Carter,Individual,UAE,Student,BR01,Relationship Manager,Medium,N,58500,2025-10-20
C01489,James Hughes,Individual,United Kingdom,Employee,BR01,Online,Low,N,68800,2025-04-16
C01490,Chen Fraser,Individual,Cyprus,Self-employed,BR04,Online,Medium,N,64300,2024-08-02
C01491,Luca Walsh,Individual,United Kingdom,Retired,BR01,Online,Low,N,21700,2024-12-21
C01492,Luca Shah,Individual,France,Senior Public Official,BR03,Online,High,Y,66100,2024-03-29
C01493,Kestrel Foods PLC,Business,Russia,Hospitality,BR01,Online,Medium,N,426000,2025-03-26
C01494,Tom Rossi,Individual,United Kingdom,Employee,BR01,Branch,Low,N,39500,2024-02-17
C01495,Silverline Imports Ltd,Business,France,Professional Services,BR06,Online,Medium,N,1325000,2025-04-12
C01496,Ravi Walsh,Individual,United Kingdom,Employee,BR10,Online,Low,N,23100,2024-05-24
C01497,Tom Rossi,Individual,India,Employee,BR02,Introducer,Low,N,39400,2024-04-03
C01498,Tom Mensah,Individual,United States,Retired,BR02,Online,Low,N,27300,2024-06-11
C01499,Harbour Capital LLP,Business,France,Hospitality,BR02,Branch,Low,N,463000,2024-03-06
C01500,Omar Doyle,Individual,Cyprus,Employee,BR07,Online,Medium,N,107400,2025-10-11
C01501,Ironbridge Retail Ltd,Business,United Kingdom,Import/Export,BR04,Online,High,N,122000,2025-11-15
C01502,Zara Patel,Individual,United Kingdom,Employee,BR05,Online,Low,N,81000,2025-11-07
C01503,Sofia Carter,Individual,United Kingdom,Employee,BR04,Branch,Low,N,108100,2025-06-09
C01504,Meridian Imports PLC,Business,France,Crypto Assets,BR09,Introducer,Medium,N,1042000,2024-06-17
C01505,Priya Khan,Individual,Pakistan,Employee,BR01,Relationship Manager,Medium,N,43400,2025-07-08
C01506,Nadia Mensah,Individual,Ireland,Employee,BR01,Relationship Manager,Low,N,62300,2025-07-08
C01507,Pinnacle Trading LLP,Business,United Kingdom,Real Estate,BR03,Online,High,N,151000,2024-06-21
C01508,James Mensah,Individual,United Kingdom,Employee,BR04,Relationship Manager,Low,N,42900,2025-09-02
C01509,Amir Mensah,Individual,India,Employee,BR01,Online,Low,N,145200,2025-12-29
C01510,Priya Carter,Individual,Cyprus,Employee,BR09,Online,Medium,N,29700,2024-10-02
C01511,Hannah Singh,Individual,United Kingdom,Employee,BR06,Branch,Low,N,67000,2025-03-06
C01512,Redwood Imports Ltd,Business,United Kingdom,Technology,BR09,Branch,Medium,N,207000,2025-09-29
C01513,Meridian Property Ltd,Business,United Kingdom,Hospitality,BR10,Branch,Medium,N,414000,2024-07-10
C01514,Aisha Carter,Individual,United Kingdom,Employee,BR04,Relationship Manager,Low,N,45800,2025-12-23
C01515,Summit Imports Ltd,Business,Russia,Construction,BR08,Online,Medium,N,265000,2024-08-09
C01516,Amir Lopez,Individual,United Kingdom,Property Investor,BR07,Introducer,Low,N,55900,2025-12-08
C01517,Tom Nowak,Individual,United Kingdom,Employee,BR03,Online,Low,N,61400,2024-06-20
C01518,Ravi Doyle,Individual,United Kingdom,Retired,BR06,Branch,Low,N,104900,2025-06-26
C01519,Northgate Holdings Ltd,Business,United Kingdom,Construction,BR10,Online,Low,N,781000,2025-01-19
C01520,Ravi Patel,Individual,Russia,Property Investor,BR07,Branch,Medium,N,21400,2024-09-28
C01521,Omar Khan,Individual,United Kingdom,Employee,BR06,Relationship Manager,Low,N,116000,2024-11-16
C01522,Amir Reid,Individual,United Kingdom,Employee,BR02,Branch,Low,N,43600,2024-06-14
C01523,Bluefield Logistics Ltd,Business,United Kingdom,Real Estate,BR08,Branch,Medium,N,2689000,2025-05-06
C01524,Luca Evans,Individual,Russia,Employee,BR03,Online,Medium,N,25400,2025-12-26
C01525,Nadia Wright,Individual,Panama,Student,BR05,Relationship Manager,Medium,N,50700,2025-03-04
C01526,Brightwater Trading LLP,Business,United Kingdom,Money Services,BR06,Online,Medium,N,96000,2024-07-20
C01527,Sofia Mensah,Individual,United Kingdom,Self-employed,BR04,Branch,Low,N,41700,2025-05-04
C01528,Luca Nowak,Individual,United Kingdom,Employee,BR01,Online,Low,N,27200,2024-11-16
C01529,Hannah Rossi,Individual,United Kingdom,Student,BR06,Branch,Low,N,23700,2025-11-04
C01530,Sofia Shah,Individual,United Kingdom,Employee,BR02,Online,Low,N,33500,2024-07-12
C01531,Grace Reid,Individual,Nigeria,Property Investor,BR02,Online,Medium,N,10100,2025-01-13
C01532,Brightwater Retail Ltd,Business,Cyprus,Import/Export,BR01,Branch,High,N,872000,2024-12-28
C01533,Zara Rossi,Individual,United Kingdom,Self-employed,BR05,Online,Low,N,64200,2025-10-09
C01534,Aisha Hughes,Individual,United Kingdom,Retired,BR01,Branch,Low,N,49400,2024-03-21
C01535,Crest Property Ltd,Business,United Kingdom,Real Estate,BR03,Branch,Medium,N,180000,2025-03-27
C01536,Ethan Khan,Individual,United Kingdom,Self-employed,BR09,Online,Low,N,55800,2025-08-14
C01537,Tom Ali,Individual,United Kingdom,Employee,BR04,Branch,Low,N,23700,2024-09-21
C01538,Crest Motors PLC,Business,United Kingdom,Precious Metals,BR09,Branch,Medium,N,322000,2025-01-04
C01539,Chen Brooks,Individual,Panama,Employee,BR04,Online,Medium,N,37400,2024-08-03
C01540,Meridian Motors Ltd,Business,United Kingdom,Retail,BR01,Online,Low,N,925000,2024-11-02
C01541,Kestrel Construction Ltd,Business,UAE,Technology,BR07,Relationship Manager,High,N,908000,2025-11-25
C01542,Zara Lopez,Individual,United Kingdom,Employee,BR03,Relationship Manager,Low,N,186400,2024-09-22
C01543,Daniel Murray,Individual,United Kingdom,Self-employed,BR10,Online,Low,N,25500,2024-05-27
C01544,Hannah Murray,Individual,United Kingdom,Employee,BR02,Online,Low,N,46000,2025-02-27
C01545,Zara Nowak,Individual,Cyprus,Employee,BR08,Online,Medium,N,64100,2024-12-09
C01546,Jack Brooks,Individual,United Kingdom,Retired,BR04,Relationship Manager,Low,N,22500,2025-07-24
C01547,Grace Wright,Individual,United Kingdom,Employee,BR08,Online,Low,N,15400,2024-01-27
C01548,Oakline Foods PLC,Business,India,Precious Metals,BR02,Introducer,High,N,73000,2025-10-21
C01549,Larkspur Logistics Ltd,Business,India,Money Services,BR05,Online,Medium,N,679000,2025-05-28
C01550,Larkspur Logistics Ltd,Business,France,Technology,BR01,Online,Low,N,1517000,2025-09-07
C01551,Nadia Mensah,Individual,United Kingdom,Employee,BR08,Relationship Manager,Low,N,34900,2024-10-24
C01552,Aisha Wright,Individual,United Kingdom,Retired,BR02,Branch,Low,N,69300,2024-11-21
C01553,Mei Khan,Individual,UAE,Employee,BR03,Introducer,Medium,N,24700,2024-09-01
C01554,Chen Walsh,Individual,United Kingdom,Employee,BR06,Online,Low,N,38100,2025-09-01
C01555,Summit Property LLP,Business,United Kingdom,Construction,BR04,Online,Medium,N,2998000,2024-02-21
C01556,Luca Rossi,Individual,United Kingdom,Employee,BR07,Online,Medium,Y,48700,2025-01-21
C01557,Nadia Lopez,Individual,United Kingdom,Employee,BR06,Branch,Low,N,46100,2024-07-08
C01558,Crest Property Ltd,Business,Cyprus,Retail,BR01,Online,Medium,N,184000,2025-04-11
C01559,Chen Walsh,Individual,India,Employee,BR07,Online,Low,N,20200,2025-12-05
C01560,Luca Wright,Individual,United Kingdom,Self-employed,BR03,Online,Low,N,35800,2025-05-08
C01561,Hannah Fraser,Individual,Cyprus,Employee,BR05,Branch,Medium,N,18600,2024-02-02
C01562,Grace Fraser,Individual,United Kingdom,Employee,BR02,Relationship Manager,Low,N,34600,2024-10-19
C01563,Silverline Imports Ltd,Business,United Kingdom,Construction,BR03,Relationship Manager,Medium,N,1012000,2024-01-23
C01564,Hannah Okafor,Individual,United Kingdom,Employee,BR08,Branch,Low,N,33100,2024-12-21
C01565,Pinnacle Retail Ltd,Business,India,Precious Metals,BR09,Relationship Manager,High,N,1756000,2024-05-07
C01566,Meridian Capital LLP,Business,United Kingdom,Technology,BR09,Relationship Manager,Low,N,747000,2025-05-21
C01567,Oakline Retail LLP,Business,United Kingdom,Real Estate,BR06,Branch,High,N,208000,2025-01-25
C01568,Amir Hughes,Individual,France,Self-employed,BR01,Introducer,Low,N,18400,2024-08-13
C01569,Nadia Evans,Individual,United Kingdom,Employee,BR04,Branch,Low,N,60000,2025-09-18
C01570,Crest Construction Ltd,Business,Cyprus,Crypto Assets,BR02,Relationship Manager,High,N,97000,2025-06-29
C01571,Chen Evans,Individual,United Kingdom,Employee,BR06,Online,Low,N,48400,2025-04-03
C01572,James Murray,Individual,United Kingdom,Employee,BR01,Introducer,Low,N,40800,2024-09-15
C01573,Pinnacle Capital Ltd,Business,France,Professional Services,BR10,Online,Medium,N,1680000,2024-07-18
C01574,Daniel Patel,Individual,United Kingdom,Employee,BR02,Online,Low,N,46000,2025-03-03
C01575,Larkspur Foods PLC,Business,United Kingdom,Import/Export,BR01,Relationship Manager,Medium,N,1209000,2025-07-31
C01576,Bluefield Tech LLP,Business,Ireland,Professional Services,BR08,Online,Medium,N,995000,2025-09-04
C01577,Pinnacle Logistics LLP,Business,United States,Construction,BR02,Online,Medium,N,575000,2025-07-22
C01578,Mei Murray,Individual,Nigeria,Employee,BR01,Online,Medium,N,31800,2024-01-17
C01579,Brightwater Logistics PLC,Business,UAE,Charity,BR04,Online,Medium,N,548000,2025-12-20
C01580,Sofia Brooks,Individual,United Kingdom,Retired,BR10,Branch,Low,N,60700,2024-06-24
C01581,Pinnacle Imports LLP,Business,United Kingdom,Crypto Assets,BR02,Branch,High,N,5311000,2024-01-08
C01582,Harbour Foods Ltd,Business,United Kingdom,Technology,BR03,Branch,Medium,N,156000,2025-02-14
C01583,Crest Imports LLP,Business,United Kingdom,Technology,BR02,Branch,Medium,N,25000,2024-11-28
C01584,Daniel Fraser,Individual,India,Employee,BR05,Relationship Manager,Low,N,14100,2024-03-18
C01585,Aisha Rossi,Individual,United Kingdom,Employee,BR03,Online,Low,N,32700,2024-06-05
C01586,Luca Doyle,Individual,United Kingdom,Employee,BR05,Online,Low,N,37600,2024-05-30
C01587,Hannah Wright,Individual,United Kingdom,Employee,BR04,Branch,Low,N,32500,2024-11-17
C01588,Nadia Doyle,Individual,United Kingdom,Student,BR09,Relationship Manager,Low,N,54200,2025-07-01
C01589,Sofia Rossi,Individual,United Kingdom,Employee,BR06,Branch,Low,N,61800,2025-05-13
C01590,Maria Wright,Individual,United Kingdom,Employee,BR06,Branch,Low,N,25200,2024-01-19
C01591,Brightwater Logistics PLC,Business,United Kingdom,Precious Metals,BR04,Relationship Manager,Medium,N,1131000,2024-05-07
C01592,Oakline Retail PLC,Business,United Kingdom,Retail,BR02,Branch,Medium,N,820000,2025-03-21
C01593,Mei Wright,Individual,United Kingdom,Employee,BR02,Relationship Manager,Low,N,15900,2025-08-09
C01594,Silverline Holdings Ltd,Business,UAE,Retail,BR04,Online,High,N,1543000,2024-01-25
C01595,Hannah Murray,Individual,United Kingdom,Self-employed,BR02,Relationship Manager,Low,N,90100,2024-09-02
C01596,Olivia Hughes,Individual,United Kingdom,Employee,BR01,Branch,Low,N,16300,2024-03-25
C01597,Zara Wright,Individual,United Kingdom,Employee,BR03,Online,Low,N,32700,2024-12-20
C01598,Thistle Capital LLP,Business,United Kingdom,Professional Services,BR01,Online,Medium,N,1089000,2024-10-12
C01599,Kestrel Construction Ltd,Business,Pakistan,Import/Export,BR02,Online,High,N,1454000,2024-05-07
C01600,Kestrel Property PLC,Business,Ireland,Professional Services,BR04,Relationship Manager,Medium,N,108000,2025-12-06
C01601,Larkspur Imports PLC,Business,Russia,Retail,BR07,Branch,Medium,N,497000,2025-07-11
C01602,Meridian Motors Ltd,Business,Pakistan,Technology,BR02,Online,Medium,N,206000,2025-02-03
C01603,Sofia Fraser,Individual,United Kingdom,Retired,BR07,Branch,Low,N,40400,2025-07-13
C01604,Ethan Hughes,Individual,United Kingdom,Employee,BR01,Relationship Manager,Low,N,47200,2024-08-16
C01605,Hannah Walsh,Individual,United Kingdom,Employee,BR10,Introducer,Low,N,23600,2025-11-14
C01606,Brightwater Holdings Ltd,Business,United Kingdom,Professional Services,BR04,Branch,Medium,N,288000,2024-10-27
C01607,Chen Singh,Individual,United Kingdom,Student,BR04,Branch,Low,N,47200,2024-10-09
C01608,Hannah Ali,Individual,United Kingdom,Employee,BR06,Relationship Manager,Low,N,66900,2025-02-19
C01609,Crest Trading Ltd,Business,United Kingdom,Crypto Assets,BR04,Relationship Manager,Medium,N,2487000,2025-02-26
C01610,Nadia Fraser,Individual,United Kingdom,Retired,BR03,Online,Low,N,46400,2025-03-28
C01611,Crest Logistics PLC,Business,Germany,Real Estate,BR03,Online,Medium,N,1625000,2025-08-31
C01612,Priya Patel,Individual,Germany,Employee,BR10,Relationship Manager,Low,N,96200,2024-07-14
C01613,Silverline Motors Ltd,Business,Russia,Technology,BR08,Branch,High,N,3706000,2025-05-31
C01614,Crest Holdings Ltd,Business,United Kingdom,Import/Export,BR04,Introducer,High,N,760000,2024-05-24
C01615,James Carter,Individual,United Kingdom,Retired,BR08,Relationship Manager,Low,N,30500,2024-06-24
C01616,Oakline Trading Ltd,Business,Hong Kong,Retail,BR01,Relationship Manager,Medium,N,304000,2024-12-28
C01617,Zara Carter,Individual,France,Student,BR04,Relationship Manager,Low,N,46300,2025-01-18
C01618,Ethan Wright,Individual,United Kingdom,Retired,BR04,Introducer,Low,N,65600,2025-04-16
C01619,Zara Wright,Individual,United Kingdom,Property Investor,BR03,Branch,Low,N,26600,2024-04-11
C01620,Larkspur Trading Ltd,Business,United Kingdom,Real Estate,BR09,Relationship Manager,High,N,145000,2025-08-19
C01621,Daniel Lopez,Individual,United States,Employee,BR08,Branch,Low,N,44800,2025-02-11
C01622,Hannah Shah,Individual,Ireland,Employee,BR09,Online,Low,N,49800,2025-03-09
C01623,Kestrel Foods LLP,Business,United Kingdom,Import/Export,BR05,Online,Medium,N,1137000,2025-06-30
C01624,Olivia Evans,Individual,United Kingdom,Director,BR03,Branch,Low,N,23000,2025-05-21
C01625,Luca Hughes,Individual,United Kingdom,Self-employed,BR07,Online,Low,N,17700,2024-11-09
C01626,Grace Mensah,Individual,United Kingdom,Employee,BR01,Online,Low,N,40900,2024-12-19
C01627,Daniel Shah,Individual,India,Employee,BR08,Branch,Low,N,23400,2024-06-19
C01628,Bluefield Retail PLC,Business,United Kingdom,Money Services,BR01,Online,High,N,562000,2025-02-18
C01629,Chen Lopez,Individual,United Kingdom,Retired,BR08,Online,Low,N,19600,2024-05-28
C01630,Daniel Doyle,Individual,United Kingdom,Employee,BR06,Online,Low,N,31500,2025-04-09
C01631,Harbour Holdings Ltd,Business,United States,Construction,BR01,Online,Low,N,256000,2024-11-01
C01632,Priya Khan,Individual,United Kingdom,Director,BR01,Online,Low,N,63200,2024-06-21
C01633,Brightwater Imports LLP,Business,United Kingdom,Real Estate,BR04,Relationship Manager,Medium,N,2708000,2024-12-13
C01634,Priya Hughes,Individual,Ireland,Employee,BR02,Online,Low,N,43900,2025-11-13
C01635,Pinnacle Consulting Ltd,Business,Nigeria,Construction,BR08,Branch,High,N,508000,2025-02-14
C01636,Redwood Trading Ltd,Business,Germany,Hospitality,BR02,Online,Medium,N,214000,2024-09-09
C01637,Larkspur Consulting PLC,Business,UAE,Retail,BR03,Online,Medium,N,293000,2024-11-25
C01638,Maria Murray,Individual,United Kingdom,Self-employed,BR02,Branch,Low,N,25400,2025-03-18
C01639,Nadia Brooks,Individual,United States,Self-employed,BR01,Relationship Manager,Low,N,46600,2024-04-22
C01640,Summit Holdings Ltd,Business,United States,Money Services,BR02,Branch,High,N,1051000,2025-02-14
C01641,Priya Walsh,Individual,United Kingdom,Self-employed,BR08,Introducer,Low,N,48800,2024-01-25
C01642,Maria Walsh,Individual,Ireland,Employee,BR06,Branch,Low,N,85600,2025-09-15
C01643,Aisha Brooks,Individual,United Kingdom,Employee,BR09,Online,Low,N,28500,2025-03-21
C01644,Brightwater Foods Ltd,Business,United Kingdom,Professional Services,BR03,Branch,Low,N,4625000,2024-03-24
C01645,Silverline Imports Ltd,Business,United Kingdom,Retail,BR02,Relationship Manager,Medium,N,342000,2024-12-06
C01646,Grace Wright,Individual,United Kingdom,Student,BR01,Relationship Manager,Low,N,44300,2025-10-08
C01647,Harbour Capital Ltd,Business,Russia,Retail,BR04,Branch,Medium,N,116000,2025-12-06
C01648,Nadia Singh,Individual,United Kingdom,Self-employed,BR01,Branch,Low,N,121500,2024-04-10
C01649,Nadia Doyle,Individual,United Kingdom,Employee,BR01,Online,Low,N,56800,2024-07-16
C01650,Nadia Lopez,Individual,United Kingdom,Employee,BR05,Branch,Low,N,35800,2024-04-15
C01651,Omar Fraser,Individual,United Kingdom,Employee,BR01,Branch,Low,N,26600,2024-09-26
C01652,Omar Singh,Individual,United Kingdom,Employee,BR05,Introducer,Low,N,89000,2025-09-22
C01653,Crest Holdings PLC,Business,United Kingdom,Money Services,BR05,Online,Medium,N,1811000,2025-05-31
C01654,Silverline Trading Ltd,Business,Ireland,Technology,BR07,Branch,Medium,N,280000,2024-07-06
C01655,Mei Fraser,Individual,Hong Kong,Employee,BR03,Online,Low,N,60200,2024-08-25
C01656,Grace Okafor,Individual,United Kingdom,Self-employed,BR06,Branch,Low,N,68100,2025-03-23
C01657,Olivia Rossi,Individual,Russia,Student,BR03,Relationship Manager,Medium,N,55800,2025-03-12
C01658,Larkspur Motors PLC,Business,Germany,Construction,BR01,Branch,Low,N,499000,2024-12-04
C01659,Silverline Property PLC,Business,United Kingdom,Retail,BR02,Online,Low,N,800000,2024-11-03
C01660,Thistle Property LLP,Business,United Kingdom,Professional Services,BR01,Branch,Low,N,1076000,2025-11-13
C01661,Jack Murray,Individual,United Kingdom,Employee,BR04,Introducer,Low,N,25900,2025-01-02
C01662,Omar Ali,Individual,UAE,Senior Public Official,BR07,Branch,High,Y,118900,2025-07-25
C01663,Hannah Evans,Individual,United Kingdom,Employee,BR07,Online,Low,N,19100,2025-12-02
C01664,Ethan Khan,Individual,United Kingdom,Employee,BR02,Online,Low,N,48300,2024-09-01
C01665,Ethan Khan,Individual,Nigeria,Student,BR01,Relationship Manager,Medium,N,18000,2025-07-23
C01666,Ethan Doyle,Individual,United Kingdom,Employee,BR02,Branch,Low,N,37800,2025-08-17
C01667,Redwood Property Ltd,Business,Nigeria,Money Services,BR10,Relationship Manager,High,N,80000,2024-06-09
C01668,Ravi Brooks,Individual,United Kingdom,Employee,BR02,Introducer,Low,N,43500,2024-06-14
C01669,Luca Carter,Individual,United States,Employee,BR03,Branch,Low,N,49300,2024-04-28
C01670,Bluefield Trading Ltd,Business,United Kingdom,Retail,BR01,Branch,Medium,N,981000,2025-03-25
C01671,Hannah Patel,Individual,United Kingdom,Employee,BR07,Introducer,Low,N,39400,2025-07-10
C01672,Northgate Construction LLP,Business,France,Construction,BR04,Online,Low,N,68000,2025-07-03
C01673,Daniel Wright,Individual,United Kingdom,Student,BR01,Relationship Manager,Low,N,18300,2024-10-10
C01674,Crest Holdings Ltd,Business,Cyprus,Precious Metals,BR04,Relationship Manager,High,N,850000,2025-05-29
C01675,Hannah Doyle,Individual,Ireland,Student,BR06,Online,Low,N,67300,2024-01-22
C01676,Priya Brooks,Individual,United Kingdom,Employee,BR04,Branch,Low,N,42000,2025-04-25
C01677,Pinnacle Capital PLC,Business,United Kingdom,Charity,BR10,Online,Medium,N,1705000,2024-12-12
C01678,Amir Hughes,Individual,United States,Employee,BR08,Online,Low,N,74100,2025-08-29
C01679,Chen Okafor,Individual,United Kingdom,Retired,BR04,Online,Low,N,24900,2025-12-08
C01680,Priya Khan,Individual,United States,Student,BR10,Online,Low,N,29400,2025-02-10
C01681,Zara Murray,Individual,United Kingdom,Self-employed,BR08,Online,Low,N,27300,2025-03-30
C01682,Redwood Holdings Ltd,Business,United States,Hospitality,BR03,Relationship Manager,Medium,N,4424000,2025-11-09
C01683,Mei Brooks,Individual,United Kingdom,Student,BR07,Branch,Low,N,89700,2024-09-07
C01684,Chen Mensah,Individual,Germany,Student,BR04,Online,Low,N,14500,2024-04-15
C01685,Omar Walsh,Individual,United Kingdom,Employee,BR04,Branch,Low,N,19600,2025-01-05
C01686,Harbour Imports Ltd,Business,United Kingdom,Import/Export,BR04,Branch,High,N,1380000,2024-09-17
C01687,Omar Hughes,Individual,Hong Kong,Employee,BR08,Online,Low,N,93100,2025-04-09
C01688,Hannah Singh,Individual,Panama,Employee,BR09,Relationship Manager,Medium,N,27800,2025-07-26
C01689,Silverline Motors PLC,Business,United Kingdom,Money Services,BR02,Online,Medium,N,808000,2025-01-03
C01690,Amir Ali,Individual,Cyprus,Retired,BR06,Branch,Medium,N,15200,2024-08-13
C01691,Larkspur Motors Ltd,Business,United Kingdom,Hospitality,BR05,Online,Medium,N,1670000,2025-02-16
C01692,Olivia Ali,Individual,United Kingdom,Employee,BR09,Online,Low,N,67500,2024-11-19
C01693,Ravi Ali,Individual,United Kingdom,Employee,BR04,Online,Low,N,46700,2024-05-15
C01694,Mei Wright,Individual,United Kingdom,Employee,BR02,Branch,Low,N,37600,2025-07-18
C01695,Silverline Trading LLP,Business,United Kingdom,Real Estate,BR02,Online,High,N,49000,2024-08-30
C01696,Priya Fraser,Individual,United Kingdom,Employee,BR01,Branch,Low,N,33000,2025-01-28
C01697,Priya Shah,Individual,United Kingdom,Retired,BR01,Online,Low,N,43800,2025-10-26
C01698,Daniel Singh,Individual,India,Employee,BR02,Branch,Low,N,22100,2024-05-17
C01699,Amir Hughes,Individual,UAE,Employee,BR01,Online,Medium,N,59500,2024-11-08
C01700,Jack Rossi,Individual,Germany,Employee,BR08,Relationship Manager,Low,N,68300,2024-05-07
C01701,Luca Walsh,Individual,United Kingdom,Employee,BR03,Branch,Low,N,29200,2024-11-15
C01702,Ethan Carter,Individual,India,Employee,BR03,Branch,Low,N,62000,2024-08-08
C01703,Aisha Murray,Individual,United Kingdom,Employee,BR07,Relationship Manager,Low,N,37600,2025-10-31
C01704,Sofia Hughes,Individual,India,Employee,BR02,Online,Low,N,79900,2024-08-09
C01705,Luca Murray,Individual,United Kingdom,Employee,BR06,Online,Low,N,136000,2025-03-24
C01706,Sofia Singh,Individual,United Kingdom,Self-employed,BR08,Relationship Manager,Low,N,20800,2024-04-09
C01707,Daniel Hughes,Individual,United Kingdom,Retired,BR03,Online,Low,N,63700,2024-11-29
C01708,Maria Shah,Individual,UAE,Employee,BR04,Online,Medium,N,87800,2025-09-02
C01709,Luca Brooks,Individual,Cyprus,Employee,BR03,Online,Medium,N,22400,2025-05-06
C01710,Mei Wright,Individual,Germany,Employee,BR03,Introducer,Medium,Y,28400,2024-07-25
C01711,Chen Murray,Individual,Hong Kong,Employee,BR05,Online,Low,N,28200,2025-12-11
C01712,Maria Evans,Individual,Cyprus,Self-employed,BR03,Branch,Medium,N,37100,2025-08-09
C01713,Harbour Logistics Ltd,Business,United Kingdom,Precious Metals,BR04,Online,Medium,N,1946000,2024-10-21
C01714,Jack Fraser,Individual,India,Employee,BR04,Branch,Low,N,35600,2025-12-12
C01715,Larkspur Holdings LLP,Business,United Kingdom,Professional Services,BR01,Online,Low,N,4729000,2024-05-16
C01716,Zara Singh,Individual,United Kingdom,Employee,BR01,Branch,Low,N,12900,2024-08-30
C01717,Redwood Foods Ltd,Business,United Kingdom,Construction,BR04,Online,Medium,N,840000,2025-11-11
C01718,Hannah Shah,Individual,Russia,Property Investor,BR01,Online,Medium,N,60000,2025-12-10
C01719,Olivia Singh,Individual,India,Employee,BR06,Online,High,Y,55900,2025-08-24
C01720,Luca Doyle,Individual,United Kingdom,Employee,BR09,Online,Low,N,21300,2024-05-19
C01721,Thistle Foods PLC,Business,United Kingdom,Construction,BR07,Branch,Low,N,1004000,2024-06-08
C01722,Jack Mensah,Individual,United Kingdom,Employee,BR02,Online,Low,N,89000,2025-04-18
C01723,Sofia Mensah,Individual,India,Employee,BR04,Online,Low,N,39000,2024-02-10
C01724,Tom Carter,Individual,United States,Employee,BR06,Online,Low,N,21900,2025-12-25
C01725,Ironbridge Retail Ltd,Business,United Kingdom,Construction,BR06,Relationship Manager,Medium,N,1139000,2025-11-19
C01726,Maria Murray,Individual,United Kingdom,Employee,BR10,Online,Low,N,112900,2025-08-13
C01727,Amir Walsh,Individual,United Kingdom,Self-employed,BR04,Online,Medium,Y,23600,2025-12-08
C01728,James Brooks,Individual,United Kingdom,Employee,BR02,Relationship Manager,Low,N,41100,2024-06-16
C01729,Northgate Tech Ltd,Business,United Kingdom,Retail,BR03,Online,Low,N,1827000,2025-10-06
C01730,Ethan Wright,Individual,United Kingdom,Retired,BR09,Online,Low,N,43000,2024-07-07
C01731,Omar Walsh,Individual,United Kingdom,Employee,BR05,Online,Low,N,14100,2024-03-29
C01732,Larkspur Holdings LLP,Business,United Kingdom,Charity,BR08,Relationship Manager,Low,N,718000,2024-07-10
C01733,Omar Rossi,Individual,United States,Director,BR07,Online,Low,N,22300,2025-07-20
C01734,Nadia Carter,Individual,United Kingdom,Employee,BR10,Branch,Low,N,18700,2025-11-20
C01735,Hannah Wright,Individual,United Kingdom,Employee,BR04,Online,Low,N,14200,2025-03-23
C01736,Ravi Mensah,Individual,India,Retired,BR10,Branch,Low,N,82000,2024-06-28
C01737,Chen Evans,Individual,Cyprus,Employee,BR09,Online,Medium,N,24300,2025-03-15
C01738,Hannah Okafor,Individual,United Kingdom,Employee,BR08,Introducer,Low,N,49000,2025-01-07
C01739,Larkspur Consulting LLP,Business,United Kingdom,Real Estate,BR09,Introducer,Medium,N,972000,2025-01-13
C01740,Silverline Tech Ltd,Business,Germany,Hospitality,BR04,Online,Low,N,472000,2024-09-12
C01741,Daniel Okafor,Individual,United Kingdom,Retired,BR07,Relationship Manager,Low,N,48000,2024-04-11
C01742,Tom Wright,Individual,Germany,Student,BR05,Relationship Manager,Low,N,50400,2024-09-21
C01743,Grace Doyle,Individual,United Kingdom,Retired,BR07,Introducer,Low,N,43600,2025-10-12
C01744,Oakline Capital Ltd,Business,United Kingdom,Import/Export,BR07,Relationship Manager,Medium,N,3198000,2024-10-25
C01745,Amir Carter,Individual,United Kingdom,Self-employed,BR07,Relationship Manager,Low,N,24100,2024-01-16
C01746,Jack Okafor,Individual,France,Employee,BR03,Branch,Low,N,37700,2024-09-09
C01747,Ethan Mensah,Individual,United Kingdom,Property Investor,BR07,Branch,Low,N,37200,2024-12-02
C01748,Grace Shah,Individual,United Kingdom,Property Investor,BR08,Branch,Low,N,51900,2025-03-14
C01749,Olivia Singh,Individual,United Kingdom,Retired,BR05,Online,Low,N,77700,2025-04-14
C01750,Silverline Tech PLC,Business,India,Import/Export,BR04,Introducer,High,N,481000,2024-11-07
C01751,Zara Khan,Individual,United Kingdom,Self-employed,BR08,Introducer,Low,N,24700,2024-04-14
C01752,Bluefield Property Ltd,Business,France,Professional Services,BR07,Relationship Manager,Low,N,422000,2024-11-18
C01753,Zara Doyle,Individual,Germany,Retired,BR04,Relationship Manager,Low,N,25300,2024-01-03
C01754,Kestrel Motors Ltd,Business,United Kingdom,Retail,BR05,Online,Medium,N,1612000,2025-01-04
C01755,Brightwater Property Ltd,Business,Russia,Professional Services,BR06,Online,Medium,N,116000,2024-11-21
C01756,Crest Construction Ltd,Business,United States,Hospitality,BR06,Online,Medium,N,148000,2024-09-17
C01757,Luca Walsh,Individual,United Kingdom,Self-employed,BR02,Branch,Low,N,42200,2025-04-28
C01758,Priya Rossi,Individual,United Kingdom,Self-employed,BR02,Relationship Manager,Low,N,122400,2025-07-05
C01759,Jack Okafor,Individual,United Kingdom,Employee,BR09,Online,Low,N,53600,2024-07-11
C01760,Nadia Hughes,Individual,United Kingdom,Employee,BR09,Branch,Low,N,126200,2025-01-03
C01761,Daniel Evans,Individual,United Kingdom,Employee,BR03,Online,Low,N,61600,2025-01-07
C01762,Oakline Retail Ltd,Business,United States,Construction,BR09,Online,Low,N,191000,2025-01-07
C01763,Silverline Motors Ltd,Business,Pakistan,Retail,BR04,Relationship Manager,Medium,N,435000,2024-10-21
C01764,Chen Carter,Individual,United Kingdom,Self-employed,BR01,Relationship Manager,Low,N,21100,2024-06-02
C01765,Hannah Hughes,Individual,United Kingdom,Employee,BR07,Branch,Low,N,30700,2024-05-05
C01766,Oakline Retail PLC,Business,United Kingdom,Construction,BR01,Relationship Manager,Low,N,1842000,2024-01-23
C01767,Brightwater Trading LLP,Business,United Kingdom,Construction,BR01,Branch,Low,N,3741000,2024-02-08
C01768,Zara Khan,Individual,United Kingdom,Employee,BR10,Online,Low,N,22000,2025-08-14
C01769,Ravi Shah,Individual,Cyprus,Retired,BR04,Online,Medium,N,51500,2024-02-21
C01770,Crest Consulting Ltd,Business,Pakistan,Professional Services,BR02,Relationship Manager,High,N,881000,2025-09-17
C01771,Omar Patel,Individual,United Kingdom,Employee,BR04,Relationship Manager,Low,N,16000,2025-10-17
C01772,Hannah Doyle,Individual,France,Self-employed,BR05,Branch,Low,N,20500,2024-06-25
C01773,Silverline Imports Ltd,Business,United Kingdom,Retail,BR05,Online,Medium,N,1398000,2024-11-19
C01774,Ironbridge Consulting Ltd,Business,Nigeria,Technology,BR03,Relationship Manager,High,N,259000,2024-09-20
C01775,Brightwater Logistics Ltd,Business,United Kingdom,Charity,BR03,Introducer,Medium,N,610000,2024-10-14
C01776,Thistle Property PLC,Business,United Kingdom,Money Services,BR04,Branch,Medium,N,187000,2024-09-18
C01777,Chen Nowak,Individual,Ireland,Property Investor,BR05,Branch,Low,N,56700,2024-09-07
C01778,Olivia Murray,Individual,United Kingdom,Employee,BR09,Online,Low,N,27000,2025-05-15
C01779,James Singh,Individual,United Kingdom,Employee,BR03,Relationship Manager,Low,N,18400,2024-10-28
C01780,Daniel Ali,Individual,United Kingdom,Employee,BR08,Online,Low,N,28400,2024-05-16
C01781,Zara Khan,Individual,Germany,Employee,BR10,Online,Low,N,59500,2024-10-03
C01782,Maria Patel,Individual,UAE,Employee,BR03,Introducer,Medium,N,68400,2025-12-16
C01783,Daniel Walsh,Individual,United Kingdom,Employee,BR01,Online,Low,N,49600,2025-12-23
C01784,Thistle Property Ltd,Business,United Kingdom,Real Estate,BR05,Online,Medium,N,806000,2024-02-15
C01785,Luca Nowak,Individual,India,Employee,BR09,Introducer,Low,N,113300,2025-02-24
C01786,Hannah Singh,Individual,United Kingdom,Self-employed,BR01,Online,Low,N,30000,2025-12-12
C01787,Ethan Wright,Individual,United Kingdom,Employee,BR02,Branch,Low,N,97900,2024-05-21
C01788,Daniel Fraser,Individual,Germany,Employee,BR06,Branch,Low,N,34300,2024-02-20
C01789,Silverline Foods Ltd,Business,United Kingdom,Professional Services,BR08,Online,Medium,N,538000,2024-06-03
C01790,Ravi Hughes,Individual,UAE,Self-employed,BR01,Branch,Medium,N,61400,2024-08-20
C01791,Amir Reid,Individual,United Kingdom,Employee,BR03,Branch,Low,N,12300,2025-11-14
C01792,Summit Imports PLC,Business,Ireland,Import/Export,BR02,Branch,Medium,N,830000,2024-07-02
C01793,Omar Wright,Individual,United Kingdom,Employee,BR10,Online,Low,N,19300,2024-08-30
C01794,Ravi Mensah,Individual,United Kingdom,Employee,BR06,Relationship Manager,Low,N,13800,2024-07-08
C01795,Jack Carter,Individual,United Kingdom,Property Investor,BR04,Online,Low,N,68000,2024-10-13
C01796,Ravi Okafor,Individual,United States,Employee,BR08,Relationship Manager,Low,N,138900,2025-12-28
C01797,Hannah Carter,Individual,Pakistan,Employee,BR04,Introducer,Medium,N,34400,2024-03-02
C01798,Chen Okafor,Individual,Nigeria,Employee,BR09,Online,Medium,N,67000,2024-12-01
C01799,Ethan Carter,Individual,United Kingdom,Employee,BR02,Online,Low,N,97800,2025-03-24
C01800,James Ali,Individual,United Kingdom,Employee,BR01,Branch,Low,N,45500,2024-03-28
C01801,Mei Ali,Individual,Nigeria,Employee,BR03,Online,Medium,N,39500,2024-02-02
C01802,Tom Lopez,Individual,Germany,Employee,BR02,Branch,Low,N,34600,2025-12-19
C01803,Kestrel Foods LLP,Business,United Kingdom,Crypto Assets,BR08,Online,High,N,524000,2024-07-15
C01804,James Hughes,Individual,United States,Employee,BR04,Introducer,Low,N,67800,2024-06-26
C01805,Nadia Khan,Individual,United Kingdom,Employee,BR02,Online,Low,N,52900,2024-09-11
C01806,Olivia Nowak,Individual,United Kingdom,Retired,BR07,Branch,Low,N,51900,2024-02-23
C01807,Hannah Khan,Individual,United States,Employee,BR04,Relationship Manager,Low,N,38900,2024-04-17
C01808,James Fraser,Individual,United Kingdom,Senior Public Official,BR04,Introducer,High,Y,15400,2024-01-18
C01809,Silverline Property Ltd,Business,United Kingdom,Construction,BR02,Relationship Manager,Medium,N,975000,2025-01-25
C01810,Summit Motors PLC,Business,United Kingdom,Money Services,BR10,Branch,Medium,N,775000,2024-12-04
C01811,Ethan Hughes,Individual,Russia,Director,BR06,Online,Medium,N,58200,2024-07-19
C01812,Nadia Fraser,Individual,United Kingdom,Employee,BR08,Online,Low,N,63200,2025-11-02
C01813,Bluefield Logistics PLC,Business,India,Technology,BR07,Online,Low,N,718000,2024-08-11
C01814,Amir Reid,Individual,United Kingdom,Self-employed,BR04,Online,Low,N,27900,2024-01-13
C01815,Amir Walsh,Individual,United Kingdom,Retired,BR01,Relationship Manager,Low,N,143300,2024-03-13
C01816,Nadia Singh,Individual,United Kingdom,Employee,BR06,Branch,Low,N,38300,2025-06-14
C01817,Sofia Khan,Individual,United Kingdom,Employee,BR01,Introducer,Low,N,19300,2025-01-24
C01818,Ironbridge Construction Ltd,Business,United Kingdom,Retail,BR10,Branch,Medium,N,448000,2024-07-09
C01819,Luca Walsh,Individual,United Kingdom,Property Investor,BR02,Branch,Low,N,25200,2024-06-29
C01820,Crest Tech Ltd,Business,Ireland,Retail,BR03,Relationship Manager,Low,N,290000,2024-06-09
C01821,Omar Okafor,Individual,United Kingdom,Employee,BR05,Online,Low,N,54800,2024-11-04
C01822,Sofia Evans,Individual,India,Senior Public Official,BR04,Online,High,Y,23200,2025-05-29
C01823,Aisha Okafor,Individual,UAE,Employee,BR06,Online,High,Y,48700,2025-04-11
C01824,Ethan Carter,Individual,United Kingdom,Self-employed,BR07,Branch,Low,N,24600,2025-06-30
C01825,Mei Patel,Individual,United Kingdom,Employee,BR07,Branch,Low,N,61300,2024-01-31
C01826,Daniel Shah,Individual,United Kingdom,Self-employed,BR09,Relationship Manager,Low,N,44800,2025-02-12
C01827,Priya Patel,Individual,United Kingdom,Employee,BR04,Branch,Low,N,8500,2025-07-12
C01828,Ironbridge Trading Ltd,Business,United Kingdom,Hospitality,BR04,Introducer,Low,N,237000,2024-05-27
C01829,Maria Reid,Individual,United Kingdom,Employee,BR08,Relationship Manager,Low,N,33700,2025-03-02
C01830,Chen Nowak,Individual,United Kingdom,Employee,BR02,Relationship Manager,Low,N,93900,2024-01-05
C01831,Mei Doyle,Individual,United Kingdom,Employee,BR02,Relationship Manager,Low,N,50900,2025-10-27
C01832,Jack Khan,Individual,Russia,Employee,BR01,Online,Medium,N,63200,2025-06-22
C01833,Redwood Motors LLP,Business,United Kingdom,Import/Export,BR07,Online,Medium,N,791000,2025-03-31
C01834,Crest Foods PLC,Business,United Kingdom,Professional Services,BR06,Relationship Manager,Medium,N,66000,2025-03-14
C01835,Northgate Foods Ltd,Business,United Kingdom,Construction,BR02,Online,Medium,N,345000,2025-05-04
C01836,Olivia Nowak,Individual,Germany,Employee,BR01,Branch,Low,N,32300,2024-11-04
C01837,Maria Nowak,Individual,United Kingdom,Employee,BR01,Online,Low,N,89600,2025-12-07
C01838,Daniel Brooks,Individual,United Kingdom,Student,BR04,Branch,Low,N,36600,2024-06-05
C01839,Hannah Patel,Individual,France,Employee,BR02,Online,Low,N,19200,2025-08-15
C01840,Tom Nowak,Individual,United Kingdom,Retired,BR07,Introducer,Low,N,24400,2025-07-10
C01841,Tom Evans,Individual,United Kingdom,Self-employed,BR10,Online,Low,N,71600,2025-09-04
C01842,Grace Singh,Individual,United Kingdom,Retired,BR07,Branch,Low,N,36300,2024-02-21
C01843,Jack Nowak,Individual,India,Student,BR08,Branch,Low,N,35200,2024-11-21
C01844,Olivia Carter,Individual,Russia,Employee,BR10,Online,Medium,N,75800,2025-04-14
C01845,Oakline Holdings Ltd,Business,Nigeria,Charity,BR07,Branch,Medium,N,887000,2025-03-28
C01846,Crest Capital Ltd,Business,United Kingdom,Import/Export,BR05,Online,Medium,N,504000,2025-05-18
C01847,James Shah,Individual,United Kingdom,Self-employed,BR08,Relationship Manager,Low,N,24100,2025-04-08
C01848,Crest Foods Ltd,Business,United Kingdom,Professional Services,BR05,Online,Medium,N,306000,2024-06-12
C01849,Tom Doyle,Individual,UAE,Employee,BR03,Online,Medium,N,34600,2025-08-28
C01850,Meridian Imports PLC,Business,Cyprus,Money Services,BR01,Online,High,N,220000,2024-12-19
C01851,Meridian Holdings Ltd,Business,UAE,Hospitality,BR06,Branch,High,N,294000,2025-12-10
C01852,Amir Fraser,Individual,United Kingdom,Self-employed,BR09,Online,Low,N,44300,2025-01-15
C01853,Redwood Imports LLP,Business,France,Construction,BR06,Online,Medium,N,474000,2025-01-27
C01854,Summit Logistics Ltd,Business,Pakistan,Real Estate,BR03,Online,High,N,103000,2025-03-08
C01855,Summit Logistics Ltd,Business,Germany,Professional Services,BR05,Online,Medium,N,1664000,2025-09-28
C01856,Pinnacle Consulting Ltd,Business,Germany,Professional Services,BR08,Online,Medium,N,906000,2025-10-20
C01857,Maria Reid,Individual,United Kingdom,Employee,BR07,Branch,Low,N,69200,2025-03-03
C01858,Nadia Carter,Individual,Ireland,Retired,BR04,Online,Low,N,79600,2025-02-03
C01859,Silverline Property Ltd,Business,United Kingdom,Real Estate,BR03,Branch,Medium,N,270000,2024-02-09
C01860,Luca Nowak,Individual,United Kingdom,Director,BR03,Online,Low,N,54600,2024-02-19
C01861,Nadia Mensah,Individual,UAE,Student,BR09,Branch,Medium,N,14200,2025-06-22
C01862,Olivia Evans,Individual,Cyprus,Student,BR01,Relationship Manager,Medium,N,39800,2024-09-09
C01863,Nadia Patel,Individual,UAE,Employee,BR08,Online,Medium,N,22600,2024-11-15
C01864,Aisha Rossi,Individual,United Kingdom,Retired,BR02,Branch,Low,N,86600,2025-04-04
C01865,Northgate Construction LLP,Business,United Kingdom,Crypto Assets,BR10,Branch,High,N,2435000,2024-06-11
C01866,Grace Brooks,Individual,United Kingdom,Student,BR04,Introducer,Low,N,22700,2024-08-31
C01867,Pinnacle Capital PLC,Business,UAE,Retail,BR07,Online,Medium,N,283000,2024-02-01
C01868,Oakline Property Ltd,Business,Ireland,Money Services,BR07,Relationship Manager,Medium,N,724000,2025-07-15
C01869,Tom Ali,Individual,Hong Kong,Employee,BR07,Relationship Manager,Low,N,68900,2025-01-06
C01870,Priya Walsh,Individual,United Kingdom,Employee,BR07,Online,Low,N,14700,2024-05-18
C01871,Nadia Khan,Individual,United Kingdom,Self-employed,BR01,Online,Low,N,10700,2025-03-11
C01872,Kestrel Foods Ltd,Business,Nigeria,Technology,BR02,Online,Medium,N,11049000,2024-04-14
C01873,Pinnacle Retail Ltd,Business,United Kingdom,Professional Services,BR02,Relationship Manager,Low,N,526000,2025-07-24
C01874,Aisha Rossi,Individual,Hong Kong,Employee,BR06,Online,Low,N,44100,2024-06-17
C01875,James Fraser,Individual,United Kingdom,Senior Public Official,BR06,Introducer,Medium,Y,57300,2024-07-16
C01876,Daniel Reid,Individual,United Kingdom,Employee,BR02,Online,Low,N,84300,2025-10-02
C01877,Hannah Nowak,Individual,United Kingdom,Employee,BR07,Relationship Manager,Low,N,27600,2025-06-27
C01878,Pinnacle Logistics LLP,Business,Pakistan,Import/Export,BR02,Branch,High,N,419000,2025-05-12
C01879,Silverline Capital PLC,Business,Ireland,Technology,BR03,Online,Medium,N,1433000,2025-03-15
C01880,Hannah Brooks,Individual,India,Employee,BR03,Branch,Low,N,19800,2025-01-15
C01881,Larkspur Retail Ltd,Business,Nigeria,Real Estate,BR07,Relationship Manager,High,N,203000,2024-05-20
C01882,Tom Murray,Individual,United Kingdom,Employee,BR01,Branch,Low,N,47300,2024-08-07
C01883,Thistle Construction Ltd,Business,Nigeria,Professional Services,BR09,Online,High,N,3418000,2025-12-04
C01884,Zara Shah,Individual,Cyprus,Student,BR06,Branch,Medium,N,43700,2025-11-02
C01885,Ravi Fraser,Individual,United Kingdom,Retired,BR05,Branch,Medium,Y,36900,2025-06-14
C01886,Harbour Motors PLC,Business,India,Construction,BR02,Online,Medium,N,210000,2025-10-11
C01887,Grace Walsh,Individual,United Kingdom,Employee,BR07,Relationship Manager,Low,N,32300,2025-08-10
C01888,Daniel Khan,Individual,United Kingdom,Employee,BR08,Branch,Low,N,46000,2024-10-18
C01889,Thistle Capital Ltd,Business,United Kingdom,Retail,BR04,Relationship Manager,Low,N,1185000,2025-06-07
C01890,Aisha Shah,Individual,Pakistan,Employee,BR02,Relationship Manager,Medium,N,22900,2025-07-04
C01891,Priya Doyle,Individual,United Kingdom,Employee,BR03,Introducer,Low,N,44500,2024-04-11
C01892,Amir Okafor,Individual,United Kingdom,Retired,BR03,Online,Low,N,23400,2025-10-29
C01893,Grace Wright,Individual,Germany,Employee,BR02,Online,Low,N,64900,2024-12-26
C01894,Zara Reid,Individual,United Kingdom,Self-employed,BR06,Online,Low,N,57300,2024-08-17
C01895,Daniel Ali,Individual,Nigeria,Employee,BR03,Branch,Medium,N,25400,2024-12-12
C01896,Brightwater Tech Ltd,Business,Cyprus,Technology,BR08,Online,High,N,1791000,2024-08-28
C01897,Ethan Singh,Individual,United Kingdom,Property Investor,BR04,Relationship Manager,Low,N,25300,2024-08-31
C01898,Luca Reid,Individual,United Kingdom,Employee,BR05,Branch,Low,N,15300,2025-02-02
C01899,Oakline Tech Ltd,Business,Russia,Retail,BR10,Branch,Medium,N,466000,2025-12-30
C01900,Grace Walsh,Individual,United Kingdom,Student,BR04,Online,Low,N,38900,2024-10-25
C01901,Kestrel Consulting Ltd,Business,United Kingdom,Retail,BR01,Relationship Manager,Medium,N,6518000,2024-06-05
C01902,Ethan Hughes,Individual,Hong Kong,Employee,BR04,Online,Low,N,43900,2025-07-10
C01903,Summit Consulting Ltd,Business,United States,Retail,BR04,Relationship Manager,Medium,N,962000,2024-08-03
C01904,Olivia Fraser,Individual,Ireland,Senior Public Official,BR07,Online,High,Y,22300,2025-01-27
C01905,Zara Patel,Individual,United Kingdom,Employee,BR08,Online,Low,N,32000,2024-07-04
C01906,Brightwater Construction PLC,Business,United States,Hospitality,BR06,Introducer,Medium,N,218000,2024-06-03
C01907,Luca Khan,Individual,Ireland,Employee,BR10,Online,Low,N,12600,2024-07-03
C01908,Priya Carter,Individual,Ireland,Self-employed,BR02,Online,Low,N,30600,2024-09-17
C01909,Aisha Wright,Individual,UAE,Employee,BR02,Introducer,Medium,N,21100,2025-11-29
C01910,James Walsh,Individual,Ireland,Retired,BR02,Branch,Low,N,35700,2025-05-05
C01911,Zara Rossi,Individual,United Kingdom,Student,BR06,Branch,Low,N,30900,2025-05-23
C01912,Mei Okafor,Individual,United Kingdom,Employee,BR02,Introducer,Low,N,57600,2024-02-09
C01913,Mei Rossi,Individual,United Kingdom,Employee,BR01,Online,Low,N,46800,2024-01-08
C01914,Aisha Singh,Individual,United Kingdom,Retired,BR10,Introducer,Low,N,18300,2024-09-07
C01915,Mei Rossi,Individual,United Kingdom,Student,BR02,Relationship Manager,Low,N,28200,2025-10-10
C01916,Mei Khan,Individual,United Kingdom,Employee,BR02,Online,Low,N,40100,2024-01-12
C01917,Sofia Wright,Individual,Nigeria,Employee,BR03,Online,Medium,N,62500,2025-07-14
C01918,Nadia Khan,Individual,United Kingdom,Employee,BR01,Online,Low,N,172800,2025-08-23
C01919,Amir Murray,Individual,United Kingdom,Employee,BR01,Branch,Low,N,61200,2024-07-22
C01920,Luca Carter,Individual,United Kingdom,Employee,BR02,Online,Low,N,21900,2024-03-26
C01921,Olivia Shah,Individual,United Kingdom,Employee,BR03,Relationship Manager,Low,N,37900,2024-04-22
C01922,James Singh,Individual,Nigeria,Employee,BR08,Introducer,Medium,N,44700,2024-02-26
C01923,Grace Khan,Individual,United Kingdom,Retired,BR03,Introducer,Low,N,29400,2025-09-08
C01924,Maria Patel,Individual,United Kingdom,Retired,BR07,Introducer,Low,N,53200,2025-07-28
C01925,Grace Wright,Individual,Nigeria,Retired,BR07,Branch,Medium,N,10300,2025-05-06
C01926,Hannah Reid,Individual,United Kingdom,Self-employed,BR07,Online,Low,N,55900,2024-03-06
C01927,Oakline Trading Ltd,Business,United Kingdom,Money Services,BR09,Branch,High,N,2551000,2025-11-25
C01928,Amir Ali,Individual,UAE,Employee,BR04,Online,Medium,N,37600,2025-05-15
C01929,Amir Shah,Individual,United Kingdom,Self-employed,BR01,Introducer,Low,N,96700,2025-08-28
C01930,Ethan Rossi,Individual,India,Employee,BR01,Relationship Manager,Low,N,18800,2024-10-04
C01931,Jack Doyle,Individual,UAE,Employee,BR02,Relationship Manager,Medium,N,47300,2024-05-24
C01932,Tom Nowak,Individual,Cyprus,Property Investor,BR08,Online,Medium,N,64600,2025-08-23
C01933,Daniel Brooks,Individual,United Kingdom,Retired,BR05,Online,Low,N,44500,2024-02-07
C01934,Grace Rossi,Individual,Nigeria,Employee,BR01,Branch,Medium,N,15200,2024-05-13
C01935,Ravi Rossi,Individual,France,Student,BR01,Online,Low,N,90200,2024-04-22
C01936,Crest Property Ltd,Business,United Kingdom,Retail,BR09,Online,Medium,N,979000,2024-03-02
C01937,Redwood Foods Ltd,Business,Cyprus,Retail,BR04,Relationship Manager,Medium,N,702000,2025-02-06
C01938,Grace Khan,Individual,United Kingdom,Employee,BR01,Online,Low,N,33300,2024-06-15
C01939,Nadia Fraser,Individual,Pakistan,Employee,BR09,Online,Medium,N,31900,2025-12-07
C01940,Brightwater Consulting Ltd,Business,United Kingdom,Precious Metals,BR07,Relationship Manager,Medium,N,111000,2025-11-12
C01941,Chen Rossi,Individual,United Kingdom,Employee,BR04,Branch,Low,N,44300,2024-05-03
C01942,Pinnacle Foods PLC,Business,United Kingdom,Retail,BR04,Online,Medium,N,572000,2025-08-29
C01943,James Wright,Individual,United States,Property Investor,BR06,Relationship Manager,Low,N,60000,2024-01-29
C01944,Pinnacle Tech LLP,Business,United Kingdom,Real Estate,BR03,Introducer,High,N,1593000,2024-07-27
C01945,Larkspur Consulting Ltd,Business,United Kingdom,Construction,BR10,Branch,Low,N,772000,2025-04-27
C01946,Olivia Lopez,Individual,United Kingdom,Employee,BR07,Online,Low,N,35300,2024-05-30
C01947,Ravi Doyle,Individual,India,Employee,BR06,Online,Low,N,24800,2024-02-27
C01948,Ravi Nowak,Individual,United Kingdom,Employee,BR06,Branch,Low,N,16600,2024-04-24
C01949,Nadia Doyle,Individual,United Kingdom,Self-employed,BR10,Branch,Low,N,149600,2025-04-26
C01950,Chen Evans,Individual,Germany,Senior Public Official,BR01,Online,High,Y,59700,2024-06-10
C01951,Pinnacle Foods PLC,Business,United Kingdom,Construction,BR01,Online,Low,N,290000,2024-06-28
C01952,Luca Lopez,Individual,United Kingdom,Employee,BR07,Online,Low,N,110800,2024-05-29
C01953,Ethan Lopez,Individual,United Kingdom,Employee,BR02,Branch,Low,N,90600,2025-10-06
C01954,Ironbridge Retail Ltd,Business,Cyprus,Technology,BR06,Branch,Medium,N,234000,2025-10-11
C01955,Jack Wright,Individual,Pakistan,Employee,BR04,Relationship Manager,Medium,N,25500,2025-08-11
C01956,Zara Khan,Individual,United Kingdom,Employee,BR02,Branch,Low,N,37100,2024-01-15
C01957,Redwood Imports Ltd,Business,United Kingdom,Charity,BR02,Branch,Medium,N,518000,2024-07-02
C01958,Sofia Mensah,Individual,United Kingdom,Self-employed,BR07,Branch,Low,N,37900,2025-10-05
C01959,Tom Wright,Individual,Hong Kong,Employee,BR01,Online,Low,N,61500,2025-02-08
C01960,James Patel,Individual,United Kingdom,Employee,BR01,Online,Low,N,17600,2024-01-31
C01961,Larkspur Logistics PLC,Business,United Kingdom,Construction,BR04,Relationship Manager,Low,N,101000,2024-07-01
C01962,Jack Evans,Individual,United States,Property Investor,BR01,Online,Low,N,80900,2025-08-27
C01963,Hannah Singh,Individual,United Kingdom,Employee,BR06,Branch,Low,N,51000,2025-10-04
C01964,Mei Hughes,Individual,United Kingdom,Employee,BR10,Branch,Low,N,38400,2024-11-07
C01965,Tom Murray,Individual,United Kingdom,Self-employed,BR07,Relationship Manager,Low,N,26900,2024-04-20
C01966,Ironbridge Trading Ltd,Business,United Kingdom,Hospitality,BR05,Branch,Medium,N,2741000,2024-02-26
C01967,James Khan,Individual,United Kingdom,Employee,BR03,Branch,Low,N,19800,2024-06-13
C01968,Kestrel Logistics LLP,Business,Hong Kong,Technology,BR10,Branch,Medium,N,300000,2025-08-07
C01969,Mei Mensah,Individual,United Kingdom,Employee,BR08,Relationship Manager,Low,N,40800,2025-08-27
C01970,James Brooks,Individual,United Kingdom,Senior Public Official,BR08,Online,High,Y,78900,2024-07-06
C01971,Kestrel Trading PLC,Business,UAE,Import/Export,BR02,Online,High,N,331000,2025-12-15
C01972,Luca Lopez,Individual,UAE,Employee,BR01,Branch,Medium,N,29800,2025-10-03
C01973,Sofia Rossi,Individual,France,Student,BR01,Relationship Manager,Low,N,19100,2025-12-22
C01974,Ironbridge Tech Ltd,Business,India,Import/Export,BR02,Branch,High,N,1245000,2025-07-03
C01975,Chen Brooks,Individual,United Kingdom,Self-employed,BR01,Online,Low,N,31100,2025-02-22
C01976,Omar Hughes,Individual,Ireland,Self-employed,BR09,Relationship Manager,Low,N,23900,2025-12-18
C01977,Crest Construction PLC,Business,United Kingdom,Retail,BR02,Branch,Medium,N,4232000,2025-05-18
C01978,Jack Doyle,Individual,United Kingdom,Employee,BR02,Online,Low,N,55400,2025-08-31
C01979,Mei Okafor,Individual,Cyprus,Student,BR09,Online,Medium,N,20700,2024-10-21
C01980,Sofia Hughes,Individual,India,Employee,BR10,Online,Low,N,21800,2024-06-25
C01981,Olivia Doyle,Individual,United Kingdom,Employee,BR02,Online,Low,N,68700,2025-02-23
C01982,Nadia Patel,Individual,United Kingdom,Employee,BR02,Online,Low,N,36300,2024-10-26
C01983,Priya Okafor,Individual,Cyprus,Employee,BR08,Online,Medium,N,71200,2024-09-13
C01984,Tom Evans,Individual,United Kingdom,Retired,BR10,Online,Low,N,32400,2025-05-24
C01985,Sofia Shah,Individual,United Kingdom,Retired,BR06,Online,Low,N,40100,2025-03-22
C01986,Chen Brooks,Individual,United Kingdom,Retired,BR04,Branch,Low,N,44100,2024-08-19
C01987,Tom Murray,Individual,United Kingdom,Employee,BR06,Online,Low,N,92300,2024-06-25
C01988,Omar Walsh,Individual,United Kingdom,Employee,BR07,Online,Low,N,87900,2025-02-03
C01989,Northgate Property Ltd,Business,Russia,Technology,BR01,Online,High,N,1594000,2024-08-27
C01990,Tom Wright,Individual,United Kingdom,Employee,BR03,Online,Low,N,27500,2024-06-22
C01991,Tom Khan,Individual,United Kingdom,Self-employed,BR08,Online,Low,N,22200,2024-06-11
C01992,Summit Consulting Ltd,Business,India,Real Estate,BR06,Introducer,Medium,N,119000,2025-04-29
C01993,Aisha Lopez,Individual,United Kingdom,Employee,BR01,Online,Low,N,91700,2024-10-30
C01994,Olivia Carter,Individual,India,Employee,BR07,Online,Low,N,80600,2024-09-07
C01995,Silverline Tech Ltd,Business,Germany,Money Services,BR06,Branch,High,N,710000,2024-03-25
C01996,Chen Wright,Individual,United Kingdom,Employee,BR02,Relationship Manager,Low,N,62100,2024-02-10
C01997,Aisha Fraser,Individual,Ireland,Retired,BR03,Online,Low,N,62800,2025-05-22
C01998,Amir Nowak,Individual,Nigeria,Self-employed,BR02,Relationship Manager,Medium,N,43900,2025-12-08
C01999,Zara Murray,Individual,France,Employee,BR10,Introducer,Low,N,45000,2024-08-25
C02000,Ravi Ali,Individual,Nigeria,Student,BR02,Branch,Medium,N,42600,2025-09-08
C02001,Oakline Logistics Ltd,Business,United Kingdom,Hospitality,BR08,Relationship Manager,Medium,N,1102000,2025-03-15
C02002,Grace Hughes,Individual,Germany,Employee,BR04,Online,Low,N,26600,2024-08-10
C02003,Silverline Construction Ltd,Business,India,Charity,BR09,Online,Low,N,984000,2025-02-18
C02004,Summit Logistics PLC,Business,United Kingdom,Import/Export,BR10,Online,High,N,399000,2024-04-04
C02005,Nadia Khan,Individual,Pakistan,Self-employed,BR10,Online,Medium,N,43700,2024-09-03
C02006,Kestrel Holdings PLC,Business,United Kingdom,Technology,BR08,Relationship Manager,Medium,N,465000,2025-06-21
C02007,Meridian Consulting LLP,Business,United Kingdom,Real Estate,BR03,Branch,Medium,N,358000,2025-09-14
C02008,Oakline Trading Ltd,Business,Pakistan,Hospitality,BR02,Online,High,N,2297000,2024-06-10
C02009,Mei Evans,Individual,United Kingdom,Employee,BR02,Branch,Low,N,88800,2025-10-27
C02010,Amir Carter,Individual,United Kingdom,Employee,BR06,Branch,Low,N,94000,2025-03-18
C02011,Aisha Walsh,Individual,United Kingdom,Employee,BR03,Online,Low,N,25500,2024-06-16
C02012,Aisha Walsh,Individual,United States,Employee,BR03,Relationship Manager,Low,N,17000,2025-07-23
C02013,Maria Doyle,Individual,United Kingdom,Student,BR01,Relationship Manager,Low,N,70200,2025-10-06
C02014,Grace Carter,Individual,France,Employee,BR07,Online,Low,N,92000,2024-07-18
C02015,James Shah,Individual,Nigeria,Self-employed,BR01,Online,Medium,N,102100,2024-03-18
C02016,Pinnacle Logistics PLC,Business,Ireland,Technology,BR03,Introducer,Low,N,1457000,2024-07-27
C02017,Jack Walsh,Individual,Cyprus,Property Investor,BR05,Online,Medium,N,12100,2025-07-07
C02018,Sofia Mensah,Individual,Nigeria,Employee,BR04,Online,Medium,N,50000,2024-02-15
C02019,Ethan Shah,Individual,United Kingdom,Director,BR09,Relationship Manager,Low,N,56000,2024-07-30
C02020,Amir Wright,Individual,Hong Kong,Retired,BR06,Relationship Manager,Low,N,85100,2024-08-21
C02021,James Murray,Individual,United Kingdom,Employee,BR07,Relationship Manager,Low,N,94600,2024-01-13
C02022,James Singh,Individual,United Kingdom,Employee,BR02,Online,Low,N,69300,2025-03-12
C02023,Omar Lopez,Individual,United Kingdom,Employee,BR01,Online,Low,N,28200,2025-08-12
C02024,Daniel Singh,Individual,Ireland,Self-employed,BR07,Online,Low,N,21600,2024-04-23
C02025,Aisha Fraser,Individual,United Kingdom,Self-employed,BR01,Online,Low,N,55300,2025-10-10
C02026,Sofia Patel,Individual,United Kingdom,Employee,BR08,Online,Low,N,24900,2025-11-27
C02027,Luca Mensah,Individual,United Kingdom,Student,BR10,Branch,Low,N,97300,2025-09-28
C02028,Maria Hughes,Individual,United Kingdom,Employee,BR02,Branch,Low,N,14400,2025-06-12
C02029,James Shah,Individual,United Kingdom,Employee,BR07,Online,Low,N,56400,2024-11-23
C02030,Grace Okafor,Individual,UAE,Retired,BR03,Branch,Medium,N,48600,2024-05-29
C02031,Olivia Nowak,Individual,United Kingdom,Property Investor,BR02,Online,Low,N,35500,2025-10-29
C02032,Oakline Construction Ltd,Business,United Kingdom,Import/Export,BR03,Branch,Medium,N,4803000,2025-01-22
C02033,Larkspur Trading PLC,Business,United Kingdom,Professional Services,BR06,Branch,Medium,N,974000,2024-11-26
C02034,Summit Capital LLP,Business,United Kingdom,Retail,BR10,Relationship Manager,Medium,N,709000,2024-10-13
C02035,Sofia Hughes,Individual,Ireland,Employee,BR02,Online,Low,N,29500,2024-06-08
C02036,Omar Singh,Individual,United Kingdom,Employee,BR06,Relationship Manager,Low,N,78200,2024-10-06
C02037,Aisha Fraser,Individual,United Kingdom,Employee,BR03,Branch,Low,N,25100,2025-08-06
C02038,Kestrel Imports LLP,Business,Pakistan,Technology,BR02,Branch,High,N,988000,2025-02-13
C02039,Northgate Trading Ltd,Business,United Kingdom,Precious Metals,BR05,Branch,Medium,N,303000,2024-10-16
C02040,Kestrel Motors PLC,Business,United Kingdom,Hospitality,BR07,Branch,Medium,N,564000,2024-03-20
C02041,Pinnacle Holdings Ltd,Business,India,Professional Services,BR06,Branch,Low,N,323000,2024-10-30
C02042,Jack Wright,Individual,Germany,Employee,BR10,Online,Low,N,141100,2024-06-06
C02043,Silverline Holdings Ltd,Business,Ireland,Hospitality,BR01,Branch,Low,N,1461000,2024-10-17
C02044,Northgate Imports LLP,Business,United Kingdom,Import/Export,BR04,Relationship Manager,Medium,N,354000,2024-04-19
C02045,Priya Nowak,Individual,United Kingdom,Employee,BR02,Online,Low,N,26100,2025-11-23
C02046,Northgate Imports PLC,Business,United Kingdom,Technology,BR08,Branch,Low,N,788000,2024-05-07
C02047,Ethan Nowak,Individual,United Kingdom,Employee,BR01,Relationship Manager,Low,N,27100,2024-03-31
C02048,Northgate Logistics PLC,Business,United Kingdom,Professional Services,BR01,Online,Medium,N,393000,2025-04-23
C02049,Ironbridge Consulting Ltd,Business,Panama,Charity,BR07,Online,High,N,192000,2024-09-08
C02050,Daniel Mensah,Individual,Germany,Employee,BR03,Online,Low,N,24600,2025-12-29
C02051,Amir Doyle,Individual,United Kingdom,Employee,BR06,Online,Low,N,20000,2024-10-22
C02052,Maria Nowak,Individual,United Kingdom,Self-employed,BR10,Online,Low,N,65700,2025-04-20
C02053,Thistle Motors PLC,Business,India,Construction,BR04,Introducer,Medium,N,7250000,2025-09-01
C02054,Bluefield Foods PLC,Business,United Kingdom,Retail,BR04,Online,Medium,N,1082000,2025-12-20
C02055,Ethan Patel,Individual,United Kingdom,Employee,BR10,Online,Low,N,39700,2025-08-14
C02056,Brightwater Capital PLC,Business,United Kingdom,Retail,BR07,Relationship Manager,Low,N,129000,2025-02-25
C02057,Chen Shah,Individual,India,Employee,BR02,Online,Low,N,41900,2025-08-18
C02058,Nadia Patel,Individual,Ireland,Employee,BR08,Introducer,Low,N,46100,2024-07-26
C02059,Amir Shah,Individual,United Kingdom,Student,BR04,Relationship Manager,Low,N,35200,2025-09-28
C02060,Chen Patel,Individual,United Kingdom,Retired,BR07,Online,Low,N,50900,2025-09-29
C02061,Maria Ali,Individual,Ireland,Employee,BR05,Online,Low,N,48300,2024-10-07
C02062,Zara Lopez,Individual,United Kingdom,Employee,BR02,Online,Low,N,21300,2024-02-19
C02063,Mei Doyle,Individual,Germany,Employee,BR08,Branch,Low,N,82100,2025-05-15
C02064,James Patel,Individual,United Kingdom,Employee,BR01,Online,Low,N,35400,2024-03-15
C02065,Northgate Foods Ltd,Business,India,Professional Services,BR09,Branch,Low,N,208000,2024-01-13
C02066,Jack Murray,Individual,Cyprus,Retired,BR08,Online,Medium,N,51700,2025-11-23
C02067,Northgate Retail Ltd,Business,United Kingdom,Construction,BR10,Online,Medium,N,157000,2025-02-18
C02068,Jack Doyle,Individual,United Kingdom,Employee,BR01,Introducer,Low,N,81200,2025-04-20
C02069,Hannah Mensah,Individual,Germany,Self-employed,BR03,Branch,Low,N,46000,2025-10-05
C02070,Amir Wright,Individual,United Kingdom,Retired,BR01,Online,Low,N,26000,2025-11-10
C02071,Tom Wright,Individual,United Kingdom,Employee,BR03,Online,Low,N,26300,2025-11-30
C02072,Ravi Ali,Individual,United Kingdom,Employee,BR03,Online,Low,N,55300,2024-04-07
C02073,Daniel Shah,Individual,United States,Property Investor,BR05,Branch,Low,N,43700,2024-08-24
C02074,Nadia Reid,Individual,United Kingdom,Employee,BR03,Online,Low,N,28200,2025-07-15
C02075,Chen Mensah,Individual,Pakistan,Self-employed,BR10,Online,Medium,N,66200,2024-01-22
C02076,Daniel Evans,Individual,United Kingdom,Self-employed,BR02,Online,Low,N,41100,2024-06-20
C02077,Hannah Murray,Individual,United Kingdom,Employee,BR03,Online,Low,N,66400,2025-01-11
C02078,Crest Retail Ltd,Business,United Kingdom,Professional Services,BR06,Branch,Medium,N,268000,2024-09-07
C02079,Daniel Khan,Individual,Ireland,Employee,BR02,Online,Low,N,73100,2024-05-06
C02080,Crest Trading LLP,Business,United Kingdom,Hospitality,BR07,Relationship Manager,Medium,N,1334000,2025-10-19
C02081,Crest Retail Ltd,Business,United Kingdom,Real Estate,BR06,Branch,Medium,N,364000,2024-11-23
C02082,Brightwater Motors PLC,Business,United Kingdom,Import/Export,BR06,Branch,High,N,344000,2024-10-27
C02083,Bluefield Property PLC,Business,United Kingdom,Import/Export,BR06,Introducer,Medium,N,853000,2025-04-25
C02084,Daniel Reid,Individual,United Kingdom,Director,BR08,Branch,Low,N,36300,2025-05-05
C02085,Luca Murray,Individual,United Kingdom,Property Investor,BR10,Online,Low,N,117000,2024-12-26
C02086,James Okafor,Individual,United Kingdom,Student,BR01,Online,Low,N,33700,2025-10-10
C02087,Silverline Foods Ltd,Business,Panama,Retail,BR04,Online,Medium,N,536000,2024-08-04
C02088,Grace Okafor,Individual,United Kingdom,Employee,BR08,Online,Low,N,31900,2025-09-28
C02089,Zara Evans,Individual,United Kingdom,Self-employed,BR01,Online,Low,N,13100,2025-09-26
C02090,Bluefield Imports LLP,Business,United Kingdom,Real Estate,BR04,Introducer,Medium,N,1156000,2024-01-07
C02091,Olivia Evans,Individual,United Kingdom,Employee,BR06,Online,Low,N,51200,2025-07-05
C02092,Ravi Khan,Individual,Germany,Self-employed,BR02,Online,Low,N,61100,2024-04-25
C02093,Oakline Logistics Ltd,Business,United Kingdom,Construction,BR03,Introducer,Low,N,315000,2024-12-20
C02094,Mei Wright,Individual,United Kingdom,Employee,BR07,Branch,Low,N,79800,2025-11-02
C02095,Priya Evans,Individual,Ireland,Retired,BR01,Introducer,Low,N,50800,2024-05-22
C02096,Harbour Property Ltd,Business,United Kingdom,Hospitality,BR01,Introducer,Low,N,345000,2025-02-15
C02097,Ethan Brooks,Individual,Cyprus,Employee,BR08,Introducer,Medium,N,57300,2025-07-22
C02098,Ethan Singh,Individual,Russia,Self-employed,BR08,Branch,Medium,N,44400,2024-12-17
C02099,Sofia Hughes,Individual,United Kingdom,Self-employed,BR05,Online,Low,N,28400,2024-02-27
C02100,Chen Singh,Individual,United Kingdom,Employee,BR03,Relationship Manager,Low,N,53300,2024-02-17
C02101,Maria Lopez,Individual,United Kingdom,Self-employed,BR01,Online,Low,N,42100,2025-01-13
C02102,Northgate Consulting Ltd,Business,United Kingdom,Construction,BR08,Online,Medium,N,437000,2024-01-19
C02103,Pinnacle Capital Ltd,Business,United Kingdom,Money Services,BR02,Branch,High,N,1544000,2024-01-12
C02104,Amir Okafor,Individual,United Kingdom,Employee,BR09,Branch,Low,N,93700,2025-11-27
C02105,Amir Walsh,Individual,United Kingdom,Property Investor,BR07,Relationship Manager,Low,N,91900,2025-01-24
C02106,Hannah Mensah,Individual,United Kingdom,Student,BR01,Introducer,Low,N,44900,2024-12-12
C02107,Meridian Foods LLP,Business,United Kingdom,Hospitality,BR05,Branch,Low,N,226000,2024-03-14
C02108,Omar Mensah,Individual,Panama,Employee,BR09,Branch,Medium,N,17000,2025-07-28
C02109,Luca Mensah,Individual,United States,Employee,BR08,Online,Low,N,112600,2025-01-08
C02110,Daniel Singh,Individual,United Kingdom,Student,BR05,Branch,Low,N,74700,2024-06-09
C02111,Larkspur Foods PLC,Business,Ireland,Money Services,BR01,Online,High,N,697000,2025-07-04
C02112,Maria Rossi,Individual,United Kingdom,Student,BR06,Online,Low,N,10300,2024-06-22
C02113,Crest Imports LLP,Business,Germany,Technology,BR06,Online,Medium,N,301000,2025-01-02
C02114,Aisha Fraser,Individual,United Kingdom,Employee,BR05,Relationship Manager,Low,N,37200,2025-02-13
C02115,Northgate Logistics Ltd,Business,Pakistan,Precious Metals,BR02,Branch,High,N,3647000,2024-07-22
C02116,Nadia Ali,Individual,United Kingdom,Employee,BR09,Online,Low,N,30600,2025-10-02
C02117,James Brooks,Individual,United Kingdom,Self-employed,BR04,Relationship Manager,Low,N,34900,2025-05-29
C02118,Redwood Imports Ltd,Business,Panama,Hospitality,BR02,Branch,High,N,301000,2024-07-29
C02119,Kestrel Motors Ltd,Business,United Kingdom,Import/Export,BR02,Branch,Medium,N,650000,2024-04-24
C02120,Olivia Walsh,Individual,United Kingdom,Employee,BR02,Online,Low,N,28400,2024-08-28
C02121,Ravi Wright,Individual,India,Employee,BR04,Branch,Low,N,45100,2024-12-06
C02122,Grace Lopez,Individual,India,Employee,BR02,Online,Low,N,89600,2025-02-06
C02123,Amir Evans,Individual,Germany,Director,BR04,Relationship Manager,Low,N,65200,2024-10-19
C02124,Hannah Rossi,Individual,India,Employee,BR02,Branch,Low,N,76500,2024-01-30
C02125,Thistle Trading Ltd,Business,France,Construction,BR02,Online,Low,N,2958000,2025-05-09
C02126,Aisha Wright,Individual,United Kingdom,Employee,BR01,Branch,Low,N,98400,2024-10-03
C02127,Harbour Holdings PLC,Business,United Kingdom,Hospitality,BR03,Online,Medium,N,222000,2024-09-02
C02128,Sofia Reid,Individual,India,Retired,BR03,Online,Low,N,135000,2025-02-10
C02129,Hannah Khan,Individual,Pakistan,Property Investor,BR03,Relationship Manager,Medium,N,146000,2025-09-02
C02130,Zara Khan,Individual,United Kingdom,Retired,BR07,Branch,Low,N,52800,2024-01-04
C02131,Daniel Lopez,Individual,United Kingdom,Retired,BR04,Relationship Manager,Low,N,66100,2025-12-03
C02132,Sofia Nowak,Individual,Nigeria,Employee,BR06,Relationship Manager,Medium,N,39200,2025-04-11
C02133,Sofia Shah,Individual,United Kingdom,Employee,BR01,Relationship Manager,Low,N,35400,2025-02-03
C02134,Crest Foods PLC,Business,United Kingdom,Real Estate,BR03,Online,High,N,550000,2024-02-07
C02135,Bluefield Consulting Ltd,Business,UAE,Money Services,BR01,Branch,High,N,154000,2025-06-03
C02136,Pinnacle Capital PLC,Business,United Kingdom,Professional Services,BR04,Online,Medium,N,529000,2025-06-10
C02137,Chen Wright,Individual,United Kingdom,Student,BR05,Online,Low,N,51600,2025-02-13
C02138,Nadia Reid,Individual,United Kingdom,Employee,BR07,Branch,Low,N,132200,2025-08-09
C02139,Priya Fraser,Individual,United Kingdom,Employee,BR05,Online,Low,N,42600,2025-09-05
C02140,Priya Brooks,Individual,Nigeria,Employee,BR03,Online,Medium,N,16400,2025-09-05
C02141,Hannah Patel,Individual,United Kingdom,Retired,BR02,Online,Low,N,107600,2024-08-26
C02142,Amir Mensah,Individual,United Kingdom,Student,BR10,Introducer,Low,N,19300,2025-05-07
C02143,James Lopez,Individual,United Kingdom,Employee,BR02,Online,Low,N,28700,2024-02-11
C02144,Luca Khan,Individual,United Kingdom,Retired,BR01,Online,Low,N,47200,2025-02-14
C02145,Hannah Mensah,Individual,United Kingdom,Retired,BR01,Online,Low,N,51500,2024-04-16
C02146,Daniel Carter,Individual,United Kingdom,Employee,BR10,Online,Low,N,16900,2024-08-12
C02147,Amir Nowak,Individual,United Kingdom,Retired,BR09,Online,Low,N,25600,2025-05-09
C02148,Mei Brooks,Individual,United Kingdom,Employee,BR03,Branch,Low,N,16500,2024-11-06
C02149,Nadia Hughes,Individual,United Kingdom,Employee,BR01,Online,Low,N,58300,2025-09-23
C02150,Hannah Fraser,Individual,United Kingdom,Employee,BR07,Online,Low,N,81600,2024-03-04
C02151,Grace Evans,Individual,United Kingdom,Employee,BR02,Online,Low,N,19300,2025-12-11
C02152,Meridian Motors Ltd,Business,United Kingdom,Real Estate,BR01,Branch,High,N,484000,2025-05-31
C02153,Zara Khan,Individual,United Kingdom,Employee,BR04,Branch,Low,N,70200,2024-11-10
C02154,Mei Fraser,Individual,United Kingdom,Employee,BR03,Online,Low,N,27000,2024-01-19
C02155,Ironbridge Tech LLP,Business,United Kingdom,Money Services,BR03,Branch,High,N,671000,2024-01-31
C02156,Mei Hughes,Individual,France,Self-employed,BR06,Relationship Manager,Low,N,21100,2024-10-29
C02157,Kestrel Trading Ltd,Business,United Kingdom,Retail,BR07,Online,Low,N,1505000,2025-02-22
C02158,Kestrel Property Ltd,Business,Nigeria,Retail,BR05,Branch,Medium,N,604000,2025-01-05
C02159,Ethan Singh,Individual,France,Employee,BR01,Introducer,Low,N,37400,2024-08-05
C02160,Tom Wright,Individual,United Kingdom,Retired,BR01,Online,Low,N,21900,2025-04-20
C02161,Grace Rossi,Individual,United Kingdom,Retired,BR09,Branch,Low,N,43900,2025-03-25
C02162,Kestrel Motors Ltd,Business,United Kingdom,Construction,BR02,Relationship Manager,Medium,N,214000,2024-09-07
C02163,Jack Brooks,Individual,United Kingdom,Student,BR03,Relationship Manager,Low,N,54600,2024-08-25
C02164,Chen Wright,Individual,United Kingdom,Self-employed,BR01,Online,Low,N,22300,2024-11-19
C02165,Nadia Shah,Individual,United Kingdom,Property Investor,BR02,Branch,Low,N,24400,2025-06-27
C02166,James Singh,Individual,Nigeria,Employee,BR04,Relationship Manager,Medium,N,50300,2025-03-05
C02167,Harbour Motors LLP,Business,United Kingdom,Real Estate,BR02,Branch,High,N,600000,2024-04-02
C02168,Maria Walsh,Individual,India,Self-employed,BR06,Online,Low,N,150000,2025-11-05
C02169,Silverline Foods Ltd,Business,India,Construction,BR03,Relationship Manager,Low,N,326000,2024-05-27
C02170,Summit Retail LLP,Business,United Kingdom,Retail,BR07,Relationship Manager,Medium,N,927000,2025-05-06
C02171,Jack Ali,Individual,United States,Employee,BR05,Online,Low,N,54700,2024-01-13
C02172,Luca Singh,Individual,Panama,Employee,BR02,Branch,Medium,N,80900,2024-07-04
C02173,Kestrel Trading Ltd,Business,United Kingdom,Precious Metals,BR08,Online,High,N,344000,2025-02-16
C02174,Silverline Imports LLP,Business,United Kingdom,Import/Export,BR09,Relationship Manager,Medium,N,446000,2025-09-11
C02175,Redwood Consulting PLC,Business,United Kingdom,Professional Services,BR01,Online,Medium,N,357000,2025-02-15
C02176,Ethan Carter,Individual,United Kingdom,Retired,BR06,Relationship Manager,Low,N,12700,2024-02-10
C02177,Maria Fraser,Individual,United Kingdom,Employee,BR05,Branch,Low,N,18000,2025-11-29
C02178,Grace Rossi,Individual,United Kingdom,Property Investor,BR06,Introducer,Low,N,28500,2024-07-18
C02179,Pinnacle Imports LLP,Business,United Kingdom,Retail,BR01,Branch,Medium,N,1100000,2024-09-23
C02180,Ethan Reid,Individual,India,Retired,BR01,Online,Low,N,73500,2024-03-20
C02181,Chen Okafor,Individual,United Kingdom,Director,BR02,Relationship Manager,Low,N,49600,2025-05-23
C02182,Tom Patel,Individual,United Kingdom,Retired,BR01,Online,Low,N,70900,2024-11-22
C02183,Omar Walsh,Individual,United Kingdom,Retired,BR03,Online,Low,N,40800,2024-06-09
C02184,Brightwater Capital Ltd,Business,Nigeria,Construction,BR08,Online,Medium,N,2996000,2025-04-10
C02185,Ethan Singh,Individual,Ireland,Student,BR03,Relationship Manager,Low,N,35900,2024-05-23
C02186,Sofia Khan,Individual,United Kingdom,Self-employed,BR03,Branch,Low,N,60900,2025-01-23
C02187,Kestrel Imports Ltd,Business,Germany,Hospitality,BR02,Branch,Medium,N,57000,2025-04-30
C02188,Brightwater Capital Ltd,Business,United Kingdom,Charity,BR03,Online,Low,N,175000,2025-08-16
C02189,Hannah Wright,Individual,India,Employee,BR07,Relationship Manager,Low,N,23000,2025-05-22
C02190,Daniel Fraser,Individual,United Kingdom,Employee,BR08,Relationship Manager,Low,N,49100,2025-02-18
C02191,Brightwater Construction Ltd,Business,United Kingdom,Technology,BR03,Online,Low,N,392000,2024-01-25
C02192,Northgate Imports Ltd,Business,France,Construction,BR03,Online,Medium,N,49000,2024-06-19
C02193,Chen Singh,Individual,UAE,Employee,BR02,Online,Medium,N,26700,2025-02-26
C02194,Ravi Okafor,Individual,India,Employee,BR10,Online,Low,N,26900,2025-01-27
C02195,Mei Singh,Individual,United Kingdom,Student,BR02,Branch,Low,N,63200,2025-01-25
C02196,Priya Patel,Individual,India,Retired,BR03,Branch,Low,N,31400,2025-06-21
C02197,Larkspur Logistics LLP,Business,United Kingdom,Retail,BR03,Branch,Low,N,213000,2025-10-23
C02198,Nadia Ali,Individual,Nigeria,Self-employed,BR01,Branch,Medium,N,85200,2025-01-02
C02199,Sofia Nowak,Individual,UAE,Self-employed,BR03,Branch,Medium,N,17600,2024-04-08
C02200,Meridian Property Ltd,Business,United Kingdom,Precious Metals,BR09,Relationship Manager,High,N,1429000,2024-11-19
C02201,Harbour Motors Ltd,Business,United Kingdom,Precious Metals,BR01,Branch,High,N,399000,2024-07-03
C02202,Oakline Logistics PLC,Business,United Kingdom,Crypto Assets,BR02,Relationship Manager,Medium,N,2590000,2025-01-21
C02203,Ethan Doyle,Individual,United Kingdom,Employee,BR02,Relationship Manager,Low,N,37600,2025-03-07
C02204,Olivia Murray,Individual,United Kingdom,Employee,BR02,Online,Low,N,47200,2025-02-04
C02205,Sofia Wright,Individual,United Kingdom,Self-employed,BR10,Online,Low,N,34300,2025-03-01
C02206,Omar Hughes,Individual,United Kingdom,Employee,BR06,Online,Low,N,67100,2024-08-15
C02207,Grace Brooks,Individual,United Kingdom,Employee,BR09,Branch,Low,N,32600,2024-05-09
C02208,Omar Patel,Individual,United Kingdom,Employee,BR08,Online,Low,N,28500,2025-09-16
C02209,Mei Singh,Individual,Germany,Employee,BR05,Online,Low,N,119100,2024-10-20
C02210,Summit Holdings Ltd,Business,United Kingdom,Crypto Assets,BR05,Online,High,N,873000,2024-05-31
C02211,Pinnacle Logistics LLP,Business,United Kingdom,Retail,BR04,Relationship Manager,Low,N,1361000,2025-12-28
C02212,Ravi Brooks,Individual,Nigeria,Self-employed,BR06,Online,Medium,N,16400,2024-01-25
C02213,Priya Murray,Individual,Russia,Student,BR06,Online,Medium,N,122900,2024-09-10
C02214,Aisha Rossi,Individual,United Kingdom,Employee,BR05,Branch,Low,N,28800,2025-06-26
C02215,Mei Hughes,Individual,United Kingdom,Employee,BR04,Relationship Manager,Low,N,138300,2024-10-27
C02216,Ravi Shah,Individual,United Kingdom,Employee,BR06,Introducer,Low,N,51000,2025-09-07
C02217,Grace Doyle,Individual,Hong Kong,Employee,BR01,Online,Low,N,43700,2024-09-19
C02218,Harbour Logistics PLC,Business,Germany,Construction,BR05,Relationship Manager,Medium,N,704000,2025-04-14
C02219,Ravi Fraser,Individual,India,Self-employed,BR04,Online,Low,N,151700,2024-11-08
C02220,Redwood Motors Ltd,Business,Germany,Professional Services,BR04,Branch,Medium,N,319000,2024-12-08
C02221,Sofia Ali,Individual,United Kingdom,Employee,BR04,Relationship Manager,Low,N,45600,2024-12-29
C02222,Amir Nowak,Individual,United Kingdom,Employee,BR07,Online,Low,N,34200,2025-12-13
C02223,James Hughes,Individual,Nigeria,Employee,BR07,Online,Medium,N,35300,2025-07-09
C02224,Mei Lopez,Individual,Pakistan,Employee,BR03,Online,Medium,N,43900,2024-09-28
C02225,Jack Rossi,Individual,United Kingdom,Director,BR03,Online,Low,N,34200,2024-10-31
C02226,Kestrel Retail Ltd,Business,United Kingdom,Retail,BR01,Branch,Low,N,554000,2024-10-23
C02227,Nadia Lopez,Individual,United Kingdom,Employee,BR01,Online,Low,N,39600,2025-06-22
C02228,Omar Walsh,Individual,Hong Kong,Self-employed,BR02,Branch,Low,N,18200,2025-03-08
C02229,Ethan Brooks,Individual,United Kingdom,Self-employed,BR07,Branch,Low,N,50500,2025-01-25
C02230,Hannah Lopez,Individual,India,Self-employed,BR07,Branch,Low,N,61700,2024-11-10
C02231,Aisha Wright,Individual,United Kingdom,Employee,BR02,Online,Low,N,29000,2024-10-18
C02232,Luca Hughes,Individual,United Kingdom,Self-employed,BR08,Relationship Manager,Low,N,123100,2025-02-09
C02233,Silverline Imports Ltd,Business,Ireland,Construction,BR03,Branch,Medium,N,1949000,2025-08-30
C02234,Zara Okafor,Individual,United Kingdom,Student,BR07,Online,Low,N,66600,2025-12-07
C02235,Mei Brooks,Individual,Nigeria,Employee,BR04,Relationship Manager,Medium,N,66100,2024-02-14
C02236,Sofia Doyle,Individual,Pakistan,Student,BR06,Relationship Manager,Medium,N,40900,2024-06-22
C02237,Oakline Foods Ltd,Business,UAE,Money Services,BR03,Online,High,N,289000,2025-05-15
C02238,Hannah Ali,Individual,United Kingdom,Self-employed,BR01,Introducer,Low,N,103000,2024-04-18
C02239,Aisha Reid,Individual,India,Employee,BR02,Online,Low,N,65200,2025-03-22
C02240,Priya Fraser,Individual,United Kingdom,Self-employed,BR06,Online,Low,N,28500,2024-11-05
C02241,Zara Reid,Individual,United Kingdom,Student,BR09,Online,Low,N,39200,2024-05-19
C02242,Tom Mensah,Individual,United Kingdom,Employee,BR05,Online,Low,N,56600,2025-01-03
C02243,Northgate Construction Ltd,Business,United Kingdom,Construction,BR07,Online,Low,N,1566000,2025-01-07
C02244,Ethan Okafor,Individual,United Kingdom,Employee,BR01,Relationship Manager,Low,N,38300,2025-06-05
C02245,Thistle Construction Ltd,Business,United Kingdom,Construction,BR07,Online,Low,N,811000,2025-08-26
C02246,Hannah Rossi,Individual,United Kingdom,Student,BR08,Relationship Manager,Low,N,103800,2025-11-29
C02247,Kestrel Logistics Ltd,Business,United Kingdom,Hospitality,BR03,Online,Medium,N,1366000,2024-11-16
C02248,Crest Motors LLP,Business,United Kingdom,Import/Export,BR04,Online,High,N,151000,2025-05-18
C02249,Hannah Okafor,Individual,United Kingdom,Student,BR01,Branch,Low,N,18100,2025-07-29
C02250,Ravi Carter,Individual,Nigeria,Self-employed,BR01,Online,Medium,N,22800,2025-12-22
C02251,Sofia Okafor,Individual,United Kingdom,Self-employed,BR01,Online,Low,N,84800,2025-04-20
C02252,Bluefield Imports Ltd,Business,United Kingdom,Money Services,BR07,Branch,Medium,N,545000,2024-06-29
C02253,Nadia Reid,Individual,Nigeria,Employee,BR07,Relationship Manager,Medium,N,38400,2024-09-06
C02254,Zara Patel,Individual,United States,Employee,BR01,Branch,Low,N,54100,2024-06-01
C02255,Daniel Mensah,Individual,Pakistan,Retired,BR09,Branch,Medium,N,39900,2024-05-24
C02256,Northgate Logistics Ltd,Business,UAE,Charity,BR08,Online,High,Y,760000,2024-08-12
C02257,Olivia Walsh,Individual,Panama,Employee,BR05,Branch,Medium,N,151900,2024-12-30
C02258,Grace Lopez,Individual,United Kingdom,Director,BR10,Online,Low,N,91600,2025-07-29
C02259,Kestrel Logistics LLP,Business,Hong Kong,Charity,BR09,Branch,Low,N,221000,2024-07-31
C02260,Omar Shah,Individual,Cyprus,Employee,BR02,Branch,Medium,N,24000,2024-05-16
C02261,Redwood Retail PLC,Business,United Kingdom,Import/Export,BR10,Online,Medium,N,152000,2024-04-02
C02262,Olivia Wright,Individual,Pakistan,Self-employed,BR04,Online,Medium,N,26500,2024-05-23
C02263,Ethan Ali,Individual,Nigeria,Employee,BR01,Online,Medium,N,42600,2024-11-12
C02264,Ironbridge Retail LLP,Business,India,Retail,BR02,Branch,Low,N,749000,2024-10-27
C02265,Daniel Walsh,Individual,United States,Employee,BR06,Online,Low,N,32700,2024-10-18
C02266,Mei Lopez,Individual,United Kingdom,Retired,BR10,Online,Low,N,16800,2024-08-20
C02267,Ethan Nowak,Individual,United Kingdom,Employee,BR04,Branch,Low,N,144200,2024-11-27
C02268,Tom Okafor,Individual,Ireland,Retired,BR05,Online,Low,N,46300,2025-04-17
C02269,Luca Mensah,Individual,India,Self-employed,BR02,Online,Low,N,52800,2024-02-02
C02270,Chen Walsh,Individual,Pakistan,Self-employed,BR08,Relationship Manager,Medium,N,31100,2025-10-12
C02271,Amir Patel,Individual,Pakistan,Employee,BR01,Relationship Manager,Medium,N,15700,2024-08-11
C02272,Mei Nowak,Individual,India,Employee,BR05,Online,Low,N,38200,2024-04-11
C02273,Ravi Doyle,Individual,Hong Kong,Employee,BR05,Branch,Low,N,33100,2024-05-07
C02274,Daniel Patel,Individual,United Kingdom,Employee,BR01,Relationship Manager,Low,N,61400,2025-02-03
C02275,Daniel Patel,Individual,Hong Kong,Employee,BR10,Online,Low,N,69100,2025-01-15
C02276,Nadia Reid,Individual,United Kingdom,Employee,BR10,Relationship Manager,Low,N,63500,2024-03-05
C02277,Thistle Construction PLC,Business,United Kingdom,Professional Services,BR04,Online,Low,N,3186000,2024-12-30
C02278,Hannah Doyle,Individual,United Kingdom,Self-employed,BR07,Branch,Low,N,118400,2024-06-10
C02279,Nadia Walsh,Individual,United Kingdom,Employee,BR08,Relationship Manager,Low,N,50700,2025-10-28
C02280,Daniel Singh,Individual,United Kingdom,Employee,BR01,Relationship Manager,Low,N,77600,2024-08-13
C02281,Pinnacle Consulting Ltd,Business,United Kingdom,Technology,BR01,Branch,Medium,N,1109000,2025-12-31
C02282,Priya Rossi,Individual,Ireland,Employee,BR06,Online,Low,N,12800,2025-02-27
C02283,Zara Reid,Individual,India,Director,BR05,Online,Low,N,36600,2025-12-05
C02284,Amir Lopez,Individual,United Kingdom,Self-employed,BR06,Online,High,Y,23800,2025-02-09
C02285,Grace Reid,Individual,France,Employee,BR05,Relationship Manager,Low,N,46100,2024-04-02
C02286,Ironbridge Logistics LLP,Business,United Kingdom,Technology,BR07,Branch,High,Y,441000,2025-04-15
C02287,Thistle Retail PLC,Business,United Kingdom,Technology,BR01,Branch,Medium,N,349000,2024-12-15
C02288,Mei Lopez,Individual,United Kingdom,Self-employed,BR02,Branch,Low,N,72300,2025-08-21
C02289,Northgate Retail Ltd,Business,United Kingdom,Real Estate,BR02,Relationship Manager,High,N,583000,2024-10-13
C02290,Aisha Hughes,Individual,India,Employee,BR03,Branch,Low,N,106000,2024-05-16
C02291,Ravi Carter,Individual,United Kingdom,Employee,BR07,Online,Low,N,14700,2024-03-24
C02292,Brightwater Retail PLC,Business,Nigeria,Import/Export,BR08,Relationship Manager,High,N,165000,2025-06-27
C02293,Daniel Reid,Individual,United Kingdom,Employee,BR03,Relationship Manager,Low,N,232500,2024-06-19
C02294,Aisha Lopez,Individual,Nigeria,Employee,BR05,Branch,Medium,N,73500,2025-05-02
C02295,Luca Patel,Individual,Russia,Employee,BR02,Branch,Medium,N,45900,2024-04-08
C02296,Northgate Holdings Ltd,Business,United Kingdom,Retail,BR04,Introducer,Medium,N,1034000,2024-02-28
C02297,Mei Singh,Individual,United Kingdom,Employee,BR10,Online,Low,N,38800,2025-06-03
C02298,Mei Carter,Individual,United Kingdom,Employee,BR02,Branch,Low,N,12600,2024-09-08
C02299,Mei Hughes,Individual,United Kingdom,Senior Public Official,BR07,Branch,High,Y,25300,2025-02-18
C02300,James Doyle,Individual,United Kingdom,Employee,BR01,Relationship Manager,Low,N,37500,2024-01-21
C02301,Aisha Rossi,Individual,United Kingdom,Employee,BR03,Relationship Manager,Low,N,26100,2024-05-17
C02302,Ironbridge Consulting PLC,Business,Pakistan,Professional Services,BR06,Online,High,N,1131000,2024-03-06
C02303,Harbour Logistics Ltd,Business,Hong Kong,Real Estate,BR07,Online,Medium,N,339000,2024-07-23
C02304,Brightwater Holdings Ltd,Business,United Kingdom,Money Services,BR05,Online,Medium,N,535000,2024-07-26
C02305,Ironbridge Property LLP,Business,United Kingdom,Real Estate,BR08,Branch,Medium,N,865000,2024-09-30
C02306,Chen Carter,Individual,United Kingdom,Property Investor,BR08,Relationship Manager,Low,N,46400,2024-06-26
C02307,Olivia Lopez,Individual,United Kingdom,Property Investor,BR05,Branch,Low,N,57200,2024-11-29
C02308,Olivia Hughes,Individual,UAE,Retired,BR03,Branch,Medium,N,30100,2025-10-20
C02309,Jack Khan,Individual,United Kingdom,Retired,BR03,Online,Low,N,84800,2024-03-03
C02310,Ironbridge Foods Ltd,Business,United Kingdom,Construction,BR05,Branch,Low,N,1581000,2025-10-15
C02311,Omar Evans,Individual,United Kingdom,Self-employed,BR06,Online,Low,N,18500,2024-10-28
C02312,Meridian Foods Ltd,Business,United Kingdom,Construction,BR03,Online,Medium,N,222000,2025-02-26
C02313,Aisha Mensah,Individual,United Kingdom,Retired,BR03,Online,Low,N,36200,2025-05-06
C02314,Ethan Wright,Individual,United Kingdom,Employee,BR01,Online,Low,N,35200,2025-06-21
C02315,Aisha Mensah,Individual,Ireland,Employee,BR01,Branch,Low,N,54500,2025-11-20
C02316,Ravi Mensah,Individual,United Kingdom,Employee,BR04,Online,Low,N,58700,2025-12-31
C02317,Omar Okafor,Individual,Pakistan,Self-employed,BR08,Online,Medium,N,54700,2024-03-12
C02318,Hannah Mensah,Individual,United Kingdom,Self-employed,BR07,Online,Low,N,49200,2024-10-26
C02319,Chen Walsh,Individual,India,Employee,BR10,Branch,Low,N,42300,2025-01-29
C02320,Silverline Consulting Ltd,Business,United Kingdom,Real Estate,BR06,Relationship Manager,Medium,N,593000,2025-01-16
C02321,Aisha Carter,Individual,United Kingdom,Employee,BR02,Branch,Low,N,64000,2025-12-25
C02322,Nadia Fraser,Individual,Pakistan,Retired,BR06,Branch,Medium,N,53800,2025-04-20
C02323,Meridian Motors Ltd,Business,France,Retail,BR08,Branch,Low,N,434000,2024-10-21
C02324,Ravi Reid,Individual,United Kingdom,Employee,BR06,Online,Low,N,47500,2025-11-03
C02325,Bluefield Foods Ltd,Business,United Kingdom,Money Services,BR04,Branch,Medium,N,753000,2025-06-18
C02326,Larkspur Capital Ltd,Business,India,Real Estate,BR05,Branch,High,N,7031000,2025-08-05
C02327,Maria Nowak,Individual,Cyprus,Retired,BR01,Online,Medium,N,54500,2025-04-03
C02328,Hannah Ali,Individual,Ireland,Self-employed,BR02,Online,Low,N,48700,2024-02-17
C02329,Chen Patel,Individual,United Kingdom,Director,BR01,Branch,Low,N,70800,2025-12-10
C02330,Ironbridge Construction Ltd,Business,United Kingdom,Construction,BR03,Online,Medium,N,1025000,2025-06-05
C02331,Thistle Construction PLC,Business,United Kingdom,Construction,BR09,Online,Medium,N,548000,2024-04-19
C02332,Larkspur Capital LLP,Business,United Kingdom,Charity,BR02,Branch,Low,N,551000,2024-07-03
C02333,Grace Mensah,Individual,United Kingdom,Employee,BR01,Branch,Low,N,78100,2024-09-06
C02334,Amir Lopez,Individual,India,Retired,BR07,Online,Low,N,15300,2024-07-05
C02335,Daniel Nowak,Individual,United Kingdom,Employee,BR08,Introducer,Low,N,65500,2025-03-29
C02336,Harbour Logistics Ltd,Business,Nigeria,Hospitality,BR04,Relationship Manager,High,N,1116000,2025-02-04
C02337,Grace Nowak,Individual,France,Employee,BR03,Online,Low,N,71600,2024-06-04
C02338,Ethan Lopez,Individual,India,Self-employed,BR03,Introducer,Low,N,25100,2025-05-23
C02339,Luca Wright,Individual,United Kingdom,Retired,BR06,Online,Low,N,42400,2024-07-28
C02340,Pinnacle Motors PLC,Business,United Kingdom,Retail,BR08,Online,Medium,N,477000,2024-04-26
C02341,Kestrel Foods Ltd,Business,United Kingdom,Professional Services,BR02,Introducer,Low,N,3772000,2025-11-30
C02342,Tom Doyle,Individual,United Kingdom,Employee,BR09,Online,Low,N,21400,2024-08-17
C02343,Ethan Lopez,Individual,United Kingdom,Employee,BR06,Online,Low,N,58800,2024-06-19
C02344,Grace Fraser,Individual,United Kingdom,Employee,BR07,Online,Low,N,13300,2025-06-07
C02345,Zara Wright,Individual,United Kingdom,Property Investor,BR01,Introducer,High,Y,26900,2025-07-12
C02346,Luca Khan,Individual,United Kingdom,Employee,BR09,Branch,Low,N,15700,2024-04-21
C02347,Ravi Reid,Individual,United States,Employee,BR04,Online,Low,N,66000,2024-02-10
C02348,Ravi Doyle,Individual,Nigeria,Employee,BR03,Online,Medium,N,51000,2025-09-13
C02349,Omar Murray,Individual,United Kingdom,Employee,BR03,Introducer,Low,N,52800,2025-01-03
C02350,Olivia Khan,Individual,Cyprus,Employee,BR02,Branch,Medium,N,97100,2024-11-29
C02351,Grace Mensah,Individual,United Kingdom,Student,BR01,Branch,Low,N,33200,2024-11-03
C02352,Silverline Construction Ltd,Business,United Kingdom,Money Services,BR01,Online,High,N,1901000,2025-03-04
C02353,Ethan Lopez,Individual,Nigeria,Retired,BR02,Branch,Medium,N,41800,2025-05-07
C02354,Silverline Tech LLP,Business,United Kingdom,Hospitality,BR04,Online,Low,N,780000,2024-02-28
C02355,Luca Wright,Individual,United Kingdom,Self-employed,BR06,Online,Low,N,87900,2024-07-13
C02356,Grace Hughes,Individual,United Kingdom,Senior Public Official,BR07,Relationship Manager,High,Y,140000,2025-11-28
C02357,Daniel Singh,Individual,United Kingdom,Retired,BR05,Online,Low,N,31000,2024-05-02
C02358,Chen Khan,Individual,Ireland,Director,BR01,Online,Low,N,66200,2025-10-25
C02359,Aisha Khan,Individual,United Kingdom,Employee,BR03,Relationship Manager,Low,N,48600,2024-10-20
C02360,Tom Ali,Individual,United Kingdom,Property Investor,BR06,Branch,Low,N,49000,2024-05-18
C02361,Meridian Consulting Ltd,Business,United Kingdom,Technology,BR07,Online,Medium,N,136000,2025-03-10
C02362,Maria Fraser,Individual,United Kingdom,Retired,BR03,Online,Low,N,32900,2025-04-29
C02363,Amir Okafor,Individual,United Kingdom,Self-employed,BR09,Branch,Low,N,4700,2024-09-12
C02364,Maria Murray,Individual,Pakistan,Property Investor,BR07,Branch,Medium,N,100800,2025-08-02
C02365,Maria Okafor,Individual,India,Employee,BR08,Online,Low,N,26500,2024-02-16
C02366,Silverline Tech PLC,Business,United Kingdom,Import/Export,BR06,Online,Medium,N,541000,2024-03-30
C02367,Crest Foods LLP,Business,India,Precious Metals,BR03,Online,High,N,577000,2025-03-30
C02368,Luca Doyle,Individual,United Kingdom,Student,BR09,Branch,Low,N,25100,2025-02-26
C02369,Aisha Lopez,Individual,United Kingdom,Student,BR09,Branch,Low,N,46400,2025-05-26
C02370,Hannah Rossi,Individual,United Kingdom,Employee,BR08,Introducer,Low,N,39100,2025-09-13
C02371,Omar Khan,Individual,United Kingdom,Employee,BR09,Branch,Low,N,26100,2025-11-10
C02372,Oakline Imports PLC,Business,India,Construction,BR09,Introducer,Medium,N,1011000,2025-01-05
C02373,Kestrel Holdings Ltd,Business,Hong Kong,Import/Export,BR07,Online,High,N,1635000,2025-01-01
C02374,Jack Reid,Individual,United Kingdom,Student,BR02,Online,Low,N,70000,2025-11-06
C02375,Hannah Ali,Individual,United Kingdom,Retired,BR04,Online,Low,N,18000,2025-12-03
C02376,Hannah Evans,Individual,United Kingdom,Retired,BR05,Relationship Manager,Low,N,24800,2024-02-04
C02377,Olivia Okafor,Individual,United Kingdom,Self-employed,BR07,Relationship Manager,Low,N,62000,2025-01-04
C02378,Sofia Murray,Individual,United Kingdom,Employee,BR04,Online,Low,N,27300,2025-11-02
C02379,Jack Khan,Individual,Hong Kong,Self-employed,BR04,Online,Low,N,23300,2024-02-07
C02380,Brightwater Consulting PLC,Business,Nigeria,Technology,BR10,Online,High,N,558000,2025-12-15
C02381,Zara Okafor,Individual,Hong Kong,Self-employed,BR04,Branch,Low,N,37800,2025-07-01
C02382,Maria Nowak,Individual,United Kingdom,Senior Public Official,BR01,Introducer,Medium,Y,37900,2024-04-23
C02383,Hannah Fraser,Individual,United Kingdom,Property Investor,BR06,Branch,Low,N,35400,2025-04-13
C02384,Jack Reid,Individual,United Kingdom,Employee,BR03,Online,Low,N,21700,2024-11-11
C02385,Crest Tech Ltd,Business,Cyprus,Import/Export,BR02,Online,High,N,1423000,2024-09-01
C02386,Mei Doyle,Individual,United Kingdom,Employee,BR05,Relationship Manager,Low,N,88900,2025-03-29
C02387,Meridian Capital Ltd,Business,United Kingdom,Hospitality,BR10,Online,Medium,N,440000,2025-06-21
C02388,Larkspur Logistics Ltd,Business,United Kingdom,Professional Services,BR02,Online,Low,N,4018000,2025-10-14
C02389,Mei Rossi,Individual,India,Employee,BR03,Branch,Low,N,73300,2024-11-01
C02390,Tom Carter,Individual,Nigeria,Employee,BR04,Branch,Medium,N,102900,2024-04-26
C02391,Brightwater Construction Ltd,Business,France,Money Services,BR06,Branch,High,N,1658000,2025-09-23
C02392,Zara Lopez,Individual,United Kingdom,Employee,BR03,Introducer,Low,N,65500,2024-09-01
C02393,Luca Singh,Individual,India,Employee,BR03,Branch,Low,N,107200,2025-07-09
C02394,Kestrel Capital Ltd,Business,United Kingdom,Real Estate,BR06,Introducer,Medium,N,576000,2025-08-06
C02395,Silverline Imports LLP,Business,United Kingdom,Hospitality,BR10,Branch,Medium,N,716000,2024-02-12
C02396,James Rossi,Individual,United Kingdom,Retired,BR02,Relationship Manager,Low,N,36100,2024-10-26
C02397,Ethan Lopez,Individual,United Kingdom,Employee,BR05,Online,Low,N,48500,2024-03-03
C02398,Ravi Walsh,Individual,United Kingdom,Employee,BR07,Relationship Manager,Low,N,26100,2025-03-18
C02399,Meridian Motors Ltd,Business,Hong Kong,Charity,BR02,Online,Medium,N,432000,2025-08-04
C02400,Aisha Mensah,Individual,United Kingdom,Retired,BR08,Relationship Manager,Low,N,66200,2025-02-13
C02401,Maria Fraser,Individual,United Kingdom,Self-employed,BR03,Online,Low,N,113000,2024-08-24
C02402,Amir Nowak,Individual,Germany,Student,BR01,Branch,Low,N,95300,2025-12-12
C02403,Crest Holdings PLC,Business,Ireland,Retail,BR01,Introducer,Medium,N,352000,2024-03-03
C02404,Brightwater Motors Ltd,Business,United Kingdom,Import/Export,BR01,Online,Medium,N,92000,2024-04-13
C02405,Zara Nowak,Individual,United Kingdom,Employee,BR07,Branch,Low,N,90300,2024-09-24
C02406,Maria Okafor,Individual,United Kingdom,Employee,BR06,Online,Low,N,55500,2025-11-24
C02407,Bluefield Logistics Ltd,Business,United Kingdom,Professional Services,BR07,Online,Medium,N,2138000,2025-10-15
C02408,Silverline Motors PLC,Business,France,Import/Export,BR07,Relationship Manager,Medium,N,348000,2025-02-16
C02409,Tom Okafor,Individual,United Kingdom,Employee,BR03,Relationship Manager,Low,N,16900,2025-11-27
C02410,James Fraser,Individual,United Kingdom,Employee,BR09,Online,Low,N,22900,2025-10-22
C02411,Mei Rossi,Individual,United Kingdom,Employee,BR08,Online,Low,N,91700,2025-03-05
C02412,Chen Khan,Individual,United Kingdom,Student,BR03,Branch,Low,N,53800,2024-03-27
C02413,Chen Hughes,Individual,United Kingdom,Employee,BR07,Online,Low,N,27800,2025-10-19
C02414,Maria Doyle,Individual,United States,Employee,BR08,Relationship Manager,Low,N,37000,2025-04-13
C02415,Ravi Walsh,Individual,United Kingdom,Employee,BR04,Branch,Low,N,34400,2024-04-13
C02416,Oakline Property Ltd,Business,Pakistan,Import/Export,BR01,Online,High,N,397000,2025-09-06
C02417,James Murray,Individual,United Kingdom,Employee,BR03,Branch,Low,N,23700,2024-10-18
C02418,Sofia Evans,Individual,UAE,Director,BR10,Branch,Medium,N,49500,2025-07-29
C02419,Priya Fraser,Individual,United Kingdom,Employee,BR06,Branch,Low,N,48100,2024-07-10
C02420,Omar Walsh,Individual,United Kingdom,Employee,BR07,Branch,Low,N,24100,2024-01-08
C02421,Olivia Nowak,Individual,United Kingdom,Employee,BR09,Online,Low,N,104100,2024-11-27
C02422,Mei Mensah,Individual,United Kingdom,Employee,BR02,Relationship Manager,Low,N,33600,2024-11-26
C02423,Zara Khan,Individual,United States,Employee,BR10,Branch,Low,N,22100,2025-09-23
C02424,Luca Ali,Individual,France,Employee,BR04,Relationship Manager,Low,N,67000,2024-03-25
C02425,Larkspur Motors Ltd,Business,Ireland,Technology,BR07,Online,Medium,N,625000,2025-10-29
C02426,Nadia Doyle,Individual,United Kingdom,Employee,BR02,Branch,Low,N,51300,2024-04-21
C02427,Summit Logistics Ltd,Business,United Kingdom,Professional Services,BR03,Branch,Medium,N,365000,2025-11-14
C02428,Larkspur Property LLP,Business,Ireland,Hospitality,BR03,Branch,Low,N,1111000,2025-05-31
C02429,Thistle Trading Ltd,Business,UAE,Professional Services,BR03,Relationship Manager,Medium,N,1882000,2024-09-20
C02430,Omar Ali,Individual,United Kingdom,Employee,BR01,Online,Low,N,18800,2025-11-30
C02431,James Fraser,Individual,India,Employee,BR02,Online,Low,N,49600,2024-09-19
C02432,Amir Doyle,Individual,United Kingdom,Employee,BR06,Branch,Low,N,25100,2025-04-08
C02433,Grace Mensah,Individual,Russia,Employee,BR09,Branch,Medium,N,201500,2024-01-12
C02434,Maria Rossi,Individual,United Kingdom,Director,BR01,Online,Low,N,84400,2024-03-15
C02435,Pinnacle Motors PLC,Business,United Kingdom,Precious Metals,BR01,Branch,High,N,285000,2024-09-15
C02436,Amir Wright,Individual,Pakistan,Director,BR05,Online,Medium,N,19200,2024-06-27
C02437,Kestrel Consulting PLC,Business,United Kingdom,Professional Services,BR06,Online,Low,N,3319000,2024-06-15
C02438,Amir Fraser,Individual,United Kingdom,Retired,BR05,Online,Low,N,62800,2024-10-03
C02439,Mei Brooks,Individual,United Kingdom,Employee,BR10,Branch,Low,N,17700,2025-03-20
C02440,Amir Brooks,Individual,United Kingdom,Employee,BR02,Online,Low,N,18100,2024-04-01
C02441,Luca Brooks,Individual,Cyprus,Retired,BR04,Online,Medium,N,40300,2025-07-03
C02442,Sofia Wright,Individual,UAE,Employee,BR09,Relationship Manager,Medium,N,43500,2025-09-11
C02443,Sofia Brooks,Individual,United Kingdom,Employee,BR05,Online,Low,N,50400,2025-09-02
C02444,Zara Wright,Individual,Russia,Retired,BR05,Online,Medium,N,30800,2024-05-22
C02445,Grace Reid,Individual,Ireland,Self-employed,BR09,Branch,Low,N,69700,2025-10-05
C02446,Grace Doyle,Individual,Pakistan,Employee,BR03,Online,Medium,N,23900,2024-04-04
C02447,Pinnacle Holdings Ltd,Business,United Kingdom,Construction,BR01,Online,Low,N,439000,2024-03-19
C02448,Luca Evans,Individual,United Kingdom,Employee,BR01,Online,Low,N,45600,2025-06-14
C02449,Ravi Carter,Individual,United Kingdom,Property Investor,BR08,Online,Low,N,57500,2025-07-09
C02450,Amir Fraser,Individual,United Kingdom,Employee,BR08,Relationship Manager,Low,N,81600,2024-04-02
C02451,Omar Khan,Individual,France,Employee,BR02,Relationship Manager,Low,N,30500,2024-10-30
C02452,Daniel Brooks,Individual,United Kingdom,Employee,BR04,Online,Low,N,27000,2024-10-26
C02453,Maria Okafor,Individual,United Kingdom,Director,BR05,Branch,Low,N,14600,2025-06-12
C02454,Silverline Construction PLC,Business,France,Import/Export,BR01,Relationship Manager,High,N,444000,2025-01-11
C02455,Omar Wright,Individual,United Kingdom,Employee,BR08,Online,Low,N,36100,2025-03-15
C02456,Hannah Hughes,Individual,United Kingdom,Property Investor,BR03,Introducer,Low,N,37600,2024-02-28
C02457,James Nowak,Individual,Germany,Employee,BR08,Online,Low,N,20900,2025-12-15
C02458,Mei Wright,Individual,Pakistan,Senior Public Official,BR07,Introducer,High,Y,23800,2025-02-10
C02459,Chen Reid,Individual,United Kingdom,Employee,BR02,Branch,Low,N,100100,2025-05-03
C02460,Daniel Brooks,Individual,Russia,Employee,BR06,Online,Medium,N,67900,2024-12-16
C02461,Chen Patel,Individual,UAE,Employee,BR07,Online,Medium,N,18800,2024-06-29
C02462,Sofia Hughes,Individual,Ireland,Property Investor,BR02,Branch,Low,N,30800,2025-05-03
C02463,Kestrel Trading Ltd,Business,United Kingdom,Technology,BR02,Branch,Medium,N,527000,2024-07-29
C02464,Zara Murray,Individual,France,Self-employed,BR08,Branch,Low,N,27600,2024-06-09
C02465,Ethan Lopez,Individual,Nigeria,Employee,BR06,Branch,Medium,N,24700,2025-02-07
C02466,Mei Mensah,Individual,United Kingdom,Employee,BR07,Introducer,Low,N,32800,2024-09-17
C02467,Chen Lopez,Individual,Panama,Employee,BR02,Introducer,Medium,N,77200,2025-10-15
C02468,Ethan Brooks,Individual,United States,Employee,BR07,Relationship Manager,Low,N,81500,2025-04-27
C02469,Grace Nowak,Individual,United Kingdom,Employee,BR06,Introducer,Low,N,25800,2024-09-29
C02470,Oakline Construction Ltd,Business,India,Money Services,BR03,Relationship Manager,High,N,76000,2024-01-27
C02471,James Evans,Individual,United Kingdom,Self-employed,BR02,Introducer,Low,N,40000,2024-09-06
C02472,Sofia Okafor,Individual,India,Director,BR03,Branch,Low,N,21900,2024-03-25
C02473,Northgate Motors PLC,Business,UAE,Hospitality,BR07,Branch,High,N,224000,2024-06-09
C02474,Silverline Foods PLC,Business,United Kingdom,Construction,BR02,Relationship Manager,Low,N,6731000,2024-07-26
C02475,Nadia Shah,Individual,United Kingdom,Employee,BR08,Online,Low,N,80600,2025-04-21
C02476,Daniel Hughes,Individual,United Kingdom,Employee,BR02,Online,Low,N,101900,2024-03-18
C02477,Maria Ali,Individual,United States,Self-employed,BR08,Online,Low,N,31400,2024-04-28
C02478,Redwood Construction Ltd,Business,United Kingdom,Import/Export,BR01,Online,Medium,N,1596000,2024-01-29
C02479,Luca Singh,Individual,Pakistan,Employee,BR07,Branch,Medium,N,75600,2025-11-01
C02480,Crest Imports Ltd,Business,United Kingdom,Construction,BR05,Online,Medium,N,2977000,2025-12-22
C02481,Luca Patel,Individual,United Kingdom,Retired,BR06,Online,Low,N,20600,2024-08-05
C02482,Bluefield Property PLC,Business,United States,Real Estate,BR10,Online,High,N,622000,2024-11-29
C02483,Daniel Khan,Individual,United Kingdom,Employee,BR01,Online,Low,N,38700,2024-08-08
C02484,Hannah Carter,Individual,United Kingdom,Student,BR01,Online,Low,N,25300,2025-01-25
C02485,Olivia Okafor,Individual,United Kingdom,Self-employed,BR01,Online,Low,N,50600,2025-02-06
C02486,Mei Evans,Individual,United Kingdom,Employee,BR04,Online,Low,N,26400,2024-07-05
C02487,Priya Khan,Individual,United Kingdom,Retired,BR08,Online,Low,N,29000,2025-04-16
C02488,Mei Lopez,Individual,United Kingdom,Director,BR01,Introducer,Low,N,37800,2024-01-06
C02489,Chen Hughes,Individual,United Kingdom,Employee,BR07,Online,Low,N,16400,2025-04-16
C02490,Olivia Doyle,Individual,United Kingdom,Employee,BR03,Introducer,Low,N,11700,2025-07-02
C02491,Harbour Consulting Ltd,Business,United Kingdom,Import/Export,BR10,Relationship Manager,High,N,413000,2024-02-08
C02492,Brightwater Imports PLC,Business,United Kingdom,Money Services,BR03,Relationship Manager,High,N,2126000,2025-06-13
C02493,Sofia Murray,Individual,United Kingdom,Employee,BR10,Relationship Manager,Low,N,144500,2025-06-23
C02494,Aisha Carter,Individual,Panama,Employee,BR05,Online,Medium,N,131000,2025-12-11
C02495,Ravi Ali,Individual,United Kingdom,Student,BR10,Online,Low,N,29600,2025-08-12
C02496,Silverline Capital Ltd,Business,United Kingdom,Real Estate,BR05,Online,High,N,106000,2024-01-16
C02497,Mei Lopez,Individual,United Kingdom,Employee,BR03,Branch,Low,N,70400,2024-02-29
C02498,Chen Lopez,Individual,United States,Employee,BR08,Branch,Low,N,27300,2024-04-10
C02499,Ironbridge Foods Ltd,Business,Nigeria,Hospitality,BR04,Branch,High,N,649000,2025-03-01
C02500,Larkspur Logistics Ltd,Business,UAE,Crypto Assets,BR02,Online,High,N,208000,2025-06-04
C02501,Nadia Shah,Individual,United States,Self-employed,BR04,Branch,Low,N,40900,2025-04-26
C02502,Luca Nowak,Individual,Ireland,Employee,BR08,Online,Low,N,52000,2024-08-29
C02503,Luca Rossi,Individual,Panama,Director,BR07,Branch,Medium,N,35000,2024-05-26
C02504,Larkspur Imports Ltd,Business,United Kingdom,Construction,BR01,Branch,Medium,N,186000,2024-02-16
C02505,Ethan Lopez,Individual,UAE,Employee,BR08,Online,Medium,N,31100,2024-09-30
C02506,Nadia Murray,Individual,UAE,Employee,BR03,Relationship Manager,Medium,N,61300,2024-08-08
C02507,Zara Carter,Individual,United States,Student,BR01,Online,Low,N,32400,2024-08-10
C02508,Tom Murray,Individual,United Kingdom,Student,BR01,Relationship Manager,Low,N,32300,2024-03-05
C02509,Luca Walsh,Individual,Nigeria,Retired,BR01,Branch,Medium,N,16100,2024-07-31
C02510,Mei Evans,Individual,United Kingdom,Employee,BR06,Online,Low,N,42400,2025-09-04
C02511,Brightwater Logistics LLP,Business,United Kingdom,Hospitality,BR02,Branch,Medium,N,954000,2024-06-25
C02512,Meridian Tech Ltd,Business,United Kingdom,Professional Services,BR01,Online,Low,N,206000,2025-10-03
C02513,Maria Shah,Individual,United Kingdom,Property Investor,BR03,Branch,Low,N,25800,2024-03-04
C02514,Thistle Motors Ltd,Business,Germany,Retail,BR08,Branch,Medium,N,921000,2025-04-10
C02515,Aisha Doyle,Individual,United Kingdom,Self-employed,BR05,Online,Low,N,147000,2024-03-19
C02516,Zara Shah,Individual,United Kingdom,Student,BR04,Online,High,Y,33400,2024-10-08
C02517,Omar Patel,Individual,United Kingdom,Employee,BR07,Branch,Low,N,30800,2025-11-28
C02518,Larkspur Foods Ltd,Business,Germany,Construction,BR01,Relationship Manager,Medium,N,249000,2025-07-15
C02519,Silverline Property Ltd,Business,Germany,Retail,BR09,Online,Medium,N,486000,2025-01-10
C02520,Bluefield Imports LLP,Business,India,Real Estate,BR01,Online,Medium,N,1887000,2025-04-06
C02521,Kestrel Logistics LLP,Business,United Kingdom,Charity,BR01,Online,Low,N,253000,2025-04-27
C02522,Northgate Logistics LLP,Business,Nigeria,Hospitality,BR03,Branch,Medium,N,945000,2025-08-01
C02523,Ethan Lopez,Individual,Germany,Property Investor,BR01,Relationship Manager,Low,N,5300,2025-03-09
C02524,Thistle Retail Ltd,Business,United Kingdom,Retail,BR01,Online,Medium,N,508000,2025-01-08
C02525,Grace Patel,Individual,United Kingdom,Employee,BR07,Branch,Low,N,18700,2024-02-25
C02526,Hannah Murray,Individual,United Kingdom,Director,BR03,Branch,Low,N,78800,2025-12-01
C02527,Grace Walsh,Individual,United Kingdom,Retired,BR01,Branch,Low,N,75500,2025-02-17
C02528,Ravi Shah,Individual,United Kingdom,Employee,BR06,Online,Low,N,50700,2024-07-31
C02529,James Okafor,Individual,United Kingdom,Self-employed,BR06,Online,Low,N,19500,2024-04-08
C02530,Ethan Ali,Individual,United Kingdom,Senior Public Official,BR09,Introducer,High,Y,98400,2025-03-17
C02531,Amir Fraser,Individual,United Kingdom,Student,BR01,Branch,Low,N,34300,2025-07-25
C02532,Olivia Walsh,Individual,United Kingdom,Self-employed,BR08,Online,Low,N,118600,2025-08-13
C02533,Harbour Property Ltd,Business,Nigeria,Professional Services,BR06,Branch,Medium,N,433000,2025-10-09
C02534,Luca Fraser,Individual,United Kingdom,Employee,BR05,Online,Low,N,54400,2025-10-15
C02535,Ravi Shah,Individual,United Kingdom,Self-employed,BR02,Online,Low,N,30400,2025-03-31
C02536,Maria Walsh,Individual,Germany,Employee,BR04,Introducer,Low,N,93400,2025-11-23
C02537,Luca Reid,Individual,United Kingdom,Employee,BR02,Online,Low,N,57800,2024-02-24
C02538,Ravi Nowak,Individual,United Kingdom,Employee,BR06,Branch,Low,N,95400,2024-10-15
C02539,Brightwater Retail Ltd,Business,United Kingdom,Construction,BR06,Relationship Manager,Low,N,1964000,2024-12-19
C02540,Omar Nowak,Individual,United Kingdom,Employee,BR02,Relationship Manager,Low,N,39000,2025-05-26
C02541,Pinnacle Construction Ltd,Business,United Kingdom,Construction,BR02,Branch,Medium,N,1707000,2024-08-06
C02542,Meridian Logistics LLP,Business,United Kingdom,Construction,BR09,Introducer,Medium,N,499000,2024-07-31
C02543,Jack Hughes,Individual,United Kingdom,Employee,BR04,Online,Low,N,73900,2025-10-22
C02544,Harbour Property Ltd,Business,United Kingdom,Technology,BR05,Relationship Manager,Medium,N,695000,2025-04-19
C02545,James Evans,Individual,Russia,Self-employed,BR10,Online,Medium,N,13200,2025-04-09
C02546,Crest Logistics Ltd,Business,United Kingdom,Professional Services,BR02,Branch,Low,N,584000,2024-05-14
C02547,Northgate Retail Ltd,Business,United Kingdom,Hospitality,BR05,Relationship Manager,Low,N,193000,2024-12-31
C02548,Oakline Retail LLP,Business,United Kingdom,Hospitality,BR07,Online,Low,N,2181000,2024-11-04
C02549,Jack Okafor,Individual,France,Self-employed,BR02,Introducer,Low,N,37400,2025-03-29
C02550,Summit Tech Ltd,Business,India,Money Services,BR02,Branch,High,N,1498000,2025-11-03
C02551,Larkspur Property LLP,Business,India,Money Services,BR09,Online,Medium,N,1904000,2024-07-22
C02552,Maria Doyle,Individual,United Kingdom,Self-employed,BR01,Online,Low,N,146200,2025-08-15
C02553,Northgate Construction PLC,Business,United Kingdom,Retail,BR01,Online,Low,N,299000,2025-04-08
C02554,Larkspur Capital PLC,Business,Nigeria,Construction,BR03,Online,High,N,425000,2024-12-28
C02555,Luca Evans,Individual,United Kingdom,Employee,BR07,Online,Low,N,165000,2025-11-25
C02556,Oakline Construction Ltd,Business,Russia,Hospitality,BR04,Online,High,N,532000,2024-04-17
C02557,Zara Patel,Individual,United Kingdom,Employee,BR02,Online,Low,N,27300,2025-05-10
C02558,Daniel Rossi,Individual,United Kingdom,Student,BR03,Online,Low,N,46300,2024-10-18
C02559,Tom Ali,Individual,United Kingdom,Employee,BR04,Online,Low,N,53600,2025-05-13
C02560,Ravi Singh,Individual,United Kingdom,Self-employed,BR07,Online,Low,N,94900,2024-04-11
C02561,Harbour Motors Ltd,Business,UAE,Construction,BR08,Relationship Manager,High,N,2013000,2025-06-22
C02562,Omar Doyle,Individual,United Kingdom,Employee,BR03,Online,Low,N,7600,2024-02-20
C02563,Chen Rossi,Individual,United Kingdom,Student,BR06,Online,Low,N,24000,2024-09-12
C02564,James Murray,Individual,United Kingdom,Employee,BR06,Branch,Low,N,38500,2025-10-24
C02565,James Shah,Individual,UAE,Employee,BR07,Branch,Medium,N,21800,2025-04-07
C02566,Harbour Imports LLP,Business,United Kingdom,Construction,BR05,Online,Medium,N,387000,2024-12-25
C02567,Crest Construction Ltd,Business,Hong Kong,Import/Export,BR01,Online,Medium,N,4754000,2024-08-29
C02568,Hannah Fraser,Individual,Pakistan,Employee,BR06,Relationship Manager,Medium,N,40000,2024-03-06
C02569,Ethan Reid,Individual,United Kingdom,Director,BR05,Introducer,Low,N,29300,2024-03-22
C02570,Tom Rossi,Individual,UAE,Property Investor,BR05,Online,Medium,N,22100,2025-06-07
C02571,Priya Shah,Individual,Hong Kong,Retired,BR02,Online,Low,N,41100,2024-07-19
C02572,Tom Mensah,Individual,United Kingdom,Employee,BR01,Online,Low,N,49300,2024-02-24
C02573,Daniel Walsh,Individual,United Kingdom,Self-employed,BR02,Online,Low,N,30300,2024-11-16
C02574,Hannah Khan,Individual,United Kingdom,Employee,BR02,Online,Low,N,91400,2024-10-16
C02575,Maria Doyle,Individual,Ireland,Retired,BR01,Online,Low,N,41500,2025-12-01
C02576,Chen Carter,Individual,United Kingdom,Employee,BR02,Online,Low,N,23800,2024-06-17
C02577,Sofia Brooks,Individual,India,Employee,BR01,Relationship Manager,Low,N,20400,2024-07-14
C02578,Harbour Foods Ltd,Business,United Kingdom,Construction,BR02,Online,Low,N,131000,2024-04-30
C02579,Bluefield Trading LLP,Business,United Kingdom,Technology,BR10,Branch,Medium,N,544000,2024-05-17
C02580,James Carter,Individual,United Kingdom,Retired,BR04,Online,Low,N,24500,2025-01-25
C02581,Harbour Logistics Ltd,Business,France,Real Estate,BR03,Introducer,High,N,1033000,2024-06-11
C02582,Bluefield Motors PLC,Business,United Kingdom,Hospitality,BR07,Branch,Low,N,174000,2025-06-10
C02583,Ethan Lopez,Individual,Ireland,Student,BR04,Introducer,Low,N,132700,2025-08-20
C02584,Aisha Reid,Individual,United Kingdom,Retired,BR01,Introducer,Low,N,50700,2024-12-22
C02585,Olivia Nowak,Individual,United Kingdom,Student,BR04,Online,Low,N,26400,2024-06-24
C02586,Larkspur Trading Ltd,Business,United Kingdom,Construction,BR02,Online,Medium,N,228000,2025-08-23
C02587,Priya Carter,Individual,Cyprus,Self-employed,BR05,Branch,Medium,N,63700,2025-12-07
C02588,Amir Brooks,Individual,United Kingdom,Retired,BR01,Branch,Low,N,31600,2025-11-01
C02589,Nadia Patel,Individual,Germany,Employee,BR04,Online,Low,N,20000,2025-11-03
C02590,Jack Patel,Individual,United Kingdom,Employee,BR02,Relationship Manager,Low,N,55400,2025-08-13
C02591,Meridian Construction LLP,Business,France,Retail,BR02,Introducer,Low,N,1290000,2025-06-23
C02592,Maria Nowak,Individual,United Kingdom,Employee,BR06,Branch,Low,N,16200,2025-11-30
C02593,Crest Retail Ltd,Business,United Kingdom,Import/Export,BR02,Online,High,N,2629000,2024-09-05
C02594,Northgate Tech PLC,Business,United Kingdom,Professional Services,BR03,Online,Medium,N,180000,2025-11-10
C02595,Northgate Trading Ltd,Business,United Kingdom,Real Estate,BR01,Online,Medium,N,672000,2024-01-16
C02596,Olivia Wright,Individual,United Kingdom,Employee,BR06,Online,Low,N,32500,2025-08-31
C02597,Bluefield Imports Ltd,Business,United Kingdom,Technology,BR04,Relationship Manager,Medium,N,518000,2024-09-01
C02598,Mei Fraser,Individual,United Kingdom,Retired,BR08,Online,Low,N,82900,2024-08-01
C02599,Aisha Singh,Individual,Russia,Employee,BR04,Branch,Medium,N,70800,2025-05-08
C02600,Northgate Trading LLP,Business,United Kingdom,Import/Export,BR10,Online,High,N,711000,2024-05-07
C02601,James Wright,Individual,United States,Employee,BR02,Branch,Low,N,57400,2025-12-27
C02602,Aisha Nowak,Individual,United Kingdom,Retired,BR07,Introducer,Low,N,42600,2025-06-15
C02603,Luca Brooks,Individual,United Kingdom,Student,BR03,Introducer,Low,N,20700,2024-01-15
C02604,Ironbridge Holdings LLP,Business,United Kingdom,Retail,BR03,Branch,Medium,N,180000,2025-09-10
C02605,Larkspur Consulting Ltd,Business,United Kingdom,Charity,BR07,Online,Low,N,98000,2024-03-19
C02606,Ravi Singh,Individual,United Kingdom,Employee,BR10,Relationship Manager,Low,N,93000,2025-08-24
C02607,Pinnacle Capital Ltd,Business,Pakistan,Money Services,BR07,Online,High,N,232000,2025-08-17
C02608,Mei Carter,Individual,Germany,Employee,BR03,Online,Low,N,21000,2025-04-15
C02609,Amir Carter,Individual,United Kingdom,Student,BR04,Introducer,Low,N,41400,2025-03-14
C02610,Aisha Shah,Individual,United Kingdom,Employee,BR02,Branch,Low,N,31500,2025-08-29
C02611,Brightwater Imports Ltd,Business,United Kingdom,Retail,BR05,Online,Low,N,139000,2025-09-13
C02612,Luca Murray,Individual,United Kingdom,Employee,BR03,Branch,Low,N,29100,2025-05-31
C02613,Maria Rossi,Individual,United Kingdom,Property Investor,BR02,Online,Low,N,93300,2024-05-04
C02614,Chen Walsh,Individual,United Kingdom,Employee,BR01,Relationship Manager,Low,N,39700,2025-05-01
C02615,Kestrel Foods Ltd,Business,United Kingdom,Money Services,BR09,Online,High,N,989000,2024-05-27
C02616,Grace Evans,Individual,United Kingdom,Employee,BR01,Online,Low,N,45900,2024-02-04
C02617,Aisha Lopez,Individual,Germany,Retired,BR03,Branch,Low,N,21700,2024-04-20
C02618,Bluefield Motors Ltd,Business,United Kingdom,Construction,BR02,Relationship Manager,Medium,N,359000,2024-12-02
C02619,Maria Carter,Individual,United Kingdom,Self-employed,BR04,Branch,Low,N,75900,2025-12-05
C02620,Chen Patel,Individual,United States,Property Investor,BR02,Online,Low,N,97100,2024-01-25
C02621,Luca Murray,Individual,Panama,Employee,BR07,Branch,Medium,N,20200,2024-02-24
C02622,Bluefield Tech Ltd,Business,United Kingdom,Hospitality,BR02,Online,Low,N,341000,2024-03-08
C02623,Daniel Walsh,Individual,United Kingdom,Senior Public Official,BR02,Online,Medium,Y,41700,2024-05-19
C02624,Olivia Hughes,Individual,India,Employee,BR02,Online,Low,N,78100,2025-01-30
C02625,Daniel Ali,Individual,United Kingdom,Employee,BR02,Online,Low,N,49800,2025-08-23
C02626,Crest Capital Ltd,Business,United Kingdom,Construction,BR06,Online,Medium,N,3419000,2024-02-04
C02627,Thistle Motors Ltd,Business,United Kingdom,Technology,BR02,Online,Medium,N,620000,2025-08-11
C02628,Amir Nowak,Individual,United Kingdom,Director,BR06,Online,Low,N,28500,2025-10-29
C02629,Sofia Khan,Individual,Russia,Self-employed,BR03,Relationship Manager,Medium,N,10700,2024-02-28
C02630,Brightwater Consulting PLC,Business,India,Money Services,BR02,Branch,High,N,3043000,2024-11-25
C02631,Sofia Rossi,Individual,Panama,Employee,BR02,Branch,Medium,N,11000,2025-08-18
C02632,Sofia Khan,Individual,India,Employee,BR04,Branch,Low,N,89300,2025-05-26
C02633,Omar Hughes,Individual,United Kingdom,Employee,BR03,Branch,Low,N,102000,2024-05-15
C02634,Sofia Walsh,Individual,India,Employee,BR04,Online,Low,N,43700,2024-04-18
C02635,Nadia Okafor,Individual,Ireland,Employee,BR08,Branch,Low,N,16200,2024-11-21
C02636,Hannah Okafor,Individual,United Kingdom,Self-employed,BR01,Branch,Low,N,50300,2025-09-11
C02637,Priya Singh,Individual,United Kingdom,Employee,BR03,Branch,Low,N,122500,2025-11-24
C02638,Nadia Okafor,Individual,United Kingdom,Employee,BR03,Online,Low,N,53400,2024-12-15
C02639,Ironbridge Logistics PLC,Business,United Kingdom,Construction,BR02,Online,Low,N,380000,2025-01-22
C02640,Olivia Evans,Individual,United Kingdom,Employee,BR04,Online,Low,N,30000,2025-02-12
C02641,Ethan Rossi,Individual,United Kingdom,Employee,BR05,Introducer,Low,N,23800,2024-12-24
C02642,Brightwater Tech PLC,Business,United Kingdom,Professional Services,BR05,Branch,Medium,N,631000,2025-04-19
C02643,Aisha Doyle,Individual,United Kingdom,Employee,BR06,Online,Low,N,12600,2024-07-19
C02644,Meridian Consulting PLC,Business,United Kingdom,Real Estate,BR01,Branch,Medium,N,239000,2025-01-29
C02645,Jack Mensah,Individual,United Kingdom,Student,BR04,Relationship Manager,Low,N,43600,2025-03-24
C02646,Meridian Construction Ltd,Business,United Kingdom,Technology,BR07,Branch,Medium,N,655000,2025-02-15
C02647,Sofia Fraser,Individual,Hong Kong,Student,BR04,Introducer,Low,N,30400,2025-12-13
C02648,Priya Murray,Individual,United Kingdom,Self-employed,BR06,Online,Low,N,15900,2025-06-28
C02649,Jack Rossi,Individual,United Kingdom,Director,BR05,Online,Low,N,94400,2025-06-20
C02650,Omar Singh,Individual,United Kingdom,Employee,BR04,Online,Low,N,20400,2025-08-12
C02651,Chen Patel,Individual,UAE,Self-employed,BR01,Online,Medium,N,49500,2025-01-20
C02652,Kestrel Property LLP,Business,Ireland,Hospitality,BR05,Branch,Medium,N,244000,2024-08-11
C02653,Northgate Consulting Ltd,Business,United Kingdom,Construction,BR04,Relationship Manager,Low,N,1573000,2025-01-26
C02654,Daniel Shah,Individual,United Kingdom,Employee,BR01,Relationship Manager,Low,N,25100,2025-11-05
C02655,Harbour Tech Ltd,Business,India,Professional Services,BR02,Branch,Low,N,140000,2025-10-04
C02656,Kestrel Capital Ltd,Business,Cyprus,Import/Export,BR01,Branch,High,N,1081000,2024-09-15
C02657,Harbour Motors Ltd,Business,United Kingdom,Retail,BR05,Online,Medium,N,2416000,2024-12-19
C02658,Hannah Mensah,Individual,United Kingdom,Self-employed,BR01,Relationship Manager,Low,N,56600,2024-07-18
C02659,Nadia Wright,Individual,United Kingdom,Retired,BR08,Online,Low,N,39600,2024-01-09
C02660,Ethan Fraser,Individual,United Kingdom,Employee,BR10,Online,Low,N,28500,2024-08-15
C02661,Maria Walsh,Individual,India,Employee,BR10,Branch,Low,N,142100,2024-03-14
C02662,Oakline Trading PLC,Business,Russia,Hospitality,BR02,Relationship Manager,High,N,516000,2024-09-19
C02663,Nadia Walsh,Individual,Panama,Employee,BR04,Branch,Medium,N,15900,2024-02-09
C02664,Aisha Singh,Individual,Nigeria,Property Investor,BR09,Online,Medium,N,38200,2024-08-19
C02665,Zara Murray,Individual,United Kingdom,Self-employed,BR06,Introducer,Low,N,34400,2025-06-06
C02666,Ironbridge Property PLC,Business,Russia,Import/Export,BR02,Online,High,N,352000,2025-09-08
C02667,Tom Hughes,Individual,United Kingdom,Employee,BR08,Online,Low,N,59100,2025-10-10
C02668,Mei Ali,Individual,United Kingdom,Student,BR05,Relationship Manager,Low,N,40900,2025-02-14
C02669,Meridian Imports Ltd,Business,Germany,Import/Export,BR07,Branch,High,N,306000,2025-02-03
C02670,Thistle Foods Ltd,Business,United Kingdom,Retail,BR10,Branch,Low,N,537000,2025-12-08
C02671,Tom Carter,Individual,UAE,Employee,BR10,Branch,Medium,N,141800,2025-02-10
C02672,Northgate Capital LLP,Business,Panama,Retail,BR04,Branch,Medium,N,179000,2024-03-02
C02673,Oakline Construction PLC,Business,India,Real Estate,BR01,Online,Medium,N,1282000,2025-11-15
C02674,Nadia Lopez,Individual,Nigeria,Retired,BR05,Online,Medium,N,45200,2025-03-24
C02675,Harbour Logistics PLC,Business,United Kingdom,Money Services,BR06,Online,High,N,1732000,2025-05-02
C02676,James Fraser,Individual,United Kingdom,Employee,BR05,Relationship Manager,Low,N,39400,2024-03-11
C02677,Amir Rossi,Individual,Nigeria,Director,BR03,Online,Medium,N,77300,2024-12-09
C02678,Ravi Wright,Individual,United Kingdom,Employee,BR05,Branch,Low,N,57600,2024-12-01
C02679,Grace Wright,Individual,United States,Employee,BR04,Online,Low,N,48000,2025-08-18
C02680,James Mensah,Individual,United Kingdom,Director,BR10,Relationship Manager,Low,N,59300,2024-10-06
C02681,Chen Nowak,Individual,United Kingdom,Director,BR08,Online,Low,N,77800,2024-09-07
C02682,Hannah Okafor,Individual,United Kingdom,Self-employed,BR03,Introducer,Low,N,94400,2025-05-12
C02683,Luca Evans,Individual,Germany,Employee,BR05,Relationship Manager,Low,N,52500,2024-01-12
C02684,Grace Carter,Individual,Nigeria,Property Investor,BR05,Relationship Manager,Medium,N,33200,2025-06-28
C02685,Amir Singh,Individual,Hong Kong,Student,BR04,Relationship Manager,Low,N,10000,2024-01-06
C02686,Maria Doyle,Individual,United Kingdom,Self-employed,BR01,Online,Low,N,72200,2024-06-23
C02687,Ethan Nowak,Individual,United Kingdom,Employee,BR06,Relationship Manager,Low,N,54700,2024-12-29
C02688,Mei Evans,Individual,United Kingdom,Employee,BR07,Online,Low,N,44000,2024-05-21
C02689,Thistle Capital Ltd,Business,United Kingdom,Technology,BR04,Online,Medium,N,905000,2024-01-26
C02690,Luca Singh,Individual,United Kingdom,Retired,BR09,Branch,Low,N,71600,2024-11-02
C02691,Silverline Consulting LLP,Business,United Kingdom,Real Estate,BR10,Relationship Manager,High,N,890000,2025-05-31
C02692,Maria Okafor,Individual,United Kingdom,Employee,BR08,Online,Low,N,39300,2024-06-25
C02693,Summit Logistics Ltd,Business,United Kingdom,Precious Metals,BR09,Relationship Manager,Medium,N,797000,2024-07-19
C02694,Meridian Foods Ltd,Business,Ireland,Real Estate,BR04,Introducer,High,N,184000,2025-05-09
C02695,Bluefield Consulting Ltd,Business,UAE,Hospitality,BR09,Online,High,N,579000,2025-11-23
C02696,James Nowak,Individual,United Kingdom,Employee,BR09,Online,Low,N,56200,2025-01-13
C02697,Omar Ali,Individual,United Kingdom,Employee,BR05,Branch,Low,N,26000,2025-02-12
C02698,James Evans,Individual,France,Student,BR01,Online,Low,N,26600,2025-08-27
C02699,Ravi Khan,Individual,India,Employee,BR01,Online,Low,N,68300,2024-02-18
C02700,Oakline Imports LLP,Business,UAE,Retail,BR04,Online,Medium,N,3313000,2025-12-18
C02701,Pinnacle Holdings Ltd,Business,United Kingdom,Technology,BR07,Online,High,Y,429000,2024-12-13
C02702,Priya Lopez,Individual,United Kingdom,Student,BR04,Online,Low,N,42700,2024-10-03
C02703,Luca Khan,Individual,United States,Employee,BR07,Branch,Low,N,14900,2025-03-27
C02704,Nadia Murray,Individual,United Kingdom,Employee,BR07,Branch,Low,N,91000,2025-10-28
C02705,Priya Ali,Individual,United Kingdom,Student,BR02,Branch,Low,N,48300,2025-11-15
C02706,Tom Singh,Individual,Russia,Employee,BR01,Relationship Manager,Medium,N,50800,2025-07-22
C02707,Tom Shah,Individual,United Kingdom,Employee,BR06,Branch,Low,N,73400,2024-12-19
C02708,Crest Consulting LLP,Business,France,Hospitality,BR03,Branch,Medium,N,204000,2024-04-19
C02709,James Nowak,Individual,UAE,Employee,BR09,Online,Medium,N,45300,2024-05-19
C02710,Zara Ali,Individual,United Kingdom,Student,BR08,Online,Low,N,58100,2025-09-03
C02711,Nadia Nowak,Individual,France,Employee,BR04,Relationship Manager,Low,N,50100,2024-04-01
C02712,Larkspur Property Ltd,Business,United Kingdom,Real Estate,BR05,Online,High,N,634000,2024-12-17
C02713,Daniel Hughes,Individual,UAE,Employee,BR08,Online,Medium,N,15500,2024-10-25
C02714,Maria Evans,Individual,United States,Employee,BR08,Online,Low,N,45700,2025-06-02
C02715,Tom Evans,Individual,Pakistan,Employee,BR05,Relationship Manager,Medium,N,91800,2024-09-07
C02716,Jack Walsh,Individual,United Kingdom,Retired,BR10,Online,Low,N,57000,2025-05-28
C02717,Maria Walsh,Individual,India,Employee,BR04,Online,Low,N,21200,2025-01-06
C02718,Omar Mensah,Individual,United States,Employee,BR01,Branch,Low,N,77500,2025-10-09
C02719,Chen Singh,Individual,Ireland,Employee,BR05,Online,Low,N,33300,2024-05-16
C02720,Oakline Logistics Ltd,Business,United Kingdom,Import/Export,BR07,Relationship Manager,High,N,3873000,2025-07-10
C02721,Ethan Singh,Individual,United Kingdom,Employee,BR10,Branch,Low,N,73900,2025-06-11
C02722,Omar Lopez,Individual,UAE,Director,BR01,Online,Medium,N,22800,2025-08-25
C02723,Olivia Mensah,Individual,United Kingdom,Self-employed,BR04,Online,Low,N,116800,2024-12-24
C02724,Silverline Motors Ltd,Business,United Kingdom,Real Estate,BR05,Relationship Manager,Medium,N,1432000,2024-08-22
C02725,Brightwater Trading Ltd,Business,United States,Money Services,BR09,Branch,High,N,296000,2025-01-13
C02726,Redwood Trading Ltd,Business,Cyprus,Retail,BR06,Relationship Manager,High,N,351000,2025-12-12
C02727,Grace Nowak,Individual,Panama,Property Investor,BR02,Branch,Medium,N,171800,2024-05-22
C02728,Priya Ali,Individual,United Kingdom,Property Investor,BR08,Relationship Manager,Low,N,73100,2025-04-28
C02729,Bluefield Consulting Ltd,Business,United Kingdom,Professional Services,BR06,Relationship Manager,Medium,N,1608000,2024-06-12
C02730,Brightwater Capital Ltd,Business,United Kingdom,Money Services,BR09,Relationship Manager,Medium,N,120000,2025-07-19
C02731,Ethan Hughes,Individual,United Kingdom,Employee,BR08,Relationship Manager,Low,N,43100,2024-11-05
C02732,Aisha Okafor,Individual,Pakistan,Employee,BR01,Introducer,Medium,N,56900,2025-09-19
C02733,Omar Okafor,Individual,United Kingdom,Student,BR10,Relationship Manager,Low,N,22900,2024-04-29
C02734,Crest Property LLP,Business,United Kingdom,Crypto Assets,BR04,Online,Medium,N,2186000,2024-03-31
C02735,Daniel Murray,Individual,United Kingdom,Employee,BR10,Online,Low,N,33800,2025-11-25
C02736,Sofia Shah,Individual,United Kingdom,Self-employed,BR02,Branch,Low,N,41100,2024-09-02
C02737,Zara Shah,Individual,Pakistan,Student,BR07,Branch,Medium,N,48900,2024-03-03
C02738,Mei Lopez,Individual,France,Employee,BR02,Online,Low,N,17100,2025-09-03
C02739,Omar Nowak,Individual,United Kingdom,Self-employed,BR01,Branch,Low,N,59700,2024-10-29
C02740,Jack Evans,Individual,United Kingdom,Self-employed,BR10,Introducer,Low,N,24400,2025-11-04
C02741,Meridian Holdings Ltd,Business,United Kingdom,Import/Export,BR02,Branch,Medium,N,268000,2024-11-16
C02742,Hannah Singh,Individual,United Kingdom,Property Investor,BR01,Branch,Low,N,70300,2025-07-06
C02743,Amir Lopez,Individual,Cyprus,Employee,BR08,Branch,Medium,N,31700,2025-02-27
C02744,Olivia Evans,Individual,Ireland,Employee,BR03,Branch,Low,N,22500,2024-12-18
C02745,Ravi Fraser,Individual,United Kingdom,Employee,BR05,Branch,Low,N,101300,2024-12-21
C02746,Maria Murray,Individual,Nigeria,Employee,BR10,Online,Medium,N,67800,2024-07-02
C02747,Omar Okafor,Individual,United Kingdom,Employee,BR04,Branch,Low,N,44000,2025-06-22
C02748,Olivia Okafor,Individual,United Kingdom,Retired,BR01,Relationship Manager,Low,N,96900,2025-01-18
C02749,Larkspur Property Ltd,Business,United Kingdom,Hospitality,BR06,Online,Medium,N,230000,2024-01-02
C02750,Priya Carter,Individual,United Kingdom,Self-employed,BR06,Online,Low,N,27700,2024-10-17
C02751,Omar Evans,Individual,United Kingdom,Employee,BR02,Online,Low,N,22000,2024-10-23
C02752,Olivia Hughes,Individual,UAE,Employee,BR04,Branch,Medium,N,37600,2025-10-09
C02753,Brightwater Imports Ltd,Business,United States,Technology,BR03,Branch,Medium,N,107000,2024-11-08
C02754,James Patel,Individual,United Kingdom,Self-employed,BR01,Relationship Manager,Low,N,92400,2025-02-18
C02755,Northgate Foods PLC,Business,Ireland,Construction,BR02,Online,Medium,N,3034000,2024-03-01
C02756,Brightwater Holdings PLC,Business,United Kingdom,Technology,BR09,Branch,Low,N,1199000,2024-10-13
C02757,Nadia Okafor,Individual,United Kingdom,Employee,BR02,Online,Low,N,35300,2024-07-26
C02758,Ravi Singh,Individual,United Kingdom,Employee,BR02,Online,Low,N,25100,2024-12-30
C02759,Northgate Foods PLC,Business,United Kingdom,Hospitality,BR10,Branch,Medium,N,286000,2025-10-18
C02760,Nadia Rossi,Individual,United Kingdom,Self-employed,BR03,Branch,Low,N,29600,2025-11-13
C02761,Grace Murray,Individual,Cyprus,Employee,BR10,Relationship Manager,Medium,N,18700,2024-07-28
C02762,Maria Patel,Individual,Pakistan,Retired,BR09,Online,Medium,N,134000,2025-03-24
C02763,Mei Mensah,Individual,United Kingdom,Employee,BR04,Online,Low,N,52200,2025-11-28
C02764,Priya Brooks,Individual,India,Employee,BR03,Branch,Low,N,37900,2024-06-16
C02765,Grace Ali,Individual,United Kingdom,Retired,BR01,Branch,Low,N,112800,2024-11-16
C02766,Chen Walsh,Individual,India,Employee,BR02,Branch,Low,N,18400,2024-12-31
C02767,Sofia Khan,Individual,United Kingdom,Employee,BR02,Online,Low,N,37000,2024-01-03
C02768,Aisha Reid,Individual,United Kingdom,Employee,BR04,Relationship Manager,Low,N,133200,2024-12-06
C02769,Silverline Tech Ltd,Business,Germany,Construction,BR03,Relationship Manager,Low,N,1550000,2024-03-29
C02770,Jack Reid,Individual,United Kingdom,Employee,BR08,Branch,Low,N,174200,2024-08-14
C02771,Jack Shah,Individual,United Kingdom,Employee,BR02,Branch,Low,N,64300,2024-03-25
C02772,Mei Wright,Individual,United Kingdom,Self-employed,BR03,Branch,Low,N,87900,2025-06-22
C02773,Amir Nowak,Individual,United Kingdom,Employee,BR01,Relationship Manager,Low,N,89400,2025-09-02
C02774,Grace Khan,Individual,United Kingdom,Employee,BR02,Online,Low,N,40200,2024-07-15
C02775,Omar Shah,Individual,United Kingdom,Self-employed,BR07,Relationship Manager,Low,N,29900,2024-01-30
C02776,Ethan Doyle,Individual,Ireland,Employee,BR06,Online,Low,N,37400,2024-12-26
C02777,Sofia Singh,Individual,United Kingdom,Self-employed,BR03,Online,Low,N,22200,2024-03-24
C02778,Mei Mensah,Individual,United Kingdom,Self-employed,BR05,Online,Low,N,38600,2024-11-18
C02779,Chen Shah,Individual,United Kingdom,Employee,BR04,Online,Low,N,40000,2025-02-01
C02780,Maria Mensah,Individual,Ireland,Employee,BR09,Online,Low,N,110600,2024-12-07
C02781,Luca Wright,Individual,UAE,Employee,BR03,Branch,Medium,N,57300,2025-01-16
C02782,Priya Khan,Individual,United Kingdom,Employee,BR07,Online,Low,N,165600,2025-02-18
C02783,Ravi Mensah,Individual,United Kingdom,Employee,BR02,Introducer,Low,N,11000,2024-04-29
C02784,Olivia Patel,Individual,United Kingdom,Student,BR03,Branch,Low,N,19300,2025-05-14
C02785,Nadia Singh,Individual,United Kingdom,Self-employed,BR04,Online,Low,N,32400,2025-05-03
C02786,Omar Patel,Individual,United Kingdom,Employee,BR01,Introducer,Low,N,98300,2024-04-14
C02787,Daniel Carter,Individual,United Kingdom,Director,BR05,Online,Low,N,37600,2024-11-13
C02788,Meridian Retail Ltd,Business,UAE,Retail,BR05,Online,High,N,314000,2024-07-29
C02789,Daniel Mensah,Individual,United Kingdom,Senior Public Official,BR01,Branch,High,Y,34600,2024-10-17
C02790,James Walsh,Individual,Ireland,Retired,BR10,Relationship Manager,Low,N,19600,2025-07-18
C02791,Hannah Okafor,Individual,United Kingdom,Employee,BR01,Relationship Manager,Low,N,17400,2025-03-12
C02792,Harbour Tech Ltd,Business,United Kingdom,Professional Services,BR09,Introducer,Medium,N,1801000,2025-10-25
C02793,Luca Patel,Individual,UAE,Employee,BR04,Branch,Medium,N,32500,2025-02-20
C02794,Luca Murray,Individual,France,Director,BR02,Relationship Manager,Low,N,44500,2024-02-02
C02795,Meridian Retail LLP,Business,United Kingdom,Professional Services,BR01,Online,Medium,N,389000,2025-06-03
C02796,Ethan Wright,Individual,India,Retired,BR06,Online,Low,N,34500,2024-02-23
C02797,Thistle Holdings Ltd,Business,United Kingdom,Real Estate,BR07,Branch,Medium,N,370000,2024-09-06
C02798,Aisha Fraser,Individual,United Kingdom,Employee,BR06,Branch,Low,N,33300,2025-11-13
C02799,Hannah Rossi,Individual,India,Self-employed,BR03,Online,Low,N,49100,2025-12-24
C02800,Amir Wright,Individual,Germany,Employee,BR01,Online,Low,N,94000,2024-04-18
C02801,Zara Murray,Individual,United Kingdom,Employee,BR07,Introducer,Low,N,70900,2025-12-21
C02802,Harbour Retail Ltd,Business,Russia,Crypto Assets,BR08,Branch,High,N,283000,2025-12-16
C02803,Ravi Brooks,Individual,Ireland,Employee,BR03,Relationship Manager,Low,N,72600,2025-10-04
C02804,Crest Foods Ltd,Business,United Kingdom,Crypto Assets,BR08,Online,Medium,N,1406000,2025-08-28
C02805,Chen Evans,Individual,United Kingdom,Property Investor,BR05,Branch,Low,N,27600,2024-02-24
C02806,Tom Patel,Individual,United Kingdom,Employee,BR04,Branch,Low,N,44800,2024-03-29
C02807,Thistle Consulting LLP,Business,United Kingdom,Real Estate,BR05,Relationship Manager,High,N,661000,2025-03-24
C02808,Maria Evans,Individual,Ireland,Employee,BR01,Relationship Manager,Low,N,41300,2024-03-15
C02809,Larkspur Tech Ltd,Business,United Kingdom,Money Services,BR01,Branch,High,N,231000,2024-07-02
C02810,Aisha Rossi,Individual,India,Property Investor,BR07,Online,Low,N,23900,2025-12-15
C02811,Redwood Motors Ltd,Business,United Kingdom,Technology,BR10,Online,Low,N,876000,2025-10-27
C02812,Maria Okafor,Individual,France,Director,BR04,Online,Low,N,12600,2024-07-05
C02813,Zara Fraser,Individual,Nigeria,Employee,BR01,Online,Medium,N,56800,2025-01-28
C02814,Luca Reid,Individual,India,Employee,BR01,Relationship Manager,Low,N,50000,2025-01-28
C02815,Mei Shah,Individual,India,Employee,BR04,Branch,Low,N,59000,2024-07-11
C02816,Olivia Reid,Individual,Pakistan,Senior Public Official,BR06,Branch,High,Y,26200,2024-06-21
C02817,Daniel Evans,Individual,United Kingdom,Employee,BR01,Branch,Medium,Y,80900,2024-11-15
C02818,Redwood Consulting Ltd,Business,France,Professional Services,BR01,Introducer,Medium,N,1878000,2025-03-15
C02819,Ethan Walsh,Individual,Hong Kong,Employee,BR07,Online,Low,N,19700,2025-08-10
C02820,Thistle Property PLC,Business,United Kingdom,Professional Services,BR01,Branch,Medium,N,580000,2025-09-06
C02821,Silverline Property PLC,Business,United Kingdom,Professional Services,BR03,Relationship Manager,Medium,N,316000,2024-01-15
C02822,Nadia Shah,Individual,Panama,Employee,BR07,Online,Medium,N,15400,2025-04-25
C02823,Grace Wright,Individual,United Kingdom,Retired,BR01,Online,Low,N,118200,2025-03-26
C02824,Jack Nowak,Individual,United Kingdom,Student,BR04,Branch,Low,N,75300,2024-02-04
C02825,Grace Murray,Individual,United Kingdom,Employee,BR01,Relationship Manager,Low,N,120100,2025-09-02
C02826,Tom Doyle,Individual,United Kingdom,Retired,BR03,Online,Low,N,112700,2025-03-11
C02827,Sofia Reid,Individual,United Kingdom,Employee,BR09,Branch,Low,N,32500,2025-06-09
C02828,Maria Khan,Individual,United Kingdom,Student,BR06,Branch,Low,N,23800,2025-04-28
C02829,Daniel Singh,Individual,United States,Employee,BR01,Branch,Low,N,8000,2024-09-01
C02830,Jack Nowak,Individual,United Kingdom,Self-employed,BR01,Online,Low,N,31500,2024-05-26
C02831,Luca Mensah,Individual,United Kingdom,Employee,BR02,Branch,Low,N,115800,2024-10-03
C02832,Maria Brooks,Individual,Pakistan,Employee,BR09,Online,Medium,N,24400,2025-07-11
C02833,Daniel Nowak,Individual,Nigeria,Self-employed,BR07,Online,Medium,N,35400,2025-04-10
C02834,Brightwater Capital LLP,Business,United Kingdom,Import/Export,BR05,Introducer,High,N,449000,2025-04-03
C02835,Tom Nowak,Individual,United Kingdom,Student,BR01,Online,Low,N,50300,2024-04-05
C02836,Jack Reid,Individual,Ireland,Employee,BR09,Online,Low,N,86800,2024-01-07
C02837,Jack Murray,Individual,UAE,Employee,BR08,Online,Medium,N,15900,2025-05-03
C02838,Ethan Singh,Individual,United Kingdom,Student,BR02,Online,Low,N,17900,2025-11-25
C02839,Chen Hughes,Individual,United Kingdom,Employee,BR03,Relationship Manager,Low,N,97900,2024-09-19
C02840,Aisha Brooks,Individual,India,Employee,BR03,Introducer,Low,N,62300,2024-11-21
C02841,Bluefield Tech LLP,Business,Germany,Construction,BR05,Online,High,Y,1332000,2025-12-01
C02842,Hannah Rossi,Individual,United Kingdom,Employee,BR03,Online,Low,N,111800,2024-06-18
C02843,Northgate Consulting Ltd,Business,Pakistan,Construction,BR02,Online,High,N,130000,2025-01-16
C02844,Daniel Fraser,Individual,Nigeria,Employee,BR06,Relationship Manager,Medium,N,70200,2024-03-04
C02845,Omar Rossi,Individual,Germany,Self-employed,BR06,Online,Low,N,38500,2024-07-11
C02846,Ethan Hughes,Individual,Germany,Self-employed,BR04,Online,Low,N,57800,2024-09-30
C02847,Aisha Rossi,Individual,Germany,Retired,BR04,Online,Low,N,9600,2025-05-16
C02848,Meridian Retail Ltd,Business,United Kingdom,Money Services,BR01,Branch,High,N,556000,2024-08-12
C02849,Summit Construction LLP,Business,United Kingdom,Construction,BR04,Online,Medium,N,565000,2024-12-02
C02850,Silverline Tech Ltd,Business,France,Crypto Assets,BR08,Branch,High,N,2053000,2024-08-05
C02851,Hannah Murray,Individual,United Kingdom,Student,BR05,Online,Low,N,85200,2024-04-13
C02852,Brightwater Property PLC,Business,United Kingdom,Real Estate,BR09,Branch,Medium,N,4564000,2025-08-02
C02853,Ethan Okafor,Individual,United Kingdom,Employee,BR06,Branch,Low,N,22600,2025-05-06
C02854,Harbour Retail LLP,Business,France,Money Services,BR07,Branch,High,N,1067000,2025-04-17
C02855,Sofia Nowak,Individual,Ireland,Self-employed,BR04,Online,Low,N,22100,2025-03-02
C02856,Amir Shah,Individual,United Kingdom,Self-employed,BR01,Online,Low,N,41500,2024-04-07
C02857,Mei Murray,Individual,United Kingdom,Retired,BR09,Online,Low,N,59500,2025-01-11
C02858,Chen Singh,Individual,United Kingdom,Director,BR06,Online,Low,N,24300,2025-06-01
C02859,Amir Ali,Individual,Hong Kong,Director,BR09,Relationship Manager,Low,N,64400,2024-12-27
C02860,Brightwater Capital Ltd,Business,Pakistan,Money Services,BR05,Relationship Manager,High,N,150000,2025-06-12
C02861,Harbour Logistics Ltd,Business,United Kingdom,Charity,BR04,Online,Medium,N,254000,2024-08-28
C02862,Brightwater Trading PLC,Business,United Kingdom,Technology,BR01,Online,Medium,N,704000,2025-01-10
C02863,Maria Doyle,Individual,India,Employee,BR03,Relationship Manager,Low,N,24300,2024-10-05
C02864,Maria Okafor,Individual,United Kingdom,Self-employed,BR05,Online,Low,N,23600,2025-12-28
C02865,James Brooks,Individual,Russia,Employee,BR09,Branch,Medium,N,75000,2024-05-10
C02866,Luca Mensah,Individual,United Kingdom,Employee,BR08,Online,Low,N,42800,2024-07-26
C02867,Hannah Okafor,Individual,United Kingdom,Employee,BR04,Branch,Low,N,16800,2025-05-12
C02868,Daniel Hughes,Individual,United Kingdom,Employee,BR04,Relationship Manager,Low,N,67100,2024-02-12
C02869,Amir Carter,Individual,United Kingdom,Employee,BR01,Online,Low,N,31400,2025-01-09
C02870,Olivia Ali,Individual,United Kingdom,Employee,BR03,Introducer,Low,N,17300,2024-01-22
C02871,Priya Okafor,Individual,Nigeria,Employee,BR10,Branch,Medium,N,8900,2025-01-20
C02872,Amir Fraser,Individual,United Kingdom,Self-employed,BR07,Online,Low,N,69000,2024-08-22
C02873,Ethan Walsh,Individual,United Kingdom,Senior Public Official,BR04,Online,Medium,Y,24000,2024-05-18
C02874,Bluefield Holdings LLP,Business,Germany,Charity,BR08,Relationship Manager,Medium,N,2439000,2024-12-29
C02875,Ethan Nowak,Individual,UAE,Employee,BR01,Relationship Manager,Medium,N,58900,2024-08-30
C02876,Crest Property Ltd,Business,United Kingdom,Professional Services,BR10,Branch,Medium,N,718000,2024-02-27
C02877,Aisha Doyle,Individual,United Kingdom,Retired,BR06,Introducer,Low,N,25000,2025-01-24
C02878,Silverline Property LLP,Business,United Kingdom,Retail,BR01,Introducer,Medium,N,299000,2025-02-17
C02879,Thistle Motors LLP,Business,United Kingdom,Charity,BR06,Introducer,Medium,N,345000,2025-04-28
C02880,Pinnacle Logistics Ltd,Business,India,Import/Export,BR01,Online,High,N,283000,2025-10-20
C02881,Tom Khan,Individual,United Kingdom,Employee,BR05,Relationship Manager,Low,N,82000,2025-05-28
C02882,Chen Nowak,Individual,United Kingdom,Employee,BR02,Branch,Low,N,48500,2025-08-05
C02883,Hannah Wright,Individual,India,Employee,BR02,Branch,Low,N,30800,2025-04-18
C02884,Nadia Nowak,Individual,United Kingdom,Employee,BR05,Branch,Low,N,38800,2025-05-06
C02885,Daniel Wright,Individual,United Kingdom,Employee,BR03,Online,Low,N,52300,2025-08-02
C02886,Luca Lopez,Individual,United Kingdom,Retired,BR01,Introducer,Low,N,18900,2025-04-28
C02887,Nadia Singh,Individual,Cyprus,Self-employed,BR08,Online,Medium,N,25300,2025-01-02
C02888,Grace Rossi,Individual,France,Employee,BR02,Online,Low,N,17000,2025-06-17
C02889,Olivia Shah,Individual,United Kingdom,Employee,BR05,Relationship Manager,Low,N,46200,2025-12-06
C02890,James Rossi,Individual,France,Employee,BR05,Online,Low,N,42200,2024-12-27
C02891,Bluefield Holdings Ltd,Business,United Kingdom,Professional Services,BR01,Online,Low,N,2710000,2024-06-14
C02892,Bluefield Property Ltd,Business,United Kingdom,Precious Metals,BR10,Online,Medium,N,244000,2024-10-20
C02893,Amir Shah,Individual,United Kingdom,Self-employed,BR04,Online,Low,N,21400,2024-01-11
C02894,Tom Brooks,Individual,United Kingdom,Retired,BR02,Online,Low,N,26500,2024-08-12
C02895,Tom Khan,Individual,United Kingdom,Employee,BR03,Relationship Manager,Low,N,64100,2025-10-10
C02896,Amir Brooks,Individual,Cyprus,Employee,BR05,Online,Medium,N,70100,2024-03-13
C02897,Jack Ali,Individual,United Kingdom,Retired,BR01,Online,Low,N,24900,2025-10-11
C02898,Zara Wright,Individual,Nigeria,Self-employed,BR02,Online,Medium,N,46100,2025-02-14
C02899,Oakline Logistics LLP,Business,Germany,Import/Export,BR04,Relationship Manager,Medium,N,1221000,2024-08-20
C02900,Hannah Khan,Individual,United Kingdom,Employee,BR06,Online,Low,N,35700,2024-12-11
C02901,Pinnacle Retail Ltd,Business,United Kingdom,Technology,BR02,Relationship Manager,Medium,N,201000,2025-10-04
C02902,Zara Fraser,Individual,United Kingdom,Employee,BR03,Online,Low,N,56200,2024-03-27
C02903,Maria Lopez,Individual,United Kingdom,Employee,BR02,Branch,Low,N,48600,2025-02-17
C02904,Pinnacle Imports Ltd,Business,United Kingdom,Import/Export,BR02,Online,High,N,642000,2024-07-15
C02905,Omar Mensah,Individual,Russia,Employee,BR06,Branch,High,Y,21000,2025-01-30
C02906,Larkspur Holdings Ltd,Business,Pakistan,Technology,BR03,Branch,Medium,N,808000,2025-07-29
C02907,Priya Hughes,Individual,United Kingdom,Employee,BR02,Branch,Low,N,55900,2025-11-04
C02908,Nadia Ali,Individual,United Kingdom,Employee,BR02,Online,Low,N,60700,2024-07-05
C02909,Maria Carter,Individual,United Kingdom,Employee,BR05,Online,Low,N,26100,2025-04-30
C02910,Meridian Foods PLC,Business,Russia,Technology,BR05,Online,Medium,N,585000,2024-11-07
C02911,Amir Rossi,Individual,United Kingdom,Student,BR03,Online,Low,N,18200,2025-01-02
C02912,Northgate Consulting Ltd,Business,United Kingdom,Construction,BR05,Online,Medium,N,660000,2024-04-27
C02913,Silverline Property Ltd,Business,Ireland,Retail,BR06,Relationship Manager,Medium,N,2580000,2025-09-18
C02914,Sofia Lopez,Individual,United Kingdom,Employee,BR01,Introducer,Low,N,18800,2024-05-04
C02915,Mei Fraser,Individual,United Kingdom,Employee,BR03,Relationship Manager,Low,N,33700,2024-01-30
C02916,Ironbridge Property Ltd,Business,Germany,Import/Export,BR02,Branch,High,N,124000,2025-07-06
C02917,Meridian Construction LLP,Business,United Kingdom,Professional Services,BR08,Relationship Manager,Low,N,476000,2024-10-23
C02918,Olivia Fraser,Individual,United Kingdom,Employee,BR02,Relationship Manager,Low,N,31700,2024-02-18
C02919,Jack Hughes,Individual,United Kingdom,Employee,BR02,Branch,Low,N,14100,2025-05-12
C02920,Priya Fraser,Individual,United Kingdom,Self-employed,BR04,Online,Low,N,136600,2024-07-27
C02921,Daniel Fraser,Individual,Russia,Self-employed,BR04,Online,Medium,N,45600,2025-12-14
C02922,Meridian Consulting Ltd,Business,United Kingdom,Money Services,BR08,Online,High,N,1015000,2025-12-17
C02923,Zara Singh,Individual,India,Self-employed,BR03,Online,Low,N,46100,2025-02-06
C02924,Hannah Murray,Individual,United Kingdom,Property Investor,BR02,Branch,Low,N,57700,2024-12-13
C02925,Chen Reid,Individual,France,Employee,BR05,Branch,Low,N,72200,2024-11-21
C02926,Ravi Wright,Individual,Hong Kong,Retired,BR07,Online,Low,N,15700,2025-03-19
C02927,Mei Doyle,Individual,United Kingdom,Self-employed,BR10,Online,Low,N,88100,2025-10-26
C02928,Larkspur Construction LLP,Business,Panama,Retail,BR05,Online,High,N,3730000,2025-04-13
C02929,Olivia Wright,Individual,Ireland,Retired,BR04,Branch,Low,N,38600,2024-03-13
C02930,Grace Walsh,Individual,India,Self-employed,BR01,Online,Low,N,37400,2024-05-23
C02931,Meridian Motors LLP,Business,United Kingdom,Money Services,BR10,Introducer,High,N,1857000,2025-04-05
C02932,Amir Carter,Individual,Ireland,Employee,BR06,Branch,Low,N,19000,2024-09-26
C02933,James Shah,Individual,United Kingdom,Employee,BR01,Online,Low,N,54800,2024-12-16
C02934,Grace Rossi,Individual,Hong Kong,Senior Public Official,BR04,Online,High,Y,82500,2024-10-19
C02935,Redwood Property Ltd,Business,United States,Professional Services,BR05,Branch,Low,N,562000,2025-03-11
C02936,Redwood Foods PLC,Business,United Kingdom,Retail,BR02,Relationship Manager,Low,N,432000,2024-06-17
C02937,Grace Patel,Individual,Cyprus,Employee,BR07,Introducer,Medium,N,127500,2024-02-23
C02938,Maria Walsh,Individual,Pakistan,Employee,BR06,Online,Medium,N,73400,2024-06-20
C02939,Hannah Doyle,Individual,United Kingdom,Retired,BR02,Online,Low,N,31700,2025-05-03
C02940,Ravi Carter,Individual,United Kingdom,Self-employed,BR10,Branch,Low,N,148600,2025-03-20
C02941,Mei Fraser,Individual,United Kingdom,Director,BR10,Online,Low,N,20800,2025-08-14
C02942,Pinnacle Retail Ltd,Business,United Kingdom,Hospitality,BR02,Branch,Medium,N,203000,2024-03-20
C02943,Northgate Imports LLP,Business,United Kingdom,Construction,BR04,Online,Medium,N,372000,2024-04-13
C02944,James Rossi,Individual,Russia,Employee,BR09,Branch,Medium,N,25500,2024-04-04
C02945,Thistle Foods Ltd,Business,United Kingdom,Professional Services,BR03,Online,Low,N,895000,2025-02-15
C02946,Brightwater Imports Ltd,Business,France,Import/Export,BR10,Relationship Manager,Medium,N,1991000,2025-02-23
C02947,Omar Brooks,Individual,Ireland,Employee,BR02,Branch,Low,N,39300,2024-04-26
C02948,Priya Khan,Individual,Ireland,Employee,BR07,Relationship Manager,Low,N,39900,2024-11-24
C02949,Larkspur Logistics Ltd,Business,United Kingdom,Technology,BR05,Relationship Manager,Medium,N,217000,2024-02-07
C02950,Nadia Singh,Individual,United Kingdom,Self-employed,BR03,Branch,Low,N,10000,2025-03-23
C02951,Crest Property Ltd,Business,Ireland,Retail,BR06,Relationship Manager,Low,N,531000,2025-02-20
C02952,Aisha Hughes,Individual,United Kingdom,Student,BR01,Online,Low,N,31900,2024-01-20
C02953,Zara Lopez,Individual,United Kingdom,Employee,BR02,Online,Low,N,24200,2024-03-05
C02954,Pinnacle Trading Ltd,Business,India,Technology,BR02,Online,Low,N,1004000,2025-05-30
C02955,Sofia Brooks,Individual,United Kingdom,Self-employed,BR01,Branch,Low,N,93200,2025-10-19
C02956,Luca Reid,Individual,United Kingdom,Employee,BR01,Branch,Low,N,38400,2025-09-13
C02957,Jack Doyle,Individual,United Kingdom,Employee,BR03,Online,Low,N,18200,2025-02-18
C02958,Priya Carter,Individual,United Kingdom,Employee,BR02,Online,Low,N,24900,2025-01-18
C02959,Hannah Shah,Individual,Nigeria,Student,BR01,Relationship Manager,Medium,N,112000,2025-08-13
C02960,Sofia Carter,Individual,United Kingdom,Employee,BR01,Online,Low,N,100700,2025-09-06
C02961,Nadia Brooks,Individual,Cyprus,Student,BR08,Branch,Medium,N,57400,2025-10-24
C02962,Hannah Brooks,Individual,Pakistan,Employee,BR01,Branch,Medium,N,15700,2024-10-19
C02963,Grace Doyle,Individual,United Kingdom,Employee,BR07,Introducer,Low,N,48200,2024-12-13
C02964,Northgate Logistics PLC,Business,United Kingdom,Retail,BR01,Branch,Low,N,619000,2024-02-27
C02965,Priya Hughes,Individual,United Kingdom,Employee,BR01,Relationship Manager,Low,N,40800,2024-05-08
C02966,Grace Hughes,Individual,United States,Employee,BR04,Branch,Low,N,28500,2024-10-02
C02967,Amir Carter,Individual,Ireland,Self-employed,BR03,Branch,Low,N,32300,2025-08-14
C02968,Maria Wright,Individual,United Kingdom,Director,BR04,Branch,Low,N,27300,2024-11-22
C02969,Meridian Retail PLC,Business,United Kingdom,Professional Services,BR06,Online,Medium,N,2250000,2025-03-05
C02970,Grace Hughes,Individual,United Kingdom,Self-employed,BR02,Online,Low,N,91100,2025-09-24
C02971,Daniel Khan,Individual,United Kingdom,Employee,BR02,Relationship Manager,Low,N,68100,2024-12-13
C02972,Northgate Capital Ltd,Business,United Kingdom,Import/Export,BR08,Online,High,N,5011000,2024-09-01
C02973,Redwood Foods Ltd,Business,United Kingdom,Retail,BR01,Branch,Low,N,159000,2025-06-17
C02974,Pinnacle Holdings Ltd,Business,Nigeria,Money Services,BR07,Online,High,N,203000,2024-08-18
C02975,Oakline Logistics Ltd,Business,United Kingdom,Professional Services,BR05,Online,Low,N,1305000,2024-10-10
C02976,Harbour Consulting Ltd,Business,United Kingdom,Professional Services,BR02,Online,Low,N,939000,2025-10-11
C02977,James Carter,Individual,Ireland,Self-employed,BR02,Relationship Manager,Low,N,66200,2024-11-15
C02978,Luca Hughes,Individual,Hong Kong,Employee,BR03,Introducer,Low,N,41100,2024-07-02
C02979,Olivia Rossi,Individual,United Kingdom,Employee,BR05,Online,Low,N,30900,2025-09-02
C02980,Sofia Singh,Individual,United States,Employee,BR10,Online,Low,N,92000,2025-04-14
C02981,Mei Khan,Individual,United Kingdom,Property Investor,BR02,Online,Low,N,59400,2025-07-15
C02982,Ravi Doyle,Individual,UAE,Employee,BR10,Online,Medium,N,24400,2024-08-26
C02983,Olivia Ali,Individual,United Kingdom,Employee,BR02,Online,Low,N,52700,2025-07-25
C02984,Redwood Motors Ltd,Business,France,Technology,BR01,Branch,Low,N,1821000,2025-11-26
C02985,Redwood Logistics Ltd,Business,United Kingdom,Precious Metals,BR04,Branch,High,N,1059000,2024-04-29
C02986,Zara Carter,Individual,Panama,Employee,BR10,Introducer,Medium,N,23100,2024-05-18
C02987,Luca Shah,Individual,Hong Kong,Self-employed,BR04,Relationship Manager,Low,N,49900,2025-02-16
C02988,Ravi Rossi,Individual,United Kingdom,Employee,BR07,Branch,Low,N,12600,2025-06-13
C02989,Hannah Okafor,Individual,United Kingdom,Employee,BR04,Introducer,Low,N,13900,2024-01-01
C02990,Crest Logistics Ltd,Business,United Kingdom,Hospitality,BR08,Relationship Manager,Medium,N,441000,2025-02-06
C02991,Meridian Motors PLC,Business,United Kingdom,Import/Export,BR08,Branch,Medium,N,1333000,2024-04-03
C02992,Crest Trading Ltd,Business,Germany,Technology,BR06,Relationship Manager,Low,N,31000,2025-12-16
C02993,Thistle Trading Ltd,Business,France,Professional Services,BR05,Introducer,Low,N,555000,2025-06-15
C02994,Kestrel Trading PLC,Business,United Kingdom,Retail,BR04,Online,Low,N,539000,2025-12-27
C02995,Jack Rossi,Individual,United Kingdom,Employee,BR10,Relationship Manager,Low,N,32100,2024-06-08
C02996,Sofia Reid,Individual,United States,Employee,BR05,Online,Low,N,18300,2025-08-03
C02997,Aisha Hughes,Individual,United Kingdom,Employee,BR03,Online,Low,N,31900,2024-10-06
C02998,Olivia Mensah,Individual,Ireland,Self-employed,BR09,Online,Low,N,61400,2024-03-16
C02999,Jack Patel,Individual,United Kingdom,Employee,BR06,Online,Low,N,63000,2024-12-16
C03000,Omar Okafor,Individual,United Kingdom,Director,BR05,Online,Low,N,47000,2024-12-08
