month,branch_id,department,cost_category,budget_gbp,actual_gbp,variance_gbp
2024-01-01,BR01,Retail Banking Ops,Staff,207900,201870,-6030
2024-01-01,BR01,Retail Banking Ops,Technology & Systems,56700,59790,3090
2024-01-01,BR01,Retail Banking Ops,Screening & Data Vendors,22680,21080,-1600
2024-01-01,BR01,Retail Banking Ops,Premises,45360,43850,-1510
2024-01-01,BR01,Retail Banking Ops,Outsourcing,26460,28300,1840
2024-01-01,BR01,Retail Banking Ops,Training,7560,7520,-40
2024-01-01,BR01,Retail Banking Ops,Other,11340,11420,80
2024-01-01,BR01,KYC & Onboarding,Staff,93560,88300,-5260
2024-01-01,BR01,KYC & Onboarding,Technology & Systems,25520,24080,-1440
2024-01-01,BR01,KYC & Onboarding,Screening & Data Vendors,10210,10400,190
2024-01-01,BR01,KYC & Onboarding,Premises,20410,21860,1450
2024-01-01,BR01,KYC & Onboarding,Outsourcing,11910,11340,-570
2024-01-01,BR01,KYC & Onboarding,Training,3400,3510,110
2024-01-01,BR01,KYC & Onboarding,Other,5100,5370,270
2024-01-01,BR01,AML & Financial Crime,Staff,103950,100470,-3480
2024-01-01,BR01,AML & Financial Crime,Technology & Systems,28350,29540,1190
2024-01-01,BR01,AML & Financial Crime,Screening & Data Vendors,11340,12290,950
2024-01-01,BR01,AML & Financial Crime,Premises,22680,23890,1210
2024-01-01,BR01,AML & Financial Crime,Outsourcing,13230,12940,-290
2024-01-01,BR01,AML & Financial Crime,Training,3780,3730,-50
2024-01-01,BR01,AML & Financial Crime,Other,5670,5980,310
2024-01-01,BR01,Payments Ops,Staff,72760,77250,4490
2024-01-01,BR01,Payments Ops,Technology & Systems,19840,18640,-1200
2024-01-01,BR01,Payments Ops,Screening & Data Vendors,7940,8240,300
2024-01-01,BR01,Payments Ops,Premises,15880,15270,-610
2024-01-01,BR01,Payments Ops,Outsourcing,9260,8500,-760
2024-01-01,BR01,Payments Ops,Training,2650,2510,-140
2024-01-01,BR01,Payments Ops,Other,3970,4100,130
2024-01-01,BR01,IT & Technology,Staff,124740,117340,-7400
2024-01-01,BR01,IT & Technology,Technology & Systems,34020,34480,460
2024-01-01,BR01,IT & Technology,Screening & Data Vendors,13610,13300,-310
2024-01-01,BR01,IT & Technology,Premises,27220,25790,-1430
2024-01-01,BR01,IT & Technology,Outsourcing,15880,16360,480
2024-01-01,BR01,IT & Technology,Training,4540,4290,-250
2024-01-01,BR01,IT & Technology,Other,6800,7060,260
2024-01-01,BR01,Compliance,Staff,62370,63670,1300
2024-01-01,BR01,Compliance,Technology & Systems,17010,16010,-1000
2024-01-01,BR01,Compliance,Screening & Data Vendors,6800,7130,330
2024-01-01,BR01,Compliance,Premises,13610,13070,-540
2024-01-01,BR01,Compliance,Outsourcing,7940,8500,560
2024-01-01,BR01,Compliance,Training,2270,2400,130
2024-01-01,BR01,Compliance,Other,3400,3220,-180
2024-02-01,BR01,Retail Banking Ops,Staff,207900,209070,1170
2024-02-01,BR01,Retail Banking Ops,Technology & Systems,56700,55240,-1460
2024-02-01,BR01,Retail Banking Ops,Screening & Data Vendors,22680,23770,1090
2024-02-01,BR01,Retail Banking Ops,Premises,45360,43340,-2020
2024-02-01,BR01,Retail Banking Ops,Outsourcing,26460,27740,1280
2024-02-01,BR01,Retail Banking Ops,Training,7560,7930,370
2024-02-01,BR01,Retail Banking Ops,Other,11340,12370,1030
2024-02-01,BR01,KYC & Onboarding,Staff,93560,99420,5860
2024-02-01,BR01,KYC & Onboarding,Technology & Systems,25520,25100,-420
2024-02-01,BR01,KYC & Onboarding,Screening & Data Vendors,10210,11280,1070
2024-02-01,BR01,KYC & Onboarding,Premises,20410,22100,1690
2024-02-01,BR01,KYC & Onboarding,Outsourcing,11910,11750,-160
2024-02-01,BR01,KYC & Onboarding,Training,3400,3360,-40
2024-02-01,BR01,KYC & Onboarding,Other,5100,5250,150
2024-02-01,BR01,AML & Financial Crime,Staff,103950,111890,7940
2024-02-01,BR01,AML & Financial Crime,Technology & Systems,28350,28250,-100
2024-02-01,BR01,AML & Financial Crime,Screening & Data Vendors,11340,11020,-320
2024-02-01,BR01,AML & Financial Crime,Premises,22680,22370,-310
2024-02-01,BR01,AML & Financial Crime,Outsourcing,13230,13860,630
2024-02-01,BR01,AML & Financial Crime,Training,3780,3570,-210
2024-02-01,BR01,AML & Financial Crime,Other,5670,5830,160
2024-02-01,BR01,Payments Ops,Staff,72760,71110,-1650
2024-02-01,BR01,Payments Ops,Technology & Systems,19840,21710,1870
2024-02-01,BR01,Payments Ops,Screening & Data Vendors,7940,7470,-470
2024-02-01,BR01,Payments Ops,Premises,15880,15220,-660
2024-02-01,BR01,Payments Ops,Outsourcing,9260,8440,-820
2024-02-01,BR01,Payments Ops,Training,2650,2790,140
2024-02-01,BR01,Payments Ops,Other,3970,3820,-150
2024-02-01,BR01,IT & Technology,Staff,124740,138840,14100
2024-02-01,BR01,IT & Technology,Technology & Systems,34020,34800,780
2024-02-01,BR01,IT & Technology,Screening & Data Vendors,13610,12480,-1130
2024-02-01,BR01,IT & Technology,Premises,27220,26870,-350
2024-02-01,BR01,IT & Technology,Outsourcing,15880,15680,-200
2024-02-01,BR01,IT & Technology,Training,4540,4190,-350
2024-02-01,BR01,IT & Technology,Other,6800,7270,470
2024-02-01,BR01,Compliance,Staff,62370,61450,-920
2024-02-01,BR01,Compliance,Technology & Systems,17010,18320,1310
2024-02-01,BR01,Compliance,Screening & Data Vendors,6800,6200,-600
2024-02-01,BR01,Compliance,Premises,13610,13920,310
2024-02-01,BR01,Compliance,Outsourcing,7940,8210,270
2024-02-01,BR01,Compliance,Training,2270,2170,-100
2024-02-01,BR01,Compliance,Other,3400,3480,80
2024-03-01,BR01,Retail Banking Ops,Staff,207900,213250,5350
2024-03-01,BR01,Retail Banking Ops,Technology & Systems,56700,54910,-1790
2024-03-01,BR01,Retail Banking Ops,Screening & Data Vendors,22680,22110,-570
2024-03-01,BR01,Retail Banking Ops,Premises,45360,44360,-1000
2024-03-01,BR01,Retail Banking Ops,Outsourcing,26460,26870,410
2024-03-01,BR01,Retail Banking Ops,Training,7560,7490,-70
2024-03-01,BR01,Retail Banking Ops,Other,11340,12480,1140
2024-03-01,BR01,KYC & Onboarding,Staff,93560,89590,-3970
2024-03-01,BR01,KYC & Onboarding,Technology & Systems,25520,25100,-420
2024-03-01,BR01,KYC & Onboarding,Screening & Data Vendors,10210,9810,-400
2024-03-01,BR01,KYC & Onboarding,Premises,20410,20910,500
2024-03-01,BR01,KYC & Onboarding,Outsourcing,11910,12950,1040
2024-03-01,BR01,KYC & Onboarding,Training,3400,3650,250
2024-03-01,BR01,KYC & Onboarding,Other,5100,5290,190
2024-03-01,BR01,AML & Financial Crime,Staff,103950,105480,1530
2024-03-01,BR01,AML & Financial Crime,Technology & Systems,28350,28920,570
2024-03-01,BR01,AML & Financial Crime,Screening & Data Vendors,11340,12500,1160
2024-03-01,BR01,AML & Financial Crime,Premises,22680,24390,1710
2024-03-01,BR01,AML & Financial Crime,Outsourcing,13230,12630,-600
2024-03-01,BR01,AML & Financial Crime,Training,3780,4000,220
2024-03-01,BR01,AML & Financial Crime,Other,5670,5800,130
2024-03-01,BR01,Payments Ops,Staff,72760,67590,-5170
2024-03-01,BR01,Payments Ops,Technology & Systems,19840,19720,-120
2024-03-01,BR01,Payments Ops,Screening & Data Vendors,7940,8430,490
2024-03-01,BR01,Payments Ops,Premises,15880,16280,400
2024-03-01,BR01,Payments Ops,Outsourcing,9260,8790,-470
2024-03-01,BR01,Payments Ops,Training,2650,2800,150
2024-03-01,BR01,Payments Ops,Other,3970,4060,90
2024-03-01,BR01,IT & Technology,Staff,124740,129990,5250
2024-03-01,BR01,IT & Technology,Technology & Systems,34020,31820,-2200
2024-03-01,BR01,IT & Technology,Screening & Data Vendors,13610,12990,-620
2024-03-01,BR01,IT & Technology,Premises,27220,28300,1080
2024-03-01,BR01,IT & Technology,Outsourcing,15880,16060,180
2024-03-01,BR01,IT & Technology,Training,4540,4750,210
2024-03-01,BR01,IT & Technology,Other,6800,6920,120
2024-03-01,BR01,Compliance,Staff,62370,65350,2980
2024-03-01,BR01,Compliance,Technology & Systems,17010,15050,-1960
2024-03-01,BR01,Compliance,Screening & Data Vendors,6800,6650,-150
2024-03-01,BR01,Compliance,Premises,13610,13690,80
2024-03-01,BR01,Compliance,Outsourcing,7940,8510,570
2024-03-01,BR01,Compliance,Training,2270,2250,-20
2024-03-01,BR01,Compliance,Other,3400,3470,70
2024-04-01,BR01,Retail Banking Ops,Staff,207900,219830,11930
2024-04-01,BR01,Retail Banking Ops,Technology & Systems,56700,54320,-2380
2024-04-01,BR01,Retail Banking Ops,Screening & Data Vendors,22680,22600,-80
2024-04-01,BR01,Retail Banking Ops,Premises,45360,44670,-690
2024-04-01,BR01,Retail Banking Ops,Outsourcing,26460,26240,-220
2024-04-01,BR01,Retail Banking Ops,Training,7560,7240,-320
2024-04-01,BR01,Retail Banking Ops,Other,11340,10960,-380
2024-04-01,BR01,KYC & Onboarding,Staff,93560,103380,9820
2024-04-01,BR01,KYC & Onboarding,Technology & Systems,25520,25710,190
2024-04-01,BR01,KYC & Onboarding,Screening & Data Vendors,10210,9680,-530
2024-04-01,BR01,KYC & Onboarding,Premises,20410,21100,690
2024-04-01,BR01,KYC & Onboarding,Outsourcing,11910,12020,110
2024-04-01,BR01,KYC & Onboarding,Training,3400,3620,220
2024-04-01,BR01,KYC & Onboarding,Other,5100,5650,550
2024-04-01,BR01,AML & Financial Crime,Staff,103950,113470,9520
2024-04-01,BR01,AML & Financial Crime,Technology & Systems,28350,30660,2310
2024-04-01,BR01,AML & Financial Crime,Screening & Data Vendors,11340,11540,200
2024-04-01,BR01,AML & Financial Crime,Premises,22680,25820,3140
2024-04-01,BR01,AML & Financial Crime,Outsourcing,13230,13800,570
2024-04-01,BR01,AML & Financial Crime,Training,3780,3910,130
2024-04-01,BR01,AML & Financial Crime,Other,5670,5920,250
2024-04-01,BR01,Payments Ops,Staff,72760,74930,2170
2024-04-01,BR01,Payments Ops,Technology & Systems,19840,20040,200
2024-04-01,BR01,Payments Ops,Screening & Data Vendors,7940,8010,70
2024-04-01,BR01,Payments Ops,Premises,15880,15830,-50
2024-04-01,BR01,Payments Ops,Outsourcing,9260,8810,-450
2024-04-01,BR01,Payments Ops,Training,2650,2540,-110
2024-04-01,BR01,Payments Ops,Other,3970,3990,20
2024-04-01,BR01,IT & Technology,Staff,124740,134460,9720
2024-04-01,BR01,IT & Technology,Technology & Systems,34020,32560,-1460
2024-04-01,BR01,IT & Technology,Screening & Data Vendors,13610,15240,1630
2024-04-01,BR01,IT & Technology,Premises,27220,26290,-930
2024-04-01,BR01,IT & Technology,Outsourcing,15880,17060,1180
2024-04-01,BR01,IT & Technology,Training,4540,4700,160
2024-04-01,BR01,IT & Technology,Other,6800,6640,-160
2024-04-01,BR01,Compliance,Staff,62370,60340,-2030
2024-04-01,BR01,Compliance,Technology & Systems,17010,17680,670
2024-04-01,BR01,Compliance,Screening & Data Vendors,6800,7060,260
2024-04-01,BR01,Compliance,Premises,13610,15010,1400
2024-04-01,BR01,Compliance,Outsourcing,7940,8620,680
2024-04-01,BR01,Compliance,Training,2270,2380,110
2024-04-01,BR01,Compliance,Other,3400,3520,120
2024-05-01,BR01,Retail Banking Ops,Staff,207900,212480,4580
2024-05-01,BR01,Retail Banking Ops,Technology & Systems,56700,53590,-3110
2024-05-01,BR01,Retail Banking Ops,Screening & Data Vendors,22680,21320,-1360
2024-05-01,BR01,Retail Banking Ops,Premises,45360,47270,1910
2024-05-01,BR01,Retail Banking Ops,Outsourcing,26460,28860,2400
2024-05-01,BR01,Retail Banking Ops,Training,7560,7750,190
2024-05-01,BR01,Retail Banking Ops,Other,11340,10430,-910
2024-05-01,BR01,KYC & Onboarding,Staff,93560,106770,13210
2024-05-01,BR01,KYC & Onboarding,Technology & Systems,25520,27660,2140
2024-05-01,BR01,KYC & Onboarding,Screening & Data Vendors,10210,10540,330
2024-05-01,BR01,KYC & Onboarding,Premises,20410,23170,2760
2024-05-01,BR01,KYC & Onboarding,Outsourcing,11910,11570,-340
2024-05-01,BR01,KYC & Onboarding,Training,3400,3460,60
2024-05-01,BR01,KYC & Onboarding,Other,5100,5130,30
2024-05-01,BR01,AML & Financial Crime,Staff,103950,105790,1840
2024-05-01,BR01,AML & Financial Crime,Technology & Systems,28350,30330,1980
2024-05-01,BR01,AML & Financial Crime,Screening & Data Vendors,11340,11850,510
2024-05-01,BR01,AML & Financial Crime,Premises,22680,23310,630
2024-05-01,BR01,AML & Financial Crime,Outsourcing,13230,14820,1590
2024-05-01,BR01,AML & Financial Crime,Training,3780,3530,-250
2024-05-01,BR01,AML & Financial Crime,Other,5670,6540,870
2024-05-01,BR01,Payments Ops,Staff,72760,74610,1850
2024-05-01,BR01,Payments Ops,Technology & Systems,19840,17710,-2130
2024-05-01,BR01,Payments Ops,Screening & Data Vendors,7940,8320,380
2024-05-01,BR01,Payments Ops,Premises,15880,16110,230
2024-05-01,BR01,Payments Ops,Outsourcing,9260,8950,-310
2024-05-01,BR01,Payments Ops,Training,2650,2610,-40
2024-05-01,BR01,Payments Ops,Other,3970,4040,70
2024-05-01,BR01,IT & Technology,Staff,124740,127260,2520
2024-05-01,BR01,IT & Technology,Technology & Systems,34020,35130,1110
2024-05-01,BR01,IT & Technology,Screening & Data Vendors,13610,13110,-500
2024-05-01,BR01,IT & Technology,Premises,27220,27090,-130
2024-05-01,BR01,IT & Technology,Outsourcing,15880,16640,760
2024-05-01,BR01,IT & Technology,Training,4540,4710,170
2024-05-01,BR01,IT & Technology,Other,6800,7160,360
2024-05-01,BR01,Compliance,Staff,62370,63710,1340
2024-05-01,BR01,Compliance,Technology & Systems,17010,17370,360
2024-05-01,BR01,Compliance,Screening & Data Vendors,6800,7410,610
2024-05-01,BR01,Compliance,Premises,13610,13720,110
2024-05-01,BR01,Compliance,Outsourcing,7940,8770,830
2024-05-01,BR01,Compliance,Training,2270,2180,-90
2024-05-01,BR01,Compliance,Other,3400,3290,-110
2024-06-01,BR01,Retail Banking Ops,Staff,207900,231440,23540
2024-06-01,BR01,Retail Banking Ops,Technology & Systems,56700,55780,-920
2024-06-01,BR01,Retail Banking Ops,Screening & Data Vendors,22680,22350,-330
2024-06-01,BR01,Retail Banking Ops,Premises,45360,43930,-1430
2024-06-01,BR01,Retail Banking Ops,Outsourcing,26460,28270,1810
2024-06-01,BR01,Retail Banking Ops,Training,7560,8050,490
2024-06-01,BR01,Retail Banking Ops,Other,11340,11890,550
2024-06-01,BR01,KYC & Onboarding,Staff,93560,98090,4530
2024-06-01,BR01,KYC & Onboarding,Technology & Systems,25520,25380,-140
2024-06-01,BR01,KYC & Onboarding,Screening & Data Vendors,10210,10030,-180
2024-06-01,BR01,KYC & Onboarding,Premises,20410,21070,660
2024-06-01,BR01,KYC & Onboarding,Outsourcing,11910,12710,800
2024-06-01,BR01,KYC & Onboarding,Training,3400,3590,190
2024-06-01,BR01,KYC & Onboarding,Other,5100,5610,510
2024-06-01,BR01,AML & Financial Crime,Staff,103950,109210,5260
2024-06-01,BR01,AML & Financial Crime,Technology & Systems,28350,31790,3440
2024-06-01,BR01,AML & Financial Crime,Screening & Data Vendors,11340,11120,-220
2024-06-01,BR01,AML & Financial Crime,Premises,22680,23730,1050
2024-06-01,BR01,AML & Financial Crime,Outsourcing,13230,13590,360
2024-06-01,BR01,AML & Financial Crime,Training,3780,4000,220
2024-06-01,BR01,AML & Financial Crime,Other,5670,6420,750
2024-06-01,BR01,Payments Ops,Staff,72760,69630,-3130
2024-06-01,BR01,Payments Ops,Technology & Systems,19840,20810,970
2024-06-01,BR01,Payments Ops,Screening & Data Vendors,7940,8830,890
2024-06-01,BR01,Payments Ops,Premises,15880,16510,630
2024-06-01,BR01,Payments Ops,Outsourcing,9260,10090,830
2024-06-01,BR01,Payments Ops,Training,2650,2570,-80
2024-06-01,BR01,Payments Ops,Other,3970,4230,260
2024-06-01,BR01,IT & Technology,Staff,124740,113520,-11220
2024-06-01,BR01,IT & Technology,Technology & Systems,34020,35660,1640
2024-06-01,BR01,IT & Technology,Screening & Data Vendors,13610,13180,-430
2024-06-01,BR01,IT & Technology,Premises,27220,26390,-830
2024-06-01,BR01,IT & Technology,Outsourcing,15880,14490,-1390
2024-06-01,BR01,IT & Technology,Training,4540,4700,160
2024-06-01,BR01,IT & Technology,Other,6800,6750,-50
2024-06-01,BR01,Compliance,Staff,62370,67300,4930
2024-06-01,BR01,Compliance,Technology & Systems,17010,18070,1060
2024-06-01,BR01,Compliance,Screening & Data Vendors,6800,7140,340
2024-06-01,BR01,Compliance,Premises,13610,14620,1010
2024-06-01,BR01,Compliance,Outsourcing,7940,8180,240
2024-06-01,BR01,Compliance,Training,2270,2540,270
2024-06-01,BR01,Compliance,Other,3400,3510,110
2024-07-01,BR01,Retail Banking Ops,Staff,207900,218930,11030
2024-07-01,BR01,Retail Banking Ops,Technology & Systems,56700,60760,4060
2024-07-01,BR01,Retail Banking Ops,Screening & Data Vendors,22680,21760,-920
2024-07-01,BR01,Retail Banking Ops,Premises,45360,47540,2180
2024-07-01,BR01,Retail Banking Ops,Outsourcing,26460,26380,-80
2024-07-01,BR01,Retail Banking Ops,Training,7560,7740,180
2024-07-01,BR01,Retail Banking Ops,Other,11340,11360,20
2024-07-01,BR01,KYC & Onboarding,Staff,93560,101000,7440
2024-07-01,BR01,KYC & Onboarding,Technology & Systems,25520,26340,820
2024-07-01,BR01,KYC & Onboarding,Screening & Data Vendors,10210,10340,130
2024-07-01,BR01,KYC & Onboarding,Premises,20410,20730,320
2024-07-01,BR01,KYC & Onboarding,Outsourcing,11910,13030,1120
2024-07-01,BR01,KYC & Onboarding,Training,3400,3880,480
2024-07-01,BR01,KYC & Onboarding,Other,5100,5610,510
2024-07-01,BR01,AML & Financial Crime,Staff,103950,116590,12640
2024-07-01,BR01,AML & Financial Crime,Technology & Systems,28350,31530,3180
2024-07-01,BR01,AML & Financial Crime,Screening & Data Vendors,11340,11910,570
2024-07-01,BR01,AML & Financial Crime,Premises,22680,24630,1950
2024-07-01,BR01,AML & Financial Crime,Outsourcing,13230,14190,960
2024-07-01,BR01,AML & Financial Crime,Training,3780,4140,360
2024-07-01,BR01,AML & Financial Crime,Other,5670,5800,130
2024-07-01,BR01,Payments Ops,Staff,72760,80070,7310
2024-07-01,BR01,Payments Ops,Technology & Systems,19840,21120,1280
2024-07-01,BR01,Payments Ops,Screening & Data Vendors,7940,7630,-310
2024-07-01,BR01,Payments Ops,Premises,15880,15900,20
2024-07-01,BR01,Payments Ops,Outsourcing,9260,10090,830
2024-07-01,BR01,Payments Ops,Training,2650,2730,80
2024-07-01,BR01,Payments Ops,Other,3970,4490,520
2024-07-01,BR01,IT & Technology,Staff,124740,120900,-3840
2024-07-01,BR01,IT & Technology,Technology & Systems,34020,34900,880
2024-07-01,BR01,IT & Technology,Screening & Data Vendors,13610,15290,1680
2024-07-01,BR01,IT & Technology,Premises,27220,28550,1330
2024-07-01,BR01,IT & Technology,Outsourcing,15880,16650,770
2024-07-01,BR01,IT & Technology,Training,4540,4860,320
2024-07-01,BR01,IT & Technology,Other,6800,7880,1080
2024-07-01,BR01,Compliance,Staff,62370,65360,2990
2024-07-01,BR01,Compliance,Technology & Systems,17010,16590,-420
2024-07-01,BR01,Compliance,Screening & Data Vendors,6800,6810,10
2024-07-01,BR01,Compliance,Premises,13610,14450,840
2024-07-01,BR01,Compliance,Outsourcing,7940,8150,210
2024-07-01,BR01,Compliance,Training,2270,2390,120
2024-07-01,BR01,Compliance,Other,3400,3520,120
2024-08-01,BR01,Retail Banking Ops,Staff,207900,202590,-5310
2024-08-01,BR01,Retail Banking Ops,Technology & Systems,56700,57620,920
2024-08-01,BR01,Retail Banking Ops,Screening & Data Vendors,22680,24510,1830
2024-08-01,BR01,Retail Banking Ops,Premises,45360,43040,-2320
2024-08-01,BR01,Retail Banking Ops,Outsourcing,26460,29160,2700
2024-08-01,BR01,Retail Banking Ops,Training,7560,7660,100
2024-08-01,BR01,Retail Banking Ops,Other,11340,11850,510
2024-08-01,BR01,KYC & Onboarding,Staff,93560,101850,8290
2024-08-01,BR01,KYC & Onboarding,Technology & Systems,25520,26190,670
2024-08-01,BR01,KYC & Onboarding,Screening & Data Vendors,10210,11290,1080
2024-08-01,BR01,KYC & Onboarding,Premises,20410,21230,820
2024-08-01,BR01,KYC & Onboarding,Outsourcing,11910,13700,1790
2024-08-01,BR01,KYC & Onboarding,Training,3400,3790,390
2024-08-01,BR01,KYC & Onboarding,Other,5100,5550,450
2024-08-01,BR01,AML & Financial Crime,Staff,103950,123690,19740
2024-08-01,BR01,AML & Financial Crime,Technology & Systems,28350,28810,460
2024-08-01,BR01,AML & Financial Crime,Screening & Data Vendors,11340,12410,1070
2024-08-01,BR01,AML & Financial Crime,Premises,22680,25770,3090
2024-08-01,BR01,AML & Financial Crime,Outsourcing,13230,14560,1330
2024-08-01,BR01,AML & Financial Crime,Training,3780,4350,570
2024-08-01,BR01,AML & Financial Crime,Other,5670,6150,480
2024-08-01,BR01,Payments Ops,Staff,72760,74970,2210
2024-08-01,BR01,Payments Ops,Technology & Systems,19840,21650,1810
2024-08-01,BR01,Payments Ops,Screening & Data Vendors,7940,7740,-200
2024-08-01,BR01,Payments Ops,Premises,15880,18910,3030
2024-08-01,BR01,Payments Ops,Outsourcing,9260,9600,340
2024-08-01,BR01,Payments Ops,Training,2650,2810,160
2024-08-01,BR01,Payments Ops,Other,3970,4100,130
2024-08-01,BR01,IT & Technology,Staff,124740,118970,-5770
2024-08-01,BR01,IT & Technology,Technology & Systems,34020,34440,420
2024-08-01,BR01,IT & Technology,Screening & Data Vendors,13610,13080,-530
2024-08-01,BR01,IT & Technology,Premises,27220,27590,370
2024-08-01,BR01,IT & Technology,Outsourcing,15880,17790,1910
2024-08-01,BR01,IT & Technology,Training,4540,4740,200
2024-08-01,BR01,IT & Technology,Other,6800,6940,140
2024-08-01,BR01,Compliance,Staff,62370,69620,7250
2024-08-01,BR01,Compliance,Technology & Systems,17010,18450,1440
2024-08-01,BR01,Compliance,Screening & Data Vendors,6800,7440,640
2024-08-01,BR01,Compliance,Premises,13610,15460,1850
2024-08-01,BR01,Compliance,Outsourcing,7940,7990,50
2024-08-01,BR01,Compliance,Training,2270,2400,130
2024-08-01,BR01,Compliance,Other,3400,3330,-70
2024-09-01,BR01,Retail Banking Ops,Staff,207900,200540,-7360
2024-09-01,BR01,Retail Banking Ops,Technology & Systems,56700,62440,5740
2024-09-01,BR01,Retail Banking Ops,Screening & Data Vendors,22680,24520,1840
2024-09-01,BR01,Retail Banking Ops,Premises,45360,44780,-580
2024-09-01,BR01,Retail Banking Ops,Outsourcing,26460,26860,400
2024-09-01,BR01,Retail Banking Ops,Training,7560,7680,120
2024-09-01,BR01,Retail Banking Ops,Other,11340,11590,250
2024-09-01,BR01,KYC & Onboarding,Staff,93560,91020,-2540
2024-09-01,BR01,KYC & Onboarding,Technology & Systems,25520,26880,1360
2024-09-01,BR01,KYC & Onboarding,Screening & Data Vendors,10210,11430,1220
2024-09-01,BR01,KYC & Onboarding,Premises,20410,23140,2730
2024-09-01,BR01,KYC & Onboarding,Outsourcing,11910,12270,360
2024-09-01,BR01,KYC & Onboarding,Training,3400,3630,230
2024-09-01,BR01,KYC & Onboarding,Other,5100,5270,170
2024-09-01,BR01,AML & Financial Crime,Staff,103950,114690,10740
2024-09-01,BR01,AML & Financial Crime,Technology & Systems,28350,31230,2880
2024-09-01,BR01,AML & Financial Crime,Screening & Data Vendors,11340,11960,620
2024-09-01,BR01,AML & Financial Crime,Premises,22680,25290,2610
2024-09-01,BR01,AML & Financial Crime,Outsourcing,13230,14340,1110
2024-09-01,BR01,AML & Financial Crime,Training,3780,4750,970
2024-09-01,BR01,AML & Financial Crime,Other,5670,6080,410
2024-09-01,BR01,Payments Ops,Staff,72760,78480,5720
2024-09-01,BR01,Payments Ops,Technology & Systems,19840,22100,2260
2024-09-01,BR01,Payments Ops,Screening & Data Vendors,7940,8460,520
2024-09-01,BR01,Payments Ops,Premises,15880,16850,970
2024-09-01,BR01,Payments Ops,Outsourcing,9260,9710,450
2024-09-01,BR01,Payments Ops,Training,2650,2680,30
2024-09-01,BR01,Payments Ops,Other,3970,3550,-420
2024-09-01,BR01,IT & Technology,Staff,124740,131430,6690
2024-09-01,BR01,IT & Technology,Technology & Systems,34020,35110,1090
2024-09-01,BR01,IT & Technology,Screening & Data Vendors,13610,14490,880
2024-09-01,BR01,IT & Technology,Premises,27220,27700,480
2024-09-01,BR01,IT & Technology,Outsourcing,15880,16200,320
2024-09-01,BR01,IT & Technology,Training,4540,4260,-280
2024-09-01,BR01,IT & Technology,Other,6800,7060,260
2024-09-01,BR01,Compliance,Staff,62370,65370,3000
2024-09-01,BR01,Compliance,Technology & Systems,17010,16120,-890
2024-09-01,BR01,Compliance,Screening & Data Vendors,6800,6990,190
2024-09-01,BR01,Compliance,Premises,13610,14320,710
2024-09-01,BR01,Compliance,Outsourcing,7940,7280,-660
2024-09-01,BR01,Compliance,Training,2270,2600,330
2024-09-01,BR01,Compliance,Other,3400,3590,190
2024-10-01,BR01,Retail Banking Ops,Staff,207900,212530,4630
2024-10-01,BR01,Retail Banking Ops,Technology & Systems,56700,57590,890
2024-10-01,BR01,Retail Banking Ops,Screening & Data Vendors,22680,21990,-690
2024-10-01,BR01,Retail Banking Ops,Premises,45360,48220,2860
2024-10-01,BR01,Retail Banking Ops,Outsourcing,26460,28930,2470
2024-10-01,BR01,Retail Banking Ops,Training,7560,7330,-230
2024-10-01,BR01,Retail Banking Ops,Other,11340,12440,1100
2024-10-01,BR01,KYC & Onboarding,Staff,93560,101770,8210
2024-10-01,BR01,KYC & Onboarding,Technology & Systems,25520,27710,2190
2024-10-01,BR01,KYC & Onboarding,Screening & Data Vendors,10210,12430,2220
2024-10-01,BR01,KYC & Onboarding,Premises,20410,22290,1880
2024-10-01,BR01,KYC & Onboarding,Outsourcing,11910,13580,1670
2024-10-01,BR01,KYC & Onboarding,Training,3400,3780,380
2024-10-01,BR01,KYC & Onboarding,Other,5100,5140,40
2024-10-01,BR01,AML & Financial Crime,Staff,103950,108160,4210
2024-10-01,BR01,AML & Financial Crime,Technology & Systems,28350,31740,3390
2024-10-01,BR01,AML & Financial Crime,Screening & Data Vendors,11340,12260,920
2024-10-01,BR01,AML & Financial Crime,Premises,22680,24750,2070
2024-10-01,BR01,AML & Financial Crime,Outsourcing,13230,14800,1570
2024-10-01,BR01,AML & Financial Crime,Training,3780,3740,-40
2024-10-01,BR01,AML & Financial Crime,Other,5670,5900,230
2024-10-01,BR01,Payments Ops,Staff,72760,75110,2350
2024-10-01,BR01,Payments Ops,Technology & Systems,19840,20000,160
2024-10-01,BR01,Payments Ops,Screening & Data Vendors,7940,7970,30
2024-10-01,BR01,Payments Ops,Premises,15880,17230,1350
2024-10-01,BR01,Payments Ops,Outsourcing,9260,9480,220
2024-10-01,BR01,Payments Ops,Training,2650,2560,-90
2024-10-01,BR01,Payments Ops,Other,3970,4490,520
2024-10-01,BR01,IT & Technology,Staff,124740,134460,9720
2024-10-01,BR01,IT & Technology,Technology & Systems,34020,37490,3470
2024-10-01,BR01,IT & Technology,Screening & Data Vendors,13610,13510,-100
2024-10-01,BR01,IT & Technology,Premises,27220,28010,790
2024-10-01,BR01,IT & Technology,Outsourcing,15880,14750,-1130
2024-10-01,BR01,IT & Technology,Training,4540,4850,310
2024-10-01,BR01,IT & Technology,Other,6800,7530,730
2024-10-01,BR01,Compliance,Staff,62370,62140,-230
2024-10-01,BR01,Compliance,Technology & Systems,17010,16430,-580
2024-10-01,BR01,Compliance,Screening & Data Vendors,6800,6640,-160
2024-10-01,BR01,Compliance,Premises,13610,14580,970
2024-10-01,BR01,Compliance,Outsourcing,7940,8830,890
2024-10-01,BR01,Compliance,Training,2270,2510,240
2024-10-01,BR01,Compliance,Other,3400,3520,120
2024-11-01,BR01,Retail Banking Ops,Staff,207900,195130,-12770
2024-11-01,BR01,Retail Banking Ops,Technology & Systems,56700,64130,7430
2024-11-01,BR01,Retail Banking Ops,Screening & Data Vendors,22680,22020,-660
2024-11-01,BR01,Retail Banking Ops,Premises,45360,47040,1680
2024-11-01,BR01,Retail Banking Ops,Outsourcing,26460,28340,1880
2024-11-01,BR01,Retail Banking Ops,Training,7560,7170,-390
2024-11-01,BR01,Retail Banking Ops,Other,11340,12510,1170
2024-11-01,BR01,KYC & Onboarding,Staff,93560,111150,17590
2024-11-01,BR01,KYC & Onboarding,Technology & Systems,25520,27840,2320
2024-11-01,BR01,KYC & Onboarding,Screening & Data Vendors,10210,10940,730
2024-11-01,BR01,KYC & Onboarding,Premises,20410,23520,3110
2024-11-01,BR01,KYC & Onboarding,Outsourcing,11910,13370,1460
2024-11-01,BR01,KYC & Onboarding,Training,3400,4010,610
2024-11-01,BR01,KYC & Onboarding,Other,5100,5840,740
2024-11-01,BR01,AML & Financial Crime,Staff,103950,125560,21610
2024-11-01,BR01,AML & Financial Crime,Technology & Systems,28350,31270,2920
2024-11-01,BR01,AML & Financial Crime,Screening & Data Vendors,11340,12310,970
2024-11-01,BR01,AML & Financial Crime,Premises,22680,25710,3030
2024-11-01,BR01,AML & Financial Crime,Outsourcing,13230,14590,1360
2024-11-01,BR01,AML & Financial Crime,Training,3780,4210,430
2024-11-01,BR01,AML & Financial Crime,Other,5670,6410,740
2024-11-01,BR01,Payments Ops,Staff,72760,78010,5250
2024-11-01,BR01,Payments Ops,Technology & Systems,19840,19950,110
2024-11-01,BR01,Payments Ops,Screening & Data Vendors,7940,7830,-110
2024-11-01,BR01,Payments Ops,Premises,15880,15350,-530
2024-11-01,BR01,Payments Ops,Outsourcing,9260,9900,640
2024-11-01,BR01,Payments Ops,Training,2650,2830,180
2024-11-01,BR01,Payments Ops,Other,3970,4230,260
2024-11-01,BR01,IT & Technology,Staff,124740,130450,5710
2024-11-01,BR01,IT & Technology,Technology & Systems,34020,36140,2120
2024-11-01,BR01,IT & Technology,Screening & Data Vendors,13610,13470,-140
2024-11-01,BR01,IT & Technology,Premises,27220,31270,4050
2024-11-01,BR01,IT & Technology,Outsourcing,15880,16540,660
2024-11-01,BR01,IT & Technology,Training,4540,4860,320
2024-11-01,BR01,IT & Technology,Other,6800,7240,440
2024-11-01,BR01,Compliance,Staff,62370,62010,-360
2024-11-01,BR01,Compliance,Technology & Systems,17010,18520,1510
2024-11-01,BR01,Compliance,Screening & Data Vendors,6800,6700,-100
2024-11-01,BR01,Compliance,Premises,13610,14690,1080
2024-11-01,BR01,Compliance,Outsourcing,7940,8400,460
2024-11-01,BR01,Compliance,Training,2270,2400,130
2024-11-01,BR01,Compliance,Other,3400,3390,-10
2024-12-01,BR01,Retail Banking Ops,Staff,207900,221190,13290
2024-12-01,BR01,Retail Banking Ops,Technology & Systems,56700,58320,1620
2024-12-01,BR01,Retail Banking Ops,Screening & Data Vendors,22680,23110,430
2024-12-01,BR01,Retail Banking Ops,Premises,45360,47180,1820
2024-12-01,BR01,Retail Banking Ops,Outsourcing,26460,28340,1880
2024-12-01,BR01,Retail Banking Ops,Training,7560,8240,680
2024-12-01,BR01,Retail Banking Ops,Other,11340,10870,-470
2024-12-01,BR01,KYC & Onboarding,Staff,93560,96780,3220
2024-12-01,BR01,KYC & Onboarding,Technology & Systems,25520,31330,5810
2024-12-01,BR01,KYC & Onboarding,Screening & Data Vendors,10210,10730,520
2024-12-01,BR01,KYC & Onboarding,Premises,20410,23720,3310
2024-12-01,BR01,KYC & Onboarding,Outsourcing,11910,13640,1730
2024-12-01,BR01,KYC & Onboarding,Training,3400,3810,410
2024-12-01,BR01,KYC & Onboarding,Other,5100,5690,590
2024-12-01,BR01,AML & Financial Crime,Staff,103950,116280,12330
2024-12-01,BR01,AML & Financial Crime,Technology & Systems,28350,29610,1260
2024-12-01,BR01,AML & Financial Crime,Screening & Data Vendors,11340,13280,1940
2024-12-01,BR01,AML & Financial Crime,Premises,22680,26180,3500
2024-12-01,BR01,AML & Financial Crime,Outsourcing,13230,14860,1630
2024-12-01,BR01,AML & Financial Crime,Training,3780,4390,610
2024-12-01,BR01,AML & Financial Crime,Other,5670,6280,610
2024-12-01,BR01,Payments Ops,Staff,72760,77670,4910
2024-12-01,BR01,Payments Ops,Technology & Systems,19840,19830,-10
2024-12-01,BR01,Payments Ops,Screening & Data Vendors,7940,8330,390
2024-12-01,BR01,Payments Ops,Premises,15880,17280,1400
2024-12-01,BR01,Payments Ops,Outsourcing,9260,9770,510
2024-12-01,BR01,Payments Ops,Training,2650,2850,200
2024-12-01,BR01,Payments Ops,Other,3970,4180,210
2024-12-01,BR01,IT & Technology,Staff,124740,133760,9020
2024-12-01,BR01,IT & Technology,Technology & Systems,34020,33790,-230
2024-12-01,BR01,IT & Technology,Screening & Data Vendors,13610,14430,820
2024-12-01,BR01,IT & Technology,Premises,27220,27880,660
2024-12-01,BR01,IT & Technology,Outsourcing,15880,16610,730
2024-12-01,BR01,IT & Technology,Training,4540,4700,160
2024-12-01,BR01,IT & Technology,Other,6800,6820,20
2024-12-01,BR01,Compliance,Staff,62370,67780,5410
2024-12-01,BR01,Compliance,Technology & Systems,17010,17820,810
2024-12-01,BR01,Compliance,Screening & Data Vendors,6800,6830,30
2024-12-01,BR01,Compliance,Premises,13610,13760,150
2024-12-01,BR01,Compliance,Outsourcing,7940,8990,1050
2024-12-01,BR01,Compliance,Training,2270,2270,0
2024-12-01,BR01,Compliance,Other,3400,3630,230
2025-01-01,BR01,Retail Banking Ops,Staff,207900,229820,21920
2025-01-01,BR01,Retail Banking Ops,Technology & Systems,56700,59840,3140
2025-01-01,BR01,Retail Banking Ops,Screening & Data Vendors,22680,21260,-1420
2025-01-01,BR01,Retail Banking Ops,Premises,45360,47250,1890
2025-01-01,BR01,Retail Banking Ops,Outsourcing,26460,27980,1520
2025-01-01,BR01,Retail Banking Ops,Training,7560,8270,710
2025-01-01,BR01,Retail Banking Ops,Other,11340,12870,1530
2025-01-01,BR01,KYC & Onboarding,Staff,93560,95630,2070
2025-01-01,BR01,KYC & Onboarding,Technology & Systems,25520,29640,4120
2025-01-01,BR01,KYC & Onboarding,Screening & Data Vendors,10210,11360,1150
2025-01-01,BR01,KYC & Onboarding,Premises,20410,23490,3080
2025-01-01,BR01,KYC & Onboarding,Outsourcing,11910,14560,2650
2025-01-01,BR01,KYC & Onboarding,Training,3400,3820,420
2025-01-01,BR01,KYC & Onboarding,Other,5100,5600,500
2025-01-01,BR01,AML & Financial Crime,Staff,103950,119280,15330
2025-01-01,BR01,AML & Financial Crime,Technology & Systems,28350,31170,2820
2025-01-01,BR01,AML & Financial Crime,Screening & Data Vendors,11340,13170,1830
2025-01-01,BR01,AML & Financial Crime,Premises,22680,25550,2870
2025-01-01,BR01,AML & Financial Crime,Outsourcing,13230,14940,1710
2025-01-01,BR01,AML & Financial Crime,Training,3780,4470,690
2025-01-01,BR01,AML & Financial Crime,Other,5670,6630,960
2025-01-01,BR01,Payments Ops,Staff,72760,81890,9130
2025-01-01,BR01,Payments Ops,Technology & Systems,19840,21160,1320
2025-01-01,BR01,Payments Ops,Screening & Data Vendors,7940,8430,490
2025-01-01,BR01,Payments Ops,Premises,15880,14340,-1540
2025-01-01,BR01,Payments Ops,Outsourcing,9260,9540,280
2025-01-01,BR01,Payments Ops,Training,2650,2920,270
2025-01-01,BR01,Payments Ops,Other,3970,4000,30
2025-01-01,BR01,IT & Technology,Staff,124740,134050,9310
2025-01-01,BR01,IT & Technology,Technology & Systems,34020,35300,1280
2025-01-01,BR01,IT & Technology,Screening & Data Vendors,13610,13980,370
2025-01-01,BR01,IT & Technology,Premises,27220,26390,-830
2025-01-01,BR01,IT & Technology,Outsourcing,15880,15370,-510
2025-01-01,BR01,IT & Technology,Training,4540,4470,-70
2025-01-01,BR01,IT & Technology,Other,6800,7490,690
2025-01-01,BR01,Compliance,Staff,62370,70110,7740
2025-01-01,BR01,Compliance,Technology & Systems,17010,17730,720
2025-01-01,BR01,Compliance,Screening & Data Vendors,6800,7570,770
2025-01-01,BR01,Compliance,Premises,13610,14900,1290
2025-01-01,BR01,Compliance,Outsourcing,7940,8710,770
2025-01-01,BR01,Compliance,Training,2270,2280,10
2025-01-01,BR01,Compliance,Other,3400,3550,150
2025-02-01,BR01,Retail Banking Ops,Staff,207900,214800,6900
2025-02-01,BR01,Retail Banking Ops,Technology & Systems,56700,62140,5440
2025-02-01,BR01,Retail Banking Ops,Screening & Data Vendors,22680,22420,-260
2025-02-01,BR01,Retail Banking Ops,Premises,45360,47590,2230
2025-02-01,BR01,Retail Banking Ops,Outsourcing,26460,25830,-630
2025-02-01,BR01,Retail Banking Ops,Training,7560,8160,600
2025-02-01,BR01,Retail Banking Ops,Other,11340,11310,-30
2025-02-01,BR01,KYC & Onboarding,Staff,93560,100150,6590
2025-02-01,BR01,KYC & Onboarding,Technology & Systems,25520,25700,180
2025-02-01,BR01,KYC & Onboarding,Screening & Data Vendors,10210,12740,2530
2025-02-01,BR01,KYC & Onboarding,Premises,20410,23210,2800
2025-02-01,BR01,KYC & Onboarding,Outsourcing,11910,13830,1920
2025-02-01,BR01,KYC & Onboarding,Training,3400,3660,260
2025-02-01,BR01,KYC & Onboarding,Other,5100,5930,830
2025-02-01,BR01,AML & Financial Crime,Staff,103950,115100,11150
2025-02-01,BR01,AML & Financial Crime,Technology & Systems,28350,30490,2140
2025-02-01,BR01,AML & Financial Crime,Screening & Data Vendors,11340,12800,1460
2025-02-01,BR01,AML & Financial Crime,Premises,22680,24850,2170
2025-02-01,BR01,AML & Financial Crime,Outsourcing,13230,14990,1760
2025-02-01,BR01,AML & Financial Crime,Training,3780,3740,-40
2025-02-01,BR01,AML & Financial Crime,Other,5670,6780,1110
2025-02-01,BR01,Payments Ops,Staff,72760,78480,5720
2025-02-01,BR01,Payments Ops,Technology & Systems,19840,21530,1690
2025-02-01,BR01,Payments Ops,Screening & Data Vendors,7940,8440,500
2025-02-01,BR01,Payments Ops,Premises,15880,16690,810
2025-02-01,BR01,Payments Ops,Outsourcing,9260,9930,670
2025-02-01,BR01,Payments Ops,Training,2650,2700,50
2025-02-01,BR01,Payments Ops,Other,3970,4050,80
2025-02-01,BR01,IT & Technology,Staff,124740,135360,10620
2025-02-01,BR01,IT & Technology,Technology & Systems,34020,33030,-990
2025-02-01,BR01,IT & Technology,Screening & Data Vendors,13610,14110,500
2025-02-01,BR01,IT & Technology,Premises,27220,28670,1450
2025-02-01,BR01,IT & Technology,Outsourcing,15880,16470,590
2025-02-01,BR01,IT & Technology,Training,4540,4740,200
2025-02-01,BR01,IT & Technology,Other,6800,6550,-250
2025-02-01,BR01,Compliance,Staff,62370,75520,13150
2025-02-01,BR01,Compliance,Technology & Systems,17010,17040,30
2025-02-01,BR01,Compliance,Screening & Data Vendors,6800,6920,120
2025-02-01,BR01,Compliance,Premises,13610,13890,280
2025-02-01,BR01,Compliance,Outsourcing,7940,8920,980
2025-02-01,BR01,Compliance,Training,2270,2500,230
2025-02-01,BR01,Compliance,Other,3400,3690,290
2025-03-01,BR01,Retail Banking Ops,Staff,207900,211780,3880
2025-03-01,BR01,Retail Banking Ops,Technology & Systems,56700,61990,5290
2025-03-01,BR01,Retail Banking Ops,Screening & Data Vendors,22680,24480,1800
2025-03-01,BR01,Retail Banking Ops,Premises,45360,51280,5920
2025-03-01,BR01,Retail Banking Ops,Outsourcing,26460,29680,3220
2025-03-01,BR01,Retail Banking Ops,Training,7560,8280,720
2025-03-01,BR01,Retail Banking Ops,Other,11340,11950,610
2025-03-01,BR01,KYC & Onboarding,Staff,93560,103340,9780
2025-03-01,BR01,KYC & Onboarding,Technology & Systems,25520,27950,2430
2025-03-01,BR01,KYC & Onboarding,Screening & Data Vendors,10210,11050,840
2025-03-01,BR01,KYC & Onboarding,Premises,20410,23760,3350
2025-03-01,BR01,KYC & Onboarding,Outsourcing,11910,15080,3170
2025-03-01,BR01,KYC & Onboarding,Training,3400,4350,950
2025-03-01,BR01,KYC & Onboarding,Other,5100,6020,920
2025-03-01,BR01,AML & Financial Crime,Staff,103950,125280,21330
2025-03-01,BR01,AML & Financial Crime,Technology & Systems,28350,30770,2420
2025-03-01,BR01,AML & Financial Crime,Screening & Data Vendors,11340,12620,1280
2025-03-01,BR01,AML & Financial Crime,Premises,22680,23910,1230
2025-03-01,BR01,AML & Financial Crime,Outsourcing,13230,15180,1950
2025-03-01,BR01,AML & Financial Crime,Training,3780,4360,580
2025-03-01,BR01,AML & Financial Crime,Other,5670,6310,640
2025-03-01,BR01,Payments Ops,Staff,72760,74870,2110
2025-03-01,BR01,Payments Ops,Technology & Systems,19840,21660,1820
2025-03-01,BR01,Payments Ops,Screening & Data Vendors,7940,9130,1190
2025-03-01,BR01,Payments Ops,Premises,15880,18350,2470
2025-03-01,BR01,Payments Ops,Outsourcing,9260,10190,930
2025-03-01,BR01,Payments Ops,Training,2650,2900,250
2025-03-01,BR01,Payments Ops,Other,3970,4450,480
2025-03-01,BR01,IT & Technology,Staff,124740,136350,11610
2025-03-01,BR01,IT & Technology,Technology & Systems,34020,35320,1300
2025-03-01,BR01,IT & Technology,Screening & Data Vendors,13610,14160,550
2025-03-01,BR01,IT & Technology,Premises,27220,27720,500
2025-03-01,BR01,IT & Technology,Outsourcing,15880,15720,-160
2025-03-01,BR01,IT & Technology,Training,4540,4920,380
2025-03-01,BR01,IT & Technology,Other,6800,7300,500
2025-03-01,BR01,Compliance,Staff,62370,62410,40
2025-03-01,BR01,Compliance,Technology & Systems,17010,18930,1920
2025-03-01,BR01,Compliance,Screening & Data Vendors,6800,6840,40
2025-03-01,BR01,Compliance,Premises,13610,13380,-230
2025-03-01,BR01,Compliance,Outsourcing,7940,7830,-110
2025-03-01,BR01,Compliance,Training,2270,2490,220
2025-03-01,BR01,Compliance,Other,3400,3610,210
2025-04-01,BR01,Retail Banking Ops,Staff,207900,192220,-15680
2025-04-01,BR01,Retail Banking Ops,Technology & Systems,56700,59100,2400
2025-04-01,BR01,Retail Banking Ops,Screening & Data Vendors,22680,22510,-170
2025-04-01,BR01,Retail Banking Ops,Premises,45360,41710,-3650
2025-04-01,BR01,Retail Banking Ops,Outsourcing,26460,28400,1940
2025-04-01,BR01,Retail Banking Ops,Training,7560,7920,360
2025-04-01,BR01,Retail Banking Ops,Other,11340,12770,1430
2025-04-01,BR01,KYC & Onboarding,Staff,93560,107220,13660
2025-04-01,BR01,KYC & Onboarding,Technology & Systems,25520,30520,5000
2025-04-01,BR01,KYC & Onboarding,Screening & Data Vendors,10210,13090,2880
2025-04-01,BR01,KYC & Onboarding,Premises,20410,23640,3230
2025-04-01,BR01,KYC & Onboarding,Outsourcing,11910,14270,2360
2025-04-01,BR01,KYC & Onboarding,Training,3400,4130,730
2025-04-01,BR01,KYC & Onboarding,Other,5100,5890,790
2025-04-01,BR01,AML & Financial Crime,Staff,103950,126540,22590
2025-04-01,BR01,AML & Financial Crime,Technology & Systems,28350,35710,7360
2025-04-01,BR01,AML & Financial Crime,Screening & Data Vendors,11340,12990,1650
2025-04-01,BR01,AML & Financial Crime,Premises,22680,25160,2480
2025-04-01,BR01,AML & Financial Crime,Outsourcing,13230,15740,2510
2025-04-01,BR01,AML & Financial Crime,Training,3780,4590,810
2025-04-01,BR01,AML & Financial Crime,Other,5670,6400,730
2025-04-01,BR01,Payments Ops,Staff,72760,72960,200
2025-04-01,BR01,Payments Ops,Technology & Systems,19840,20500,660
2025-04-01,BR01,Payments Ops,Screening & Data Vendors,7940,8650,710
2025-04-01,BR01,Payments Ops,Premises,15880,16410,530
2025-04-01,BR01,Payments Ops,Outsourcing,9260,9230,-30
2025-04-01,BR01,Payments Ops,Training,2650,2810,160
2025-04-01,BR01,Payments Ops,Other,3970,4350,380
2025-04-01,BR01,IT & Technology,Staff,124740,139000,14260
2025-04-01,BR01,IT & Technology,Technology & Systems,34020,39560,5540
2025-04-01,BR01,IT & Technology,Screening & Data Vendors,13610,14830,1220
2025-04-01,BR01,IT & Technology,Premises,27220,30820,3600
2025-04-01,BR01,IT & Technology,Outsourcing,15880,16730,850
2025-04-01,BR01,IT & Technology,Training,4540,4690,150
2025-04-01,BR01,IT & Technology,Other,6800,7370,570
2025-04-01,BR01,Compliance,Staff,62370,65200,2830
2025-04-01,BR01,Compliance,Technology & Systems,17010,19700,2690
2025-04-01,BR01,Compliance,Screening & Data Vendors,6800,6760,-40
2025-04-01,BR01,Compliance,Premises,13610,16000,2390
2025-04-01,BR01,Compliance,Outsourcing,7940,8040,100
2025-04-01,BR01,Compliance,Training,2270,2510,240
2025-04-01,BR01,Compliance,Other,3400,3780,380
2025-05-01,BR01,Retail Banking Ops,Staff,207900,225380,17480
2025-05-01,BR01,Retail Banking Ops,Technology & Systems,56700,63400,6700
2025-05-01,BR01,Retail Banking Ops,Screening & Data Vendors,22680,24410,1730
2025-05-01,BR01,Retail Banking Ops,Premises,45360,46700,1340
2025-05-01,BR01,Retail Banking Ops,Outsourcing,26460,26160,-300
2025-05-01,BR01,Retail Banking Ops,Training,7560,7860,300
2025-05-01,BR01,Retail Banking Ops,Other,11340,12420,1080
2025-05-01,BR01,KYC & Onboarding,Staff,93560,105650,12090
2025-05-01,BR01,KYC & Onboarding,Technology & Systems,25520,25230,-290
2025-05-01,BR01,KYC & Onboarding,Screening & Data Vendors,10210,12270,2060
2025-05-01,BR01,KYC & Onboarding,Premises,20410,24590,4180
2025-05-01,BR01,KYC & Onboarding,Outsourcing,11910,13910,2000
2025-05-01,BR01,KYC & Onboarding,Training,3400,3680,280
2025-05-01,BR01,KYC & Onboarding,Other,5100,6020,920
2025-05-01,BR01,AML & Financial Crime,Staff,103950,114910,10960
2025-05-01,BR01,AML & Financial Crime,Technology & Systems,28350,31730,3380
2025-05-01,BR01,AML & Financial Crime,Screening & Data Vendors,11340,13140,1800
2025-05-01,BR01,AML & Financial Crime,Premises,22680,24970,2290
2025-05-01,BR01,AML & Financial Crime,Outsourcing,13230,14830,1600
2025-05-01,BR01,AML & Financial Crime,Training,3780,4270,490
2025-05-01,BR01,AML & Financial Crime,Other,5670,6970,1300
2025-05-01,BR01,Payments Ops,Staff,72760,82490,9730
2025-05-01,BR01,Payments Ops,Technology & Systems,19840,21100,1260
2025-05-01,BR01,Payments Ops,Screening & Data Vendors,7940,8390,450
2025-05-01,BR01,Payments Ops,Premises,15880,17050,1170
2025-05-01,BR01,Payments Ops,Outsourcing,9260,10220,960
2025-05-01,BR01,Payments Ops,Training,2650,2700,50
2025-05-01,BR01,Payments Ops,Other,3970,4020,50
2025-05-01,BR01,IT & Technology,Staff,124740,130040,5300
2025-05-01,BR01,IT & Technology,Technology & Systems,34020,37160,3140
2025-05-01,BR01,IT & Technology,Screening & Data Vendors,13610,14620,1010
2025-05-01,BR01,IT & Technology,Premises,27220,29130,1910
2025-05-01,BR01,IT & Technology,Outsourcing,15880,16970,1090
2025-05-01,BR01,IT & Technology,Training,4540,5310,770
2025-05-01,BR01,IT & Technology,Other,6800,7350,550
2025-05-01,BR01,Compliance,Staff,62370,65950,3580
2025-05-01,BR01,Compliance,Technology & Systems,17010,18550,1540
2025-05-01,BR01,Compliance,Screening & Data Vendors,6800,6950,150
2025-05-01,BR01,Compliance,Premises,13610,14240,630
2025-05-01,BR01,Compliance,Outsourcing,7940,9060,1120
2025-05-01,BR01,Compliance,Training,2270,2510,240
2025-05-01,BR01,Compliance,Other,3400,3820,420
2025-06-01,BR01,Retail Banking Ops,Staff,207900,219630,11730
2025-06-01,BR01,Retail Banking Ops,Technology & Systems,56700,64850,8150
2025-06-01,BR01,Retail Banking Ops,Screening & Data Vendors,22680,23480,800
2025-06-01,BR01,Retail Banking Ops,Premises,45360,43730,-1630
2025-06-01,BR01,Retail Banking Ops,Outsourcing,26460,27430,970
2025-06-01,BR01,Retail Banking Ops,Training,7560,7830,270
2025-06-01,BR01,Retail Banking Ops,Other,11340,13050,1710
2025-06-01,BR01,KYC & Onboarding,Staff,93560,104320,10760
2025-06-01,BR01,KYC & Onboarding,Technology & Systems,25520,31460,5940
2025-06-01,BR01,KYC & Onboarding,Screening & Data Vendors,10210,12190,1980
2025-06-01,BR01,KYC & Onboarding,Premises,20410,23060,2650
2025-06-01,BR01,KYC & Onboarding,Outsourcing,11910,14610,2700
2025-06-01,BR01,KYC & Onboarding,Training,3400,3970,570
2025-06-01,BR01,KYC & Onboarding,Other,5100,6130,1030
2025-06-01,BR01,AML & Financial Crime,Staff,103950,124050,20100
2025-06-01,BR01,AML & Financial Crime,Technology & Systems,28350,35210,6860
2025-06-01,BR01,AML & Financial Crime,Screening & Data Vendors,11340,13720,2380
2025-06-01,BR01,AML & Financial Crime,Premises,22680,25090,2410
2025-06-01,BR01,AML & Financial Crime,Outsourcing,13230,15410,2180
2025-06-01,BR01,AML & Financial Crime,Training,3780,3800,20
2025-06-01,BR01,AML & Financial Crime,Other,5670,7050,1380
2025-06-01,BR01,Payments Ops,Staff,72760,75100,2340
2025-06-01,BR01,Payments Ops,Technology & Systems,19840,22960,3120
2025-06-01,BR01,Payments Ops,Screening & Data Vendors,7940,8630,690
2025-06-01,BR01,Payments Ops,Premises,15880,17090,1210
2025-06-01,BR01,Payments Ops,Outsourcing,9260,10090,830
2025-06-01,BR01,Payments Ops,Training,2650,2760,110
2025-06-01,BR01,Payments Ops,Other,3970,4330,360
2025-06-01,BR01,IT & Technology,Staff,124740,140520,15780
2025-06-01,BR01,IT & Technology,Technology & Systems,34020,33750,-270
2025-06-01,BR01,IT & Technology,Screening & Data Vendors,13610,14890,1280
2025-06-01,BR01,IT & Technology,Premises,27220,29220,2000
2025-06-01,BR01,IT & Technology,Outsourcing,15880,17600,1720
2025-06-01,BR01,IT & Technology,Training,4540,4590,50
2025-06-01,BR01,IT & Technology,Other,6800,7740,940
2025-06-01,BR01,Compliance,Staff,62370,67930,5560
2025-06-01,BR01,Compliance,Technology & Systems,17010,17720,710
2025-06-01,BR01,Compliance,Screening & Data Vendors,6800,7310,510
2025-06-01,BR01,Compliance,Premises,13610,14780,1170
2025-06-01,BR01,Compliance,Outsourcing,7940,8920,980
2025-06-01,BR01,Compliance,Training,2270,2400,130
2025-06-01,BR01,Compliance,Other,3400,3820,420
2025-07-01,BR01,Retail Banking Ops,Staff,207900,229480,21580
2025-07-01,BR01,Retail Banking Ops,Technology & Systems,56700,63550,6850
2025-07-01,BR01,Retail Banking Ops,Screening & Data Vendors,22680,26710,4030
2025-07-01,BR01,Retail Banking Ops,Premises,45360,48300,2940
2025-07-01,BR01,Retail Banking Ops,Outsourcing,26460,26730,270
2025-07-01,BR01,Retail Banking Ops,Training,7560,8150,590
2025-07-01,BR01,Retail Banking Ops,Other,11340,12640,1300
2025-07-01,BR01,KYC & Onboarding,Staff,93560,106540,12980
2025-07-01,BR01,KYC & Onboarding,Technology & Systems,25520,30030,4510
2025-07-01,BR01,KYC & Onboarding,Screening & Data Vendors,10210,11910,1700
2025-07-01,BR01,KYC & Onboarding,Premises,20410,23020,2610
2025-07-01,BR01,KYC & Onboarding,Outsourcing,11910,14070,2160
2025-07-01,BR01,KYC & Onboarding,Training,3400,4470,1070
2025-07-01,BR01,KYC & Onboarding,Other,5100,5560,460
2025-07-01,BR01,AML & Financial Crime,Staff,103950,107530,3580
2025-07-01,BR01,AML & Financial Crime,Technology & Systems,28350,34350,6000
2025-07-01,BR01,AML & Financial Crime,Screening & Data Vendors,11340,14370,3030
2025-07-01,BR01,AML & Financial Crime,Premises,22680,27450,4770
2025-07-01,BR01,AML & Financial Crime,Outsourcing,13230,14300,1070
2025-07-01,BR01,AML & Financial Crime,Training,3780,4570,790
2025-07-01,BR01,AML & Financial Crime,Other,5670,6240,570
2025-07-01,BR01,Payments Ops,Staff,72760,80370,7610
2025-07-01,BR01,Payments Ops,Technology & Systems,19840,22080,2240
2025-07-01,BR01,Payments Ops,Screening & Data Vendors,7940,8560,620
2025-07-01,BR01,Payments Ops,Premises,15880,16830,950
2025-07-01,BR01,Payments Ops,Outsourcing,9260,10140,880
2025-07-01,BR01,Payments Ops,Training,2650,2810,160
2025-07-01,BR01,Payments Ops,Other,3970,3890,-80
2025-07-01,BR01,IT & Technology,Staff,124740,127220,2480
2025-07-01,BR01,IT & Technology,Technology & Systems,34020,33740,-280
2025-07-01,BR01,IT & Technology,Screening & Data Vendors,13610,14150,540
2025-07-01,BR01,IT & Technology,Premises,27220,28180,960
2025-07-01,BR01,IT & Technology,Outsourcing,15880,16890,1010
2025-07-01,BR01,IT & Technology,Training,4540,5430,890
2025-07-01,BR01,IT & Technology,Other,6800,7570,770
2025-07-01,BR01,Compliance,Staff,62370,66570,4200
2025-07-01,BR01,Compliance,Technology & Systems,17010,18900,1890
2025-07-01,BR01,Compliance,Screening & Data Vendors,6800,7740,940
2025-07-01,BR01,Compliance,Premises,13610,14890,1280
2025-07-01,BR01,Compliance,Outsourcing,7940,8430,490
2025-07-01,BR01,Compliance,Training,2270,2440,170
2025-07-01,BR01,Compliance,Other,3400,3830,430
2025-08-01,BR01,Retail Banking Ops,Staff,207900,250460,42560
2025-08-01,BR01,Retail Banking Ops,Technology & Systems,56700,62410,5710
2025-08-01,BR01,Retail Banking Ops,Screening & Data Vendors,22680,24060,1380
2025-08-01,BR01,Retail Banking Ops,Premises,45360,50640,5280
2025-08-01,BR01,Retail Banking Ops,Outsourcing,26460,29530,3070
2025-08-01,BR01,Retail Banking Ops,Training,7560,7370,-190
2025-08-01,BR01,Retail Banking Ops,Other,11340,12410,1070
2025-08-01,BR01,KYC & Onboarding,Staff,93560,103590,10030
2025-08-01,BR01,KYC & Onboarding,Technology & Systems,25520,31970,6450
2025-08-01,BR01,KYC & Onboarding,Screening & Data Vendors,10210,11660,1450
2025-08-01,BR01,KYC & Onboarding,Premises,20410,25210,4800
2025-08-01,BR01,KYC & Onboarding,Outsourcing,11910,16170,4260
2025-08-01,BR01,KYC & Onboarding,Training,3400,3960,560
2025-08-01,BR01,KYC & Onboarding,Other,5100,6330,1230
2025-08-01,BR01,AML & Financial Crime,Staff,103950,122350,18400
2025-08-01,BR01,AML & Financial Crime,Technology & Systems,28350,34880,6530
2025-08-01,BR01,AML & Financial Crime,Screening & Data Vendors,11340,12570,1230
2025-08-01,BR01,AML & Financial Crime,Premises,22680,25450,2770
2025-08-01,BR01,AML & Financial Crime,Outsourcing,13230,16160,2930
2025-08-01,BR01,AML & Financial Crime,Training,3780,4840,1060
2025-08-01,BR01,AML & Financial Crime,Other,5670,7110,1440
2025-08-01,BR01,Payments Ops,Staff,72760,77310,4550
2025-08-01,BR01,Payments Ops,Technology & Systems,19840,19540,-300
2025-08-01,BR01,Payments Ops,Screening & Data Vendors,7940,9220,1280
2025-08-01,BR01,Payments Ops,Premises,15880,17840,1960
2025-08-01,BR01,Payments Ops,Outsourcing,9260,10380,1120
2025-08-01,BR01,Payments Ops,Training,2650,2910,260
2025-08-01,BR01,Payments Ops,Other,3970,4410,440
2025-08-01,BR01,IT & Technology,Staff,124740,124250,-490
2025-08-01,BR01,IT & Technology,Technology & Systems,34020,35650,1630
2025-08-01,BR01,IT & Technology,Screening & Data Vendors,13610,14650,1040
2025-08-01,BR01,IT & Technology,Premises,27220,28690,1470
2025-08-01,BR01,IT & Technology,Outsourcing,15880,16240,360
2025-08-01,BR01,IT & Technology,Training,4540,4570,30
2025-08-01,BR01,IT & Technology,Other,6800,6950,150
2025-08-01,BR01,Compliance,Staff,62370,68430,6060
2025-08-01,BR01,Compliance,Technology & Systems,17010,19500,2490
2025-08-01,BR01,Compliance,Screening & Data Vendors,6800,7710,910
2025-08-01,BR01,Compliance,Premises,13610,15250,1640
2025-08-01,BR01,Compliance,Outsourcing,7940,8890,950
2025-08-01,BR01,Compliance,Training,2270,2390,120
2025-08-01,BR01,Compliance,Other,3400,3740,340
2025-09-01,BR01,Retail Banking Ops,Staff,207900,223050,15150
2025-09-01,BR01,Retail Banking Ops,Technology & Systems,56700,65580,8880
2025-09-01,BR01,Retail Banking Ops,Screening & Data Vendors,22680,26690,4010
2025-09-01,BR01,Retail Banking Ops,Premises,45360,49110,3750
2025-09-01,BR01,Retail Banking Ops,Outsourcing,26460,27680,1220
2025-09-01,BR01,Retail Banking Ops,Training,7560,7800,240
2025-09-01,BR01,Retail Banking Ops,Other,11340,13080,1740
2025-09-01,BR01,KYC & Onboarding,Staff,93560,105240,11680
2025-09-01,BR01,KYC & Onboarding,Technology & Systems,25520,31340,5820
2025-09-01,BR01,KYC & Onboarding,Screening & Data Vendors,10210,12530,2320
2025-09-01,BR01,KYC & Onboarding,Premises,20410,24100,3690
2025-09-01,BR01,KYC & Onboarding,Outsourcing,11910,15230,3320
2025-09-01,BR01,KYC & Onboarding,Training,3400,4170,770
2025-09-01,BR01,KYC & Onboarding,Other,5100,5810,710
2025-09-01,BR01,AML & Financial Crime,Staff,103950,126990,23040
2025-09-01,BR01,AML & Financial Crime,Technology & Systems,28350,32530,4180
2025-09-01,BR01,AML & Financial Crime,Screening & Data Vendors,11340,14100,2760
2025-09-01,BR01,AML & Financial Crime,Premises,22680,25470,2790
2025-09-01,BR01,AML & Financial Crime,Outsourcing,13230,17050,3820
2025-09-01,BR01,AML & Financial Crime,Training,3780,4760,980
2025-09-01,BR01,AML & Financial Crime,Other,5670,6950,1280
2025-09-01,BR01,Payments Ops,Staff,72760,77250,4490
2025-09-01,BR01,Payments Ops,Technology & Systems,19840,20800,960
2025-09-01,BR01,Payments Ops,Screening & Data Vendors,7940,8120,180
2025-09-01,BR01,Payments Ops,Premises,15880,17390,1510
2025-09-01,BR01,Payments Ops,Outsourcing,9260,9270,10
2025-09-01,BR01,Payments Ops,Training,2650,2920,270
2025-09-01,BR01,Payments Ops,Other,3970,4130,160
2025-09-01,BR01,IT & Technology,Staff,124740,137070,12330
2025-09-01,BR01,IT & Technology,Technology & Systems,34020,34650,630
2025-09-01,BR01,IT & Technology,Screening & Data Vendors,13610,14360,750
2025-09-01,BR01,IT & Technology,Premises,27220,26320,-900
2025-09-01,BR01,IT & Technology,Outsourcing,15880,16530,650
2025-09-01,BR01,IT & Technology,Training,4540,4650,110
2025-09-01,BR01,IT & Technology,Other,6800,7220,420
2025-09-01,BR01,Compliance,Staff,62370,67040,4670
2025-09-01,BR01,Compliance,Technology & Systems,17010,18220,1210
2025-09-01,BR01,Compliance,Screening & Data Vendors,6800,7540,740
2025-09-01,BR01,Compliance,Premises,13610,13980,370
2025-09-01,BR01,Compliance,Outsourcing,7940,8220,280
2025-09-01,BR01,Compliance,Training,2270,2410,140
2025-09-01,BR01,Compliance,Other,3400,3930,530
2025-10-01,BR01,Retail Banking Ops,Staff,207900,245170,37270
2025-10-01,BR01,Retail Banking Ops,Technology & Systems,56700,62520,5820
2025-10-01,BR01,Retail Banking Ops,Screening & Data Vendors,22680,26790,4110
2025-10-01,BR01,Retail Banking Ops,Premises,45360,51720,6360
2025-10-01,BR01,Retail Banking Ops,Outsourcing,26460,29970,3510
2025-10-01,BR01,Retail Banking Ops,Training,7560,8300,740
2025-10-01,BR01,Retail Banking Ops,Other,11340,12510,1170
2025-10-01,BR01,KYC & Onboarding,Staff,93560,110410,16850
2025-10-01,BR01,KYC & Onboarding,Technology & Systems,25520,29300,3780
2025-10-01,BR01,KYC & Onboarding,Screening & Data Vendors,10210,12970,2760
2025-10-01,BR01,KYC & Onboarding,Premises,20410,26050,5640
2025-10-01,BR01,KYC & Onboarding,Outsourcing,11910,14480,2570
2025-10-01,BR01,KYC & Onboarding,Training,3400,3830,430
2025-10-01,BR01,KYC & Onboarding,Other,5100,6230,1130
2025-10-01,BR01,AML & Financial Crime,Staff,103950,126440,22490
2025-10-01,BR01,AML & Financial Crime,Technology & Systems,28350,32110,3760
2025-10-01,BR01,AML & Financial Crime,Screening & Data Vendors,11340,14320,2980
2025-10-01,BR01,AML & Financial Crime,Premises,22680,27780,5100
2025-10-01,BR01,AML & Financial Crime,Outsourcing,13230,16790,3560
2025-10-01,BR01,AML & Financial Crime,Training,3780,5210,1430
2025-10-01,BR01,AML & Financial Crime,Other,5670,6700,1030
2025-10-01,BR01,Payments Ops,Staff,72760,79750,6990
2025-10-01,BR01,Payments Ops,Technology & Systems,19840,20030,190
2025-10-01,BR01,Payments Ops,Screening & Data Vendors,7940,8980,1040
2025-10-01,BR01,Payments Ops,Premises,15880,17000,1120
2025-10-01,BR01,Payments Ops,Outsourcing,9260,9770,510
2025-10-01,BR01,Payments Ops,Training,2650,2750,100
2025-10-01,BR01,Payments Ops,Other,3970,4360,390
2025-10-01,BR01,IT & Technology,Staff,124740,137500,12760
2025-10-01,BR01,IT & Technology,Technology & Systems,34020,37250,3230
2025-10-01,BR01,IT & Technology,Screening & Data Vendors,13610,15230,1620
2025-10-01,BR01,IT & Technology,Premises,27220,26310,-910
2025-10-01,BR01,IT & Technology,Outsourcing,15880,16690,810
2025-10-01,BR01,IT & Technology,Training,4540,5390,850
2025-10-01,BR01,IT & Technology,Other,6800,7510,710
2025-10-01,BR01,Compliance,Staff,62370,64510,2140
2025-10-01,BR01,Compliance,Technology & Systems,17010,17800,790
2025-10-01,BR01,Compliance,Screening & Data Vendors,6800,7730,930
2025-10-01,BR01,Compliance,Premises,13610,14670,1060
2025-10-01,BR01,Compliance,Outsourcing,7940,8760,820
2025-10-01,BR01,Compliance,Training,2270,2320,50
2025-10-01,BR01,Compliance,Other,3400,3940,540
2025-11-01,BR01,Retail Banking Ops,Staff,207900,212560,4660
2025-11-01,BR01,Retail Banking Ops,Technology & Systems,56700,62100,5400
2025-11-01,BR01,Retail Banking Ops,Screening & Data Vendors,22680,24850,2170
2025-11-01,BR01,Retail Banking Ops,Premises,45360,50530,5170
2025-11-01,BR01,Retail Banking Ops,Outsourcing,26460,28810,2350
2025-11-01,BR01,Retail Banking Ops,Training,7560,9080,1520
2025-11-01,BR01,Retail Banking Ops,Other,11340,12500,1160
2025-11-01,BR01,KYC & Onboarding,Staff,93560,116850,23290
2025-11-01,BR01,KYC & Onboarding,Technology & Systems,25520,30930,5410
2025-11-01,BR01,KYC & Onboarding,Screening & Data Vendors,10210,12430,2220
2025-11-01,BR01,KYC & Onboarding,Premises,20410,24730,4320
2025-11-01,BR01,KYC & Onboarding,Outsourcing,11910,14350,2440
2025-11-01,BR01,KYC & Onboarding,Training,3400,4270,870
2025-11-01,BR01,KYC & Onboarding,Other,5100,6180,1080
2025-11-01,BR01,AML & Financial Crime,Staff,103950,123460,19510
2025-11-01,BR01,AML & Financial Crime,Technology & Systems,28350,35410,7060
2025-11-01,BR01,AML & Financial Crime,Screening & Data Vendors,11340,14090,2750
2025-11-01,BR01,AML & Financial Crime,Premises,22680,27210,4530
2025-11-01,BR01,AML & Financial Crime,Outsourcing,13230,14980,1750
2025-11-01,BR01,AML & Financial Crime,Training,3780,4480,700
2025-11-01,BR01,AML & Financial Crime,Other,5670,6970,1300
2025-11-01,BR01,Payments Ops,Staff,72760,74190,1430
2025-11-01,BR01,Payments Ops,Technology & Systems,19840,24140,4300
2025-11-01,BR01,Payments Ops,Screening & Data Vendors,7940,8290,350
2025-11-01,BR01,Payments Ops,Premises,15880,17420,1540
2025-11-01,BR01,Payments Ops,Outsourcing,9260,10480,1220
2025-11-01,BR01,Payments Ops,Training,2650,3140,490
2025-11-01,BR01,Payments Ops,Other,3970,4280,310
2025-11-01,BR01,IT & Technology,Staff,124740,126570,1830
2025-11-01,BR01,IT & Technology,Technology & Systems,34020,38790,4770
2025-11-01,BR01,IT & Technology,Screening & Data Vendors,13610,15270,1660
2025-11-01,BR01,IT & Technology,Premises,27220,29940,2720
2025-11-01,BR01,IT & Technology,Outsourcing,15880,16630,750
2025-11-01,BR01,IT & Technology,Training,4540,4790,250
2025-11-01,BR01,IT & Technology,Other,6800,7330,530
2025-11-01,BR01,Compliance,Staff,62370,69920,7550
2025-11-01,BR01,Compliance,Technology & Systems,17010,17820,810
2025-11-01,BR01,Compliance,Screening & Data Vendors,6800,7700,900
2025-11-01,BR01,Compliance,Premises,13610,14850,1240
2025-11-01,BR01,Compliance,Outsourcing,7940,8150,210
2025-11-01,BR01,Compliance,Training,2270,2520,250
2025-11-01,BR01,Compliance,Other,3400,3790,390
2025-12-01,BR01,Retail Banking Ops,Staff,207900,211280,3380
2025-12-01,BR01,Retail Banking Ops,Technology & Systems,56700,61330,4630
2025-12-01,BR01,Retail Banking Ops,Screening & Data Vendors,22680,22780,100
2025-12-01,BR01,Retail Banking Ops,Premises,45360,50220,4860
2025-12-01,BR01,Retail Banking Ops,Outsourcing,26460,29140,2680
2025-12-01,BR01,Retail Banking Ops,Training,7560,8540,980
2025-12-01,BR01,Retail Banking Ops,Other,11340,11650,310
2025-12-01,BR01,KYC & Onboarding,Staff,93560,120040,26480
2025-12-01,BR01,KYC & Onboarding,Technology & Systems,25520,32410,6890
2025-12-01,BR01,KYC & Onboarding,Screening & Data Vendors,10210,12770,2560
2025-12-01,BR01,KYC & Onboarding,Premises,20410,26230,5820
2025-12-01,BR01,KYC & Onboarding,Outsourcing,11910,15260,3350
2025-12-01,BR01,KYC & Onboarding,Training,3400,4100,700
2025-12-01,BR01,KYC & Onboarding,Other,5100,6000,900
2025-12-01,BR01,AML & Financial Crime,Staff,103950,130510,26560
2025-12-01,BR01,AML & Financial Crime,Technology & Systems,28350,35560,7210
2025-12-01,BR01,AML & Financial Crime,Screening & Data Vendors,11340,12580,1240
2025-12-01,BR01,AML & Financial Crime,Premises,22680,25760,3080
2025-12-01,BR01,AML & Financial Crime,Outsourcing,13230,16330,3100
2025-12-01,BR01,AML & Financial Crime,Training,3780,4690,910
2025-12-01,BR01,AML & Financial Crime,Other,5670,7120,1450
2025-12-01,BR01,Payments Ops,Staff,72760,74330,1570
2025-12-01,BR01,Payments Ops,Technology & Systems,19840,23190,3350
2025-12-01,BR01,Payments Ops,Screening & Data Vendors,7940,8720,780
2025-12-01,BR01,Payments Ops,Premises,15880,17040,1160
2025-12-01,BR01,Payments Ops,Outsourcing,9260,10170,910
2025-12-01,BR01,Payments Ops,Training,2650,3020,370
2025-12-01,BR01,Payments Ops,Other,3970,4380,410
2025-12-01,BR01,IT & Technology,Staff,124740,137220,12480
2025-12-01,BR01,IT & Technology,Technology & Systems,34020,33870,-150
2025-12-01,BR01,IT & Technology,Screening & Data Vendors,13610,13880,270
2025-12-01,BR01,IT & Technology,Premises,27220,31380,4160
2025-12-01,BR01,IT & Technology,Outsourcing,15880,16290,410
2025-12-01,BR01,IT & Technology,Training,4540,4790,250
2025-12-01,BR01,IT & Technology,Other,6800,6820,20
2025-12-01,BR01,Compliance,Staff,62370,63720,1350
2025-12-01,BR01,Compliance,Technology & Systems,17010,18290,1280
2025-12-01,BR01,Compliance,Screening & Data Vendors,6800,8210,1410
2025-12-01,BR01,Compliance,Premises,13610,15900,2290
2025-12-01,BR01,Compliance,Outsourcing,7940,8660,720
2025-12-01,BR01,Compliance,Training,2270,2410,140
2025-12-01,BR01,Compliance,Other,3400,3780,380
2024-01-01,BR02,Retail Banking Ops,Staff,178200,208370,30170
2024-01-01,BR02,Retail Banking Ops,Technology & Systems,48600,48250,-350
2024-01-01,BR02,Retail Banking Ops,Screening & Data Vendors,19440,17960,-1480
2024-01-01,BR02,Retail Banking Ops,Premises,38880,38410,-470
2024-01-01,BR02,Retail Banking Ops,Outsourcing,22680,26000,3320
2024-01-01,BR02,Retail Banking Ops,Training,6480,5960,-520
2024-01-01,BR02,Retail Banking Ops,Other,9720,9420,-300
2024-01-01,BR02,KYC & Onboarding,Staff,80190,94070,13880
2024-01-01,BR02,KYC & Onboarding,Technology & Systems,21870,22190,320
2024-01-01,BR02,KYC & Onboarding,Screening & Data Vendors,8750,8670,-80
2024-01-01,BR02,KYC & Onboarding,Premises,17500,16740,-760
2024-01-01,BR02,KYC & Onboarding,Outsourcing,10210,10770,560
2024-01-01,BR02,KYC & Onboarding,Training,2920,3180,260
2024-01-01,BR02,KYC & Onboarding,Other,4370,4590,220
2024-01-01,BR02,AML & Financial Crime,Staff,89100,104290,15190
2024-01-01,BR02,AML & Financial Crime,Technology & Systems,24300,24830,530
2024-01-01,BR02,AML & Financial Crime,Screening & Data Vendors,9720,9630,-90
2024-01-01,BR02,AML & Financial Crime,Premises,19440,18630,-810
2024-01-01,BR02,AML & Financial Crime,Outsourcing,11340,12480,1140
2024-01-01,BR02,AML & Financial Crime,Training,3240,3220,-20
2024-01-01,BR02,AML & Financial Crime,Other,4860,4830,-30
2024-01-01,BR02,Payments Ops,Staff,62370,67270,4900
2024-01-01,BR02,Payments Ops,Technology & Systems,17010,17290,280
2024-01-01,BR02,Payments Ops,Screening & Data Vendors,6800,7100,300
2024-01-01,BR02,Payments Ops,Premises,13610,13400,-210
2024-01-01,BR02,Payments Ops,Outsourcing,7940,8940,1000
2024-01-01,BR02,Payments Ops,Training,2270,2490,220
2024-01-01,BR02,Payments Ops,Other,3400,3520,120
2024-01-01,BR02,IT & Technology,Staff,106920,126860,19940
2024-01-01,BR02,IT & Technology,Technology & Systems,29160,30780,1620
2024-01-01,BR02,IT & Technology,Screening & Data Vendors,11660,12500,840
2024-01-01,BR02,IT & Technology,Premises,23330,23260,-70
2024-01-01,BR02,IT & Technology,Outsourcing,13610,15640,2030
2024-01-01,BR02,IT & Technology,Training,3890,3960,70
2024-01-01,BR02,IT & Technology,Other,5830,6100,270
2024-01-01,BR02,Compliance,Staff,53460,58290,4830
2024-01-01,BR02,Compliance,Technology & Systems,14580,15330,750
2024-01-01,BR02,Compliance,Screening & Data Vendors,5830,5170,-660
2024-01-01,BR02,Compliance,Premises,11660,11730,70
2024-01-01,BR02,Compliance,Outsourcing,6800,7520,720
2024-01-01,BR02,Compliance,Training,1940,1850,-90
2024-01-01,BR02,Compliance,Other,2920,2930,10
2024-02-01,BR02,Retail Banking Ops,Staff,178200,190090,11890
2024-02-01,BR02,Retail Banking Ops,Technology & Systems,48600,49450,850
2024-02-01,BR02,Retail Banking Ops,Screening & Data Vendors,19440,18520,-920
2024-02-01,BR02,Retail Banking Ops,Premises,38880,36490,-2390
2024-02-01,BR02,Retail Banking Ops,Outsourcing,22680,24150,1470
2024-02-01,BR02,Retail Banking Ops,Training,6480,6230,-250
2024-02-01,BR02,Retail Banking Ops,Other,9720,9390,-330
2024-02-01,BR02,KYC & Onboarding,Staff,80190,92730,12540
2024-02-01,BR02,KYC & Onboarding,Technology & Systems,21870,22940,1070
2024-02-01,BR02,KYC & Onboarding,Screening & Data Vendors,8750,8220,-530
2024-02-01,BR02,KYC & Onboarding,Premises,17500,17270,-230
2024-02-01,BR02,KYC & Onboarding,Outsourcing,10210,11990,1780
2024-02-01,BR02,KYC & Onboarding,Training,2920,2920,0
2024-02-01,BR02,KYC & Onboarding,Other,4370,4680,310
2024-02-01,BR02,AML & Financial Crime,Staff,89100,95760,6660
2024-02-01,BR02,AML & Financial Crime,Technology & Systems,24300,26260,1960
2024-02-01,BR02,AML & Financial Crime,Screening & Data Vendors,9720,10190,470
2024-02-01,BR02,AML & Financial Crime,Premises,19440,19430,-10
2024-02-01,BR02,AML & Financial Crime,Outsourcing,11340,12290,950
2024-02-01,BR02,AML & Financial Crime,Training,3240,3400,160
2024-02-01,BR02,AML & Financial Crime,Other,4860,4730,-130
2024-02-01,BR02,Payments Ops,Staff,62370,70230,7860
2024-02-01,BR02,Payments Ops,Technology & Systems,17010,17740,730
2024-02-01,BR02,Payments Ops,Screening & Data Vendors,6800,6660,-140
2024-02-01,BR02,Payments Ops,Premises,13610,14220,610
2024-02-01,BR02,Payments Ops,Outsourcing,7940,8890,950
2024-02-01,BR02,Payments Ops,Training,2270,2340,70
2024-02-01,BR02,Payments Ops,Other,3400,3430,30
2024-02-01,BR02,IT & Technology,Staff,106920,128420,21500
2024-02-01,BR02,IT & Technology,Technology & Systems,29160,32260,3100
2024-02-01,BR02,IT & Technology,Screening & Data Vendors,11660,12560,900
2024-02-01,BR02,IT & Technology,Premises,23330,24920,1590
2024-02-01,BR02,IT & Technology,Outsourcing,13610,13940,330
2024-02-01,BR02,IT & Technology,Training,3890,3920,30
2024-02-01,BR02,IT & Technology,Other,5830,6120,290
2024-02-01,BR02,Compliance,Staff,53460,57240,3780
2024-02-01,BR02,Compliance,Technology & Systems,14580,15590,1010
2024-02-01,BR02,Compliance,Screening & Data Vendors,5830,5420,-410
2024-02-01,BR02,Compliance,Premises,11660,11470,-190
2024-02-01,BR02,Compliance,Outsourcing,6800,7420,620
2024-02-01,BR02,Compliance,Training,1940,1810,-130
2024-02-01,BR02,Compliance,Other,2920,3220,300
2024-03-01,BR02,Retail Banking Ops,Staff,178200,203810,25610
2024-03-01,BR02,Retail Banking Ops,Technology & Systems,48600,48350,-250
2024-03-01,BR02,Retail Banking Ops,Screening & Data Vendors,19440,20750,1310
2024-03-01,BR02,Retail Banking Ops,Premises,38880,39600,720
2024-03-01,BR02,Retail Banking Ops,Outsourcing,22680,24160,1480
2024-03-01,BR02,Retail Banking Ops,Training,6480,7220,740
2024-03-01,BR02,Retail Banking Ops,Other,9720,9950,230
2024-03-01,BR02,KYC & Onboarding,Staff,80190,85760,5570
2024-03-01,BR02,KYC & Onboarding,Technology & Systems,21870,19680,-2190
2024-03-01,BR02,KYC & Onboarding,Screening & Data Vendors,8750,9540,790
2024-03-01,BR02,KYC & Onboarding,Premises,17500,19550,2050
2024-03-01,BR02,KYC & Onboarding,Outsourcing,10210,12680,2470
2024-03-01,BR02,KYC & Onboarding,Training,2920,2980,60
2024-03-01,BR02,KYC & Onboarding,Other,4370,4170,-200
2024-03-01,BR02,AML & Financial Crime,Staff,89100,96940,7840
2024-03-01,BR02,AML & Financial Crime,Technology & Systems,24300,21800,-2500
2024-03-01,BR02,AML & Financial Crime,Screening & Data Vendors,9720,9830,110
2024-03-01,BR02,AML & Financial Crime,Premises,19440,19470,30
2024-03-01,BR02,AML & Financial Crime,Outsourcing,11340,13260,1920
2024-03-01,BR02,AML & Financial Crime,Training,3240,3230,-10
2024-03-01,BR02,AML & Financial Crime,Other,4860,4940,80
2024-03-01,BR02,Payments Ops,Staff,62370,72550,10180
2024-03-01,BR02,Payments Ops,Technology & Systems,17010,18060,1050
2024-03-01,BR02,Payments Ops,Screening & Data Vendors,6800,7300,500
2024-03-01,BR02,Payments Ops,Premises,13610,12740,-870
2024-03-01,BR02,Payments Ops,Outsourcing,7940,8840,900
2024-03-01,BR02,Payments Ops,Training,2270,2440,170
2024-03-01,BR02,Payments Ops,Other,3400,3520,120
2024-03-01,BR02,IT & Technology,Staff,106920,114900,7980
2024-03-01,BR02,IT & Technology,Technology & Systems,29160,33170,4010
2024-03-01,BR02,IT & Technology,Screening & Data Vendors,11660,11450,-210
2024-03-01,BR02,IT & Technology,Premises,23330,22860,-470
2024-03-01,BR02,IT & Technology,Outsourcing,13610,15560,1950
2024-03-01,BR02,IT & Technology,Training,3890,3970,80
2024-03-01,BR02,IT & Technology,Other,5830,5380,-450
2024-03-01,BR02,Compliance,Staff,53460,61660,8200
2024-03-01,BR02,Compliance,Technology & Systems,14580,15330,750
2024-03-01,BR02,Compliance,Screening & Data Vendors,5830,6080,250
2024-03-01,BR02,Compliance,Premises,11660,12120,460
2024-03-01,BR02,Compliance,Outsourcing,6800,7010,210
2024-03-01,BR02,Compliance,Training,1940,1960,20
2024-03-01,BR02,Compliance,Other,2920,3220,300
2024-04-01,BR02,Retail Banking Ops,Staff,178200,206590,28390
2024-04-01,BR02,Retail Banking Ops,Technology & Systems,48600,50680,2080
2024-04-01,BR02,Retail Banking Ops,Screening & Data Vendors,19440,18620,-820
2024-04-01,BR02,Retail Banking Ops,Premises,38880,39430,550
2024-04-01,BR02,Retail Banking Ops,Outsourcing,22680,25480,2800
2024-04-01,BR02,Retail Banking Ops,Training,6480,6770,290
2024-04-01,BR02,Retail Banking Ops,Other,9720,10190,470
2024-04-01,BR02,KYC & Onboarding,Staff,80190,90810,10620
2024-04-01,BR02,KYC & Onboarding,Technology & Systems,21870,23270,1400
2024-04-01,BR02,KYC & Onboarding,Screening & Data Vendors,8750,9290,540
2024-04-01,BR02,KYC & Onboarding,Premises,17500,18230,730
2024-04-01,BR02,KYC & Onboarding,Outsourcing,10210,12730,2520
2024-04-01,BR02,KYC & Onboarding,Training,2920,3040,120
2024-04-01,BR02,KYC & Onboarding,Other,4370,4270,-100
2024-04-01,BR02,AML & Financial Crime,Staff,89100,104680,15580
2024-04-01,BR02,AML & Financial Crime,Technology & Systems,24300,25630,1330
2024-04-01,BR02,AML & Financial Crime,Screening & Data Vendors,9720,10280,560
2024-04-01,BR02,AML & Financial Crime,Premises,19440,21300,1860
2024-04-01,BR02,AML & Financial Crime,Outsourcing,11340,13170,1830
2024-04-01,BR02,AML & Financial Crime,Training,3240,3200,-40
2024-04-01,BR02,AML & Financial Crime,Other,4860,4630,-230
2024-04-01,BR02,Payments Ops,Staff,62370,76250,13880
2024-04-01,BR02,Payments Ops,Technology & Systems,17010,16810,-200
2024-04-01,BR02,Payments Ops,Screening & Data Vendors,6800,6780,-20
2024-04-01,BR02,Payments Ops,Premises,13610,15930,2320
2024-04-01,BR02,Payments Ops,Outsourcing,7940,8420,480
2024-04-01,BR02,Payments Ops,Training,2270,2380,110
2024-04-01,BR02,Payments Ops,Other,3400,3710,310
2024-04-01,BR02,IT & Technology,Staff,106920,119030,12110
2024-04-01,BR02,IT & Technology,Technology & Systems,29160,29130,-30
2024-04-01,BR02,IT & Technology,Screening & Data Vendors,11660,10680,-980
2024-04-01,BR02,IT & Technology,Premises,23330,24160,830
2024-04-01,BR02,IT & Technology,Outsourcing,13610,15320,1710
2024-04-01,BR02,IT & Technology,Training,3890,4080,190
2024-04-01,BR02,IT & Technology,Other,5830,5600,-230
2024-04-01,BR02,Compliance,Staff,53460,66900,13440
2024-04-01,BR02,Compliance,Technology & Systems,14580,13690,-890
2024-04-01,BR02,Compliance,Screening & Data Vendors,5830,6280,450
2024-04-01,BR02,Compliance,Premises,11660,12270,610
2024-04-01,BR02,Compliance,Outsourcing,6800,8440,1640
2024-04-01,BR02,Compliance,Training,1940,1930,-10
2024-04-01,BR02,Compliance,Other,2920,3290,370
2024-05-01,BR02,Retail Banking Ops,Staff,178200,203750,25550
2024-05-01,BR02,Retail Banking Ops,Technology & Systems,48600,43970,-4630
2024-05-01,BR02,Retail Banking Ops,Screening & Data Vendors,19440,20410,970
2024-05-01,BR02,Retail Banking Ops,Premises,38880,40860,1980
2024-05-01,BR02,Retail Banking Ops,Outsourcing,22680,27450,4770
2024-05-01,BR02,Retail Banking Ops,Training,6480,7170,690
2024-05-01,BR02,Retail Banking Ops,Other,9720,10370,650
2024-05-01,BR02,KYC & Onboarding,Staff,80190,86830,6640
2024-05-01,BR02,KYC & Onboarding,Technology & Systems,21870,22110,240
2024-05-01,BR02,KYC & Onboarding,Screening & Data Vendors,8750,9640,890
2024-05-01,BR02,KYC & Onboarding,Premises,17500,18790,1290
2024-05-01,BR02,KYC & Onboarding,Outsourcing,10210,12540,2330
2024-05-01,BR02,KYC & Onboarding,Training,2920,2830,-90
2024-05-01,BR02,KYC & Onboarding,Other,4370,4890,520
2024-05-01,BR02,AML & Financial Crime,Staff,89100,107250,18150
2024-05-01,BR02,AML & Financial Crime,Technology & Systems,24300,24220,-80
2024-05-01,BR02,AML & Financial Crime,Screening & Data Vendors,9720,10550,830
2024-05-01,BR02,AML & Financial Crime,Premises,19440,19640,200
2024-05-01,BR02,AML & Financial Crime,Outsourcing,11340,13370,2030
2024-05-01,BR02,AML & Financial Crime,Training,3240,3550,310
2024-05-01,BR02,AML & Financial Crime,Other,4860,5050,190
2024-05-01,BR02,Payments Ops,Staff,62370,69530,7160
2024-05-01,BR02,Payments Ops,Technology & Systems,17010,17000,-10
2024-05-01,BR02,Payments Ops,Screening & Data Vendors,6800,7610,810
2024-05-01,BR02,Payments Ops,Premises,13610,11830,-1780
2024-05-01,BR02,Payments Ops,Outsourcing,7940,9100,1160
2024-05-01,BR02,Payments Ops,Training,2270,2220,-50
2024-05-01,BR02,Payments Ops,Other,3400,3250,-150
2024-05-01,BR02,IT & Technology,Staff,106920,120140,13220
2024-05-01,BR02,IT & Technology,Technology & Systems,29160,26310,-2850
2024-05-01,BR02,IT & Technology,Screening & Data Vendors,11660,11750,90
2024-05-01,BR02,IT & Technology,Premises,23330,23360,30
2024-05-01,BR02,IT & Technology,Outsourcing,13610,16220,2610
2024-05-01,BR02,IT & Technology,Training,3890,4010,120
2024-05-01,BR02,IT & Technology,Other,5830,6180,350
2024-05-01,BR02,Compliance,Staff,53460,64240,10780
2024-05-01,BR02,Compliance,Technology & Systems,14580,14780,200
2024-05-01,BR02,Compliance,Screening & Data Vendors,5830,5830,0
2024-05-01,BR02,Compliance,Premises,11660,11010,-650
2024-05-01,BR02,Compliance,Outsourcing,6800,7470,670
2024-05-01,BR02,Compliance,Training,1940,1960,20
2024-05-01,BR02,Compliance,Other,2920,2810,-110
2024-06-01,BR02,Retail Banking Ops,Staff,178200,207980,29780
2024-06-01,BR02,Retail Banking Ops,Technology & Systems,48600,49740,1140
2024-06-01,BR02,Retail Banking Ops,Screening & Data Vendors,19440,19300,-140
2024-06-01,BR02,Retail Banking Ops,Premises,38880,37120,-1760
2024-06-01,BR02,Retail Banking Ops,Outsourcing,22680,23640,960
2024-06-01,BR02,Retail Banking Ops,Training,6480,6750,270
2024-06-01,BR02,Retail Banking Ops,Other,9720,9800,80
2024-06-01,BR02,KYC & Onboarding,Staff,80190,102040,21850
2024-06-01,BR02,KYC & Onboarding,Technology & Systems,21870,23970,2100
2024-06-01,BR02,KYC & Onboarding,Screening & Data Vendors,8750,9590,840
2024-06-01,BR02,KYC & Onboarding,Premises,17500,17820,320
2024-06-01,BR02,KYC & Onboarding,Outsourcing,10210,12180,1970
2024-06-01,BR02,KYC & Onboarding,Training,2920,3010,90
2024-06-01,BR02,KYC & Onboarding,Other,4370,4980,610
2024-06-01,BR02,AML & Financial Crime,Staff,89100,107380,18280
2024-06-01,BR02,AML & Financial Crime,Technology & Systems,24300,27330,3030
2024-06-01,BR02,AML & Financial Crime,Screening & Data Vendors,9720,9750,30
2024-06-01,BR02,AML & Financial Crime,Premises,19440,20450,1010
2024-06-01,BR02,AML & Financial Crime,Outsourcing,11340,12300,960
2024-06-01,BR02,AML & Financial Crime,Training,3240,3590,350
2024-06-01,BR02,AML & Financial Crime,Other,4860,5060,200
2024-06-01,BR02,Payments Ops,Staff,62370,75320,12950
2024-06-01,BR02,Payments Ops,Technology & Systems,17010,15380,-1630
2024-06-01,BR02,Payments Ops,Screening & Data Vendors,6800,6690,-110
2024-06-01,BR02,Payments Ops,Premises,13610,13060,-550
2024-06-01,BR02,Payments Ops,Outsourcing,7940,9990,2050
2024-06-01,BR02,Payments Ops,Training,2270,2280,10
2024-06-01,BR02,Payments Ops,Other,3400,3420,20
2024-06-01,BR02,IT & Technology,Staff,106920,116920,10000
2024-06-01,BR02,IT & Technology,Technology & Systems,29160,30190,1030
2024-06-01,BR02,IT & Technology,Screening & Data Vendors,11660,11890,230
2024-06-01,BR02,IT & Technology,Premises,23330,24720,1390
2024-06-01,BR02,IT & Technology,Outsourcing,13610,14340,730
2024-06-01,BR02,IT & Technology,Training,3890,4440,550
2024-06-01,BR02,IT & Technology,Other,5830,6340,510
2024-06-01,BR02,Compliance,Staff,53460,57710,4250
2024-06-01,BR02,Compliance,Technology & Systems,14580,15480,900
2024-06-01,BR02,Compliance,Screening & Data Vendors,5830,6240,410
2024-06-01,BR02,Compliance,Premises,11660,12410,750
2024-06-01,BR02,Compliance,Outsourcing,6800,7410,610
2024-06-01,BR02,Compliance,Training,1940,2040,100
2024-06-01,BR02,Compliance,Other,2920,2680,-240
2024-07-01,BR02,Retail Banking Ops,Staff,178200,203530,25330
2024-07-01,BR02,Retail Banking Ops,Technology & Systems,48600,49800,1200
2024-07-01,BR02,Retail Banking Ops,Screening & Data Vendors,19440,17790,-1650
2024-07-01,BR02,Retail Banking Ops,Premises,38880,41710,2830
2024-07-01,BR02,Retail Banking Ops,Outsourcing,22680,27890,5210
2024-07-01,BR02,Retail Banking Ops,Training,6480,6330,-150
2024-07-01,BR02,Retail Banking Ops,Other,9720,10300,580
2024-07-01,BR02,KYC & Onboarding,Staff,80190,91780,11590
2024-07-01,BR02,KYC & Onboarding,Technology & Systems,21870,22590,720
2024-07-01,BR02,KYC & Onboarding,Screening & Data Vendors,8750,9950,1200
2024-07-01,BR02,KYC & Onboarding,Premises,17500,19790,2290
2024-07-01,BR02,KYC & Onboarding,Outsourcing,10210,12450,2240
2024-07-01,BR02,KYC & Onboarding,Training,2920,3100,180
2024-07-01,BR02,KYC & Onboarding,Other,4370,4850,480
2024-07-01,BR02,AML & Financial Crime,Staff,89100,106550,17450
2024-07-01,BR02,AML & Financial Crime,Technology & Systems,24300,26790,2490
2024-07-01,BR02,AML & Financial Crime,Screening & Data Vendors,9720,11070,1350
2024-07-01,BR02,AML & Financial Crime,Premises,19440,20790,1350
2024-07-01,BR02,AML & Financial Crime,Outsourcing,11340,12940,1600
2024-07-01,BR02,AML & Financial Crime,Training,3240,3430,190
2024-07-01,BR02,AML & Financial Crime,Other,4860,5430,570
2024-07-01,BR02,Payments Ops,Staff,62370,70490,8120
2024-07-01,BR02,Payments Ops,Technology & Systems,17010,18370,1360
2024-07-01,BR02,Payments Ops,Screening & Data Vendors,6800,6940,140
2024-07-01,BR02,Payments Ops,Premises,13610,13730,120
2024-07-01,BR02,Payments Ops,Outsourcing,7940,9220,1280
2024-07-01,BR02,Payments Ops,Training,2270,2350,80
2024-07-01,BR02,Payments Ops,Other,3400,3510,110
2024-07-01,BR02,IT & Technology,Staff,106920,114880,7960
2024-07-01,BR02,IT & Technology,Technology & Systems,29160,28650,-510
2024-07-01,BR02,IT & Technology,Screening & Data Vendors,11660,12050,390
2024-07-01,BR02,IT & Technology,Premises,23330,24730,1400
2024-07-01,BR02,IT & Technology,Outsourcing,13610,14970,1360
2024-07-01,BR02,IT & Technology,Training,3890,4330,440
2024-07-01,BR02,IT & Technology,Other,5830,5410,-420
2024-07-01,BR02,Compliance,Staff,53460,60580,7120
2024-07-01,BR02,Compliance,Technology & Systems,14580,14050,-530
2024-07-01,BR02,Compliance,Screening & Data Vendors,5830,5850,20
2024-07-01,BR02,Compliance,Premises,11660,11210,-450
2024-07-01,BR02,Compliance,Outsourcing,6800,8070,1270
2024-07-01,BR02,Compliance,Training,1940,1940,0
2024-07-01,BR02,Compliance,Other,2920,2790,-130
2024-08-01,BR02,Retail Banking Ops,Staff,178200,214950,36750
2024-08-01,BR02,Retail Banking Ops,Technology & Systems,48600,44500,-4100
2024-08-01,BR02,Retail Banking Ops,Screening & Data Vendors,19440,20130,690
2024-08-01,BR02,Retail Banking Ops,Premises,38880,35960,-2920
2024-08-01,BR02,Retail Banking Ops,Outsourcing,22680,26740,4060
2024-08-01,BR02,Retail Banking Ops,Training,6480,6430,-50
2024-08-01,BR02,Retail Banking Ops,Other,9720,9930,210
2024-08-01,BR02,KYC & Onboarding,Staff,80190,94450,14260
2024-08-01,BR02,KYC & Onboarding,Technology & Systems,21870,22440,570
2024-08-01,BR02,KYC & Onboarding,Screening & Data Vendors,8750,10090,1340
2024-08-01,BR02,KYC & Onboarding,Premises,17500,18150,650
2024-08-01,BR02,KYC & Onboarding,Outsourcing,10210,12070,1860
2024-08-01,BR02,KYC & Onboarding,Training,2920,3250,330
2024-08-01,BR02,KYC & Onboarding,Other,4370,4550,180
2024-08-01,BR02,AML & Financial Crime,Staff,89100,106880,17780
2024-08-01,BR02,AML & Financial Crime,Technology & Systems,24300,26430,2130
2024-08-01,BR02,AML & Financial Crime,Screening & Data Vendors,9720,10790,1070
2024-08-01,BR02,AML & Financial Crime,Premises,19440,20070,630
2024-08-01,BR02,AML & Financial Crime,Outsourcing,11340,13620,2280
2024-08-01,BR02,AML & Financial Crime,Training,3240,3320,80
2024-08-01,BR02,AML & Financial Crime,Other,4860,5180,320
2024-08-01,BR02,Payments Ops,Staff,62370,70550,8180
2024-08-01,BR02,Payments Ops,Technology & Systems,17010,18250,1240
2024-08-01,BR02,Payments Ops,Screening & Data Vendors,6800,7300,500
2024-08-01,BR02,Payments Ops,Premises,13610,13680,70
2024-08-01,BR02,Payments Ops,Outsourcing,7940,9090,1150
2024-08-01,BR02,Payments Ops,Training,2270,2330,60
2024-08-01,BR02,Payments Ops,Other,3400,3700,300
2024-08-01,BR02,IT & Technology,Staff,106920,123420,16500
2024-08-01,BR02,IT & Technology,Technology & Systems,29160,28970,-190
2024-08-01,BR02,IT & Technology,Screening & Data Vendors,11660,12180,520
2024-08-01,BR02,IT & Technology,Premises,23330,21620,-1710
2024-08-01,BR02,IT & Technology,Outsourcing,13610,16100,2490
2024-08-01,BR02,IT & Technology,Training,3890,4230,340
2024-08-01,BR02,IT & Technology,Other,5830,6130,300
2024-08-01,BR02,Compliance,Staff,53460,65760,12300
2024-08-01,BR02,Compliance,Technology & Systems,14580,14900,320
2024-08-01,BR02,Compliance,Screening & Data Vendors,5830,5920,90
2024-08-01,BR02,Compliance,Premises,11660,10470,-1190
2024-08-01,BR02,Compliance,Outsourcing,6800,7500,700
2024-08-01,BR02,Compliance,Training,1940,2020,80
2024-08-01,BR02,Compliance,Other,2920,2950,30
2024-09-01,BR02,Retail Banking Ops,Staff,178200,204670,26470
2024-09-01,BR02,Retail Banking Ops,Technology & Systems,48600,45940,-2660
2024-09-01,BR02,Retail Banking Ops,Screening & Data Vendors,19440,20370,930
2024-09-01,BR02,Retail Banking Ops,Premises,38880,38490,-390
2024-09-01,BR02,Retail Banking Ops,Outsourcing,22680,25970,3290
2024-09-01,BR02,Retail Banking Ops,Training,6480,6910,430
2024-09-01,BR02,Retail Banking Ops,Other,9720,10850,1130
2024-09-01,BR02,KYC & Onboarding,Staff,80190,91390,11200
2024-09-01,BR02,KYC & Onboarding,Technology & Systems,21870,25120,3250
2024-09-01,BR02,KYC & Onboarding,Screening & Data Vendors,8750,9370,620
2024-09-01,BR02,KYC & Onboarding,Premises,17500,19820,2320
2024-09-01,BR02,KYC & Onboarding,Outsourcing,10210,11950,1740
2024-09-01,BR02,KYC & Onboarding,Training,2920,3070,150
2024-09-01,BR02,KYC & Onboarding,Other,4370,4780,410
2024-09-01,BR02,AML & Financial Crime,Staff,89100,111320,22220
2024-09-01,BR02,AML & Financial Crime,Technology & Systems,24300,25060,760
2024-09-01,BR02,AML & Financial Crime,Screening & Data Vendors,9720,11240,1520
2024-09-01,BR02,AML & Financial Crime,Premises,19440,21590,2150
2024-09-01,BR02,AML & Financial Crime,Outsourcing,11340,13810,2470
2024-09-01,BR02,AML & Financial Crime,Training,3240,3540,300
2024-09-01,BR02,AML & Financial Crime,Other,4860,5380,520
2024-09-01,BR02,Payments Ops,Staff,62370,71770,9400
2024-09-01,BR02,Payments Ops,Technology & Systems,17010,19240,2230
2024-09-01,BR02,Payments Ops,Screening & Data Vendors,6800,6650,-150
2024-09-01,BR02,Payments Ops,Premises,13610,13800,190
2024-09-01,BR02,Payments Ops,Outsourcing,7940,8630,690
2024-09-01,BR02,Payments Ops,Training,2270,2200,-70
2024-09-01,BR02,Payments Ops,Other,3400,3270,-130
2024-09-01,BR02,IT & Technology,Staff,106920,125520,18600
2024-09-01,BR02,IT & Technology,Technology & Systems,29160,26880,-2280
2024-09-01,BR02,IT & Technology,Screening & Data Vendors,11660,10650,-1010
2024-09-01,BR02,IT & Technology,Premises,23330,22640,-690
2024-09-01,BR02,IT & Technology,Outsourcing,13610,15540,1930
2024-09-01,BR02,IT & Technology,Training,3890,4070,180
2024-09-01,BR02,IT & Technology,Other,5830,5790,-40
2024-09-01,BR02,Compliance,Staff,53460,61440,7980
2024-09-01,BR02,Compliance,Technology & Systems,14580,16060,1480
2024-09-01,BR02,Compliance,Screening & Data Vendors,5830,5940,110
2024-09-01,BR02,Compliance,Premises,11660,11750,90
2024-09-01,BR02,Compliance,Outsourcing,6800,8250,1450
2024-09-01,BR02,Compliance,Training,1940,2010,70
2024-09-01,BR02,Compliance,Other,2920,3060,140
2024-10-01,BR02,Retail Banking Ops,Staff,178200,207020,28820
2024-10-01,BR02,Retail Banking Ops,Technology & Systems,48600,49360,760
2024-10-01,BR02,Retail Banking Ops,Screening & Data Vendors,19440,18420,-1020
2024-10-01,BR02,Retail Banking Ops,Premises,38880,42260,3380
2024-10-01,BR02,Retail Banking Ops,Outsourcing,22680,27710,5030
2024-10-01,BR02,Retail Banking Ops,Training,6480,7250,770
2024-10-01,BR02,Retail Banking Ops,Other,9720,9510,-210
2024-10-01,BR02,KYC & Onboarding,Staff,80190,101690,21500
2024-10-01,BR02,KYC & Onboarding,Technology & Systems,21870,22810,940
2024-10-01,BR02,KYC & Onboarding,Screening & Data Vendors,8750,9140,390
2024-10-01,BR02,KYC & Onboarding,Premises,17500,17800,300
2024-10-01,BR02,KYC & Onboarding,Outsourcing,10210,12740,2530
2024-10-01,BR02,KYC & Onboarding,Training,2920,3300,380
2024-10-01,BR02,KYC & Onboarding,Other,4370,5150,780
2024-10-01,BR02,AML & Financial Crime,Staff,89100,110310,21210
2024-10-01,BR02,AML & Financial Crime,Technology & Systems,24300,26450,2150
2024-10-01,BR02,AML & Financial Crime,Screening & Data Vendors,9720,11130,1410
2024-10-01,BR02,AML & Financial Crime,Premises,19440,21740,2300
2024-10-01,BR02,AML & Financial Crime,Outsourcing,11340,13860,2520
2024-10-01,BR02,AML & Financial Crime,Training,3240,3510,270
2024-10-01,BR02,AML & Financial Crime,Other,4860,5490,630
2024-10-01,BR02,Payments Ops,Staff,62370,71250,8880
2024-10-01,BR02,Payments Ops,Technology & Systems,17010,16200,-810
2024-10-01,BR02,Payments Ops,Screening & Data Vendors,6800,6840,40
2024-10-01,BR02,Payments Ops,Premises,13610,15560,1950
2024-10-01,BR02,Payments Ops,Outsourcing,7940,9760,1820
2024-10-01,BR02,Payments Ops,Training,2270,2430,160
2024-10-01,BR02,Payments Ops,Other,3400,3990,590
2024-10-01,BR02,IT & Technology,Staff,106920,126030,19110
2024-10-01,BR02,IT & Technology,Technology & Systems,29160,31140,1980
2024-10-01,BR02,IT & Technology,Screening & Data Vendors,11660,12050,390
2024-10-01,BR02,IT & Technology,Premises,23330,24370,1040
2024-10-01,BR02,IT & Technology,Outsourcing,13610,15820,2210
2024-10-01,BR02,IT & Technology,Training,3890,4350,460
2024-10-01,BR02,IT & Technology,Other,5830,6180,350
2024-10-01,BR02,Compliance,Staff,53460,72410,18950
2024-10-01,BR02,Compliance,Technology & Systems,14580,15040,460
2024-10-01,BR02,Compliance,Screening & Data Vendors,5830,6130,300
2024-10-01,BR02,Compliance,Premises,11660,11750,90
2024-10-01,BR02,Compliance,Outsourcing,6800,7490,690
2024-10-01,BR02,Compliance,Training,1940,1980,40
2024-10-01,BR02,Compliance,Other,2920,3120,200
2024-11-01,BR02,Retail Banking Ops,Staff,178200,208420,30220
2024-11-01,BR02,Retail Banking Ops,Technology & Systems,48600,44300,-4300
2024-11-01,BR02,Retail Banking Ops,Screening & Data Vendors,19440,21350,1910
2024-11-01,BR02,Retail Banking Ops,Premises,38880,43380,4500
2024-11-01,BR02,Retail Banking Ops,Outsourcing,22680,26540,3860
2024-11-01,BR02,Retail Banking Ops,Training,6480,6630,150
2024-11-01,BR02,Retail Banking Ops,Other,9720,9100,-620
2024-11-01,BR02,KYC & Onboarding,Staff,80190,100010,19820
2024-11-01,BR02,KYC & Onboarding,Technology & Systems,21870,23340,1470
2024-11-01,BR02,KYC & Onboarding,Screening & Data Vendors,8750,8890,140
2024-11-01,BR02,KYC & Onboarding,Premises,17500,20490,2990
2024-11-01,BR02,KYC & Onboarding,Outsourcing,10210,13590,3380
2024-11-01,BR02,KYC & Onboarding,Training,2920,3090,170
2024-11-01,BR02,KYC & Onboarding,Other,4370,4710,340
2024-11-01,BR02,AML & Financial Crime,Staff,89100,111500,22400
2024-11-01,BR02,AML & Financial Crime,Technology & Systems,24300,28580,4280
2024-11-01,BR02,AML & Financial Crime,Screening & Data Vendors,9720,10780,1060
2024-11-01,BR02,AML & Financial Crime,Premises,19440,22060,2620
2024-11-01,BR02,AML & Financial Crime,Outsourcing,11340,14620,3280
2024-11-01,BR02,AML & Financial Crime,Training,3240,3650,410
2024-11-01,BR02,AML & Financial Crime,Other,4860,5270,410
2024-11-01,BR02,Payments Ops,Staff,62370,66100,3730
2024-11-01,BR02,Payments Ops,Technology & Systems,17010,17160,150
2024-11-01,BR02,Payments Ops,Screening & Data Vendors,6800,7120,320
2024-11-01,BR02,Payments Ops,Premises,13610,14860,1250
2024-11-01,BR02,Payments Ops,Outsourcing,7940,8680,740
2024-11-01,BR02,Payments Ops,Training,2270,2430,160
2024-11-01,BR02,Payments Ops,Other,3400,3520,120
2024-11-01,BR02,IT & Technology,Staff,106920,120150,13230
2024-11-01,BR02,IT & Technology,Technology & Systems,29160,30320,1160
2024-11-01,BR02,IT & Technology,Screening & Data Vendors,11660,12150,490
2024-11-01,BR02,IT & Technology,Premises,23330,24370,1040
2024-11-01,BR02,IT & Technology,Outsourcing,13610,14980,1370
2024-11-01,BR02,IT & Technology,Training,3890,4000,110
2024-11-01,BR02,IT & Technology,Other,5830,6740,910
2024-11-01,BR02,Compliance,Staff,53460,64130,10670
2024-11-01,BR02,Compliance,Technology & Systems,14580,14300,-280
2024-11-01,BR02,Compliance,Screening & Data Vendors,5830,6230,400
2024-11-01,BR02,Compliance,Premises,11660,11750,90
2024-11-01,BR02,Compliance,Outsourcing,6800,7970,1170
2024-11-01,BR02,Compliance,Training,1940,2150,210
2024-11-01,BR02,Compliance,Other,2920,3300,380
2024-12-01,BR02,Retail Banking Ops,Staff,178200,207070,28870
2024-12-01,BR02,Retail Banking Ops,Technology & Systems,48600,51200,2600
2024-12-01,BR02,Retail Banking Ops,Screening & Data Vendors,19440,20700,1260
2024-12-01,BR02,Retail Banking Ops,Premises,38880,43140,4260
2024-12-01,BR02,Retail Banking Ops,Outsourcing,22680,26320,3640
2024-12-01,BR02,Retail Banking Ops,Training,6480,6600,120
2024-12-01,BR02,Retail Banking Ops,Other,9720,10150,430
2024-12-01,BR02,KYC & Onboarding,Staff,80190,100740,20550
2024-12-01,BR02,KYC & Onboarding,Technology & Systems,21870,24690,2820
2024-12-01,BR02,KYC & Onboarding,Screening & Data Vendors,8750,10700,1950
2024-12-01,BR02,KYC & Onboarding,Premises,17500,18520,1020
2024-12-01,BR02,KYC & Onboarding,Outsourcing,10210,12050,1840
2024-12-01,BR02,KYC & Onboarding,Training,2920,3210,290
2024-12-01,BR02,KYC & Onboarding,Other,4370,4890,520
2024-12-01,BR02,AML & Financial Crime,Staff,89100,112510,23410
2024-12-01,BR02,AML & Financial Crime,Technology & Systems,24300,30210,5910
2024-12-01,BR02,AML & Financial Crime,Screening & Data Vendors,9720,10770,1050
2024-12-01,BR02,AML & Financial Crime,Premises,19440,21490,2050
2024-12-01,BR02,AML & Financial Crime,Outsourcing,11340,14650,3310
2024-12-01,BR02,AML & Financial Crime,Training,3240,3980,740
2024-12-01,BR02,AML & Financial Crime,Other,4860,4940,80
2024-12-01,BR02,Payments Ops,Staff,62370,76670,14300
2024-12-01,BR02,Payments Ops,Technology & Systems,17010,19000,1990
2024-12-01,BR02,Payments Ops,Screening & Data Vendors,6800,7390,590
2024-12-01,BR02,Payments Ops,Premises,13610,14580,970
2024-12-01,BR02,Payments Ops,Outsourcing,7940,9800,1860
2024-12-01,BR02,Payments Ops,Training,2270,2500,230
2024-12-01,BR02,Payments Ops,Other,3400,3360,-40
2024-12-01,BR02,IT & Technology,Staff,106920,117910,10990
2024-12-01,BR02,IT & Technology,Technology & Systems,29160,32340,3180
2024-12-01,BR02,IT & Technology,Screening & Data Vendors,11660,11560,-100
2024-12-01,BR02,IT & Technology,Premises,23330,24520,1190
2024-12-01,BR02,IT & Technology,Outsourcing,13610,16450,2840
2024-12-01,BR02,IT & Technology,Training,3890,3940,50
2024-12-01,BR02,IT & Technology,Other,5830,6320,490
2024-12-01,BR02,Compliance,Staff,53460,52880,-580
2024-12-01,BR02,Compliance,Technology & Systems,14580,15630,1050
2024-12-01,BR02,Compliance,Screening & Data Vendors,5830,6080,250
2024-12-01,BR02,Compliance,Premises,11660,12310,650
2024-12-01,BR02,Compliance,Outsourcing,6800,8290,1490
2024-12-01,BR02,Compliance,Training,1940,2060,120
2024-12-01,BR02,Compliance,Other,2920,3100,180
2025-01-01,BR02,Retail Banking Ops,Staff,178200,223290,45090
2025-01-01,BR02,Retail Banking Ops,Technology & Systems,48600,49930,1330
2025-01-01,BR02,Retail Banking Ops,Screening & Data Vendors,19440,22010,2570
2025-01-01,BR02,Retail Banking Ops,Premises,38880,41930,3050
2025-01-01,BR02,Retail Banking Ops,Outsourcing,22680,25860,3180
2025-01-01,BR02,Retail Banking Ops,Training,6480,6410,-70
2025-01-01,BR02,Retail Banking Ops,Other,9720,10460,740
2025-01-01,BR02,KYC & Onboarding,Staff,80190,101040,20850
2025-01-01,BR02,KYC & Onboarding,Technology & Systems,21870,25320,3450
2025-01-01,BR02,KYC & Onboarding,Screening & Data Vendors,8750,11140,2390
2025-01-01,BR02,KYC & Onboarding,Premises,17500,19580,2080
2025-01-01,BR02,KYC & Onboarding,Outsourcing,10210,12000,1790
2025-01-01,BR02,KYC & Onboarding,Training,2920,3250,330
2025-01-01,BR02,KYC & Onboarding,Other,4370,5040,670
2025-01-01,BR02,AML & Financial Crime,Staff,89100,118190,29090
2025-01-01,BR02,AML & Financial Crime,Technology & Systems,24300,28510,4210
2025-01-01,BR02,AML & Financial Crime,Screening & Data Vendors,9720,10810,1090
2025-01-01,BR02,AML & Financial Crime,Premises,19440,22150,2710
2025-01-01,BR02,AML & Financial Crime,Outsourcing,11340,13820,2480
2025-01-01,BR02,AML & Financial Crime,Training,3240,3650,410
2025-01-01,BR02,AML & Financial Crime,Other,4860,5120,260
2025-01-01,BR02,Payments Ops,Staff,62370,67990,5620
2025-01-01,BR02,Payments Ops,Technology & Systems,17010,17750,740
2025-01-01,BR02,Payments Ops,Screening & Data Vendors,6800,7260,460
2025-01-01,BR02,Payments Ops,Premises,13610,13170,-440
2025-01-01,BR02,Payments Ops,Outsourcing,7940,9370,1430
2025-01-01,BR02,Payments Ops,Training,2270,2310,40
2025-01-01,BR02,Payments Ops,Other,3400,3330,-70
2025-01-01,BR02,IT & Technology,Staff,106920,122010,15090
2025-01-01,BR02,IT & Technology,Technology & Systems,29160,31280,2120
2025-01-01,BR02,IT & Technology,Screening & Data Vendors,11660,12530,870
2025-01-01,BR02,IT & Technology,Premises,23330,23600,270
2025-01-01,BR02,IT & Technology,Outsourcing,13610,16350,2740
2025-01-01,BR02,IT & Technology,Training,3890,4180,290
2025-01-01,BR02,IT & Technology,Other,5830,5960,130
2025-01-01,BR02,Compliance,Staff,53460,65980,12520
2025-01-01,BR02,Compliance,Technology & Systems,14580,13780,-800
2025-01-01,BR02,Compliance,Screening & Data Vendors,5830,5700,-130
2025-01-01,BR02,Compliance,Premises,11660,13070,1410
2025-01-01,BR02,Compliance,Outsourcing,6800,8650,1850
2025-01-01,BR02,Compliance,Training,1940,2130,190
2025-01-01,BR02,Compliance,Other,2920,2800,-120
2025-02-01,BR02,Retail Banking Ops,Staff,178200,204920,26720
2025-02-01,BR02,Retail Banking Ops,Technology & Systems,48600,54460,5860
2025-02-01,BR02,Retail Banking Ops,Screening & Data Vendors,19440,17900,-1540
2025-02-01,BR02,Retail Banking Ops,Premises,38880,42290,3410
2025-02-01,BR02,Retail Banking Ops,Outsourcing,22680,27010,4330
2025-02-01,BR02,Retail Banking Ops,Training,6480,6900,420
2025-02-01,BR02,Retail Banking Ops,Other,9720,10450,730
2025-02-01,BR02,KYC & Onboarding,Staff,80190,102410,22220
2025-02-01,BR02,KYC & Onboarding,Technology & Systems,21870,26060,4190
2025-02-01,BR02,KYC & Onboarding,Screening & Data Vendors,8750,10110,1360
2025-02-01,BR02,KYC & Onboarding,Premises,17500,20450,2950
2025-02-01,BR02,KYC & Onboarding,Outsourcing,10210,12080,1870
2025-02-01,BR02,KYC & Onboarding,Training,2920,3340,420
2025-02-01,BR02,KYC & Onboarding,Other,4370,4760,390
2025-02-01,BR02,AML & Financial Crime,Staff,89100,115720,26620
2025-02-01,BR02,AML & Financial Crime,Technology & Systems,24300,27020,2720
2025-02-01,BR02,AML & Financial Crime,Screening & Data Vendors,9720,11730,2010
2025-02-01,BR02,AML & Financial Crime,Premises,19440,20210,770
2025-02-01,BR02,AML & Financial Crime,Outsourcing,11340,13810,2470
2025-02-01,BR02,AML & Financial Crime,Training,3240,3560,320
2025-02-01,BR02,AML & Financial Crime,Other,4860,5780,920
2025-02-01,BR02,Payments Ops,Staff,62370,74050,11680
2025-02-01,BR02,Payments Ops,Technology & Systems,17010,18030,1020
2025-02-01,BR02,Payments Ops,Screening & Data Vendors,6800,7420,620
2025-02-01,BR02,Payments Ops,Premises,13610,14140,530
2025-02-01,BR02,Payments Ops,Outsourcing,7940,9380,1440
2025-02-01,BR02,Payments Ops,Training,2270,2530,260
2025-02-01,BR02,Payments Ops,Other,3400,3750,350
2025-02-01,BR02,IT & Technology,Staff,106920,132290,25370
2025-02-01,BR02,IT & Technology,Technology & Systems,29160,30980,1820
2025-02-01,BR02,IT & Technology,Screening & Data Vendors,11660,12220,560
2025-02-01,BR02,IT & Technology,Premises,23330,25170,1840
2025-02-01,BR02,IT & Technology,Outsourcing,13610,15500,1890
2025-02-01,BR02,IT & Technology,Training,3890,4130,240
2025-02-01,BR02,IT & Technology,Other,5830,5890,60
2025-02-01,BR02,Compliance,Staff,53460,67770,14310
2025-02-01,BR02,Compliance,Technology & Systems,14580,14820,240
2025-02-01,BR02,Compliance,Screening & Data Vendors,5830,5950,120
2025-02-01,BR02,Compliance,Premises,11660,12420,760
2025-02-01,BR02,Compliance,Outsourcing,6800,7400,600
2025-02-01,BR02,Compliance,Training,1940,2070,130
2025-02-01,BR02,Compliance,Other,2920,2820,-100
2025-03-01,BR02,Retail Banking Ops,Staff,178200,219660,41460
2025-03-01,BR02,Retail Banking Ops,Technology & Systems,48600,51150,2550
2025-03-01,BR02,Retail Banking Ops,Screening & Data Vendors,19440,19340,-100
2025-03-01,BR02,Retail Banking Ops,Premises,38880,37170,-1710
2025-03-01,BR02,Retail Banking Ops,Outsourcing,22680,27300,4620
2025-03-01,BR02,Retail Banking Ops,Training,6480,6420,-60
2025-03-01,BR02,Retail Banking Ops,Other,9720,9630,-90
2025-03-01,BR02,KYC & Onboarding,Staff,80190,105280,25090
2025-03-01,BR02,KYC & Onboarding,Technology & Systems,21870,24440,2570
2025-03-01,BR02,KYC & Onboarding,Screening & Data Vendors,8750,9360,610
2025-03-01,BR02,KYC & Onboarding,Premises,17500,20250,2750
2025-03-01,BR02,KYC & Onboarding,Outsourcing,10210,13440,3230
2025-03-01,BR02,KYC & Onboarding,Training,2920,3540,620
2025-03-01,BR02,KYC & Onboarding,Other,4370,5080,710
2025-03-01,BR02,AML & Financial Crime,Staff,89100,109550,20450
2025-03-01,BR02,AML & Financial Crime,Technology & Systems,24300,29120,4820
2025-03-01,BR02,AML & Financial Crime,Screening & Data Vendors,9720,10880,1160
2025-03-01,BR02,AML & Financial Crime,Premises,19440,22110,2670
2025-03-01,BR02,AML & Financial Crime,Outsourcing,11340,13460,2120
2025-03-01,BR02,AML & Financial Crime,Training,3240,3490,250
2025-03-01,BR02,AML & Financial Crime,Other,4860,5710,850
2025-03-01,BR02,Payments Ops,Staff,62370,79770,17400
2025-03-01,BR02,Payments Ops,Technology & Systems,17010,19120,2110
2025-03-01,BR02,Payments Ops,Screening & Data Vendors,6800,7030,230
2025-03-01,BR02,Payments Ops,Premises,13610,14120,510
2025-03-01,BR02,Payments Ops,Outsourcing,7940,10680,2740
2025-03-01,BR02,Payments Ops,Training,2270,2290,20
2025-03-01,BR02,Payments Ops,Other,3400,3650,250
2025-03-01,BR02,IT & Technology,Staff,106920,134260,27340
2025-03-01,BR02,IT & Technology,Technology & Systems,29160,30120,960
2025-03-01,BR02,IT & Technology,Screening & Data Vendors,11660,12440,780
2025-03-01,BR02,IT & Technology,Premises,23330,24140,810
2025-03-01,BR02,IT & Technology,Outsourcing,13610,17530,3920
2025-03-01,BR02,IT & Technology,Training,3890,4050,160
2025-03-01,BR02,IT & Technology,Other,5830,6290,460
2025-03-01,BR02,Compliance,Staff,53460,66020,12560
2025-03-01,BR02,Compliance,Technology & Systems,14580,15360,780
2025-03-01,BR02,Compliance,Screening & Data Vendors,5830,5730,-100
2025-03-01,BR02,Compliance,Premises,11660,11430,-230
2025-03-01,BR02,Compliance,Outsourcing,6800,8240,1440
2025-03-01,BR02,Compliance,Training,1940,2130,190
2025-03-01,BR02,Compliance,Other,2920,3140,220
2025-04-01,BR02,Retail Banking Ops,Staff,178200,220890,42690
2025-04-01,BR02,Retail Banking Ops,Technology & Systems,48600,49570,970
2025-04-01,BR02,Retail Banking Ops,Screening & Data Vendors,19440,20220,780
2025-04-01,BR02,Retail Banking Ops,Premises,38880,39750,870
2025-04-01,BR02,Retail Banking Ops,Outsourcing,22680,24690,2010
2025-04-01,BR02,Retail Banking Ops,Training,6480,6820,340
2025-04-01,BR02,Retail Banking Ops,Other,9720,11080,1360
2025-04-01,BR02,KYC & Onboarding,Staff,80190,105130,24940
2025-04-01,BR02,KYC & Onboarding,Technology & Systems,21870,22770,900
2025-04-01,BR02,KYC & Onboarding,Screening & Data Vendors,8750,11060,2310
2025-04-01,BR02,KYC & Onboarding,Premises,17500,21930,4430
2025-04-01,BR02,KYC & Onboarding,Outsourcing,10210,14100,3890
2025-04-01,BR02,KYC & Onboarding,Training,2920,3280,360
2025-04-01,BR02,KYC & Onboarding,Other,4370,5090,720
2025-04-01,BR02,AML & Financial Crime,Staff,89100,123780,34680
2025-04-01,BR02,AML & Financial Crime,Technology & Systems,24300,26530,2230
2025-04-01,BR02,AML & Financial Crime,Screening & Data Vendors,9720,11120,1400
2025-04-01,BR02,AML & Financial Crime,Premises,19440,22890,3450
2025-04-01,BR02,AML & Financial Crime,Outsourcing,11340,14640,3300
2025-04-01,BR02,AML & Financial Crime,Training,3240,3820,580
2025-04-01,BR02,AML & Financial Crime,Other,4860,5530,670
2025-04-01,BR02,Payments Ops,Staff,62370,80150,17780
2025-04-01,BR02,Payments Ops,Technology & Systems,17010,17870,860
2025-04-01,BR02,Payments Ops,Screening & Data Vendors,6800,7360,560
2025-04-01,BR02,Payments Ops,Premises,13610,14060,450
2025-04-01,BR02,Payments Ops,Outsourcing,7940,8760,820
2025-04-01,BR02,Payments Ops,Training,2270,2400,130
2025-04-01,BR02,Payments Ops,Other,3400,3820,420
2025-04-01,BR02,IT & Technology,Staff,106920,129600,22680
2025-04-01,BR02,IT & Technology,Technology & Systems,29160,32170,3010
2025-04-01,BR02,IT & Technology,Screening & Data Vendors,11660,12220,560
2025-04-01,BR02,IT & Technology,Premises,23330,24360,1030
2025-04-01,BR02,IT & Technology,Outsourcing,13610,16680,3070
2025-04-01,BR02,IT & Technology,Training,3890,4120,230
2025-04-01,BR02,IT & Technology,Other,5830,6130,300
2025-04-01,BR02,Compliance,Staff,53460,63060,9600
2025-04-01,BR02,Compliance,Technology & Systems,14580,16900,2320
2025-04-01,BR02,Compliance,Screening & Data Vendors,5830,6630,800
2025-04-01,BR02,Compliance,Premises,11660,12680,1020
2025-04-01,BR02,Compliance,Outsourcing,6800,7850,1050
2025-04-01,BR02,Compliance,Training,1940,2190,250
2025-04-01,BR02,Compliance,Other,2920,2990,70
2025-05-01,BR02,Retail Banking Ops,Staff,178200,226410,48210
2025-05-01,BR02,Retail Banking Ops,Technology & Systems,48600,49140,540
2025-05-01,BR02,Retail Banking Ops,Screening & Data Vendors,19440,20300,860
2025-05-01,BR02,Retail Banking Ops,Premises,38880,40370,1490
2025-05-01,BR02,Retail Banking Ops,Outsourcing,22680,28190,5510
2025-05-01,BR02,Retail Banking Ops,Training,6480,7520,1040
2025-05-01,BR02,Retail Banking Ops,Other,9720,10530,810
2025-05-01,BR02,KYC & Onboarding,Staff,80190,110460,30270
2025-05-01,BR02,KYC & Onboarding,Technology & Systems,21870,26860,4990
2025-05-01,BR02,KYC & Onboarding,Screening & Data Vendors,8750,10340,1590
2025-05-01,BR02,KYC & Onboarding,Premises,17500,20550,3050
2025-05-01,BR02,KYC & Onboarding,Outsourcing,10210,14350,4140
2025-05-01,BR02,KYC & Onboarding,Training,2920,3530,610
2025-05-01,BR02,KYC & Onboarding,Other,4370,5040,670
2025-05-01,BR02,AML & Financial Crime,Staff,89100,117360,28260
2025-05-01,BR02,AML & Financial Crime,Technology & Systems,24300,27640,3340
2025-05-01,BR02,AML & Financial Crime,Screening & Data Vendors,9720,11770,2050
2025-05-01,BR02,AML & Financial Crime,Premises,19440,22160,2720
2025-05-01,BR02,AML & Financial Crime,Outsourcing,11340,14640,3300
2025-05-01,BR02,AML & Financial Crime,Training,3240,3910,670
2025-05-01,BR02,AML & Financial Crime,Other,4860,5570,710
2025-05-01,BR02,Payments Ops,Staff,62370,77290,14920
2025-05-01,BR02,Payments Ops,Technology & Systems,17010,17790,780
2025-05-01,BR02,Payments Ops,Screening & Data Vendors,6800,7250,450
2025-05-01,BR02,Payments Ops,Premises,13610,15470,1860
2025-05-01,BR02,Payments Ops,Outsourcing,7940,10150,2210
2025-05-01,BR02,Payments Ops,Training,2270,2660,390
2025-05-01,BR02,Payments Ops,Other,3400,3760,360
2025-05-01,BR02,IT & Technology,Staff,106920,126870,19950
2025-05-01,BR02,IT & Technology,Technology & Systems,29160,33810,4650
2025-05-01,BR02,IT & Technology,Screening & Data Vendors,11660,11550,-110
2025-05-01,BR02,IT & Technology,Premises,23330,25520,2190
2025-05-01,BR02,IT & Technology,Outsourcing,13610,15780,2170
2025-05-01,BR02,IT & Technology,Training,3890,4140,250
2025-05-01,BR02,IT & Technology,Other,5830,6060,230
2025-05-01,BR02,Compliance,Staff,53460,70160,16700
2025-05-01,BR02,Compliance,Technology & Systems,14580,14650,70
2025-05-01,BR02,Compliance,Screening & Data Vendors,5830,6510,680
2025-05-01,BR02,Compliance,Premises,11660,12530,870
2025-05-01,BR02,Compliance,Outsourcing,6800,8260,1460
2025-05-01,BR02,Compliance,Training,1940,2080,140
2025-05-01,BR02,Compliance,Other,2920,3030,110
2025-06-01,BR02,Retail Banking Ops,Staff,178200,212280,34080
2025-06-01,BR02,Retail Banking Ops,Technology & Systems,48600,53060,4460
2025-06-01,BR02,Retail Banking Ops,Screening & Data Vendors,19440,19800,360
2025-06-01,BR02,Retail Banking Ops,Premises,38880,38460,-420
2025-06-01,BR02,Retail Banking Ops,Outsourcing,22680,28930,6250
2025-06-01,BR02,Retail Banking Ops,Training,6480,6460,-20
2025-06-01,BR02,Retail Banking Ops,Other,9720,9170,-550
2025-06-01,BR02,KYC & Onboarding,Staff,80190,115710,35520
2025-06-01,BR02,KYC & Onboarding,Technology & Systems,21870,26560,4690
2025-06-01,BR02,KYC & Onboarding,Screening & Data Vendors,8750,11330,2580
2025-06-01,BR02,KYC & Onboarding,Premises,17500,19410,1910
2025-06-01,BR02,KYC & Onboarding,Outsourcing,10210,13860,3650
2025-06-01,BR02,KYC & Onboarding,Training,2920,3470,550
2025-06-01,BR02,KYC & Onboarding,Other,4370,5250,880
2025-06-01,BR02,AML & Financial Crime,Staff,89100,117680,28580
2025-06-01,BR02,AML & Financial Crime,Technology & Systems,24300,29330,5030
2025-06-01,BR02,AML & Financial Crime,Screening & Data Vendors,9720,12050,2330
2025-06-01,BR02,AML & Financial Crime,Premises,19440,24540,5100
2025-06-01,BR02,AML & Financial Crime,Outsourcing,11340,15620,4280
2025-06-01,BR02,AML & Financial Crime,Training,3240,3520,280
2025-06-01,BR02,AML & Financial Crime,Other,4860,5660,800
2025-06-01,BR02,Payments Ops,Staff,62370,66640,4270
2025-06-01,BR02,Payments Ops,Technology & Systems,17010,18470,1460
2025-06-01,BR02,Payments Ops,Screening & Data Vendors,6800,7790,990
2025-06-01,BR02,Payments Ops,Premises,13610,13730,120
2025-06-01,BR02,Payments Ops,Outsourcing,7940,9670,1730
2025-06-01,BR02,Payments Ops,Training,2270,2420,150
2025-06-01,BR02,Payments Ops,Other,3400,3650,250
2025-06-01,BR02,IT & Technology,Staff,106920,140300,33380
2025-06-01,BR02,IT & Technology,Technology & Systems,29160,31030,1870
2025-06-01,BR02,IT & Technology,Screening & Data Vendors,11660,13010,1350
2025-06-01,BR02,IT & Technology,Premises,23330,24740,1410
2025-06-01,BR02,IT & Technology,Outsourcing,13610,16290,2680
2025-06-01,BR02,IT & Technology,Training,3890,4150,260
2025-06-01,BR02,IT & Technology,Other,5830,6370,540
2025-06-01,BR02,Compliance,Staff,53460,62010,8550
2025-06-01,BR02,Compliance,Technology & Systems,14580,14110,-470
2025-06-01,BR02,Compliance,Screening & Data Vendors,5830,6230,400
2025-06-01,BR02,Compliance,Premises,11660,12080,420
2025-06-01,BR02,Compliance,Outsourcing,6800,8060,1260
2025-06-01,BR02,Compliance,Training,1940,1920,-20
2025-06-01,BR02,Compliance,Other,2920,3190,270
2025-07-01,BR02,Retail Banking Ops,Staff,178200,200190,21990
2025-07-01,BR02,Retail Banking Ops,Technology & Systems,48600,54640,6040
2025-07-01,BR02,Retail Banking Ops,Screening & Data Vendors,19440,21460,2020
2025-07-01,BR02,Retail Banking Ops,Premises,38880,40930,2050
2025-07-01,BR02,Retail Banking Ops,Outsourcing,22680,28730,6050
2025-07-01,BR02,Retail Banking Ops,Training,6480,6980,500
2025-07-01,BR02,Retail Banking Ops,Other,9720,10590,870
2025-07-01,BR02,KYC & Onboarding,Staff,80190,111810,31620
2025-07-01,BR02,KYC & Onboarding,Technology & Systems,21870,26500,4630
2025-07-01,BR02,KYC & Onboarding,Screening & Data Vendors,8750,9790,1040
2025-07-01,BR02,KYC & Onboarding,Premises,17500,20850,3350
2025-07-01,BR02,KYC & Onboarding,Outsourcing,10210,14270,4060
2025-07-01,BR02,KYC & Onboarding,Training,2920,3250,330
2025-07-01,BR02,KYC & Onboarding,Other,4370,5330,960
2025-07-01,BR02,AML & Financial Crime,Staff,89100,117070,27970
2025-07-01,BR02,AML & Financial Crime,Technology & Systems,24300,32780,8480
2025-07-01,BR02,AML & Financial Crime,Screening & Data Vendors,9720,12210,2490
2025-07-01,BR02,AML & Financial Crime,Premises,19440,25960,6520
2025-07-01,BR02,AML & Financial Crime,Outsourcing,11340,15070,3730
2025-07-01,BR02,AML & Financial Crime,Training,3240,3970,730
2025-07-01,BR02,AML & Financial Crime,Other,4860,6040,1180
2025-07-01,BR02,Payments Ops,Staff,62370,74590,12220
2025-07-01,BR02,Payments Ops,Technology & Systems,17010,20160,3150
2025-07-01,BR02,Payments Ops,Screening & Data Vendors,6800,7210,410
2025-07-01,BR02,Payments Ops,Premises,13610,14630,1020
2025-07-01,BR02,Payments Ops,Outsourcing,7940,9700,1760
2025-07-01,BR02,Payments Ops,Training,2270,2410,140
2025-07-01,BR02,Payments Ops,Other,3400,3640,240
2025-07-01,BR02,IT & Technology,Staff,106920,146390,39470
2025-07-01,BR02,IT & Technology,Technology & Systems,29160,32730,3570
2025-07-01,BR02,IT & Technology,Screening & Data Vendors,11660,13680,2020
2025-07-01,BR02,IT & Technology,Premises,23330,26160,2830
2025-07-01,BR02,IT & Technology,Outsourcing,13610,15720,2110
2025-07-01,BR02,IT & Technology,Training,3890,4050,160
2025-07-01,BR02,IT & Technology,Other,5830,5960,130
2025-07-01,BR02,Compliance,Staff,53460,65330,11870
2025-07-01,BR02,Compliance,Technology & Systems,14580,15820,1240
2025-07-01,BR02,Compliance,Screening & Data Vendors,5830,5770,-60
2025-07-01,BR02,Compliance,Premises,11660,12350,690
2025-07-01,BR02,Compliance,Outsourcing,6800,8200,1400
2025-07-01,BR02,Compliance,Training,1940,2050,110
2025-07-01,BR02,Compliance,Other,2920,3200,280
2025-08-01,BR02,Retail Banking Ops,Staff,178200,211270,33070
2025-08-01,BR02,Retail Banking Ops,Technology & Systems,48600,50250,1650
2025-08-01,BR02,Retail Banking Ops,Screening & Data Vendors,19440,21080,1640
2025-08-01,BR02,Retail Banking Ops,Premises,38880,43360,4480
2025-08-01,BR02,Retail Banking Ops,Outsourcing,22680,27680,5000
2025-08-01,BR02,Retail Banking Ops,Training,6480,7700,1220
2025-08-01,BR02,Retail Banking Ops,Other,9720,10390,670
2025-08-01,BR02,KYC & Onboarding,Staff,80190,109820,29630
2025-08-01,BR02,KYC & Onboarding,Technology & Systems,21870,26740,4870
2025-08-01,BR02,KYC & Onboarding,Screening & Data Vendors,8750,11120,2370
2025-08-01,BR02,KYC & Onboarding,Premises,17500,20450,2950
2025-08-01,BR02,KYC & Onboarding,Outsourcing,10210,14180,3970
2025-08-01,BR02,KYC & Onboarding,Training,2920,3630,710
2025-08-01,BR02,KYC & Onboarding,Other,4370,4830,460
2025-08-01,BR02,AML & Financial Crime,Staff,89100,120040,30940
2025-08-01,BR02,AML & Financial Crime,Technology & Systems,24300,30060,5760
2025-08-01,BR02,AML & Financial Crime,Screening & Data Vendors,9720,11710,1990
2025-08-01,BR02,AML & Financial Crime,Premises,19440,25920,6480
2025-08-01,BR02,AML & Financial Crime,Outsourcing,11340,15750,4410
2025-08-01,BR02,AML & Financial Crime,Training,3240,3970,730
2025-08-01,BR02,AML & Financial Crime,Other,4860,6030,1170
2025-08-01,BR02,Payments Ops,Staff,62370,78410,16040
2025-08-01,BR02,Payments Ops,Technology & Systems,17010,18570,1560
2025-08-01,BR02,Payments Ops,Screening & Data Vendors,6800,7270,470
2025-08-01,BR02,Payments Ops,Premises,13610,14560,950
2025-08-01,BR02,Payments Ops,Outsourcing,7940,9210,1270
2025-08-01,BR02,Payments Ops,Training,2270,2440,170
2025-08-01,BR02,Payments Ops,Other,3400,3580,180
2025-08-01,BR02,IT & Technology,Staff,106920,126140,19220
2025-08-01,BR02,IT & Technology,Technology & Systems,29160,34340,5180
2025-08-01,BR02,IT & Technology,Screening & Data Vendors,11660,12130,470
2025-08-01,BR02,IT & Technology,Premises,23330,24730,1400
2025-08-01,BR02,IT & Technology,Outsourcing,13610,15520,1910
2025-08-01,BR02,IT & Technology,Training,3890,4620,730
2025-08-01,BR02,IT & Technology,Other,5830,6230,400
2025-08-01,BR02,Compliance,Staff,53460,60680,7220
2025-08-01,BR02,Compliance,Technology & Systems,14580,15840,1260
2025-08-01,BR02,Compliance,Screening & Data Vendors,5830,5740,-90
2025-08-01,BR02,Compliance,Premises,11660,13260,1600
2025-08-01,BR02,Compliance,Outsourcing,6800,7630,830
2025-08-01,BR02,Compliance,Training,1940,2170,230
2025-08-01,BR02,Compliance,Other,2920,3120,200
2025-09-01,BR02,Retail Banking Ops,Staff,178200,218980,40780
2025-09-01,BR02,Retail Banking Ops,Technology & Systems,48600,50570,1970
2025-09-01,BR02,Retail Banking Ops,Screening & Data Vendors,19440,22300,2860
2025-09-01,BR02,Retail Banking Ops,Premises,38880,41380,2500
2025-09-01,BR02,Retail Banking Ops,Outsourcing,22680,24710,2030
2025-09-01,BR02,Retail Banking Ops,Training,6480,5900,-580
2025-09-01,BR02,Retail Banking Ops,Other,9720,10710,990
2025-09-01,BR02,KYC & Onboarding,Staff,80190,116700,36510
2025-09-01,BR02,KYC & Onboarding,Technology & Systems,21870,26230,4360
2025-09-01,BR02,KYC & Onboarding,Screening & Data Vendors,8750,10480,1730
2025-09-01,BR02,KYC & Onboarding,Premises,17500,20360,2860
2025-09-01,BR02,KYC & Onboarding,Outsourcing,10210,13960,3750
2025-09-01,BR02,KYC & Onboarding,Training,2920,3600,680
2025-09-01,BR02,KYC & Onboarding,Other,4370,5340,970
2025-09-01,BR02,AML & Financial Crime,Staff,89100,112590,23490
2025-09-01,BR02,AML & Financial Crime,Technology & Systems,24300,26900,2600
2025-09-01,BR02,AML & Financial Crime,Screening & Data Vendors,9720,10800,1080
2025-09-01,BR02,AML & Financial Crime,Premises,19440,22780,3340
2025-09-01,BR02,AML & Financial Crime,Outsourcing,11340,14670,3330
2025-09-01,BR02,AML & Financial Crime,Training,3240,3960,720
2025-09-01,BR02,AML & Financial Crime,Other,4860,5520,660
2025-09-01,BR02,Payments Ops,Staff,62370,76660,14290
2025-09-01,BR02,Payments Ops,Technology & Systems,17010,19590,2580
2025-09-01,BR02,Payments Ops,Screening & Data Vendors,6800,7860,1060
2025-09-01,BR02,Payments Ops,Premises,13610,15550,1940
2025-09-01,BR02,Payments Ops,Outsourcing,7940,9460,1520
2025-09-01,BR02,Payments Ops,Training,2270,2510,240
2025-09-01,BR02,Payments Ops,Other,3400,3700,300
2025-09-01,BR02,IT & Technology,Staff,106920,134160,27240
2025-09-01,BR02,IT & Technology,Technology & Systems,29160,30960,1800
2025-09-01,BR02,IT & Technology,Screening & Data Vendors,11660,12490,830
2025-09-01,BR02,IT & Technology,Premises,23330,25250,1920
2025-09-01,BR02,IT & Technology,Outsourcing,13610,17150,3540
2025-09-01,BR02,IT & Technology,Training,3890,4600,710
2025-09-01,BR02,IT & Technology,Other,5830,6320,490
2025-09-01,BR02,Compliance,Staff,53460,65400,11940
2025-09-01,BR02,Compliance,Technology & Systems,14580,15820,1240
2025-09-01,BR02,Compliance,Screening & Data Vendors,5830,7100,1270
2025-09-01,BR02,Compliance,Premises,11660,12140,480
2025-09-01,BR02,Compliance,Outsourcing,6800,7840,1040
2025-09-01,BR02,Compliance,Training,1940,2160,220
2025-09-01,BR02,Compliance,Other,2920,3290,370
2025-10-01,BR02,Retail Banking Ops,Staff,178200,209210,31010
2025-10-01,BR02,Retail Banking Ops,Technology & Systems,48600,53760,5160
2025-10-01,BR02,Retail Banking Ops,Screening & Data Vendors,19440,21160,1720
2025-10-01,BR02,Retail Banking Ops,Premises,38880,41880,3000
2025-10-01,BR02,Retail Banking Ops,Outsourcing,22680,26880,4200
2025-10-01,BR02,Retail Banking Ops,Training,6480,7100,620
2025-10-01,BR02,Retail Banking Ops,Other,9720,9470,-250
2025-10-01,BR02,KYC & Onboarding,Staff,80190,106480,26290
2025-10-01,BR02,KYC & Onboarding,Technology & Systems,21870,29730,7860
2025-10-01,BR02,KYC & Onboarding,Screening & Data Vendors,8750,10760,2010
2025-10-01,BR02,KYC & Onboarding,Premises,17500,20360,2860
2025-10-01,BR02,KYC & Onboarding,Outsourcing,10210,14850,4640
2025-10-01,BR02,KYC & Onboarding,Training,2920,3760,840
2025-10-01,BR02,KYC & Onboarding,Other,4370,5530,1160
2025-10-01,BR02,AML & Financial Crime,Staff,89100,124790,35690
2025-10-01,BR02,AML & Financial Crime,Technology & Systems,24300,28790,4490
2025-10-01,BR02,AML & Financial Crime,Screening & Data Vendors,9720,12130,2410
2025-10-01,BR02,AML & Financial Crime,Premises,19440,23740,4300
2025-10-01,BR02,AML & Financial Crime,Outsourcing,11340,15860,4520
2025-10-01,BR02,AML & Financial Crime,Training,3240,3920,680
2025-10-01,BR02,AML & Financial Crime,Other,4860,5680,820
2025-10-01,BR02,Payments Ops,Staff,62370,80510,18140
2025-10-01,BR02,Payments Ops,Technology & Systems,17010,18830,1820
2025-10-01,BR02,Payments Ops,Screening & Data Vendors,6800,7130,330
2025-10-01,BR02,Payments Ops,Premises,13610,14840,1230
2025-10-01,BR02,Payments Ops,Outsourcing,7940,9620,1680
2025-10-01,BR02,Payments Ops,Training,2270,2410,140
2025-10-01,BR02,Payments Ops,Other,3400,3460,60
2025-10-01,BR02,IT & Technology,Staff,106920,140580,33660
2025-10-01,BR02,IT & Technology,Technology & Systems,29160,29400,240
2025-10-01,BR02,IT & Technology,Screening & Data Vendors,11660,11950,290
2025-10-01,BR02,IT & Technology,Premises,23330,25910,2580
2025-10-01,BR02,IT & Technology,Outsourcing,13610,16750,3140
2025-10-01,BR02,IT & Technology,Training,3890,4250,360
2025-10-01,BR02,IT & Technology,Other,5830,6540,710
2025-10-01,BR02,Compliance,Staff,53460,64870,11410
2025-10-01,BR02,Compliance,Technology & Systems,14580,16220,1640
2025-10-01,BR02,Compliance,Screening & Data Vendors,5830,7310,1480
2025-10-01,BR02,Compliance,Premises,11660,12370,710
2025-10-01,BR02,Compliance,Outsourcing,6800,8210,1410
2025-10-01,BR02,Compliance,Training,1940,2070,130
2025-10-01,BR02,Compliance,Other,2920,3080,160
2025-11-01,BR02,Retail Banking Ops,Staff,178200,205480,27280
2025-11-01,BR02,Retail Banking Ops,Technology & Systems,48600,57180,8580
2025-11-01,BR02,Retail Banking Ops,Screening & Data Vendors,19440,21580,2140
2025-11-01,BR02,Retail Banking Ops,Premises,38880,40270,1390
2025-11-01,BR02,Retail Banking Ops,Outsourcing,22680,29140,6460
2025-11-01,BR02,Retail Banking Ops,Training,6480,6560,80
2025-11-01,BR02,Retail Banking Ops,Other,9720,11090,1370
2025-11-01,BR02,KYC & Onboarding,Staff,80190,111180,30990
2025-11-01,BR02,KYC & Onboarding,Technology & Systems,21870,27030,5160
2025-11-01,BR02,KYC & Onboarding,Screening & Data Vendors,8750,11260,2510
2025-11-01,BR02,KYC & Onboarding,Premises,17500,21660,4160
2025-11-01,BR02,KYC & Onboarding,Outsourcing,10210,13380,3170
2025-11-01,BR02,KYC & Onboarding,Training,2920,3380,460
2025-11-01,BR02,KYC & Onboarding,Other,4370,5540,1170
2025-11-01,BR02,AML & Financial Crime,Staff,89100,117730,28630
2025-11-01,BR02,AML & Financial Crime,Technology & Systems,24300,28750,4450
2025-11-01,BR02,AML & Financial Crime,Screening & Data Vendors,9720,11990,2270
2025-11-01,BR02,AML & Financial Crime,Premises,19440,23040,3600
2025-11-01,BR02,AML & Financial Crime,Outsourcing,11340,15630,4290
2025-11-01,BR02,AML & Financial Crime,Training,3240,3910,670
2025-11-01,BR02,AML & Financial Crime,Other,4860,5610,750
2025-11-01,BR02,Payments Ops,Staff,62370,74620,12250
2025-11-01,BR02,Payments Ops,Technology & Systems,17010,18210,1200
2025-11-01,BR02,Payments Ops,Screening & Data Vendors,6800,7740,940
2025-11-01,BR02,Payments Ops,Premises,13610,16610,3000
2025-11-01,BR02,Payments Ops,Outsourcing,7940,9290,1350
2025-11-01,BR02,Payments Ops,Training,2270,2400,130
2025-11-01,BR02,Payments Ops,Other,3400,3450,50
2025-11-01,BR02,IT & Technology,Staff,106920,117800,10880
2025-11-01,BR02,IT & Technology,Technology & Systems,29160,32290,3130
2025-11-01,BR02,IT & Technology,Screening & Data Vendors,11660,12590,930
2025-11-01,BR02,IT & Technology,Premises,23330,25770,2440
2025-11-01,BR02,IT & Technology,Outsourcing,13610,16180,2570
2025-11-01,BR02,IT & Technology,Training,3890,4090,200
2025-11-01,BR02,IT & Technology,Other,5830,6310,480
2025-11-01,BR02,Compliance,Staff,53460,69450,15990
2025-11-01,BR02,Compliance,Technology & Systems,14580,15600,1020
2025-11-01,BR02,Compliance,Screening & Data Vendors,5830,6660,830
2025-11-01,BR02,Compliance,Premises,11660,12670,1010
2025-11-01,BR02,Compliance,Outsourcing,6800,8750,1950
2025-11-01,BR02,Compliance,Training,1940,2250,310
2025-11-01,BR02,Compliance,Other,2920,3330,410
2025-12-01,BR02,Retail Banking Ops,Staff,178200,221060,42860
2025-12-01,BR02,Retail Banking Ops,Technology & Systems,48600,59520,10920
2025-12-01,BR02,Retail Banking Ops,Screening & Data Vendors,19440,20860,1420
2025-12-01,BR02,Retail Banking Ops,Premises,38880,39880,1000
2025-12-01,BR02,Retail Banking Ops,Outsourcing,22680,29640,6960
2025-12-01,BR02,Retail Banking Ops,Training,6480,6610,130
2025-12-01,BR02,Retail Banking Ops,Other,9720,10290,570
2025-12-01,BR02,KYC & Onboarding,Staff,80190,117670,37480
2025-12-01,BR02,KYC & Onboarding,Technology & Systems,21870,25390,3520
2025-12-01,BR02,KYC & Onboarding,Screening & Data Vendors,8750,10870,2120
2025-12-01,BR02,KYC & Onboarding,Premises,17500,22030,4530
2025-12-01,BR02,KYC & Onboarding,Outsourcing,10210,13550,3340
2025-12-01,BR02,KYC & Onboarding,Training,2920,3380,460
2025-12-01,BR02,KYC & Onboarding,Other,4370,5420,1050
2025-12-01,BR02,AML & Financial Crime,Staff,89100,124530,35430
2025-12-01,BR02,AML & Financial Crime,Technology & Systems,24300,29850,5550
2025-12-01,BR02,AML & Financial Crime,Screening & Data Vendors,9720,12220,2500
2025-12-01,BR02,AML & Financial Crime,Premises,19440,23530,4090
2025-12-01,BR02,AML & Financial Crime,Outsourcing,11340,15970,4630
2025-12-01,BR02,AML & Financial Crime,Training,3240,3950,710
2025-12-01,BR02,AML & Financial Crime,Other,4860,6050,1190
2025-12-01,BR02,Payments Ops,Staff,62370,63880,1510
2025-12-01,BR02,Payments Ops,Technology & Systems,17010,16710,-300
2025-12-01,BR02,Payments Ops,Screening & Data Vendors,6800,7260,460
2025-12-01,BR02,Payments Ops,Premises,13610,17050,3440
2025-12-01,BR02,Payments Ops,Outsourcing,7940,9580,1640
2025-12-01,BR02,Payments Ops,Training,2270,2340,70
2025-12-01,BR02,Payments Ops,Other,3400,3760,360
2025-12-01,BR02,IT & Technology,Staff,106920,138980,32060
2025-12-01,BR02,IT & Technology,Technology & Systems,29160,31520,2360
2025-12-01,BR02,IT & Technology,Screening & Data Vendors,11660,12860,1200
2025-12-01,BR02,IT & Technology,Premises,23330,27680,4350
2025-12-01,BR02,IT & Technology,Outsourcing,13610,16100,2490
2025-12-01,BR02,IT & Technology,Training,3890,4520,630
2025-12-01,BR02,IT & Technology,Other,5830,5670,-160
2025-12-01,BR02,Compliance,Staff,53460,63840,10380
2025-12-01,BR02,Compliance,Technology & Systems,14580,15650,1070
2025-12-01,BR02,Compliance,Screening & Data Vendors,5830,6890,1060
2025-12-01,BR02,Compliance,Premises,11660,13010,1350
2025-12-01,BR02,Compliance,Outsourcing,6800,8430,1630
2025-12-01,BR02,Compliance,Training,1940,2060,120
2025-12-01,BR02,Compliance,Other,2920,3150,230
2024-01-01,BR03,Retail Banking Ops,Staff,118800,119040,240
2024-01-01,BR03,Retail Banking Ops,Technology & Systems,32400,30770,-1630
2024-01-01,BR03,Retail Banking Ops,Screening & Data Vendors,12960,12880,-80
2024-01-01,BR03,Retail Banking Ops,Premises,25920,25740,-180
2024-01-01,BR03,Retail Banking Ops,Outsourcing,15120,16390,1270
2024-01-01,BR03,Retail Banking Ops,Training,4320,4670,350
2024-01-01,BR03,Retail Banking Ops,Other,6480,7000,520
2024-01-01,BR03,KYC & Onboarding,Staff,53460,49330,-4130
2024-01-01,BR03,KYC & Onboarding,Technology & Systems,14580,15540,960
2024-01-01,BR03,KYC & Onboarding,Screening & Data Vendors,5830,5870,40
2024-01-01,BR03,KYC & Onboarding,Premises,11660,12650,990
2024-01-01,BR03,KYC & Onboarding,Outsourcing,6800,6800,0
2024-01-01,BR03,KYC & Onboarding,Training,1940,1830,-110
2024-01-01,BR03,KYC & Onboarding,Other,2920,2770,-150
2024-01-01,BR03,AML & Financial Crime,Staff,59400,54650,-4750
2024-01-01,BR03,AML & Financial Crime,Technology & Systems,16200,16150,-50
2024-01-01,BR03,AML & Financial Crime,Screening & Data Vendors,6480,6340,-140
2024-01-01,BR03,AML & Financial Crime,Premises,12960,12880,-80
2024-01-01,BR03,AML & Financial Crime,Outsourcing,7560,7620,60
2024-01-01,BR03,AML & Financial Crime,Training,2160,2270,110
2024-01-01,BR03,AML & Financial Crime,Other,3240,3040,-200
2024-01-01,BR03,Payments Ops,Staff,41580,40780,-800
2024-01-01,BR03,Payments Ops,Technology & Systems,11340,11820,480
2024-01-01,BR03,Payments Ops,Screening & Data Vendors,4540,4410,-130
2024-01-01,BR03,Payments Ops,Premises,9070,9290,220
2024-01-01,BR03,Payments Ops,Outsourcing,5290,5730,440
2024-01-01,BR03,Payments Ops,Training,1510,1660,150
2024-01-01,BR03,Payments Ops,Other,2270,2210,-60
2024-01-01,BR03,IT & Technology,Staff,71280,73410,2130
2024-01-01,BR03,IT & Technology,Technology & Systems,19440,18790,-650
2024-01-01,BR03,IT & Technology,Screening & Data Vendors,7780,7690,-90
2024-01-01,BR03,IT & Technology,Premises,15550,14790,-760
2024-01-01,BR03,IT & Technology,Outsourcing,9070,9590,520
2024-01-01,BR03,IT & Technology,Training,2590,2600,10
2024-01-01,BR03,IT & Technology,Other,3890,3930,40
2024-01-01,BR03,Compliance,Staff,35640,34320,-1320
2024-01-01,BR03,Compliance,Technology & Systems,9720,9270,-450
2024-01-01,BR03,Compliance,Screening & Data Vendors,3890,4130,240
2024-01-01,BR03,Compliance,Premises,7780,8180,400
2024-01-01,BR03,Compliance,Outsourcing,4540,4460,-80
2024-01-01,BR03,Compliance,Training,1300,1400,100
2024-01-01,BR03,Compliance,Other,1940,1970,30
2024-02-01,BR03,Retail Banking Ops,Staff,118800,112290,-6510
2024-02-01,BR03,Retail Banking Ops,Technology & Systems,32400,30670,-1730
2024-02-01,BR03,Retail Banking Ops,Screening & Data Vendors,12960,13000,40
2024-02-01,BR03,Retail Banking Ops,Premises,25920,23690,-2230
2024-02-01,BR03,Retail Banking Ops,Outsourcing,15120,15100,-20
2024-02-01,BR03,Retail Banking Ops,Training,4320,4540,220
2024-02-01,BR03,Retail Banking Ops,Other,6480,6130,-350
2024-02-01,BR03,KYC & Onboarding,Staff,53460,49400,-4060
2024-02-01,BR03,KYC & Onboarding,Technology & Systems,14580,14520,-60
2024-02-01,BR03,KYC & Onboarding,Screening & Data Vendors,5830,6420,590
2024-02-01,BR03,KYC & Onboarding,Premises,11660,12120,460
2024-02-01,BR03,KYC & Onboarding,Outsourcing,6800,6830,30
2024-02-01,BR03,KYC & Onboarding,Training,1940,2010,70
2024-02-01,BR03,KYC & Onboarding,Other,2920,3160,240
2024-02-01,BR03,AML & Financial Crime,Staff,59400,63510,4110
2024-02-01,BR03,AML & Financial Crime,Technology & Systems,16200,16020,-180
2024-02-01,BR03,AML & Financial Crime,Screening & Data Vendors,6480,6090,-390
2024-02-01,BR03,AML & Financial Crime,Premises,12960,14300,1340
2024-02-01,BR03,AML & Financial Crime,Outsourcing,7560,8530,970
2024-02-01,BR03,AML & Financial Crime,Training,2160,2090,-70
2024-02-01,BR03,AML & Financial Crime,Other,3240,3250,10
2024-02-01,BR03,Payments Ops,Staff,41580,42680,1100
2024-02-01,BR03,Payments Ops,Technology & Systems,11340,11620,280
2024-02-01,BR03,Payments Ops,Screening & Data Vendors,4540,4440,-100
2024-02-01,BR03,Payments Ops,Premises,9070,9270,200
2024-02-01,BR03,Payments Ops,Outsourcing,5290,4980,-310
2024-02-01,BR03,Payments Ops,Training,1510,1540,30
2024-02-01,BR03,Payments Ops,Other,2270,2310,40
2024-02-01,BR03,IT & Technology,Staff,71280,75290,4010
2024-02-01,BR03,IT & Technology,Technology & Systems,19440,18600,-840
2024-02-01,BR03,IT & Technology,Screening & Data Vendors,7780,7510,-270
2024-02-01,BR03,IT & Technology,Premises,15550,16740,1190
2024-02-01,BR03,IT & Technology,Outsourcing,9070,9460,390
2024-02-01,BR03,IT & Technology,Training,2590,2970,380
2024-02-01,BR03,IT & Technology,Other,3890,4440,550
2024-02-01,BR03,Compliance,Staff,35640,32490,-3150
2024-02-01,BR03,Compliance,Technology & Systems,9720,10230,510
2024-02-01,BR03,Compliance,Screening & Data Vendors,3890,3850,-40
2024-02-01,BR03,Compliance,Premises,7780,7970,190
2024-02-01,BR03,Compliance,Outsourcing,4540,4800,260
2024-02-01,BR03,Compliance,Training,1300,1170,-130
2024-02-01,BR03,Compliance,Other,1940,1970,30
2024-03-01,BR03,Retail Banking Ops,Staff,118800,128900,10100
2024-03-01,BR03,Retail Banking Ops,Technology & Systems,32400,33730,1330
2024-03-01,BR03,Retail Banking Ops,Screening & Data Vendors,12960,14170,1210
2024-03-01,BR03,Retail Banking Ops,Premises,25920,24630,-1290
2024-03-01,BR03,Retail Banking Ops,Outsourcing,15120,15430,310
2024-03-01,BR03,Retail Banking Ops,Training,4320,4130,-190
2024-03-01,BR03,Retail Banking Ops,Other,6480,6250,-230
2024-03-01,BR03,KYC & Onboarding,Staff,53460,56130,2670
2024-03-01,BR03,KYC & Onboarding,Technology & Systems,14580,14940,360
2024-03-01,BR03,KYC & Onboarding,Screening & Data Vendors,5830,5960,130
2024-03-01,BR03,KYC & Onboarding,Premises,11660,12780,1120
2024-03-01,BR03,KYC & Onboarding,Outsourcing,6800,7030,230
2024-03-01,BR03,KYC & Onboarding,Training,1940,2120,180
2024-03-01,BR03,KYC & Onboarding,Other,2920,2950,30
2024-03-01,BR03,AML & Financial Crime,Staff,59400,57350,-2050
2024-03-01,BR03,AML & Financial Crime,Technology & Systems,16200,16860,660
2024-03-01,BR03,AML & Financial Crime,Screening & Data Vendors,6480,6910,430
2024-03-01,BR03,AML & Financial Crime,Premises,12960,13910,950
2024-03-01,BR03,AML & Financial Crime,Outsourcing,7560,7840,280
2024-03-01,BR03,AML & Financial Crime,Training,2160,2270,110
2024-03-01,BR03,AML & Financial Crime,Other,3240,3030,-210
2024-03-01,BR03,Payments Ops,Staff,41580,43100,1520
2024-03-01,BR03,Payments Ops,Technology & Systems,11340,12160,820
2024-03-01,BR03,Payments Ops,Screening & Data Vendors,4540,4910,370
2024-03-01,BR03,Payments Ops,Premises,9070,9140,70
2024-03-01,BR03,Payments Ops,Outsourcing,5290,5040,-250
2024-03-01,BR03,Payments Ops,Training,1510,1530,20
2024-03-01,BR03,Payments Ops,Other,2270,2080,-190
2024-03-01,BR03,IT & Technology,Staff,71280,78480,7200
2024-03-01,BR03,IT & Technology,Technology & Systems,19440,20970,1530
2024-03-01,BR03,IT & Technology,Screening & Data Vendors,7780,7980,200
2024-03-01,BR03,IT & Technology,Premises,15550,15030,-520
2024-03-01,BR03,IT & Technology,Outsourcing,9070,8900,-170
2024-03-01,BR03,IT & Technology,Training,2590,2760,170
2024-03-01,BR03,IT & Technology,Other,3890,3930,40
2024-03-01,BR03,Compliance,Staff,35640,40380,4740
2024-03-01,BR03,Compliance,Technology & Systems,9720,9970,250
2024-03-01,BR03,Compliance,Screening & Data Vendors,3890,3730,-160
2024-03-01,BR03,Compliance,Premises,7780,7970,190
2024-03-01,BR03,Compliance,Outsourcing,4540,4700,160
2024-03-01,BR03,Compliance,Training,1300,1280,-20
2024-03-01,BR03,Compliance,Other,1940,2080,140
2024-04-01,BR03,Retail Banking Ops,Staff,118800,127790,8990
2024-04-01,BR03,Retail Banking Ops,Technology & Systems,32400,33350,950
2024-04-01,BR03,Retail Banking Ops,Screening & Data Vendors,12960,13040,80
2024-04-01,BR03,Retail Banking Ops,Premises,25920,27190,1270
2024-04-01,BR03,Retail Banking Ops,Outsourcing,15120,15190,70
2024-04-01,BR03,Retail Banking Ops,Training,4320,4470,150
2024-04-01,BR03,Retail Banking Ops,Other,6480,6870,390
2024-04-01,BR03,KYC & Onboarding,Staff,53460,53460,0
2024-04-01,BR03,KYC & Onboarding,Technology & Systems,14580,16020,1440
2024-04-01,BR03,KYC & Onboarding,Screening & Data Vendors,5830,6060,230
2024-04-01,BR03,KYC & Onboarding,Premises,11660,11880,220
2024-04-01,BR03,KYC & Onboarding,Outsourcing,6800,7950,1150
2024-04-01,BR03,KYC & Onboarding,Training,1940,2090,150
2024-04-01,BR03,KYC & Onboarding,Other,2920,2670,-250
2024-04-01,BR03,AML & Financial Crime,Staff,59400,62640,3240
2024-04-01,BR03,AML & Financial Crime,Technology & Systems,16200,16580,380
2024-04-01,BR03,AML & Financial Crime,Screening & Data Vendors,6480,6590,110
2024-04-01,BR03,AML & Financial Crime,Premises,12960,13670,710
2024-04-01,BR03,AML & Financial Crime,Outsourcing,7560,7350,-210
2024-04-01,BR03,AML & Financial Crime,Training,2160,2240,80
2024-04-01,BR03,AML & Financial Crime,Other,3240,3130,-110
2024-04-01,BR03,Payments Ops,Staff,41580,41700,120
2024-04-01,BR03,Payments Ops,Technology & Systems,11340,10650,-690
2024-04-01,BR03,Payments Ops,Screening & Data Vendors,4540,4770,230
2024-04-01,BR03,Payments Ops,Premises,9070,8410,-660
2024-04-01,BR03,Payments Ops,Outsourcing,5290,5590,300
2024-04-01,BR03,Payments Ops,Training,1510,1510,0
2024-04-01,BR03,Payments Ops,Other,2270,2240,-30
2024-04-01,BR03,IT & Technology,Staff,71280,72120,840
2024-04-01,BR03,IT & Technology,Technology & Systems,19440,19370,-70
2024-04-01,BR03,IT & Technology,Screening & Data Vendors,7780,8090,310
2024-04-01,BR03,IT & Technology,Premises,15550,16010,460
2024-04-01,BR03,IT & Technology,Outsourcing,9070,9620,550
2024-04-01,BR03,IT & Technology,Training,2590,2710,120
2024-04-01,BR03,IT & Technology,Other,3890,3970,80
2024-04-01,BR03,Compliance,Staff,35640,35380,-260
2024-04-01,BR03,Compliance,Technology & Systems,9720,10720,1000
2024-04-01,BR03,Compliance,Screening & Data Vendors,3890,4280,390
2024-04-01,BR03,Compliance,Premises,7780,7740,-40
2024-04-01,BR03,Compliance,Outsourcing,4540,4610,70
2024-04-01,BR03,Compliance,Training,1300,1190,-110
2024-04-01,BR03,Compliance,Other,1940,2020,80
2024-05-01,BR03,Retail Banking Ops,Staff,118800,121670,2870
2024-05-01,BR03,Retail Banking Ops,Technology & Systems,32400,33380,980
2024-05-01,BR03,Retail Banking Ops,Screening & Data Vendors,12960,12580,-380
2024-05-01,BR03,Retail Banking Ops,Premises,25920,26510,590
2024-05-01,BR03,Retail Banking Ops,Outsourcing,15120,16880,1760
2024-05-01,BR03,Retail Banking Ops,Training,4320,4470,150
2024-05-01,BR03,Retail Banking Ops,Other,6480,6400,-80
2024-05-01,BR03,KYC & Onboarding,Staff,53460,55580,2120
2024-05-01,BR03,KYC & Onboarding,Technology & Systems,14580,14980,400
2024-05-01,BR03,KYC & Onboarding,Screening & Data Vendors,5830,6210,380
2024-05-01,BR03,KYC & Onboarding,Premises,11660,12050,390
2024-05-01,BR03,KYC & Onboarding,Outsourcing,6800,7680,880
2024-05-01,BR03,KYC & Onboarding,Training,1940,2090,150
2024-05-01,BR03,KYC & Onboarding,Other,2920,3010,90
2024-05-01,BR03,AML & Financial Crime,Staff,59400,59870,470
2024-05-01,BR03,AML & Financial Crime,Technology & Systems,16200,15930,-270
2024-05-01,BR03,AML & Financial Crime,Screening & Data Vendors,6480,6990,510
2024-05-01,BR03,AML & Financial Crime,Premises,12960,13590,630
2024-05-01,BR03,AML & Financial Crime,Outsourcing,7560,8530,970
2024-05-01,BR03,AML & Financial Crime,Training,2160,2110,-50
2024-05-01,BR03,AML & Financial Crime,Other,3240,3650,410
2024-05-01,BR03,Payments Ops,Staff,41580,44200,2620
2024-05-01,BR03,Payments Ops,Technology & Systems,11340,11160,-180
2024-05-01,BR03,Payments Ops,Screening & Data Vendors,4540,4770,230
2024-05-01,BR03,Payments Ops,Premises,9070,9560,490
2024-05-01,BR03,Payments Ops,Outsourcing,5290,5680,390
2024-05-01,BR03,Payments Ops,Training,1510,1740,230
2024-05-01,BR03,Payments Ops,Other,2270,2420,150
2024-05-01,BR03,IT & Technology,Staff,71280,74830,3550
2024-05-01,BR03,IT & Technology,Technology & Systems,19440,20220,780
2024-05-01,BR03,IT & Technology,Screening & Data Vendors,7780,8380,600
2024-05-01,BR03,IT & Technology,Premises,15550,15730,180
2024-05-01,BR03,IT & Technology,Outsourcing,9070,9580,510
2024-05-01,BR03,IT & Technology,Training,2590,2670,80
2024-05-01,BR03,IT & Technology,Other,3890,3950,60
2024-05-01,BR03,Compliance,Staff,35640,35750,110
2024-05-01,BR03,Compliance,Technology & Systems,9720,9620,-100
2024-05-01,BR03,Compliance,Screening & Data Vendors,3890,4020,130
2024-05-01,BR03,Compliance,Premises,7780,8010,230
2024-05-01,BR03,Compliance,Outsourcing,4540,4600,60
2024-05-01,BR03,Compliance,Training,1300,1330,30
2024-05-01,BR03,Compliance,Other,1940,2030,90
2024-06-01,BR03,Retail Banking Ops,Staff,118800,116220,-2580
2024-06-01,BR03,Retail Banking Ops,Technology & Systems,32400,34250,1850
2024-06-01,BR03,Retail Banking Ops,Screening & Data Vendors,12960,13290,330
2024-06-01,BR03,Retail Banking Ops,Premises,25920,28510,2590
2024-06-01,BR03,Retail Banking Ops,Outsourcing,15120,14990,-130
2024-06-01,BR03,Retail Banking Ops,Training,4320,4510,190
2024-06-01,BR03,Retail Banking Ops,Other,6480,6830,350
2024-06-01,BR03,KYC & Onboarding,Staff,53460,56280,2820
2024-06-01,BR03,KYC & Onboarding,Technology & Systems,14580,15950,1370
2024-06-01,BR03,KYC & Onboarding,Screening & Data Vendors,5830,5780,-50
2024-06-01,BR03,KYC & Onboarding,Premises,11660,12840,1180
2024-06-01,BR03,KYC & Onboarding,Outsourcing,6800,7200,400
2024-06-01,BR03,KYC & Onboarding,Training,1940,2160,220
2024-06-01,BR03,KYC & Onboarding,Other,2920,3110,190
2024-06-01,BR03,AML & Financial Crime,Staff,59400,62140,2740
2024-06-01,BR03,AML & Financial Crime,Technology & Systems,16200,16880,680
2024-06-01,BR03,AML & Financial Crime,Screening & Data Vendors,6480,7180,700
2024-06-01,BR03,AML & Financial Crime,Premises,12960,14210,1250
2024-06-01,BR03,AML & Financial Crime,Outsourcing,7560,7660,100
2024-06-01,BR03,AML & Financial Crime,Training,2160,2250,90
2024-06-01,BR03,AML & Financial Crime,Other,3240,3440,200
2024-06-01,BR03,Payments Ops,Staff,41580,44940,3360
2024-06-01,BR03,Payments Ops,Technology & Systems,11340,11280,-60
2024-06-01,BR03,Payments Ops,Screening & Data Vendors,4540,4820,280
2024-06-01,BR03,Payments Ops,Premises,9070,9330,260
2024-06-01,BR03,Payments Ops,Outsourcing,5290,5820,530
2024-06-01,BR03,Payments Ops,Training,1510,1400,-110
2024-06-01,BR03,Payments Ops,Other,2270,2270,0
2024-06-01,BR03,IT & Technology,Staff,71280,73960,2680
2024-06-01,BR03,IT & Technology,Technology & Systems,19440,20170,730
2024-06-01,BR03,IT & Technology,Screening & Data Vendors,7780,7710,-70
2024-06-01,BR03,IT & Technology,Premises,15550,14990,-560
2024-06-01,BR03,IT & Technology,Outsourcing,9070,9210,140
2024-06-01,BR03,IT & Technology,Training,2590,2700,110
2024-06-01,BR03,IT & Technology,Other,3890,3560,-330
2024-06-01,BR03,Compliance,Staff,35640,35190,-450
2024-06-01,BR03,Compliance,Technology & Systems,9720,9500,-220
2024-06-01,BR03,Compliance,Screening & Data Vendors,3890,4230,340
2024-06-01,BR03,Compliance,Premises,7780,8100,320
2024-06-01,BR03,Compliance,Outsourcing,4540,4610,70
2024-06-01,BR03,Compliance,Training,1300,1390,90
2024-06-01,BR03,Compliance,Other,1940,1900,-40
2024-07-01,BR03,Retail Banking Ops,Staff,118800,106480,-12320
2024-07-01,BR03,Retail Banking Ops,Technology & Systems,32400,33880,1480
2024-07-01,BR03,Retail Banking Ops,Screening & Data Vendors,12960,13970,1010
2024-07-01,BR03,Retail Banking Ops,Premises,25920,25130,-790
2024-07-01,BR03,Retail Banking Ops,Outsourcing,15120,13970,-1150
2024-07-01,BR03,Retail Banking Ops,Training,4320,4830,510
2024-07-01,BR03,Retail Banking Ops,Other,6480,6560,80
2024-07-01,BR03,KYC & Onboarding,Staff,53460,61020,7560
2024-07-01,BR03,KYC & Onboarding,Technology & Systems,14580,15420,840
2024-07-01,BR03,KYC & Onboarding,Screening & Data Vendors,5830,6310,480
2024-07-01,BR03,KYC & Onboarding,Premises,11660,12410,750
2024-07-01,BR03,KYC & Onboarding,Outsourcing,6800,6730,-70
2024-07-01,BR03,KYC & Onboarding,Training,1940,1920,-20
2024-07-01,BR03,KYC & Onboarding,Other,2920,2810,-110
2024-07-01,BR03,AML & Financial Crime,Staff,59400,71310,11910
2024-07-01,BR03,AML & Financial Crime,Technology & Systems,16200,17430,1230
2024-07-01,BR03,AML & Financial Crime,Screening & Data Vendors,6480,7030,550
2024-07-01,BR03,AML & Financial Crime,Premises,12960,12980,20
2024-07-01,BR03,AML & Financial Crime,Outsourcing,7560,7470,-90
2024-07-01,BR03,AML & Financial Crime,Training,2160,2190,30
2024-07-01,BR03,AML & Financial Crime,Other,3240,3500,260
2024-07-01,BR03,Payments Ops,Staff,41580,40090,-1490
2024-07-01,BR03,Payments Ops,Technology & Systems,11340,11740,400
2024-07-01,BR03,Payments Ops,Screening & Data Vendors,4540,4680,140
2024-07-01,BR03,Payments Ops,Premises,9070,9020,-50
2024-07-01,BR03,Payments Ops,Outsourcing,5290,5610,320
2024-07-01,BR03,Payments Ops,Training,1510,1610,100
2024-07-01,BR03,Payments Ops,Other,2270,2290,20
2024-07-01,BR03,IT & Technology,Staff,71280,74880,3600
2024-07-01,BR03,IT & Technology,Technology & Systems,19440,20330,890
2024-07-01,BR03,IT & Technology,Screening & Data Vendors,7780,7370,-410
2024-07-01,BR03,IT & Technology,Premises,15550,16520,970
2024-07-01,BR03,IT & Technology,Outsourcing,9070,9620,550
2024-07-01,BR03,IT & Technology,Training,2590,2520,-70
2024-07-01,BR03,IT & Technology,Other,3890,4040,150
2024-07-01,BR03,Compliance,Staff,35640,36010,370
2024-07-01,BR03,Compliance,Technology & Systems,9720,9180,-540
2024-07-01,BR03,Compliance,Screening & Data Vendors,3890,3930,40
2024-07-01,BR03,Compliance,Premises,7780,7760,-20
2024-07-01,BR03,Compliance,Outsourcing,4540,4690,150
2024-07-01,BR03,Compliance,Training,1300,1250,-50
2024-07-01,BR03,Compliance,Other,1940,2060,120
2024-08-01,BR03,Retail Banking Ops,Staff,118800,124310,5510
2024-08-01,BR03,Retail Banking Ops,Technology & Systems,32400,33770,1370
2024-08-01,BR03,Retail Banking Ops,Screening & Data Vendors,12960,14650,1690
2024-08-01,BR03,Retail Banking Ops,Premises,25920,26620,700
2024-08-01,BR03,Retail Banking Ops,Outsourcing,15120,15030,-90
2024-08-01,BR03,Retail Banking Ops,Training,4320,4170,-150
2024-08-01,BR03,Retail Banking Ops,Other,6480,6980,500
2024-08-01,BR03,KYC & Onboarding,Staff,53460,55560,2100
2024-08-01,BR03,KYC & Onboarding,Technology & Systems,14580,15440,860
2024-08-01,BR03,KYC & Onboarding,Screening & Data Vendors,5830,6150,320
2024-08-01,BR03,KYC & Onboarding,Premises,11660,12160,500
2024-08-01,BR03,KYC & Onboarding,Outsourcing,6800,7420,620
2024-08-01,BR03,KYC & Onboarding,Training,1940,2140,200
2024-08-01,BR03,KYC & Onboarding,Other,2920,3080,160
2024-08-01,BR03,AML & Financial Crime,Staff,59400,70500,11100
2024-08-01,BR03,AML & Financial Crime,Technology & Systems,16200,17960,1760
2024-08-01,BR03,AML & Financial Crime,Screening & Data Vendors,6480,6940,460
2024-08-01,BR03,AML & Financial Crime,Premises,12960,13850,890
2024-08-01,BR03,AML & Financial Crime,Outsourcing,7560,7990,430
2024-08-01,BR03,AML & Financial Crime,Training,2160,2230,70
2024-08-01,BR03,AML & Financial Crime,Other,3240,3710,470
2024-08-01,BR03,Payments Ops,Staff,41580,45080,3500
2024-08-01,BR03,Payments Ops,Technology & Systems,11340,12190,850
2024-08-01,BR03,Payments Ops,Screening & Data Vendors,4540,4570,30
2024-08-01,BR03,Payments Ops,Premises,9070,9210,140
2024-08-01,BR03,Payments Ops,Outsourcing,5290,5040,-250
2024-08-01,BR03,Payments Ops,Training,1510,1460,-50
2024-08-01,BR03,Payments Ops,Other,2270,2580,310
2024-08-01,BR03,IT & Technology,Staff,71280,74190,2910
2024-08-01,BR03,IT & Technology,Technology & Systems,19440,20330,890
2024-08-01,BR03,IT & Technology,Screening & Data Vendors,7780,7930,150
2024-08-01,BR03,IT & Technology,Premises,15550,16260,710
2024-08-01,BR03,IT & Technology,Outsourcing,9070,8910,-160
2024-08-01,BR03,IT & Technology,Training,2590,2750,160
2024-08-01,BR03,IT & Technology,Other,3890,3990,100
2024-08-01,BR03,Compliance,Staff,35640,38880,3240
2024-08-01,BR03,Compliance,Technology & Systems,9720,9860,140
2024-08-01,BR03,Compliance,Screening & Data Vendors,3890,4010,120
2024-08-01,BR03,Compliance,Premises,7780,8470,690
2024-08-01,BR03,Compliance,Outsourcing,4540,4500,-40
2024-08-01,BR03,Compliance,Training,1300,1340,40
2024-08-01,BR03,Compliance,Other,1940,2040,100
2024-09-01,BR03,Retail Banking Ops,Staff,118800,121830,3030
2024-09-01,BR03,Retail Banking Ops,Technology & Systems,32400,35570,3170
2024-09-01,BR03,Retail Banking Ops,Screening & Data Vendors,12960,12820,-140
2024-09-01,BR03,Retail Banking Ops,Premises,25920,25670,-250
2024-09-01,BR03,Retail Banking Ops,Outsourcing,15120,17010,1890
2024-09-01,BR03,Retail Banking Ops,Training,4320,4480,160
2024-09-01,BR03,Retail Banking Ops,Other,6480,6840,360
2024-09-01,BR03,KYC & Onboarding,Staff,53460,54400,940
2024-09-01,BR03,KYC & Onboarding,Technology & Systems,14580,16180,1600
2024-09-01,BR03,KYC & Onboarding,Screening & Data Vendors,5830,6360,530
2024-09-01,BR03,KYC & Onboarding,Premises,11660,13180,1520
2024-09-01,BR03,KYC & Onboarding,Outsourcing,6800,7070,270
2024-09-01,BR03,KYC & Onboarding,Training,1940,2260,320
2024-09-01,BR03,KYC & Onboarding,Other,2920,3360,440
2024-09-01,BR03,AML & Financial Crime,Staff,59400,65070,5670
2024-09-01,BR03,AML & Financial Crime,Technology & Systems,16200,17830,1630
2024-09-01,BR03,AML & Financial Crime,Screening & Data Vendors,6480,6420,-60
2024-09-01,BR03,AML & Financial Crime,Premises,12960,14840,1880
2024-09-01,BR03,AML & Financial Crime,Outsourcing,7560,8290,730
2024-09-01,BR03,AML & Financial Crime,Training,2160,2420,260
2024-09-01,BR03,AML & Financial Crime,Other,3240,3680,440
2024-09-01,BR03,Payments Ops,Staff,41580,44250,2670
2024-09-01,BR03,Payments Ops,Technology & Systems,11340,12250,910
2024-09-01,BR03,Payments Ops,Screening & Data Vendors,4540,4810,270
2024-09-01,BR03,Payments Ops,Premises,9070,9000,-70
2024-09-01,BR03,Payments Ops,Outsourcing,5290,5470,180
2024-09-01,BR03,Payments Ops,Training,1510,1530,20
2024-09-01,BR03,Payments Ops,Other,2270,2440,170
2024-09-01,BR03,IT & Technology,Staff,71280,76510,5230
2024-09-01,BR03,IT & Technology,Technology & Systems,19440,20100,660
2024-09-01,BR03,IT & Technology,Screening & Data Vendors,7780,8700,920
2024-09-01,BR03,IT & Technology,Premises,15550,16980,1430
2024-09-01,BR03,IT & Technology,Outsourcing,9070,9570,500
2024-09-01,BR03,IT & Technology,Training,2590,2690,100
2024-09-01,BR03,IT & Technology,Other,3890,3800,-90
2024-09-01,BR03,Compliance,Staff,35640,36660,1020
2024-09-01,BR03,Compliance,Technology & Systems,9720,9510,-210
2024-09-01,BR03,Compliance,Screening & Data Vendors,3890,3770,-120
2024-09-01,BR03,Compliance,Premises,7780,7830,50
2024-09-01,BR03,Compliance,Outsourcing,4540,4350,-190
2024-09-01,BR03,Compliance,Training,1300,1340,40
2024-09-01,BR03,Compliance,Other,1940,1930,-10
2024-10-01,BR03,Retail Banking Ops,Staff,118800,118710,-90
2024-10-01,BR03,Retail Banking Ops,Technology & Systems,32400,35980,3580
2024-10-01,BR03,Retail Banking Ops,Screening & Data Vendors,12960,14380,1420
2024-10-01,BR03,Retail Banking Ops,Premises,25920,25790,-130
2024-10-01,BR03,Retail Banking Ops,Outsourcing,15120,15740,620
2024-10-01,BR03,Retail Banking Ops,Training,4320,4320,0
2024-10-01,BR03,Retail Banking Ops,Other,6480,7380,900
2024-10-01,BR03,KYC & Onboarding,Staff,53460,60310,6850
2024-10-01,BR03,KYC & Onboarding,Technology & Systems,14580,16690,2110
2024-10-01,BR03,KYC & Onboarding,Screening & Data Vendors,5830,6530,700
2024-10-01,BR03,KYC & Onboarding,Premises,11660,12860,1200
2024-10-01,BR03,KYC & Onboarding,Outsourcing,6800,8020,1220
2024-10-01,BR03,KYC & Onboarding,Training,1940,1970,30
2024-10-01,BR03,KYC & Onboarding,Other,2920,3070,150
2024-10-01,BR03,AML & Financial Crime,Staff,59400,62130,2730
2024-10-01,BR03,AML & Financial Crime,Technology & Systems,16200,19270,3070
2024-10-01,BR03,AML & Financial Crime,Screening & Data Vendors,6480,7690,1210
2024-10-01,BR03,AML & Financial Crime,Premises,12960,15050,2090
2024-10-01,BR03,AML & Financial Crime,Outsourcing,7560,8000,440
2024-10-01,BR03,AML & Financial Crime,Training,2160,2520,360
2024-10-01,BR03,AML & Financial Crime,Other,3240,3430,190
2024-10-01,BR03,Payments Ops,Staff,41580,44230,2650
2024-10-01,BR03,Payments Ops,Technology & Systems,11340,11940,600
2024-10-01,BR03,Payments Ops,Screening & Data Vendors,4540,4680,140
2024-10-01,BR03,Payments Ops,Premises,9070,9700,630
2024-10-01,BR03,Payments Ops,Outsourcing,5290,5650,360
2024-10-01,BR03,Payments Ops,Training,1510,1580,70
2024-10-01,BR03,Payments Ops,Other,2270,2400,130
2024-10-01,BR03,IT & Technology,Staff,71280,74310,3030
2024-10-01,BR03,IT & Technology,Technology & Systems,19440,19780,340
2024-10-01,BR03,IT & Technology,Screening & Data Vendors,7780,8410,630
2024-10-01,BR03,IT & Technology,Premises,15550,16530,980
2024-10-01,BR03,IT & Technology,Outsourcing,9070,9180,110
2024-10-01,BR03,IT & Technology,Training,2590,2560,-30
2024-10-01,BR03,IT & Technology,Other,3890,4190,300
2024-10-01,BR03,Compliance,Staff,35640,39180,3540
2024-10-01,BR03,Compliance,Technology & Systems,9720,10150,430
2024-10-01,BR03,Compliance,Screening & Data Vendors,3890,4070,180
2024-10-01,BR03,Compliance,Premises,7780,8850,1070
2024-10-01,BR03,Compliance,Outsourcing,4540,4300,-240
2024-10-01,BR03,Compliance,Training,1300,1360,60
2024-10-01,BR03,Compliance,Other,1940,1930,-10
2024-11-01,BR03,Retail Banking Ops,Staff,118800,118610,-190
2024-11-01,BR03,Retail Banking Ops,Technology & Systems,32400,33250,850
2024-11-01,BR03,Retail Banking Ops,Screening & Data Vendors,12960,13250,290
2024-11-01,BR03,Retail Banking Ops,Premises,25920,22850,-3070
2024-11-01,BR03,Retail Banking Ops,Outsourcing,15120,15900,780
2024-11-01,BR03,Retail Banking Ops,Training,4320,4430,110
2024-11-01,BR03,Retail Banking Ops,Other,6480,7220,740
2024-11-01,BR03,KYC & Onboarding,Staff,53460,61550,8090
2024-11-01,BR03,KYC & Onboarding,Technology & Systems,14580,14860,280
2024-11-01,BR03,KYC & Onboarding,Screening & Data Vendors,5830,6440,610
2024-11-01,BR03,KYC & Onboarding,Premises,11660,14470,2810
2024-11-01,BR03,KYC & Onboarding,Outsourcing,6800,7240,440
2024-11-01,BR03,KYC & Onboarding,Training,1940,2030,90
2024-11-01,BR03,KYC & Onboarding,Other,2920,3190,270
2024-11-01,BR03,AML & Financial Crime,Staff,59400,62240,2840
2024-11-01,BR03,AML & Financial Crime,Technology & Systems,16200,18950,2750
2024-11-01,BR03,AML & Financial Crime,Screening & Data Vendors,6480,7130,650
2024-11-01,BR03,AML & Financial Crime,Premises,12960,14520,1560
2024-11-01,BR03,AML & Financial Crime,Outsourcing,7560,8140,580
2024-11-01,BR03,AML & Financial Crime,Training,2160,2700,540
2024-11-01,BR03,AML & Financial Crime,Other,3240,3380,140
2024-11-01,BR03,Payments Ops,Staff,41580,42300,720
2024-11-01,BR03,Payments Ops,Technology & Systems,11340,12380,1040
2024-11-01,BR03,Payments Ops,Screening & Data Vendors,4540,4600,60
2024-11-01,BR03,Payments Ops,Premises,9070,9620,550
2024-11-01,BR03,Payments Ops,Outsourcing,5290,5160,-130
2024-11-01,BR03,Payments Ops,Training,1510,1600,90
2024-11-01,BR03,Payments Ops,Other,2270,2420,150
2024-11-01,BR03,IT & Technology,Staff,71280,75590,4310
2024-11-01,BR03,IT & Technology,Technology & Systems,19440,19600,160
2024-11-01,BR03,IT & Technology,Screening & Data Vendors,7780,7690,-90
2024-11-01,BR03,IT & Technology,Premises,15550,16080,530
2024-11-01,BR03,IT & Technology,Outsourcing,9070,9090,20
2024-11-01,BR03,IT & Technology,Training,2590,2340,-250
2024-11-01,BR03,IT & Technology,Other,3890,3970,80
2024-11-01,BR03,Compliance,Staff,35640,36610,970
2024-11-01,BR03,Compliance,Technology & Systems,9720,10080,360
2024-11-01,BR03,Compliance,Screening & Data Vendors,3890,4230,340
2024-11-01,BR03,Compliance,Premises,7780,8810,1030
2024-11-01,BR03,Compliance,Outsourcing,4540,4700,160
2024-11-01,BR03,Compliance,Training,1300,1380,80
2024-11-01,BR03,Compliance,Other,1940,2000,60
2024-12-01,BR03,Retail Banking Ops,Staff,118800,128670,9870
2024-12-01,BR03,Retail Banking Ops,Technology & Systems,32400,34530,2130
2024-12-01,BR03,Retail Banking Ops,Screening & Data Vendors,12960,13580,620
2024-12-01,BR03,Retail Banking Ops,Premises,25920,27910,1990
2024-12-01,BR03,Retail Banking Ops,Outsourcing,15120,15080,-40
2024-12-01,BR03,Retail Banking Ops,Training,4320,4340,20
2024-12-01,BR03,Retail Banking Ops,Other,6480,6900,420
2024-12-01,BR03,KYC & Onboarding,Staff,53460,56440,2980
2024-12-01,BR03,KYC & Onboarding,Technology & Systems,14580,16080,1500
2024-12-01,BR03,KYC & Onboarding,Screening & Data Vendors,5830,6650,820
2024-12-01,BR03,KYC & Onboarding,Premises,11660,12690,1030
2024-12-01,BR03,KYC & Onboarding,Outsourcing,6800,7660,860
2024-12-01,BR03,KYC & Onboarding,Training,1940,2180,240
2024-12-01,BR03,KYC & Onboarding,Other,2920,3280,360
2024-12-01,BR03,AML & Financial Crime,Staff,59400,70080,10680
2024-12-01,BR03,AML & Financial Crime,Technology & Systems,16200,18110,1910
2024-12-01,BR03,AML & Financial Crime,Screening & Data Vendors,6480,7230,750
2024-12-01,BR03,AML & Financial Crime,Premises,12960,13670,710
2024-12-01,BR03,AML & Financial Crime,Outsourcing,7560,8940,1380
2024-12-01,BR03,AML & Financial Crime,Training,2160,2600,440
2024-12-01,BR03,AML & Financial Crime,Other,3240,3910,670
2024-12-01,BR03,Payments Ops,Staff,41580,46020,4440
2024-12-01,BR03,Payments Ops,Technology & Systems,11340,11190,-150
2024-12-01,BR03,Payments Ops,Screening & Data Vendors,4540,4500,-40
2024-12-01,BR03,Payments Ops,Premises,9070,9390,320
2024-12-01,BR03,Payments Ops,Outsourcing,5290,5420,130
2024-12-01,BR03,Payments Ops,Training,1510,1610,100
2024-12-01,BR03,Payments Ops,Other,2270,2400,130
2024-12-01,BR03,IT & Technology,Staff,71280,72500,1220
2024-12-01,BR03,IT & Technology,Technology & Systems,19440,19870,430
2024-12-01,BR03,IT & Technology,Screening & Data Vendors,7780,8560,780
2024-12-01,BR03,IT & Technology,Premises,15550,15270,-280
2024-12-01,BR03,IT & Technology,Outsourcing,9070,9830,760
2024-12-01,BR03,IT & Technology,Training,2590,2700,110
2024-12-01,BR03,IT & Technology,Other,3890,4100,210
2024-12-01,BR03,Compliance,Staff,35640,37570,1930
2024-12-01,BR03,Compliance,Technology & Systems,9720,10050,330
2024-12-01,BR03,Compliance,Screening & Data Vendors,3890,4070,180
2024-12-01,BR03,Compliance,Premises,7780,7290,-490
2024-12-01,BR03,Compliance,Outsourcing,4540,5020,480
2024-12-01,BR03,Compliance,Training,1300,1290,-10
2024-12-01,BR03,Compliance,Other,1940,2190,250
2025-01-01,BR03,Retail Banking Ops,Staff,118800,129300,10500
2025-01-01,BR03,Retail Banking Ops,Technology & Systems,32400,34760,2360
2025-01-01,BR03,Retail Banking Ops,Screening & Data Vendors,12960,13060,100
2025-01-01,BR03,Retail Banking Ops,Premises,25920,26350,430
2025-01-01,BR03,Retail Banking Ops,Outsourcing,15120,16410,1290
2025-01-01,BR03,Retail Banking Ops,Training,4320,4500,180
2025-01-01,BR03,Retail Banking Ops,Other,6480,7060,580
2025-01-01,BR03,KYC & Onboarding,Staff,53460,61980,8520
2025-01-01,BR03,KYC & Onboarding,Technology & Systems,14580,16860,2280
2025-01-01,BR03,KYC & Onboarding,Screening & Data Vendors,5830,6830,1000
2025-01-01,BR03,KYC & Onboarding,Premises,11660,12740,1080
2025-01-01,BR03,KYC & Onboarding,Outsourcing,6800,7440,640
2025-01-01,BR03,KYC & Onboarding,Training,1940,2290,350
2025-01-01,BR03,KYC & Onboarding,Other,2920,3360,440
2025-01-01,BR03,AML & Financial Crime,Staff,59400,64100,4700
2025-01-01,BR03,AML & Financial Crime,Technology & Systems,16200,20390,4190
2025-01-01,BR03,AML & Financial Crime,Screening & Data Vendors,6480,7350,870
2025-01-01,BR03,AML & Financial Crime,Premises,12960,14790,1830
2025-01-01,BR03,AML & Financial Crime,Outsourcing,7560,8800,1240
2025-01-01,BR03,AML & Financial Crime,Training,2160,2350,190
2025-01-01,BR03,AML & Financial Crime,Other,3240,3450,210
2025-01-01,BR03,Payments Ops,Staff,41580,44190,2610
2025-01-01,BR03,Payments Ops,Technology & Systems,11340,11320,-20
2025-01-01,BR03,Payments Ops,Screening & Data Vendors,4540,4750,210
2025-01-01,BR03,Payments Ops,Premises,9070,9630,560
2025-01-01,BR03,Payments Ops,Outsourcing,5290,5900,610
2025-01-01,BR03,Payments Ops,Training,1510,1540,30
2025-01-01,BR03,Payments Ops,Other,2270,2360,90
2025-01-01,BR03,IT & Technology,Staff,71280,81860,10580
2025-01-01,BR03,IT & Technology,Technology & Systems,19440,20720,1280
2025-01-01,BR03,IT & Technology,Screening & Data Vendors,7780,8150,370
2025-01-01,BR03,IT & Technology,Premises,15550,15310,-240
2025-01-01,BR03,IT & Technology,Outsourcing,9070,9320,250
2025-01-01,BR03,IT & Technology,Training,2590,2720,130
2025-01-01,BR03,IT & Technology,Other,3890,4400,510
2025-01-01,BR03,Compliance,Staff,35640,36050,410
2025-01-01,BR03,Compliance,Technology & Systems,9720,10730,1010
2025-01-01,BR03,Compliance,Screening & Data Vendors,3890,4450,560
2025-01-01,BR03,Compliance,Premises,7780,7700,-80
2025-01-01,BR03,Compliance,Outsourcing,4540,4620,80
2025-01-01,BR03,Compliance,Training,1300,1440,140
2025-01-01,BR03,Compliance,Other,1940,2070,130
2025-02-01,BR03,Retail Banking Ops,Staff,118800,124650,5850
2025-02-01,BR03,Retail Banking Ops,Technology & Systems,32400,35100,2700
2025-02-01,BR03,Retail Banking Ops,Screening & Data Vendors,12960,12540,-420
2025-02-01,BR03,Retail Banking Ops,Premises,25920,27920,2000
2025-02-01,BR03,Retail Banking Ops,Outsourcing,15120,15130,10
2025-02-01,BR03,Retail Banking Ops,Training,4320,4580,260
2025-02-01,BR03,Retail Banking Ops,Other,6480,6770,290
2025-02-01,BR03,KYC & Onboarding,Staff,53460,58410,4950
2025-02-01,BR03,KYC & Onboarding,Technology & Systems,14580,15870,1290
2025-02-01,BR03,KYC & Onboarding,Screening & Data Vendors,5830,6990,1160
2025-02-01,BR03,KYC & Onboarding,Premises,11660,13990,2330
2025-02-01,BR03,KYC & Onboarding,Outsourcing,6800,7100,300
2025-02-01,BR03,KYC & Onboarding,Training,1940,2220,280
2025-02-01,BR03,KYC & Onboarding,Other,2920,3170,250
2025-02-01,BR03,AML & Financial Crime,Staff,59400,69840,10440
2025-02-01,BR03,AML & Financial Crime,Technology & Systems,16200,18690,2490
2025-02-01,BR03,AML & Financial Crime,Screening & Data Vendors,6480,7440,960
2025-02-01,BR03,AML & Financial Crime,Premises,12960,14360,1400
2025-02-01,BR03,AML & Financial Crime,Outsourcing,7560,8160,600
2025-02-01,BR03,AML & Financial Crime,Training,2160,2540,380
2025-02-01,BR03,AML & Financial Crime,Other,3240,3380,140
2025-02-01,BR03,Payments Ops,Staff,41580,47480,5900
2025-02-01,BR03,Payments Ops,Technology & Systems,11340,11260,-80
2025-02-01,BR03,Payments Ops,Screening & Data Vendors,4540,4500,-40
2025-02-01,BR03,Payments Ops,Premises,9070,9690,620
2025-02-01,BR03,Payments Ops,Outsourcing,5290,5260,-30
2025-02-01,BR03,Payments Ops,Training,1510,1610,100
2025-02-01,BR03,Payments Ops,Other,2270,2400,130
2025-02-01,BR03,IT & Technology,Staff,71280,74820,3540
2025-02-01,BR03,IT & Technology,Technology & Systems,19440,21450,2010
2025-02-01,BR03,IT & Technology,Screening & Data Vendors,7780,7610,-170
2025-02-01,BR03,IT & Technology,Premises,15550,16030,480
2025-02-01,BR03,IT & Technology,Outsourcing,9070,10120,1050
2025-02-01,BR03,IT & Technology,Training,2590,3040,450
2025-02-01,BR03,IT & Technology,Other,3890,4070,180
2025-02-01,BR03,Compliance,Staff,35640,34380,-1260
2025-02-01,BR03,Compliance,Technology & Systems,9720,10800,1080
2025-02-01,BR03,Compliance,Screening & Data Vendors,3890,3800,-90
2025-02-01,BR03,Compliance,Premises,7780,7810,30
2025-02-01,BR03,Compliance,Outsourcing,4540,4980,440
2025-02-01,BR03,Compliance,Training,1300,1350,50
2025-02-01,BR03,Compliance,Other,1940,2080,140
2025-03-01,BR03,Retail Banking Ops,Staff,118800,134210,15410
2025-03-01,BR03,Retail Banking Ops,Technology & Systems,32400,39930,7530
2025-03-01,BR03,Retail Banking Ops,Screening & Data Vendors,12960,12620,-340
2025-03-01,BR03,Retail Banking Ops,Premises,25920,26070,150
2025-03-01,BR03,Retail Banking Ops,Outsourcing,15120,15170,50
2025-03-01,BR03,Retail Banking Ops,Training,4320,5120,800
2025-03-01,BR03,Retail Banking Ops,Other,6480,6820,340
2025-03-01,BR03,KYC & Onboarding,Staff,53460,66570,13110
2025-03-01,BR03,KYC & Onboarding,Technology & Systems,14580,16760,2180
2025-03-01,BR03,KYC & Onboarding,Screening & Data Vendors,5830,6380,550
2025-03-01,BR03,KYC & Onboarding,Premises,11660,13420,1760
2025-03-01,BR03,KYC & Onboarding,Outsourcing,6800,7340,540
2025-03-01,BR03,KYC & Onboarding,Training,1940,2400,460
2025-03-01,BR03,KYC & Onboarding,Other,2920,3540,620
2025-03-01,BR03,AML & Financial Crime,Staff,59400,61340,1940
2025-03-01,BR03,AML & Financial Crime,Technology & Systems,16200,18410,2210
2025-03-01,BR03,AML & Financial Crime,Screening & Data Vendors,6480,7310,830
2025-03-01,BR03,AML & Financial Crime,Premises,12960,15090,2130
2025-03-01,BR03,AML & Financial Crime,Outsourcing,7560,8270,710
2025-03-01,BR03,AML & Financial Crime,Training,2160,2620,460
2025-03-01,BR03,AML & Financial Crime,Other,3240,3460,220
2025-03-01,BR03,Payments Ops,Staff,41580,40570,-1010
2025-03-01,BR03,Payments Ops,Technology & Systems,11340,12060,720
2025-03-01,BR03,Payments Ops,Screening & Data Vendors,4540,4870,330
2025-03-01,BR03,Payments Ops,Premises,9070,9310,240
2025-03-01,BR03,Payments Ops,Outsourcing,5290,5580,290
2025-03-01,BR03,Payments Ops,Training,1510,1700,190
2025-03-01,BR03,Payments Ops,Other,2270,2400,130
2025-03-01,BR03,IT & Technology,Staff,71280,70950,-330
2025-03-01,BR03,IT & Technology,Technology & Systems,19440,19100,-340
2025-03-01,BR03,IT & Technology,Screening & Data Vendors,7780,8350,570
2025-03-01,BR03,IT & Technology,Premises,15550,15460,-90
2025-03-01,BR03,IT & Technology,Outsourcing,9070,9710,640
2025-03-01,BR03,IT & Technology,Training,2590,2800,210
2025-03-01,BR03,IT & Technology,Other,3890,4330,440
2025-03-01,BR03,Compliance,Staff,35640,38130,2490
2025-03-01,BR03,Compliance,Technology & Systems,9720,10050,330
2025-03-01,BR03,Compliance,Screening & Data Vendors,3890,4330,440
2025-03-01,BR03,Compliance,Premises,7780,7890,110
2025-03-01,BR03,Compliance,Outsourcing,4540,4750,210
2025-03-01,BR03,Compliance,Training,1300,1410,110
2025-03-01,BR03,Compliance,Other,1940,2060,120
2025-04-01,BR03,Retail Banking Ops,Staff,118800,130510,11710
2025-04-01,BR03,Retail Banking Ops,Technology & Systems,32400,31490,-910
2025-04-01,BR03,Retail Banking Ops,Screening & Data Vendors,12960,15760,2800
2025-04-01,BR03,Retail Banking Ops,Premises,25920,27420,1500
2025-04-01,BR03,Retail Banking Ops,Outsourcing,15120,15570,450
2025-04-01,BR03,Retail Banking Ops,Training,4320,4670,350
2025-04-01,BR03,Retail Banking Ops,Other,6480,7080,600
2025-04-01,BR03,KYC & Onboarding,Staff,53460,60930,7470
2025-04-01,BR03,KYC & Onboarding,Technology & Systems,14580,16120,1540
2025-04-01,BR03,KYC & Onboarding,Screening & Data Vendors,5830,6950,1120
2025-04-01,BR03,KYC & Onboarding,Premises,11660,14630,2970
2025-04-01,BR03,KYC & Onboarding,Outsourcing,6800,7520,720
2025-04-01,BR03,KYC & Onboarding,Training,1940,2390,450
2025-04-01,BR03,KYC & Onboarding,Other,2920,3120,200
2025-04-01,BR03,AML & Financial Crime,Staff,59400,66630,7230
2025-04-01,BR03,AML & Financial Crime,Technology & Systems,16200,19050,2850
2025-04-01,BR03,AML & Financial Crime,Screening & Data Vendors,6480,8060,1580
2025-04-01,BR03,AML & Financial Crime,Premises,12960,14350,1390
2025-04-01,BR03,AML & Financial Crime,Outsourcing,7560,8880,1320
2025-04-01,BR03,AML & Financial Crime,Training,2160,2510,350
2025-04-01,BR03,AML & Financial Crime,Other,3240,3530,290
2025-04-01,BR03,Payments Ops,Staff,41580,49180,7600
2025-04-01,BR03,Payments Ops,Technology & Systems,11340,13290,1950
2025-04-01,BR03,Payments Ops,Screening & Data Vendors,4540,4480,-60
2025-04-01,BR03,Payments Ops,Premises,9070,9400,330
2025-04-01,BR03,Payments Ops,Outsourcing,5290,5990,700
2025-04-01,BR03,Payments Ops,Training,1510,1580,70
2025-04-01,BR03,Payments Ops,Other,2270,2730,460
2025-04-01,BR03,IT & Technology,Staff,71280,72080,800
2025-04-01,BR03,IT & Technology,Technology & Systems,19440,20040,600
2025-04-01,BR03,IT & Technology,Screening & Data Vendors,7780,8280,500
2025-04-01,BR03,IT & Technology,Premises,15550,16680,1130
2025-04-01,BR03,IT & Technology,Outsourcing,9070,10000,930
2025-04-01,BR03,IT & Technology,Training,2590,2730,140
2025-04-01,BR03,IT & Technology,Other,3890,3840,-50
2025-04-01,BR03,Compliance,Staff,35640,41370,5730
2025-04-01,BR03,Compliance,Technology & Systems,9720,11170,1450
2025-04-01,BR03,Compliance,Screening & Data Vendors,3890,4680,790
2025-04-01,BR03,Compliance,Premises,7780,7890,110
2025-04-01,BR03,Compliance,Outsourcing,4540,4840,300
2025-04-01,BR03,Compliance,Training,1300,1420,120
2025-04-01,BR03,Compliance,Other,1940,1940,0
2025-05-01,BR03,Retail Banking Ops,Staff,118800,130210,11410
2025-05-01,BR03,Retail Banking Ops,Technology & Systems,32400,35810,3410
2025-05-01,BR03,Retail Banking Ops,Screening & Data Vendors,12960,12400,-560
2025-05-01,BR03,Retail Banking Ops,Premises,25920,28020,2100
2025-05-01,BR03,Retail Banking Ops,Outsourcing,15120,14650,-470
2025-05-01,BR03,Retail Banking Ops,Training,4320,4710,390
2025-05-01,BR03,Retail Banking Ops,Other,6480,6510,30
2025-05-01,BR03,KYC & Onboarding,Staff,53460,60970,7510
2025-05-01,BR03,KYC & Onboarding,Technology & Systems,14580,15640,1060
2025-05-01,BR03,KYC & Onboarding,Screening & Data Vendors,5830,6630,800
2025-05-01,BR03,KYC & Onboarding,Premises,11660,12060,400
2025-05-01,BR03,KYC & Onboarding,Outsourcing,6800,8150,1350
2025-05-01,BR03,KYC & Onboarding,Training,1940,2410,470
2025-05-01,BR03,KYC & Onboarding,Other,2920,3200,280
2025-05-01,BR03,AML & Financial Crime,Staff,59400,66000,6600
2025-05-01,BR03,AML & Financial Crime,Technology & Systems,16200,17780,1580
2025-05-01,BR03,AML & Financial Crime,Screening & Data Vendors,6480,7840,1360
2025-05-01,BR03,AML & Financial Crime,Premises,12960,16320,3360
2025-05-01,BR03,AML & Financial Crime,Outsourcing,7560,9350,1790
2025-05-01,BR03,AML & Financial Crime,Training,2160,2590,430
2025-05-01,BR03,AML & Financial Crime,Other,3240,3940,700
2025-05-01,BR03,Payments Ops,Staff,41580,44330,2750
2025-05-01,BR03,Payments Ops,Technology & Systems,11340,12420,1080
2025-05-01,BR03,Payments Ops,Screening & Data Vendors,4540,5260,720
2025-05-01,BR03,Payments Ops,Premises,9070,10400,1330
2025-05-01,BR03,Payments Ops,Outsourcing,5290,5830,540
2025-05-01,BR03,Payments Ops,Training,1510,1680,170
2025-05-01,BR03,Payments Ops,Other,2270,2410,140
2025-05-01,BR03,IT & Technology,Staff,71280,75490,4210
2025-05-01,BR03,IT & Technology,Technology & Systems,19440,22810,3370
2025-05-01,BR03,IT & Technology,Screening & Data Vendors,7780,8030,250
2025-05-01,BR03,IT & Technology,Premises,15550,17720,2170
2025-05-01,BR03,IT & Technology,Outsourcing,9070,9670,600
2025-05-01,BR03,IT & Technology,Training,2590,2740,150
2025-05-01,BR03,IT & Technology,Other,3890,4180,290
2025-05-01,BR03,Compliance,Staff,35640,36760,1120
2025-05-01,BR03,Compliance,Technology & Systems,9720,10680,960
2025-05-01,BR03,Compliance,Screening & Data Vendors,3890,4290,400
2025-05-01,BR03,Compliance,Premises,7780,8910,1130
2025-05-01,BR03,Compliance,Outsourcing,4540,5100,560
2025-05-01,BR03,Compliance,Training,1300,1440,140
2025-05-01,BR03,Compliance,Other,1940,2180,240
2025-06-01,BR03,Retail Banking Ops,Staff,118800,125290,6490
2025-06-01,BR03,Retail Banking Ops,Technology & Systems,32400,33750,1350
2025-06-01,BR03,Retail Banking Ops,Screening & Data Vendors,12960,12410,-550
2025-06-01,BR03,Retail Banking Ops,Premises,25920,28140,2220
2025-06-01,BR03,Retail Banking Ops,Outsourcing,15120,17480,2360
2025-06-01,BR03,Retail Banking Ops,Training,4320,4440,120
2025-06-01,BR03,Retail Banking Ops,Other,6480,6810,330
2025-06-01,BR03,KYC & Onboarding,Staff,53460,60900,7440
2025-06-01,BR03,KYC & Onboarding,Technology & Systems,14580,18130,3550
2025-06-01,BR03,KYC & Onboarding,Screening & Data Vendors,5830,6900,1070
2025-06-01,BR03,KYC & Onboarding,Premises,11660,14120,2460
2025-06-01,BR03,KYC & Onboarding,Outsourcing,6800,8300,1500
2025-06-01,BR03,KYC & Onboarding,Training,1940,2090,150
2025-06-01,BR03,KYC & Onboarding,Other,2920,3600,680
2025-06-01,BR03,AML & Financial Crime,Staff,59400,73140,13740
2025-06-01,BR03,AML & Financial Crime,Technology & Systems,16200,18650,2450
2025-06-01,BR03,AML & Financial Crime,Screening & Data Vendors,6480,7550,1070
2025-06-01,BR03,AML & Financial Crime,Premises,12960,14550,1590
2025-06-01,BR03,AML & Financial Crime,Outsourcing,7560,9340,1780
2025-06-01,BR03,AML & Financial Crime,Training,2160,2850,690
2025-06-01,BR03,AML & Financial Crime,Other,3240,3770,530
2025-06-01,BR03,Payments Ops,Staff,41580,44260,2680
2025-06-01,BR03,Payments Ops,Technology & Systems,11340,12290,950
2025-06-01,BR03,Payments Ops,Screening & Data Vendors,4540,4790,250
2025-06-01,BR03,Payments Ops,Premises,9070,9200,130
2025-06-01,BR03,Payments Ops,Outsourcing,5290,5640,350
2025-06-01,BR03,Payments Ops,Training,1510,1580,70
2025-06-01,BR03,Payments Ops,Other,2270,2670,400
2025-06-01,BR03,IT & Technology,Staff,71280,76820,5540
2025-06-01,BR03,IT & Technology,Technology & Systems,19440,22030,2590
2025-06-01,BR03,IT & Technology,Screening & Data Vendors,7780,7950,170
2025-06-01,BR03,IT & Technology,Premises,15550,17010,1460
2025-06-01,BR03,IT & Technology,Outsourcing,9070,10230,1160
2025-06-01,BR03,IT & Technology,Training,2590,3120,530
2025-06-01,BR03,IT & Technology,Other,3890,4470,580
2025-06-01,BR03,Compliance,Staff,35640,39200,3560
2025-06-01,BR03,Compliance,Technology & Systems,9720,10550,830
2025-06-01,BR03,Compliance,Screening & Data Vendors,3890,4270,380
2025-06-01,BR03,Compliance,Premises,7780,8180,400
2025-06-01,BR03,Compliance,Outsourcing,4540,5340,800
2025-06-01,BR03,Compliance,Training,1300,1450,150
2025-06-01,BR03,Compliance,Other,1940,2150,210
2025-07-01,BR03,Retail Banking Ops,Staff,118800,128100,9300
2025-07-01,BR03,Retail Banking Ops,Technology & Systems,32400,33580,1180
2025-07-01,BR03,Retail Banking Ops,Screening & Data Vendors,12960,14430,1470
2025-07-01,BR03,Retail Banking Ops,Premises,25920,27270,1350
2025-07-01,BR03,Retail Banking Ops,Outsourcing,15120,17420,2300
2025-07-01,BR03,Retail Banking Ops,Training,4320,4330,10
2025-07-01,BR03,Retail Banking Ops,Other,6480,7290,810
2025-07-01,BR03,KYC & Onboarding,Staff,53460,65730,12270
2025-07-01,BR03,KYC & Onboarding,Technology & Systems,14580,18420,3840
2025-07-01,BR03,KYC & Onboarding,Screening & Data Vendors,5830,7760,1930
2025-07-01,BR03,KYC & Onboarding,Premises,11660,13990,2330
2025-07-01,BR03,KYC & Onboarding,Outsourcing,6800,8000,1200
2025-07-01,BR03,KYC & Onboarding,Training,1940,2190,250
2025-07-01,BR03,KYC & Onboarding,Other,2920,3430,510
2025-07-01,BR03,AML & Financial Crime,Staff,59400,67560,8160
2025-07-01,BR03,AML & Financial Crime,Technology & Systems,16200,18820,2620
2025-07-01,BR03,AML & Financial Crime,Screening & Data Vendors,6480,7590,1110
2025-07-01,BR03,AML & Financial Crime,Premises,12960,14910,1950
2025-07-01,BR03,AML & Financial Crime,Outsourcing,7560,8220,660
2025-07-01,BR03,AML & Financial Crime,Training,2160,2560,400
2025-07-01,BR03,AML & Financial Crime,Other,3240,3670,430
2025-07-01,BR03,Payments Ops,Staff,41580,47190,5610
2025-07-01,BR03,Payments Ops,Technology & Systems,11340,11070,-270
2025-07-01,BR03,Payments Ops,Screening & Data Vendors,4540,5070,530
2025-07-01,BR03,Payments Ops,Premises,9070,10170,1100
2025-07-01,BR03,Payments Ops,Outsourcing,5290,5980,690
2025-07-01,BR03,Payments Ops,Training,1510,1700,190
2025-07-01,BR03,Payments Ops,Other,2270,2480,210
2025-07-01,BR03,IT & Technology,Staff,71280,74580,3300
2025-07-01,BR03,IT & Technology,Technology & Systems,19440,20150,710
2025-07-01,BR03,IT & Technology,Screening & Data Vendors,7780,8110,330
2025-07-01,BR03,IT & Technology,Premises,15550,16230,680
2025-07-01,BR03,IT & Technology,Outsourcing,9070,10650,1580
2025-07-01,BR03,IT & Technology,Training,2590,2750,160
2025-07-01,BR03,IT & Technology,Other,3890,4340,450
2025-07-01,BR03,Compliance,Staff,35640,37790,2150
2025-07-01,BR03,Compliance,Technology & Systems,9720,8900,-820
2025-07-01,BR03,Compliance,Screening & Data Vendors,3890,4020,130
2025-07-01,BR03,Compliance,Premises,7780,8580,800
2025-07-01,BR03,Compliance,Outsourcing,4540,5060,520
2025-07-01,BR03,Compliance,Training,1300,1360,60
2025-07-01,BR03,Compliance,Other,1940,1860,-80
2025-08-01,BR03,Retail Banking Ops,Staff,118800,123680,4880
2025-08-01,BR03,Retail Banking Ops,Technology & Systems,32400,36120,3720
2025-08-01,BR03,Retail Banking Ops,Screening & Data Vendors,12960,14350,1390
2025-08-01,BR03,Retail Banking Ops,Premises,25920,29530,3610
2025-08-01,BR03,Retail Banking Ops,Outsourcing,15120,16310,1190
2025-08-01,BR03,Retail Banking Ops,Training,4320,4270,-50
2025-08-01,BR03,Retail Banking Ops,Other,6480,6920,440
2025-08-01,BR03,KYC & Onboarding,Staff,53460,65820,12360
2025-08-01,BR03,KYC & Onboarding,Technology & Systems,14580,15860,1280
2025-08-01,BR03,KYC & Onboarding,Screening & Data Vendors,5830,6840,1010
2025-08-01,BR03,KYC & Onboarding,Premises,11660,14230,2570
2025-08-01,BR03,KYC & Onboarding,Outsourcing,6800,8270,1470
2025-08-01,BR03,KYC & Onboarding,Training,1940,2380,440
2025-08-01,BR03,KYC & Onboarding,Other,2920,3330,410
2025-08-01,BR03,AML & Financial Crime,Staff,59400,72780,13380
2025-08-01,BR03,AML & Financial Crime,Technology & Systems,16200,19990,3790
2025-08-01,BR03,AML & Financial Crime,Screening & Data Vendors,6480,7740,1260
2025-08-01,BR03,AML & Financial Crime,Premises,12960,15280,2320
2025-08-01,BR03,AML & Financial Crime,Outsourcing,7560,9400,1840
2025-08-01,BR03,AML & Financial Crime,Training,2160,2880,720
2025-08-01,BR03,AML & Financial Crime,Other,3240,4160,920
2025-08-01,BR03,Payments Ops,Staff,41580,46110,4530
2025-08-01,BR03,Payments Ops,Technology & Systems,11340,11350,10
2025-08-01,BR03,Payments Ops,Screening & Data Vendors,4540,5150,610
2025-08-01,BR03,Payments Ops,Premises,9070,9500,430
2025-08-01,BR03,Payments Ops,Outsourcing,5290,5830,540
2025-08-01,BR03,Payments Ops,Training,1510,1590,80
2025-08-01,BR03,Payments Ops,Other,2270,2420,150
2025-08-01,BR03,IT & Technology,Staff,71280,76230,4950
2025-08-01,BR03,IT & Technology,Technology & Systems,19440,21660,2220
2025-08-01,BR03,IT & Technology,Screening & Data Vendors,7780,8890,1110
2025-08-01,BR03,IT & Technology,Premises,15550,16860,1310
2025-08-01,BR03,IT & Technology,Outsourcing,9070,9880,810
2025-08-01,BR03,IT & Technology,Training,2590,2930,340
2025-08-01,BR03,IT & Technology,Other,3890,4260,370
2025-08-01,BR03,Compliance,Staff,35640,36600,960
2025-08-01,BR03,Compliance,Technology & Systems,9720,10620,900
2025-08-01,BR03,Compliance,Screening & Data Vendors,3890,4410,520
2025-08-01,BR03,Compliance,Premises,7780,8420,640
2025-08-01,BR03,Compliance,Outsourcing,4540,4500,-40
2025-08-01,BR03,Compliance,Training,1300,1450,150
2025-08-01,BR03,Compliance,Other,1940,2190,250
2025-09-01,BR03,Retail Banking Ops,Staff,118800,131820,13020
2025-09-01,BR03,Retail Banking Ops,Technology & Systems,32400,36090,3690
2025-09-01,BR03,Retail Banking Ops,Screening & Data Vendors,12960,14280,1320
2025-09-01,BR03,Retail Banking Ops,Premises,25920,28150,2230
2025-09-01,BR03,Retail Banking Ops,Outsourcing,15120,15360,240
2025-09-01,BR03,Retail Banking Ops,Training,4320,4690,370
2025-09-01,BR03,Retail Banking Ops,Other,6480,6590,110
2025-09-01,BR03,KYC & Onboarding,Staff,53460,70820,17360
2025-09-01,BR03,KYC & Onboarding,Technology & Systems,14580,17710,3130
2025-09-01,BR03,KYC & Onboarding,Screening & Data Vendors,5830,6730,900
2025-09-01,BR03,KYC & Onboarding,Premises,11660,14050,2390
2025-09-01,BR03,KYC & Onboarding,Outsourcing,6800,8030,1230
2025-09-01,BR03,KYC & Onboarding,Training,1940,2200,260
2025-09-01,BR03,KYC & Onboarding,Other,2920,3640,720
2025-09-01,BR03,AML & Financial Crime,Staff,59400,67710,8310
2025-09-01,BR03,AML & Financial Crime,Technology & Systems,16200,18310,2110
2025-09-01,BR03,AML & Financial Crime,Screening & Data Vendors,6480,7960,1480
2025-09-01,BR03,AML & Financial Crime,Premises,12960,15650,2690
2025-09-01,BR03,AML & Financial Crime,Outsourcing,7560,9240,1680
2025-09-01,BR03,AML & Financial Crime,Training,2160,2710,550
2025-09-01,BR03,AML & Financial Crime,Other,3240,3970,730
2025-09-01,BR03,Payments Ops,Staff,41580,43590,2010
2025-09-01,BR03,Payments Ops,Technology & Systems,11340,13130,1790
2025-09-01,BR03,Payments Ops,Screening & Data Vendors,4540,4830,290
2025-09-01,BR03,Payments Ops,Premises,9070,10010,940
2025-09-01,BR03,Payments Ops,Outsourcing,5290,5700,410
2025-09-01,BR03,Payments Ops,Training,1510,1690,180
2025-09-01,BR03,Payments Ops,Other,2270,2440,170
2025-09-01,BR03,IT & Technology,Staff,71280,72530,1250
2025-09-01,BR03,IT & Technology,Technology & Systems,19440,22730,3290
2025-09-01,BR03,IT & Technology,Screening & Data Vendors,7780,8360,580
2025-09-01,BR03,IT & Technology,Premises,15550,16610,1060
2025-09-01,BR03,IT & Technology,Outsourcing,9070,9420,350
2025-09-01,BR03,IT & Technology,Training,2590,2690,100
2025-09-01,BR03,IT & Technology,Other,3890,4150,260
2025-09-01,BR03,Compliance,Staff,35640,41050,5410
2025-09-01,BR03,Compliance,Technology & Systems,9720,11090,1370
2025-09-01,BR03,Compliance,Screening & Data Vendors,3890,4190,300
2025-09-01,BR03,Compliance,Premises,7780,8190,410
2025-09-01,BR03,Compliance,Outsourcing,4540,5480,940
2025-09-01,BR03,Compliance,Training,1300,1440,140
2025-09-01,BR03,Compliance,Other,1940,2310,370
2025-10-01,BR03,Retail Banking Ops,Staff,118800,135290,16490
2025-10-01,BR03,Retail Banking Ops,Technology & Systems,32400,35310,2910
2025-10-01,BR03,Retail Banking Ops,Screening & Data Vendors,12960,14560,1600
2025-10-01,BR03,Retail Banking Ops,Premises,25920,27230,1310
2025-10-01,BR03,Retail Banking Ops,Outsourcing,15120,18100,2980
2025-10-01,BR03,Retail Banking Ops,Training,4320,4720,400
2025-10-01,BR03,Retail Banking Ops,Other,6480,6590,110
2025-10-01,BR03,KYC & Onboarding,Staff,53460,68260,14800
2025-10-01,BR03,KYC & Onboarding,Technology & Systems,14580,17750,3170
2025-10-01,BR03,KYC & Onboarding,Screening & Data Vendors,5830,7350,1520
2025-10-01,BR03,KYC & Onboarding,Premises,11660,14350,2690
2025-10-01,BR03,KYC & Onboarding,Outsourcing,6800,7940,1140
2025-10-01,BR03,KYC & Onboarding,Training,1940,2330,390
2025-10-01,BR03,KYC & Onboarding,Other,2920,3600,680
2025-10-01,BR03,AML & Financial Crime,Staff,59400,72040,12640
2025-10-01,BR03,AML & Financial Crime,Technology & Systems,16200,20390,4190
2025-10-01,BR03,AML & Financial Crime,Screening & Data Vendors,6480,7790,1310
2025-10-01,BR03,AML & Financial Crime,Premises,12960,16010,3050
2025-10-01,BR03,AML & Financial Crime,Outsourcing,7560,9190,1630
2025-10-01,BR03,AML & Financial Crime,Training,2160,2700,540
2025-10-01,BR03,AML & Financial Crime,Other,3240,4320,1080
2025-10-01,BR03,Payments Ops,Staff,41580,46350,4770
2025-10-01,BR03,Payments Ops,Technology & Systems,11340,11900,560
2025-10-01,BR03,Payments Ops,Screening & Data Vendors,4540,4850,310
2025-10-01,BR03,Payments Ops,Premises,9070,9960,890
2025-10-01,BR03,Payments Ops,Outsourcing,5290,5470,180
2025-10-01,BR03,Payments Ops,Training,1510,1730,220
2025-10-01,BR03,Payments Ops,Other,2270,2490,220
2025-10-01,BR03,IT & Technology,Staff,71280,77850,6570
2025-10-01,BR03,IT & Technology,Technology & Systems,19440,21490,2050
2025-10-01,BR03,IT & Technology,Screening & Data Vendors,7780,8710,930
2025-10-01,BR03,IT & Technology,Premises,15550,16990,1440
2025-10-01,BR03,IT & Technology,Outsourcing,9070,9510,440
2025-10-01,BR03,IT & Technology,Training,2590,2850,260
2025-10-01,BR03,IT & Technology,Other,3890,4010,120
2025-10-01,BR03,Compliance,Staff,35640,37440,1800
2025-10-01,BR03,Compliance,Technology & Systems,9720,8940,-780
2025-10-01,BR03,Compliance,Screening & Data Vendors,3890,3950,60
2025-10-01,BR03,Compliance,Premises,7780,8190,410
2025-10-01,BR03,Compliance,Outsourcing,4540,4960,420
2025-10-01,BR03,Compliance,Training,1300,1510,210
2025-10-01,BR03,Compliance,Other,1940,1950,10
2025-11-01,BR03,Retail Banking Ops,Staff,118800,132570,13770
2025-11-01,BR03,Retail Banking Ops,Technology & Systems,32400,32810,410
2025-11-01,BR03,Retail Banking Ops,Screening & Data Vendors,12960,13130,170
2025-11-01,BR03,Retail Banking Ops,Premises,25920,30240,4320
2025-11-01,BR03,Retail Banking Ops,Outsourcing,15120,16980,1860
2025-11-01,BR03,Retail Banking Ops,Training,4320,5040,720
2025-11-01,BR03,Retail Banking Ops,Other,6480,7440,960
2025-11-01,BR03,KYC & Onboarding,Staff,53460,60800,7340
2025-11-01,BR03,KYC & Onboarding,Technology & Systems,14580,18350,3770
2025-11-01,BR03,KYC & Onboarding,Screening & Data Vendors,5830,7380,1550
2025-11-01,BR03,KYC & Onboarding,Premises,11660,13850,2190
2025-11-01,BR03,KYC & Onboarding,Outsourcing,6800,8410,1610
2025-11-01,BR03,KYC & Onboarding,Training,1940,2500,560
2025-11-01,BR03,KYC & Onboarding,Other,2920,3840,920
2025-11-01,BR03,AML & Financial Crime,Staff,59400,74490,15090
2025-11-01,BR03,AML & Financial Crime,Technology & Systems,16200,19570,3370
2025-11-01,BR03,AML & Financial Crime,Screening & Data Vendors,6480,7880,1400
2025-11-01,BR03,AML & Financial Crime,Premises,12960,16120,3160
2025-11-01,BR03,AML & Financial Crime,Outsourcing,7560,8590,1030
2025-11-01,BR03,AML & Financial Crime,Training,2160,2680,520
2025-11-01,BR03,AML & Financial Crime,Other,3240,3810,570
2025-11-01,BR03,Payments Ops,Staff,41580,46420,4840
2025-11-01,BR03,Payments Ops,Technology & Systems,11340,11680,340
2025-11-01,BR03,Payments Ops,Screening & Data Vendors,4540,4850,310
2025-11-01,BR03,Payments Ops,Premises,9070,9590,520
2025-11-01,BR03,Payments Ops,Outsourcing,5290,5160,-130
2025-11-01,BR03,Payments Ops,Training,1510,1600,90
2025-11-01,BR03,Payments Ops,Other,2270,2500,230
2025-11-01,BR03,IT & Technology,Staff,71280,78460,7180
2025-11-01,BR03,IT & Technology,Technology & Systems,19440,20580,1140
2025-11-01,BR03,IT & Technology,Screening & Data Vendors,7780,7990,210
2025-11-01,BR03,IT & Technology,Premises,15550,17090,1540
2025-11-01,BR03,IT & Technology,Outsourcing,9070,9310,240
2025-11-01,BR03,IT & Technology,Training,2590,2770,180
2025-11-01,BR03,IT & Technology,Other,3890,3970,80
2025-11-01,BR03,Compliance,Staff,35640,38640,3000
2025-11-01,BR03,Compliance,Technology & Systems,9720,11480,1760
2025-11-01,BR03,Compliance,Screening & Data Vendors,3890,4120,230
2025-11-01,BR03,Compliance,Premises,7780,8800,1020
2025-11-01,BR03,Compliance,Outsourcing,4540,4780,240
2025-11-01,BR03,Compliance,Training,1300,1470,170
2025-11-01,BR03,Compliance,Other,1940,2150,210
2025-12-01,BR03,Retail Banking Ops,Staff,118800,133730,14930
2025-12-01,BR03,Retail Banking Ops,Technology & Systems,32400,37390,4990
2025-12-01,BR03,Retail Banking Ops,Screening & Data Vendors,12960,13470,510
2025-12-01,BR03,Retail Banking Ops,Premises,25920,28180,2260
2025-12-01,BR03,Retail Banking Ops,Outsourcing,15120,15970,850
2025-12-01,BR03,Retail Banking Ops,Training,4320,4830,510
2025-12-01,BR03,Retail Banking Ops,Other,6480,7350,870
2025-12-01,BR03,KYC & Onboarding,Staff,53460,63330,9870
2025-12-01,BR03,KYC & Onboarding,Technology & Systems,14580,18110,3530
2025-12-01,BR03,KYC & Onboarding,Screening & Data Vendors,5830,7000,1170
2025-12-01,BR03,KYC & Onboarding,Premises,11660,13040,1380
2025-12-01,BR03,KYC & Onboarding,Outsourcing,6800,8300,1500
2025-12-01,BR03,KYC & Onboarding,Training,1940,2500,560
2025-12-01,BR03,KYC & Onboarding,Other,2920,3400,480
2025-12-01,BR03,AML & Financial Crime,Staff,59400,64860,5460
2025-12-01,BR03,AML & Financial Crime,Technology & Systems,16200,19940,3740
2025-12-01,BR03,AML & Financial Crime,Screening & Data Vendors,6480,7740,1260
2025-12-01,BR03,AML & Financial Crime,Premises,12960,15630,2670
2025-12-01,BR03,AML & Financial Crime,Outsourcing,7560,8880,1320
2025-12-01,BR03,AML & Financial Crime,Training,2160,2880,720
2025-12-01,BR03,AML & Financial Crime,Other,3240,3910,670
2025-12-01,BR03,Payments Ops,Staff,41580,47560,5980
2025-12-01,BR03,Payments Ops,Technology & Systems,11340,12660,1320
2025-12-01,BR03,Payments Ops,Screening & Data Vendors,4540,4950,410
2025-12-01,BR03,Payments Ops,Premises,9070,10500,1430
2025-12-01,BR03,Payments Ops,Outsourcing,5290,5890,600
2025-12-01,BR03,Payments Ops,Training,1510,1610,100
2025-12-01,BR03,Payments Ops,Other,2270,2290,20
2025-12-01,BR03,IT & Technology,Staff,71280,68730,-2550
2025-12-01,BR03,IT & Technology,Technology & Systems,19440,23130,3690
2025-12-01,BR03,IT & Technology,Screening & Data Vendors,7780,8930,1150
2025-12-01,BR03,IT & Technology,Premises,15550,17360,1810
2025-12-01,BR03,IT & Technology,Outsourcing,9070,10050,980
2025-12-01,BR03,IT & Technology,Training,2590,2750,160
2025-12-01,BR03,IT & Technology,Other,3890,4280,390
2025-12-01,BR03,Compliance,Staff,35640,38470,2830
2025-12-01,BR03,Compliance,Technology & Systems,9720,10720,1000
2025-12-01,BR03,Compliance,Screening & Data Vendors,3890,4140,250
2025-12-01,BR03,Compliance,Premises,7780,7370,-410
2025-12-01,BR03,Compliance,Outsourcing,4540,5340,800
2025-12-01,BR03,Compliance,Training,1300,1370,70
2025-12-01,BR03,Compliance,Other,1940,2160,220
2024-01-01,BR04,Retail Banking Ops,Staff,108900,107480,-1420
2024-01-01,BR04,Retail Banking Ops,Technology & Systems,29700,28340,-1360
2024-01-01,BR04,Retail Banking Ops,Screening & Data Vendors,11880,10820,-1060
2024-01-01,BR04,Retail Banking Ops,Premises,23760,21740,-2020
2024-01-01,BR04,Retail Banking Ops,Outsourcing,13860,14710,850
2024-01-01,BR04,Retail Banking Ops,Training,3960,4000,40
2024-01-01,BR04,Retail Banking Ops,Other,5940,5640,-300
2024-01-01,BR04,KYC & Onboarding,Staff,49010,45600,-3410
2024-01-01,BR04,KYC & Onboarding,Technology & Systems,13370,12910,-460
2024-01-01,BR04,KYC & Onboarding,Screening & Data Vendors,5350,5060,-290
2024-01-01,BR04,KYC & Onboarding,Premises,10690,11120,430
2024-01-01,BR04,KYC & Onboarding,Outsourcing,6240,6330,90
2024-01-01,BR04,KYC & Onboarding,Training,1780,1800,20
2024-01-01,BR04,KYC & Onboarding,Other,2670,2770,100
2024-01-01,BR04,AML & Financial Crime,Staff,54450,58430,3980
2024-01-01,BR04,AML & Financial Crime,Technology & Systems,14850,14130,-720
2024-01-01,BR04,AML & Financial Crime,Screening & Data Vendors,5940,5610,-330
2024-01-01,BR04,AML & Financial Crime,Premises,11880,12380,500
2024-01-01,BR04,AML & Financial Crime,Outsourcing,6930,6960,30
2024-01-01,BR04,AML & Financial Crime,Training,1980,2160,180
2024-01-01,BR04,AML & Financial Crime,Other,2970,2910,-60
2024-01-01,BR04,Payments Ops,Staff,38120,39810,1690
2024-01-01,BR04,Payments Ops,Technology & Systems,10400,10250,-150
2024-01-01,BR04,Payments Ops,Screening & Data Vendors,4160,4110,-50
2024-01-01,BR04,Payments Ops,Premises,8320,7890,-430
2024-01-01,BR04,Payments Ops,Outsourcing,4850,5260,410
2024-01-01,BR04,Payments Ops,Training,1390,1330,-60
2024-01-01,BR04,Payments Ops,Other,2080,1930,-150
2024-01-01,BR04,IT & Technology,Staff,65340,63310,-2030
2024-01-01,BR04,IT & Technology,Technology & Systems,17820,16950,-870
2024-01-01,BR04,IT & Technology,Screening & Data Vendors,7130,7280,150
2024-01-01,BR04,IT & Technology,Premises,14260,13430,-830
2024-01-01,BR04,IT & Technology,Outsourcing,8320,8390,70
2024-01-01,BR04,IT & Technology,Training,2380,2580,200
2024-01-01,BR04,IT & Technology,Other,3560,3680,120
2024-01-01,BR04,Compliance,Staff,32670,33590,920
2024-01-01,BR04,Compliance,Technology & Systems,8910,8910,0
2024-01-01,BR04,Compliance,Screening & Data Vendors,3560,3700,140
2024-01-01,BR04,Compliance,Premises,7130,7630,500
2024-01-01,BR04,Compliance,Outsourcing,4160,3730,-430
2024-01-01,BR04,Compliance,Training,1190,1120,-70
2024-01-01,BR04,Compliance,Other,1780,1830,50
2024-02-01,BR04,Retail Banking Ops,Staff,108900,116990,8090
2024-02-01,BR04,Retail Banking Ops,Technology & Systems,29700,31430,1730
2024-02-01,BR04,Retail Banking Ops,Screening & Data Vendors,11880,13020,1140
2024-02-01,BR04,Retail Banking Ops,Premises,23760,24340,580
2024-02-01,BR04,Retail Banking Ops,Outsourcing,13860,14020,160
2024-02-01,BR04,Retail Banking Ops,Training,3960,4210,250
2024-02-01,BR04,Retail Banking Ops,Other,5940,6230,290
2024-02-01,BR04,KYC & Onboarding,Staff,49010,52770,3760
2024-02-01,BR04,KYC & Onboarding,Technology & Systems,13370,12320,-1050
2024-02-01,BR04,KYC & Onboarding,Screening & Data Vendors,5350,5300,-50
2024-02-01,BR04,KYC & Onboarding,Premises,10690,10900,210
2024-02-01,BR04,KYC & Onboarding,Outsourcing,6240,6200,-40
2024-02-01,BR04,KYC & Onboarding,Training,1780,1950,170
2024-02-01,BR04,KYC & Onboarding,Other,2670,2580,-90
2024-02-01,BR04,AML & Financial Crime,Staff,54450,59850,5400
2024-02-01,BR04,AML & Financial Crime,Technology & Systems,14850,13900,-950
2024-02-01,BR04,AML & Financial Crime,Screening & Data Vendors,5940,5830,-110
2024-02-01,BR04,AML & Financial Crime,Premises,11880,12080,200
2024-02-01,BR04,AML & Financial Crime,Outsourcing,6930,7420,490
2024-02-01,BR04,AML & Financial Crime,Training,1980,1930,-50
2024-02-01,BR04,AML & Financial Crime,Other,2970,2800,-170
2024-02-01,BR04,Payments Ops,Staff,38120,38470,350
2024-02-01,BR04,Payments Ops,Technology & Systems,10400,10360,-40
2024-02-01,BR04,Payments Ops,Screening & Data Vendors,4160,4230,70
2024-02-01,BR04,Payments Ops,Premises,8320,8110,-210
2024-02-01,BR04,Payments Ops,Outsourcing,4850,4650,-200
2024-02-01,BR04,Payments Ops,Training,1390,1370,-20
2024-02-01,BR04,Payments Ops,Other,2080,2040,-40
2024-02-01,BR04,IT & Technology,Staff,65340,63410,-1930
2024-02-01,BR04,IT & Technology,Technology & Systems,17820,17610,-210
2024-02-01,BR04,IT & Technology,Screening & Data Vendors,7130,7080,-50
2024-02-01,BR04,IT & Technology,Premises,14260,13150,-1110
2024-02-01,BR04,IT & Technology,Outsourcing,8320,8280,-40
2024-02-01,BR04,IT & Technology,Training,2380,2210,-170
2024-02-01,BR04,IT & Technology,Other,3560,3750,190
2024-02-01,BR04,Compliance,Staff,32670,31710,-960
2024-02-01,BR04,Compliance,Technology & Systems,8910,9160,250
2024-02-01,BR04,Compliance,Screening & Data Vendors,3560,3580,20
2024-02-01,BR04,Compliance,Premises,7130,7150,20
2024-02-01,BR04,Compliance,Outsourcing,4160,4020,-140
2024-02-01,BR04,Compliance,Training,1190,1200,10
2024-02-01,BR04,Compliance,Other,1780,1860,80
2024-03-01,BR04,Retail Banking Ops,Staff,108900,108340,-560
2024-03-01,BR04,Retail Banking Ops,Technology & Systems,29700,30060,360
2024-03-01,BR04,Retail Banking Ops,Screening & Data Vendors,11880,12390,510
2024-03-01,BR04,Retail Banking Ops,Premises,23760,23960,200
2024-03-01,BR04,Retail Banking Ops,Outsourcing,13860,13200,-660
2024-03-01,BR04,Retail Banking Ops,Training,3960,4250,290
2024-03-01,BR04,Retail Banking Ops,Other,5940,6540,600
2024-03-01,BR04,KYC & Onboarding,Staff,49010,51500,2490
2024-03-01,BR04,KYC & Onboarding,Technology & Systems,13370,13860,490
2024-03-01,BR04,KYC & Onboarding,Screening & Data Vendors,5350,5220,-130
2024-03-01,BR04,KYC & Onboarding,Premises,10690,10780,90
2024-03-01,BR04,KYC & Onboarding,Outsourcing,6240,6210,-30
2024-03-01,BR04,KYC & Onboarding,Training,1780,2010,230
2024-03-01,BR04,KYC & Onboarding,Other,2670,2780,110
2024-03-01,BR04,AML & Financial Crime,Staff,54450,55370,920
2024-03-01,BR04,AML & Financial Crime,Technology & Systems,14850,13870,-980
2024-03-01,BR04,AML & Financial Crime,Screening & Data Vendors,5940,5860,-80
2024-03-01,BR04,AML & Financial Crime,Premises,11880,13040,1160
2024-03-01,BR04,AML & Financial Crime,Outsourcing,6930,7000,70
2024-03-01,BR04,AML & Financial Crime,Training,1980,1930,-50
2024-03-01,BR04,AML & Financial Crime,Other,2970,3020,50
2024-03-01,BR04,Payments Ops,Staff,38120,41180,3060
2024-03-01,BR04,Payments Ops,Technology & Systems,10400,10590,190
2024-03-01,BR04,Payments Ops,Screening & Data Vendors,4160,4290,130
2024-03-01,BR04,Payments Ops,Premises,8320,8250,-70
2024-03-01,BR04,Payments Ops,Outsourcing,4850,4870,20
2024-03-01,BR04,Payments Ops,Training,1390,1470,80
2024-03-01,BR04,Payments Ops,Other,2080,2130,50
2024-03-01,BR04,IT & Technology,Staff,65340,62410,-2930
2024-03-01,BR04,IT & Technology,Technology & Systems,17820,17900,80
2024-03-01,BR04,IT & Technology,Screening & Data Vendors,7130,7570,440
2024-03-01,BR04,IT & Technology,Premises,14260,13730,-530
2024-03-01,BR04,IT & Technology,Outsourcing,8320,8560,240
2024-03-01,BR04,IT & Technology,Training,2380,2140,-240
2024-03-01,BR04,IT & Technology,Other,3560,3480,-80
2024-03-01,BR04,Compliance,Staff,32670,30740,-1930
2024-03-01,BR04,Compliance,Technology & Systems,8910,9190,280
2024-03-01,BR04,Compliance,Screening & Data Vendors,3560,3670,110
2024-03-01,BR04,Compliance,Premises,7130,7370,240
2024-03-01,BR04,Compliance,Outsourcing,4160,4030,-130
2024-03-01,BR04,Compliance,Training,1190,1190,0
2024-03-01,BR04,Compliance,Other,1780,1850,70
2024-04-01,BR04,Retail Banking Ops,Staff,108900,103850,-5050
2024-04-01,BR04,Retail Banking Ops,Technology & Systems,29700,32130,2430
2024-04-01,BR04,Retail Banking Ops,Screening & Data Vendors,11880,11840,-40
2024-04-01,BR04,Retail Banking Ops,Premises,23760,23540,-220
2024-04-01,BR04,Retail Banking Ops,Outsourcing,13860,13570,-290
2024-04-01,BR04,Retail Banking Ops,Training,3960,4060,100
2024-04-01,BR04,Retail Banking Ops,Other,5940,5940,0
2024-04-01,BR04,KYC & Onboarding,Staff,49010,49890,880
2024-04-01,BR04,KYC & Onboarding,Technology & Systems,13370,14770,1400
2024-04-01,BR04,KYC & Onboarding,Screening & Data Vendors,5350,5750,400
2024-04-01,BR04,KYC & Onboarding,Premises,10690,11520,830
2024-04-01,BR04,KYC & Onboarding,Outsourcing,6240,6190,-50
2024-04-01,BR04,KYC & Onboarding,Training,1780,1760,-20
2024-04-01,BR04,KYC & Onboarding,Other,2670,2860,190
2024-04-01,BR04,AML & Financial Crime,Staff,54450,53810,-640
2024-04-01,BR04,AML & Financial Crime,Technology & Systems,14850,15700,850
2024-04-01,BR04,AML & Financial Crime,Screening & Data Vendors,5940,6390,450
2024-04-01,BR04,AML & Financial Crime,Premises,11880,12120,240
2024-04-01,BR04,AML & Financial Crime,Outsourcing,6930,7760,830
2024-04-01,BR04,AML & Financial Crime,Training,1980,2070,90
2024-04-01,BR04,AML & Financial Crime,Other,2970,2890,-80
2024-04-01,BR04,Payments Ops,Staff,38120,38190,70
2024-04-01,BR04,Payments Ops,Technology & Systems,10400,10670,270
2024-04-01,BR04,Payments Ops,Screening & Data Vendors,4160,3960,-200
2024-04-01,BR04,Payments Ops,Premises,8320,8550,230
2024-04-01,BR04,Payments Ops,Outsourcing,4850,5140,290
2024-04-01,BR04,Payments Ops,Training,1390,1350,-40
2024-04-01,BR04,Payments Ops,Other,2080,2080,0
2024-04-01,BR04,IT & Technology,Staff,65340,70360,5020
2024-04-01,BR04,IT & Technology,Technology & Systems,17820,17940,120
2024-04-01,BR04,IT & Technology,Screening & Data Vendors,7130,7110,-20
2024-04-01,BR04,IT & Technology,Premises,14260,14810,550
2024-04-01,BR04,IT & Technology,Outsourcing,8320,7950,-370
2024-04-01,BR04,IT & Technology,Training,2380,2330,-50
2024-04-01,BR04,IT & Technology,Other,3560,3920,360
2024-04-01,BR04,Compliance,Staff,32670,33160,490
2024-04-01,BR04,Compliance,Technology & Systems,8910,9050,140
2024-04-01,BR04,Compliance,Screening & Data Vendors,3560,3930,370
2024-04-01,BR04,Compliance,Premises,7130,6640,-490
2024-04-01,BR04,Compliance,Outsourcing,4160,4100,-60
2024-04-01,BR04,Compliance,Training,1190,1240,50
2024-04-01,BR04,Compliance,Other,1780,1780,0
2024-05-01,BR04,Retail Banking Ops,Staff,108900,111970,3070
2024-05-01,BR04,Retail Banking Ops,Technology & Systems,29700,30430,730
2024-05-01,BR04,Retail Banking Ops,Screening & Data Vendors,11880,12040,160
2024-05-01,BR04,Retail Banking Ops,Premises,23760,23810,50
2024-05-01,BR04,Retail Banking Ops,Outsourcing,13860,14700,840
2024-05-01,BR04,Retail Banking Ops,Training,3960,3810,-150
2024-05-01,BR04,Retail Banking Ops,Other,5940,5610,-330
2024-05-01,BR04,KYC & Onboarding,Staff,49010,49300,290
2024-05-01,BR04,KYC & Onboarding,Technology & Systems,13370,13470,100
2024-05-01,BR04,KYC & Onboarding,Screening & Data Vendors,5350,5360,10
2024-05-01,BR04,KYC & Onboarding,Premises,10690,10520,-170
2024-05-01,BR04,KYC & Onboarding,Outsourcing,6240,6680,440
2024-05-01,BR04,KYC & Onboarding,Training,1780,1930,150
2024-05-01,BR04,KYC & Onboarding,Other,2670,2840,170
2024-05-01,BR04,AML & Financial Crime,Staff,54450,58400,3950
2024-05-01,BR04,AML & Financial Crime,Technology & Systems,14850,16110,1260
2024-05-01,BR04,AML & Financial Crime,Screening & Data Vendors,5940,6180,240
2024-05-01,BR04,AML & Financial Crime,Premises,11880,12290,410
2024-05-01,BR04,AML & Financial Crime,Outsourcing,6930,7510,580
2024-05-01,BR04,AML & Financial Crime,Training,1980,2080,100
2024-05-01,BR04,AML & Financial Crime,Other,2970,2900,-70
2024-05-01,BR04,Payments Ops,Staff,38120,39090,970
2024-05-01,BR04,Payments Ops,Technology & Systems,10400,11080,680
2024-05-01,BR04,Payments Ops,Screening & Data Vendors,4160,4260,100
2024-05-01,BR04,Payments Ops,Premises,8320,8420,100
2024-05-01,BR04,Payments Ops,Outsourcing,4850,4510,-340
2024-05-01,BR04,Payments Ops,Training,1390,1450,60
2024-05-01,BR04,Payments Ops,Other,2080,2020,-60
2024-05-01,BR04,IT & Technology,Staff,65340,69230,3890
2024-05-01,BR04,IT & Technology,Technology & Systems,17820,18320,500
2024-05-01,BR04,IT & Technology,Screening & Data Vendors,7130,7760,630
2024-05-01,BR04,IT & Technology,Premises,14260,15060,800
2024-05-01,BR04,IT & Technology,Outsourcing,8320,8550,230
2024-05-01,BR04,IT & Technology,Training,2380,2440,60
2024-05-01,BR04,IT & Technology,Other,3560,3650,90
2024-05-01,BR04,Compliance,Staff,32670,32130,-540
2024-05-01,BR04,Compliance,Technology & Systems,8910,10000,1090
2024-05-01,BR04,Compliance,Screening & Data Vendors,3560,3530,-30
2024-05-01,BR04,Compliance,Premises,7130,7390,260
2024-05-01,BR04,Compliance,Outsourcing,4160,4120,-40
2024-05-01,BR04,Compliance,Training,1190,1180,-10
2024-05-01,BR04,Compliance,Other,1780,1810,30
2024-06-01,BR04,Retail Banking Ops,Staff,108900,118200,9300
2024-06-01,BR04,Retail Banking Ops,Technology & Systems,29700,31380,1680
2024-06-01,BR04,Retail Banking Ops,Screening & Data Vendors,11880,12230,350
2024-06-01,BR04,Retail Banking Ops,Premises,23760,26250,2490
2024-06-01,BR04,Retail Banking Ops,Outsourcing,13860,13070,-790
2024-06-01,BR04,Retail Banking Ops,Training,3960,4180,220
2024-06-01,BR04,Retail Banking Ops,Other,5940,5510,-430
2024-06-01,BR04,KYC & Onboarding,Staff,49010,50510,1500
2024-06-01,BR04,KYC & Onboarding,Technology & Systems,13370,14230,860
2024-06-01,BR04,KYC & Onboarding,Screening & Data Vendors,5350,5630,280
2024-06-01,BR04,KYC & Onboarding,Premises,10690,11070,380
2024-06-01,BR04,KYC & Onboarding,Outsourcing,6240,6520,280
2024-06-01,BR04,KYC & Onboarding,Training,1780,1820,40
2024-06-01,BR04,KYC & Onboarding,Other,2670,2740,70
2024-06-01,BR04,AML & Financial Crime,Staff,54450,59660,5210
2024-06-01,BR04,AML & Financial Crime,Technology & Systems,14850,16560,1710
2024-06-01,BR04,AML & Financial Crime,Screening & Data Vendors,5940,7190,1250
2024-06-01,BR04,AML & Financial Crime,Premises,11880,12170,290
2024-06-01,BR04,AML & Financial Crime,Outsourcing,6930,7030,100
2024-06-01,BR04,AML & Financial Crime,Training,1980,2020,40
2024-06-01,BR04,AML & Financial Crime,Other,2970,3400,430
2024-06-01,BR04,Payments Ops,Staff,38120,37570,-550
2024-06-01,BR04,Payments Ops,Technology & Systems,10400,10700,300
2024-06-01,BR04,Payments Ops,Screening & Data Vendors,4160,4020,-140
2024-06-01,BR04,Payments Ops,Premises,8320,9030,710
2024-06-01,BR04,Payments Ops,Outsourcing,4850,5260,410
2024-06-01,BR04,Payments Ops,Training,1390,1460,70
2024-06-01,BR04,Payments Ops,Other,2080,2190,110
2024-06-01,BR04,IT & Technology,Staff,65340,65800,460
2024-06-01,BR04,IT & Technology,Technology & Systems,17820,17630,-190
2024-06-01,BR04,IT & Technology,Screening & Data Vendors,7130,7320,190
2024-06-01,BR04,IT & Technology,Premises,14260,15210,950
2024-06-01,BR04,IT & Technology,Outsourcing,8320,8630,310
2024-06-01,BR04,IT & Technology,Training,2380,2270,-110
2024-06-01,BR04,IT & Technology,Other,3560,3680,120
2024-06-01,BR04,Compliance,Staff,32670,34220,1550
2024-06-01,BR04,Compliance,Technology & Systems,8910,8750,-160
2024-06-01,BR04,Compliance,Screening & Data Vendors,3560,3700,140
2024-06-01,BR04,Compliance,Premises,7130,6600,-530
2024-06-01,BR04,Compliance,Outsourcing,4160,4670,510
2024-06-01,BR04,Compliance,Training,1190,1160,-30
2024-06-01,BR04,Compliance,Other,1780,2030,250
2024-07-01,BR04,Retail Banking Ops,Staff,108900,102950,-5950
2024-07-01,BR04,Retail Banking Ops,Technology & Systems,29700,31950,2250
2024-07-01,BR04,Retail Banking Ops,Screening & Data Vendors,11880,12200,320
2024-07-01,BR04,Retail Banking Ops,Premises,23760,25200,1440
2024-07-01,BR04,Retail Banking Ops,Outsourcing,13860,15850,1990
2024-07-01,BR04,Retail Banking Ops,Training,3960,3930,-30
2024-07-01,BR04,Retail Banking Ops,Other,5940,6290,350
2024-07-01,BR04,KYC & Onboarding,Staff,49010,50340,1330
2024-07-01,BR04,KYC & Onboarding,Technology & Systems,13370,13380,10
2024-07-01,BR04,KYC & Onboarding,Screening & Data Vendors,5350,5760,410
2024-07-01,BR04,KYC & Onboarding,Premises,10690,11240,550
2024-07-01,BR04,KYC & Onboarding,Outsourcing,6240,6480,240
2024-07-01,BR04,KYC & Onboarding,Training,1780,1880,100
2024-07-01,BR04,KYC & Onboarding,Other,2670,2790,120
2024-07-01,BR04,AML & Financial Crime,Staff,54450,60490,6040
2024-07-01,BR04,AML & Financial Crime,Technology & Systems,14850,17360,2510
2024-07-01,BR04,AML & Financial Crime,Screening & Data Vendors,5940,6670,730
2024-07-01,BR04,AML & Financial Crime,Premises,11880,12480,600
2024-07-01,BR04,AML & Financial Crime,Outsourcing,6930,7900,970
2024-07-01,BR04,AML & Financial Crime,Training,1980,2010,30
2024-07-01,BR04,AML & Financial Crime,Other,2970,3090,120
2024-07-01,BR04,Payments Ops,Staff,38120,39150,1030
2024-07-01,BR04,Payments Ops,Technology & Systems,10400,10060,-340
2024-07-01,BR04,Payments Ops,Screening & Data Vendors,4160,4240,80
2024-07-01,BR04,Payments Ops,Premises,8320,8520,200
2024-07-01,BR04,Payments Ops,Outsourcing,4850,4520,-330
2024-07-01,BR04,Payments Ops,Training,1390,1540,150
2024-07-01,BR04,Payments Ops,Other,2080,2020,-60
2024-07-01,BR04,IT & Technology,Staff,65340,61140,-4200
2024-07-01,BR04,IT & Technology,Technology & Systems,17820,18270,450
2024-07-01,BR04,IT & Technology,Screening & Data Vendors,7130,7500,370
2024-07-01,BR04,IT & Technology,Premises,14260,14060,-200
2024-07-01,BR04,IT & Technology,Outsourcing,8320,8800,480
2024-07-01,BR04,IT & Technology,Training,2380,2760,380
2024-07-01,BR04,IT & Technology,Other,3560,3740,180
2024-07-01,BR04,Compliance,Staff,32670,32640,-30
2024-07-01,BR04,Compliance,Technology & Systems,8910,9880,970
2024-07-01,BR04,Compliance,Screening & Data Vendors,3560,3490,-70
2024-07-01,BR04,Compliance,Premises,7130,6950,-180
2024-07-01,BR04,Compliance,Outsourcing,4160,4320,160
2024-07-01,BR04,Compliance,Training,1190,1190,0
2024-07-01,BR04,Compliance,Other,1780,1770,-10
2024-08-01,BR04,Retail Banking Ops,Staff,108900,102900,-6000
2024-08-01,BR04,Retail Banking Ops,Technology & Systems,29700,27530,-2170
2024-08-01,BR04,Retail Banking Ops,Screening & Data Vendors,11880,12340,460
2024-08-01,BR04,Retail Banking Ops,Premises,23760,22860,-900
2024-08-01,BR04,Retail Banking Ops,Outsourcing,13860,14100,240
2024-08-01,BR04,Retail Banking Ops,Training,3960,3880,-80
2024-08-01,BR04,Retail Banking Ops,Other,5940,6050,110
2024-08-01,BR04,KYC & Onboarding,Staff,49010,51240,2230
2024-08-01,BR04,KYC & Onboarding,Technology & Systems,13370,15120,1750
2024-08-01,BR04,KYC & Onboarding,Screening & Data Vendors,5350,5910,560
2024-08-01,BR04,KYC & Onboarding,Premises,10690,11470,780
2024-08-01,BR04,KYC & Onboarding,Outsourcing,6240,7350,1110
2024-08-01,BR04,KYC & Onboarding,Training,1780,2010,230
2024-08-01,BR04,KYC & Onboarding,Other,2670,2740,70
2024-08-01,BR04,AML & Financial Crime,Staff,54450,60930,6480
2024-08-01,BR04,AML & Financial Crime,Technology & Systems,14850,15370,520
2024-08-01,BR04,AML & Financial Crime,Screening & Data Vendors,5940,6170,230
2024-08-01,BR04,AML & Financial Crime,Premises,11880,13090,1210
2024-08-01,BR04,AML & Financial Crime,Outsourcing,6930,8070,1140
2024-08-01,BR04,AML & Financial Crime,Training,1980,2210,230
2024-08-01,BR04,AML & Financial Crime,Other,2970,3400,430
2024-08-01,BR04,Payments Ops,Staff,38120,39570,1450
2024-08-01,BR04,Payments Ops,Technology & Systems,10400,10300,-100
2024-08-01,BR04,Payments Ops,Screening & Data Vendors,4160,4380,220
2024-08-01,BR04,Payments Ops,Premises,8320,8320,0
2024-08-01,BR04,Payments Ops,Outsourcing,4850,5210,360
2024-08-01,BR04,Payments Ops,Training,1390,1450,60
2024-08-01,BR04,Payments Ops,Other,2080,2300,220
2024-08-01,BR04,IT & Technology,Staff,65340,69070,3730
2024-08-01,BR04,IT & Technology,Technology & Systems,17820,17840,20
2024-08-01,BR04,IT & Technology,Screening & Data Vendors,7130,7800,670
2024-08-01,BR04,IT & Technology,Premises,14260,14650,390
2024-08-01,BR04,IT & Technology,Outsourcing,8320,8290,-30
2024-08-01,BR04,IT & Technology,Training,2380,2400,20
2024-08-01,BR04,IT & Technology,Other,3560,3650,90
2024-08-01,BR04,Compliance,Staff,32670,30760,-1910
2024-08-01,BR04,Compliance,Technology & Systems,8910,9290,380
2024-08-01,BR04,Compliance,Screening & Data Vendors,3560,3580,20
2024-08-01,BR04,Compliance,Premises,7130,7370,240
2024-08-01,BR04,Compliance,Outsourcing,4160,4200,40
2024-08-01,BR04,Compliance,Training,1190,1270,80
2024-08-01,BR04,Compliance,Other,1780,1870,90
2024-09-01,BR04,Retail Banking Ops,Staff,108900,109880,980
2024-09-01,BR04,Retail Banking Ops,Technology & Systems,29700,29440,-260
2024-09-01,BR04,Retail Banking Ops,Screening & Data Vendors,11880,11930,50
2024-09-01,BR04,Retail Banking Ops,Premises,23760,27000,3240
2024-09-01,BR04,Retail Banking Ops,Outsourcing,13860,14440,580
2024-09-01,BR04,Retail Banking Ops,Training,3960,3880,-80
2024-09-01,BR04,Retail Banking Ops,Other,5940,6590,650
2024-09-01,BR04,KYC & Onboarding,Staff,49010,56760,7750
2024-09-01,BR04,KYC & Onboarding,Technology & Systems,13370,15760,2390
2024-09-01,BR04,KYC & Onboarding,Screening & Data Vendors,5350,5900,550
2024-09-01,BR04,KYC & Onboarding,Premises,10690,11430,740
2024-09-01,BR04,KYC & Onboarding,Outsourcing,6240,6510,270
2024-09-01,BR04,KYC & Onboarding,Training,1780,1910,130
2024-09-01,BR04,KYC & Onboarding,Other,2670,2770,100
2024-09-01,BR04,AML & Financial Crime,Staff,54450,62100,7650
2024-09-01,BR04,AML & Financial Crime,Technology & Systems,14850,17420,2570
2024-09-01,BR04,AML & Financial Crime,Screening & Data Vendors,5940,6930,990
2024-09-01,BR04,AML & Financial Crime,Premises,11880,12040,160
2024-09-01,BR04,AML & Financial Crime,Outsourcing,6930,7390,460
2024-09-01,BR04,AML & Financial Crime,Training,1980,2210,230
2024-09-01,BR04,AML & Financial Crime,Other,2970,3180,210
2024-09-01,BR04,Payments Ops,Staff,38120,42200,4080
2024-09-01,BR04,Payments Ops,Technology & Systems,10400,10510,110
2024-09-01,BR04,Payments Ops,Screening & Data Vendors,4160,4260,100
2024-09-01,BR04,Payments Ops,Premises,8320,8260,-60
2024-09-01,BR04,Payments Ops,Outsourcing,4850,4960,110
2024-09-01,BR04,Payments Ops,Training,1390,1420,30
2024-09-01,BR04,Payments Ops,Other,2080,2040,-40
2024-09-01,BR04,IT & Technology,Staff,65340,66260,920
2024-09-01,BR04,IT & Technology,Technology & Systems,17820,18670,850
2024-09-01,BR04,IT & Technology,Screening & Data Vendors,7130,7900,770
2024-09-01,BR04,IT & Technology,Premises,14260,14570,310
2024-09-01,BR04,IT & Technology,Outsourcing,8320,8410,90
2024-09-01,BR04,IT & Technology,Training,2380,2350,-30
2024-09-01,BR04,IT & Technology,Other,3560,3800,240
2024-09-01,BR04,Compliance,Staff,32670,32660,-10
2024-09-01,BR04,Compliance,Technology & Systems,8910,8620,-290
2024-09-01,BR04,Compliance,Screening & Data Vendors,3560,3740,180
2024-09-01,BR04,Compliance,Premises,7130,6740,-390
2024-09-01,BR04,Compliance,Outsourcing,4160,4600,440
2024-09-01,BR04,Compliance,Training,1190,1190,0
2024-09-01,BR04,Compliance,Other,1780,1880,100
2024-10-01,BR04,Retail Banking Ops,Staff,108900,115570,6670
2024-10-01,BR04,Retail Banking Ops,Technology & Systems,29700,28770,-930
2024-10-01,BR04,Retail Banking Ops,Screening & Data Vendors,11880,12610,730
2024-10-01,BR04,Retail Banking Ops,Premises,23760,24430,670
2024-10-01,BR04,Retail Banking Ops,Outsourcing,13860,14120,260
2024-10-01,BR04,Retail Banking Ops,Training,3960,3770,-190
2024-10-01,BR04,Retail Banking Ops,Other,5940,6430,490
2024-10-01,BR04,KYC & Onboarding,Staff,49010,58060,9050
2024-10-01,BR04,KYC & Onboarding,Technology & Systems,13370,14900,1530
2024-10-01,BR04,KYC & Onboarding,Screening & Data Vendors,5350,5430,80
2024-10-01,BR04,KYC & Onboarding,Premises,10690,11970,1280
2024-10-01,BR04,KYC & Onboarding,Outsourcing,6240,6570,330
2024-10-01,BR04,KYC & Onboarding,Training,1780,1870,90
2024-10-01,BR04,KYC & Onboarding,Other,2670,2800,130
2024-10-01,BR04,AML & Financial Crime,Staff,54450,60780,6330
2024-10-01,BR04,AML & Financial Crime,Technology & Systems,14850,16400,1550
2024-10-01,BR04,AML & Financial Crime,Screening & Data Vendors,5940,6480,540
2024-10-01,BR04,AML & Financial Crime,Premises,11880,13370,1490
2024-10-01,BR04,AML & Financial Crime,Outsourcing,6930,7300,370
2024-10-01,BR04,AML & Financial Crime,Training,1980,2130,150
2024-10-01,BR04,AML & Financial Crime,Other,2970,3080,110
2024-10-01,BR04,Payments Ops,Staff,38120,37230,-890
2024-10-01,BR04,Payments Ops,Technology & Systems,10400,10430,30
2024-10-01,BR04,Payments Ops,Screening & Data Vendors,4160,3980,-180
2024-10-01,BR04,Payments Ops,Premises,8320,8440,120
2024-10-01,BR04,Payments Ops,Outsourcing,4850,5130,280
2024-10-01,BR04,Payments Ops,Training,1390,1470,80
2024-10-01,BR04,Payments Ops,Other,2080,2140,60
2024-10-01,BR04,IT & Technology,Staff,65340,65970,630
2024-10-01,BR04,IT & Technology,Technology & Systems,17820,18000,180
2024-10-01,BR04,IT & Technology,Screening & Data Vendors,7130,7840,710
2024-10-01,BR04,IT & Technology,Premises,14260,15390,1130
2024-10-01,BR04,IT & Technology,Outsourcing,8320,8520,200
2024-10-01,BR04,IT & Technology,Training,2380,2730,350
2024-10-01,BR04,IT & Technology,Other,3560,3690,130
2024-10-01,BR04,Compliance,Staff,32670,35320,2650
2024-10-01,BR04,Compliance,Technology & Systems,8910,9470,560
2024-10-01,BR04,Compliance,Screening & Data Vendors,3560,3410,-150
2024-10-01,BR04,Compliance,Premises,7130,7000,-130
2024-10-01,BR04,Compliance,Outsourcing,4160,4540,380
2024-10-01,BR04,Compliance,Training,1190,1200,10
2024-10-01,BR04,Compliance,Other,1780,1880,100
2024-11-01,BR04,Retail Banking Ops,Staff,108900,111460,2560
2024-11-01,BR04,Retail Banking Ops,Technology & Systems,29700,32150,2450
2024-11-01,BR04,Retail Banking Ops,Screening & Data Vendors,11880,11200,-680
2024-11-01,BR04,Retail Banking Ops,Premises,23760,25140,1380
2024-11-01,BR04,Retail Banking Ops,Outsourcing,13860,14420,560
2024-11-01,BR04,Retail Banking Ops,Training,3960,4010,50
2024-11-01,BR04,Retail Banking Ops,Other,5940,6080,140
2024-11-01,BR04,KYC & Onboarding,Staff,49010,57970,8960
2024-11-01,BR04,KYC & Onboarding,Technology & Systems,13370,15500,2130
2024-11-01,BR04,KYC & Onboarding,Screening & Data Vendors,5350,6350,1000
2024-11-01,BR04,KYC & Onboarding,Premises,10690,11580,890
2024-11-01,BR04,KYC & Onboarding,Outsourcing,6240,6700,460
2024-11-01,BR04,KYC & Onboarding,Training,1780,1750,-30
2024-11-01,BR04,KYC & Onboarding,Other,2670,2740,70
2024-11-01,BR04,AML & Financial Crime,Staff,54450,61010,6560
2024-11-01,BR04,AML & Financial Crime,Technology & Systems,14850,17380,2530
2024-11-01,BR04,AML & Financial Crime,Screening & Data Vendors,5940,6330,390
2024-11-01,BR04,AML & Financial Crime,Premises,11880,12240,360
2024-11-01,BR04,AML & Financial Crime,Outsourcing,6930,8020,1090
2024-11-01,BR04,AML & Financial Crime,Training,1980,2190,210
2024-11-01,BR04,AML & Financial Crime,Other,2970,3040,70
2024-11-01,BR04,Payments Ops,Staff,38120,38150,30
2024-11-01,BR04,Payments Ops,Technology & Systems,10400,11870,1470
2024-11-01,BR04,Payments Ops,Screening & Data Vendors,4160,4270,110
2024-11-01,BR04,Payments Ops,Premises,8320,8870,550
2024-11-01,BR04,Payments Ops,Outsourcing,4850,4500,-350
2024-11-01,BR04,Payments Ops,Training,1390,1470,80
2024-11-01,BR04,Payments Ops,Other,2080,2180,100
2024-11-01,BR04,IT & Technology,Staff,65340,61250,-4090
2024-11-01,BR04,IT & Technology,Technology & Systems,17820,18300,480
2024-11-01,BR04,IT & Technology,Screening & Data Vendors,7130,7290,160
2024-11-01,BR04,IT & Technology,Premises,14260,14820,560
2024-11-01,BR04,IT & Technology,Outsourcing,8320,8600,280
2024-11-01,BR04,IT & Technology,Training,2380,2320,-60
2024-11-01,BR04,IT & Technology,Other,3560,3860,300
2024-11-01,BR04,Compliance,Staff,32670,33120,450
2024-11-01,BR04,Compliance,Technology & Systems,8910,9040,130
2024-11-01,BR04,Compliance,Screening & Data Vendors,3560,3850,290
2024-11-01,BR04,Compliance,Premises,7130,7740,610
2024-11-01,BR04,Compliance,Outsourcing,4160,4610,450
2024-11-01,BR04,Compliance,Training,1190,1230,40
2024-11-01,BR04,Compliance,Other,1780,1790,10
2024-12-01,BR04,Retail Banking Ops,Staff,108900,115640,6740
2024-12-01,BR04,Retail Banking Ops,Technology & Systems,29700,33110,3410
2024-12-01,BR04,Retail Banking Ops,Screening & Data Vendors,11880,11880,0
2024-12-01,BR04,Retail Banking Ops,Premises,23760,23710,-50
2024-12-01,BR04,Retail Banking Ops,Outsourcing,13860,14270,410
2024-12-01,BR04,Retail Banking Ops,Training,3960,4360,400
2024-12-01,BR04,Retail Banking Ops,Other,5940,5520,-420
2024-12-01,BR04,KYC & Onboarding,Staff,49010,58140,9130
2024-12-01,BR04,KYC & Onboarding,Technology & Systems,13370,14370,1000
2024-12-01,BR04,KYC & Onboarding,Screening & Data Vendors,5350,6370,1020
2024-12-01,BR04,KYC & Onboarding,Premises,10690,10990,300
2024-12-01,BR04,KYC & Onboarding,Outsourcing,6240,7030,790
2024-12-01,BR04,KYC & Onboarding,Training,1780,1960,180
2024-12-01,BR04,KYC & Onboarding,Other,2670,2970,300
2024-12-01,BR04,AML & Financial Crime,Staff,54450,64010,9560
2024-12-01,BR04,AML & Financial Crime,Technology & Systems,14850,17450,2600
2024-12-01,BR04,AML & Financial Crime,Screening & Data Vendors,5940,7380,1440
2024-12-01,BR04,AML & Financial Crime,Premises,11880,14340,2460
2024-12-01,BR04,AML & Financial Crime,Outsourcing,6930,8290,1360
2024-12-01,BR04,AML & Financial Crime,Training,1980,2230,250
2024-12-01,BR04,AML & Financial Crime,Other,2970,3200,230
2024-12-01,BR04,Payments Ops,Staff,38120,40230,2110
2024-12-01,BR04,Payments Ops,Technology & Systems,10400,10960,560
2024-12-01,BR04,Payments Ops,Screening & Data Vendors,4160,4620,460
2024-12-01,BR04,Payments Ops,Premises,8320,8330,10
2024-12-01,BR04,Payments Ops,Outsourcing,4850,5260,410
2024-12-01,BR04,Payments Ops,Training,1390,1420,30
2024-12-01,BR04,Payments Ops,Other,2080,2150,70
2024-12-01,BR04,IT & Technology,Staff,65340,69150,3810
2024-12-01,BR04,IT & Technology,Technology & Systems,17820,18860,1040
2024-12-01,BR04,IT & Technology,Screening & Data Vendors,7130,7870,740
2024-12-01,BR04,IT & Technology,Premises,14260,13360,-900
2024-12-01,BR04,IT & Technology,Outsourcing,8320,8570,250
2024-12-01,BR04,IT & Technology,Training,2380,2330,-50
2024-12-01,BR04,IT & Technology,Other,3560,3740,180
2024-12-01,BR04,Compliance,Staff,32670,36140,3470
2024-12-01,BR04,Compliance,Technology & Systems,8910,9380,470
2024-12-01,BR04,Compliance,Screening & Data Vendors,3560,3680,120
2024-12-01,BR04,Compliance,Premises,7130,7410,280
2024-12-01,BR04,Compliance,Outsourcing,4160,4680,520
2024-12-01,BR04,Compliance,Training,1190,1180,-10
2024-12-01,BR04,Compliance,Other,1780,1850,70
2025-01-01,BR04,Retail Banking Ops,Staff,108900,109970,1070
2025-01-01,BR04,Retail Banking Ops,Technology & Systems,29700,31120,1420
2025-01-01,BR04,Retail Banking Ops,Screening & Data Vendors,11880,13200,1320
2025-01-01,BR04,Retail Banking Ops,Premises,23760,23850,90
2025-01-01,BR04,Retail Banking Ops,Outsourcing,13860,14250,390
2025-01-01,BR04,Retail Banking Ops,Training,3960,3880,-80
2025-01-01,BR04,Retail Banking Ops,Other,5940,6130,190
2025-01-01,BR04,KYC & Onboarding,Staff,49010,51590,2580
2025-01-01,BR04,KYC & Onboarding,Technology & Systems,13370,15030,1660
2025-01-01,BR04,KYC & Onboarding,Screening & Data Vendors,5350,6280,930
2025-01-01,BR04,KYC & Onboarding,Premises,10690,12060,1370
2025-01-01,BR04,KYC & Onboarding,Outsourcing,6240,6810,570
2025-01-01,BR04,KYC & Onboarding,Training,1780,2000,220
2025-01-01,BR04,KYC & Onboarding,Other,2670,2840,170
2025-01-01,BR04,AML & Financial Crime,Staff,54450,58530,4080
2025-01-01,BR04,AML & Financial Crime,Technology & Systems,14850,16630,1780
2025-01-01,BR04,AML & Financial Crime,Screening & Data Vendors,5940,7430,1490
2025-01-01,BR04,AML & Financial Crime,Premises,11880,13320,1440
2025-01-01,BR04,AML & Financial Crime,Outsourcing,6930,8110,1180
2025-01-01,BR04,AML & Financial Crime,Training,1980,2220,240
2025-01-01,BR04,AML & Financial Crime,Other,2970,3570,600
2025-01-01,BR04,Payments Ops,Staff,38120,40350,2230
2025-01-01,BR04,Payments Ops,Technology & Systems,10400,11000,600
2025-01-01,BR04,Payments Ops,Screening & Data Vendors,4160,4640,480
2025-01-01,BR04,Payments Ops,Premises,8320,8060,-260
2025-01-01,BR04,Payments Ops,Outsourcing,4850,5370,520
2025-01-01,BR04,Payments Ops,Training,1390,1510,120
2025-01-01,BR04,Payments Ops,Other,2080,2210,130
2025-01-01,BR04,IT & Technology,Staff,65340,70110,4770
2025-01-01,BR04,IT & Technology,Technology & Systems,17820,18930,1110
2025-01-01,BR04,IT & Technology,Screening & Data Vendors,7130,7010,-120
2025-01-01,BR04,IT & Technology,Premises,14260,13200,-1060
2025-01-01,BR04,IT & Technology,Outsourcing,8320,8890,570
2025-01-01,BR04,IT & Technology,Training,2380,2690,310
2025-01-01,BR04,IT & Technology,Other,3560,3780,220
2025-01-01,BR04,Compliance,Staff,32670,31470,-1200
2025-01-01,BR04,Compliance,Technology & Systems,8910,8830,-80
2025-01-01,BR04,Compliance,Screening & Data Vendors,3560,3730,170
2025-01-01,BR04,Compliance,Premises,7130,8150,1020
2025-01-01,BR04,Compliance,Outsourcing,4160,4360,200
2025-01-01,BR04,Compliance,Training,1190,1270,80
2025-01-01,BR04,Compliance,Other,1780,1810,30
2025-02-01,BR04,Retail Banking Ops,Staff,108900,111380,2480
2025-02-01,BR04,Retail Banking Ops,Technology & Systems,29700,29690,-10
2025-02-01,BR04,Retail Banking Ops,Screening & Data Vendors,11880,13430,1550
2025-02-01,BR04,Retail Banking Ops,Premises,23760,25260,1500
2025-02-01,BR04,Retail Banking Ops,Outsourcing,13860,15000,1140
2025-02-01,BR04,Retail Banking Ops,Training,3960,3850,-110
2025-02-01,BR04,Retail Banking Ops,Other,5940,6050,110
2025-02-01,BR04,KYC & Onboarding,Staff,49010,53680,4670
2025-02-01,BR04,KYC & Onboarding,Technology & Systems,13370,15580,2210
2025-02-01,BR04,KYC & Onboarding,Screening & Data Vendors,5350,5830,480
2025-02-01,BR04,KYC & Onboarding,Premises,10690,11330,640
2025-02-01,BR04,KYC & Onboarding,Outsourcing,6240,7470,1230
2025-02-01,BR04,KYC & Onboarding,Training,1780,1960,180
2025-02-01,BR04,KYC & Onboarding,Other,2670,3210,540
2025-02-01,BR04,AML & Financial Crime,Staff,54450,60110,5660
2025-02-01,BR04,AML & Financial Crime,Technology & Systems,14850,17190,2340
2025-02-01,BR04,AML & Financial Crime,Screening & Data Vendors,5940,6810,870
2025-02-01,BR04,AML & Financial Crime,Premises,11880,13410,1530
2025-02-01,BR04,AML & Financial Crime,Outsourcing,6930,7230,300
2025-02-01,BR04,AML & Financial Crime,Training,1980,2200,220
2025-02-01,BR04,AML & Financial Crime,Other,2970,3450,480
2025-02-01,BR04,Payments Ops,Staff,38120,38480,360
2025-02-01,BR04,Payments Ops,Technology & Systems,10400,10880,480
2025-02-01,BR04,Payments Ops,Screening & Data Vendors,4160,4490,330
2025-02-01,BR04,Payments Ops,Premises,8320,8880,560
2025-02-01,BR04,Payments Ops,Outsourcing,4850,5250,400
2025-02-01,BR04,Payments Ops,Training,1390,1460,70
2025-02-01,BR04,Payments Ops,Other,2080,1960,-120
2025-02-01,BR04,IT & Technology,Staff,65340,67250,1910
2025-02-01,BR04,IT & Technology,Technology & Systems,17820,17300,-520
2025-02-01,BR04,IT & Technology,Screening & Data Vendors,7130,7490,360
2025-02-01,BR04,IT & Technology,Premises,14260,15500,1240
2025-02-01,BR04,IT & Technology,Outsourcing,8320,9270,950
2025-02-01,BR04,IT & Technology,Training,2380,2610,230
2025-02-01,BR04,IT & Technology,Other,3560,3880,320
2025-02-01,BR04,Compliance,Staff,32670,34060,1390
2025-02-01,BR04,Compliance,Technology & Systems,8910,9460,550
2025-02-01,BR04,Compliance,Screening & Data Vendors,3560,3940,380
2025-02-01,BR04,Compliance,Premises,7130,8080,950
2025-02-01,BR04,Compliance,Outsourcing,4160,4460,300
2025-02-01,BR04,Compliance,Training,1190,1270,80
2025-02-01,BR04,Compliance,Other,1780,1950,170
2025-03-01,BR04,Retail Banking Ops,Staff,108900,120670,11770
2025-03-01,BR04,Retail Banking Ops,Technology & Systems,29700,33960,4260
2025-03-01,BR04,Retail Banking Ops,Screening & Data Vendors,11880,12260,380
2025-03-01,BR04,Retail Banking Ops,Premises,23760,24650,890
2025-03-01,BR04,Retail Banking Ops,Outsourcing,13860,15240,1380
2025-03-01,BR04,Retail Banking Ops,Training,3960,3970,10
2025-03-01,BR04,Retail Banking Ops,Other,5940,6590,650
2025-03-01,BR04,KYC & Onboarding,Staff,49010,58710,9700
2025-03-01,BR04,KYC & Onboarding,Technology & Systems,13370,14800,1430
2025-03-01,BR04,KYC & Onboarding,Screening & Data Vendors,5350,6420,1070
2025-03-01,BR04,KYC & Onboarding,Premises,10690,12130,1440
2025-03-01,BR04,KYC & Onboarding,Outsourcing,6240,7290,1050
2025-03-01,BR04,KYC & Onboarding,Training,1780,2190,410
2025-03-01,BR04,KYC & Onboarding,Other,2670,3040,370
2025-03-01,BR04,AML & Financial Crime,Staff,54450,62090,7640
2025-03-01,BR04,AML & Financial Crime,Technology & Systems,14850,17890,3040
2025-03-01,BR04,AML & Financial Crime,Screening & Data Vendors,5940,7260,1320
2025-03-01,BR04,AML & Financial Crime,Premises,11880,13370,1490
2025-03-01,BR04,AML & Financial Crime,Outsourcing,6930,7440,510
2025-03-01,BR04,AML & Financial Crime,Training,1980,2500,520
2025-03-01,BR04,AML & Financial Crime,Other,2970,3660,690
2025-03-01,BR04,Payments Ops,Staff,38120,37490,-630
2025-03-01,BR04,Payments Ops,Technology & Systems,10400,11030,630
2025-03-01,BR04,Payments Ops,Screening & Data Vendors,4160,4780,620
2025-03-01,BR04,Payments Ops,Premises,8320,9340,1020
2025-03-01,BR04,Payments Ops,Outsourcing,4850,5620,770
2025-03-01,BR04,Payments Ops,Training,1390,1440,50
2025-03-01,BR04,Payments Ops,Other,2080,2210,130
2025-03-01,BR04,IT & Technology,Staff,65340,61480,-3860
2025-03-01,BR04,IT & Technology,Technology & Systems,17820,19560,1740
2025-03-01,BR04,IT & Technology,Screening & Data Vendors,7130,7730,600
2025-03-01,BR04,IT & Technology,Premises,14260,16170,1910
2025-03-01,BR04,IT & Technology,Outsourcing,8320,9220,900
2025-03-01,BR04,IT & Technology,Training,2380,2640,260
2025-03-01,BR04,IT & Technology,Other,3560,3780,220
2025-03-01,BR04,Compliance,Staff,32670,33840,1170
2025-03-01,BR04,Compliance,Technology & Systems,8910,9480,570
2025-03-01,BR04,Compliance,Screening & Data Vendors,3560,3760,200
2025-03-01,BR04,Compliance,Premises,7130,7820,690
2025-03-01,BR04,Compliance,Outsourcing,4160,4230,70
2025-03-01,BR04,Compliance,Training,1190,1290,100
2025-03-01,BR04,Compliance,Other,1780,2030,250
2025-04-01,BR04,Retail Banking Ops,Staff,108900,113150,4250
2025-04-01,BR04,Retail Banking Ops,Technology & Systems,29700,31550,1850
2025-04-01,BR04,Retail Banking Ops,Screening & Data Vendors,11880,12240,360
2025-04-01,BR04,Retail Banking Ops,Premises,23760,24370,610
2025-04-01,BR04,Retail Banking Ops,Outsourcing,13860,14390,530
2025-04-01,BR04,Retail Banking Ops,Training,3960,4060,100
2025-04-01,BR04,Retail Banking Ops,Other,5940,6390,450
2025-04-01,BR04,KYC & Onboarding,Staff,49010,54640,5630
2025-04-01,BR04,KYC & Onboarding,Technology & Systems,13370,14690,1320
2025-04-01,BR04,KYC & Onboarding,Screening & Data Vendors,5350,6510,1160
2025-04-01,BR04,KYC & Onboarding,Premises,10690,12500,1810
2025-04-01,BR04,KYC & Onboarding,Outsourcing,6240,6940,700
2025-04-01,BR04,KYC & Onboarding,Training,1780,2090,310
2025-04-01,BR04,KYC & Onboarding,Other,2670,3350,680
2025-04-01,BR04,AML & Financial Crime,Staff,54450,69300,14850
2025-04-01,BR04,AML & Financial Crime,Technology & Systems,14850,18320,3470
2025-04-01,BR04,AML & Financial Crime,Screening & Data Vendors,5940,7360,1420
2025-04-01,BR04,AML & Financial Crime,Premises,11880,14640,2760
2025-04-01,BR04,AML & Financial Crime,Outsourcing,6930,7900,970
2025-04-01,BR04,AML & Financial Crime,Training,1980,2500,520
2025-04-01,BR04,AML & Financial Crime,Other,2970,3490,520
2025-04-01,BR04,Payments Ops,Staff,38120,39020,900
2025-04-01,BR04,Payments Ops,Technology & Systems,10400,10660,260
2025-04-01,BR04,Payments Ops,Screening & Data Vendors,4160,4370,210
2025-04-01,BR04,Payments Ops,Premises,8320,9100,780
2025-04-01,BR04,Payments Ops,Outsourcing,4850,5230,380
2025-04-01,BR04,Payments Ops,Training,1390,1420,30
2025-04-01,BR04,Payments Ops,Other,2080,2000,-80
2025-04-01,BR04,IT & Technology,Staff,65340,76550,11210
2025-04-01,BR04,IT & Technology,Technology & Systems,17820,19490,1670
2025-04-01,BR04,IT & Technology,Screening & Data Vendors,7130,8110,980
2025-04-01,BR04,IT & Technology,Premises,14260,15030,770
2025-04-01,BR04,IT & Technology,Outsourcing,8320,8710,390
2025-04-01,BR04,IT & Technology,Training,2380,2620,240
2025-04-01,BR04,IT & Technology,Other,3560,3770,210
2025-04-01,BR04,Compliance,Staff,32670,34440,1770
2025-04-01,BR04,Compliance,Technology & Systems,8910,9720,810
2025-04-01,BR04,Compliance,Screening & Data Vendors,3560,3430,-130
2025-04-01,BR04,Compliance,Premises,7130,8000,870
2025-04-01,BR04,Compliance,Outsourcing,4160,4220,60
2025-04-01,BR04,Compliance,Training,1190,1230,40
2025-04-01,BR04,Compliance,Other,1780,1820,40
2025-05-01,BR04,Retail Banking Ops,Staff,108900,111800,2900
2025-05-01,BR04,Retail Banking Ops,Technology & Systems,29700,31240,1540
2025-05-01,BR04,Retail Banking Ops,Screening & Data Vendors,11880,13120,1240
2025-05-01,BR04,Retail Banking Ops,Premises,23760,26450,2690
2025-05-01,BR04,Retail Banking Ops,Outsourcing,13860,15000,1140
2025-05-01,BR04,Retail Banking Ops,Training,3960,4290,330
2025-05-01,BR04,Retail Banking Ops,Other,5940,6100,160
2025-05-01,BR04,KYC & Onboarding,Staff,49010,56560,7550
2025-05-01,BR04,KYC & Onboarding,Technology & Systems,13370,16330,2960
2025-05-01,BR04,KYC & Onboarding,Screening & Data Vendors,5350,6220,870
2025-05-01,BR04,KYC & Onboarding,Premises,10690,13470,2780
2025-05-01,BR04,KYC & Onboarding,Outsourcing,6240,6790,550
2025-05-01,BR04,KYC & Onboarding,Training,1780,2320,540
2025-05-01,BR04,KYC & Onboarding,Other,2670,3170,500
2025-05-01,BR04,AML & Financial Crime,Staff,54450,61820,7370
2025-05-01,BR04,AML & Financial Crime,Technology & Systems,14850,17000,2150
2025-05-01,BR04,AML & Financial Crime,Screening & Data Vendors,5940,6610,670
2025-05-01,BR04,AML & Financial Crime,Premises,11880,13440,1560
2025-05-01,BR04,AML & Financial Crime,Outsourcing,6930,8210,1280
2025-05-01,BR04,AML & Financial Crime,Training,1980,2400,420
2025-05-01,BR04,AML & Financial Crime,Other,2970,3520,550
2025-05-01,BR04,Payments Ops,Staff,38120,43210,5090
2025-05-01,BR04,Payments Ops,Technology & Systems,10400,10350,-50
2025-05-01,BR04,Payments Ops,Screening & Data Vendors,4160,4550,390
2025-05-01,BR04,Payments Ops,Premises,8320,9150,830
2025-05-01,BR04,Payments Ops,Outsourcing,4850,5440,590
2025-05-01,BR04,Payments Ops,Training,1390,1360,-30
2025-05-01,BR04,Payments Ops,Other,2080,2190,110
2025-05-01,BR04,IT & Technology,Staff,65340,68040,2700
2025-05-01,BR04,IT & Technology,Technology & Systems,17820,19140,1320
2025-05-01,BR04,IT & Technology,Screening & Data Vendors,7130,7420,290
2025-05-01,BR04,IT & Technology,Premises,14260,15030,770
2025-05-01,BR04,IT & Technology,Outsourcing,8320,8740,420
2025-05-01,BR04,IT & Technology,Training,2380,2410,30
2025-05-01,BR04,IT & Technology,Other,3560,3770,210
2025-05-01,BR04,Compliance,Staff,32670,34440,1770
2025-05-01,BR04,Compliance,Technology & Systems,8910,9490,580
2025-05-01,BR04,Compliance,Screening & Data Vendors,3560,3610,50
2025-05-01,BR04,Compliance,Premises,7130,7960,830
2025-05-01,BR04,Compliance,Outsourcing,4160,4560,400
2025-05-01,BR04,Compliance,Training,1190,1360,170
2025-05-01,BR04,Compliance,Other,1780,1770,-10
2025-06-01,BR04,Retail Banking Ops,Staff,108900,117950,9050
2025-06-01,BR04,Retail Banking Ops,Technology & Systems,29700,35900,6200
2025-06-01,BR04,Retail Banking Ops,Screening & Data Vendors,11880,13170,1290
2025-06-01,BR04,Retail Banking Ops,Premises,23760,25530,1770
2025-06-01,BR04,Retail Banking Ops,Outsourcing,13860,14190,330
2025-06-01,BR04,Retail Banking Ops,Training,3960,4010,50
2025-06-01,BR04,Retail Banking Ops,Other,5940,5930,-10
2025-06-01,BR04,KYC & Onboarding,Staff,49010,58690,9680
2025-06-01,BR04,KYC & Onboarding,Technology & Systems,13370,15340,1970
2025-06-01,BR04,KYC & Onboarding,Screening & Data Vendors,5350,5970,620
2025-06-01,BR04,KYC & Onboarding,Premises,10690,12420,1730
2025-06-01,BR04,KYC & Onboarding,Outsourcing,6240,7510,1270
2025-06-01,BR04,KYC & Onboarding,Training,1780,2040,260
2025-06-01,BR04,KYC & Onboarding,Other,2670,2850,180
2025-06-01,BR04,AML & Financial Crime,Staff,54450,61700,7250
2025-06-01,BR04,AML & Financial Crime,Technology & Systems,14850,18800,3950
2025-06-01,BR04,AML & Financial Crime,Screening & Data Vendors,5940,7200,1260
2025-06-01,BR04,AML & Financial Crime,Premises,11880,13770,1890
2025-06-01,BR04,AML & Financial Crime,Outsourcing,6930,8180,1250
2025-06-01,BR04,AML & Financial Crime,Training,1980,2370,390
2025-06-01,BR04,AML & Financial Crime,Other,2970,3530,560
2025-06-01,BR04,Payments Ops,Staff,38120,42500,4380
2025-06-01,BR04,Payments Ops,Technology & Systems,10400,11950,1550
2025-06-01,BR04,Payments Ops,Screening & Data Vendors,4160,4510,350
2025-06-01,BR04,Payments Ops,Premises,8320,9110,790
2025-06-01,BR04,Payments Ops,Outsourcing,4850,5100,250
2025-06-01,BR04,Payments Ops,Training,1390,1570,180
2025-06-01,BR04,Payments Ops,Other,2080,2370,290
2025-06-01,BR04,IT & Technology,Staff,65340,68490,3150
2025-06-01,BR04,IT & Technology,Technology & Systems,17820,20010,2190
2025-06-01,BR04,IT & Technology,Screening & Data Vendors,7130,8280,1150
2025-06-01,BR04,IT & Technology,Premises,14260,15860,1600
2025-06-01,BR04,IT & Technology,Outsourcing,8320,9350,1030
2025-06-01,BR04,IT & Technology,Training,2380,2360,-20
2025-06-01,BR04,IT & Technology,Other,3560,3930,370
2025-06-01,BR04,Compliance,Staff,32670,35070,2400
2025-06-01,BR04,Compliance,Technology & Systems,8910,9790,880
2025-06-01,BR04,Compliance,Screening & Data Vendors,3560,3470,-90
2025-06-01,BR04,Compliance,Premises,7130,7040,-90
2025-06-01,BR04,Compliance,Outsourcing,4160,3880,-280
2025-06-01,BR04,Compliance,Training,1190,1290,100
2025-06-01,BR04,Compliance,Other,1780,1850,70
2025-07-01,BR04,Retail Banking Ops,Staff,108900,112060,3160
2025-07-01,BR04,Retail Banking Ops,Technology & Systems,29700,31910,2210
2025-07-01,BR04,Retail Banking Ops,Screening & Data Vendors,11880,12540,660
2025-07-01,BR04,Retail Banking Ops,Premises,23760,25900,2140
2025-07-01,BR04,Retail Banking Ops,Outsourcing,13860,14840,980
2025-07-01,BR04,Retail Banking Ops,Training,3960,4150,190
2025-07-01,BR04,Retail Banking Ops,Other,5940,6260,320
2025-07-01,BR04,KYC & Onboarding,Staff,49010,64290,15280
2025-07-01,BR04,KYC & Onboarding,Technology & Systems,13370,17780,4410
2025-07-01,BR04,KYC & Onboarding,Screening & Data Vendors,5350,6480,1130
2025-07-01,BR04,KYC & Onboarding,Premises,10690,12780,2090
2025-07-01,BR04,KYC & Onboarding,Outsourcing,6240,7300,1060
2025-07-01,BR04,KYC & Onboarding,Training,1780,2120,340
2025-07-01,BR04,KYC & Onboarding,Other,2670,3330,660
2025-07-01,BR04,AML & Financial Crime,Staff,54450,67820,13370
2025-07-01,BR04,AML & Financial Crime,Technology & Systems,14850,18830,3980
2025-07-01,BR04,AML & Financial Crime,Screening & Data Vendors,5940,6800,860
2025-07-01,BR04,AML & Financial Crime,Premises,11880,14080,2200
2025-07-01,BR04,AML & Financial Crime,Outsourcing,6930,8180,1250
2025-07-01,BR04,AML & Financial Crime,Training,1980,2500,520
2025-07-01,BR04,AML & Financial Crime,Other,2970,3400,430
2025-07-01,BR04,Payments Ops,Staff,38120,42930,4810
2025-07-01,BR04,Payments Ops,Technology & Systems,10400,10640,240
2025-07-01,BR04,Payments Ops,Screening & Data Vendors,4160,4160,0
2025-07-01,BR04,Payments Ops,Premises,8320,8570,250
2025-07-01,BR04,Payments Ops,Outsourcing,4850,5100,250
2025-07-01,BR04,Payments Ops,Training,1390,1510,120
2025-07-01,BR04,Payments Ops,Other,2080,2130,50
2025-07-01,BR04,IT & Technology,Staff,65340,69230,3890
2025-07-01,BR04,IT & Technology,Technology & Systems,17820,19470,1650
2025-07-01,BR04,IT & Technology,Screening & Data Vendors,7130,8310,1180
2025-07-01,BR04,IT & Technology,Premises,14260,16680,2420
2025-07-01,BR04,IT & Technology,Outsourcing,8320,8180,-140
2025-07-01,BR04,IT & Technology,Training,2380,2570,190
2025-07-01,BR04,IT & Technology,Other,3560,3680,120
2025-07-01,BR04,Compliance,Staff,32670,32570,-100
2025-07-01,BR04,Compliance,Technology & Systems,8910,9860,950
2025-07-01,BR04,Compliance,Screening & Data Vendors,3560,3580,20
2025-07-01,BR04,Compliance,Premises,7130,8220,1090
2025-07-01,BR04,Compliance,Outsourcing,4160,4550,390
2025-07-01,BR04,Compliance,Training,1190,1350,160
2025-07-01,BR04,Compliance,Other,1780,1900,120
2025-08-01,BR04,Retail Banking Ops,Staff,108900,127990,19090
2025-08-01,BR04,Retail Banking Ops,Technology & Systems,29700,34980,5280
2025-08-01,BR04,Retail Banking Ops,Screening & Data Vendors,11880,12780,900
2025-08-01,BR04,Retail Banking Ops,Premises,23760,25390,1630
2025-08-01,BR04,Retail Banking Ops,Outsourcing,13860,15600,1740
2025-08-01,BR04,Retail Banking Ops,Training,3960,4100,140
2025-08-01,BR04,Retail Banking Ops,Other,5940,6770,830
2025-08-01,BR04,KYC & Onboarding,Staff,49010,59580,10570
2025-08-01,BR04,KYC & Onboarding,Technology & Systems,13370,15920,2550
2025-08-01,BR04,KYC & Onboarding,Screening & Data Vendors,5350,6000,650
2025-08-01,BR04,KYC & Onboarding,Premises,10690,12970,2280
2025-08-01,BR04,KYC & Onboarding,Outsourcing,6240,6960,720
2025-08-01,BR04,KYC & Onboarding,Training,1780,2290,510
2025-08-01,BR04,KYC & Onboarding,Other,2670,3090,420
2025-08-01,BR04,AML & Financial Crime,Staff,54450,65610,11160
2025-08-01,BR04,AML & Financial Crime,Technology & Systems,14850,18010,3160
2025-08-01,BR04,AML & Financial Crime,Screening & Data Vendors,5940,6920,980
2025-08-01,BR04,AML & Financial Crime,Premises,11880,15440,3560
2025-08-01,BR04,AML & Financial Crime,Outsourcing,6930,8630,1700
2025-08-01,BR04,AML & Financial Crime,Training,1980,2350,370
2025-08-01,BR04,AML & Financial Crime,Other,2970,3460,490
2025-08-01,BR04,Payments Ops,Staff,38120,39920,1800
2025-08-01,BR04,Payments Ops,Technology & Systems,10400,11930,1530
2025-08-01,BR04,Payments Ops,Screening & Data Vendors,4160,4800,640
2025-08-01,BR04,Payments Ops,Premises,8320,8800,480
2025-08-01,BR04,Payments Ops,Outsourcing,4850,5370,520
2025-08-01,BR04,Payments Ops,Training,1390,1540,150
2025-08-01,BR04,Payments Ops,Other,2080,2410,330
2025-08-01,BR04,IT & Technology,Staff,65340,75360,10020
2025-08-01,BR04,IT & Technology,Technology & Systems,17820,19060,1240
2025-08-01,BR04,IT & Technology,Screening & Data Vendors,7130,8130,1000
2025-08-01,BR04,IT & Technology,Premises,14260,16180,1920
2025-08-01,BR04,IT & Technology,Outsourcing,8320,9000,680
2025-08-01,BR04,IT & Technology,Training,2380,2490,110
2025-08-01,BR04,IT & Technology,Other,3560,3600,40
2025-08-01,BR04,Compliance,Staff,32670,38790,6120
2025-08-01,BR04,Compliance,Technology & Systems,8910,9950,1040
2025-08-01,BR04,Compliance,Screening & Data Vendors,3560,4090,530
2025-08-01,BR04,Compliance,Premises,7130,7130,0
2025-08-01,BR04,Compliance,Outsourcing,4160,4480,320
2025-08-01,BR04,Compliance,Training,1190,1310,120
2025-08-01,BR04,Compliance,Other,1780,1930,150
2025-09-01,BR04,Retail Banking Ops,Staff,108900,116160,7260
2025-09-01,BR04,Retail Banking Ops,Technology & Systems,29700,32870,3170
2025-09-01,BR04,Retail Banking Ops,Screening & Data Vendors,11880,12300,420
2025-09-01,BR04,Retail Banking Ops,Premises,23760,25930,2170
2025-09-01,BR04,Retail Banking Ops,Outsourcing,13860,14810,950
2025-09-01,BR04,Retail Banking Ops,Training,3960,4770,810
2025-09-01,BR04,Retail Banking Ops,Other,5940,6270,330
2025-09-01,BR04,KYC & Onboarding,Staff,49010,61970,12960
2025-09-01,BR04,KYC & Onboarding,Technology & Systems,13370,15910,2540
2025-09-01,BR04,KYC & Onboarding,Screening & Data Vendors,5350,6470,1120
2025-09-01,BR04,KYC & Onboarding,Premises,10690,12360,1670
2025-09-01,BR04,KYC & Onboarding,Outsourcing,6240,7790,1550
2025-09-01,BR04,KYC & Onboarding,Training,1780,2070,290
2025-09-01,BR04,KYC & Onboarding,Other,2670,2920,250
2025-09-01,BR04,AML & Financial Crime,Staff,54450,69280,14830
2025-09-01,BR04,AML & Financial Crime,Technology & Systems,14850,17430,2580
2025-09-01,BR04,AML & Financial Crime,Screening & Data Vendors,5940,7720,1780
2025-09-01,BR04,AML & Financial Crime,Premises,11880,14090,2210
2025-09-01,BR04,AML & Financial Crime,Outsourcing,6930,8200,1270
2025-09-01,BR04,AML & Financial Crime,Training,1980,2290,310
2025-09-01,BR04,AML & Financial Crime,Other,2970,3670,700
2025-09-01,BR04,Payments Ops,Staff,38120,39590,1470
2025-09-01,BR04,Payments Ops,Technology & Systems,10400,11560,1160
2025-09-01,BR04,Payments Ops,Screening & Data Vendors,4160,4610,450
2025-09-01,BR04,Payments Ops,Premises,8320,8750,430
2025-09-01,BR04,Payments Ops,Outsourcing,4850,5280,430
2025-09-01,BR04,Payments Ops,Training,1390,1460,70
2025-09-01,BR04,Payments Ops,Other,2080,2280,200
2025-09-01,BR04,IT & Technology,Staff,65340,74400,9060
2025-09-01,BR04,IT & Technology,Technology & Systems,17820,19960,2140
2025-09-01,BR04,IT & Technology,Screening & Data Vendors,7130,7340,210
2025-09-01,BR04,IT & Technology,Premises,14260,14530,270
2025-09-01,BR04,IT & Technology,Outsourcing,8320,9060,740
2025-09-01,BR04,IT & Technology,Training,2380,2730,350
2025-09-01,BR04,IT & Technology,Other,3560,3870,310
2025-09-01,BR04,Compliance,Staff,32670,36530,3860
2025-09-01,BR04,Compliance,Technology & Systems,8910,9110,200
2025-09-01,BR04,Compliance,Screening & Data Vendors,3560,3710,150
2025-09-01,BR04,Compliance,Premises,7130,7670,540
2025-09-01,BR04,Compliance,Outsourcing,4160,4390,230
2025-09-01,BR04,Compliance,Training,1190,1220,30
2025-09-01,BR04,Compliance,Other,1780,2060,280
2025-10-01,BR04,Retail Banking Ops,Staff,108900,121740,12840
2025-10-01,BR04,Retail Banking Ops,Technology & Systems,29700,32900,3200
2025-10-01,BR04,Retail Banking Ops,Screening & Data Vendors,11880,13340,1460
2025-10-01,BR04,Retail Banking Ops,Premises,23760,25300,1540
2025-10-01,BR04,Retail Banking Ops,Outsourcing,13860,14030,170
2025-10-01,BR04,Retail Banking Ops,Training,3960,4180,220
2025-10-01,BR04,Retail Banking Ops,Other,5940,6580,640
2025-10-01,BR04,KYC & Onboarding,Staff,49010,57850,8840
2025-10-01,BR04,KYC & Onboarding,Technology & Systems,13370,16360,2990
2025-10-01,BR04,KYC & Onboarding,Screening & Data Vendors,5350,6430,1080
2025-10-01,BR04,KYC & Onboarding,Premises,10690,12870,2180
2025-10-01,BR04,KYC & Onboarding,Outsourcing,6240,8330,2090
2025-10-01,BR04,KYC & Onboarding,Training,1780,2070,290
2025-10-01,BR04,KYC & Onboarding,Other,2670,3160,490
2025-10-01,BR04,AML & Financial Crime,Staff,54450,64770,10320
2025-10-01,BR04,AML & Financial Crime,Technology & Systems,14850,19300,4450
2025-10-01,BR04,AML & Financial Crime,Screening & Data Vendors,5940,6960,1020
2025-10-01,BR04,AML & Financial Crime,Premises,11880,13810,1930
2025-10-01,BR04,AML & Financial Crime,Outsourcing,6930,9280,2350
2025-10-01,BR04,AML & Financial Crime,Training,1980,2410,430
2025-10-01,BR04,AML & Financial Crime,Other,2970,3870,900
2025-10-01,BR04,Payments Ops,Staff,38120,42820,4700
2025-10-01,BR04,Payments Ops,Technology & Systems,10400,10410,10
2025-10-01,BR04,Payments Ops,Screening & Data Vendors,4160,4490,330
2025-10-01,BR04,Payments Ops,Premises,8320,9220,900
2025-10-01,BR04,Payments Ops,Outsourcing,4850,5490,640
2025-10-01,BR04,Payments Ops,Training,1390,1590,200
2025-10-01,BR04,Payments Ops,Other,2080,2280,200
2025-10-01,BR04,IT & Technology,Staff,65340,69140,3800
2025-10-01,BR04,IT & Technology,Technology & Systems,17820,19510,1690
2025-10-01,BR04,IT & Technology,Screening & Data Vendors,7130,7240,110
2025-10-01,BR04,IT & Technology,Premises,14260,14920,660
2025-10-01,BR04,IT & Technology,Outsourcing,8320,9170,850
2025-10-01,BR04,IT & Technology,Training,2380,2490,110
2025-10-01,BR04,IT & Technology,Other,3560,3850,290
2025-10-01,BR04,Compliance,Staff,32670,39580,6910
2025-10-01,BR04,Compliance,Technology & Systems,8910,9160,250
2025-10-01,BR04,Compliance,Screening & Data Vendors,3560,4000,440
2025-10-01,BR04,Compliance,Premises,7130,7500,370
2025-10-01,BR04,Compliance,Outsourcing,4160,4650,490
2025-10-01,BR04,Compliance,Training,1190,1370,180
2025-10-01,BR04,Compliance,Other,1780,1990,210
2025-11-01,BR04,Retail Banking Ops,Staff,108900,122810,13910
2025-11-01,BR04,Retail Banking Ops,Technology & Systems,29700,31930,2230
2025-11-01,BR04,Retail Banking Ops,Screening & Data Vendors,11880,13120,1240
2025-11-01,BR04,Retail Banking Ops,Premises,23760,25430,1670
2025-11-01,BR04,Retail Banking Ops,Outsourcing,13860,14760,900
2025-11-01,BR04,Retail Banking Ops,Training,3960,4330,370
2025-11-01,BR04,Retail Banking Ops,Other,5940,6460,520
2025-11-01,BR04,KYC & Onboarding,Staff,49010,61860,12850
2025-11-01,BR04,KYC & Onboarding,Technology & Systems,13370,16440,3070
2025-11-01,BR04,KYC & Onboarding,Screening & Data Vendors,5350,6520,1170
2025-11-01,BR04,KYC & Onboarding,Premises,10690,12780,2090
2025-11-01,BR04,KYC & Onboarding,Outsourcing,6240,8330,2090
2025-11-01,BR04,KYC & Onboarding,Training,1780,2200,420
2025-11-01,BR04,KYC & Onboarding,Other,2670,3110,440
2025-11-01,BR04,AML & Financial Crime,Staff,54450,67240,12790
2025-11-01,BR04,AML & Financial Crime,Technology & Systems,14850,18310,3460
2025-11-01,BR04,AML & Financial Crime,Screening & Data Vendors,5940,7550,1610
2025-11-01,BR04,AML & Financial Crime,Premises,11880,15630,3750
2025-11-01,BR04,AML & Financial Crime,Outsourcing,6930,8140,1210
2025-11-01,BR04,AML & Financial Crime,Training,1980,2440,460
2025-11-01,BR04,AML & Financial Crime,Other,2970,3700,730
2025-11-01,BR04,Payments Ops,Staff,38120,37680,-440
2025-11-01,BR04,Payments Ops,Technology & Systems,10400,11950,1550
2025-11-01,BR04,Payments Ops,Screening & Data Vendors,4160,4940,780
2025-11-01,BR04,Payments Ops,Premises,8320,8610,290
2025-11-01,BR04,Payments Ops,Outsourcing,4850,5570,720
2025-11-01,BR04,Payments Ops,Training,1390,1490,100
2025-11-01,BR04,Payments Ops,Other,2080,2230,150
2025-11-01,BR04,IT & Technology,Staff,65340,69920,4580
2025-11-01,BR04,IT & Technology,Technology & Systems,17820,19230,1410
2025-11-01,BR04,IT & Technology,Screening & Data Vendors,7130,7630,500
2025-11-01,BR04,IT & Technology,Premises,14260,15270,1010
2025-11-01,BR04,IT & Technology,Outsourcing,8320,9460,1140
2025-11-01,BR04,IT & Technology,Training,2380,2500,120
2025-11-01,BR04,IT & Technology,Other,3560,3880,320
2025-11-01,BR04,Compliance,Staff,32670,37200,4530
2025-11-01,BR04,Compliance,Technology & Systems,8910,9420,510
2025-11-01,BR04,Compliance,Screening & Data Vendors,3560,3680,120
2025-11-01,BR04,Compliance,Premises,7130,7910,780
2025-11-01,BR04,Compliance,Outsourcing,4160,4550,390
2025-11-01,BR04,Compliance,Training,1190,1220,30
2025-11-01,BR04,Compliance,Other,1780,1880,100
2025-12-01,BR04,Retail Banking Ops,Staff,108900,130930,22030
2025-12-01,BR04,Retail Banking Ops,Technology & Systems,29700,33430,3730
2025-12-01,BR04,Retail Banking Ops,Screening & Data Vendors,11880,13790,1910
2025-12-01,BR04,Retail Banking Ops,Premises,23760,26170,2410
2025-12-01,BR04,Retail Banking Ops,Outsourcing,13860,15410,1550
2025-12-01,BR04,Retail Banking Ops,Training,3960,4320,360
2025-12-01,BR04,Retail Banking Ops,Other,5940,6370,430
2025-12-01,BR04,KYC & Onboarding,Staff,49010,58790,9780
2025-12-01,BR04,KYC & Onboarding,Technology & Systems,13370,16200,2830
2025-12-01,BR04,KYC & Onboarding,Screening & Data Vendors,5350,7070,1720
2025-12-01,BR04,KYC & Onboarding,Premises,10690,13450,2760
2025-12-01,BR04,KYC & Onboarding,Outsourcing,6240,7180,940
2025-12-01,BR04,KYC & Onboarding,Training,1780,2320,540
2025-12-01,BR04,KYC & Onboarding,Other,2670,3270,600
2025-12-01,BR04,AML & Financial Crime,Staff,54450,64130,9680
2025-12-01,BR04,AML & Financial Crime,Technology & Systems,14850,17560,2710
2025-12-01,BR04,AML & Financial Crime,Screening & Data Vendors,5940,7320,1380
2025-12-01,BR04,AML & Financial Crime,Premises,11880,14250,2370
2025-12-01,BR04,AML & Financial Crime,Outsourcing,6930,7640,710
2025-12-01,BR04,AML & Financial Crime,Training,1980,2330,350
2025-12-01,BR04,AML & Financial Crime,Other,2970,3870,900
2025-12-01,BR04,Payments Ops,Staff,38120,41200,3080
2025-12-01,BR04,Payments Ops,Technology & Systems,10400,11200,800
2025-12-01,BR04,Payments Ops,Screening & Data Vendors,4160,4210,50
2025-12-01,BR04,Payments Ops,Premises,8320,8720,400
2025-12-01,BR04,Payments Ops,Outsourcing,4850,5590,740
2025-12-01,BR04,Payments Ops,Training,1390,1610,220
2025-12-01,BR04,Payments Ops,Other,2080,2370,290
2025-12-01,BR04,IT & Technology,Staff,65340,74200,8860
2025-12-01,BR04,IT & Technology,Technology & Systems,17820,19320,1500
2025-12-01,BR04,IT & Technology,Screening & Data Vendors,7130,7950,820
2025-12-01,BR04,IT & Technology,Premises,14260,14930,670
2025-12-01,BR04,IT & Technology,Outsourcing,8320,8650,330
2025-12-01,BR04,IT & Technology,Training,2380,2580,200
2025-12-01,BR04,IT & Technology,Other,3560,4050,490
2025-12-01,BR04,Compliance,Staff,32670,35090,2420
2025-12-01,BR04,Compliance,Technology & Systems,8910,9060,150
2025-12-01,BR04,Compliance,Screening & Data Vendors,3560,4220,660
2025-12-01,BR04,Compliance,Premises,7130,7910,780
2025-12-01,BR04,Compliance,Outsourcing,4160,4320,160
2025-12-01,BR04,Compliance,Training,1190,1300,110
2025-12-01,BR04,Compliance,Other,1780,1930,150
2024-01-01,BR05,Retail Banking Ops,Staff,84150,89600,5450
2024-01-01,BR05,Retail Banking Ops,Technology & Systems,22950,23490,540
2024-01-01,BR05,Retail Banking Ops,Screening & Data Vendors,9180,9660,480
2024-01-01,BR05,Retail Banking Ops,Premises,18360,19170,810
2024-01-01,BR05,Retail Banking Ops,Outsourcing,10710,12020,1310
2024-01-01,BR05,Retail Banking Ops,Training,3060,3530,470
2024-01-01,BR05,Retail Banking Ops,Other,4590,4150,-440
2024-01-01,BR05,KYC & Onboarding,Staff,37870,43230,5360
2024-01-01,BR05,KYC & Onboarding,Technology & Systems,10330,10640,310
2024-01-01,BR05,KYC & Onboarding,Screening & Data Vendors,4130,4310,180
2024-01-01,BR05,KYC & Onboarding,Premises,8260,7730,-530
2024-01-01,BR05,KYC & Onboarding,Outsourcing,4820,5540,720
2024-01-01,BR05,KYC & Onboarding,Training,1380,1360,-20
2024-01-01,BR05,KYC & Onboarding,Other,2070,2110,40
2024-01-01,BR05,AML & Financial Crime,Staff,42080,46420,4340
2024-01-01,BR05,AML & Financial Crime,Technology & Systems,11480,11330,-150
2024-01-01,BR05,AML & Financial Crime,Screening & Data Vendors,4590,4790,200
2024-01-01,BR05,AML & Financial Crime,Premises,9180,8770,-410
2024-01-01,BR05,AML & Financial Crime,Outsourcing,5360,6030,670
2024-01-01,BR05,AML & Financial Crime,Training,1530,1620,90
2024-01-01,BR05,AML & Financial Crime,Other,2300,2330,30
2024-01-01,BR05,Payments Ops,Staff,29450,30250,800
2024-01-01,BR05,Payments Ops,Technology & Systems,8030,8470,440
2024-01-01,BR05,Payments Ops,Screening & Data Vendors,3210,3330,120
2024-01-01,BR05,Payments Ops,Premises,6430,6310,-120
2024-01-01,BR05,Payments Ops,Outsourcing,3750,4050,300
2024-01-01,BR05,Payments Ops,Training,1070,1100,30
2024-01-01,BR05,Payments Ops,Other,1610,1570,-40
2024-01-01,BR05,IT & Technology,Staff,50490,59670,9180
2024-01-01,BR05,IT & Technology,Technology & Systems,13770,13860,90
2024-01-01,BR05,IT & Technology,Screening & Data Vendors,5510,5690,180
2024-01-01,BR05,IT & Technology,Premises,11020,10820,-200
2024-01-01,BR05,IT & Technology,Outsourcing,6430,7230,800
2024-01-01,BR05,IT & Technology,Training,1840,1910,70
2024-01-01,BR05,IT & Technology,Other,2750,2700,-50
2024-01-01,BR05,Compliance,Staff,25250,25330,80
2024-01-01,BR05,Compliance,Technology & Systems,6880,6830,-50
2024-01-01,BR05,Compliance,Screening & Data Vendors,2750,2670,-80
2024-01-01,BR05,Compliance,Premises,5510,5470,-40
2024-01-01,BR05,Compliance,Outsourcing,3210,3420,210
2024-01-01,BR05,Compliance,Training,920,900,-20
2024-01-01,BR05,Compliance,Other,1380,1450,70
2024-02-01,BR05,Retail Banking Ops,Staff,84150,95740,11590
2024-02-01,BR05,Retail Banking Ops,Technology & Systems,22950,21980,-970
2024-02-01,BR05,Retail Banking Ops,Screening & Data Vendors,9180,9460,280
2024-02-01,BR05,Retail Banking Ops,Premises,18360,17560,-800
2024-02-01,BR05,Retail Banking Ops,Outsourcing,10710,11050,340
2024-02-01,BR05,Retail Banking Ops,Training,3060,2920,-140
2024-02-01,BR05,Retail Banking Ops,Other,4590,4760,170
2024-02-01,BR05,KYC & Onboarding,Staff,37870,42940,5070
2024-02-01,BR05,KYC & Onboarding,Technology & Systems,10330,10550,220
2024-02-01,BR05,KYC & Onboarding,Screening & Data Vendors,4130,4390,260
2024-02-01,BR05,KYC & Onboarding,Premises,8260,8470,210
2024-02-01,BR05,KYC & Onboarding,Outsourcing,4820,5450,630
2024-02-01,BR05,KYC & Onboarding,Training,1380,1410,30
2024-02-01,BR05,KYC & Onboarding,Other,2070,2050,-20
2024-02-01,BR05,AML & Financial Crime,Staff,42080,48630,6550
2024-02-01,BR05,AML & Financial Crime,Technology & Systems,11480,11730,250
2024-02-01,BR05,AML & Financial Crime,Screening & Data Vendors,4590,5030,440
2024-02-01,BR05,AML & Financial Crime,Premises,9180,9860,680
2024-02-01,BR05,AML & Financial Crime,Outsourcing,5360,5740,380
2024-02-01,BR05,AML & Financial Crime,Training,1530,1500,-30
2024-02-01,BR05,AML & Financial Crime,Other,2300,2530,230
2024-02-01,BR05,Payments Ops,Staff,29450,33560,4110
2024-02-01,BR05,Payments Ops,Technology & Systems,8030,8580,550
2024-02-01,BR05,Payments Ops,Screening & Data Vendors,3210,3250,40
2024-02-01,BR05,Payments Ops,Premises,6430,6450,20
2024-02-01,BR05,Payments Ops,Outsourcing,3750,4030,280
2024-02-01,BR05,Payments Ops,Training,1070,1050,-20
2024-02-01,BR05,Payments Ops,Other,1610,1570,-40
2024-02-01,BR05,IT & Technology,Staff,50490,63390,12900
2024-02-01,BR05,IT & Technology,Technology & Systems,13770,13340,-430
2024-02-01,BR05,IT & Technology,Screening & Data Vendors,5510,5710,200
2024-02-01,BR05,IT & Technology,Premises,11020,10890,-130
2024-02-01,BR05,IT & Technology,Outsourcing,6430,7320,890
2024-02-01,BR05,IT & Technology,Training,1840,1870,30
2024-02-01,BR05,IT & Technology,Other,2750,2430,-320
2024-02-01,BR05,Compliance,Staff,25250,27380,2130
2024-02-01,BR05,Compliance,Technology & Systems,6880,7000,120
2024-02-01,BR05,Compliance,Screening & Data Vendors,2750,2600,-150
2024-02-01,BR05,Compliance,Premises,5510,5390,-120
2024-02-01,BR05,Compliance,Outsourcing,3210,3730,520
2024-02-01,BR05,Compliance,Training,920,980,60
2024-02-01,BR05,Compliance,Other,1380,1320,-60
2024-03-01,BR05,Retail Banking Ops,Staff,84150,92580,8430
2024-03-01,BR05,Retail Banking Ops,Technology & Systems,22950,23570,620
2024-03-01,BR05,Retail Banking Ops,Screening & Data Vendors,9180,9500,320
2024-03-01,BR05,Retail Banking Ops,Premises,18360,18440,80
2024-03-01,BR05,Retail Banking Ops,Outsourcing,10710,12590,1880
2024-03-01,BR05,Retail Banking Ops,Training,3060,3130,70
2024-03-01,BR05,Retail Banking Ops,Other,4590,4430,-160
2024-03-01,BR05,KYC & Onboarding,Staff,37870,42410,4540
2024-03-01,BR05,KYC & Onboarding,Technology & Systems,10330,10640,310
2024-03-01,BR05,KYC & Onboarding,Screening & Data Vendors,4130,4420,290
2024-03-01,BR05,KYC & Onboarding,Premises,8260,8380,120
2024-03-01,BR05,KYC & Onboarding,Outsourcing,4820,5740,920
2024-03-01,BR05,KYC & Onboarding,Training,1380,1500,120
2024-03-01,BR05,KYC & Onboarding,Other,2070,2040,-30
2024-03-01,BR05,AML & Financial Crime,Staff,42080,51280,9200
2024-03-01,BR05,AML & Financial Crime,Technology & Systems,11480,11400,-80
2024-03-01,BR05,AML & Financial Crime,Screening & Data Vendors,4590,4190,-400
2024-03-01,BR05,AML & Financial Crime,Premises,9180,9740,560
2024-03-01,BR05,AML & Financial Crime,Outsourcing,5360,6710,1350
2024-03-01,BR05,AML & Financial Crime,Training,1530,1450,-80
2024-03-01,BR05,AML & Financial Crime,Other,2300,2340,40
2024-03-01,BR05,Payments Ops,Staff,29450,32850,3400
2024-03-01,BR05,Payments Ops,Technology & Systems,8030,7480,-550
2024-03-01,BR05,Payments Ops,Screening & Data Vendors,3210,3670,460
2024-03-01,BR05,Payments Ops,Premises,6430,6060,-370
2024-03-01,BR05,Payments Ops,Outsourcing,3750,4370,620
2024-03-01,BR05,Payments Ops,Training,1070,1080,10
2024-03-01,BR05,Payments Ops,Other,1610,1580,-30
2024-03-01,BR05,IT & Technology,Staff,50490,54170,3680
2024-03-01,BR05,IT & Technology,Technology & Systems,13770,14450,680
2024-03-01,BR05,IT & Technology,Screening & Data Vendors,5510,5520,10
2024-03-01,BR05,IT & Technology,Premises,11020,11310,290
2024-03-01,BR05,IT & Technology,Outsourcing,6430,7310,880
2024-03-01,BR05,IT & Technology,Training,1840,1920,80
2024-03-01,BR05,IT & Technology,Other,2750,2520,-230
2024-03-01,BR05,Compliance,Staff,25250,25900,650
2024-03-01,BR05,Compliance,Technology & Systems,6880,7170,290
2024-03-01,BR05,Compliance,Screening & Data Vendors,2750,2560,-190
2024-03-01,BR05,Compliance,Premises,5510,5840,330
2024-03-01,BR05,Compliance,Outsourcing,3210,3540,330
2024-03-01,BR05,Compliance,Training,920,880,-40
2024-03-01,BR05,Compliance,Other,1380,1460,80
2024-04-01,BR05,Retail Banking Ops,Staff,84150,100110,15960
2024-04-01,BR05,Retail Banking Ops,Technology & Systems,22950,23680,730
2024-04-01,BR05,Retail Banking Ops,Screening & Data Vendors,9180,9060,-120
2024-04-01,BR05,Retail Banking Ops,Premises,18360,18640,280
2024-04-01,BR05,Retail Banking Ops,Outsourcing,10710,11970,1260
2024-04-01,BR05,Retail Banking Ops,Training,3060,2880,-180
2024-04-01,BR05,Retail Banking Ops,Other,4590,4670,80
2024-04-01,BR05,KYC & Onboarding,Staff,37870,44940,7070
2024-04-01,BR05,KYC & Onboarding,Technology & Systems,10330,10630,300
2024-04-01,BR05,KYC & Onboarding,Screening & Data Vendors,4130,4610,480
2024-04-01,BR05,KYC & Onboarding,Premises,8260,8170,-90
2024-04-01,BR05,KYC & Onboarding,Outsourcing,4820,5580,760
2024-04-01,BR05,KYC & Onboarding,Training,1380,1400,20
2024-04-01,BR05,KYC & Onboarding,Other,2070,2130,60
2024-04-01,BR05,AML & Financial Crime,Staff,42080,44650,2570
2024-04-01,BR05,AML & Financial Crime,Technology & Systems,11480,12630,1150
2024-04-01,BR05,AML & Financial Crime,Screening & Data Vendors,4590,5050,460
2024-04-01,BR05,AML & Financial Crime,Premises,9180,9700,520
2024-04-01,BR05,AML & Financial Crime,Outsourcing,5360,5770,410
2024-04-01,BR05,AML & Financial Crime,Training,1530,1650,120
2024-04-01,BR05,AML & Financial Crime,Other,2300,2210,-90
2024-04-01,BR05,Payments Ops,Staff,29450,31420,1970
2024-04-01,BR05,Payments Ops,Technology & Systems,8030,7950,-80
2024-04-01,BR05,Payments Ops,Screening & Data Vendors,3210,3230,20
2024-04-01,BR05,Payments Ops,Premises,6430,6880,450
2024-04-01,BR05,Payments Ops,Outsourcing,3750,4450,700
2024-04-01,BR05,Payments Ops,Training,1070,1140,70
2024-04-01,BR05,Payments Ops,Other,1610,1520,-90
2024-04-01,BR05,IT & Technology,Staff,50490,59410,8920
2024-04-01,BR05,IT & Technology,Technology & Systems,13770,12580,-1190
2024-04-01,BR05,IT & Technology,Screening & Data Vendors,5510,5390,-120
2024-04-01,BR05,IT & Technology,Premises,11020,11500,480
2024-04-01,BR05,IT & Technology,Outsourcing,6430,7650,1220
2024-04-01,BR05,IT & Technology,Training,1840,1840,0
2024-04-01,BR05,IT & Technology,Other,2750,2720,-30
2024-04-01,BR05,Compliance,Staff,25250,28970,3720
2024-04-01,BR05,Compliance,Technology & Systems,6880,6530,-350
2024-04-01,BR05,Compliance,Screening & Data Vendors,2750,2780,30
2024-04-01,BR05,Compliance,Premises,5510,5590,80
2024-04-01,BR05,Compliance,Outsourcing,3210,3910,700
2024-04-01,BR05,Compliance,Training,920,980,60
2024-04-01,BR05,Compliance,Other,1380,1520,140
2024-05-01,BR05,Retail Banking Ops,Staff,84150,98150,14000
2024-05-01,BR05,Retail Banking Ops,Technology & Systems,22950,22260,-690
2024-05-01,BR05,Retail Banking Ops,Screening & Data Vendors,9180,8960,-220
2024-05-01,BR05,Retail Banking Ops,Premises,18360,19630,1270
2024-05-01,BR05,Retail Banking Ops,Outsourcing,10710,12750,2040
2024-05-01,BR05,Retail Banking Ops,Training,3060,3060,0
2024-05-01,BR05,Retail Banking Ops,Other,4590,4520,-70
2024-05-01,BR05,KYC & Onboarding,Staff,37870,44320,6450
2024-05-01,BR05,KYC & Onboarding,Technology & Systems,10330,10920,590
2024-05-01,BR05,KYC & Onboarding,Screening & Data Vendors,4130,4090,-40
2024-05-01,BR05,KYC & Onboarding,Premises,8260,7950,-310
2024-05-01,BR05,KYC & Onboarding,Outsourcing,4820,6070,1250
2024-05-01,BR05,KYC & Onboarding,Training,1380,1370,-10
2024-05-01,BR05,KYC & Onboarding,Other,2070,2080,10
2024-05-01,BR05,AML & Financial Crime,Staff,42080,48640,6560
2024-05-01,BR05,AML & Financial Crime,Technology & Systems,11480,12410,930
2024-05-01,BR05,AML & Financial Crime,Screening & Data Vendors,4590,5060,470
2024-05-01,BR05,AML & Financial Crime,Premises,9180,8970,-210
2024-05-01,BR05,AML & Financial Crime,Outsourcing,5360,6710,1350
2024-05-01,BR05,AML & Financial Crime,Training,1530,1490,-40
2024-05-01,BR05,AML & Financial Crime,Other,2300,2540,240
2024-05-01,BR05,Payments Ops,Staff,29450,33870,4420
2024-05-01,BR05,Payments Ops,Technology & Systems,8030,8870,840
2024-05-01,BR05,Payments Ops,Screening & Data Vendors,3210,3470,260
2024-05-01,BR05,Payments Ops,Premises,6430,6760,330
2024-05-01,BR05,Payments Ops,Outsourcing,3750,4300,550
2024-05-01,BR05,Payments Ops,Training,1070,1000,-70
2024-05-01,BR05,Payments Ops,Other,1610,1700,90
2024-05-01,BR05,IT & Technology,Staff,50490,57390,6900
2024-05-01,BR05,IT & Technology,Technology & Systems,13770,14170,400
2024-05-01,BR05,IT & Technology,Screening & Data Vendors,5510,5240,-270
2024-05-01,BR05,IT & Technology,Premises,11020,10490,-530
2024-05-01,BR05,IT & Technology,Outsourcing,6430,7260,830
2024-05-01,BR05,IT & Technology,Training,1840,1850,10
2024-05-01,BR05,IT & Technology,Other,2750,2720,-30
2024-05-01,BR05,Compliance,Staff,25250,28400,3150
2024-05-01,BR05,Compliance,Technology & Systems,6880,7150,270
2024-05-01,BR05,Compliance,Screening & Data Vendors,2750,3010,260
2024-05-01,BR05,Compliance,Premises,5510,5990,480
2024-05-01,BR05,Compliance,Outsourcing,3210,3500,290
2024-05-01,BR05,Compliance,Training,920,950,30
2024-05-01,BR05,Compliance,Other,1380,1440,60
2024-06-01,BR05,Retail Banking Ops,Staff,84150,90300,6150
2024-06-01,BR05,Retail Banking Ops,Technology & Systems,22950,23770,820
2024-06-01,BR05,Retail Banking Ops,Screening & Data Vendors,9180,8500,-680
2024-06-01,BR05,Retail Banking Ops,Premises,18360,17300,-1060
2024-06-01,BR05,Retail Banking Ops,Outsourcing,10710,12750,2040
2024-06-01,BR05,Retail Banking Ops,Training,3060,2980,-80
2024-06-01,BR05,Retail Banking Ops,Other,4590,4510,-80
2024-06-01,BR05,KYC & Onboarding,Staff,37870,43900,6030
2024-06-01,BR05,KYC & Onboarding,Technology & Systems,10330,11150,820
2024-06-01,BR05,KYC & Onboarding,Screening & Data Vendors,4130,4400,270
2024-06-01,BR05,KYC & Onboarding,Premises,8260,9110,850
2024-06-01,BR05,KYC & Onboarding,Outsourcing,4820,5560,740
2024-06-01,BR05,KYC & Onboarding,Training,1380,1480,100
2024-06-01,BR05,KYC & Onboarding,Other,2070,2060,-10
2024-06-01,BR05,AML & Financial Crime,Staff,42080,53980,11900
2024-06-01,BR05,AML & Financial Crime,Technology & Systems,11480,11410,-70
2024-06-01,BR05,AML & Financial Crime,Screening & Data Vendors,4590,4700,110
2024-06-01,BR05,AML & Financial Crime,Premises,9180,9060,-120
2024-06-01,BR05,AML & Financial Crime,Outsourcing,5360,5640,280
2024-06-01,BR05,AML & Financial Crime,Training,1530,1630,100
2024-06-01,BR05,AML & Financial Crime,Other,2300,2550,250
2024-06-01,BR05,Payments Ops,Staff,29450,36450,7000
2024-06-01,BR05,Payments Ops,Technology & Systems,8030,8630,600
2024-06-01,BR05,Payments Ops,Screening & Data Vendors,3210,3210,0
2024-06-01,BR05,Payments Ops,Premises,6430,6600,170
2024-06-01,BR05,Payments Ops,Outsourcing,3750,4340,590
2024-06-01,BR05,Payments Ops,Training,1070,1130,60
2024-06-01,BR05,Payments Ops,Other,1610,1670,60
2024-06-01,BR05,IT & Technology,Staff,50490,57580,7090
2024-06-01,BR05,IT & Technology,Technology & Systems,13770,15070,1300
2024-06-01,BR05,IT & Technology,Screening & Data Vendors,5510,5520,10
2024-06-01,BR05,IT & Technology,Premises,11020,11630,610
2024-06-01,BR05,IT & Technology,Outsourcing,6430,7690,1260
2024-06-01,BR05,IT & Technology,Training,1840,1720,-120
2024-06-01,BR05,IT & Technology,Other,2750,2830,80
2024-06-01,BR05,Compliance,Staff,25250,26680,1430
2024-06-01,BR05,Compliance,Technology & Systems,6880,7250,370
2024-06-01,BR05,Compliance,Screening & Data Vendors,2750,2880,130
2024-06-01,BR05,Compliance,Premises,5510,5510,0
2024-06-01,BR05,Compliance,Outsourcing,3210,3840,630
2024-06-01,BR05,Compliance,Training,920,920,0
2024-06-01,BR05,Compliance,Other,1380,1480,100
2024-07-01,BR05,Retail Banking Ops,Staff,84150,102260,18110
2024-07-01,BR05,Retail Banking Ops,Technology & Systems,22950,22690,-260
2024-07-01,BR05,Retail Banking Ops,Screening & Data Vendors,9180,8960,-220
2024-07-01,BR05,Retail Banking Ops,Premises,18360,17400,-960
2024-07-01,BR05,Retail Banking Ops,Outsourcing,10710,11850,1140
2024-07-01,BR05,Retail Banking Ops,Training,3060,3250,190
2024-07-01,BR05,Retail Banking Ops,Other,4590,4700,110
2024-07-01,BR05,KYC & Onboarding,Staff,37870,46550,8680
2024-07-01,BR05,KYC & Onboarding,Technology & Systems,10330,11750,1420
2024-07-01,BR05,KYC & Onboarding,Screening & Data Vendors,4130,4580,450
2024-07-01,BR05,KYC & Onboarding,Premises,8260,8690,430
2024-07-01,BR05,KYC & Onboarding,Outsourcing,4820,5790,970
2024-07-01,BR05,KYC & Onboarding,Training,1380,1490,110
2024-07-01,BR05,KYC & Onboarding,Other,2070,2020,-50
2024-07-01,BR05,AML & Financial Crime,Staff,42080,52980,10900
2024-07-01,BR05,AML & Financial Crime,Technology & Systems,11480,11620,140
2024-07-01,BR05,AML & Financial Crime,Screening & Data Vendors,4590,5160,570
2024-07-01,BR05,AML & Financial Crime,Premises,9180,10230,1050
2024-07-01,BR05,AML & Financial Crime,Outsourcing,5360,6360,1000
2024-07-01,BR05,AML & Financial Crime,Training,1530,1770,240
2024-07-01,BR05,AML & Financial Crime,Other,2300,2240,-60
2024-07-01,BR05,Payments Ops,Staff,29450,36210,6760
2024-07-01,BR05,Payments Ops,Technology & Systems,8030,8410,380
2024-07-01,BR05,Payments Ops,Screening & Data Vendors,3210,3590,380
2024-07-01,BR05,Payments Ops,Premises,6430,6180,-250
2024-07-01,BR05,Payments Ops,Outsourcing,3750,4270,520
2024-07-01,BR05,Payments Ops,Training,1070,1070,0
2024-07-01,BR05,Payments Ops,Other,1610,1570,-40
2024-07-01,BR05,IT & Technology,Staff,50490,62740,12250
2024-07-01,BR05,IT & Technology,Technology & Systems,13770,13720,-50
2024-07-01,BR05,IT & Technology,Screening & Data Vendors,5510,5680,170
2024-07-01,BR05,IT & Technology,Premises,11020,11280,260
2024-07-01,BR05,IT & Technology,Outsourcing,6430,7360,930
2024-07-01,BR05,IT & Technology,Training,1840,1790,-50
2024-07-01,BR05,IT & Technology,Other,2750,2700,-50
2024-07-01,BR05,Compliance,Staff,25250,29260,4010
2024-07-01,BR05,Compliance,Technology & Systems,6880,7140,260
2024-07-01,BR05,Compliance,Screening & Data Vendors,2750,2800,50
2024-07-01,BR05,Compliance,Premises,5510,4760,-750
2024-07-01,BR05,Compliance,Outsourcing,3210,4160,950
2024-07-01,BR05,Compliance,Training,920,960,40
2024-07-01,BR05,Compliance,Other,1380,1420,40
2024-08-01,BR05,Retail Banking Ops,Staff,84150,96470,12320
2024-08-01,BR05,Retail Banking Ops,Technology & Systems,22950,24120,1170
2024-08-01,BR05,Retail Banking Ops,Screening & Data Vendors,9180,9440,260
2024-08-01,BR05,Retail Banking Ops,Premises,18360,19990,1630
2024-08-01,BR05,Retail Banking Ops,Outsourcing,10710,12510,1800
2024-08-01,BR05,Retail Banking Ops,Training,3060,3140,80
2024-08-01,BR05,Retail Banking Ops,Other,4590,4960,370
2024-08-01,BR05,KYC & Onboarding,Staff,37870,44170,6300
2024-08-01,BR05,KYC & Onboarding,Technology & Systems,10330,11490,1160
2024-08-01,BR05,KYC & Onboarding,Screening & Data Vendors,4130,4450,320
2024-08-01,BR05,KYC & Onboarding,Premises,8260,8760,500
2024-08-01,BR05,KYC & Onboarding,Outsourcing,4820,5510,690
2024-08-01,BR05,KYC & Onboarding,Training,1380,1470,90
2024-08-01,BR05,KYC & Onboarding,Other,2070,2260,190
2024-08-01,BR05,AML & Financial Crime,Staff,42080,48360,6280
2024-08-01,BR05,AML & Financial Crime,Technology & Systems,11480,12420,940
2024-08-01,BR05,AML & Financial Crime,Screening & Data Vendors,4590,5110,520
2024-08-01,BR05,AML & Financial Crime,Premises,9180,9030,-150
2024-08-01,BR05,AML & Financial Crime,Outsourcing,5360,6830,1470
2024-08-01,BR05,AML & Financial Crime,Training,1530,1540,10
2024-08-01,BR05,AML & Financial Crime,Other,2300,2490,190
2024-08-01,BR05,Payments Ops,Staff,29450,34290,4840
2024-08-01,BR05,Payments Ops,Technology & Systems,8030,8350,320
2024-08-01,BR05,Payments Ops,Screening & Data Vendors,3210,3450,240
2024-08-01,BR05,Payments Ops,Premises,6430,6510,80
2024-08-01,BR05,Payments Ops,Outsourcing,3750,4340,590
2024-08-01,BR05,Payments Ops,Training,1070,1150,80
2024-08-01,BR05,Payments Ops,Other,1610,1520,-90
2024-08-01,BR05,IT & Technology,Staff,50490,59840,9350
2024-08-01,BR05,IT & Technology,Technology & Systems,13770,14030,260
2024-08-01,BR05,IT & Technology,Screening & Data Vendors,5510,5730,220
2024-08-01,BR05,IT & Technology,Premises,11020,11360,340
2024-08-01,BR05,IT & Technology,Outsourcing,6430,6670,240
2024-08-01,BR05,IT & Technology,Training,1840,1920,80
2024-08-01,BR05,IT & Technology,Other,2750,2880,130
2024-08-01,BR05,Compliance,Staff,25250,27290,2040
2024-08-01,BR05,Compliance,Technology & Systems,6880,7360,480
2024-08-01,BR05,Compliance,Screening & Data Vendors,2750,2890,140
2024-08-01,BR05,Compliance,Premises,5510,6090,580
2024-08-01,BR05,Compliance,Outsourcing,3210,3530,320
2024-08-01,BR05,Compliance,Training,920,1000,80
2024-08-01,BR05,Compliance,Other,1380,1430,50
2024-09-01,BR05,Retail Banking Ops,Staff,84150,102650,18500
2024-09-01,BR05,Retail Banking Ops,Technology & Systems,22950,22810,-140
2024-09-01,BR05,Retail Banking Ops,Screening & Data Vendors,9180,9380,200
2024-09-01,BR05,Retail Banking Ops,Premises,18360,19960,1600
2024-09-01,BR05,Retail Banking Ops,Outsourcing,10710,12580,1870
2024-09-01,BR05,Retail Banking Ops,Training,3060,3380,320
2024-09-01,BR05,Retail Banking Ops,Other,4590,4960,370
2024-09-01,BR05,KYC & Onboarding,Staff,37870,49860,11990
2024-09-01,BR05,KYC & Onboarding,Technology & Systems,10330,11260,930
2024-09-01,BR05,KYC & Onboarding,Screening & Data Vendors,4130,4470,340
2024-09-01,BR05,KYC & Onboarding,Premises,8260,9490,1230
2024-09-01,BR05,KYC & Onboarding,Outsourcing,4820,6460,1640
2024-09-01,BR05,KYC & Onboarding,Training,1380,1470,90
2024-09-01,BR05,KYC & Onboarding,Other,2070,2110,40
2024-09-01,BR05,AML & Financial Crime,Staff,42080,52500,10420
2024-09-01,BR05,AML & Financial Crime,Technology & Systems,11480,13400,1920
2024-09-01,BR05,AML & Financial Crime,Screening & Data Vendors,4590,4720,130
2024-09-01,BR05,AML & Financial Crime,Premises,9180,9660,480
2024-09-01,BR05,AML & Financial Crime,Outsourcing,5360,6600,1240
2024-09-01,BR05,AML & Financial Crime,Training,1530,1560,30
2024-09-01,BR05,AML & Financial Crime,Other,2300,2520,220
2024-09-01,BR05,Payments Ops,Staff,29450,34610,5160
2024-09-01,BR05,Payments Ops,Technology & Systems,8030,8990,960
2024-09-01,BR05,Payments Ops,Screening & Data Vendors,3210,3250,40
2024-09-01,BR05,Payments Ops,Premises,6430,5910,-520
2024-09-01,BR05,Payments Ops,Outsourcing,3750,4760,1010
2024-09-01,BR05,Payments Ops,Training,1070,1140,70
2024-09-01,BR05,Payments Ops,Other,1610,1730,120
2024-09-01,BR05,IT & Technology,Staff,50490,58450,7960
2024-09-01,BR05,IT & Technology,Technology & Systems,13770,15040,1270
2024-09-01,BR05,IT & Technology,Screening & Data Vendors,5510,5980,470
2024-09-01,BR05,IT & Technology,Premises,11020,11200,180
2024-09-01,BR05,IT & Technology,Outsourcing,6430,7730,1300
2024-09-01,BR05,IT & Technology,Training,1840,1800,-40
2024-09-01,BR05,IT & Technology,Other,2750,2330,-420
2024-09-01,BR05,Compliance,Staff,25250,30130,4880
2024-09-01,BR05,Compliance,Technology & Systems,6880,6790,-90
2024-09-01,BR05,Compliance,Screening & Data Vendors,2750,2520,-230
2024-09-01,BR05,Compliance,Premises,5510,6010,500
2024-09-01,BR05,Compliance,Outsourcing,3210,3610,400
2024-09-01,BR05,Compliance,Training,920,1000,80
2024-09-01,BR05,Compliance,Other,1380,1390,10
2024-10-01,BR05,Retail Banking Ops,Staff,84150,98890,14740
2024-10-01,BR05,Retail Banking Ops,Technology & Systems,22950,22260,-690
2024-10-01,BR05,Retail Banking Ops,Screening & Data Vendors,9180,9210,30
2024-10-01,BR05,Retail Banking Ops,Premises,18360,18730,370
2024-10-01,BR05,Retail Banking Ops,Outsourcing,10710,11130,420
2024-10-01,BR05,Retail Banking Ops,Training,3060,3440,380
2024-10-01,BR05,Retail Banking Ops,Other,4590,4450,-140
2024-10-01,BR05,KYC & Onboarding,Staff,37870,44720,6850
2024-10-01,BR05,KYC & Onboarding,Technology & Systems,10330,12060,1730
2024-10-01,BR05,KYC & Onboarding,Screening & Data Vendors,4130,4630,500
2024-10-01,BR05,KYC & Onboarding,Premises,8260,9510,1250
2024-10-01,BR05,KYC & Onboarding,Outsourcing,4820,6280,1460
2024-10-01,BR05,KYC & Onboarding,Training,1380,1580,200
2024-10-01,BR05,KYC & Onboarding,Other,2070,2330,260
2024-10-01,BR05,AML & Financial Crime,Staff,42080,50990,8910
2024-10-01,BR05,AML & Financial Crime,Technology & Systems,11480,12250,770
2024-10-01,BR05,AML & Financial Crime,Screening & Data Vendors,4590,5540,950
2024-10-01,BR05,AML & Financial Crime,Premises,9180,10420,1240
2024-10-01,BR05,AML & Financial Crime,Outsourcing,5360,6800,1440
2024-10-01,BR05,AML & Financial Crime,Training,1530,1680,150
2024-10-01,BR05,AML & Financial Crime,Other,2300,2670,370
2024-10-01,BR05,Payments Ops,Staff,29450,36510,7060
2024-10-01,BR05,Payments Ops,Technology & Systems,8030,8060,30
2024-10-01,BR05,Payments Ops,Screening & Data Vendors,3210,3620,410
2024-10-01,BR05,Payments Ops,Premises,6430,7160,730
2024-10-01,BR05,Payments Ops,Outsourcing,3750,3860,110
2024-10-01,BR05,Payments Ops,Training,1070,1170,100
2024-10-01,BR05,Payments Ops,Other,1610,1790,180
2024-10-01,BR05,IT & Technology,Staff,50490,56370,5880
2024-10-01,BR05,IT & Technology,Technology & Systems,13770,15440,1670
2024-10-01,BR05,IT & Technology,Screening & Data Vendors,5510,5510,0
2024-10-01,BR05,IT & Technology,Premises,11020,11170,150
2024-10-01,BR05,IT & Technology,Outsourcing,6430,7630,1200
2024-10-01,BR05,IT & Technology,Training,1840,1910,70
2024-10-01,BR05,IT & Technology,Other,2750,2880,130
2024-10-01,BR05,Compliance,Staff,25250,28790,3540
2024-10-01,BR05,Compliance,Technology & Systems,6880,6690,-190
2024-10-01,BR05,Compliance,Screening & Data Vendors,2750,2860,110
2024-10-01,BR05,Compliance,Premises,5510,5990,480
2024-10-01,BR05,Compliance,Outsourcing,3210,3510,300
2024-10-01,BR05,Compliance,Training,920,950,30
2024-10-01,BR05,Compliance,Other,1380,1430,50
2024-11-01,BR05,Retail Banking Ops,Staff,84150,95160,11010
2024-11-01,BR05,Retail Banking Ops,Technology & Systems,22950,24420,1470
2024-11-01,BR05,Retail Banking Ops,Screening & Data Vendors,9180,9790,610
2024-11-01,BR05,Retail Banking Ops,Premises,18360,18290,-70
2024-11-01,BR05,Retail Banking Ops,Outsourcing,10710,12550,1840
2024-11-01,BR05,Retail Banking Ops,Training,3060,3300,240
2024-11-01,BR05,Retail Banking Ops,Other,4590,5100,510
2024-11-01,BR05,KYC & Onboarding,Staff,37870,42440,4570
2024-11-01,BR05,KYC & Onboarding,Technology & Systems,10330,12030,1700
2024-11-01,BR05,KYC & Onboarding,Screening & Data Vendors,4130,4860,730
2024-11-01,BR05,KYC & Onboarding,Premises,8260,9060,800
2024-11-01,BR05,KYC & Onboarding,Outsourcing,4820,6130,1310
2024-11-01,BR05,KYC & Onboarding,Training,1380,1470,90
2024-11-01,BR05,KYC & Onboarding,Other,2070,2320,250
2024-11-01,BR05,AML & Financial Crime,Staff,42080,54730,12650
2024-11-01,BR05,AML & Financial Crime,Technology & Systems,11480,13870,2390
2024-11-01,BR05,AML & Financial Crime,Screening & Data Vendors,4590,5420,830
2024-11-01,BR05,AML & Financial Crime,Premises,9180,10250,1070
2024-11-01,BR05,AML & Financial Crime,Outsourcing,5360,6900,1540
2024-11-01,BR05,AML & Financial Crime,Training,1530,1550,20
2024-11-01,BR05,AML & Financial Crime,Other,2300,2560,260
2024-11-01,BR05,Payments Ops,Staff,29450,36010,6560
2024-11-01,BR05,Payments Ops,Technology & Systems,8030,8490,460
2024-11-01,BR05,Payments Ops,Screening & Data Vendors,3210,3260,50
2024-11-01,BR05,Payments Ops,Premises,6430,6340,-90
2024-11-01,BR05,Payments Ops,Outsourcing,3750,4330,580
2024-11-01,BR05,Payments Ops,Training,1070,1050,-20
2024-11-01,BR05,Payments Ops,Other,1610,1820,210
2024-11-01,BR05,IT & Technology,Staff,50490,52840,2350
2024-11-01,BR05,IT & Technology,Technology & Systems,13770,13870,100
2024-11-01,BR05,IT & Technology,Screening & Data Vendors,5510,5920,410
2024-11-01,BR05,IT & Technology,Premises,11020,10830,-190
2024-11-01,BR05,IT & Technology,Outsourcing,6430,8110,1680
2024-11-01,BR05,IT & Technology,Training,1840,1910,70
2024-11-01,BR05,IT & Technology,Other,2750,2990,240
2024-11-01,BR05,Compliance,Staff,25250,27800,2550
2024-11-01,BR05,Compliance,Technology & Systems,6880,7490,610
2024-11-01,BR05,Compliance,Screening & Data Vendors,2750,2980,230
2024-11-01,BR05,Compliance,Premises,5510,5970,460
2024-11-01,BR05,Compliance,Outsourcing,3210,3810,600
2024-11-01,BR05,Compliance,Training,920,960,40
2024-11-01,BR05,Compliance,Other,1380,1420,40
2024-12-01,BR05,Retail Banking Ops,Staff,84150,96170,12020
2024-12-01,BR05,Retail Banking Ops,Technology & Systems,22950,25340,2390
2024-12-01,BR05,Retail Banking Ops,Screening & Data Vendors,9180,9850,670
2024-12-01,BR05,Retail Banking Ops,Premises,18360,17840,-520
2024-12-01,BR05,Retail Banking Ops,Outsourcing,10710,11980,1270
2024-12-01,BR05,Retail Banking Ops,Training,3060,3410,350
2024-12-01,BR05,Retail Banking Ops,Other,4590,5010,420
2024-12-01,BR05,KYC & Onboarding,Staff,37870,49560,11690
2024-12-01,BR05,KYC & Onboarding,Technology & Systems,10330,11090,760
2024-12-01,BR05,KYC & Onboarding,Screening & Data Vendors,4130,5040,910
2024-12-01,BR05,KYC & Onboarding,Premises,8260,9210,950
2024-12-01,BR05,KYC & Onboarding,Outsourcing,4820,6120,1300
2024-12-01,BR05,KYC & Onboarding,Training,1380,1550,170
2024-12-01,BR05,KYC & Onboarding,Other,2070,2200,130
2024-12-01,BR05,AML & Financial Crime,Staff,42080,53910,11830
2024-12-01,BR05,AML & Financial Crime,Technology & Systems,11480,12490,1010
2024-12-01,BR05,AML & Financial Crime,Screening & Data Vendors,4590,4900,310
2024-12-01,BR05,AML & Financial Crime,Premises,9180,11170,1990
2024-12-01,BR05,AML & Financial Crime,Outsourcing,5360,6260,900
2024-12-01,BR05,AML & Financial Crime,Training,1530,1590,60
2024-12-01,BR05,AML & Financial Crime,Other,2300,2390,90
2024-12-01,BR05,Payments Ops,Staff,29450,37070,7620
2024-12-01,BR05,Payments Ops,Technology & Systems,8030,8040,10
2024-12-01,BR05,Payments Ops,Screening & Data Vendors,3210,3550,340
2024-12-01,BR05,Payments Ops,Premises,6430,6830,400
2024-12-01,BR05,Payments Ops,Outsourcing,3750,4530,780
2024-12-01,BR05,Payments Ops,Training,1070,1130,60
2024-12-01,BR05,Payments Ops,Other,1610,1570,-40
2024-12-01,BR05,IT & Technology,Staff,50490,59210,8720
2024-12-01,BR05,IT & Technology,Technology & Systems,13770,14500,730
2024-12-01,BR05,IT & Technology,Screening & Data Vendors,5510,6070,560
2024-12-01,BR05,IT & Technology,Premises,11020,11090,70
2024-12-01,BR05,IT & Technology,Outsourcing,6430,7910,1480
2024-12-01,BR05,IT & Technology,Training,1840,1970,130
2024-12-01,BR05,IT & Technology,Other,2750,3000,250
2024-12-01,BR05,Compliance,Staff,25250,28880,3630
2024-12-01,BR05,Compliance,Technology & Systems,6880,6920,40
2024-12-01,BR05,Compliance,Screening & Data Vendors,2750,2970,220
2024-12-01,BR05,Compliance,Premises,5510,6350,840
2024-12-01,BR05,Compliance,Outsourcing,3210,3940,730
2024-12-01,BR05,Compliance,Training,920,960,40
2024-12-01,BR05,Compliance,Other,1380,1550,170
2025-01-01,BR05,Retail Banking Ops,Staff,84150,102800,18650
2025-01-01,BR05,Retail Banking Ops,Technology & Systems,22950,23190,240
2025-01-01,BR05,Retail Banking Ops,Screening & Data Vendors,9180,8780,-400
2025-01-01,BR05,Retail Banking Ops,Premises,18360,18730,370
2025-01-01,BR05,Retail Banking Ops,Outsourcing,10710,12650,1940
2025-01-01,BR05,Retail Banking Ops,Training,3060,3200,140
2025-01-01,BR05,Retail Banking Ops,Other,4590,4820,230
2025-01-01,BR05,KYC & Onboarding,Staff,37870,47850,9980
2025-01-01,BR05,KYC & Onboarding,Technology & Systems,10330,11830,1500
2025-01-01,BR05,KYC & Onboarding,Screening & Data Vendors,4130,4540,410
2025-01-01,BR05,KYC & Onboarding,Premises,8260,9000,740
2025-01-01,BR05,KYC & Onboarding,Outsourcing,4820,6000,1180
2025-01-01,BR05,KYC & Onboarding,Training,1380,1530,150
2025-01-01,BR05,KYC & Onboarding,Other,2070,2420,350
2025-01-01,BR05,AML & Financial Crime,Staff,42080,54010,11930
2025-01-01,BR05,AML & Financial Crime,Technology & Systems,11480,12860,1380
2025-01-01,BR05,AML & Financial Crime,Screening & Data Vendors,4590,5010,420
2025-01-01,BR05,AML & Financial Crime,Premises,9180,10090,910
2025-01-01,BR05,AML & Financial Crime,Outsourcing,5360,7230,1870
2025-01-01,BR05,AML & Financial Crime,Training,1530,1650,120
2025-01-01,BR05,AML & Financial Crime,Other,2300,2690,390
2025-01-01,BR05,Payments Ops,Staff,29450,33710,4260
2025-01-01,BR05,Payments Ops,Technology & Systems,8030,8170,140
2025-01-01,BR05,Payments Ops,Screening & Data Vendors,3210,3530,320
2025-01-01,BR05,Payments Ops,Premises,6430,6450,20
2025-01-01,BR05,Payments Ops,Outsourcing,3750,4870,1120
2025-01-01,BR05,Payments Ops,Training,1070,1190,120
2025-01-01,BR05,Payments Ops,Other,1610,1930,320
2025-01-01,BR05,IT & Technology,Staff,50490,56170,5680
2025-01-01,BR05,IT & Technology,Technology & Systems,13770,14550,780
2025-01-01,BR05,IT & Technology,Screening & Data Vendors,5510,5610,100
2025-01-01,BR05,IT & Technology,Premises,11020,11720,700
2025-01-01,BR05,IT & Technology,Outsourcing,6430,6890,460
2025-01-01,BR05,IT & Technology,Training,1840,1990,150
2025-01-01,BR05,IT & Technology,Other,2750,3010,260
2025-01-01,BR05,Compliance,Staff,25250,31050,5800
2025-01-01,BR05,Compliance,Technology & Systems,6880,7100,220
2025-01-01,BR05,Compliance,Screening & Data Vendors,2750,2980,230
2025-01-01,BR05,Compliance,Premises,5510,5230,-280
2025-01-01,BR05,Compliance,Outsourcing,3210,3420,210
2025-01-01,BR05,Compliance,Training,920,1010,90
2025-01-01,BR05,Compliance,Other,1380,1480,100
2025-02-01,BR05,Retail Banking Ops,Staff,84150,105710,21560
2025-02-01,BR05,Retail Banking Ops,Technology & Systems,22950,23900,950
2025-02-01,BR05,Retail Banking Ops,Screening & Data Vendors,9180,9710,530
2025-02-01,BR05,Retail Banking Ops,Premises,18360,18680,320
2025-02-01,BR05,Retail Banking Ops,Outsourcing,10710,13460,2750
2025-02-01,BR05,Retail Banking Ops,Training,3060,3200,140
2025-02-01,BR05,Retail Banking Ops,Other,4590,4810,220
2025-02-01,BR05,KYC & Onboarding,Staff,37870,48940,11070
2025-02-01,BR05,KYC & Onboarding,Technology & Systems,10330,12380,2050
2025-02-01,BR05,KYC & Onboarding,Screening & Data Vendors,4130,4710,580
2025-02-01,BR05,KYC & Onboarding,Premises,8260,9510,1250
2025-02-01,BR05,KYC & Onboarding,Outsourcing,4820,7110,2290
2025-02-01,BR05,KYC & Onboarding,Training,1380,1450,70
2025-02-01,BR05,KYC & Onboarding,Other,2070,2330,260
2025-02-01,BR05,AML & Financial Crime,Staff,42080,55120,13040
2025-02-01,BR05,AML & Financial Crime,Technology & Systems,11480,13760,2280
2025-02-01,BR05,AML & Financial Crime,Screening & Data Vendors,4590,4850,260
2025-02-01,BR05,AML & Financial Crime,Premises,9180,11400,2220
2025-02-01,BR05,AML & Financial Crime,Outsourcing,5360,6600,1240
2025-02-01,BR05,AML & Financial Crime,Training,1530,1680,150
2025-02-01,BR05,AML & Financial Crime,Other,2300,2740,440
2025-02-01,BR05,Payments Ops,Staff,29450,36840,7390
2025-02-01,BR05,Payments Ops,Technology & Systems,8030,8480,450
2025-02-01,BR05,Payments Ops,Screening & Data Vendors,3210,3560,350
2025-02-01,BR05,Payments Ops,Premises,6430,6930,500
2025-02-01,BR05,Payments Ops,Outsourcing,3750,4250,500
2025-02-01,BR05,Payments Ops,Training,1070,1140,70
2025-02-01,BR05,Payments Ops,Other,1610,1590,-20
2025-02-01,BR05,IT & Technology,Staff,50490,63360,12870
2025-02-01,BR05,IT & Technology,Technology & Systems,13770,14790,1020
2025-02-01,BR05,IT & Technology,Screening & Data Vendors,5510,6250,740
2025-02-01,BR05,IT & Technology,Premises,11020,12200,1180
2025-02-01,BR05,IT & Technology,Outsourcing,6430,8230,1800
2025-02-01,BR05,IT & Technology,Training,1840,2020,180
2025-02-01,BR05,IT & Technology,Other,2750,2910,160
2025-02-01,BR05,Compliance,Staff,25250,27370,2120
2025-02-01,BR05,Compliance,Technology & Systems,6880,7320,440
2025-02-01,BR05,Compliance,Screening & Data Vendors,2750,3180,430
2025-02-01,BR05,Compliance,Premises,5510,5610,100
2025-02-01,BR05,Compliance,Outsourcing,3210,3840,630
2025-02-01,BR05,Compliance,Training,920,910,-10
2025-02-01,BR05,Compliance,Other,1380,1480,100
2025-03-01,BR05,Retail Banking Ops,Staff,84150,99720,15570
2025-03-01,BR05,Retail Banking Ops,Technology & Systems,22950,24170,1220
2025-03-01,BR05,Retail Banking Ops,Screening & Data Vendors,9180,9740,560
2025-03-01,BR05,Retail Banking Ops,Premises,18360,21100,2740
2025-03-01,BR05,Retail Banking Ops,Outsourcing,10710,12280,1570
2025-03-01,BR05,Retail Banking Ops,Training,3060,3150,90
2025-03-01,BR05,Retail Banking Ops,Other,4590,4900,310
2025-03-01,BR05,KYC & Onboarding,Staff,37870,50760,12890
2025-03-01,BR05,KYC & Onboarding,Technology & Systems,10330,12690,2360
2025-03-01,BR05,KYC & Onboarding,Screening & Data Vendors,4130,4800,670
2025-03-01,BR05,KYC & Onboarding,Premises,8260,8800,540
2025-03-01,BR05,KYC & Onboarding,Outsourcing,4820,6230,1410
2025-03-01,BR05,KYC & Onboarding,Training,1380,1550,170
2025-03-01,BR05,KYC & Onboarding,Other,2070,2360,290
2025-03-01,BR05,AML & Financial Crime,Staff,42080,54070,11990
2025-03-01,BR05,AML & Financial Crime,Technology & Systems,11480,12980,1500
2025-03-01,BR05,AML & Financial Crime,Screening & Data Vendors,4590,5370,780
2025-03-01,BR05,AML & Financial Crime,Premises,9180,10370,1190
2025-03-01,BR05,AML & Financial Crime,Outsourcing,5360,6600,1240
2025-03-01,BR05,AML & Financial Crime,Training,1530,1710,180
2025-03-01,BR05,AML & Financial Crime,Other,2300,2550,250
2025-03-01,BR05,Payments Ops,Staff,29450,35800,6350
2025-03-01,BR05,Payments Ops,Technology & Systems,8030,8960,930
2025-03-01,BR05,Payments Ops,Screening & Data Vendors,3210,3430,220
2025-03-01,BR05,Payments Ops,Premises,6430,6600,170
2025-03-01,BR05,Payments Ops,Outsourcing,3750,4090,340
2025-03-01,BR05,Payments Ops,Training,1070,1110,40
2025-03-01,BR05,Payments Ops,Other,1610,1830,220
2025-03-01,BR05,IT & Technology,Staff,50490,60570,10080
2025-03-01,BR05,IT & Technology,Technology & Systems,13770,15290,1520
2025-03-01,BR05,IT & Technology,Screening & Data Vendors,5510,5550,40
2025-03-01,BR05,IT & Technology,Premises,11020,11730,710
2025-03-01,BR05,IT & Technology,Outsourcing,6430,7470,1040
2025-03-01,BR05,IT & Technology,Training,1840,1990,150
2025-03-01,BR05,IT & Technology,Other,2750,3140,390
2025-03-01,BR05,Compliance,Staff,25250,31020,5770
2025-03-01,BR05,Compliance,Technology & Systems,6880,7720,840
2025-03-01,BR05,Compliance,Screening & Data Vendors,2750,2830,80
2025-03-01,BR05,Compliance,Premises,5510,5740,230
2025-03-01,BR05,Compliance,Outsourcing,3210,3630,420
2025-03-01,BR05,Compliance,Training,920,960,40
2025-03-01,BR05,Compliance,Other,1380,1530,150
2025-04-01,BR05,Retail Banking Ops,Staff,84150,92010,7860
2025-04-01,BR05,Retail Banking Ops,Technology & Systems,22950,26250,3300
2025-04-01,BR05,Retail Banking Ops,Screening & Data Vendors,9180,9690,510
2025-04-01,BR05,Retail Banking Ops,Premises,18360,18130,-230
2025-04-01,BR05,Retail Banking Ops,Outsourcing,10710,12930,2220
2025-04-01,BR05,Retail Banking Ops,Training,3060,3240,180
2025-04-01,BR05,Retail Banking Ops,Other,4590,5190,600
2025-04-01,BR05,KYC & Onboarding,Staff,37870,46360,8490
2025-04-01,BR05,KYC & Onboarding,Technology & Systems,10330,10820,490
2025-04-01,BR05,KYC & Onboarding,Screening & Data Vendors,4130,4460,330
2025-04-01,BR05,KYC & Onboarding,Premises,8260,9340,1080
2025-04-01,BR05,KYC & Onboarding,Outsourcing,4820,6230,1410
2025-04-01,BR05,KYC & Onboarding,Training,1380,1580,200
2025-04-01,BR05,KYC & Onboarding,Other,2070,2310,240
2025-04-01,BR05,AML & Financial Crime,Staff,42080,52520,10440
2025-04-01,BR05,AML & Financial Crime,Technology & Systems,11480,13900,2420
2025-04-01,BR05,AML & Financial Crime,Screening & Data Vendors,4590,5650,1060
2025-04-01,BR05,AML & Financial Crime,Premises,9180,10700,1520
2025-04-01,BR05,AML & Financial Crime,Outsourcing,5360,7450,2090
2025-04-01,BR05,AML & Financial Crime,Training,1530,1750,220
2025-04-01,BR05,AML & Financial Crime,Other,2300,2460,160
2025-04-01,BR05,Payments Ops,Staff,29450,33530,4080
2025-04-01,BR05,Payments Ops,Technology & Systems,8030,8200,170
2025-04-01,BR05,Payments Ops,Screening & Data Vendors,3210,3500,290
2025-04-01,BR05,Payments Ops,Premises,6430,6760,330
2025-04-01,BR05,Payments Ops,Outsourcing,3750,4220,470
2025-04-01,BR05,Payments Ops,Training,1070,1110,40
2025-04-01,BR05,Payments Ops,Other,1610,1690,80
2025-04-01,BR05,IT & Technology,Staff,50490,61640,11150
2025-04-01,BR05,IT & Technology,Technology & Systems,13770,15060,1290
2025-04-01,BR05,IT & Technology,Screening & Data Vendors,5510,6180,670
2025-04-01,BR05,IT & Technology,Premises,11020,11650,630
2025-04-01,BR05,IT & Technology,Outsourcing,6430,8530,2100
2025-04-01,BR05,IT & Technology,Training,1840,2150,310
2025-04-01,BR05,IT & Technology,Other,2750,2970,220
2025-04-01,BR05,Compliance,Staff,25250,29920,4670
2025-04-01,BR05,Compliance,Technology & Systems,6880,7860,980
2025-04-01,BR05,Compliance,Screening & Data Vendors,2750,2890,140
2025-04-01,BR05,Compliance,Premises,5510,5980,470
2025-04-01,BR05,Compliance,Outsourcing,3210,3620,410
2025-04-01,BR05,Compliance,Training,920,950,30
2025-04-01,BR05,Compliance,Other,1380,1520,140
2025-05-01,BR05,Retail Banking Ops,Staff,84150,100750,16600
2025-05-01,BR05,Retail Banking Ops,Technology & Systems,22950,25020,2070
2025-05-01,BR05,Retail Banking Ops,Screening & Data Vendors,9180,9720,540
2025-05-01,BR05,Retail Banking Ops,Premises,18360,18710,350
2025-05-01,BR05,Retail Banking Ops,Outsourcing,10710,12700,1990
2025-05-01,BR05,Retail Banking Ops,Training,3060,3470,410
2025-05-01,BR05,Retail Banking Ops,Other,4590,4930,340
2025-05-01,BR05,KYC & Onboarding,Staff,37870,48880,11010
2025-05-01,BR05,KYC & Onboarding,Technology & Systems,10330,11340,1010
2025-05-01,BR05,KYC & Onboarding,Screening & Data Vendors,4130,4990,860
2025-05-01,BR05,KYC & Onboarding,Premises,8260,9860,1600
2025-05-01,BR05,KYC & Onboarding,Outsourcing,4820,6050,1230
2025-05-01,BR05,KYC & Onboarding,Training,1380,1600,220
2025-05-01,BR05,KYC & Onboarding,Other,2070,2490,420
2025-05-01,BR05,AML & Financial Crime,Staff,42080,52380,10300
2025-05-01,BR05,AML & Financial Crime,Technology & Systems,11480,12460,980
2025-05-01,BR05,AML & Financial Crime,Screening & Data Vendors,4590,5320,730
2025-05-01,BR05,AML & Financial Crime,Premises,9180,10560,1380
2025-05-01,BR05,AML & Financial Crime,Outsourcing,5360,6910,1550
2025-05-01,BR05,AML & Financial Crime,Training,1530,1720,190
2025-05-01,BR05,AML & Financial Crime,Other,2300,2700,400
2025-05-01,BR05,Payments Ops,Staff,29450,34590,5140
2025-05-01,BR05,Payments Ops,Technology & Systems,8030,8850,820
2025-05-01,BR05,Payments Ops,Screening & Data Vendors,3210,3260,50
2025-05-01,BR05,Payments Ops,Premises,6430,6860,430
2025-05-01,BR05,Payments Ops,Outsourcing,3750,4290,540
2025-05-01,BR05,Payments Ops,Training,1070,1140,70
2025-05-01,BR05,Payments Ops,Other,1610,1720,110
2025-05-01,BR05,IT & Technology,Staff,50490,61320,10830
2025-05-01,BR05,IT & Technology,Technology & Systems,13770,14270,500
2025-05-01,BR05,IT & Technology,Screening & Data Vendors,5510,5930,420
2025-05-01,BR05,IT & Technology,Premises,11020,12390,1370
2025-05-01,BR05,IT & Technology,Outsourcing,6430,7740,1310
2025-05-01,BR05,IT & Technology,Training,1840,1950,110
2025-05-01,BR05,IT & Technology,Other,2750,2880,130
2025-05-01,BR05,Compliance,Staff,25250,30450,5200
2025-05-01,BR05,Compliance,Technology & Systems,6880,6610,-270
2025-05-01,BR05,Compliance,Screening & Data Vendors,2750,2920,170
2025-05-01,BR05,Compliance,Premises,5510,5990,480
2025-05-01,BR05,Compliance,Outsourcing,3210,3810,600
2025-05-01,BR05,Compliance,Training,920,920,0
2025-05-01,BR05,Compliance,Other,1380,1580,200
2025-06-01,BR05,Retail Banking Ops,Staff,84150,93220,9070
2025-06-01,BR05,Retail Banking Ops,Technology & Systems,22950,25530,2580
2025-06-01,BR05,Retail Banking Ops,Screening & Data Vendors,9180,10230,1050
2025-06-01,BR05,Retail Banking Ops,Premises,18360,20390,2030
2025-06-01,BR05,Retail Banking Ops,Outsourcing,10710,13280,2570
2025-06-01,BR05,Retail Banking Ops,Training,3060,3370,310
2025-06-01,BR05,Retail Banking Ops,Other,4590,5230,640
2025-06-01,BR05,KYC & Onboarding,Staff,37870,50480,12610
2025-06-01,BR05,KYC & Onboarding,Technology & Systems,10330,11820,1490
2025-06-01,BR05,KYC & Onboarding,Screening & Data Vendors,4130,5280,1150
2025-06-01,BR05,KYC & Onboarding,Premises,8260,9340,1080
2025-06-01,BR05,KYC & Onboarding,Outsourcing,4820,5970,1150
2025-06-01,BR05,KYC & Onboarding,Training,1380,1570,190
2025-06-01,BR05,KYC & Onboarding,Other,2070,2470,400
2025-06-01,BR05,AML & Financial Crime,Staff,42080,56100,14020
2025-06-01,BR05,AML & Financial Crime,Technology & Systems,11480,13120,1640
2025-06-01,BR05,AML & Financial Crime,Screening & Data Vendors,4590,5670,1080
2025-06-01,BR05,AML & Financial Crime,Premises,9180,10770,1590
2025-06-01,BR05,AML & Financial Crime,Outsourcing,5360,7020,1660
2025-06-01,BR05,AML & Financial Crime,Training,1530,1810,280
2025-06-01,BR05,AML & Financial Crime,Other,2300,2900,600
2025-06-01,BR05,Payments Ops,Staff,29450,36750,7300
2025-06-01,BR05,Payments Ops,Technology & Systems,8030,8610,580
2025-06-01,BR05,Payments Ops,Screening & Data Vendors,3210,3520,310
2025-06-01,BR05,Payments Ops,Premises,6430,6810,380
2025-06-01,BR05,Payments Ops,Outsourcing,3750,4360,610
2025-06-01,BR05,Payments Ops,Training,1070,1100,30
2025-06-01,BR05,Payments Ops,Other,1610,1750,140
2025-06-01,BR05,IT & Technology,Staff,50490,63690,13200
2025-06-01,BR05,IT & Technology,Technology & Systems,13770,13720,-50
2025-06-01,BR05,IT & Technology,Screening & Data Vendors,5510,5970,460
2025-06-01,BR05,IT & Technology,Premises,11020,10870,-150
2025-06-01,BR05,IT & Technology,Outsourcing,6430,7800,1370
2025-06-01,BR05,IT & Technology,Training,1840,2040,200
2025-06-01,BR05,IT & Technology,Other,2750,2820,70
2025-06-01,BR05,Compliance,Staff,25250,30600,5350
2025-06-01,BR05,Compliance,Technology & Systems,6880,7720,840
2025-06-01,BR05,Compliance,Screening & Data Vendors,2750,2740,-10
2025-06-01,BR05,Compliance,Premises,5510,6310,800
2025-06-01,BR05,Compliance,Outsourcing,3210,3720,510
2025-06-01,BR05,Compliance,Training,920,1010,90
2025-06-01,BR05,Compliance,Other,1380,1440,60
2025-07-01,BR05,Retail Banking Ops,Staff,84150,102090,17940
2025-07-01,BR05,Retail Banking Ops,Technology & Systems,22950,24270,1320
2025-07-01,BR05,Retail Banking Ops,Screening & Data Vendors,9180,9680,500
2025-07-01,BR05,Retail Banking Ops,Premises,18360,20250,1890
2025-07-01,BR05,Retail Banking Ops,Outsourcing,10710,12580,1870
2025-07-01,BR05,Retail Banking Ops,Training,3060,3330,270
2025-07-01,BR05,Retail Banking Ops,Other,4590,4600,10
2025-07-01,BR05,KYC & Onboarding,Staff,37870,51270,13400
2025-07-01,BR05,KYC & Onboarding,Technology & Systems,10330,12080,1750
2025-07-01,BR05,KYC & Onboarding,Screening & Data Vendors,4130,5140,1010
2025-07-01,BR05,KYC & Onboarding,Premises,8260,9090,830
2025-07-01,BR05,KYC & Onboarding,Outsourcing,4820,6200,1380
2025-07-01,BR05,KYC & Onboarding,Training,1380,1660,280
2025-07-01,BR05,KYC & Onboarding,Other,2070,2380,310
2025-07-01,BR05,AML & Financial Crime,Staff,42080,52870,10790
2025-07-01,BR05,AML & Financial Crime,Technology & Systems,11480,13100,1620
2025-07-01,BR05,AML & Financial Crime,Screening & Data Vendors,4590,5290,700
2025-07-01,BR05,AML & Financial Crime,Premises,9180,10100,920
2025-07-01,BR05,AML & Financial Crime,Outsourcing,5360,6870,1510
2025-07-01,BR05,AML & Financial Crime,Training,1530,2070,540
2025-07-01,BR05,AML & Financial Crime,Other,2300,2730,430
2025-07-01,BR05,Payments Ops,Staff,29450,35740,6290
2025-07-01,BR05,Payments Ops,Technology & Systems,8030,8560,530
2025-07-01,BR05,Payments Ops,Screening & Data Vendors,3210,3650,440
2025-07-01,BR05,Payments Ops,Premises,6430,6890,460
2025-07-01,BR05,Payments Ops,Outsourcing,3750,4380,630
2025-07-01,BR05,Payments Ops,Training,1070,1140,70
2025-07-01,BR05,Payments Ops,Other,1610,1820,210
2025-07-01,BR05,IT & Technology,Staff,50490,63220,12730
2025-07-01,BR05,IT & Technology,Technology & Systems,13770,13330,-440
2025-07-01,BR05,IT & Technology,Screening & Data Vendors,5510,5900,390
2025-07-01,BR05,IT & Technology,Premises,11020,12130,1110
2025-07-01,BR05,IT & Technology,Outsourcing,6430,7750,1320
2025-07-01,BR05,IT & Technology,Training,1840,2250,410
2025-07-01,BR05,IT & Technology,Other,2750,3030,280
2025-07-01,BR05,Compliance,Staff,25250,31500,6250
2025-07-01,BR05,Compliance,Technology & Systems,6880,6890,10
2025-07-01,BR05,Compliance,Screening & Data Vendors,2750,2750,0
2025-07-01,BR05,Compliance,Premises,5510,5690,180
2025-07-01,BR05,Compliance,Outsourcing,3210,3620,410
2025-07-01,BR05,Compliance,Training,920,1000,80
2025-07-01,BR05,Compliance,Other,1380,1420,40
2025-08-01,BR05,Retail Banking Ops,Staff,84150,92800,8650
2025-08-01,BR05,Retail Banking Ops,Technology & Systems,22950,25960,3010
2025-08-01,BR05,Retail Banking Ops,Screening & Data Vendors,9180,9940,760
2025-08-01,BR05,Retail Banking Ops,Premises,18360,19870,1510
2025-08-01,BR05,Retail Banking Ops,Outsourcing,10710,12460,1750
2025-08-01,BR05,Retail Banking Ops,Training,3060,3350,290
2025-08-01,BR05,Retail Banking Ops,Other,4590,5000,410
2025-08-01,BR05,KYC & Onboarding,Staff,37870,51900,14030
2025-08-01,BR05,KYC & Onboarding,Technology & Systems,10330,12020,1690
2025-08-01,BR05,KYC & Onboarding,Screening & Data Vendors,4130,4820,690
2025-08-01,BR05,KYC & Onboarding,Premises,8260,9550,1290
2025-08-01,BR05,KYC & Onboarding,Outsourcing,4820,6140,1320
2025-08-01,BR05,KYC & Onboarding,Training,1380,1810,430
2025-08-01,BR05,KYC & Onboarding,Other,2070,2130,60
2025-08-01,BR05,AML & Financial Crime,Staff,42080,52670,10590
2025-08-01,BR05,AML & Financial Crime,Technology & Systems,11480,13740,2260
2025-08-01,BR05,AML & Financial Crime,Screening & Data Vendors,4590,5230,640
2025-08-01,BR05,AML & Financial Crime,Premises,9180,10990,1810
2025-08-01,BR05,AML & Financial Crime,Outsourcing,5360,6610,1250
2025-08-01,BR05,AML & Financial Crime,Training,1530,1640,110
2025-08-01,BR05,AML & Financial Crime,Other,2300,2680,380
2025-08-01,BR05,Payments Ops,Staff,29450,37350,7900
2025-08-01,BR05,Payments Ops,Technology & Systems,8030,8730,700
2025-08-01,BR05,Payments Ops,Screening & Data Vendors,3210,3590,380
2025-08-01,BR05,Payments Ops,Premises,6430,7360,930
2025-08-01,BR05,Payments Ops,Outsourcing,3750,4670,920
2025-08-01,BR05,Payments Ops,Training,1070,1100,30
2025-08-01,BR05,Payments Ops,Other,1610,1690,80
2025-08-01,BR05,IT & Technology,Staff,50490,57320,6830
2025-08-01,BR05,IT & Technology,Technology & Systems,13770,14520,750
2025-08-01,BR05,IT & Technology,Screening & Data Vendors,5510,5690,180
2025-08-01,BR05,IT & Technology,Premises,11020,12000,980
2025-08-01,BR05,IT & Technology,Outsourcing,6430,7320,890
2025-08-01,BR05,IT & Technology,Training,1840,1930,90
2025-08-01,BR05,IT & Technology,Other,2750,3110,360
2025-08-01,BR05,Compliance,Staff,25250,31940,6690
2025-08-01,BR05,Compliance,Technology & Systems,6880,7610,730
2025-08-01,BR05,Compliance,Screening & Data Vendors,2750,2780,30
2025-08-01,BR05,Compliance,Premises,5510,6850,1340
2025-08-01,BR05,Compliance,Outsourcing,3210,3790,580
2025-08-01,BR05,Compliance,Training,920,1000,80
2025-08-01,BR05,Compliance,Other,1380,1450,70
2025-09-01,BR05,Retail Banking Ops,Staff,84150,100860,16710
2025-09-01,BR05,Retail Banking Ops,Technology & Systems,22950,21580,-1370
2025-09-01,BR05,Retail Banking Ops,Screening & Data Vendors,9180,10120,940
2025-09-01,BR05,Retail Banking Ops,Premises,18360,18750,390
2025-09-01,BR05,Retail Banking Ops,Outsourcing,10710,13790,3080
2025-09-01,BR05,Retail Banking Ops,Training,3060,3380,320
2025-09-01,BR05,Retail Banking Ops,Other,4590,5350,760
2025-09-01,BR05,KYC & Onboarding,Staff,37870,49590,11720
2025-09-01,BR05,KYC & Onboarding,Technology & Systems,10330,11880,1550
2025-09-01,BR05,KYC & Onboarding,Screening & Data Vendors,4130,5230,1100
2025-09-01,BR05,KYC & Onboarding,Premises,8260,10210,1950
2025-09-01,BR05,KYC & Onboarding,Outsourcing,4820,6740,1920
2025-09-01,BR05,KYC & Onboarding,Training,1380,1650,270
2025-09-01,BR05,KYC & Onboarding,Other,2070,2350,280
2025-09-01,BR05,AML & Financial Crime,Staff,42080,54280,12200
2025-09-01,BR05,AML & Financial Crime,Technology & Systems,11480,14430,2950
2025-09-01,BR05,AML & Financial Crime,Screening & Data Vendors,4590,5700,1110
2025-09-01,BR05,AML & Financial Crime,Premises,9180,11410,2230
2025-09-01,BR05,AML & Financial Crime,Outsourcing,5360,7090,1730
2025-09-01,BR05,AML & Financial Crime,Training,1530,1730,200
2025-09-01,BR05,AML & Financial Crime,Other,2300,2700,400
2025-09-01,BR05,Payments Ops,Staff,29450,34320,4870
2025-09-01,BR05,Payments Ops,Technology & Systems,8030,9410,1380
2025-09-01,BR05,Payments Ops,Screening & Data Vendors,3210,3680,470
2025-09-01,BR05,Payments Ops,Premises,6430,6760,330
2025-09-01,BR05,Payments Ops,Outsourcing,3750,5030,1280
2025-09-01,BR05,Payments Ops,Training,1070,1180,110
2025-09-01,BR05,Payments Ops,Other,1610,1730,120
2025-09-01,BR05,IT & Technology,Staff,50490,60240,9750
2025-09-01,BR05,IT & Technology,Technology & Systems,13770,15620,1850
2025-09-01,BR05,IT & Technology,Screening & Data Vendors,5510,5800,290
2025-09-01,BR05,IT & Technology,Premises,11020,12620,1600
2025-09-01,BR05,IT & Technology,Outsourcing,6430,7640,1210
2025-09-01,BR05,IT & Technology,Training,1840,2040,200
2025-09-01,BR05,IT & Technology,Other,2750,3120,370
2025-09-01,BR05,Compliance,Staff,25250,29470,4220
2025-09-01,BR05,Compliance,Technology & Systems,6880,7640,760
2025-09-01,BR05,Compliance,Screening & Data Vendors,2750,3170,420
2025-09-01,BR05,Compliance,Premises,5510,5660,150
2025-09-01,BR05,Compliance,Outsourcing,3210,3910,700
2025-09-01,BR05,Compliance,Training,920,1070,150
2025-09-01,BR05,Compliance,Other,1380,1530,150
2025-10-01,BR05,Retail Banking Ops,Staff,84150,102740,18590
2025-10-01,BR05,Retail Banking Ops,Technology & Systems,22950,26090,3140
2025-10-01,BR05,Retail Banking Ops,Screening & Data Vendors,9180,10860,1680
2025-10-01,BR05,Retail Banking Ops,Premises,18360,20680,2320
2025-10-01,BR05,Retail Banking Ops,Outsourcing,10710,14160,3450
2025-10-01,BR05,Retail Banking Ops,Training,3060,3330,270
2025-10-01,BR05,Retail Banking Ops,Other,4590,5300,710
2025-10-01,BR05,KYC & Onboarding,Staff,37870,50000,12130
2025-10-01,BR05,KYC & Onboarding,Technology & Systems,10330,13790,3460
2025-10-01,BR05,KYC & Onboarding,Screening & Data Vendors,4130,5080,950
2025-10-01,BR05,KYC & Onboarding,Premises,8260,10180,1920
2025-10-01,BR05,KYC & Onboarding,Outsourcing,4820,7070,2250
2025-10-01,BR05,KYC & Onboarding,Training,1380,1700,320
2025-10-01,BR05,KYC & Onboarding,Other,2070,2500,430
2025-10-01,BR05,AML & Financial Crime,Staff,42080,56070,13990
2025-10-01,BR05,AML & Financial Crime,Technology & Systems,11480,14320,2840
2025-10-01,BR05,AML & Financial Crime,Screening & Data Vendors,4590,5550,960
2025-10-01,BR05,AML & Financial Crime,Premises,9180,11070,1890
2025-10-01,BR05,AML & Financial Crime,Outsourcing,5360,7710,2350
2025-10-01,BR05,AML & Financial Crime,Training,1530,1950,420
2025-10-01,BR05,AML & Financial Crime,Other,2300,2660,360
2025-10-01,BR05,Payments Ops,Staff,29450,34090,4640
2025-10-01,BR05,Payments Ops,Technology & Systems,8030,7900,-130
2025-10-01,BR05,Payments Ops,Screening & Data Vendors,3210,3250,40
2025-10-01,BR05,Payments Ops,Premises,6430,7720,1290
2025-10-01,BR05,Payments Ops,Outsourcing,3750,4520,770
2025-10-01,BR05,Payments Ops,Training,1070,1210,140
2025-10-01,BR05,Payments Ops,Other,1610,1750,140
2025-10-01,BR05,IT & Technology,Staff,50490,64270,13780
2025-10-01,BR05,IT & Technology,Technology & Systems,13770,15680,1910
2025-10-01,BR05,IT & Technology,Screening & Data Vendors,5510,5450,-60
2025-10-01,BR05,IT & Technology,Premises,11020,11970,950
2025-10-01,BR05,IT & Technology,Outsourcing,6430,7880,1450
2025-10-01,BR05,IT & Technology,Training,1840,2050,210
2025-10-01,BR05,IT & Technology,Other,2750,2920,170
2025-10-01,BR05,Compliance,Staff,25250,31310,6060
2025-10-01,BR05,Compliance,Technology & Systems,6880,7320,440
2025-10-01,BR05,Compliance,Screening & Data Vendors,2750,2860,110
2025-10-01,BR05,Compliance,Premises,5510,5900,390
2025-10-01,BR05,Compliance,Outsourcing,3210,3720,510
2025-10-01,BR05,Compliance,Training,920,1050,130
2025-10-01,BR05,Compliance,Other,1380,1490,110
2025-11-01,BR05,Retail Banking Ops,Staff,84150,98430,14280
2025-11-01,BR05,Retail Banking Ops,Technology & Systems,22950,25020,2070
2025-11-01,BR05,Retail Banking Ops,Screening & Data Vendors,9180,10050,870
2025-11-01,BR05,Retail Banking Ops,Premises,18360,19000,640
2025-11-01,BR05,Retail Banking Ops,Outsourcing,10710,13630,2920
2025-11-01,BR05,Retail Banking Ops,Training,3060,3320,260
2025-11-01,BR05,Retail Banking Ops,Other,4590,5130,540
2025-11-01,BR05,KYC & Onboarding,Staff,37870,51280,13410
2025-11-01,BR05,KYC & Onboarding,Technology & Systems,10330,12170,1840
2025-11-01,BR05,KYC & Onboarding,Screening & Data Vendors,4130,4810,680
2025-11-01,BR05,KYC & Onboarding,Premises,8260,10580,2320
2025-11-01,BR05,KYC & Onboarding,Outsourcing,4820,6940,2120
2025-11-01,BR05,KYC & Onboarding,Training,1380,1640,260
2025-11-01,BR05,KYC & Onboarding,Other,2070,2450,380
2025-11-01,BR05,AML & Financial Crime,Staff,42080,53810,11730
2025-11-01,BR05,AML & Financial Crime,Technology & Systems,11480,14710,3230
2025-11-01,BR05,AML & Financial Crime,Screening & Data Vendors,4590,5760,1170
2025-11-01,BR05,AML & Financial Crime,Premises,9180,10700,1520
2025-11-01,BR05,AML & Financial Crime,Outsourcing,5360,8100,2740
2025-11-01,BR05,AML & Financial Crime,Training,1530,1920,390
2025-11-01,BR05,AML & Financial Crime,Other,2300,2760,460
2025-11-01,BR05,Payments Ops,Staff,29450,37380,7930
2025-11-01,BR05,Payments Ops,Technology & Systems,8030,8710,680
2025-11-01,BR05,Payments Ops,Screening & Data Vendors,3210,3280,70
2025-11-01,BR05,Payments Ops,Premises,6430,6720,290
2025-11-01,BR05,Payments Ops,Outsourcing,3750,4620,870
2025-11-01,BR05,Payments Ops,Training,1070,1180,110
2025-11-01,BR05,Payments Ops,Other,1610,1730,120
2025-11-01,BR05,IT & Technology,Staff,50490,64750,14260
2025-11-01,BR05,IT & Technology,Technology & Systems,13770,14090,320
2025-11-01,BR05,IT & Technology,Screening & Data Vendors,5510,5970,460
2025-11-01,BR05,IT & Technology,Premises,11020,11790,770
2025-11-01,BR05,IT & Technology,Outsourcing,6430,8330,1900
2025-11-01,BR05,IT & Technology,Training,1840,1950,110
2025-11-01,BR05,IT & Technology,Other,2750,3120,370
2025-11-01,BR05,Compliance,Staff,25250,33140,7890
2025-11-01,BR05,Compliance,Technology & Systems,6880,7580,700
2025-11-01,BR05,Compliance,Screening & Data Vendors,2750,3130,380
2025-11-01,BR05,Compliance,Premises,5510,6260,750
2025-11-01,BR05,Compliance,Outsourcing,3210,4100,890
2025-11-01,BR05,Compliance,Training,920,950,30
2025-11-01,BR05,Compliance,Other,1380,1510,130
2025-12-01,BR05,Retail Banking Ops,Staff,84150,97780,13630
2025-12-01,BR05,Retail Banking Ops,Technology & Systems,22950,26500,3550
2025-12-01,BR05,Retail Banking Ops,Screening & Data Vendors,9180,9210,30
2025-12-01,BR05,Retail Banking Ops,Premises,18360,20640,2280
2025-12-01,BR05,Retail Banking Ops,Outsourcing,10710,13070,2360
2025-12-01,BR05,Retail Banking Ops,Training,3060,3300,240
2025-12-01,BR05,Retail Banking Ops,Other,4590,4580,-10
2025-12-01,BR05,KYC & Onboarding,Staff,37870,52390,14520
2025-12-01,BR05,KYC & Onboarding,Technology & Systems,10330,11940,1610
2025-12-01,BR05,KYC & Onboarding,Screening & Data Vendors,4130,5030,900
2025-12-01,BR05,KYC & Onboarding,Premises,8260,10300,2040
2025-12-01,BR05,KYC & Onboarding,Outsourcing,4820,6710,1890
2025-12-01,BR05,KYC & Onboarding,Training,1380,1680,300
2025-12-01,BR05,KYC & Onboarding,Other,2070,2410,340
2025-12-01,BR05,AML & Financial Crime,Staff,42080,57840,15760
2025-12-01,BR05,AML & Financial Crime,Technology & Systems,11480,15370,3890
2025-12-01,BR05,AML & Financial Crime,Screening & Data Vendors,4590,5470,880
2025-12-01,BR05,AML & Financial Crime,Premises,9180,11330,2150
2025-12-01,BR05,AML & Financial Crime,Outsourcing,5360,7780,2420
2025-12-01,BR05,AML & Financial Crime,Training,1530,1920,390
2025-12-01,BR05,AML & Financial Crime,Other,2300,2810,510
2025-12-01,BR05,Payments Ops,Staff,29450,32670,3220
2025-12-01,BR05,Payments Ops,Technology & Systems,8030,8500,470
2025-12-01,BR05,Payments Ops,Screening & Data Vendors,3210,3530,320
2025-12-01,BR05,Payments Ops,Premises,6430,7020,590
2025-12-01,BR05,Payments Ops,Outsourcing,3750,4720,970
2025-12-01,BR05,Payments Ops,Training,1070,1060,-10
2025-12-01,BR05,Payments Ops,Other,1610,1620,10
2025-12-01,BR05,IT & Technology,Staff,50490,62770,12280
2025-12-01,BR05,IT & Technology,Technology & Systems,13770,13980,210
2025-12-01,BR05,IT & Technology,Screening & Data Vendors,5510,5720,210
2025-12-01,BR05,IT & Technology,Premises,11020,11820,800
2025-12-01,BR05,IT & Technology,Outsourcing,6430,7870,1440
2025-12-01,BR05,IT & Technology,Training,1840,2040,200
2025-12-01,BR05,IT & Technology,Other,2750,3430,680
2025-12-01,BR05,Compliance,Staff,25250,31660,6410
2025-12-01,BR05,Compliance,Technology & Systems,6880,7540,660
2025-12-01,BR05,Compliance,Screening & Data Vendors,2750,2960,210
2025-12-01,BR05,Compliance,Premises,5510,6380,870
2025-12-01,BR05,Compliance,Outsourcing,3210,3620,410
2025-12-01,BR05,Compliance,Training,920,970,50
2025-12-01,BR05,Compliance,Other,1380,1470,90
2024-01-01,BR06,Retail Banking Ops,Staff,89100,89260,160
2024-01-01,BR06,Retail Banking Ops,Technology & Systems,24300,24280,-20
2024-01-01,BR06,Retail Banking Ops,Screening & Data Vendors,9720,9600,-120
2024-01-01,BR06,Retail Banking Ops,Premises,19440,19580,140
2024-01-01,BR06,Retail Banking Ops,Outsourcing,11340,11750,410
2024-01-01,BR06,Retail Banking Ops,Training,3240,3000,-240
2024-01-01,BR06,Retail Banking Ops,Other,4860,5120,260
2024-01-01,BR06,KYC & Onboarding,Staff,40100,36970,-3130
2024-01-01,BR06,KYC & Onboarding,Technology & Systems,10940,10410,-530
2024-01-01,BR06,KYC & Onboarding,Screening & Data Vendors,4370,4410,40
2024-01-01,BR06,KYC & Onboarding,Premises,8750,8610,-140
2024-01-01,BR06,KYC & Onboarding,Outsourcing,5100,5270,170
2024-01-01,BR06,KYC & Onboarding,Training,1460,1560,100
2024-01-01,BR06,KYC & Onboarding,Other,2190,2040,-150
2024-01-01,BR06,AML & Financial Crime,Staff,44550,43980,-570
2024-01-01,BR06,AML & Financial Crime,Technology & Systems,12150,10800,-1350
2024-01-01,BR06,AML & Financial Crime,Screening & Data Vendors,4860,4890,30
2024-01-01,BR06,AML & Financial Crime,Premises,9720,9970,250
2024-01-01,BR06,AML & Financial Crime,Outsourcing,5670,5530,-140
2024-01-01,BR06,AML & Financial Crime,Training,1620,1670,50
2024-01-01,BR06,AML & Financial Crime,Other,2430,2490,60
2024-01-01,BR06,Payments Ops,Staff,31190,30410,-780
2024-01-01,BR06,Payments Ops,Technology & Systems,8500,8710,210
2024-01-01,BR06,Payments Ops,Screening & Data Vendors,3400,3230,-170
2024-01-01,BR06,Payments Ops,Premises,6800,6710,-90
2024-01-01,BR06,Payments Ops,Outsourcing,3970,4050,80
2024-01-01,BR06,Payments Ops,Training,1130,1150,20
2024-01-01,BR06,Payments Ops,Other,1700,1710,10
2024-01-01,BR06,IT & Technology,Staff,53460,54220,760
2024-01-01,BR06,IT & Technology,Technology & Systems,14580,14380,-200
2024-01-01,BR06,IT & Technology,Screening & Data Vendors,5830,5870,40
2024-01-01,BR06,IT & Technology,Premises,11660,11290,-370
2024-01-01,BR06,IT & Technology,Outsourcing,6800,6990,190
2024-01-01,BR06,IT & Technology,Training,1940,2030,90
2024-01-01,BR06,IT & Technology,Other,2920,2860,-60
2024-01-01,BR06,Compliance,Staff,26730,26780,50
2024-01-01,BR06,Compliance,Technology & Systems,7290,7030,-260
2024-01-01,BR06,Compliance,Screening & Data Vendors,2920,3050,130
2024-01-01,BR06,Compliance,Premises,5830,6190,360
2024-01-01,BR06,Compliance,Outsourcing,3400,3530,130
2024-01-01,BR06,Compliance,Training,970,1040,70
2024-01-01,BR06,Compliance,Other,1460,1570,110
2024-02-01,BR06,Retail Banking Ops,Staff,89100,93410,4310
2024-02-01,BR06,Retail Banking Ops,Technology & Systems,24300,27040,2740
2024-02-01,BR06,Retail Banking Ops,Screening & Data Vendors,9720,10000,280
2024-02-01,BR06,Retail Banking Ops,Premises,19440,18560,-880
2024-02-01,BR06,Retail Banking Ops,Outsourcing,11340,11570,230
2024-02-01,BR06,Retail Banking Ops,Training,3240,3350,110
2024-02-01,BR06,Retail Banking Ops,Other,4860,4540,-320
2024-02-01,BR06,KYC & Onboarding,Staff,40100,44920,4820
2024-02-01,BR06,KYC & Onboarding,Technology & Systems,10940,11480,540
2024-02-01,BR06,KYC & Onboarding,Screening & Data Vendors,4370,4410,40
2024-02-01,BR06,KYC & Onboarding,Premises,8750,9270,520
2024-02-01,BR06,KYC & Onboarding,Outsourcing,5100,5260,160
2024-02-01,BR06,KYC & Onboarding,Training,1460,1520,60
2024-02-01,BR06,KYC & Onboarding,Other,2190,2330,140
2024-02-01,BR06,AML & Financial Crime,Staff,44550,47170,2620
2024-02-01,BR06,AML & Financial Crime,Technology & Systems,12150,13010,860
2024-02-01,BR06,AML & Financial Crime,Screening & Data Vendors,4860,5100,240
2024-02-01,BR06,AML & Financial Crime,Premises,9720,10040,320
2024-02-01,BR06,AML & Financial Crime,Outsourcing,5670,5600,-70
2024-02-01,BR06,AML & Financial Crime,Training,1620,1680,60
2024-02-01,BR06,AML & Financial Crime,Other,2430,2420,-10
2024-02-01,BR06,Payments Ops,Staff,31190,31200,10
2024-02-01,BR06,Payments Ops,Technology & Systems,8500,8800,300
2024-02-01,BR06,Payments Ops,Screening & Data Vendors,3400,3380,-20
2024-02-01,BR06,Payments Ops,Premises,6800,6590,-210
2024-02-01,BR06,Payments Ops,Outsourcing,3970,4220,250
2024-02-01,BR06,Payments Ops,Training,1130,1190,60
2024-02-01,BR06,Payments Ops,Other,1700,1610,-90
2024-02-01,BR06,IT & Technology,Staff,53460,53150,-310
2024-02-01,BR06,IT & Technology,Technology & Systems,14580,14360,-220
2024-02-01,BR06,IT & Technology,Screening & Data Vendors,5830,5540,-290
2024-02-01,BR06,IT & Technology,Premises,11660,11440,-220
2024-02-01,BR06,IT & Technology,Outsourcing,6800,6740,-60
2024-02-01,BR06,IT & Technology,Training,1940,1900,-40
2024-02-01,BR06,IT & Technology,Other,2920,2840,-80
2024-02-01,BR06,Compliance,Staff,26730,27830,1100
2024-02-01,BR06,Compliance,Technology & Systems,7290,6940,-350
2024-02-01,BR06,Compliance,Screening & Data Vendors,2920,2980,60
2024-02-01,BR06,Compliance,Premises,5830,6130,300
2024-02-01,BR06,Compliance,Outsourcing,3400,3450,50
2024-02-01,BR06,Compliance,Training,970,980,10
2024-02-01,BR06,Compliance,Other,1460,1410,-50
2024-03-01,BR06,Retail Banking Ops,Staff,89100,92450,3350
2024-03-01,BR06,Retail Banking Ops,Technology & Systems,24300,22520,-1780
2024-03-01,BR06,Retail Banking Ops,Screening & Data Vendors,9720,10060,340
2024-03-01,BR06,Retail Banking Ops,Premises,19440,20010,570
2024-03-01,BR06,Retail Banking Ops,Outsourcing,11340,11200,-140
2024-03-01,BR06,Retail Banking Ops,Training,3240,3130,-110
2024-03-01,BR06,Retail Banking Ops,Other,4860,4630,-230
2024-03-01,BR06,KYC & Onboarding,Staff,40100,45480,5380
2024-03-01,BR06,KYC & Onboarding,Technology & Systems,10940,10570,-370
2024-03-01,BR06,KYC & Onboarding,Screening & Data Vendors,4370,4310,-60
2024-03-01,BR06,KYC & Onboarding,Premises,8750,8660,-90
2024-03-01,BR06,KYC & Onboarding,Outsourcing,5100,5400,300
2024-03-01,BR06,KYC & Onboarding,Training,1460,1490,30
2024-03-01,BR06,KYC & Onboarding,Other,2190,2250,60
2024-03-01,BR06,AML & Financial Crime,Staff,44550,45880,1330
2024-03-01,BR06,AML & Financial Crime,Technology & Systems,12150,12190,40
2024-03-01,BR06,AML & Financial Crime,Screening & Data Vendors,4860,5410,550
2024-03-01,BR06,AML & Financial Crime,Premises,9720,11010,1290
2024-03-01,BR06,AML & Financial Crime,Outsourcing,5670,6430,760
2024-03-01,BR06,AML & Financial Crime,Training,1620,1610,-10
2024-03-01,BR06,AML & Financial Crime,Other,2430,2430,0
2024-03-01,BR06,Payments Ops,Staff,31190,30360,-830
2024-03-01,BR06,Payments Ops,Technology & Systems,8500,8700,200
2024-03-01,BR06,Payments Ops,Screening & Data Vendors,3400,3500,100
2024-03-01,BR06,Payments Ops,Premises,6800,6370,-430
2024-03-01,BR06,Payments Ops,Outsourcing,3970,3980,10
2024-03-01,BR06,Payments Ops,Training,1130,1200,70
2024-03-01,BR06,Payments Ops,Other,1700,1810,110
2024-03-01,BR06,IT & Technology,Staff,53460,52370,-1090
2024-03-01,BR06,IT & Technology,Technology & Systems,14580,14160,-420
2024-03-01,BR06,IT & Technology,Screening & Data Vendors,5830,5920,90
2024-03-01,BR06,IT & Technology,Premises,11660,11610,-50
2024-03-01,BR06,IT & Technology,Outsourcing,6800,7240,440
2024-03-01,BR06,IT & Technology,Training,1940,2060,120
2024-03-01,BR06,IT & Technology,Other,2920,3160,240
2024-03-01,BR06,Compliance,Staff,26730,25630,-1100
2024-03-01,BR06,Compliance,Technology & Systems,7290,7100,-190
2024-03-01,BR06,Compliance,Screening & Data Vendors,2920,2950,30
2024-03-01,BR06,Compliance,Premises,5830,5320,-510
2024-03-01,BR06,Compliance,Outsourcing,3400,3550,150
2024-03-01,BR06,Compliance,Training,970,1000,30
2024-03-01,BR06,Compliance,Other,1460,1580,120
2024-04-01,BR06,Retail Banking Ops,Staff,89100,94560,5460
2024-04-01,BR06,Retail Banking Ops,Technology & Systems,24300,25510,1210
2024-04-01,BR06,Retail Banking Ops,Screening & Data Vendors,9720,9870,150
2024-04-01,BR06,Retail Banking Ops,Premises,19440,20270,830
2024-04-01,BR06,Retail Banking Ops,Outsourcing,11340,12650,1310
2024-04-01,BR06,Retail Banking Ops,Training,3240,3340,100
2024-04-01,BR06,Retail Banking Ops,Other,4860,4800,-60
2024-04-01,BR06,KYC & Onboarding,Staff,40100,41960,1860
2024-04-01,BR06,KYC & Onboarding,Technology & Systems,10940,11960,1020
2024-04-01,BR06,KYC & Onboarding,Screening & Data Vendors,4370,4730,360
2024-04-01,BR06,KYC & Onboarding,Premises,8750,9450,700
2024-04-01,BR06,KYC & Onboarding,Outsourcing,5100,5390,290
2024-04-01,BR06,KYC & Onboarding,Training,1460,1540,80
2024-04-01,BR06,KYC & Onboarding,Other,2190,2430,240
2024-04-01,BR06,AML & Financial Crime,Staff,44550,45750,1200
2024-04-01,BR06,AML & Financial Crime,Technology & Systems,12150,12300,150
2024-04-01,BR06,AML & Financial Crime,Screening & Data Vendors,4860,4920,60
2024-04-01,BR06,AML & Financial Crime,Premises,9720,10320,600
2024-04-01,BR06,AML & Financial Crime,Outsourcing,5670,5640,-30
2024-04-01,BR06,AML & Financial Crime,Training,1620,1690,70
2024-04-01,BR06,AML & Financial Crime,Other,2430,2440,10
2024-04-01,BR06,Payments Ops,Staff,31190,32110,920
2024-04-01,BR06,Payments Ops,Technology & Systems,8500,7890,-610
2024-04-01,BR06,Payments Ops,Screening & Data Vendors,3400,3380,-20
2024-04-01,BR06,Payments Ops,Premises,6800,7110,310
2024-04-01,BR06,Payments Ops,Outsourcing,3970,4270,300
2024-04-01,BR06,Payments Ops,Training,1130,1170,40
2024-04-01,BR06,Payments Ops,Other,1700,1610,-90
2024-04-01,BR06,IT & Technology,Staff,53460,51860,-1600
2024-04-01,BR06,IT & Technology,Technology & Systems,14580,15160,580
2024-04-01,BR06,IT & Technology,Screening & Data Vendors,5830,5980,150
2024-04-01,BR06,IT & Technology,Premises,11660,12600,940
2024-04-01,BR06,IT & Technology,Outsourcing,6800,7570,770
2024-04-01,BR06,IT & Technology,Training,1940,2010,70
2024-04-01,BR06,IT & Technology,Other,2920,2830,-90
2024-04-01,BR06,Compliance,Staff,26730,28950,2220
2024-04-01,BR06,Compliance,Technology & Systems,7290,6950,-340
2024-04-01,BR06,Compliance,Screening & Data Vendors,2920,2900,-20
2024-04-01,BR06,Compliance,Premises,5830,5970,140
2024-04-01,BR06,Compliance,Outsourcing,3400,3460,60
2024-04-01,BR06,Compliance,Training,970,1000,30
2024-04-01,BR06,Compliance,Other,1460,1510,50
2024-05-01,BR06,Retail Banking Ops,Staff,89100,89960,860
2024-05-01,BR06,Retail Banking Ops,Technology & Systems,24300,24190,-110
2024-05-01,BR06,Retail Banking Ops,Screening & Data Vendors,9720,9380,-340
2024-05-01,BR06,Retail Banking Ops,Premises,19440,21650,2210
2024-05-01,BR06,Retail Banking Ops,Outsourcing,11340,11260,-80
2024-05-01,BR06,Retail Banking Ops,Training,3240,3190,-50
2024-05-01,BR06,Retail Banking Ops,Other,4860,4700,-160
2024-05-01,BR06,KYC & Onboarding,Staff,40100,39190,-910
2024-05-01,BR06,KYC & Onboarding,Technology & Systems,10940,11870,930
2024-05-01,BR06,KYC & Onboarding,Screening & Data Vendors,4370,4870,500
2024-05-01,BR06,KYC & Onboarding,Premises,8750,9170,420
2024-05-01,BR06,KYC & Onboarding,Outsourcing,5100,5500,400
2024-05-01,BR06,KYC & Onboarding,Training,1460,1520,60
2024-05-01,BR06,KYC & Onboarding,Other,2190,2260,70
2024-05-01,BR06,AML & Financial Crime,Staff,44550,45210,660
2024-05-01,BR06,AML & Financial Crime,Technology & Systems,12150,11910,-240
2024-05-01,BR06,AML & Financial Crime,Screening & Data Vendors,4860,4920,60
2024-05-01,BR06,AML & Financial Crime,Premises,9720,10720,1000
2024-05-01,BR06,AML & Financial Crime,Outsourcing,5670,5990,320
2024-05-01,BR06,AML & Financial Crime,Training,1620,1620,0
2024-05-01,BR06,AML & Financial Crime,Other,2430,2480,50
2024-05-01,BR06,Payments Ops,Staff,31190,31240,50
2024-05-01,BR06,Payments Ops,Technology & Systems,8500,8910,410
2024-05-01,BR06,Payments Ops,Screening & Data Vendors,3400,3520,120
2024-05-01,BR06,Payments Ops,Premises,6800,6490,-310
2024-05-01,BR06,Payments Ops,Outsourcing,3970,4140,170
2024-05-01,BR06,Payments Ops,Training,1130,1160,30
2024-05-01,BR06,Payments Ops,Other,1700,1800,100
2024-05-01,BR06,IT & Technology,Staff,53460,59350,5890
2024-05-01,BR06,IT & Technology,Technology & Systems,14580,14810,230
2024-05-01,BR06,IT & Technology,Screening & Data Vendors,5830,6450,620
2024-05-01,BR06,IT & Technology,Premises,11660,12330,670
2024-05-01,BR06,IT & Technology,Outsourcing,6800,6330,-470
2024-05-01,BR06,IT & Technology,Training,1940,2200,260
2024-05-01,BR06,IT & Technology,Other,2920,3030,110
2024-05-01,BR06,Compliance,Staff,26730,27230,500
2024-05-01,BR06,Compliance,Technology & Systems,7290,7310,20
2024-05-01,BR06,Compliance,Screening & Data Vendors,2920,3140,220
2024-05-01,BR06,Compliance,Premises,5830,5980,150
2024-05-01,BR06,Compliance,Outsourcing,3400,3620,220
2024-05-01,BR06,Compliance,Training,970,950,-20
2024-05-01,BR06,Compliance,Other,1460,1580,120
2024-06-01,BR06,Retail Banking Ops,Staff,89100,91370,2270
2024-06-01,BR06,Retail Banking Ops,Technology & Systems,24300,22640,-1660
2024-06-01,BR06,Retail Banking Ops,Screening & Data Vendors,9720,9990,270
2024-06-01,BR06,Retail Banking Ops,Premises,19440,17870,-1570
2024-06-01,BR06,Retail Banking Ops,Outsourcing,11340,11740,400
2024-06-01,BR06,Retail Banking Ops,Training,3240,3440,200
2024-06-01,BR06,Retail Banking Ops,Other,4860,4870,10
2024-06-01,BR06,KYC & Onboarding,Staff,40100,41920,1820
2024-06-01,BR06,KYC & Onboarding,Technology & Systems,10940,11340,400
2024-06-01,BR06,KYC & Onboarding,Screening & Data Vendors,4370,4460,90
2024-06-01,BR06,KYC & Onboarding,Premises,8750,9980,1230
2024-06-01,BR06,KYC & Onboarding,Outsourcing,5100,5410,310
2024-06-01,BR06,KYC & Onboarding,Training,1460,1420,-40
2024-06-01,BR06,KYC & Onboarding,Other,2190,2390,200
2024-06-01,BR06,AML & Financial Crime,Staff,44550,44260,-290
2024-06-01,BR06,AML & Financial Crime,Technology & Systems,12150,13060,910
2024-06-01,BR06,AML & Financial Crime,Screening & Data Vendors,4860,5160,300
2024-06-01,BR06,AML & Financial Crime,Premises,9720,10220,500
2024-06-01,BR06,AML & Financial Crime,Outsourcing,5670,5860,190
2024-06-01,BR06,AML & Financial Crime,Training,1620,1780,160
2024-06-01,BR06,AML & Financial Crime,Other,2430,2420,-10
2024-06-01,BR06,Payments Ops,Staff,31190,31440,250
2024-06-01,BR06,Payments Ops,Technology & Systems,8500,9130,630
2024-06-01,BR06,Payments Ops,Screening & Data Vendors,3400,3320,-80
2024-06-01,BR06,Payments Ops,Premises,6800,7350,550
2024-06-01,BR06,Payments Ops,Outsourcing,3970,3790,-180
2024-06-01,BR06,Payments Ops,Training,1130,1130,0
2024-06-01,BR06,Payments Ops,Other,1700,1690,-10
2024-06-01,BR06,IT & Technology,Staff,53460,56380,2920
2024-06-01,BR06,IT & Technology,Technology & Systems,14580,13430,-1150
2024-06-01,BR06,IT & Technology,Screening & Data Vendors,5830,5430,-400
2024-06-01,BR06,IT & Technology,Premises,11660,12590,930
2024-06-01,BR06,IT & Technology,Outsourcing,6800,6590,-210
2024-06-01,BR06,IT & Technology,Training,1940,1850,-90
2024-06-01,BR06,IT & Technology,Other,2920,2910,-10
2024-06-01,BR06,Compliance,Staff,26730,24910,-1820
2024-06-01,BR06,Compliance,Technology & Systems,7290,6780,-510
2024-06-01,BR06,Compliance,Screening & Data Vendors,2920,3180,260
2024-06-01,BR06,Compliance,Premises,5830,6430,600
2024-06-01,BR06,Compliance,Outsourcing,3400,3600,200
2024-06-01,BR06,Compliance,Training,970,1050,80
2024-06-01,BR06,Compliance,Other,1460,1430,-30
2024-07-01,BR06,Retail Banking Ops,Staff,89100,99250,10150
2024-07-01,BR06,Retail Banking Ops,Technology & Systems,24300,23040,-1260
2024-07-01,BR06,Retail Banking Ops,Screening & Data Vendors,9720,9300,-420
2024-07-01,BR06,Retail Banking Ops,Premises,19440,22150,2710
2024-07-01,BR06,Retail Banking Ops,Outsourcing,11340,11800,460
2024-07-01,BR06,Retail Banking Ops,Training,3240,3530,290
2024-07-01,BR06,Retail Banking Ops,Other,4860,5430,570
2024-07-01,BR06,KYC & Onboarding,Staff,40100,43230,3130
2024-07-01,BR06,KYC & Onboarding,Technology & Systems,10940,10760,-180
2024-07-01,BR06,KYC & Onboarding,Screening & Data Vendors,4370,4810,440
2024-07-01,BR06,KYC & Onboarding,Premises,8750,9610,860
2024-07-01,BR06,KYC & Onboarding,Outsourcing,5100,5560,460
2024-07-01,BR06,KYC & Onboarding,Training,1460,1510,50
2024-07-01,BR06,KYC & Onboarding,Other,2190,2320,130
2024-07-01,BR06,AML & Financial Crime,Staff,44550,44900,350
2024-07-01,BR06,AML & Financial Crime,Technology & Systems,12150,13270,1120
2024-07-01,BR06,AML & Financial Crime,Screening & Data Vendors,4860,5170,310
2024-07-01,BR06,AML & Financial Crime,Premises,9720,11020,1300
2024-07-01,BR06,AML & Financial Crime,Outsourcing,5670,5490,-180
2024-07-01,BR06,AML & Financial Crime,Training,1620,1630,10
2024-07-01,BR06,AML & Financial Crime,Other,2430,2740,310
2024-07-01,BR06,Payments Ops,Staff,31190,30280,-910
2024-07-01,BR06,Payments Ops,Technology & Systems,8500,8780,280
2024-07-01,BR06,Payments Ops,Screening & Data Vendors,3400,3760,360
2024-07-01,BR06,Payments Ops,Premises,6800,6960,160
2024-07-01,BR06,Payments Ops,Outsourcing,3970,4310,340
2024-07-01,BR06,Payments Ops,Training,1130,1160,30
2024-07-01,BR06,Payments Ops,Other,1700,1820,120
2024-07-01,BR06,IT & Technology,Staff,53460,59630,6170
2024-07-01,BR06,IT & Technology,Technology & Systems,14580,14670,90
2024-07-01,BR06,IT & Technology,Screening & Data Vendors,5830,5840,10
2024-07-01,BR06,IT & Technology,Premises,11660,11670,10
2024-07-01,BR06,IT & Technology,Outsourcing,6800,7090,290
2024-07-01,BR06,IT & Technology,Training,1940,1920,-20
2024-07-01,BR06,IT & Technology,Other,2920,2960,40
2024-07-01,BR06,Compliance,Staff,26730,29660,2930
2024-07-01,BR06,Compliance,Technology & Systems,7290,7770,480
2024-07-01,BR06,Compliance,Screening & Data Vendors,2920,2990,70
2024-07-01,BR06,Compliance,Premises,5830,5940,110
2024-07-01,BR06,Compliance,Outsourcing,3400,3440,40
2024-07-01,BR06,Compliance,Training,970,1000,30
2024-07-01,BR06,Compliance,Other,1460,1340,-120
2024-08-01,BR06,Retail Banking Ops,Staff,89100,92090,2990
2024-08-01,BR06,Retail Banking Ops,Technology & Systems,24300,27280,2980
2024-08-01,BR06,Retail Banking Ops,Screening & Data Vendors,9720,10210,490
2024-08-01,BR06,Retail Banking Ops,Premises,19440,21630,2190
2024-08-01,BR06,Retail Banking Ops,Outsourcing,11340,11910,570
2024-08-01,BR06,Retail Banking Ops,Training,3240,3090,-150
2024-08-01,BR06,Retail Banking Ops,Other,4860,5000,140
2024-08-01,BR06,KYC & Onboarding,Staff,40100,44010,3910
2024-08-01,BR06,KYC & Onboarding,Technology & Systems,10940,12040,1100
2024-08-01,BR06,KYC & Onboarding,Screening & Data Vendors,4370,4400,30
2024-08-01,BR06,KYC & Onboarding,Premises,8750,9450,700
2024-08-01,BR06,KYC & Onboarding,Outsourcing,5100,5600,500
2024-08-01,BR06,KYC & Onboarding,Training,1460,1580,120
2024-08-01,BR06,KYC & Onboarding,Other,2190,2470,280
2024-08-01,BR06,AML & Financial Crime,Staff,44550,46120,1570
2024-08-01,BR06,AML & Financial Crime,Technology & Systems,12150,13030,880
2024-08-01,BR06,AML & Financial Crime,Screening & Data Vendors,4860,5420,560
2024-08-01,BR06,AML & Financial Crime,Premises,9720,10170,450
2024-08-01,BR06,AML & Financial Crime,Outsourcing,5670,6010,340
2024-08-01,BR06,AML & Financial Crime,Training,1620,1850,230
2024-08-01,BR06,AML & Financial Crime,Other,2430,2600,170
2024-08-01,BR06,Payments Ops,Staff,31190,31180,-10
2024-08-01,BR06,Payments Ops,Technology & Systems,8500,9090,590
2024-08-01,BR06,Payments Ops,Screening & Data Vendors,3400,3740,340
2024-08-01,BR06,Payments Ops,Premises,6800,7300,500
2024-08-01,BR06,Payments Ops,Outsourcing,3970,4090,120
2024-08-01,BR06,Payments Ops,Training,1130,1190,60
2024-08-01,BR06,Payments Ops,Other,1700,1690,-10
2024-08-01,BR06,IT & Technology,Staff,53460,53360,-100
2024-08-01,BR06,IT & Technology,Technology & Systems,14580,14010,-570
2024-08-01,BR06,IT & Technology,Screening & Data Vendors,5830,5980,150
2024-08-01,BR06,IT & Technology,Premises,11660,11580,-80
2024-08-01,BR06,IT & Technology,Outsourcing,6800,6870,70
2024-08-01,BR06,IT & Technology,Training,1940,2000,60
2024-08-01,BR06,IT & Technology,Other,2920,3000,80
2024-08-01,BR06,Compliance,Staff,26730,27980,1250
2024-08-01,BR06,Compliance,Technology & Systems,7290,7140,-150
2024-08-01,BR06,Compliance,Screening & Data Vendors,2920,3030,110
2024-08-01,BR06,Compliance,Premises,5830,6020,190
2024-08-01,BR06,Compliance,Outsourcing,3400,3530,130
2024-08-01,BR06,Compliance,Training,970,920,-50
2024-08-01,BR06,Compliance,Other,1460,1660,200
2024-09-01,BR06,Retail Banking Ops,Staff,89100,88710,-390
2024-09-01,BR06,Retail Banking Ops,Technology & Systems,24300,24530,230
2024-09-01,BR06,Retail Banking Ops,Screening & Data Vendors,9720,9180,-540
2024-09-01,BR06,Retail Banking Ops,Premises,19440,20600,1160
2024-09-01,BR06,Retail Banking Ops,Outsourcing,11340,12370,1030
2024-09-01,BR06,Retail Banking Ops,Training,3240,3090,-150
2024-09-01,BR06,Retail Banking Ops,Other,4860,4980,120
2024-09-01,BR06,KYC & Onboarding,Staff,40100,43990,3890
2024-09-01,BR06,KYC & Onboarding,Technology & Systems,10940,12180,1240
2024-09-01,BR06,KYC & Onboarding,Screening & Data Vendors,4370,5260,890
2024-09-01,BR06,KYC & Onboarding,Premises,8750,10270,1520
2024-09-01,BR06,KYC & Onboarding,Outsourcing,5100,5480,380
2024-09-01,BR06,KYC & Onboarding,Training,1460,1450,-10
2024-09-01,BR06,KYC & Onboarding,Other,2190,2350,160
2024-09-01,BR06,AML & Financial Crime,Staff,44550,48080,3530
2024-09-01,BR06,AML & Financial Crime,Technology & Systems,12150,12760,610
2024-09-01,BR06,AML & Financial Crime,Screening & Data Vendors,4860,5100,240
2024-09-01,BR06,AML & Financial Crime,Premises,9720,9890,170
2024-09-01,BR06,AML & Financial Crime,Outsourcing,5670,6180,510
2024-09-01,BR06,AML & Financial Crime,Training,1620,1770,150
2024-09-01,BR06,AML & Financial Crime,Other,2430,2460,30
2024-09-01,BR06,Payments Ops,Staff,31190,32030,840
2024-09-01,BR06,Payments Ops,Technology & Systems,8500,9870,1370
2024-09-01,BR06,Payments Ops,Screening & Data Vendors,3400,3410,10
2024-09-01,BR06,Payments Ops,Premises,6800,7280,480
2024-09-01,BR06,Payments Ops,Outsourcing,3970,4150,180
2024-09-01,BR06,Payments Ops,Training,1130,1220,90
2024-09-01,BR06,Payments Ops,Other,1700,1790,90
2024-09-01,BR06,IT & Technology,Staff,53460,51830,-1630
2024-09-01,BR06,IT & Technology,Technology & Systems,14580,15990,1410
2024-09-01,BR06,IT & Technology,Screening & Data Vendors,5830,6040,210
2024-09-01,BR06,IT & Technology,Premises,11660,10830,-830
2024-09-01,BR06,IT & Technology,Outsourcing,6800,7480,680
2024-09-01,BR06,IT & Technology,Training,1940,2340,400
2024-09-01,BR06,IT & Technology,Other,2920,3230,310
2024-09-01,BR06,Compliance,Staff,26730,26370,-360
2024-09-01,BR06,Compliance,Technology & Systems,7290,7370,80
2024-09-01,BR06,Compliance,Screening & Data Vendors,2920,3210,290
2024-09-01,BR06,Compliance,Premises,5830,5930,100
2024-09-01,BR06,Compliance,Outsourcing,3400,3760,360
2024-09-01,BR06,Compliance,Training,970,990,20
2024-09-01,BR06,Compliance,Other,1460,1600,140
2024-10-01,BR06,Retail Banking Ops,Staff,89100,101030,11930
2024-10-01,BR06,Retail Banking Ops,Technology & Systems,24300,25510,1210
2024-10-01,BR06,Retail Banking Ops,Screening & Data Vendors,9720,9700,-20
2024-10-01,BR06,Retail Banking Ops,Premises,19440,19100,-340
2024-10-01,BR06,Retail Banking Ops,Outsourcing,11340,12010,670
2024-10-01,BR06,Retail Banking Ops,Training,3240,3410,170
2024-10-01,BR06,Retail Banking Ops,Other,4860,5380,520
2024-10-01,BR06,KYC & Onboarding,Staff,40100,43850,3750
2024-10-01,BR06,KYC & Onboarding,Technology & Systems,10940,12510,1570
2024-10-01,BR06,KYC & Onboarding,Screening & Data Vendors,4370,4840,470
2024-10-01,BR06,KYC & Onboarding,Premises,8750,8940,190
2024-10-01,BR06,KYC & Onboarding,Outsourcing,5100,5510,410
2024-10-01,BR06,KYC & Onboarding,Training,1460,1510,50
2024-10-01,BR06,KYC & Onboarding,Other,2190,2380,190
2024-10-01,BR06,AML & Financial Crime,Staff,44550,47640,3090
2024-10-01,BR06,AML & Financial Crime,Technology & Systems,12150,12250,100
2024-10-01,BR06,AML & Financial Crime,Screening & Data Vendors,4860,5220,360
2024-10-01,BR06,AML & Financial Crime,Premises,9720,10830,1110
2024-10-01,BR06,AML & Financial Crime,Outsourcing,5670,5950,280
2024-10-01,BR06,AML & Financial Crime,Training,1620,1770,150
2024-10-01,BR06,AML & Financial Crime,Other,2430,2730,300
2024-10-01,BR06,Payments Ops,Staff,31190,31210,20
2024-10-01,BR06,Payments Ops,Technology & Systems,8500,9130,630
2024-10-01,BR06,Payments Ops,Screening & Data Vendors,3400,3480,80
2024-10-01,BR06,Payments Ops,Premises,6800,6450,-350
2024-10-01,BR06,Payments Ops,Outsourcing,3970,4030,60
2024-10-01,BR06,Payments Ops,Training,1130,1230,100
2024-10-01,BR06,Payments Ops,Other,1700,1730,30
2024-10-01,BR06,IT & Technology,Staff,53460,58640,5180
2024-10-01,BR06,IT & Technology,Technology & Systems,14580,14720,140
2024-10-01,BR06,IT & Technology,Screening & Data Vendors,5830,5990,160
2024-10-01,BR06,IT & Technology,Premises,11660,11770,110
2024-10-01,BR06,IT & Technology,Outsourcing,6800,6990,190
2024-10-01,BR06,IT & Technology,Training,1940,1990,50
2024-10-01,BR06,IT & Technology,Other,2920,2950,30
2024-10-01,BR06,Compliance,Staff,26730,25570,-1160
2024-10-01,BR06,Compliance,Technology & Systems,7290,7510,220
2024-10-01,BR06,Compliance,Screening & Data Vendors,2920,2830,-90
2024-10-01,BR06,Compliance,Premises,5830,5640,-190
2024-10-01,BR06,Compliance,Outsourcing,3400,3600,200
2024-10-01,BR06,Compliance,Training,970,1040,70
2024-10-01,BR06,Compliance,Other,1460,1510,50
2024-11-01,BR06,Retail Banking Ops,Staff,89100,92180,3080
2024-11-01,BR06,Retail Banking Ops,Technology & Systems,24300,25400,1100
2024-11-01,BR06,Retail Banking Ops,Screening & Data Vendors,9720,9770,50
2024-11-01,BR06,Retail Banking Ops,Premises,19440,20880,1440
2024-11-01,BR06,Retail Banking Ops,Outsourcing,11340,11830,490
2024-11-01,BR06,Retail Banking Ops,Training,3240,3540,300
2024-11-01,BR06,Retail Banking Ops,Other,4860,4390,-470
2024-11-01,BR06,KYC & Onboarding,Staff,40100,45270,5170
2024-11-01,BR06,KYC & Onboarding,Technology & Systems,10940,13310,2370
2024-11-01,BR06,KYC & Onboarding,Screening & Data Vendors,4370,4890,520
2024-11-01,BR06,KYC & Onboarding,Premises,8750,8730,-20
2024-11-01,BR06,KYC & Onboarding,Outsourcing,5100,5280,180
2024-11-01,BR06,KYC & Onboarding,Training,1460,1640,180
2024-11-01,BR06,KYC & Onboarding,Other,2190,2380,190
2024-11-01,BR06,AML & Financial Crime,Staff,44550,45740,1190
2024-11-01,BR06,AML & Financial Crime,Technology & Systems,12150,12310,160
2024-11-01,BR06,AML & Financial Crime,Screening & Data Vendors,4860,5620,760
2024-11-01,BR06,AML & Financial Crime,Premises,9720,10100,380
2024-11-01,BR06,AML & Financial Crime,Outsourcing,5670,5870,200
2024-11-01,BR06,AML & Financial Crime,Training,1620,1820,200
2024-11-01,BR06,AML & Financial Crime,Other,2430,2670,240
2024-11-01,BR06,Payments Ops,Staff,31190,32970,1780
2024-11-01,BR06,Payments Ops,Technology & Systems,8500,8410,-90
2024-11-01,BR06,Payments Ops,Screening & Data Vendors,3400,3710,310
2024-11-01,BR06,Payments Ops,Premises,6800,7450,650
2024-11-01,BR06,Payments Ops,Outsourcing,3970,4080,110
2024-11-01,BR06,Payments Ops,Training,1130,1150,20
2024-11-01,BR06,Payments Ops,Other,1700,1830,130
2024-11-01,BR06,IT & Technology,Staff,53460,58330,4870
2024-11-01,BR06,IT & Technology,Technology & Systems,14580,15260,680
2024-11-01,BR06,IT & Technology,Screening & Data Vendors,5830,6040,210
2024-11-01,BR06,IT & Technology,Premises,11660,12840,1180
2024-11-01,BR06,IT & Technology,Outsourcing,6800,7780,980
2024-11-01,BR06,IT & Technology,Training,1940,2090,150
2024-11-01,BR06,IT & Technology,Other,2920,3120,200
2024-11-01,BR06,Compliance,Staff,26730,27710,980
2024-11-01,BR06,Compliance,Technology & Systems,7290,7490,200
2024-11-01,BR06,Compliance,Screening & Data Vendors,2920,3200,280
2024-11-01,BR06,Compliance,Premises,5830,6100,270
2024-11-01,BR06,Compliance,Outsourcing,3400,3830,430
2024-11-01,BR06,Compliance,Training,970,1040,70
2024-11-01,BR06,Compliance,Other,1460,1630,170
2024-12-01,BR06,Retail Banking Ops,Staff,89100,84600,-4500
2024-12-01,BR06,Retail Banking Ops,Technology & Systems,24300,25660,1360
2024-12-01,BR06,Retail Banking Ops,Screening & Data Vendors,9720,9110,-610
2024-12-01,BR06,Retail Banking Ops,Premises,19440,21840,2400
2024-12-01,BR06,Retail Banking Ops,Outsourcing,11340,12400,1060
2024-12-01,BR06,Retail Banking Ops,Training,3240,3350,110
2024-12-01,BR06,Retail Banking Ops,Other,4860,5380,520
2024-12-01,BR06,KYC & Onboarding,Staff,40100,41830,1730
2024-12-01,BR06,KYC & Onboarding,Technology & Systems,10940,10820,-120
2024-12-01,BR06,KYC & Onboarding,Screening & Data Vendors,4370,4810,440
2024-12-01,BR06,KYC & Onboarding,Premises,8750,10130,1380
2024-12-01,BR06,KYC & Onboarding,Outsourcing,5100,5510,410
2024-12-01,BR06,KYC & Onboarding,Training,1460,1490,30
2024-12-01,BR06,KYC & Onboarding,Other,2190,2430,240
2024-12-01,BR06,AML & Financial Crime,Staff,44550,51350,6800
2024-12-01,BR06,AML & Financial Crime,Technology & Systems,12150,14240,2090
2024-12-01,BR06,AML & Financial Crime,Screening & Data Vendors,4860,5490,630
2024-12-01,BR06,AML & Financial Crime,Premises,9720,10250,530
2024-12-01,BR06,AML & Financial Crime,Outsourcing,5670,6110,440
2024-12-01,BR06,AML & Financial Crime,Training,1620,1810,190
2024-12-01,BR06,AML & Financial Crime,Other,2430,2910,480
2024-12-01,BR06,Payments Ops,Staff,31190,31460,270
2024-12-01,BR06,Payments Ops,Technology & Systems,8500,8370,-130
2024-12-01,BR06,Payments Ops,Screening & Data Vendors,3400,3700,300
2024-12-01,BR06,Payments Ops,Premises,6800,6900,100
2024-12-01,BR06,Payments Ops,Outsourcing,3970,4290,320
2024-12-01,BR06,Payments Ops,Training,1130,1260,130
2024-12-01,BR06,Payments Ops,Other,1700,1640,-60
2024-12-01,BR06,IT & Technology,Staff,53460,58120,4660
2024-12-01,BR06,IT & Technology,Technology & Systems,14580,14630,50
2024-12-01,BR06,IT & Technology,Screening & Data Vendors,5830,5750,-80
2024-12-01,BR06,IT & Technology,Premises,11660,12370,710
2024-12-01,BR06,IT & Technology,Outsourcing,6800,7090,290
2024-12-01,BR06,IT & Technology,Training,1940,1870,-70
2024-12-01,BR06,IT & Technology,Other,2920,3120,200
2024-12-01,BR06,Compliance,Staff,26730,28410,1680
2024-12-01,BR06,Compliance,Technology & Systems,7290,7720,430
2024-12-01,BR06,Compliance,Screening & Data Vendors,2920,3050,130
2024-12-01,BR06,Compliance,Premises,5830,6140,310
2024-12-01,BR06,Compliance,Outsourcing,3400,3700,300
2024-12-01,BR06,Compliance,Training,970,1030,60
2024-12-01,BR06,Compliance,Other,1460,1440,-20
2025-01-01,BR06,Retail Banking Ops,Staff,89100,93510,4410
2025-01-01,BR06,Retail Banking Ops,Technology & Systems,24300,26140,1840
2025-01-01,BR06,Retail Banking Ops,Screening & Data Vendors,9720,10010,290
2025-01-01,BR06,Retail Banking Ops,Premises,19440,22120,2680
2025-01-01,BR06,Retail Banking Ops,Outsourcing,11340,12210,870
2025-01-01,BR06,Retail Banking Ops,Training,3240,3460,220
2025-01-01,BR06,Retail Banking Ops,Other,4860,5260,400
2025-01-01,BR06,KYC & Onboarding,Staff,40100,45000,4900
2025-01-01,BR06,KYC & Onboarding,Technology & Systems,10940,12760,1820
2025-01-01,BR06,KYC & Onboarding,Screening & Data Vendors,4370,5060,690
2025-01-01,BR06,KYC & Onboarding,Premises,8750,9910,1160
2025-01-01,BR06,KYC & Onboarding,Outsourcing,5100,5820,720
2025-01-01,BR06,KYC & Onboarding,Training,1460,1640,180
2025-01-01,BR06,KYC & Onboarding,Other,2190,2570,380
2025-01-01,BR06,AML & Financial Crime,Staff,44550,48260,3710
2025-01-01,BR06,AML & Financial Crime,Technology & Systems,12150,13510,1360
2025-01-01,BR06,AML & Financial Crime,Screening & Data Vendors,4860,5000,140
2025-01-01,BR06,AML & Financial Crime,Premises,9720,11500,1780
2025-01-01,BR06,AML & Financial Crime,Outsourcing,5670,6750,1080
2025-01-01,BR06,AML & Financial Crime,Training,1620,1770,150
2025-01-01,BR06,AML & Financial Crime,Other,2430,2530,100
2025-01-01,BR06,Payments Ops,Staff,31190,33820,2630
2025-01-01,BR06,Payments Ops,Technology & Systems,8500,9090,590
2025-01-01,BR06,Payments Ops,Screening & Data Vendors,3400,3710,310
2025-01-01,BR06,Payments Ops,Premises,6800,7430,630
2025-01-01,BR06,Payments Ops,Outsourcing,3970,3950,-20
2025-01-01,BR06,Payments Ops,Training,1130,1230,100
2025-01-01,BR06,Payments Ops,Other,1700,1810,110
2025-01-01,BR06,IT & Technology,Staff,53460,59760,6300
2025-01-01,BR06,IT & Technology,Technology & Systems,14580,14620,40
2025-01-01,BR06,IT & Technology,Screening & Data Vendors,5830,6520,690
2025-01-01,BR06,IT & Technology,Premises,11660,12340,680
2025-01-01,BR06,IT & Technology,Outsourcing,6800,7310,510
2025-01-01,BR06,IT & Technology,Training,1940,1860,-80
2025-01-01,BR06,IT & Technology,Other,2920,2990,70
2025-01-01,BR06,Compliance,Staff,26730,29810,3080
2025-01-01,BR06,Compliance,Technology & Systems,7290,7540,250
2025-01-01,BR06,Compliance,Screening & Data Vendors,2920,3220,300
2025-01-01,BR06,Compliance,Premises,5830,5750,-80
2025-01-01,BR06,Compliance,Outsourcing,3400,3660,260
2025-01-01,BR06,Compliance,Training,970,980,10
2025-01-01,BR06,Compliance,Other,1460,1670,210
2025-02-01,BR06,Retail Banking Ops,Staff,89100,102260,13160
2025-02-01,BR06,Retail Banking Ops,Technology & Systems,24300,27010,2710
2025-02-01,BR06,Retail Banking Ops,Screening & Data Vendors,9720,11030,1310
2025-02-01,BR06,Retail Banking Ops,Premises,19440,21160,1720
2025-02-01,BR06,Retail Banking Ops,Outsourcing,11340,13790,2450
2025-02-01,BR06,Retail Banking Ops,Training,3240,3420,180
2025-02-01,BR06,Retail Banking Ops,Other,4860,5230,370
2025-02-01,BR06,KYC & Onboarding,Staff,40100,46170,6070
2025-02-01,BR06,KYC & Onboarding,Technology & Systems,10940,12110,1170
2025-02-01,BR06,KYC & Onboarding,Screening & Data Vendors,4370,4620,250
2025-02-01,BR06,KYC & Onboarding,Premises,8750,9830,1080
2025-02-01,BR06,KYC & Onboarding,Outsourcing,5100,5800,700
2025-02-01,BR06,KYC & Onboarding,Training,1460,1720,260
2025-02-01,BR06,KYC & Onboarding,Other,2190,2500,310
2025-02-01,BR06,AML & Financial Crime,Staff,44550,57420,12870
2025-02-01,BR06,AML & Financial Crime,Technology & Systems,12150,12790,640
2025-02-01,BR06,AML & Financial Crime,Screening & Data Vendors,4860,5570,710
2025-02-01,BR06,AML & Financial Crime,Premises,9720,10930,1210
2025-02-01,BR06,AML & Financial Crime,Outsourcing,5670,6850,1180
2025-02-01,BR06,AML & Financial Crime,Training,1620,1990,370
2025-02-01,BR06,AML & Financial Crime,Other,2430,2700,270
2025-02-01,BR06,Payments Ops,Staff,31190,34520,3330
2025-02-01,BR06,Payments Ops,Technology & Systems,8500,9060,560
2025-02-01,BR06,Payments Ops,Screening & Data Vendors,3400,3650,250
2025-02-01,BR06,Payments Ops,Premises,6800,7260,460
2025-02-01,BR06,Payments Ops,Outsourcing,3970,4270,300
2025-02-01,BR06,Payments Ops,Training,1130,1140,10
2025-02-01,BR06,Payments Ops,Other,1700,1830,130
2025-02-01,BR06,IT & Technology,Staff,53460,55780,2320
2025-02-01,BR06,IT & Technology,Technology & Systems,14580,15660,1080
2025-02-01,BR06,IT & Technology,Screening & Data Vendors,5830,6360,530
2025-02-01,BR06,IT & Technology,Premises,11660,12990,1330
2025-02-01,BR06,IT & Technology,Outsourcing,6800,7680,880
2025-02-01,BR06,IT & Technology,Training,1940,2050,110
2025-02-01,BR06,IT & Technology,Other,2920,2970,50
2025-02-01,BR06,Compliance,Staff,26730,27930,1200
2025-02-01,BR06,Compliance,Technology & Systems,7290,8240,950
2025-02-01,BR06,Compliance,Screening & Data Vendors,2920,3090,170
2025-02-01,BR06,Compliance,Premises,5830,5900,70
2025-02-01,BR06,Compliance,Outsourcing,3400,3620,220
2025-02-01,BR06,Compliance,Training,970,1000,30
2025-02-01,BR06,Compliance,Other,1460,1500,40
2025-03-01,BR06,Retail Banking Ops,Staff,89100,91230,2130
2025-03-01,BR06,Retail Banking Ops,Technology & Systems,24300,26440,2140
2025-03-01,BR06,Retail Banking Ops,Screening & Data Vendors,9720,10270,550
2025-03-01,BR06,Retail Banking Ops,Premises,19440,21650,2210
2025-03-01,BR06,Retail Banking Ops,Outsourcing,11340,11220,-120
2025-03-01,BR06,Retail Banking Ops,Training,3240,3440,200
2025-03-01,BR06,Retail Banking Ops,Other,4860,5010,150
2025-03-01,BR06,KYC & Onboarding,Staff,40100,50350,10250
2025-03-01,BR06,KYC & Onboarding,Technology & Systems,10940,13720,2780
2025-03-01,BR06,KYC & Onboarding,Screening & Data Vendors,4370,4590,220
2025-03-01,BR06,KYC & Onboarding,Premises,8750,11210,2460
2025-03-01,BR06,KYC & Onboarding,Outsourcing,5100,5750,650
2025-03-01,BR06,KYC & Onboarding,Training,1460,1670,210
2025-03-01,BR06,KYC & Onboarding,Other,2190,2320,130
2025-03-01,BR06,AML & Financial Crime,Staff,44550,52800,8250
2025-03-01,BR06,AML & Financial Crime,Technology & Systems,12150,12770,620
2025-03-01,BR06,AML & Financial Crime,Screening & Data Vendors,4860,5600,740
2025-03-01,BR06,AML & Financial Crime,Premises,9720,11340,1620
2025-03-01,BR06,AML & Financial Crime,Outsourcing,5670,6620,950
2025-03-01,BR06,AML & Financial Crime,Training,1620,2000,380
2025-03-01,BR06,AML & Financial Crime,Other,2430,2790,360
2025-03-01,BR06,Payments Ops,Staff,31190,33610,2420
2025-03-01,BR06,Payments Ops,Technology & Systems,8500,8700,200
2025-03-01,BR06,Payments Ops,Screening & Data Vendors,3400,3620,220
2025-03-01,BR06,Payments Ops,Premises,6800,7720,920
2025-03-01,BR06,Payments Ops,Outsourcing,3970,4400,430
2025-03-01,BR06,Payments Ops,Training,1130,1300,170
2025-03-01,BR06,Payments Ops,Other,1700,1900,200
2025-03-01,BR06,IT & Technology,Staff,53460,56100,2640
2025-03-01,BR06,IT & Technology,Technology & Systems,14580,16730,2150
2025-03-01,BR06,IT & Technology,Screening & Data Vendors,5830,6320,490
2025-03-01,BR06,IT & Technology,Premises,11660,12690,1030
2025-03-01,BR06,IT & Technology,Outsourcing,6800,6930,130
2025-03-01,BR06,IT & Technology,Training,1940,2250,310
2025-03-01,BR06,IT & Technology,Other,2920,2910,-10
2025-03-01,BR06,Compliance,Staff,26730,24970,-1760
2025-03-01,BR06,Compliance,Technology & Systems,7290,7470,180
2025-03-01,BR06,Compliance,Screening & Data Vendors,2920,3210,290
2025-03-01,BR06,Compliance,Premises,5830,6230,400
2025-03-01,BR06,Compliance,Outsourcing,3400,3410,10
2025-03-01,BR06,Compliance,Training,970,1000,30
2025-03-01,BR06,Compliance,Other,1460,1610,150
2025-04-01,BR06,Retail Banking Ops,Staff,89100,87950,-1150
2025-04-01,BR06,Retail Banking Ops,Technology & Systems,24300,24850,550
2025-04-01,BR06,Retail Banking Ops,Screening & Data Vendors,9720,11090,1370
2025-04-01,BR06,Retail Banking Ops,Premises,19440,20010,570
2025-04-01,BR06,Retail Banking Ops,Outsourcing,11340,12650,1310
2025-04-01,BR06,Retail Banking Ops,Training,3240,3200,-40
2025-04-01,BR06,Retail Banking Ops,Other,4860,5170,310
2025-04-01,BR06,KYC & Onboarding,Staff,40100,47470,7370
2025-04-01,BR06,KYC & Onboarding,Technology & Systems,10940,11870,930
2025-04-01,BR06,KYC & Onboarding,Screening & Data Vendors,4370,5160,790
2025-04-01,BR06,KYC & Onboarding,Premises,8750,10140,1390
2025-04-01,BR06,KYC & Onboarding,Outsourcing,5100,5920,820
2025-04-01,BR06,KYC & Onboarding,Training,1460,1780,320
2025-04-01,BR06,KYC & Onboarding,Other,2190,2500,310
2025-04-01,BR06,AML & Financial Crime,Staff,44550,48960,4410
2025-04-01,BR06,AML & Financial Crime,Technology & Systems,12150,15350,3200
2025-04-01,BR06,AML & Financial Crime,Screening & Data Vendors,4860,6050,1190
2025-04-01,BR06,AML & Financial Crime,Premises,9720,11270,1550
2025-04-01,BR06,AML & Financial Crime,Outsourcing,5670,6860,1190
2025-04-01,BR06,AML & Financial Crime,Training,1620,1870,250
2025-04-01,BR06,AML & Financial Crime,Other,2430,2800,370
2025-04-01,BR06,Payments Ops,Staff,31190,33150,1960
2025-04-01,BR06,Payments Ops,Technology & Systems,8500,9240,740
2025-04-01,BR06,Payments Ops,Screening & Data Vendors,3400,3590,190
2025-04-01,BR06,Payments Ops,Premises,6800,7670,870
2025-04-01,BR06,Payments Ops,Outsourcing,3970,4070,100
2025-04-01,BR06,Payments Ops,Training,1130,1230,100
2025-04-01,BR06,Payments Ops,Other,1700,1870,170
2025-04-01,BR06,IT & Technology,Staff,53460,57840,4380
2025-04-01,BR06,IT & Technology,Technology & Systems,14580,15830,1250
2025-04-01,BR06,IT & Technology,Screening & Data Vendors,5830,5850,20
2025-04-01,BR06,IT & Technology,Premises,11660,12430,770
2025-04-01,BR06,IT & Technology,Outsourcing,6800,7520,720
2025-04-01,BR06,IT & Technology,Training,1940,1940,0
2025-04-01,BR06,IT & Technology,Other,2920,3030,110
2025-04-01,BR06,Compliance,Staff,26730,30020,3290
2025-04-01,BR06,Compliance,Technology & Systems,7290,7370,80
2025-04-01,BR06,Compliance,Screening & Data Vendors,2920,3140,220
2025-04-01,BR06,Compliance,Premises,5830,6350,520
2025-04-01,BR06,Compliance,Outsourcing,3400,3500,100
2025-04-01,BR06,Compliance,Training,970,1080,110
2025-04-01,BR06,Compliance,Other,1460,1760,300
2025-05-01,BR06,Retail Banking Ops,Staff,89100,95410,6310
2025-05-01,BR06,Retail Banking Ops,Technology & Systems,24300,26970,2670
2025-05-01,BR06,Retail Banking Ops,Screening & Data Vendors,9720,10520,800
2025-05-01,BR06,Retail Banking Ops,Premises,19440,20590,1150
2025-05-01,BR06,Retail Banking Ops,Outsourcing,11340,12070,730
2025-05-01,BR06,Retail Banking Ops,Training,3240,3150,-90
2025-05-01,BR06,Retail Banking Ops,Other,4860,5530,670
2025-05-01,BR06,KYC & Onboarding,Staff,40100,48150,8050
2025-05-01,BR06,KYC & Onboarding,Technology & Systems,10940,13730,2790
2025-05-01,BR06,KYC & Onboarding,Screening & Data Vendors,4370,5240,870
2025-05-01,BR06,KYC & Onboarding,Premises,8750,10230,1480
2025-05-01,BR06,KYC & Onboarding,Outsourcing,5100,6100,1000
2025-05-01,BR06,KYC & Onboarding,Training,1460,1580,120
2025-05-01,BR06,KYC & Onboarding,Other,2190,2740,550
2025-05-01,BR06,AML & Financial Crime,Staff,44550,52860,8310
2025-05-01,BR06,AML & Financial Crime,Technology & Systems,12150,13920,1770
2025-05-01,BR06,AML & Financial Crime,Screening & Data Vendors,4860,5810,950
2025-05-01,BR06,AML & Financial Crime,Premises,9720,11480,1760
2025-05-01,BR06,AML & Financial Crime,Outsourcing,5670,6470,800
2025-05-01,BR06,AML & Financial Crime,Training,1620,1920,300
2025-05-01,BR06,AML & Financial Crime,Other,2430,2920,490
2025-05-01,BR06,Payments Ops,Staff,31190,34550,3360
2025-05-01,BR06,Payments Ops,Technology & Systems,8500,8990,490
2025-05-01,BR06,Payments Ops,Screening & Data Vendors,3400,3490,90
2025-05-01,BR06,Payments Ops,Premises,6800,7470,670
2025-05-01,BR06,Payments Ops,Outsourcing,3970,4220,250
2025-05-01,BR06,Payments Ops,Training,1130,1160,30
2025-05-01,BR06,Payments Ops,Other,1700,1860,160
2025-05-01,BR06,IT & Technology,Staff,53460,58990,5530
2025-05-01,BR06,IT & Technology,Technology & Systems,14580,14610,30
2025-05-01,BR06,IT & Technology,Screening & Data Vendors,5830,5840,10
2025-05-01,BR06,IT & Technology,Premises,11660,13190,1530
2025-05-01,BR06,IT & Technology,Outsourcing,6800,7400,600
2025-05-01,BR06,IT & Technology,Training,1940,1790,-150
2025-05-01,BR06,IT & Technology,Other,2920,3120,200
2025-05-01,BR06,Compliance,Staff,26730,30630,3900
2025-05-01,BR06,Compliance,Technology & Systems,7290,7900,610
2025-05-01,BR06,Compliance,Screening & Data Vendors,2920,3020,100
2025-05-01,BR06,Compliance,Premises,5830,6680,850
2025-05-01,BR06,Compliance,Outsourcing,3400,4110,710
2025-05-01,BR06,Compliance,Training,970,1040,70
2025-05-01,BR06,Compliance,Other,1460,1450,-10
2025-06-01,BR06,Retail Banking Ops,Staff,89100,99510,10410
2025-06-01,BR06,Retail Banking Ops,Technology & Systems,24300,24710,410
2025-06-01,BR06,Retail Banking Ops,Screening & Data Vendors,9720,10610,890
2025-06-01,BR06,Retail Banking Ops,Premises,19440,21420,1980
2025-06-01,BR06,Retail Banking Ops,Outsourcing,11340,12090,750
2025-06-01,BR06,Retail Banking Ops,Training,3240,3590,350
2025-06-01,BR06,Retail Banking Ops,Other,4860,4840,-20
2025-06-01,BR06,KYC & Onboarding,Staff,40100,49140,9040
2025-06-01,BR06,KYC & Onboarding,Technology & Systems,10940,11950,1010
2025-06-01,BR06,KYC & Onboarding,Screening & Data Vendors,4370,5020,650
2025-06-01,BR06,KYC & Onboarding,Premises,8750,9880,1130
2025-06-01,BR06,KYC & Onboarding,Outsourcing,5100,5670,570
2025-06-01,BR06,KYC & Onboarding,Training,1460,1790,330
2025-06-01,BR06,KYC & Onboarding,Other,2190,2800,610
2025-06-01,BR06,AML & Financial Crime,Staff,44550,57210,12660
2025-06-01,BR06,AML & Financial Crime,Technology & Systems,12150,14910,2760
2025-06-01,BR06,AML & Financial Crime,Screening & Data Vendors,4860,5390,530
2025-06-01,BR06,AML & Financial Crime,Premises,9720,12170,2450
2025-06-01,BR06,AML & Financial Crime,Outsourcing,5670,6750,1080
2025-06-01,BR06,AML & Financial Crime,Training,1620,2170,550
2025-06-01,BR06,AML & Financial Crime,Other,2430,2850,420
2025-06-01,BR06,Payments Ops,Staff,31190,32220,1030
2025-06-01,BR06,Payments Ops,Technology & Systems,8500,9150,650
2025-06-01,BR06,Payments Ops,Screening & Data Vendors,3400,3660,260
2025-06-01,BR06,Payments Ops,Premises,6800,7070,270
2025-06-01,BR06,Payments Ops,Outsourcing,3970,3910,-60
2025-06-01,BR06,Payments Ops,Training,1130,1350,220
2025-06-01,BR06,Payments Ops,Other,1700,1760,60
2025-06-01,BR06,IT & Technology,Staff,53460,52760,-700
2025-06-01,BR06,IT & Technology,Technology & Systems,14580,15680,1100
2025-06-01,BR06,IT & Technology,Screening & Data Vendors,5830,5740,-90
2025-06-01,BR06,IT & Technology,Premises,11660,12420,760
2025-06-01,BR06,IT & Technology,Outsourcing,6800,7340,540
2025-06-01,BR06,IT & Technology,Training,1940,1980,40
2025-06-01,BR06,IT & Technology,Other,2920,3020,100
2025-06-01,BR06,Compliance,Staff,26730,29420,2690
2025-06-01,BR06,Compliance,Technology & Systems,7290,7380,90
2025-06-01,BR06,Compliance,Screening & Data Vendors,2920,2960,40
2025-06-01,BR06,Compliance,Premises,5830,6510,680
2025-06-01,BR06,Compliance,Outsourcing,3400,3470,70
2025-06-01,BR06,Compliance,Training,970,980,10
2025-06-01,BR06,Compliance,Other,1460,1610,150
2025-07-01,BR06,Retail Banking Ops,Staff,89100,94850,5750
2025-07-01,BR06,Retail Banking Ops,Technology & Systems,24300,26670,2370
2025-07-01,BR06,Retail Banking Ops,Screening & Data Vendors,9720,10480,760
2025-07-01,BR06,Retail Banking Ops,Premises,19440,21060,1620
2025-07-01,BR06,Retail Banking Ops,Outsourcing,11340,11850,510
2025-07-01,BR06,Retail Banking Ops,Training,3240,3460,220
2025-07-01,BR06,Retail Banking Ops,Other,4860,5500,640
2025-07-01,BR06,KYC & Onboarding,Staff,40100,47130,7030
2025-07-01,BR06,KYC & Onboarding,Technology & Systems,10940,12190,1250
2025-07-01,BR06,KYC & Onboarding,Screening & Data Vendors,4370,4850,480
2025-07-01,BR06,KYC & Onboarding,Premises,8750,10130,1380
2025-07-01,BR06,KYC & Onboarding,Outsourcing,5100,6740,1640
2025-07-01,BR06,KYC & Onboarding,Training,1460,1760,300
2025-07-01,BR06,KYC & Onboarding,Other,2190,2450,260
2025-07-01,BR06,AML & Financial Crime,Staff,44550,52150,7600
2025-07-01,BR06,AML & Financial Crime,Technology & Systems,12150,13420,1270
2025-07-01,BR06,AML & Financial Crime,Screening & Data Vendors,4860,5600,740
2025-07-01,BR06,AML & Financial Crime,Premises,9720,11040,1320
2025-07-01,BR06,AML & Financial Crime,Outsourcing,5670,6530,860
2025-07-01,BR06,AML & Financial Crime,Training,1620,1940,320
2025-07-01,BR06,AML & Financial Crime,Other,2430,2970,540
2025-07-01,BR06,Payments Ops,Staff,31190,36360,5170
2025-07-01,BR06,Payments Ops,Technology & Systems,8500,9240,740
2025-07-01,BR06,Payments Ops,Screening & Data Vendors,3400,3570,170
2025-07-01,BR06,Payments Ops,Premises,6800,6570,-230
2025-07-01,BR06,Payments Ops,Outsourcing,3970,4050,80
2025-07-01,BR06,Payments Ops,Training,1130,1250,120
2025-07-01,BR06,Payments Ops,Other,1700,1800,100
2025-07-01,BR06,IT & Technology,Staff,53460,54820,1360
2025-07-01,BR06,IT & Technology,Technology & Systems,14580,16170,1590
2025-07-01,BR06,IT & Technology,Screening & Data Vendors,5830,6280,450
2025-07-01,BR06,IT & Technology,Premises,11660,11830,170
2025-07-01,BR06,IT & Technology,Outsourcing,6800,7850,1050
2025-07-01,BR06,IT & Technology,Training,1940,2090,150
2025-07-01,BR06,IT & Technology,Other,2920,3040,120
2025-07-01,BR06,Compliance,Staff,26730,29120,2390
2025-07-01,BR06,Compliance,Technology & Systems,7290,8130,840
2025-07-01,BR06,Compliance,Screening & Data Vendors,2920,3190,270
2025-07-01,BR06,Compliance,Premises,5830,6750,920
2025-07-01,BR06,Compliance,Outsourcing,3400,3530,130
2025-07-01,BR06,Compliance,Training,970,1020,50
2025-07-01,BR06,Compliance,Other,1460,1680,220
2025-08-01,BR06,Retail Banking Ops,Staff,89100,92310,3210
2025-08-01,BR06,Retail Banking Ops,Technology & Systems,24300,25270,970
2025-08-01,BR06,Retail Banking Ops,Screening & Data Vendors,9720,9700,-20
2025-08-01,BR06,Retail Banking Ops,Premises,19440,20100,660
2025-08-01,BR06,Retail Banking Ops,Outsourcing,11340,11520,180
2025-08-01,BR06,Retail Banking Ops,Training,3240,3330,90
2025-08-01,BR06,Retail Banking Ops,Other,4860,5310,450
2025-08-01,BR06,KYC & Onboarding,Staff,40100,45630,5530
2025-08-01,BR06,KYC & Onboarding,Technology & Systems,10940,12750,1810
2025-08-01,BR06,KYC & Onboarding,Screening & Data Vendors,4370,4950,580
2025-08-01,BR06,KYC & Onboarding,Premises,8750,10200,1450
2025-08-01,BR06,KYC & Onboarding,Outsourcing,5100,6300,1200
2025-08-01,BR06,KYC & Onboarding,Training,1460,1800,340
2025-08-01,BR06,KYC & Onboarding,Other,2190,2520,330
2025-08-01,BR06,AML & Financial Crime,Staff,44550,56440,11890
2025-08-01,BR06,AML & Financial Crime,Technology & Systems,12150,15860,3710
2025-08-01,BR06,AML & Financial Crime,Screening & Data Vendors,4860,6100,1240
2025-08-01,BR06,AML & Financial Crime,Premises,9720,10810,1090
2025-08-01,BR06,AML & Financial Crime,Outsourcing,5670,6530,860
2025-08-01,BR06,AML & Financial Crime,Training,1620,2030,410
2025-08-01,BR06,AML & Financial Crime,Other,2430,3040,610
2025-08-01,BR06,Payments Ops,Staff,31190,33160,1970
2025-08-01,BR06,Payments Ops,Technology & Systems,8500,10170,1670
2025-08-01,BR06,Payments Ops,Screening & Data Vendors,3400,3840,440
2025-08-01,BR06,Payments Ops,Premises,6800,6890,90
2025-08-01,BR06,Payments Ops,Outsourcing,3970,4550,580
2025-08-01,BR06,Payments Ops,Training,1130,1200,70
2025-08-01,BR06,Payments Ops,Other,1700,1900,200
2025-08-01,BR06,IT & Technology,Staff,53460,59350,5890
2025-08-01,BR06,IT & Technology,Technology & Systems,14580,15130,550
2025-08-01,BR06,IT & Technology,Screening & Data Vendors,5830,6560,730
2025-08-01,BR06,IT & Technology,Premises,11660,13010,1350
2025-08-01,BR06,IT & Technology,Outsourcing,6800,7290,490
2025-08-01,BR06,IT & Technology,Training,1940,2220,280
2025-08-01,BR06,IT & Technology,Other,2920,3260,340
2025-08-01,BR06,Compliance,Staff,26730,32140,5410
2025-08-01,BR06,Compliance,Technology & Systems,7290,8390,1100
2025-08-01,BR06,Compliance,Screening & Data Vendors,2920,3100,180
2025-08-01,BR06,Compliance,Premises,5830,6420,590
2025-08-01,BR06,Compliance,Outsourcing,3400,3660,260
2025-08-01,BR06,Compliance,Training,970,1120,150
2025-08-01,BR06,Compliance,Other,1460,1680,220
2025-09-01,BR06,Retail Banking Ops,Staff,89100,87140,-1960
2025-09-01,BR06,Retail Banking Ops,Technology & Systems,24300,26370,2070
2025-09-01,BR06,Retail Banking Ops,Screening & Data Vendors,9720,11160,1440
2025-09-01,BR06,Retail Banking Ops,Premises,19440,21740,2300
2025-09-01,BR06,Retail Banking Ops,Outsourcing,11340,11960,620
2025-09-01,BR06,Retail Banking Ops,Training,3240,3510,270
2025-09-01,BR06,Retail Banking Ops,Other,4860,5330,470
2025-09-01,BR06,KYC & Onboarding,Staff,40100,50320,10220
2025-09-01,BR06,KYC & Onboarding,Technology & Systems,10940,13430,2490
2025-09-01,BR06,KYC & Onboarding,Screening & Data Vendors,4370,5520,1150
2025-09-01,BR06,KYC & Onboarding,Premises,8750,10720,1970
2025-09-01,BR06,KYC & Onboarding,Outsourcing,5100,6450,1350
2025-09-01,BR06,KYC & Onboarding,Training,1460,1830,370
2025-09-01,BR06,KYC & Onboarding,Other,2190,2490,300
2025-09-01,BR06,AML & Financial Crime,Staff,44550,55060,10510
2025-09-01,BR06,AML & Financial Crime,Technology & Systems,12150,15590,3440
2025-09-01,BR06,AML & Financial Crime,Screening & Data Vendors,4860,5280,420
2025-09-01,BR06,AML & Financial Crime,Premises,9720,11070,1350
2025-09-01,BR06,AML & Financial Crime,Outsourcing,5670,7000,1330
2025-09-01,BR06,AML & Financial Crime,Training,1620,2020,400
2025-09-01,BR06,AML & Financial Crime,Other,2430,2890,460
2025-09-01,BR06,Payments Ops,Staff,31190,35380,4190
2025-09-01,BR06,Payments Ops,Technology & Systems,8500,9680,1180
2025-09-01,BR06,Payments Ops,Screening & Data Vendors,3400,3590,190
2025-09-01,BR06,Payments Ops,Premises,6800,7210,410
2025-09-01,BR06,Payments Ops,Outsourcing,3970,4210,240
2025-09-01,BR06,Payments Ops,Training,1130,1220,90
2025-09-01,BR06,Payments Ops,Other,1700,1800,100
2025-09-01,BR06,IT & Technology,Staff,53460,59540,6080
2025-09-01,BR06,IT & Technology,Technology & Systems,14580,16580,2000
2025-09-01,BR06,IT & Technology,Screening & Data Vendors,5830,6330,500
2025-09-01,BR06,IT & Technology,Premises,11660,12090,430
2025-09-01,BR06,IT & Technology,Outsourcing,6800,7390,590
2025-09-01,BR06,IT & Technology,Training,1940,1780,-160
2025-09-01,BR06,IT & Technology,Other,2920,3180,260
2025-09-01,BR06,Compliance,Staff,26730,27460,730
2025-09-01,BR06,Compliance,Technology & Systems,7290,7530,240
2025-09-01,BR06,Compliance,Screening & Data Vendors,2920,3180,260
2025-09-01,BR06,Compliance,Premises,5830,6480,650
2025-09-01,BR06,Compliance,Outsourcing,3400,3590,190
2025-09-01,BR06,Compliance,Training,970,1090,120
2025-09-01,BR06,Compliance,Other,1460,1670,210
2025-10-01,BR06,Retail Banking Ops,Staff,89100,96020,6920
2025-10-01,BR06,Retail Banking Ops,Technology & Systems,24300,25710,1410
2025-10-01,BR06,Retail Banking Ops,Screening & Data Vendors,9720,10640,920
2025-10-01,BR06,Retail Banking Ops,Premises,19440,19740,300
2025-10-01,BR06,Retail Banking Ops,Outsourcing,11340,11720,380
2025-10-01,BR06,Retail Banking Ops,Training,3240,3510,270
2025-10-01,BR06,Retail Banking Ops,Other,4860,5170,310
2025-10-01,BR06,KYC & Onboarding,Staff,40100,48760,8660
2025-10-01,BR06,KYC & Onboarding,Technology & Systems,10940,13710,2770
2025-10-01,BR06,KYC & Onboarding,Screening & Data Vendors,4370,4750,380
2025-10-01,BR06,KYC & Onboarding,Premises,8750,10300,1550
2025-10-01,BR06,KYC & Onboarding,Outsourcing,5100,6160,1060
2025-10-01,BR06,KYC & Onboarding,Training,1460,1660,200
2025-10-01,BR06,KYC & Onboarding,Other,2190,2800,610
2025-10-01,BR06,AML & Financial Crime,Staff,44550,60400,15850
2025-10-01,BR06,AML & Financial Crime,Technology & Systems,12150,15040,2890
2025-10-01,BR06,AML & Financial Crime,Screening & Data Vendors,4860,5570,710
2025-10-01,BR06,AML & Financial Crime,Premises,9720,12680,2960
2025-10-01,BR06,AML & Financial Crime,Outsourcing,5670,7140,1470
2025-10-01,BR06,AML & Financial Crime,Training,1620,1930,310
2025-10-01,BR06,AML & Financial Crime,Other,2430,2690,260
2025-10-01,BR06,Payments Ops,Staff,31190,31660,470
2025-10-01,BR06,Payments Ops,Technology & Systems,8500,9320,820
2025-10-01,BR06,Payments Ops,Screening & Data Vendors,3400,3530,130
2025-10-01,BR06,Payments Ops,Premises,6800,7080,280
2025-10-01,BR06,Payments Ops,Outsourcing,3970,4460,490
2025-10-01,BR06,Payments Ops,Training,1130,1250,120
2025-10-01,BR06,Payments Ops,Other,1700,1930,230
2025-10-01,BR06,IT & Technology,Staff,53460,61740,8280
2025-10-01,BR06,IT & Technology,Technology & Systems,14580,15890,1310
2025-10-01,BR06,IT & Technology,Screening & Data Vendors,5830,6480,650
2025-10-01,BR06,IT & Technology,Premises,11660,12800,1140
2025-10-01,BR06,IT & Technology,Outsourcing,6800,6980,180
2025-10-01,BR06,IT & Technology,Training,1940,2140,200
2025-10-01,BR06,IT & Technology,Other,2920,3230,310
2025-10-01,BR06,Compliance,Staff,26730,30100,3370
2025-10-01,BR06,Compliance,Technology & Systems,7290,8400,1110
2025-10-01,BR06,Compliance,Screening & Data Vendors,2920,3150,230
2025-10-01,BR06,Compliance,Premises,5830,6210,380
2025-10-01,BR06,Compliance,Outsourcing,3400,3590,190
2025-10-01,BR06,Compliance,Training,970,1130,160
2025-10-01,BR06,Compliance,Other,1460,1610,150
2025-11-01,BR06,Retail Banking Ops,Staff,89100,93040,3940
2025-11-01,BR06,Retail Banking Ops,Technology & Systems,24300,25300,1000
2025-11-01,BR06,Retail Banking Ops,Screening & Data Vendors,9720,10780,1060
2025-11-01,BR06,Retail Banking Ops,Premises,19440,20830,1390
2025-11-01,BR06,Retail Banking Ops,Outsourcing,11340,12020,680
2025-11-01,BR06,Retail Banking Ops,Training,3240,3420,180
2025-11-01,BR06,Retail Banking Ops,Other,4860,5090,230
2025-11-01,BR06,KYC & Onboarding,Staff,40100,52230,12130
2025-11-01,BR06,KYC & Onboarding,Technology & Systems,10940,13250,2310
2025-11-01,BR06,KYC & Onboarding,Screening & Data Vendors,4370,5590,1220
2025-11-01,BR06,KYC & Onboarding,Premises,8750,11170,2420
2025-11-01,BR06,KYC & Onboarding,Outsourcing,5100,5730,630
2025-11-01,BR06,KYC & Onboarding,Training,1460,1790,330
2025-11-01,BR06,KYC & Onboarding,Other,2190,2620,430
2025-11-01,BR06,AML & Financial Crime,Staff,44550,55950,11400
2025-11-01,BR06,AML & Financial Crime,Technology & Systems,12150,15240,3090
2025-11-01,BR06,AML & Financial Crime,Screening & Data Vendors,4860,6180,1320
2025-11-01,BR06,AML & Financial Crime,Premises,9720,11930,2210
2025-11-01,BR06,AML & Financial Crime,Outsourcing,5670,6940,1270
2025-11-01,BR06,AML & Financial Crime,Training,1620,2040,420
2025-11-01,BR06,AML & Financial Crime,Other,2430,3260,830
2025-11-01,BR06,Payments Ops,Staff,31190,33140,1950
2025-11-01,BR06,Payments Ops,Technology & Systems,8500,9560,1060
2025-11-01,BR06,Payments Ops,Screening & Data Vendors,3400,3900,500
2025-11-01,BR06,Payments Ops,Premises,6800,7200,400
2025-11-01,BR06,Payments Ops,Outsourcing,3970,4550,580
2025-11-01,BR06,Payments Ops,Training,1130,1180,50
2025-11-01,BR06,Payments Ops,Other,1700,1980,280
2025-11-01,BR06,IT & Technology,Staff,53460,53010,-450
2025-11-01,BR06,IT & Technology,Technology & Systems,14580,16250,1670
2025-11-01,BR06,IT & Technology,Screening & Data Vendors,5830,6980,1150
2025-11-01,BR06,IT & Technology,Premises,11660,12120,460
2025-11-01,BR06,IT & Technology,Outsourcing,6800,7710,910
2025-11-01,BR06,IT & Technology,Training,1940,2330,390
2025-11-01,BR06,IT & Technology,Other,2920,2870,-50
2025-11-01,BR06,Compliance,Staff,26730,29640,2910
2025-11-01,BR06,Compliance,Technology & Systems,7290,7570,280
2025-11-01,BR06,Compliance,Screening & Data Vendors,2920,3150,230
2025-11-01,BR06,Compliance,Premises,5830,6020,190
2025-11-01,BR06,Compliance,Outsourcing,3400,3940,540
2025-11-01,BR06,Compliance,Training,970,1100,130
2025-11-01,BR06,Compliance,Other,1460,1600,140
2025-12-01,BR06,Retail Banking Ops,Staff,89100,97840,8740
2025-12-01,BR06,Retail Banking Ops,Technology & Systems,24300,26590,2290
2025-12-01,BR06,Retail Banking Ops,Screening & Data Vendors,9720,11200,1480
2025-12-01,BR06,Retail Banking Ops,Premises,19440,23070,3630
2025-12-01,BR06,Retail Banking Ops,Outsourcing,11340,13030,1690
2025-12-01,BR06,Retail Banking Ops,Training,3240,3820,580
2025-12-01,BR06,Retail Banking Ops,Other,4860,5070,210
2025-12-01,BR06,KYC & Onboarding,Staff,40100,49770,9670
2025-12-01,BR06,KYC & Onboarding,Technology & Systems,10940,13070,2130
2025-12-01,BR06,KYC & Onboarding,Screening & Data Vendors,4370,5710,1340
2025-12-01,BR06,KYC & Onboarding,Premises,8750,11780,3030
2025-12-01,BR06,KYC & Onboarding,Outsourcing,5100,6250,1150
2025-12-01,BR06,KYC & Onboarding,Training,1460,1770,310
2025-12-01,BR06,KYC & Onboarding,Other,2190,2670,480
2025-12-01,BR06,AML & Financial Crime,Staff,44550,49920,5370
2025-12-01,BR06,AML & Financial Crime,Technology & Systems,12150,15430,3280
2025-12-01,BR06,AML & Financial Crime,Screening & Data Vendors,4860,5980,1120
2025-12-01,BR06,AML & Financial Crime,Premises,9720,12540,2820
2025-12-01,BR06,AML & Financial Crime,Outsourcing,5670,6630,960
2025-12-01,BR06,AML & Financial Crime,Training,1620,2060,440
2025-12-01,BR06,AML & Financial Crime,Other,2430,3060,630
2025-12-01,BR06,Payments Ops,Staff,31190,30970,-220
2025-12-01,BR06,Payments Ops,Technology & Systems,8500,8780,280
2025-12-01,BR06,Payments Ops,Screening & Data Vendors,3400,3580,180
2025-12-01,BR06,Payments Ops,Premises,6800,7670,870
2025-12-01,BR06,Payments Ops,Outsourcing,3970,4460,490
2025-12-01,BR06,Payments Ops,Training,1130,1330,200
2025-12-01,BR06,Payments Ops,Other,1700,1760,60
2025-12-01,BR06,IT & Technology,Staff,53460,61890,8430
2025-12-01,BR06,IT & Technology,Technology & Systems,14580,15740,1160
2025-12-01,BR06,IT & Technology,Screening & Data Vendors,5830,6580,750
2025-12-01,BR06,IT & Technology,Premises,11660,13880,2220
2025-12-01,BR06,IT & Technology,Outsourcing,6800,6910,110
2025-12-01,BR06,IT & Technology,Training,1940,2220,280
2025-12-01,BR06,IT & Technology,Other,2920,3140,220
2025-12-01,BR06,Compliance,Staff,26730,32260,5530
2025-12-01,BR06,Compliance,Technology & Systems,7290,8490,1200
2025-12-01,BR06,Compliance,Screening & Data Vendors,2920,3600,680
2025-12-01,BR06,Compliance,Premises,5830,5860,30
2025-12-01,BR06,Compliance,Outsourcing,3400,3490,90
2025-12-01,BR06,Compliance,Training,970,970,0
2025-12-01,BR06,Compliance,Other,1460,1620,160
2024-01-01,BR07,Retail Banking Ops,Staff,94050,105320,11270
2024-01-01,BR07,Retail Banking Ops,Technology & Systems,25650,24860,-790
2024-01-01,BR07,Retail Banking Ops,Screening & Data Vendors,10260,9940,-320
2024-01-01,BR07,Retail Banking Ops,Premises,20520,20500,-20
2024-01-01,BR07,Retail Banking Ops,Outsourcing,11970,11610,-360
2024-01-01,BR07,Retail Banking Ops,Training,3420,3400,-20
2024-01-01,BR07,Retail Banking Ops,Other,5130,5430,300
2024-01-01,BR07,KYC & Onboarding,Staff,42320,44010,1690
2024-01-01,BR07,KYC & Onboarding,Technology & Systems,11540,12650,1110
2024-01-01,BR07,KYC & Onboarding,Screening & Data Vendors,4620,4510,-110
2024-01-01,BR07,KYC & Onboarding,Premises,9230,9670,440
2024-01-01,BR07,KYC & Onboarding,Outsourcing,5390,5480,90
2024-01-01,BR07,KYC & Onboarding,Training,1540,1490,-50
2024-01-01,BR07,KYC & Onboarding,Other,2310,2390,80
2024-01-01,BR07,AML & Financial Crime,Staff,47030,47950,920
2024-01-01,BR07,AML & Financial Crime,Technology & Systems,12820,13450,630
2024-01-01,BR07,AML & Financial Crime,Screening & Data Vendors,5130,5300,170
2024-01-01,BR07,AML & Financial Crime,Premises,10260,10460,200
2024-01-01,BR07,AML & Financial Crime,Outsourcing,5990,6170,180
2024-01-01,BR07,AML & Financial Crime,Training,1710,1660,-50
2024-01-01,BR07,AML & Financial Crime,Other,2560,2530,-30
2024-01-01,BR07,Payments Ops,Staff,32920,31320,-1600
2024-01-01,BR07,Payments Ops,Technology & Systems,8980,8420,-560
2024-01-01,BR07,Payments Ops,Screening & Data Vendors,3590,3490,-100
2024-01-01,BR07,Payments Ops,Premises,7180,7180,0
2024-01-01,BR07,Payments Ops,Outsourcing,4190,3910,-280
2024-01-01,BR07,Payments Ops,Training,1200,1270,70
2024-01-01,BR07,Payments Ops,Other,1800,1800,0
2024-01-01,BR07,IT & Technology,Staff,56430,60840,4410
2024-01-01,BR07,IT & Technology,Technology & Systems,15390,15550,160
2024-01-01,BR07,IT & Technology,Screening & Data Vendors,6160,6240,80
2024-01-01,BR07,IT & Technology,Premises,12310,11320,-990
2024-01-01,BR07,IT & Technology,Outsourcing,7180,6920,-260
2024-01-01,BR07,IT & Technology,Training,2050,2070,20
2024-01-01,BR07,IT & Technology,Other,3080,3080,0
2024-01-01,BR07,Compliance,Staff,28220,26740,-1480
2024-01-01,BR07,Compliance,Technology & Systems,7700,8070,370
2024-01-01,BR07,Compliance,Screening & Data Vendors,3080,3090,10
2024-01-01,BR07,Compliance,Premises,6160,5930,-230
2024-01-01,BR07,Compliance,Outsourcing,3590,3450,-140
2024-01-01,BR07,Compliance,Training,1030,1040,10
2024-01-01,BR07,Compliance,Other,1540,1520,-20
2024-02-01,BR07,Retail Banking Ops,Staff,94050,93040,-1010
2024-02-01,BR07,Retail Banking Ops,Technology & Systems,25650,24890,-760
2024-02-01,BR07,Retail Banking Ops,Screening & Data Vendors,10260,10300,40
2024-02-01,BR07,Retail Banking Ops,Premises,20520,21890,1370
2024-02-01,BR07,Retail Banking Ops,Outsourcing,11970,11940,-30
2024-02-01,BR07,Retail Banking Ops,Training,3420,3410,-10
2024-02-01,BR07,Retail Banking Ops,Other,5130,4710,-420
2024-02-01,BR07,KYC & Onboarding,Staff,42320,37980,-4340
2024-02-01,BR07,KYC & Onboarding,Technology & Systems,11540,11950,410
2024-02-01,BR07,KYC & Onboarding,Screening & Data Vendors,4620,4880,260
2024-02-01,BR07,KYC & Onboarding,Premises,9230,8910,-320
2024-02-01,BR07,KYC & Onboarding,Outsourcing,5390,5590,200
2024-02-01,BR07,KYC & Onboarding,Training,1540,1580,40
2024-02-01,BR07,KYC & Onboarding,Other,2310,2550,240
2024-02-01,BR07,AML & Financial Crime,Staff,47030,47570,540
2024-02-01,BR07,AML & Financial Crime,Technology & Systems,12820,13530,710
2024-02-01,BR07,AML & Financial Crime,Screening & Data Vendors,5130,4920,-210
2024-02-01,BR07,AML & Financial Crime,Premises,10260,10210,-50
2024-02-01,BR07,AML & Financial Crime,Outsourcing,5990,5870,-120
2024-02-01,BR07,AML & Financial Crime,Training,1710,1760,50
2024-02-01,BR07,AML & Financial Crime,Other,2560,2640,80
2024-02-01,BR07,Payments Ops,Staff,32920,32480,-440
2024-02-01,BR07,Payments Ops,Technology & Systems,8980,9770,790
2024-02-01,BR07,Payments Ops,Screening & Data Vendors,3590,3370,-220
2024-02-01,BR07,Payments Ops,Premises,7180,7210,30
2024-02-01,BR07,Payments Ops,Outsourcing,4190,4330,140
2024-02-01,BR07,Payments Ops,Training,1200,1260,60
2024-02-01,BR07,Payments Ops,Other,1800,1810,10
2024-02-01,BR07,IT & Technology,Staff,56430,59080,2650
2024-02-01,BR07,IT & Technology,Technology & Systems,15390,15390,0
2024-02-01,BR07,IT & Technology,Screening & Data Vendors,6160,6250,90
2024-02-01,BR07,IT & Technology,Premises,12310,12670,360
2024-02-01,BR07,IT & Technology,Outsourcing,7180,7160,-20
2024-02-01,BR07,IT & Technology,Training,2050,2100,50
2024-02-01,BR07,IT & Technology,Other,3080,2970,-110
2024-02-01,BR07,Compliance,Staff,28220,27800,-420
2024-02-01,BR07,Compliance,Technology & Systems,7700,7560,-140
2024-02-01,BR07,Compliance,Screening & Data Vendors,3080,2980,-100
2024-02-01,BR07,Compliance,Premises,6160,6240,80
2024-02-01,BR07,Compliance,Outsourcing,3590,3630,40
2024-02-01,BR07,Compliance,Training,1030,990,-40
2024-02-01,BR07,Compliance,Other,1540,1540,0
2024-03-01,BR07,Retail Banking Ops,Staff,94050,89120,-4930
2024-03-01,BR07,Retail Banking Ops,Technology & Systems,25650,24290,-1360
2024-03-01,BR07,Retail Banking Ops,Screening & Data Vendors,10260,11480,1220
2024-03-01,BR07,Retail Banking Ops,Premises,20520,20000,-520
2024-03-01,BR07,Retail Banking Ops,Outsourcing,11970,11940,-30
2024-03-01,BR07,Retail Banking Ops,Training,3420,3640,220
2024-03-01,BR07,Retail Banking Ops,Other,5130,5250,120
2024-03-01,BR07,KYC & Onboarding,Staff,42320,42370,50
2024-03-01,BR07,KYC & Onboarding,Technology & Systems,11540,12020,480
2024-03-01,BR07,KYC & Onboarding,Screening & Data Vendors,4620,4950,330
2024-03-01,BR07,KYC & Onboarding,Premises,9230,8890,-340
2024-03-01,BR07,KYC & Onboarding,Outsourcing,5390,5430,40
2024-03-01,BR07,KYC & Onboarding,Training,1540,1560,20
2024-03-01,BR07,KYC & Onboarding,Other,2310,2690,380
2024-03-01,BR07,AML & Financial Crime,Staff,47030,46230,-800
2024-03-01,BR07,AML & Financial Crime,Technology & Systems,12820,13540,720
2024-03-01,BR07,AML & Financial Crime,Screening & Data Vendors,5130,5640,510
2024-03-01,BR07,AML & Financial Crime,Premises,10260,10770,510
2024-03-01,BR07,AML & Financial Crime,Outsourcing,5990,6200,210
2024-03-01,BR07,AML & Financial Crime,Training,1710,1900,190
2024-03-01,BR07,AML & Financial Crime,Other,2560,2500,-60
2024-03-01,BR07,Payments Ops,Staff,32920,32640,-280
2024-03-01,BR07,Payments Ops,Technology & Systems,8980,8730,-250
2024-03-01,BR07,Payments Ops,Screening & Data Vendors,3590,3560,-30
2024-03-01,BR07,Payments Ops,Premises,7180,7290,110
2024-03-01,BR07,Payments Ops,Outsourcing,4190,4330,140
2024-03-01,BR07,Payments Ops,Training,1200,1290,90
2024-03-01,BR07,Payments Ops,Other,1800,1710,-90
2024-03-01,BR07,IT & Technology,Staff,56430,58630,2200
2024-03-01,BR07,IT & Technology,Technology & Systems,15390,15680,290
2024-03-01,BR07,IT & Technology,Screening & Data Vendors,6160,5890,-270
2024-03-01,BR07,IT & Technology,Premises,12310,11490,-820
2024-03-01,BR07,IT & Technology,Outsourcing,7180,7960,780
2024-03-01,BR07,IT & Technology,Training,2050,2170,120
2024-03-01,BR07,IT & Technology,Other,3080,3190,110
2024-03-01,BR07,Compliance,Staff,28220,28100,-120
2024-03-01,BR07,Compliance,Technology & Systems,7700,8030,330
2024-03-01,BR07,Compliance,Screening & Data Vendors,3080,3210,130
2024-03-01,BR07,Compliance,Premises,6160,6170,10
2024-03-01,BR07,Compliance,Outsourcing,3590,4030,440
2024-03-01,BR07,Compliance,Training,1030,1060,30
2024-03-01,BR07,Compliance,Other,1540,1450,-90
2024-04-01,BR07,Retail Banking Ops,Staff,94050,99440,5390
2024-04-01,BR07,Retail Banking Ops,Technology & Systems,25650,24890,-760
2024-04-01,BR07,Retail Banking Ops,Screening & Data Vendors,10260,10150,-110
2024-04-01,BR07,Retail Banking Ops,Premises,20520,22580,2060
2024-04-01,BR07,Retail Banking Ops,Outsourcing,11970,11740,-230
2024-04-01,BR07,Retail Banking Ops,Training,3420,3350,-70
2024-04-01,BR07,Retail Banking Ops,Other,5130,5330,200
2024-04-01,BR07,KYC & Onboarding,Staff,42320,41190,-1130
2024-04-01,BR07,KYC & Onboarding,Technology & Systems,11540,11500,-40
2024-04-01,BR07,KYC & Onboarding,Screening & Data Vendors,4620,5040,420
2024-04-01,BR07,KYC & Onboarding,Premises,9230,9960,730
2024-04-01,BR07,KYC & Onboarding,Outsourcing,5390,5340,-50
2024-04-01,BR07,KYC & Onboarding,Training,1540,1630,90
2024-04-01,BR07,KYC & Onboarding,Other,2310,2380,70
2024-04-01,BR07,AML & Financial Crime,Staff,47030,50570,3540
2024-04-01,BR07,AML & Financial Crime,Technology & Systems,12820,12870,50
2024-04-01,BR07,AML & Financial Crime,Screening & Data Vendors,5130,5260,130
2024-04-01,BR07,AML & Financial Crime,Premises,10260,10530,270
2024-04-01,BR07,AML & Financial Crime,Outsourcing,5990,6550,560
2024-04-01,BR07,AML & Financial Crime,Training,1710,1810,100
2024-04-01,BR07,AML & Financial Crime,Other,2560,2730,170
2024-04-01,BR07,Payments Ops,Staff,32920,35030,2110
2024-04-01,BR07,Payments Ops,Technology & Systems,8980,9150,170
2024-04-01,BR07,Payments Ops,Screening & Data Vendors,3590,3650,60
2024-04-01,BR07,Payments Ops,Premises,7180,7510,330
2024-04-01,BR07,Payments Ops,Outsourcing,4190,4180,-10
2024-04-01,BR07,Payments Ops,Training,1200,1330,130
2024-04-01,BR07,Payments Ops,Other,1800,1820,20
2024-04-01,BR07,IT & Technology,Staff,56430,57900,1470
2024-04-01,BR07,IT & Technology,Technology & Systems,15390,15050,-340
2024-04-01,BR07,IT & Technology,Screening & Data Vendors,6160,6080,-80
2024-04-01,BR07,IT & Technology,Premises,12310,12400,90
2024-04-01,BR07,IT & Technology,Outsourcing,7180,7350,170
2024-04-01,BR07,IT & Technology,Training,2050,1910,-140
2024-04-01,BR07,IT & Technology,Other,3080,3310,230
2024-04-01,BR07,Compliance,Staff,28220,29240,1020
2024-04-01,BR07,Compliance,Technology & Systems,7700,7760,60
2024-04-01,BR07,Compliance,Screening & Data Vendors,3080,2960,-120
2024-04-01,BR07,Compliance,Premises,6160,5810,-350
2024-04-01,BR07,Compliance,Outsourcing,3590,3890,300
2024-04-01,BR07,Compliance,Training,1030,1010,-20
2024-04-01,BR07,Compliance,Other,1540,1620,80
2024-05-01,BR07,Retail Banking Ops,Staff,94050,97430,3380
2024-05-01,BR07,Retail Banking Ops,Technology & Systems,25650,25970,320
2024-05-01,BR07,Retail Banking Ops,Screening & Data Vendors,10260,10160,-100
2024-05-01,BR07,Retail Banking Ops,Premises,20520,21530,1010
2024-05-01,BR07,Retail Banking Ops,Outsourcing,11970,11480,-490
2024-05-01,BR07,Retail Banking Ops,Training,3420,3620,200
2024-05-01,BR07,Retail Banking Ops,Other,5130,5610,480
2024-05-01,BR07,KYC & Onboarding,Staff,42320,41360,-960
2024-05-01,BR07,KYC & Onboarding,Technology & Systems,11540,12340,800
2024-05-01,BR07,KYC & Onboarding,Screening & Data Vendors,4620,4580,-40
2024-05-01,BR07,KYC & Onboarding,Premises,9230,9910,680
2024-05-01,BR07,KYC & Onboarding,Outsourcing,5390,5740,350
2024-05-01,BR07,KYC & Onboarding,Training,1540,1620,80
2024-05-01,BR07,KYC & Onboarding,Other,2310,2260,-50
2024-05-01,BR07,AML & Financial Crime,Staff,47030,53610,6580
2024-05-01,BR07,AML & Financial Crime,Technology & Systems,12820,13720,900
2024-05-01,BR07,AML & Financial Crime,Screening & Data Vendors,5130,5050,-80
2024-05-01,BR07,AML & Financial Crime,Premises,10260,10210,-50
2024-05-01,BR07,AML & Financial Crime,Outsourcing,5990,6290,300
2024-05-01,BR07,AML & Financial Crime,Training,1710,2000,290
2024-05-01,BR07,AML & Financial Crime,Other,2560,2850,290
2024-05-01,BR07,Payments Ops,Staff,32920,34640,1720
2024-05-01,BR07,Payments Ops,Technology & Systems,8980,9040,60
2024-05-01,BR07,Payments Ops,Screening & Data Vendors,3590,3690,100
2024-05-01,BR07,Payments Ops,Premises,7180,6890,-290
2024-05-01,BR07,Payments Ops,Outsourcing,4190,4080,-110
2024-05-01,BR07,Payments Ops,Training,1200,1250,50
2024-05-01,BR07,Payments Ops,Other,1800,1800,0
2024-05-01,BR07,IT & Technology,Staff,56430,53960,-2470
2024-05-01,BR07,IT & Technology,Technology & Systems,15390,15550,160
2024-05-01,BR07,IT & Technology,Screening & Data Vendors,6160,6160,0
2024-05-01,BR07,IT & Technology,Premises,12310,12550,240
2024-05-01,BR07,IT & Technology,Outsourcing,7180,7480,300
2024-05-01,BR07,IT & Technology,Training,2050,2240,190
2024-05-01,BR07,IT & Technology,Other,3080,3080,0
2024-05-01,BR07,Compliance,Staff,28220,29510,1290
2024-05-01,BR07,Compliance,Technology & Systems,7700,8410,710
2024-05-01,BR07,Compliance,Screening & Data Vendors,3080,3270,190
2024-05-01,BR07,Compliance,Premises,6160,6390,230
2024-05-01,BR07,Compliance,Outsourcing,3590,3770,180
2024-05-01,BR07,Compliance,Training,1030,1090,60
2024-05-01,BR07,Compliance,Other,1540,1640,100
2024-06-01,BR07,Retail Banking Ops,Staff,94050,83750,-10300
2024-06-01,BR07,Retail Banking Ops,Technology & Systems,25650,24490,-1160
2024-06-01,BR07,Retail Banking Ops,Screening & Data Vendors,10260,10340,80
2024-06-01,BR07,Retail Banking Ops,Premises,20520,21950,1430
2024-06-01,BR07,Retail Banking Ops,Outsourcing,11970,12230,260
2024-06-01,BR07,Retail Banking Ops,Training,3420,3490,70
2024-06-01,BR07,Retail Banking Ops,Other,5130,5360,230
2024-06-01,BR07,KYC & Onboarding,Staff,42320,45160,2840
2024-06-01,BR07,KYC & Onboarding,Technology & Systems,11540,12960,1420
2024-06-01,BR07,KYC & Onboarding,Screening & Data Vendors,4620,5060,440
2024-06-01,BR07,KYC & Onboarding,Premises,9230,10420,1190
2024-06-01,BR07,KYC & Onboarding,Outsourcing,5390,5130,-260
2024-06-01,BR07,KYC & Onboarding,Training,1540,1710,170
2024-06-01,BR07,KYC & Onboarding,Other,2310,2380,70
2024-06-01,BR07,AML & Financial Crime,Staff,47030,49620,2590
2024-06-01,BR07,AML & Financial Crime,Technology & Systems,12820,12320,-500
2024-06-01,BR07,AML & Financial Crime,Screening & Data Vendors,5130,5180,50
2024-06-01,BR07,AML & Financial Crime,Premises,10260,10800,540
2024-06-01,BR07,AML & Financial Crime,Outsourcing,5990,6540,550
2024-06-01,BR07,AML & Financial Crime,Training,1710,1900,190
2024-06-01,BR07,AML & Financial Crime,Other,2560,2660,100
2024-06-01,BR07,Payments Ops,Staff,32920,36950,4030
2024-06-01,BR07,Payments Ops,Technology & Systems,8980,8960,-20
2024-06-01,BR07,Payments Ops,Screening & Data Vendors,3590,3290,-300
2024-06-01,BR07,Payments Ops,Premises,7180,7940,760
2024-06-01,BR07,Payments Ops,Outsourcing,4190,4130,-60
2024-06-01,BR07,Payments Ops,Training,1200,1240,40
2024-06-01,BR07,Payments Ops,Other,1800,1970,170
2024-06-01,BR07,IT & Technology,Staff,56430,60510,4080
2024-06-01,BR07,IT & Technology,Technology & Systems,15390,18420,3030
2024-06-01,BR07,IT & Technology,Screening & Data Vendors,6160,6150,-10
2024-06-01,BR07,IT & Technology,Premises,12310,13100,790
2024-06-01,BR07,IT & Technology,Outsourcing,7180,7240,60
2024-06-01,BR07,IT & Technology,Training,2050,2150,100
2024-06-01,BR07,IT & Technology,Other,3080,3160,80
2024-06-01,BR07,Compliance,Staff,28220,27860,-360
2024-06-01,BR07,Compliance,Technology & Systems,7700,8290,590
2024-06-01,BR07,Compliance,Screening & Data Vendors,3080,3140,60
2024-06-01,BR07,Compliance,Premises,6160,6130,-30
2024-06-01,BR07,Compliance,Outsourcing,3590,3570,-20
2024-06-01,BR07,Compliance,Training,1030,1060,30
2024-06-01,BR07,Compliance,Other,1540,1650,110
2024-07-01,BR07,Retail Banking Ops,Staff,94050,93780,-270
2024-07-01,BR07,Retail Banking Ops,Technology & Systems,25650,23630,-2020
2024-07-01,BR07,Retail Banking Ops,Screening & Data Vendors,10260,10230,-30
2024-07-01,BR07,Retail Banking Ops,Premises,20520,19280,-1240
2024-07-01,BR07,Retail Banking Ops,Outsourcing,11970,11500,-470
2024-07-01,BR07,Retail Banking Ops,Training,3420,3660,240
2024-07-01,BR07,Retail Banking Ops,Other,5130,5260,130
2024-07-01,BR07,KYC & Onboarding,Staff,42320,43640,1320
2024-07-01,BR07,KYC & Onboarding,Technology & Systems,11540,12410,870
2024-07-01,BR07,KYC & Onboarding,Screening & Data Vendors,4620,4600,-20
2024-07-01,BR07,KYC & Onboarding,Premises,9230,9340,110
2024-07-01,BR07,KYC & Onboarding,Outsourcing,5390,6130,740
2024-07-01,BR07,KYC & Onboarding,Training,1540,1510,-30
2024-07-01,BR07,KYC & Onboarding,Other,2310,2400,90
2024-07-01,BR07,AML & Financial Crime,Staff,47030,48910,1880
2024-07-01,BR07,AML & Financial Crime,Technology & Systems,12820,12070,-750
2024-07-01,BR07,AML & Financial Crime,Screening & Data Vendors,5130,5800,670
2024-07-01,BR07,AML & Financial Crime,Premises,10260,12130,1870
2024-07-01,BR07,AML & Financial Crime,Outsourcing,5990,6340,350
2024-07-01,BR07,AML & Financial Crime,Training,1710,1860,150
2024-07-01,BR07,AML & Financial Crime,Other,2560,2770,210
2024-07-01,BR07,Payments Ops,Staff,32920,36900,3980
2024-07-01,BR07,Payments Ops,Technology & Systems,8980,9200,220
2024-07-01,BR07,Payments Ops,Screening & Data Vendors,3590,3620,30
2024-07-01,BR07,Payments Ops,Premises,7180,6950,-230
2024-07-01,BR07,Payments Ops,Outsourcing,4190,4150,-40
2024-07-01,BR07,Payments Ops,Training,1200,1320,120
2024-07-01,BR07,Payments Ops,Other,1800,1800,0
2024-07-01,BR07,IT & Technology,Staff,56430,59860,3430
2024-07-01,BR07,IT & Technology,Technology & Systems,15390,14280,-1110
2024-07-01,BR07,IT & Technology,Screening & Data Vendors,6160,6070,-90
2024-07-01,BR07,IT & Technology,Premises,12310,12410,100
2024-07-01,BR07,IT & Technology,Outsourcing,7180,7940,760
2024-07-01,BR07,IT & Technology,Training,2050,2070,20
2024-07-01,BR07,IT & Technology,Other,3080,3390,310
2024-07-01,BR07,Compliance,Staff,28220,29140,920
2024-07-01,BR07,Compliance,Technology & Systems,7700,7830,130
2024-07-01,BR07,Compliance,Screening & Data Vendors,3080,3020,-60
2024-07-01,BR07,Compliance,Premises,6160,6250,90
2024-07-01,BR07,Compliance,Outsourcing,3590,3360,-230
2024-07-01,BR07,Compliance,Training,1030,1050,20
2024-07-01,BR07,Compliance,Other,1540,1540,0
2024-08-01,BR07,Retail Banking Ops,Staff,94050,97640,3590
2024-08-01,BR07,Retail Banking Ops,Technology & Systems,25650,25430,-220
2024-08-01,BR07,Retail Banking Ops,Screening & Data Vendors,10260,11070,810
2024-08-01,BR07,Retail Banking Ops,Premises,20520,21560,1040
2024-08-01,BR07,Retail Banking Ops,Outsourcing,11970,12430,460
2024-08-01,BR07,Retail Banking Ops,Training,3420,3260,-160
2024-08-01,BR07,Retail Banking Ops,Other,5130,5290,160
2024-08-01,BR07,KYC & Onboarding,Staff,42320,50310,7990
2024-08-01,BR07,KYC & Onboarding,Technology & Systems,11540,12530,990
2024-08-01,BR07,KYC & Onboarding,Screening & Data Vendors,4620,5350,730
2024-08-01,BR07,KYC & Onboarding,Premises,9230,10280,1050
2024-08-01,BR07,KYC & Onboarding,Outsourcing,5390,5610,220
2024-08-01,BR07,KYC & Onboarding,Training,1540,1680,140
2024-08-01,BR07,KYC & Onboarding,Other,2310,2440,130
2024-08-01,BR07,AML & Financial Crime,Staff,47030,55160,8130
2024-08-01,BR07,AML & Financial Crime,Technology & Systems,12820,13860,1040
2024-08-01,BR07,AML & Financial Crime,Screening & Data Vendors,5130,5470,340
2024-08-01,BR07,AML & Financial Crime,Premises,10260,9500,-760
2024-08-01,BR07,AML & Financial Crime,Outsourcing,5990,6650,660
2024-08-01,BR07,AML & Financial Crime,Training,1710,1810,100
2024-08-01,BR07,AML & Financial Crime,Other,2560,2720,160
2024-08-01,BR07,Payments Ops,Staff,32920,32690,-230
2024-08-01,BR07,Payments Ops,Technology & Systems,8980,9850,870
2024-08-01,BR07,Payments Ops,Screening & Data Vendors,3590,3800,210
2024-08-01,BR07,Payments Ops,Premises,7180,7250,70
2024-08-01,BR07,Payments Ops,Outsourcing,4190,4240,50
2024-08-01,BR07,Payments Ops,Training,1200,1250,50
2024-08-01,BR07,Payments Ops,Other,1800,1840,40
2024-08-01,BR07,IT & Technology,Staff,56430,52970,-3460
2024-08-01,BR07,IT & Technology,Technology & Systems,15390,17730,2340
2024-08-01,BR07,IT & Technology,Screening & Data Vendors,6160,6070,-90
2024-08-01,BR07,IT & Technology,Premises,12310,11600,-710
2024-08-01,BR07,IT & Technology,Outsourcing,7180,7820,640
2024-08-01,BR07,IT & Technology,Training,2050,2110,60
2024-08-01,BR07,IT & Technology,Other,3080,3300,220
2024-08-01,BR07,Compliance,Staff,28220,28640,420
2024-08-01,BR07,Compliance,Technology & Systems,7700,8970,1270
2024-08-01,BR07,Compliance,Screening & Data Vendors,3080,3120,40
2024-08-01,BR07,Compliance,Premises,6160,6410,250
2024-08-01,BR07,Compliance,Outsourcing,3590,3760,170
2024-08-01,BR07,Compliance,Training,1030,1210,180
2024-08-01,BR07,Compliance,Other,1540,1500,-40
2024-09-01,BR07,Retail Banking Ops,Staff,94050,93740,-310
2024-09-01,BR07,Retail Banking Ops,Technology & Systems,25650,29000,3350
2024-09-01,BR07,Retail Banking Ops,Screening & Data Vendors,10260,10280,20
2024-09-01,BR07,Retail Banking Ops,Premises,20520,20470,-50
2024-09-01,BR07,Retail Banking Ops,Outsourcing,11970,13280,1310
2024-09-01,BR07,Retail Banking Ops,Training,3420,3650,230
2024-09-01,BR07,Retail Banking Ops,Other,5130,5230,100
2024-09-01,BR07,KYC & Onboarding,Staff,42320,44790,2470
2024-09-01,BR07,KYC & Onboarding,Technology & Systems,11540,10840,-700
2024-09-01,BR07,KYC & Onboarding,Screening & Data Vendors,4620,5220,600
2024-09-01,BR07,KYC & Onboarding,Premises,9230,9540,310
2024-09-01,BR07,KYC & Onboarding,Outsourcing,5390,5480,90
2024-09-01,BR07,KYC & Onboarding,Training,1540,1580,40
2024-09-01,BR07,KYC & Onboarding,Other,2310,2340,30
2024-09-01,BR07,AML & Financial Crime,Staff,47030,49380,2350
2024-09-01,BR07,AML & Financial Crime,Technology & Systems,12820,14150,1330
2024-09-01,BR07,AML & Financial Crime,Screening & Data Vendors,5130,5470,340
2024-09-01,BR07,AML & Financial Crime,Premises,10260,11650,1390
2024-09-01,BR07,AML & Financial Crime,Outsourcing,5990,6550,560
2024-09-01,BR07,AML & Financial Crime,Training,1710,2130,420
2024-09-01,BR07,AML & Financial Crime,Other,2560,2690,130
2024-09-01,BR07,Payments Ops,Staff,32920,34320,1400
2024-09-01,BR07,Payments Ops,Technology & Systems,8980,8600,-380
2024-09-01,BR07,Payments Ops,Screening & Data Vendors,3590,3460,-130
2024-09-01,BR07,Payments Ops,Premises,7180,7680,500
2024-09-01,BR07,Payments Ops,Outsourcing,4190,4510,320
2024-09-01,BR07,Payments Ops,Training,1200,1090,-110
2024-09-01,BR07,Payments Ops,Other,1800,1870,70
2024-09-01,BR07,IT & Technology,Staff,56430,60660,4230
2024-09-01,BR07,IT & Technology,Technology & Systems,15390,17730,2340
2024-09-01,BR07,IT & Technology,Screening & Data Vendors,6160,6180,20
2024-09-01,BR07,IT & Technology,Premises,12310,13060,750
2024-09-01,BR07,IT & Technology,Outsourcing,7180,7760,580
2024-09-01,BR07,IT & Technology,Training,2050,2040,-10
2024-09-01,BR07,IT & Technology,Other,3080,3230,150
2024-09-01,BR07,Compliance,Staff,28220,28580,360
2024-09-01,BR07,Compliance,Technology & Systems,7700,7710,10
2024-09-01,BR07,Compliance,Screening & Data Vendors,3080,3200,120
2024-09-01,BR07,Compliance,Premises,6160,6240,80
2024-09-01,BR07,Compliance,Outsourcing,3590,4010,420
2024-09-01,BR07,Compliance,Training,1030,1080,50
2024-09-01,BR07,Compliance,Other,1540,1660,120
2024-10-01,BR07,Retail Banking Ops,Staff,94050,103280,9230
2024-10-01,BR07,Retail Banking Ops,Technology & Systems,25650,25780,130
2024-10-01,BR07,Retail Banking Ops,Screening & Data Vendors,10260,9960,-300
2024-10-01,BR07,Retail Banking Ops,Premises,20520,22650,2130
2024-10-01,BR07,Retail Banking Ops,Outsourcing,11970,12020,50
2024-10-01,BR07,Retail Banking Ops,Training,3420,3480,60
2024-10-01,BR07,Retail Banking Ops,Other,5130,5020,-110
2024-10-01,BR07,KYC & Onboarding,Staff,42320,46720,4400
2024-10-01,BR07,KYC & Onboarding,Technology & Systems,11540,13520,1980
2024-10-01,BR07,KYC & Onboarding,Screening & Data Vendors,4620,5220,600
2024-10-01,BR07,KYC & Onboarding,Premises,9230,9450,220
2024-10-01,BR07,KYC & Onboarding,Outsourcing,5390,6370,980
2024-10-01,BR07,KYC & Onboarding,Training,1540,1670,130
2024-10-01,BR07,KYC & Onboarding,Other,2310,2610,300
2024-10-01,BR07,AML & Financial Crime,Staff,47030,52630,5600
2024-10-01,BR07,AML & Financial Crime,Technology & Systems,12820,14560,1740
2024-10-01,BR07,AML & Financial Crime,Screening & Data Vendors,5130,6130,1000
2024-10-01,BR07,AML & Financial Crime,Premises,10260,11670,1410
2024-10-01,BR07,AML & Financial Crime,Outsourcing,5990,6460,470
2024-10-01,BR07,AML & Financial Crime,Training,1710,1930,220
2024-10-01,BR07,AML & Financial Crime,Other,2560,2880,320
2024-10-01,BR07,Payments Ops,Staff,32920,35120,2200
2024-10-01,BR07,Payments Ops,Technology & Systems,8980,9570,590
2024-10-01,BR07,Payments Ops,Screening & Data Vendors,3590,3720,130
2024-10-01,BR07,Payments Ops,Premises,7180,7440,260
2024-10-01,BR07,Payments Ops,Outsourcing,4190,4450,260
2024-10-01,BR07,Payments Ops,Training,1200,1350,150
2024-10-01,BR07,Payments Ops,Other,1800,1800,0
2024-10-01,BR07,IT & Technology,Staff,56430,60940,4510
2024-10-01,BR07,IT & Technology,Technology & Systems,15390,14240,-1150
2024-10-01,BR07,IT & Technology,Screening & Data Vendors,6160,6240,80
2024-10-01,BR07,IT & Technology,Premises,12310,12520,210
2024-10-01,BR07,IT & Technology,Outsourcing,7180,6930,-250
2024-10-01,BR07,IT & Technology,Training,2050,2060,10
2024-10-01,BR07,IT & Technology,Other,3080,3400,320
2024-10-01,BR07,Compliance,Staff,28220,28020,-200
2024-10-01,BR07,Compliance,Technology & Systems,7700,8690,990
2024-10-01,BR07,Compliance,Screening & Data Vendors,3080,3310,230
2024-10-01,BR07,Compliance,Premises,6160,6210,50
2024-10-01,BR07,Compliance,Outsourcing,3590,3890,300
2024-10-01,BR07,Compliance,Training,1030,1090,60
2024-10-01,BR07,Compliance,Other,1540,1730,190
2024-11-01,BR07,Retail Banking Ops,Staff,94050,93320,-730
2024-11-01,BR07,Retail Banking Ops,Technology & Systems,25650,28180,2530
2024-11-01,BR07,Retail Banking Ops,Screening & Data Vendors,10260,11190,930
2024-11-01,BR07,Retail Banking Ops,Premises,20520,22640,2120
2024-11-01,BR07,Retail Banking Ops,Outsourcing,11970,12510,540
2024-11-01,BR07,Retail Banking Ops,Training,3420,3500,80
2024-11-01,BR07,Retail Banking Ops,Other,5130,5650,520
2024-11-01,BR07,KYC & Onboarding,Staff,42320,42620,300
2024-11-01,BR07,KYC & Onboarding,Technology & Systems,11540,13630,2090
2024-11-01,BR07,KYC & Onboarding,Screening & Data Vendors,4620,4950,330
2024-11-01,BR07,KYC & Onboarding,Premises,9230,10210,980
2024-11-01,BR07,KYC & Onboarding,Outsourcing,5390,6090,700
2024-11-01,BR07,KYC & Onboarding,Training,1540,1690,150
2024-11-01,BR07,KYC & Onboarding,Other,2310,2630,320
2024-11-01,BR07,AML & Financial Crime,Staff,47030,53970,6940
2024-11-01,BR07,AML & Financial Crime,Technology & Systems,12820,14430,1610
2024-11-01,BR07,AML & Financial Crime,Screening & Data Vendors,5130,5570,440
2024-11-01,BR07,AML & Financial Crime,Premises,10260,11080,820
2024-11-01,BR07,AML & Financial Crime,Outsourcing,5990,6740,750
2024-11-01,BR07,AML & Financial Crime,Training,1710,1690,-20
2024-11-01,BR07,AML & Financial Crime,Other,2560,3180,620
2024-11-01,BR07,Payments Ops,Staff,32920,35550,2630
2024-11-01,BR07,Payments Ops,Technology & Systems,8980,8990,10
2024-11-01,BR07,Payments Ops,Screening & Data Vendors,3590,3710,120
2024-11-01,BR07,Payments Ops,Premises,7180,7380,200
2024-11-01,BR07,Payments Ops,Outsourcing,4190,4890,700
2024-11-01,BR07,Payments Ops,Training,1200,1160,-40
2024-11-01,BR07,Payments Ops,Other,1800,1770,-30
2024-11-01,BR07,IT & Technology,Staff,56430,58930,2500
2024-11-01,BR07,IT & Technology,Technology & Systems,15390,16320,930
2024-11-01,BR07,IT & Technology,Screening & Data Vendors,6160,6460,300
2024-11-01,BR07,IT & Technology,Premises,12310,13240,930
2024-11-01,BR07,IT & Technology,Outsourcing,7180,7560,380
2024-11-01,BR07,IT & Technology,Training,2050,2120,70
2024-11-01,BR07,IT & Technology,Other,3080,3350,270
2024-11-01,BR07,Compliance,Staff,28220,27590,-630
2024-11-01,BR07,Compliance,Technology & Systems,7700,8420,720
2024-11-01,BR07,Compliance,Screening & Data Vendors,3080,2860,-220
2024-11-01,BR07,Compliance,Premises,6160,6990,830
2024-11-01,BR07,Compliance,Outsourcing,3590,3620,30
2024-11-01,BR07,Compliance,Training,1030,1110,80
2024-11-01,BR07,Compliance,Other,1540,1510,-30
2024-12-01,BR07,Retail Banking Ops,Staff,94050,97950,3900
2024-12-01,BR07,Retail Banking Ops,Technology & Systems,25650,25280,-370
2024-12-01,BR07,Retail Banking Ops,Screening & Data Vendors,10260,10320,60
2024-12-01,BR07,Retail Banking Ops,Premises,20520,20380,-140
2024-12-01,BR07,Retail Banking Ops,Outsourcing,11970,12600,630
2024-12-01,BR07,Retail Banking Ops,Training,3420,3920,500
2024-12-01,BR07,Retail Banking Ops,Other,5130,5430,300
2024-12-01,BR07,KYC & Onboarding,Staff,42320,46370,4050
2024-12-01,BR07,KYC & Onboarding,Technology & Systems,11540,13500,1960
2024-12-01,BR07,KYC & Onboarding,Screening & Data Vendors,4620,4990,370
2024-12-01,BR07,KYC & Onboarding,Premises,9230,9450,220
2024-12-01,BR07,KYC & Onboarding,Outsourcing,5390,5660,270
2024-12-01,BR07,KYC & Onboarding,Training,1540,1810,270
2024-12-01,BR07,KYC & Onboarding,Other,2310,2640,330
2024-12-01,BR07,AML & Financial Crime,Staff,47030,56590,9560
2024-12-01,BR07,AML & Financial Crime,Technology & Systems,12820,14690,1870
2024-12-01,BR07,AML & Financial Crime,Screening & Data Vendors,5130,5770,640
2024-12-01,BR07,AML & Financial Crime,Premises,10260,11300,1040
2024-12-01,BR07,AML & Financial Crime,Outsourcing,5990,6910,920
2024-12-01,BR07,AML & Financial Crime,Training,1710,1860,150
2024-12-01,BR07,AML & Financial Crime,Other,2560,3120,560
2024-12-01,BR07,Payments Ops,Staff,32920,32060,-860
2024-12-01,BR07,Payments Ops,Technology & Systems,8980,9300,320
2024-12-01,BR07,Payments Ops,Screening & Data Vendors,3590,3760,170
2024-12-01,BR07,Payments Ops,Premises,7180,7590,410
2024-12-01,BR07,Payments Ops,Outsourcing,4190,4230,40
2024-12-01,BR07,Payments Ops,Training,1200,1320,120
2024-12-01,BR07,Payments Ops,Other,1800,1840,40
2024-12-01,BR07,IT & Technology,Staff,56430,56000,-430
2024-12-01,BR07,IT & Technology,Technology & Systems,15390,14920,-470
2024-12-01,BR07,IT & Technology,Screening & Data Vendors,6160,6270,110
2024-12-01,BR07,IT & Technology,Premises,12310,12370,60
2024-12-01,BR07,IT & Technology,Outsourcing,7180,7600,420
2024-12-01,BR07,IT & Technology,Training,2050,2140,90
2024-12-01,BR07,IT & Technology,Other,3080,3290,210
2024-12-01,BR07,Compliance,Staff,28220,31210,2990
2024-12-01,BR07,Compliance,Technology & Systems,7700,8400,700
2024-12-01,BR07,Compliance,Screening & Data Vendors,3080,3120,40
2024-12-01,BR07,Compliance,Premises,6160,5970,-190
2024-12-01,BR07,Compliance,Outsourcing,3590,3770,180
2024-12-01,BR07,Compliance,Training,1030,1100,70
2024-12-01,BR07,Compliance,Other,1540,1630,90
2025-01-01,BR07,Retail Banking Ops,Staff,94050,97690,3640
2025-01-01,BR07,Retail Banking Ops,Technology & Systems,25650,29790,4140
2025-01-01,BR07,Retail Banking Ops,Screening & Data Vendors,10260,11050,790
2025-01-01,BR07,Retail Banking Ops,Premises,20520,22810,2290
2025-01-01,BR07,Retail Banking Ops,Outsourcing,11970,11530,-440
2025-01-01,BR07,Retail Banking Ops,Training,3420,3660,240
2025-01-01,BR07,Retail Banking Ops,Other,5130,5520,390
2025-01-01,BR07,KYC & Onboarding,Staff,42320,49650,7330
2025-01-01,BR07,KYC & Onboarding,Technology & Systems,11540,13260,1720
2025-01-01,BR07,KYC & Onboarding,Screening & Data Vendors,4620,5210,590
2025-01-01,BR07,KYC & Onboarding,Premises,9230,10240,1010
2025-01-01,BR07,KYC & Onboarding,Outsourcing,5390,6470,1080
2025-01-01,BR07,KYC & Onboarding,Training,1540,1810,270
2025-01-01,BR07,KYC & Onboarding,Other,2310,2720,410
2025-01-01,BR07,AML & Financial Crime,Staff,47030,50040,3010
2025-01-01,BR07,AML & Financial Crime,Technology & Systems,12820,14990,2170
2025-01-01,BR07,AML & Financial Crime,Screening & Data Vendors,5130,6060,930
2025-01-01,BR07,AML & Financial Crime,Premises,10260,12010,1750
2025-01-01,BR07,AML & Financial Crime,Outsourcing,5990,6760,770
2025-01-01,BR07,AML & Financial Crime,Training,1710,1950,240
2025-01-01,BR07,AML & Financial Crime,Other,2560,2760,200
2025-01-01,BR07,Payments Ops,Staff,32920,36720,3800
2025-01-01,BR07,Payments Ops,Technology & Systems,8980,10310,1330
2025-01-01,BR07,Payments Ops,Screening & Data Vendors,3590,3900,310
2025-01-01,BR07,Payments Ops,Premises,7180,7330,150
2025-01-01,BR07,Payments Ops,Outsourcing,4190,4310,120
2025-01-01,BR07,Payments Ops,Training,1200,1210,10
2025-01-01,BR07,Payments Ops,Other,1800,1990,190
2025-01-01,BR07,IT & Technology,Staff,56430,57100,670
2025-01-01,BR07,IT & Technology,Technology & Systems,15390,16760,1370
2025-01-01,BR07,IT & Technology,Screening & Data Vendors,6160,6560,400
2025-01-01,BR07,IT & Technology,Premises,12310,13730,1420
2025-01-01,BR07,IT & Technology,Outsourcing,7180,8100,920
2025-01-01,BR07,IT & Technology,Training,2050,2210,160
2025-01-01,BR07,IT & Technology,Other,3080,3050,-30
2025-01-01,BR07,Compliance,Staff,28220,30720,2500
2025-01-01,BR07,Compliance,Technology & Systems,7700,7490,-210
2025-01-01,BR07,Compliance,Screening & Data Vendors,3080,3190,110
2025-01-01,BR07,Compliance,Premises,6160,6900,740
2025-01-01,BR07,Compliance,Outsourcing,3590,3840,250
2025-01-01,BR07,Compliance,Training,1030,1010,-20
2025-01-01,BR07,Compliance,Other,1540,1650,110
2025-02-01,BR07,Retail Banking Ops,Staff,94050,105010,10960
2025-02-01,BR07,Retail Banking Ops,Technology & Systems,25650,26990,1340
2025-02-01,BR07,Retail Banking Ops,Screening & Data Vendors,10260,11650,1390
2025-02-01,BR07,Retail Banking Ops,Premises,20520,22000,1480
2025-02-01,BR07,Retail Banking Ops,Outsourcing,11970,12930,960
2025-02-01,BR07,Retail Banking Ops,Training,3420,3810,390
2025-02-01,BR07,Retail Banking Ops,Other,5130,5190,60
2025-02-01,BR07,KYC & Onboarding,Staff,42320,48040,5720
2025-02-01,BR07,KYC & Onboarding,Technology & Systems,11540,13710,2170
2025-02-01,BR07,KYC & Onboarding,Screening & Data Vendors,4620,4830,210
2025-02-01,BR07,KYC & Onboarding,Premises,9230,11060,1830
2025-02-01,BR07,KYC & Onboarding,Outsourcing,5390,6350,960
2025-02-01,BR07,KYC & Onboarding,Training,1540,1790,250
2025-02-01,BR07,KYC & Onboarding,Other,2310,2810,500
2025-02-01,BR07,AML & Financial Crime,Staff,47030,52730,5700
2025-02-01,BR07,AML & Financial Crime,Technology & Systems,12820,13830,1010
2025-02-01,BR07,AML & Financial Crime,Screening & Data Vendors,5130,6340,1210
2025-02-01,BR07,AML & Financial Crime,Premises,10260,11020,760
2025-02-01,BR07,AML & Financial Crime,Outsourcing,5990,7230,1240
2025-02-01,BR07,AML & Financial Crime,Training,1710,1960,250
2025-02-01,BR07,AML & Financial Crime,Other,2560,3040,480
2025-02-01,BR07,Payments Ops,Staff,32920,32730,-190
2025-02-01,BR07,Payments Ops,Technology & Systems,8980,9150,170
2025-02-01,BR07,Payments Ops,Screening & Data Vendors,3590,3930,340
2025-02-01,BR07,Payments Ops,Premises,7180,7770,590
2025-02-01,BR07,Payments Ops,Outsourcing,4190,4250,60
2025-02-01,BR07,Payments Ops,Training,1200,1260,60
2025-02-01,BR07,Payments Ops,Other,1800,1780,-20
2025-02-01,BR07,IT & Technology,Staff,56430,57200,770
2025-02-01,BR07,IT & Technology,Technology & Systems,15390,15710,320
2025-02-01,BR07,IT & Technology,Screening & Data Vendors,6160,6000,-160
2025-02-01,BR07,IT & Technology,Premises,12310,12920,610
2025-02-01,BR07,IT & Technology,Outsourcing,7180,7430,250
2025-02-01,BR07,IT & Technology,Training,2050,2310,260
2025-02-01,BR07,IT & Technology,Other,3080,3060,-20
2025-02-01,BR07,Compliance,Staff,28220,30010,1790
2025-02-01,BR07,Compliance,Technology & Systems,7700,8180,480
2025-02-01,BR07,Compliance,Screening & Data Vendors,3080,3010,-70
2025-02-01,BR07,Compliance,Premises,6160,5570,-590
2025-02-01,BR07,Compliance,Outsourcing,3590,3650,60
2025-02-01,BR07,Compliance,Training,1030,1160,130
2025-02-01,BR07,Compliance,Other,1540,1670,130
2025-03-01,BR07,Retail Banking Ops,Staff,94050,98060,4010
2025-03-01,BR07,Retail Banking Ops,Technology & Systems,25650,26490,840
2025-03-01,BR07,Retail Banking Ops,Screening & Data Vendors,10260,11130,870
2025-03-01,BR07,Retail Banking Ops,Premises,20520,21660,1140
2025-03-01,BR07,Retail Banking Ops,Outsourcing,11970,13640,1670
2025-03-01,BR07,Retail Banking Ops,Training,3420,3640,220
2025-03-01,BR07,Retail Banking Ops,Other,5130,5480,350
2025-03-01,BR07,KYC & Onboarding,Staff,42320,47690,5370
2025-03-01,BR07,KYC & Onboarding,Technology & Systems,11540,12520,980
2025-03-01,BR07,KYC & Onboarding,Screening & Data Vendors,4620,5530,910
2025-03-01,BR07,KYC & Onboarding,Premises,9230,10560,1330
2025-03-01,BR07,KYC & Onboarding,Outsourcing,5390,6350,960
2025-03-01,BR07,KYC & Onboarding,Training,1540,1750,210
2025-03-01,BR07,KYC & Onboarding,Other,2310,2520,210
2025-03-01,BR07,AML & Financial Crime,Staff,47030,54110,7080
2025-03-01,BR07,AML & Financial Crime,Technology & Systems,12820,14910,2090
2025-03-01,BR07,AML & Financial Crime,Screening & Data Vendors,5130,5530,400
2025-03-01,BR07,AML & Financial Crime,Premises,10260,11870,1610
2025-03-01,BR07,AML & Financial Crime,Outsourcing,5990,6600,610
2025-03-01,BR07,AML & Financial Crime,Training,1710,1720,10
2025-03-01,BR07,AML & Financial Crime,Other,2560,2960,400
2025-03-01,BR07,Payments Ops,Staff,32920,34670,1750
2025-03-01,BR07,Payments Ops,Technology & Systems,8980,9390,410
2025-03-01,BR07,Payments Ops,Screening & Data Vendors,3590,3790,200
2025-03-01,BR07,Payments Ops,Premises,7180,7750,570
2025-03-01,BR07,Payments Ops,Outsourcing,4190,4850,660
2025-03-01,BR07,Payments Ops,Training,1200,1230,30
2025-03-01,BR07,Payments Ops,Other,1800,1740,-60
2025-03-01,BR07,IT & Technology,Staff,56430,59160,2730
2025-03-01,BR07,IT & Technology,Technology & Systems,15390,15390,0
2025-03-01,BR07,IT & Technology,Screening & Data Vendors,6160,6460,300
2025-03-01,BR07,IT & Technology,Premises,12310,11900,-410
2025-03-01,BR07,IT & Technology,Outsourcing,7180,8140,960
2025-03-01,BR07,IT & Technology,Training,2050,2100,50
2025-03-01,BR07,IT & Technology,Other,3080,3240,160
2025-03-01,BR07,Compliance,Staff,28220,28490,270
2025-03-01,BR07,Compliance,Technology & Systems,7700,7630,-70
2025-03-01,BR07,Compliance,Screening & Data Vendors,3080,3340,260
2025-03-01,BR07,Compliance,Premises,6160,6050,-110
2025-03-01,BR07,Compliance,Outsourcing,3590,3960,370
2025-03-01,BR07,Compliance,Training,1030,1160,130
2025-03-01,BR07,Compliance,Other,1540,1770,230
2025-04-01,BR07,Retail Banking Ops,Staff,94050,99090,5040
2025-04-01,BR07,Retail Banking Ops,Technology & Systems,25650,26840,1190
2025-04-01,BR07,Retail Banking Ops,Screening & Data Vendors,10260,10480,220
2025-04-01,BR07,Retail Banking Ops,Premises,20520,22190,1670
2025-04-01,BR07,Retail Banking Ops,Outsourcing,11970,12050,80
2025-04-01,BR07,Retail Banking Ops,Training,3420,3910,490
2025-04-01,BR07,Retail Banking Ops,Other,5130,5310,180
2025-04-01,BR07,KYC & Onboarding,Staff,42320,49930,7610
2025-04-01,BR07,KYC & Onboarding,Technology & Systems,11540,13700,2160
2025-04-01,BR07,KYC & Onboarding,Screening & Data Vendors,4620,4990,370
2025-04-01,BR07,KYC & Onboarding,Premises,9230,9660,430
2025-04-01,BR07,KYC & Onboarding,Outsourcing,5390,6530,1140
2025-04-01,BR07,KYC & Onboarding,Training,1540,1870,330
2025-04-01,BR07,KYC & Onboarding,Other,2310,2970,660
2025-04-01,BR07,AML & Financial Crime,Staff,47030,54730,7700
2025-04-01,BR07,AML & Financial Crime,Technology & Systems,12820,13920,1100
2025-04-01,BR07,AML & Financial Crime,Screening & Data Vendors,5130,6050,920
2025-04-01,BR07,AML & Financial Crime,Premises,10260,12430,2170
2025-04-01,BR07,AML & Financial Crime,Outsourcing,5990,7530,1540
2025-04-01,BR07,AML & Financial Crime,Training,1710,2050,340
2025-04-01,BR07,AML & Financial Crime,Other,2560,2850,290
2025-04-01,BR07,Payments Ops,Staff,32920,32860,-60
2025-04-01,BR07,Payments Ops,Technology & Systems,8980,9160,180
2025-04-01,BR07,Payments Ops,Screening & Data Vendors,3590,3800,210
2025-04-01,BR07,Payments Ops,Premises,7180,8020,840
2025-04-01,BR07,Payments Ops,Outsourcing,4190,4260,70
2025-04-01,BR07,Payments Ops,Training,1200,1180,-20
2025-04-01,BR07,Payments Ops,Other,1800,2010,210
2025-04-01,BR07,IT & Technology,Staff,56430,59950,3520
2025-04-01,BR07,IT & Technology,Technology & Systems,15390,16210,820
2025-04-01,BR07,IT & Technology,Screening & Data Vendors,6160,6480,320
2025-04-01,BR07,IT & Technology,Premises,12310,13000,690
2025-04-01,BR07,IT & Technology,Outsourcing,7180,7590,410
2025-04-01,BR07,IT & Technology,Training,2050,2160,110
2025-04-01,BR07,IT & Technology,Other,3080,3370,290
2025-04-01,BR07,Compliance,Staff,28220,28860,640
2025-04-01,BR07,Compliance,Technology & Systems,7700,7930,230
2025-04-01,BR07,Compliance,Screening & Data Vendors,3080,3510,430
2025-04-01,BR07,Compliance,Premises,6160,6450,290
2025-04-01,BR07,Compliance,Outsourcing,3590,3860,270
2025-04-01,BR07,Compliance,Training,1030,1120,90
2025-04-01,BR07,Compliance,Other,1540,1610,70
2025-05-01,BR07,Retail Banking Ops,Staff,94050,98660,4610
2025-05-01,BR07,Retail Banking Ops,Technology & Systems,25650,28000,2350
2025-05-01,BR07,Retail Banking Ops,Screening & Data Vendors,10260,11490,1230
2025-05-01,BR07,Retail Banking Ops,Premises,20520,22600,2080
2025-05-01,BR07,Retail Banking Ops,Outsourcing,11970,13060,1090
2025-05-01,BR07,Retail Banking Ops,Training,3420,3560,140
2025-05-01,BR07,Retail Banking Ops,Other,5130,5210,80
2025-05-01,BR07,KYC & Onboarding,Staff,42320,47590,5270
2025-05-01,BR07,KYC & Onboarding,Technology & Systems,11540,13560,2020
2025-05-01,BR07,KYC & Onboarding,Screening & Data Vendors,4620,5680,1060
2025-05-01,BR07,KYC & Onboarding,Premises,9230,11200,1970
2025-05-01,BR07,KYC & Onboarding,Outsourcing,5390,6470,1080
2025-05-01,BR07,KYC & Onboarding,Training,1540,1790,250
2025-05-01,BR07,KYC & Onboarding,Other,2310,2620,310
2025-05-01,BR07,AML & Financial Crime,Staff,47030,55450,8420
2025-05-01,BR07,AML & Financial Crime,Technology & Systems,12820,16470,3650
2025-05-01,BR07,AML & Financial Crime,Screening & Data Vendors,5130,5530,400
2025-05-01,BR07,AML & Financial Crime,Premises,10260,12190,1930
2025-05-01,BR07,AML & Financial Crime,Outsourcing,5990,7150,1160
2025-05-01,BR07,AML & Financial Crime,Training,1710,2130,420
2025-05-01,BR07,AML & Financial Crime,Other,2560,2980,420
2025-05-01,BR07,Payments Ops,Staff,32920,32660,-260
2025-05-01,BR07,Payments Ops,Technology & Systems,8980,9280,300
2025-05-01,BR07,Payments Ops,Screening & Data Vendors,3590,3800,210
2025-05-01,BR07,Payments Ops,Premises,7180,7760,580
2025-05-01,BR07,Payments Ops,Outsourcing,4190,4730,540
2025-05-01,BR07,Payments Ops,Training,1200,1370,170
2025-05-01,BR07,Payments Ops,Other,1800,1870,70
2025-05-01,BR07,IT & Technology,Staff,56430,59400,2970
2025-05-01,BR07,IT & Technology,Technology & Systems,15390,15620,230
2025-05-01,BR07,IT & Technology,Screening & Data Vendors,6160,6650,490
2025-05-01,BR07,IT & Technology,Premises,12310,12980,670
2025-05-01,BR07,IT & Technology,Outsourcing,7180,7480,300
2025-05-01,BR07,IT & Technology,Training,2050,2210,160
2025-05-01,BR07,IT & Technology,Other,3080,3500,420
2025-05-01,BR07,Compliance,Staff,28220,27670,-550
2025-05-01,BR07,Compliance,Technology & Systems,7700,8130,430
2025-05-01,BR07,Compliance,Screening & Data Vendors,3080,3390,310
2025-05-01,BR07,Compliance,Premises,6160,7120,960
2025-05-01,BR07,Compliance,Outsourcing,3590,4080,490
2025-05-01,BR07,Compliance,Training,1030,1210,180
2025-05-01,BR07,Compliance,Other,1540,1720,180
2025-06-01,BR07,Retail Banking Ops,Staff,94050,104850,10800
2025-06-01,BR07,Retail Banking Ops,Technology & Systems,25650,28720,3070
2025-06-01,BR07,Retail Banking Ops,Screening & Data Vendors,10260,10440,180
2025-06-01,BR07,Retail Banking Ops,Premises,20520,20780,260
2025-06-01,BR07,Retail Banking Ops,Outsourcing,11970,12120,150
2025-06-01,BR07,Retail Banking Ops,Training,3420,3870,450
2025-06-01,BR07,Retail Banking Ops,Other,5130,5610,480
2025-06-01,BR07,KYC & Onboarding,Staff,42320,49750,7430
2025-06-01,BR07,KYC & Onboarding,Technology & Systems,11540,13720,2180
2025-06-01,BR07,KYC & Onboarding,Screening & Data Vendors,4620,5740,1120
2025-06-01,BR07,KYC & Onboarding,Premises,9230,10650,1420
2025-06-01,BR07,KYC & Onboarding,Outsourcing,5390,6840,1450
2025-06-01,BR07,KYC & Onboarding,Training,1540,1750,210
2025-06-01,BR07,KYC & Onboarding,Other,2310,2720,410
2025-06-01,BR07,AML & Financial Crime,Staff,47030,54790,7760
2025-06-01,BR07,AML & Financial Crime,Technology & Systems,12820,14760,1940
2025-06-01,BR07,AML & Financial Crime,Screening & Data Vendors,5130,6010,880
2025-06-01,BR07,AML & Financial Crime,Premises,10260,11770,1510
2025-06-01,BR07,AML & Financial Crime,Outsourcing,5990,7340,1350
2025-06-01,BR07,AML & Financial Crime,Training,1710,1960,250
2025-06-01,BR07,AML & Financial Crime,Other,2560,2960,400
2025-06-01,BR07,Payments Ops,Staff,32920,32820,-100
2025-06-01,BR07,Payments Ops,Technology & Systems,8980,10400,1420
2025-06-01,BR07,Payments Ops,Screening & Data Vendors,3590,3550,-40
2025-06-01,BR07,Payments Ops,Premises,7180,7450,270
2025-06-01,BR07,Payments Ops,Outsourcing,4190,4780,590
2025-06-01,BR07,Payments Ops,Training,1200,1270,70
2025-06-01,BR07,Payments Ops,Other,1800,1980,180
2025-06-01,BR07,IT & Technology,Staff,56430,58100,1670
2025-06-01,BR07,IT & Technology,Technology & Systems,15390,15390,0
2025-06-01,BR07,IT & Technology,Screening & Data Vendors,6160,6550,390
2025-06-01,BR07,IT & Technology,Premises,12310,13960,1650
2025-06-01,BR07,IT & Technology,Outsourcing,7180,7170,-10
2025-06-01,BR07,IT & Technology,Training,2050,2180,130
2025-06-01,BR07,IT & Technology,Other,3080,3200,120
2025-06-01,BR07,Compliance,Staff,28220,30700,2480
2025-06-01,BR07,Compliance,Technology & Systems,7700,8240,540
2025-06-01,BR07,Compliance,Screening & Data Vendors,3080,3290,210
2025-06-01,BR07,Compliance,Premises,6160,6370,210
2025-06-01,BR07,Compliance,Outsourcing,3590,4080,490
2025-06-01,BR07,Compliance,Training,1030,1160,130
2025-06-01,BR07,Compliance,Other,1540,1600,60
2025-07-01,BR07,Retail Banking Ops,Staff,94050,103400,9350
2025-07-01,BR07,Retail Banking Ops,Technology & Systems,25650,27080,1430
2025-07-01,BR07,Retail Banking Ops,Screening & Data Vendors,10260,11060,800
2025-07-01,BR07,Retail Banking Ops,Premises,20520,22750,2230
2025-07-01,BR07,Retail Banking Ops,Outsourcing,11970,12900,930
2025-07-01,BR07,Retail Banking Ops,Training,3420,3370,-50
2025-07-01,BR07,Retail Banking Ops,Other,5130,5700,570
2025-07-01,BR07,KYC & Onboarding,Staff,42320,51620,9300
2025-07-01,BR07,KYC & Onboarding,Technology & Systems,11540,11950,410
2025-07-01,BR07,KYC & Onboarding,Screening & Data Vendors,4620,5760,1140
2025-07-01,BR07,KYC & Onboarding,Premises,9230,11270,2040
2025-07-01,BR07,KYC & Onboarding,Outsourcing,5390,6480,1090
2025-07-01,BR07,KYC & Onboarding,Training,1540,1780,240
2025-07-01,BR07,KYC & Onboarding,Other,2310,2680,370
2025-07-01,BR07,AML & Financial Crime,Staff,47030,53970,6940
2025-07-01,BR07,AML & Financial Crime,Technology & Systems,12820,14540,1720
2025-07-01,BR07,AML & Financial Crime,Screening & Data Vendors,5130,5740,610
2025-07-01,BR07,AML & Financial Crime,Premises,10260,11450,1190
2025-07-01,BR07,AML & Financial Crime,Outsourcing,5990,7260,1270
2025-07-01,BR07,AML & Financial Crime,Training,1710,1990,280
2025-07-01,BR07,AML & Financial Crime,Other,2560,3110,550
2025-07-01,BR07,Payments Ops,Staff,32920,35640,2720
2025-07-01,BR07,Payments Ops,Technology & Systems,8980,10030,1050
2025-07-01,BR07,Payments Ops,Screening & Data Vendors,3590,3900,310
2025-07-01,BR07,Payments Ops,Premises,7180,7880,700
2025-07-01,BR07,Payments Ops,Outsourcing,4190,4450,260
2025-07-01,BR07,Payments Ops,Training,1200,1230,30
2025-07-01,BR07,Payments Ops,Other,1800,1980,180
2025-07-01,BR07,IT & Technology,Staff,56430,58240,1810
2025-07-01,BR07,IT & Technology,Technology & Systems,15390,17480,2090
2025-07-01,BR07,IT & Technology,Screening & Data Vendors,6160,5790,-370
2025-07-01,BR07,IT & Technology,Premises,12310,12830,520
2025-07-01,BR07,IT & Technology,Outsourcing,7180,7340,160
2025-07-01,BR07,IT & Technology,Training,2050,2090,40
2025-07-01,BR07,IT & Technology,Other,3080,3540,460
2025-07-01,BR07,Compliance,Staff,28220,31630,3410
2025-07-01,BR07,Compliance,Technology & Systems,7700,8720,1020
2025-07-01,BR07,Compliance,Screening & Data Vendors,3080,3470,390
2025-07-01,BR07,Compliance,Premises,6160,6770,610
2025-07-01,BR07,Compliance,Outsourcing,3590,4050,460
2025-07-01,BR07,Compliance,Training,1030,1040,10
2025-07-01,BR07,Compliance,Other,1540,1660,120
2025-08-01,BR07,Retail Banking Ops,Staff,94050,103870,9820
2025-08-01,BR07,Retail Banking Ops,Technology & Systems,25650,24540,-1110
2025-08-01,BR07,Retail Banking Ops,Screening & Data Vendors,10260,11520,1260
2025-08-01,BR07,Retail Banking Ops,Premises,20520,21930,1410
2025-08-01,BR07,Retail Banking Ops,Outsourcing,11970,12170,200
2025-08-01,BR07,Retail Banking Ops,Training,3420,4110,690
2025-08-01,BR07,Retail Banking Ops,Other,5130,5660,530
2025-08-01,BR07,KYC & Onboarding,Staff,42320,50460,8140
2025-08-01,BR07,KYC & Onboarding,Technology & Systems,11540,14290,2750
2025-08-01,BR07,KYC & Onboarding,Screening & Data Vendors,4620,5530,910
2025-08-01,BR07,KYC & Onboarding,Premises,9230,10530,1300
2025-08-01,BR07,KYC & Onboarding,Outsourcing,5390,6080,690
2025-08-01,BR07,KYC & Onboarding,Training,1540,1840,300
2025-08-01,BR07,KYC & Onboarding,Other,2310,2920,610
2025-08-01,BR07,AML & Financial Crime,Staff,47030,56710,9680
2025-08-01,BR07,AML & Financial Crime,Technology & Systems,12820,14840,2020
2025-08-01,BR07,AML & Financial Crime,Screening & Data Vendors,5130,5660,530
2025-08-01,BR07,AML & Financial Crime,Premises,10260,11860,1600
2025-08-01,BR07,AML & Financial Crime,Outsourcing,5990,7390,1400
2025-08-01,BR07,AML & Financial Crime,Training,1710,2190,480
2025-08-01,BR07,AML & Financial Crime,Other,2560,3030,470
2025-08-01,BR07,Payments Ops,Staff,32920,35370,2450
2025-08-01,BR07,Payments Ops,Technology & Systems,8980,9670,690
2025-08-01,BR07,Payments Ops,Screening & Data Vendors,3590,3800,210
2025-08-01,BR07,Payments Ops,Premises,7180,8090,910
2025-08-01,BR07,Payments Ops,Outsourcing,4190,4260,70
2025-08-01,BR07,Payments Ops,Training,1200,1350,150
2025-08-01,BR07,Payments Ops,Other,1800,1970,170
2025-08-01,BR07,IT & Technology,Staff,56430,61930,5500
2025-08-01,BR07,IT & Technology,Technology & Systems,15390,16700,1310
2025-08-01,BR07,IT & Technology,Screening & Data Vendors,6160,6900,740
2025-08-01,BR07,IT & Technology,Premises,12310,13120,810
2025-08-01,BR07,IT & Technology,Outsourcing,7180,7750,570
2025-08-01,BR07,IT & Technology,Training,2050,2270,220
2025-08-01,BR07,IT & Technology,Other,3080,3390,310
2025-08-01,BR07,Compliance,Staff,28220,30890,2670
2025-08-01,BR07,Compliance,Technology & Systems,7700,7870,170
2025-08-01,BR07,Compliance,Screening & Data Vendors,3080,3460,380
2025-08-01,BR07,Compliance,Premises,6160,6530,370
2025-08-01,BR07,Compliance,Outsourcing,3590,3880,290
2025-08-01,BR07,Compliance,Training,1030,1190,160
2025-08-01,BR07,Compliance,Other,1540,1660,120
2025-09-01,BR07,Retail Banking Ops,Staff,94050,112830,18780
2025-09-01,BR07,Retail Banking Ops,Technology & Systems,25650,28280,2630
2025-09-01,BR07,Retail Banking Ops,Screening & Data Vendors,10260,11460,1200
2025-09-01,BR07,Retail Banking Ops,Premises,20520,23660,3140
2025-09-01,BR07,Retail Banking Ops,Outsourcing,11970,12360,390
2025-09-01,BR07,Retail Banking Ops,Training,3420,3670,250
2025-09-01,BR07,Retail Banking Ops,Other,5130,5270,140
2025-09-01,BR07,KYC & Onboarding,Staff,42320,55200,12880
2025-09-01,BR07,KYC & Onboarding,Technology & Systems,11540,13520,1980
2025-09-01,BR07,KYC & Onboarding,Screening & Data Vendors,4620,5840,1220
2025-09-01,BR07,KYC & Onboarding,Premises,9230,11650,2420
2025-09-01,BR07,KYC & Onboarding,Outsourcing,5390,6000,610
2025-09-01,BR07,KYC & Onboarding,Training,1540,1880,340
2025-09-01,BR07,KYC & Onboarding,Other,2310,2870,560
2025-09-01,BR07,AML & Financial Crime,Staff,47030,56810,9780
2025-09-01,BR07,AML & Financial Crime,Technology & Systems,12820,14020,1200
2025-09-01,BR07,AML & Financial Crime,Screening & Data Vendors,5130,6180,1050
2025-09-01,BR07,AML & Financial Crime,Premises,10260,12880,2620
2025-09-01,BR07,AML & Financial Crime,Outsourcing,5990,7210,1220
2025-09-01,BR07,AML & Financial Crime,Training,1710,2060,350
2025-09-01,BR07,AML & Financial Crime,Other,2560,3390,830
2025-09-01,BR07,Payments Ops,Staff,32920,36930,4010
2025-09-01,BR07,Payments Ops,Technology & Systems,8980,9770,790
2025-09-01,BR07,Payments Ops,Screening & Data Vendors,3590,3640,50
2025-09-01,BR07,Payments Ops,Premises,7180,7810,630
2025-09-01,BR07,Payments Ops,Outsourcing,4190,4370,180
2025-09-01,BR07,Payments Ops,Training,1200,1300,100
2025-09-01,BR07,Payments Ops,Other,1800,1930,130
2025-09-01,BR07,IT & Technology,Staff,56430,64540,8110
2025-09-01,BR07,IT & Technology,Technology & Systems,15390,16770,1380
2025-09-01,BR07,IT & Technology,Screening & Data Vendors,6160,7070,910
2025-09-01,BR07,IT & Technology,Premises,12310,13370,1060
2025-09-01,BR07,IT & Technology,Outsourcing,7180,7920,740
2025-09-01,BR07,IT & Technology,Training,2050,2300,250
2025-09-01,BR07,IT & Technology,Other,3080,3370,290
2025-09-01,BR07,Compliance,Staff,28220,31220,3000
2025-09-01,BR07,Compliance,Technology & Systems,7700,8430,730
2025-09-01,BR07,Compliance,Screening & Data Vendors,3080,3220,140
2025-09-01,BR07,Compliance,Premises,6160,7270,1110
2025-09-01,BR07,Compliance,Outsourcing,3590,4040,450
2025-09-01,BR07,Compliance,Training,1030,1090,60
2025-09-01,BR07,Compliance,Other,1540,1720,180
2025-10-01,BR07,Retail Banking Ops,Staff,94050,101440,7390
2025-10-01,BR07,Retail Banking Ops,Technology & Systems,25650,25910,260
2025-10-01,BR07,Retail Banking Ops,Screening & Data Vendors,10260,10870,610
2025-10-01,BR07,Retail Banking Ops,Premises,20520,21700,1180
2025-10-01,BR07,Retail Banking Ops,Outsourcing,11970,12870,900
2025-10-01,BR07,Retail Banking Ops,Training,3420,3360,-60
2025-10-01,BR07,Retail Banking Ops,Other,5130,5520,390
2025-10-01,BR07,KYC & Onboarding,Staff,42320,47830,5510
2025-10-01,BR07,KYC & Onboarding,Technology & Systems,11540,13810,2270
2025-10-01,BR07,KYC & Onboarding,Screening & Data Vendors,4620,5850,1230
2025-10-01,BR07,KYC & Onboarding,Premises,9230,12190,2960
2025-10-01,BR07,KYC & Onboarding,Outsourcing,5390,6510,1120
2025-10-01,BR07,KYC & Onboarding,Training,1540,1860,320
2025-10-01,BR07,KYC & Onboarding,Other,2310,2850,540
2025-10-01,BR07,AML & Financial Crime,Staff,47030,63450,16420
2025-10-01,BR07,AML & Financial Crime,Technology & Systems,12820,16640,3820
2025-10-01,BR07,AML & Financial Crime,Screening & Data Vendors,5130,5850,720
2025-10-01,BR07,AML & Financial Crime,Premises,10260,12190,1930
2025-10-01,BR07,AML & Financial Crime,Outsourcing,5990,7390,1400
2025-10-01,BR07,AML & Financial Crime,Training,1710,2080,370
2025-10-01,BR07,AML & Financial Crime,Other,2560,2850,290
2025-10-01,BR07,Payments Ops,Staff,32920,37320,4400
2025-10-01,BR07,Payments Ops,Technology & Systems,8980,10080,1100
2025-10-01,BR07,Payments Ops,Screening & Data Vendors,3590,4010,420
2025-10-01,BR07,Payments Ops,Premises,7180,7840,660
2025-10-01,BR07,Payments Ops,Outsourcing,4190,4080,-110
2025-10-01,BR07,Payments Ops,Training,1200,1200,0
2025-10-01,BR07,Payments Ops,Other,1800,1830,30
2025-10-01,BR07,IT & Technology,Staff,56430,61140,4710
2025-10-01,BR07,IT & Technology,Technology & Systems,15390,15480,90
2025-10-01,BR07,IT & Technology,Screening & Data Vendors,6160,6820,660
2025-10-01,BR07,IT & Technology,Premises,12310,13130,820
2025-10-01,BR07,IT & Technology,Outsourcing,7180,7830,650
2025-10-01,BR07,IT & Technology,Training,2050,2380,330
2025-10-01,BR07,IT & Technology,Other,3080,3150,70
2025-10-01,BR07,Compliance,Staff,28220,30970,2750
2025-10-01,BR07,Compliance,Technology & Systems,7700,9000,1300
2025-10-01,BR07,Compliance,Screening & Data Vendors,3080,3300,220
2025-10-01,BR07,Compliance,Premises,6160,6230,70
2025-10-01,BR07,Compliance,Outsourcing,3590,3860,270
2025-10-01,BR07,Compliance,Training,1030,1170,140
2025-10-01,BR07,Compliance,Other,1540,1620,80
2025-11-01,BR07,Retail Banking Ops,Staff,94050,106260,12210
2025-11-01,BR07,Retail Banking Ops,Technology & Systems,25650,25490,-160
2025-11-01,BR07,Retail Banking Ops,Screening & Data Vendors,10260,10450,190
2025-11-01,BR07,Retail Banking Ops,Premises,20520,22750,2230
2025-11-01,BR07,Retail Banking Ops,Outsourcing,11970,12890,920
2025-11-01,BR07,Retail Banking Ops,Training,3420,3960,540
2025-11-01,BR07,Retail Banking Ops,Other,5130,5890,760
2025-11-01,BR07,KYC & Onboarding,Staff,42320,48450,6130
2025-11-01,BR07,KYC & Onboarding,Technology & Systems,11540,13660,2120
2025-11-01,BR07,KYC & Onboarding,Screening & Data Vendors,4620,5980,1360
2025-11-01,BR07,KYC & Onboarding,Premises,9230,10840,1610
2025-11-01,BR07,KYC & Onboarding,Outsourcing,5390,6470,1080
2025-11-01,BR07,KYC & Onboarding,Training,1540,1800,260
2025-11-01,BR07,KYC & Onboarding,Other,2310,2660,350
2025-11-01,BR07,AML & Financial Crime,Staff,47030,56250,9220
2025-11-01,BR07,AML & Financial Crime,Technology & Systems,12820,15580,2760
2025-11-01,BR07,AML & Financial Crime,Screening & Data Vendors,5130,6570,1440
2025-11-01,BR07,AML & Financial Crime,Premises,10260,12970,2710
2025-11-01,BR07,AML & Financial Crime,Outsourcing,5990,7270,1280
2025-11-01,BR07,AML & Financial Crime,Training,1710,2230,520
2025-11-01,BR07,AML & Financial Crime,Other,2560,3200,640
2025-11-01,BR07,Payments Ops,Staff,32920,34600,1680
2025-11-01,BR07,Payments Ops,Technology & Systems,8980,9510,530
2025-11-01,BR07,Payments Ops,Screening & Data Vendors,3590,3740,150
2025-11-01,BR07,Payments Ops,Premises,7180,7270,90
2025-11-01,BR07,Payments Ops,Outsourcing,4190,4720,530
2025-11-01,BR07,Payments Ops,Training,1200,1170,-30
2025-11-01,BR07,Payments Ops,Other,1800,2130,330
2025-11-01,BR07,IT & Technology,Staff,56430,64220,7790
2025-11-01,BR07,IT & Technology,Technology & Systems,15390,17970,2580
2025-11-01,BR07,IT & Technology,Screening & Data Vendors,6160,6030,-130
2025-11-01,BR07,IT & Technology,Premises,12310,13380,1070
2025-11-01,BR07,IT & Technology,Outsourcing,7180,7960,780
2025-11-01,BR07,IT & Technology,Training,2050,2290,240
2025-11-01,BR07,IT & Technology,Other,3080,3230,150
2025-11-01,BR07,Compliance,Staff,28220,31330,3110
2025-11-01,BR07,Compliance,Technology & Systems,7700,8060,360
2025-11-01,BR07,Compliance,Screening & Data Vendors,3080,3290,210
2025-11-01,BR07,Compliance,Premises,6160,6900,740
2025-11-01,BR07,Compliance,Outsourcing,3590,3900,310
2025-11-01,BR07,Compliance,Training,1030,1160,130
2025-11-01,BR07,Compliance,Other,1540,1550,10
2025-12-01,BR07,Retail Banking Ops,Staff,94050,102890,8840
2025-12-01,BR07,Retail Banking Ops,Technology & Systems,25650,27510,1860
2025-12-01,BR07,Retail Banking Ops,Screening & Data Vendors,10260,11520,1260
2025-12-01,BR07,Retail Banking Ops,Premises,20520,23860,3340
2025-12-01,BR07,Retail Banking Ops,Outsourcing,11970,14440,2470
2025-12-01,BR07,Retail Banking Ops,Training,3420,3840,420
2025-12-01,BR07,Retail Banking Ops,Other,5130,6010,880
2025-12-01,BR07,KYC & Onboarding,Staff,42320,54170,11850
2025-12-01,BR07,KYC & Onboarding,Technology & Systems,11540,13900,2360
2025-12-01,BR07,KYC & Onboarding,Screening & Data Vendors,4620,5660,1040
2025-12-01,BR07,KYC & Onboarding,Premises,9230,11930,2700
2025-12-01,BR07,KYC & Onboarding,Outsourcing,5390,6940,1550
2025-12-01,BR07,KYC & Onboarding,Training,1540,1960,420
2025-12-01,BR07,KYC & Onboarding,Other,2310,2920,610
2025-12-01,BR07,AML & Financial Crime,Staff,47030,60130,13100
2025-12-01,BR07,AML & Financial Crime,Technology & Systems,12820,16140,3320
2025-12-01,BR07,AML & Financial Crime,Screening & Data Vendors,5130,5790,660
2025-12-01,BR07,AML & Financial Crime,Premises,10260,13200,2940
2025-12-01,BR07,AML & Financial Crime,Outsourcing,5990,6920,930
2025-12-01,BR07,AML & Financial Crime,Training,1710,2220,510
2025-12-01,BR07,AML & Financial Crime,Other,2560,3040,480
2025-12-01,BR07,Payments Ops,Staff,32920,34790,1870
2025-12-01,BR07,Payments Ops,Technology & Systems,8980,9420,440
2025-12-01,BR07,Payments Ops,Screening & Data Vendors,3590,4010,420
2025-12-01,BR07,Payments Ops,Premises,7180,7520,340
2025-12-01,BR07,Payments Ops,Outsourcing,4190,4780,590
2025-12-01,BR07,Payments Ops,Training,1200,1150,-50
2025-12-01,BR07,Payments Ops,Other,1800,1910,110
2025-12-01,BR07,IT & Technology,Staff,56430,64110,7680
2025-12-01,BR07,IT & Technology,Technology & Systems,15390,16770,1380
2025-12-01,BR07,IT & Technology,Screening & Data Vendors,6160,7100,940
2025-12-01,BR07,IT & Technology,Premises,12310,13530,1220
2025-12-01,BR07,IT & Technology,Outsourcing,7180,8460,1280
2025-12-01,BR07,IT & Technology,Training,2050,2350,300
2025-12-01,BR07,IT & Technology,Other,3080,3270,190
2025-12-01,BR07,Compliance,Staff,28220,31910,3690
2025-12-01,BR07,Compliance,Technology & Systems,7700,7520,-180
2025-12-01,BR07,Compliance,Screening & Data Vendors,3080,3220,140
2025-12-01,BR07,Compliance,Premises,6160,6900,740
2025-12-01,BR07,Compliance,Outsourcing,3590,4030,440
2025-12-01,BR07,Compliance,Training,1030,1090,60
2025-12-01,BR07,Compliance,Other,1540,1670,130
2024-01-01,BR08,Retail Banking Ops,Staff,74250,76050,1800
2024-01-01,BR08,Retail Banking Ops,Technology & Systems,20250,19960,-290
2024-01-01,BR08,Retail Banking Ops,Screening & Data Vendors,8100,7690,-410
2024-01-01,BR08,Retail Banking Ops,Premises,16200,16800,600
2024-01-01,BR08,Retail Banking Ops,Outsourcing,9450,9220,-230
2024-01-01,BR08,Retail Banking Ops,Training,2700,2840,140
2024-01-01,BR08,Retail Banking Ops,Other,4050,4250,200
2024-01-01,BR08,KYC & Onboarding,Staff,33410,35500,2090
2024-01-01,BR08,KYC & Onboarding,Technology & Systems,9110,9000,-110
2024-01-01,BR08,KYC & Onboarding,Screening & Data Vendors,3640,3470,-170
2024-01-01,BR08,KYC & Onboarding,Premises,7290,7400,110
2024-01-01,BR08,KYC & Onboarding,Outsourcing,4250,4300,50
2024-01-01,BR08,KYC & Onboarding,Training,1220,1210,-10
2024-01-01,BR08,KYC & Onboarding,Other,1820,1810,-10
2024-01-01,BR08,AML & Financial Crime,Staff,37120,37880,760
2024-01-01,BR08,AML & Financial Crime,Technology & Systems,10120,10230,110
2024-01-01,BR08,AML & Financial Crime,Screening & Data Vendors,4050,4130,80
2024-01-01,BR08,AML & Financial Crime,Premises,8100,7870,-230
2024-01-01,BR08,AML & Financial Crime,Outsourcing,4720,4410,-310
2024-01-01,BR08,AML & Financial Crime,Training,1350,1400,50
2024-01-01,BR08,AML & Financial Crime,Other,2020,2100,80
2024-01-01,BR08,Payments Ops,Staff,25990,26590,600
2024-01-01,BR08,Payments Ops,Technology & Systems,7090,7290,200
2024-01-01,BR08,Payments Ops,Screening & Data Vendors,2840,3090,250
2024-01-01,BR08,Payments Ops,Premises,5670,5780,110
2024-01-01,BR08,Payments Ops,Outsourcing,3310,3330,20
2024-01-01,BR08,Payments Ops,Training,940,910,-30
2024-01-01,BR08,Payments Ops,Other,1420,1460,40
2024-01-01,BR08,IT & Technology,Staff,44550,44860,310
2024-01-01,BR08,IT & Technology,Technology & Systems,12150,11540,-610
2024-01-01,BR08,IT & Technology,Screening & Data Vendors,4860,4850,-10
2024-01-01,BR08,IT & Technology,Premises,9720,10220,500
2024-01-01,BR08,IT & Technology,Outsourcing,5670,5370,-300
2024-01-01,BR08,IT & Technology,Training,1620,1620,0
2024-01-01,BR08,IT & Technology,Other,2430,2480,50
2024-01-01,BR08,Compliance,Staff,22280,21720,-560
2024-01-01,BR08,Compliance,Technology & Systems,6080,6200,120
2024-01-01,BR08,Compliance,Screening & Data Vendors,2430,2490,60
2024-01-01,BR08,Compliance,Premises,4860,5240,380
2024-01-01,BR08,Compliance,Outsourcing,2840,2650,-190
2024-01-01,BR08,Compliance,Training,810,880,70
2024-01-01,BR08,Compliance,Other,1220,1290,70
2024-02-01,BR08,Retail Banking Ops,Staff,74250,87000,12750
2024-02-01,BR08,Retail Banking Ops,Technology & Systems,20250,20700,450
2024-02-01,BR08,Retail Banking Ops,Screening & Data Vendors,8100,8480,380
2024-02-01,BR08,Retail Banking Ops,Premises,16200,15960,-240
2024-02-01,BR08,Retail Banking Ops,Outsourcing,9450,9810,360
2024-02-01,BR08,Retail Banking Ops,Training,2700,2780,80
2024-02-01,BR08,Retail Banking Ops,Other,4050,3830,-220
2024-02-01,BR08,KYC & Onboarding,Staff,33410,32430,-980
2024-02-01,BR08,KYC & Onboarding,Technology & Systems,9110,9440,330
2024-02-01,BR08,KYC & Onboarding,Screening & Data Vendors,3640,3900,260
2024-02-01,BR08,KYC & Onboarding,Premises,7290,7690,400
2024-02-01,BR08,KYC & Onboarding,Outsourcing,4250,4470,220
2024-02-01,BR08,KYC & Onboarding,Training,1220,1250,30
2024-02-01,BR08,KYC & Onboarding,Other,1820,2020,200
2024-02-01,BR08,AML & Financial Crime,Staff,37120,39530,2410
2024-02-01,BR08,AML & Financial Crime,Technology & Systems,10120,9970,-150
2024-02-01,BR08,AML & Financial Crime,Screening & Data Vendors,4050,4210,160
2024-02-01,BR08,AML & Financial Crime,Premises,8100,8310,210
2024-02-01,BR08,AML & Financial Crime,Outsourcing,4720,4490,-230
2024-02-01,BR08,AML & Financial Crime,Training,1350,1380,30
2024-02-01,BR08,AML & Financial Crime,Other,2020,1980,-40
2024-02-01,BR08,Payments Ops,Staff,25990,24410,-1580
2024-02-01,BR08,Payments Ops,Technology & Systems,7090,6750,-340
2024-02-01,BR08,Payments Ops,Screening & Data Vendors,2840,2870,30
2024-02-01,BR08,Payments Ops,Premises,5670,5700,30
2024-02-01,BR08,Payments Ops,Outsourcing,3310,3320,10
2024-02-01,BR08,Payments Ops,Training,940,960,20
2024-02-01,BR08,Payments Ops,Other,1420,1390,-30
2024-02-01,BR08,IT & Technology,Staff,44550,44920,370
2024-02-01,BR08,IT & Technology,Technology & Systems,12150,11940,-210
2024-02-01,BR08,IT & Technology,Screening & Data Vendors,4860,5030,170
2024-02-01,BR08,IT & Technology,Premises,9720,9880,160
2024-02-01,BR08,IT & Technology,Outsourcing,5670,6160,490
2024-02-01,BR08,IT & Technology,Training,1620,1670,50
2024-02-01,BR08,IT & Technology,Other,2430,2470,40
2024-02-01,BR08,Compliance,Staff,22280,23630,1350
2024-02-01,BR08,Compliance,Technology & Systems,6080,6000,-80
2024-02-01,BR08,Compliance,Screening & Data Vendors,2430,2610,180
2024-02-01,BR08,Compliance,Premises,4860,4930,70
2024-02-01,BR08,Compliance,Outsourcing,2840,2960,120
2024-02-01,BR08,Compliance,Training,810,770,-40
2024-02-01,BR08,Compliance,Other,1220,1260,40
2024-03-01,BR08,Retail Banking Ops,Staff,74250,73660,-590
2024-03-01,BR08,Retail Banking Ops,Technology & Systems,20250,21530,1280
2024-03-01,BR08,Retail Banking Ops,Screening & Data Vendors,8100,8490,390
2024-03-01,BR08,Retail Banking Ops,Premises,16200,16250,50
2024-03-01,BR08,Retail Banking Ops,Outsourcing,9450,10000,550
2024-03-01,BR08,Retail Banking Ops,Training,2700,2760,60
2024-03-01,BR08,Retail Banking Ops,Other,4050,4130,80
2024-03-01,BR08,KYC & Onboarding,Staff,33410,34960,1550
2024-03-01,BR08,KYC & Onboarding,Technology & Systems,9110,9770,660
2024-03-01,BR08,KYC & Onboarding,Screening & Data Vendors,3640,3530,-110
2024-03-01,BR08,KYC & Onboarding,Premises,7290,7850,560
2024-03-01,BR08,KYC & Onboarding,Outsourcing,4250,4280,30
2024-03-01,BR08,KYC & Onboarding,Training,1220,1300,80
2024-03-01,BR08,KYC & Onboarding,Other,1820,1770,-50
2024-03-01,BR08,AML & Financial Crime,Staff,37120,35710,-1410
2024-03-01,BR08,AML & Financial Crime,Technology & Systems,10120,11490,1370
2024-03-01,BR08,AML & Financial Crime,Screening & Data Vendors,4050,4450,400
2024-03-01,BR08,AML & Financial Crime,Premises,8100,8920,820
2024-03-01,BR08,AML & Financial Crime,Outsourcing,4720,4930,210
2024-03-01,BR08,AML & Financial Crime,Training,1350,1360,10
2024-03-01,BR08,AML & Financial Crime,Other,2020,2030,10
2024-03-01,BR08,Payments Ops,Staff,25990,26110,120
2024-03-01,BR08,Payments Ops,Technology & Systems,7090,6850,-240
2024-03-01,BR08,Payments Ops,Screening & Data Vendors,2840,2760,-80
2024-03-01,BR08,Payments Ops,Premises,5670,6360,690
2024-03-01,BR08,Payments Ops,Outsourcing,3310,3450,140
2024-03-01,BR08,Payments Ops,Training,940,890,-50
2024-03-01,BR08,Payments Ops,Other,1420,1380,-40
2024-03-01,BR08,IT & Technology,Staff,44550,45430,880
2024-03-01,BR08,IT & Technology,Technology & Systems,12150,12620,470
2024-03-01,BR08,IT & Technology,Screening & Data Vendors,4860,4520,-340
2024-03-01,BR08,IT & Technology,Premises,9720,9800,80
2024-03-01,BR08,IT & Technology,Outsourcing,5670,5480,-190
2024-03-01,BR08,IT & Technology,Training,1620,1620,0
2024-03-01,BR08,IT & Technology,Other,2430,2690,260
2024-03-01,BR08,Compliance,Staff,22280,23030,750
2024-03-01,BR08,Compliance,Technology & Systems,6080,6430,350
2024-03-01,BR08,Compliance,Screening & Data Vendors,2430,2340,-90
2024-03-01,BR08,Compliance,Premises,4860,5110,250
2024-03-01,BR08,Compliance,Outsourcing,2840,2900,60
2024-03-01,BR08,Compliance,Training,810,860,50
2024-03-01,BR08,Compliance,Other,1220,1090,-130
2024-04-01,BR08,Retail Banking Ops,Staff,74250,78160,3910
2024-04-01,BR08,Retail Banking Ops,Technology & Systems,20250,19190,-1060
2024-04-01,BR08,Retail Banking Ops,Screening & Data Vendors,8100,7000,-1100
2024-04-01,BR08,Retail Banking Ops,Premises,16200,16840,640
2024-04-01,BR08,Retail Banking Ops,Outsourcing,9450,9190,-260
2024-04-01,BR08,Retail Banking Ops,Training,2700,2630,-70
2024-04-01,BR08,Retail Banking Ops,Other,4050,4320,270
2024-04-01,BR08,KYC & Onboarding,Staff,33410,36640,3230
2024-04-01,BR08,KYC & Onboarding,Technology & Systems,9110,9430,320
2024-04-01,BR08,KYC & Onboarding,Screening & Data Vendors,3640,3620,-20
2024-04-01,BR08,KYC & Onboarding,Premises,7290,6980,-310
2024-04-01,BR08,KYC & Onboarding,Outsourcing,4250,4270,20
2024-04-01,BR08,KYC & Onboarding,Training,1220,1280,60
2024-04-01,BR08,KYC & Onboarding,Other,1820,1860,40
2024-04-01,BR08,AML & Financial Crime,Staff,37120,40440,3320
2024-04-01,BR08,AML & Financial Crime,Technology & Systems,10120,10940,820
2024-04-01,BR08,AML & Financial Crime,Screening & Data Vendors,4050,4240,190
2024-04-01,BR08,AML & Financial Crime,Premises,8100,8580,480
2024-04-01,BR08,AML & Financial Crime,Outsourcing,4720,4690,-30
2024-04-01,BR08,AML & Financial Crime,Training,1350,1390,40
2024-04-01,BR08,AML & Financial Crime,Other,2020,2230,210
2024-04-01,BR08,Payments Ops,Staff,25990,27310,1320
2024-04-01,BR08,Payments Ops,Technology & Systems,7090,7360,270
2024-04-01,BR08,Payments Ops,Screening & Data Vendors,2840,2980,140
2024-04-01,BR08,Payments Ops,Premises,5670,5730,60
2024-04-01,BR08,Payments Ops,Outsourcing,3310,3200,-110
2024-04-01,BR08,Payments Ops,Training,940,960,20
2024-04-01,BR08,Payments Ops,Other,1420,1420,0
2024-04-01,BR08,IT & Technology,Staff,44550,43310,-1240
2024-04-01,BR08,IT & Technology,Technology & Systems,12150,13580,1430
2024-04-01,BR08,IT & Technology,Screening & Data Vendors,4860,5420,560
2024-04-01,BR08,IT & Technology,Premises,9720,10700,980
2024-04-01,BR08,IT & Technology,Outsourcing,5670,6190,520
2024-04-01,BR08,IT & Technology,Training,1620,1810,190
2024-04-01,BR08,IT & Technology,Other,2430,2800,370
2024-04-01,BR08,Compliance,Staff,22280,21460,-820
2024-04-01,BR08,Compliance,Technology & Systems,6080,6490,410
2024-04-01,BR08,Compliance,Screening & Data Vendors,2430,2450,20
2024-04-01,BR08,Compliance,Premises,4860,4780,-80
2024-04-01,BR08,Compliance,Outsourcing,2840,2950,110
2024-04-01,BR08,Compliance,Training,810,740,-70
2024-04-01,BR08,Compliance,Other,1220,1320,100
2024-05-01,BR08,Retail Banking Ops,Staff,74250,74000,-250
2024-05-01,BR08,Retail Banking Ops,Technology & Systems,20250,20610,360
2024-05-01,BR08,Retail Banking Ops,Screening & Data Vendors,8100,8470,370
2024-05-01,BR08,Retail Banking Ops,Premises,16200,15960,-240
2024-05-01,BR08,Retail Banking Ops,Outsourcing,9450,9560,110
2024-05-01,BR08,Retail Banking Ops,Training,2700,2680,-20
2024-05-01,BR08,Retail Banking Ops,Other,4050,4070,20
2024-05-01,BR08,KYC & Onboarding,Staff,33410,35480,2070
2024-05-01,BR08,KYC & Onboarding,Technology & Systems,9110,9820,710
2024-05-01,BR08,KYC & Onboarding,Screening & Data Vendors,3640,4220,580
2024-05-01,BR08,KYC & Onboarding,Premises,7290,6990,-300
2024-05-01,BR08,KYC & Onboarding,Outsourcing,4250,4450,200
2024-05-01,BR08,KYC & Onboarding,Training,1220,1280,60
2024-05-01,BR08,KYC & Onboarding,Other,1820,1860,40
2024-05-01,BR08,AML & Financial Crime,Staff,37120,37720,600
2024-05-01,BR08,AML & Financial Crime,Technology & Systems,10120,11370,1250
2024-05-01,BR08,AML & Financial Crime,Screening & Data Vendors,4050,4040,-10
2024-05-01,BR08,AML & Financial Crime,Premises,8100,8680,580
2024-05-01,BR08,AML & Financial Crime,Outsourcing,4720,5080,360
2024-05-01,BR08,AML & Financial Crime,Training,1350,1400,50
2024-05-01,BR08,AML & Financial Crime,Other,2020,1810,-210
2024-05-01,BR08,Payments Ops,Staff,25990,27790,1800
2024-05-01,BR08,Payments Ops,Technology & Systems,7090,6760,-330
2024-05-01,BR08,Payments Ops,Screening & Data Vendors,2840,2780,-60
2024-05-01,BR08,Payments Ops,Premises,5670,5870,200
2024-05-01,BR08,Payments Ops,Outsourcing,3310,3580,270
2024-05-01,BR08,Payments Ops,Training,940,930,-10
2024-05-01,BR08,Payments Ops,Other,1420,1450,30
2024-05-01,BR08,IT & Technology,Staff,44550,43750,-800
2024-05-01,BR08,IT & Technology,Technology & Systems,12150,12560,410
2024-05-01,BR08,IT & Technology,Screening & Data Vendors,4860,5030,170
2024-05-01,BR08,IT & Technology,Premises,9720,9210,-510
2024-05-01,BR08,IT & Technology,Outsourcing,5670,6050,380
2024-05-01,BR08,IT & Technology,Training,1620,1710,90
2024-05-01,BR08,IT & Technology,Other,2430,2530,100
2024-05-01,BR08,Compliance,Staff,22280,23620,1340
2024-05-01,BR08,Compliance,Technology & Systems,6080,6240,160
2024-05-01,BR08,Compliance,Screening & Data Vendors,2430,2510,80
2024-05-01,BR08,Compliance,Premises,4860,4460,-400
2024-05-01,BR08,Compliance,Outsourcing,2840,2870,30
2024-05-01,BR08,Compliance,Training,810,770,-40
2024-05-01,BR08,Compliance,Other,1220,1300,80
2024-06-01,BR08,Retail Banking Ops,Staff,74250,69530,-4720
2024-06-01,BR08,Retail Banking Ops,Technology & Systems,20250,19790,-460
2024-06-01,BR08,Retail Banking Ops,Screening & Data Vendors,8100,8410,310
2024-06-01,BR08,Retail Banking Ops,Premises,16200,16720,520
2024-06-01,BR08,Retail Banking Ops,Outsourcing,9450,9810,360
2024-06-01,BR08,Retail Banking Ops,Training,2700,2730,30
2024-06-01,BR08,Retail Banking Ops,Other,4050,3970,-80
2024-06-01,BR08,KYC & Onboarding,Staff,33410,33980,570
2024-06-01,BR08,KYC & Onboarding,Technology & Systems,9110,9690,580
2024-06-01,BR08,KYC & Onboarding,Screening & Data Vendors,3640,3710,70
2024-06-01,BR08,KYC & Onboarding,Premises,7290,7880,590
2024-06-01,BR08,KYC & Onboarding,Outsourcing,4250,4440,190
2024-06-01,BR08,KYC & Onboarding,Training,1220,1420,200
2024-06-01,BR08,KYC & Onboarding,Other,1820,2000,180
2024-06-01,BR08,AML & Financial Crime,Staff,37120,41100,3980
2024-06-01,BR08,AML & Financial Crime,Technology & Systems,10120,10910,790
2024-06-01,BR08,AML & Financial Crime,Screening & Data Vendors,4050,4260,210
2024-06-01,BR08,AML & Financial Crime,Premises,8100,8900,800
2024-06-01,BR08,AML & Financial Crime,Outsourcing,4720,5000,280
2024-06-01,BR08,AML & Financial Crime,Training,1350,1350,0
2024-06-01,BR08,AML & Financial Crime,Other,2020,2000,-20
2024-06-01,BR08,Payments Ops,Staff,25990,24630,-1360
2024-06-01,BR08,Payments Ops,Technology & Systems,7090,7950,860
2024-06-01,BR08,Payments Ops,Screening & Data Vendors,2840,2930,90
2024-06-01,BR08,Payments Ops,Premises,5670,5900,230
2024-06-01,BR08,Payments Ops,Outsourcing,3310,3310,0
2024-06-01,BR08,Payments Ops,Training,940,990,50
2024-06-01,BR08,Payments Ops,Other,1420,1420,0
2024-06-01,BR08,IT & Technology,Staff,44550,46860,2310
2024-06-01,BR08,IT & Technology,Technology & Systems,12150,10770,-1380
2024-06-01,BR08,IT & Technology,Screening & Data Vendors,4860,5150,290
2024-06-01,BR08,IT & Technology,Premises,9720,10080,360
2024-06-01,BR08,IT & Technology,Outsourcing,5670,5500,-170
2024-06-01,BR08,IT & Technology,Training,1620,1680,60
2024-06-01,BR08,IT & Technology,Other,2430,2490,60
2024-06-01,BR08,Compliance,Staff,22280,22880,600
2024-06-01,BR08,Compliance,Technology & Systems,6080,6510,430
2024-06-01,BR08,Compliance,Screening & Data Vendors,2430,2660,230
2024-06-01,BR08,Compliance,Premises,4860,5420,560
2024-06-01,BR08,Compliance,Outsourcing,2840,2960,120
2024-06-01,BR08,Compliance,Training,810,850,40
2024-06-01,BR08,Compliance,Other,1220,1230,10
2024-07-01,BR08,Retail Banking Ops,Staff,74250,76200,1950
2024-07-01,BR08,Retail Banking Ops,Technology & Systems,20250,19750,-500
2024-07-01,BR08,Retail Banking Ops,Screening & Data Vendors,8100,8460,360
2024-07-01,BR08,Retail Banking Ops,Premises,16200,17270,1070
2024-07-01,BR08,Retail Banking Ops,Outsourcing,9450,9100,-350
2024-07-01,BR08,Retail Banking Ops,Training,2700,2900,200
2024-07-01,BR08,Retail Banking Ops,Other,4050,3840,-210
2024-07-01,BR08,KYC & Onboarding,Staff,33410,35150,1740
2024-07-01,BR08,KYC & Onboarding,Technology & Systems,9110,10300,1190
2024-07-01,BR08,KYC & Onboarding,Screening & Data Vendors,3640,3660,20
2024-07-01,BR08,KYC & Onboarding,Premises,7290,8470,1180
2024-07-01,BR08,KYC & Onboarding,Outsourcing,4250,4600,350
2024-07-01,BR08,KYC & Onboarding,Training,1220,1420,200
2024-07-01,BR08,KYC & Onboarding,Other,1820,1970,150
2024-07-01,BR08,AML & Financial Crime,Staff,37120,40090,2970
2024-07-01,BR08,AML & Financial Crime,Technology & Systems,10120,10790,670
2024-07-01,BR08,AML & Financial Crime,Screening & Data Vendors,4050,4450,400
2024-07-01,BR08,AML & Financial Crime,Premises,8100,8480,380
2024-07-01,BR08,AML & Financial Crime,Outsourcing,4720,5040,320
2024-07-01,BR08,AML & Financial Crime,Training,1350,1510,160
2024-07-01,BR08,AML & Financial Crime,Other,2020,2050,30
2024-07-01,BR08,Payments Ops,Staff,25990,27670,1680
2024-07-01,BR08,Payments Ops,Technology & Systems,7090,7380,290
2024-07-01,BR08,Payments Ops,Screening & Data Vendors,2840,3050,210
2024-07-01,BR08,Payments Ops,Premises,5670,6060,390
2024-07-01,BR08,Payments Ops,Outsourcing,3310,3500,190
2024-07-01,BR08,Payments Ops,Training,940,940,0
2024-07-01,BR08,Payments Ops,Other,1420,1500,80
2024-07-01,BR08,IT & Technology,Staff,44550,45720,1170
2024-07-01,BR08,IT & Technology,Technology & Systems,12150,12360,210
2024-07-01,BR08,IT & Technology,Screening & Data Vendors,4860,5400,540
2024-07-01,BR08,IT & Technology,Premises,9720,10180,460
2024-07-01,BR08,IT & Technology,Outsourcing,5670,5950,280
2024-07-01,BR08,IT & Technology,Training,1620,1840,220
2024-07-01,BR08,IT & Technology,Other,2430,2460,30
2024-07-01,BR08,Compliance,Staff,22280,23930,1650
2024-07-01,BR08,Compliance,Technology & Systems,6080,6650,570
2024-07-01,BR08,Compliance,Screening & Data Vendors,2430,2190,-240
2024-07-01,BR08,Compliance,Premises,4860,5800,940
2024-07-01,BR08,Compliance,Outsourcing,2840,2710,-130
2024-07-01,BR08,Compliance,Training,810,810,0
2024-07-01,BR08,Compliance,Other,1220,1270,50
2024-08-01,BR08,Retail Banking Ops,Staff,74250,76070,1820
2024-08-01,BR08,Retail Banking Ops,Technology & Systems,20250,20490,240
2024-08-01,BR08,Retail Banking Ops,Screening & Data Vendors,8100,7280,-820
2024-08-01,BR08,Retail Banking Ops,Premises,16200,16090,-110
2024-08-01,BR08,Retail Banking Ops,Outsourcing,9450,9540,90
2024-08-01,BR08,Retail Banking Ops,Training,2700,2740,40
2024-08-01,BR08,Retail Banking Ops,Other,4050,4250,200
2024-08-01,BR08,KYC & Onboarding,Staff,33410,37960,4550
2024-08-01,BR08,KYC & Onboarding,Technology & Systems,9110,10190,1080
2024-08-01,BR08,KYC & Onboarding,Screening & Data Vendors,3640,4270,630
2024-08-01,BR08,KYC & Onboarding,Premises,7290,7880,590
2024-08-01,BR08,KYC & Onboarding,Outsourcing,4250,4180,-70
2024-08-01,BR08,KYC & Onboarding,Training,1220,1270,50
2024-08-01,BR08,KYC & Onboarding,Other,1820,1970,150
2024-08-01,BR08,AML & Financial Crime,Staff,37120,40310,3190
2024-08-01,BR08,AML & Financial Crime,Technology & Systems,10120,11290,1170
2024-08-01,BR08,AML & Financial Crime,Screening & Data Vendors,4050,4030,-20
2024-08-01,BR08,AML & Financial Crime,Premises,8100,8210,110
2024-08-01,BR08,AML & Financial Crime,Outsourcing,4720,5400,680
2024-08-01,BR08,AML & Financial Crime,Training,1350,1460,110
2024-08-01,BR08,AML & Financial Crime,Other,2020,2120,100
2024-08-01,BR08,Payments Ops,Staff,25990,26020,30
2024-08-01,BR08,Payments Ops,Technology & Systems,7090,7120,30
2024-08-01,BR08,Payments Ops,Screening & Data Vendors,2840,2930,90
2024-08-01,BR08,Payments Ops,Premises,5670,6300,630
2024-08-01,BR08,Payments Ops,Outsourcing,3310,3560,250
2024-08-01,BR08,Payments Ops,Training,940,920,-20
2024-08-01,BR08,Payments Ops,Other,1420,1390,-30
2024-08-01,BR08,IT & Technology,Staff,44550,46380,1830
2024-08-01,BR08,IT & Technology,Technology & Systems,12150,12900,750
2024-08-01,BR08,IT & Technology,Screening & Data Vendors,4860,5290,430
2024-08-01,BR08,IT & Technology,Premises,9720,10720,1000
2024-08-01,BR08,IT & Technology,Outsourcing,5670,5450,-220
2024-08-01,BR08,IT & Technology,Training,1620,1670,50
2024-08-01,BR08,IT & Technology,Other,2430,2410,-20
2024-08-01,BR08,Compliance,Staff,22280,22990,710
2024-08-01,BR08,Compliance,Technology & Systems,6080,5940,-140
2024-08-01,BR08,Compliance,Screening & Data Vendors,2430,2330,-100
2024-08-01,BR08,Compliance,Premises,4860,4570,-290
2024-08-01,BR08,Compliance,Outsourcing,2840,3020,180
2024-08-01,BR08,Compliance,Training,810,830,20
2024-08-01,BR08,Compliance,Other,1220,1290,70
2024-09-01,BR08,Retail Banking Ops,Staff,74250,77950,3700
2024-09-01,BR08,Retail Banking Ops,Technology & Systems,20250,21260,1010
2024-09-01,BR08,Retail Banking Ops,Screening & Data Vendors,8100,7960,-140
2024-09-01,BR08,Retail Banking Ops,Premises,16200,17040,840
2024-09-01,BR08,Retail Banking Ops,Outsourcing,9450,9110,-340
2024-09-01,BR08,Retail Banking Ops,Training,2700,2810,110
2024-09-01,BR08,Retail Banking Ops,Other,4050,4470,420
2024-09-01,BR08,KYC & Onboarding,Staff,33410,35660,2250
2024-09-01,BR08,KYC & Onboarding,Technology & Systems,9110,10680,1570
2024-09-01,BR08,KYC & Onboarding,Screening & Data Vendors,3640,4050,410
2024-09-01,BR08,KYC & Onboarding,Premises,7290,8180,890
2024-09-01,BR08,KYC & Onboarding,Outsourcing,4250,4250,0
2024-09-01,BR08,KYC & Onboarding,Training,1220,1400,180
2024-09-01,BR08,KYC & Onboarding,Other,1820,1920,100
2024-09-01,BR08,AML & Financial Crime,Staff,37120,41110,3990
2024-09-01,BR08,AML & Financial Crime,Technology & Systems,10120,10980,860
2024-09-01,BR08,AML & Financial Crime,Screening & Data Vendors,4050,4290,240
2024-09-01,BR08,AML & Financial Crime,Premises,8100,9100,1000
2024-09-01,BR08,AML & Financial Crime,Outsourcing,4720,4910,190
2024-09-01,BR08,AML & Financial Crime,Training,1350,1430,80
2024-09-01,BR08,AML & Financial Crime,Other,2020,2130,110
2024-09-01,BR08,Payments Ops,Staff,25990,28490,2500
2024-09-01,BR08,Payments Ops,Technology & Systems,7090,8190,1100
2024-09-01,BR08,Payments Ops,Screening & Data Vendors,2840,3100,260
2024-09-01,BR08,Payments Ops,Premises,5670,5980,310
2024-09-01,BR08,Payments Ops,Outsourcing,3310,3590,280
2024-09-01,BR08,Payments Ops,Training,940,1040,100
2024-09-01,BR08,Payments Ops,Other,1420,1440,20
2024-09-01,BR08,IT & Technology,Staff,44550,45810,1260
2024-09-01,BR08,IT & Technology,Technology & Systems,12150,13080,930
2024-09-01,BR08,IT & Technology,Screening & Data Vendors,4860,4840,-20
2024-09-01,BR08,IT & Technology,Premises,9720,10250,530
2024-09-01,BR08,IT & Technology,Outsourcing,5670,5890,220
2024-09-01,BR08,IT & Technology,Training,1620,1510,-110
2024-09-01,BR08,IT & Technology,Other,2430,2310,-120
2024-09-01,BR08,Compliance,Staff,22280,23550,1270
2024-09-01,BR08,Compliance,Technology & Systems,6080,6210,130
2024-09-01,BR08,Compliance,Screening & Data Vendors,2430,2430,0
2024-09-01,BR08,Compliance,Premises,4860,5190,330
2024-09-01,BR08,Compliance,Outsourcing,2840,3050,210
2024-09-01,BR08,Compliance,Training,810,920,110
2024-09-01,BR08,Compliance,Other,1220,1200,-20
2024-10-01,BR08,Retail Banking Ops,Staff,74250,76330,2080
2024-10-01,BR08,Retail Banking Ops,Technology & Systems,20250,23620,3370
2024-10-01,BR08,Retail Banking Ops,Screening & Data Vendors,8100,8340,240
2024-10-01,BR08,Retail Banking Ops,Premises,16200,17230,1030
2024-10-01,BR08,Retail Banking Ops,Outsourcing,9450,10460,1010
2024-10-01,BR08,Retail Banking Ops,Training,2700,2680,-20
2024-10-01,BR08,Retail Banking Ops,Other,4050,4290,240
2024-10-01,BR08,KYC & Onboarding,Staff,33410,35510,2100
2024-10-01,BR08,KYC & Onboarding,Technology & Systems,9110,10600,1490
2024-10-01,BR08,KYC & Onboarding,Screening & Data Vendors,3640,4110,470
2024-10-01,BR08,KYC & Onboarding,Premises,7290,7770,480
2024-10-01,BR08,KYC & Onboarding,Outsourcing,4250,4480,230
2024-10-01,BR08,KYC & Onboarding,Training,1220,1270,50
2024-10-01,BR08,KYC & Onboarding,Other,1820,1760,-60
2024-10-01,BR08,AML & Financial Crime,Staff,37120,41930,4810
2024-10-01,BR08,AML & Financial Crime,Technology & Systems,10120,11210,1090
2024-10-01,BR08,AML & Financial Crime,Screening & Data Vendors,4050,4570,520
2024-10-01,BR08,AML & Financial Crime,Premises,8100,9270,1170
2024-10-01,BR08,AML & Financial Crime,Outsourcing,4720,5580,860
2024-10-01,BR08,AML & Financial Crime,Training,1350,1450,100
2024-10-01,BR08,AML & Financial Crime,Other,2020,2200,180
2024-10-01,BR08,Payments Ops,Staff,25990,26570,580
2024-10-01,BR08,Payments Ops,Technology & Systems,7090,7650,560
2024-10-01,BR08,Payments Ops,Screening & Data Vendors,2840,2880,40
2024-10-01,BR08,Payments Ops,Premises,5670,6400,730
2024-10-01,BR08,Payments Ops,Outsourcing,3310,3480,170
2024-10-01,BR08,Payments Ops,Training,940,1070,130
2024-10-01,BR08,Payments Ops,Other,1420,1510,90
2024-10-01,BR08,IT & Technology,Staff,44550,47310,2760
2024-10-01,BR08,IT & Technology,Technology & Systems,12150,12180,30
2024-10-01,BR08,IT & Technology,Screening & Data Vendors,4860,4850,-10
2024-10-01,BR08,IT & Technology,Premises,9720,10330,610
2024-10-01,BR08,IT & Technology,Outsourcing,5670,5800,130
2024-10-01,BR08,IT & Technology,Training,1620,1800,180
2024-10-01,BR08,IT & Technology,Other,2430,2730,300
2024-10-01,BR08,Compliance,Staff,22280,21920,-360
2024-10-01,BR08,Compliance,Technology & Systems,6080,6520,440
2024-10-01,BR08,Compliance,Screening & Data Vendors,2430,2580,150
2024-10-01,BR08,Compliance,Premises,4860,5190,330
2024-10-01,BR08,Compliance,Outsourcing,2840,2830,-10
2024-10-01,BR08,Compliance,Training,810,880,70
2024-10-01,BR08,Compliance,Other,1220,1220,0
2024-11-01,BR08,Retail Banking Ops,Staff,74250,74310,60
2024-11-01,BR08,Retail Banking Ops,Technology & Systems,20250,20190,-60
2024-11-01,BR08,Retail Banking Ops,Screening & Data Vendors,8100,8930,830
2024-11-01,BR08,Retail Banking Ops,Premises,16200,17890,1690
2024-11-01,BR08,Retail Banking Ops,Outsourcing,9450,8790,-660
2024-11-01,BR08,Retail Banking Ops,Training,2700,2890,190
2024-11-01,BR08,Retail Banking Ops,Other,4050,4240,190
2024-11-01,BR08,KYC & Onboarding,Staff,33410,38380,4970
2024-11-01,BR08,KYC & Onboarding,Technology & Systems,9110,9890,780
2024-11-01,BR08,KYC & Onboarding,Screening & Data Vendors,3640,3700,60
2024-11-01,BR08,KYC & Onboarding,Premises,7290,7750,460
2024-11-01,BR08,KYC & Onboarding,Outsourcing,4250,4900,650
2024-11-01,BR08,KYC & Onboarding,Training,1220,1390,170
2024-11-01,BR08,KYC & Onboarding,Other,1820,1870,50
2024-11-01,BR08,AML & Financial Crime,Staff,37120,42000,4880
2024-11-01,BR08,AML & Financial Crime,Technology & Systems,10120,11400,1280
2024-11-01,BR08,AML & Financial Crime,Screening & Data Vendors,4050,4600,550
2024-11-01,BR08,AML & Financial Crime,Premises,8100,8460,360
2024-11-01,BR08,AML & Financial Crime,Outsourcing,4720,5310,590
2024-11-01,BR08,AML & Financial Crime,Training,1350,1500,150
2024-11-01,BR08,AML & Financial Crime,Other,2020,2240,220
2024-11-01,BR08,Payments Ops,Staff,25990,29050,3060
2024-11-01,BR08,Payments Ops,Technology & Systems,7090,6830,-260
2024-11-01,BR08,Payments Ops,Screening & Data Vendors,2840,3070,230
2024-11-01,BR08,Payments Ops,Premises,5670,5560,-110
2024-11-01,BR08,Payments Ops,Outsourcing,3310,3490,180
2024-11-01,BR08,Payments Ops,Training,940,940,0
2024-11-01,BR08,Payments Ops,Other,1420,1540,120
2024-11-01,BR08,IT & Technology,Staff,44550,45620,1070
2024-11-01,BR08,IT & Technology,Technology & Systems,12150,11930,-220
2024-11-01,BR08,IT & Technology,Screening & Data Vendors,4860,5210,350
2024-11-01,BR08,IT & Technology,Premises,9720,10490,770
2024-11-01,BR08,IT & Technology,Outsourcing,5670,5920,250
2024-11-01,BR08,IT & Technology,Training,1620,1640,20
2024-11-01,BR08,IT & Technology,Other,2430,2290,-140
2024-11-01,BR08,Compliance,Staff,22280,24430,2150
2024-11-01,BR08,Compliance,Technology & Systems,6080,6580,500
2024-11-01,BR08,Compliance,Screening & Data Vendors,2430,2570,140
2024-11-01,BR08,Compliance,Premises,4860,4500,-360
2024-11-01,BR08,Compliance,Outsourcing,2840,2880,40
2024-11-01,BR08,Compliance,Training,810,830,20
2024-11-01,BR08,Compliance,Other,1220,1150,-70
2024-12-01,BR08,Retail Banking Ops,Staff,74250,69640,-4610
2024-12-01,BR08,Retail Banking Ops,Technology & Systems,20250,20710,460
2024-12-01,BR08,Retail Banking Ops,Screening & Data Vendors,8100,8200,100
2024-12-01,BR08,Retail Banking Ops,Premises,16200,17590,1390
2024-12-01,BR08,Retail Banking Ops,Outsourcing,9450,9090,-360
2024-12-01,BR08,Retail Banking Ops,Training,2700,2830,130
2024-12-01,BR08,Retail Banking Ops,Other,4050,4410,360
2024-12-01,BR08,KYC & Onboarding,Staff,33410,37170,3760
2024-12-01,BR08,KYC & Onboarding,Technology & Systems,9110,10560,1450
2024-12-01,BR08,KYC & Onboarding,Screening & Data Vendors,3640,4210,570
2024-12-01,BR08,KYC & Onboarding,Premises,7290,8140,850
2024-12-01,BR08,KYC & Onboarding,Outsourcing,4250,5070,820
2024-12-01,BR08,KYC & Onboarding,Training,1220,1400,180
2024-12-01,BR08,KYC & Onboarding,Other,1820,2030,210
2024-12-01,BR08,AML & Financial Crime,Staff,37120,41770,4650
2024-12-01,BR08,AML & Financial Crime,Technology & Systems,10120,11910,1790
2024-12-01,BR08,AML & Financial Crime,Screening & Data Vendors,4050,4980,930
2024-12-01,BR08,AML & Financial Crime,Premises,8100,8910,810
2024-12-01,BR08,AML & Financial Crime,Outsourcing,4720,5230,510
2024-12-01,BR08,AML & Financial Crime,Training,1350,1550,200
2024-12-01,BR08,AML & Financial Crime,Other,2020,2200,180
2024-12-01,BR08,Payments Ops,Staff,25990,29460,3470
2024-12-01,BR08,Payments Ops,Technology & Systems,7090,7420,330
2024-12-01,BR08,Payments Ops,Screening & Data Vendors,2840,3000,160
2024-12-01,BR08,Payments Ops,Premises,5670,5810,140
2024-12-01,BR08,Payments Ops,Outsourcing,3310,3360,50
2024-12-01,BR08,Payments Ops,Training,940,950,10
2024-12-01,BR08,Payments Ops,Other,1420,1410,-10
2024-12-01,BR08,IT & Technology,Staff,44550,47070,2520
2024-12-01,BR08,IT & Technology,Technology & Systems,12150,13010,860
2024-12-01,BR08,IT & Technology,Screening & Data Vendors,4860,4870,10
2024-12-01,BR08,IT & Technology,Premises,9720,9240,-480
2024-12-01,BR08,IT & Technology,Outsourcing,5670,6370,700
2024-12-01,BR08,IT & Technology,Training,1620,1490,-130
2024-12-01,BR08,IT & Technology,Other,2430,2510,80
2024-12-01,BR08,Compliance,Staff,22280,23100,820
2024-12-01,BR08,Compliance,Technology & Systems,6080,6590,510
2024-12-01,BR08,Compliance,Screening & Data Vendors,2430,2660,230
2024-12-01,BR08,Compliance,Premises,4860,5310,450
2024-12-01,BR08,Compliance,Outsourcing,2840,2970,130
2024-12-01,BR08,Compliance,Training,810,820,10
2024-12-01,BR08,Compliance,Other,1220,1180,-40
2025-01-01,BR08,Retail Banking Ops,Staff,74250,81670,7420
2025-01-01,BR08,Retail Banking Ops,Technology & Systems,20250,18840,-1410
2025-01-01,BR08,Retail Banking Ops,Screening & Data Vendors,8100,8430,330
2025-01-01,BR08,Retail Banking Ops,Premises,16200,16860,660
2025-01-01,BR08,Retail Banking Ops,Outsourcing,9450,9590,140
2025-01-01,BR08,Retail Banking Ops,Training,2700,3130,430
2025-01-01,BR08,Retail Banking Ops,Other,4050,4330,280
2025-01-01,BR08,KYC & Onboarding,Staff,33410,36020,2610
2025-01-01,BR08,KYC & Onboarding,Technology & Systems,9110,9670,560
2025-01-01,BR08,KYC & Onboarding,Screening & Data Vendors,3640,3870,230
2025-01-01,BR08,KYC & Onboarding,Premises,7290,7750,460
2025-01-01,BR08,KYC & Onboarding,Outsourcing,4250,4770,520
2025-01-01,BR08,KYC & Onboarding,Training,1220,1340,120
2025-01-01,BR08,KYC & Onboarding,Other,1820,2280,460
2025-01-01,BR08,AML & Financial Crime,Staff,37120,43230,6110
2025-01-01,BR08,AML & Financial Crime,Technology & Systems,10120,11290,1170
2025-01-01,BR08,AML & Financial Crime,Screening & Data Vendors,4050,4310,260
2025-01-01,BR08,AML & Financial Crime,Premises,8100,9140,1040
2025-01-01,BR08,AML & Financial Crime,Outsourcing,4720,5080,360
2025-01-01,BR08,AML & Financial Crime,Training,1350,1530,180
2025-01-01,BR08,AML & Financial Crime,Other,2020,2290,270
2025-01-01,BR08,Payments Ops,Staff,25990,27960,1970
2025-01-01,BR08,Payments Ops,Technology & Systems,7090,7170,80
2025-01-01,BR08,Payments Ops,Screening & Data Vendors,2840,3150,310
2025-01-01,BR08,Payments Ops,Premises,5670,6200,530
2025-01-01,BR08,Payments Ops,Outsourcing,3310,3660,350
2025-01-01,BR08,Payments Ops,Training,940,1050,110
2025-01-01,BR08,Payments Ops,Other,1420,1510,90
2025-01-01,BR08,IT & Technology,Staff,44550,46180,1630
2025-01-01,BR08,IT & Technology,Technology & Systems,12150,13980,1830
2025-01-01,BR08,IT & Technology,Screening & Data Vendors,4860,5010,150
2025-01-01,BR08,IT & Technology,Premises,9720,10030,310
2025-01-01,BR08,IT & Technology,Outsourcing,5670,5780,110
2025-01-01,BR08,IT & Technology,Training,1620,1800,180
2025-01-01,BR08,IT & Technology,Other,2430,2640,210
2025-01-01,BR08,Compliance,Staff,22280,23140,860
2025-01-01,BR08,Compliance,Technology & Systems,6080,6340,260
2025-01-01,BR08,Compliance,Screening & Data Vendors,2430,2620,190
2025-01-01,BR08,Compliance,Premises,4860,4920,60
2025-01-01,BR08,Compliance,Outsourcing,2840,2860,20
2025-01-01,BR08,Compliance,Training,810,890,80
2025-01-01,BR08,Compliance,Other,1220,1310,90
2025-02-01,BR08,Retail Banking Ops,Staff,74250,81360,7110
2025-02-01,BR08,Retail Banking Ops,Technology & Systems,20250,22990,2740
2025-02-01,BR08,Retail Banking Ops,Screening & Data Vendors,8100,8210,110
2025-02-01,BR08,Retail Banking Ops,Premises,16200,17410,1210
2025-02-01,BR08,Retail Banking Ops,Outsourcing,9450,9880,430
2025-02-01,BR08,Retail Banking Ops,Training,2700,2840,140
2025-02-01,BR08,Retail Banking Ops,Other,4050,4370,320
2025-02-01,BR08,KYC & Onboarding,Staff,33410,40450,7040
2025-02-01,BR08,KYC & Onboarding,Technology & Systems,9110,9690,580
2025-02-01,BR08,KYC & Onboarding,Screening & Data Vendors,3640,4360,720
2025-02-01,BR08,KYC & Onboarding,Premises,7290,7470,180
2025-02-01,BR08,KYC & Onboarding,Outsourcing,4250,4700,450
2025-02-01,BR08,KYC & Onboarding,Training,1220,1300,80
2025-02-01,BR08,KYC & Onboarding,Other,1820,1880,60
2025-02-01,BR08,AML & Financial Crime,Staff,37120,43190,6070
2025-02-01,BR08,AML & Financial Crime,Technology & Systems,10120,12350,2230
2025-02-01,BR08,AML & Financial Crime,Screening & Data Vendors,4050,4490,440
2025-02-01,BR08,AML & Financial Crime,Premises,8100,8850,750
2025-02-01,BR08,AML & Financial Crime,Outsourcing,4720,5550,830
2025-02-01,BR08,AML & Financial Crime,Training,1350,1350,0
2025-02-01,BR08,AML & Financial Crime,Other,2020,2310,290
2025-02-01,BR08,Payments Ops,Staff,25990,24230,-1760
2025-02-01,BR08,Payments Ops,Technology & Systems,7090,7140,50
2025-02-01,BR08,Payments Ops,Screening & Data Vendors,2840,2910,70
2025-02-01,BR08,Payments Ops,Premises,5670,5540,-130
2025-02-01,BR08,Payments Ops,Outsourcing,3310,3410,100
2025-02-01,BR08,Payments Ops,Training,940,980,40
2025-02-01,BR08,Payments Ops,Other,1420,1540,120
2025-02-01,BR08,IT & Technology,Staff,44550,43910,-640
2025-02-01,BR08,IT & Technology,Technology & Systems,12150,13700,1550
2025-02-01,BR08,IT & Technology,Screening & Data Vendors,4860,4810,-50
2025-02-01,BR08,IT & Technology,Premises,9720,11360,1640
2025-02-01,BR08,IT & Technology,Outsourcing,5670,6030,360
2025-02-01,BR08,IT & Technology,Training,1620,1620,0
2025-02-01,BR08,IT & Technology,Other,2430,2490,60
2025-02-01,BR08,Compliance,Staff,22280,22130,-150
2025-02-01,BR08,Compliance,Technology & Systems,6080,6270,190
2025-02-01,BR08,Compliance,Screening & Data Vendors,2430,2570,140
2025-02-01,BR08,Compliance,Premises,4860,5560,700
2025-02-01,BR08,Compliance,Outsourcing,2840,3010,170
2025-02-01,BR08,Compliance,Training,810,800,-10
2025-02-01,BR08,Compliance,Other,1220,1330,110
2025-03-01,BR08,Retail Banking Ops,Staff,74250,86010,11760
2025-03-01,BR08,Retail Banking Ops,Technology & Systems,20250,22110,1860
2025-03-01,BR08,Retail Banking Ops,Screening & Data Vendors,8100,8250,150
2025-03-01,BR08,Retail Banking Ops,Premises,16200,17840,1640
2025-03-01,BR08,Retail Banking Ops,Outsourcing,9450,10360,910
2025-03-01,BR08,Retail Banking Ops,Training,2700,2610,-90
2025-03-01,BR08,Retail Banking Ops,Other,4050,4630,580
2025-03-01,BR08,KYC & Onboarding,Staff,33410,35660,2250
2025-03-01,BR08,KYC & Onboarding,Technology & Systems,9110,10590,1480
2025-03-01,BR08,KYC & Onboarding,Screening & Data Vendors,3640,4460,820
2025-03-01,BR08,KYC & Onboarding,Premises,7290,8540,1250
2025-03-01,BR08,KYC & Onboarding,Outsourcing,4250,4690,440
2025-03-01,BR08,KYC & Onboarding,Training,1220,1410,190
2025-03-01,BR08,KYC & Onboarding,Other,1820,2120,300
2025-03-01,BR08,AML & Financial Crime,Staff,37120,39910,2790
2025-03-01,BR08,AML & Financial Crime,Technology & Systems,10120,12130,2010
2025-03-01,BR08,AML & Financial Crime,Screening & Data Vendors,4050,4870,820
2025-03-01,BR08,AML & Financial Crime,Premises,8100,9380,1280
2025-03-01,BR08,AML & Financial Crime,Outsourcing,4720,5400,680
2025-03-01,BR08,AML & Financial Crime,Training,1350,1550,200
2025-03-01,BR08,AML & Financial Crime,Other,2020,2350,330
2025-03-01,BR08,Payments Ops,Staff,25990,28440,2450
2025-03-01,BR08,Payments Ops,Technology & Systems,7090,7620,530
2025-03-01,BR08,Payments Ops,Screening & Data Vendors,2840,2880,40
2025-03-01,BR08,Payments Ops,Premises,5670,5960,290
2025-03-01,BR08,Payments Ops,Outsourcing,3310,3690,380
2025-03-01,BR08,Payments Ops,Training,940,1020,80
2025-03-01,BR08,Payments Ops,Other,1420,1490,70
2025-03-01,BR08,IT & Technology,Staff,44550,42290,-2260
2025-03-01,BR08,IT & Technology,Technology & Systems,12150,12550,400
2025-03-01,BR08,IT & Technology,Screening & Data Vendors,4860,4970,110
2025-03-01,BR08,IT & Technology,Premises,9720,9290,-430
2025-03-01,BR08,IT & Technology,Outsourcing,5670,5740,70
2025-03-01,BR08,IT & Technology,Training,1620,1610,-10
2025-03-01,BR08,IT & Technology,Other,2430,2430,0
2025-03-01,BR08,Compliance,Staff,22280,24200,1920
2025-03-01,BR08,Compliance,Technology & Systems,6080,6290,210
2025-03-01,BR08,Compliance,Screening & Data Vendors,2430,2420,-10
2025-03-01,BR08,Compliance,Premises,4860,5310,450
2025-03-01,BR08,Compliance,Outsourcing,2840,3260,420
2025-03-01,BR08,Compliance,Training,810,880,70
2025-03-01,BR08,Compliance,Other,1220,1340,120
2025-04-01,BR08,Retail Banking Ops,Staff,74250,75190,940
2025-04-01,BR08,Retail Banking Ops,Technology & Systems,20250,22570,2320
2025-04-01,BR08,Retail Banking Ops,Screening & Data Vendors,8100,8760,660
2025-04-01,BR08,Retail Banking Ops,Premises,16200,17560,1360
2025-04-01,BR08,Retail Banking Ops,Outsourcing,9450,10300,850
2025-04-01,BR08,Retail Banking Ops,Training,2700,2900,200
2025-04-01,BR08,Retail Banking Ops,Other,4050,4100,50
2025-04-01,BR08,KYC & Onboarding,Staff,33410,40520,7110
2025-04-01,BR08,KYC & Onboarding,Technology & Systems,9110,9710,600
2025-04-01,BR08,KYC & Onboarding,Screening & Data Vendors,3640,4490,850
2025-04-01,BR08,KYC & Onboarding,Premises,7290,8920,1630
2025-04-01,BR08,KYC & Onboarding,Outsourcing,4250,4520,270
2025-04-01,BR08,KYC & Onboarding,Training,1220,1320,100
2025-04-01,BR08,KYC & Onboarding,Other,1820,2120,300
2025-04-01,BR08,AML & Financial Crime,Staff,37120,40600,3480
2025-04-01,BR08,AML & Financial Crime,Technology & Systems,10120,12130,2010
2025-04-01,BR08,AML & Financial Crime,Screening & Data Vendors,4050,5300,1250
2025-04-01,BR08,AML & Financial Crime,Premises,8100,8730,630
2025-04-01,BR08,AML & Financial Crime,Outsourcing,4720,5010,290
2025-04-01,BR08,AML & Financial Crime,Training,1350,1620,270
2025-04-01,BR08,AML & Financial Crime,Other,2020,2300,280
2025-04-01,BR08,Payments Ops,Staff,25990,26910,920
2025-04-01,BR08,Payments Ops,Technology & Systems,7090,7140,50
2025-04-01,BR08,Payments Ops,Screening & Data Vendors,2840,3030,190
2025-04-01,BR08,Payments Ops,Premises,5670,5640,-30
2025-04-01,BR08,Payments Ops,Outsourcing,3310,3710,400
2025-04-01,BR08,Payments Ops,Training,940,950,10
2025-04-01,BR08,Payments Ops,Other,1420,1470,50
2025-04-01,BR08,IT & Technology,Staff,44550,46590,2040
2025-04-01,BR08,IT & Technology,Technology & Systems,12150,13850,1700
2025-04-01,BR08,IT & Technology,Screening & Data Vendors,4860,5280,420
2025-04-01,BR08,IT & Technology,Premises,9720,10150,430
2025-04-01,BR08,IT & Technology,Outsourcing,5670,6210,540
2025-04-01,BR08,IT & Technology,Training,1620,1680,60
2025-04-01,BR08,IT & Technology,Other,2430,2640,210
2025-04-01,BR08,Compliance,Staff,22280,23400,1120
2025-04-01,BR08,Compliance,Technology & Systems,6080,6350,270
2025-04-01,BR08,Compliance,Screening & Data Vendors,2430,2640,210
2025-04-01,BR08,Compliance,Premises,4860,5220,360
2025-04-01,BR08,Compliance,Outsourcing,2840,3060,220
2025-04-01,BR08,Compliance,Training,810,860,50
2025-04-01,BR08,Compliance,Other,1220,1310,90
2025-05-01,BR08,Retail Banking Ops,Staff,74250,76340,2090
2025-05-01,BR08,Retail Banking Ops,Technology & Systems,20250,21420,1170
2025-05-01,BR08,Retail Banking Ops,Screening & Data Vendors,8100,8920,820
2025-05-01,BR08,Retail Banking Ops,Premises,16200,17670,1470
2025-05-01,BR08,Retail Banking Ops,Outsourcing,9450,9710,260
2025-05-01,BR08,Retail Banking Ops,Training,2700,2760,60
2025-05-01,BR08,Retail Banking Ops,Other,4050,4180,130
2025-05-01,BR08,KYC & Onboarding,Staff,33410,38630,5220
2025-05-01,BR08,KYC & Onboarding,Technology & Systems,9110,10000,890
2025-05-01,BR08,KYC & Onboarding,Screening & Data Vendors,3640,4180,540
2025-05-01,BR08,KYC & Onboarding,Premises,7290,8740,1450
2025-05-01,BR08,KYC & Onboarding,Outsourcing,4250,5540,1290
2025-05-01,BR08,KYC & Onboarding,Training,1220,1360,140
2025-05-01,BR08,KYC & Onboarding,Other,1820,2110,290
2025-05-01,BR08,AML & Financial Crime,Staff,37120,43420,6300
2025-05-01,BR08,AML & Financial Crime,Technology & Systems,10120,12150,2030
2025-05-01,BR08,AML & Financial Crime,Screening & Data Vendors,4050,4520,470
2025-05-01,BR08,AML & Financial Crime,Premises,8100,9070,970
2025-05-01,BR08,AML & Financial Crime,Outsourcing,4720,5890,1170
2025-05-01,BR08,AML & Financial Crime,Training,1350,1190,-160
2025-05-01,BR08,AML & Financial Crime,Other,2020,2270,250
2025-05-01,BR08,Payments Ops,Staff,25990,28500,2510
2025-05-01,BR08,Payments Ops,Technology & Systems,7090,8230,1140
2025-05-01,BR08,Payments Ops,Screening & Data Vendors,2840,2810,-30
2025-05-01,BR08,Payments Ops,Premises,5670,6030,360
2025-05-01,BR08,Payments Ops,Outsourcing,3310,3630,320
2025-05-01,BR08,Payments Ops,Training,940,1040,100
2025-05-01,BR08,Payments Ops,Other,1420,1490,70
2025-05-01,BR08,IT & Technology,Staff,44550,44940,390
2025-05-01,BR08,IT & Technology,Technology & Systems,12150,13030,880
2025-05-01,BR08,IT & Technology,Screening & Data Vendors,4860,5100,240
2025-05-01,BR08,IT & Technology,Premises,9720,9650,-70
2025-05-01,BR08,IT & Technology,Outsourcing,5670,6800,1130
2025-05-01,BR08,IT & Technology,Training,1620,1690,70
2025-05-01,BR08,IT & Technology,Other,2430,2570,140
2025-05-01,BR08,Compliance,Staff,22280,23160,880
2025-05-01,BR08,Compliance,Technology & Systems,6080,6780,700
2025-05-01,BR08,Compliance,Screening & Data Vendors,2430,2660,230
2025-05-01,BR08,Compliance,Premises,4860,5180,320
2025-05-01,BR08,Compliance,Outsourcing,2840,3100,260
2025-05-01,BR08,Compliance,Training,810,810,0
2025-05-01,BR08,Compliance,Other,1220,1320,100
2025-06-01,BR08,Retail Banking Ops,Staff,74250,84610,10360
2025-06-01,BR08,Retail Banking Ops,Technology & Systems,20250,22300,2050
2025-06-01,BR08,Retail Banking Ops,Screening & Data Vendors,8100,8640,540
2025-06-01,BR08,Retail Banking Ops,Premises,16200,17260,1060
2025-06-01,BR08,Retail Banking Ops,Outsourcing,9450,9640,190
2025-06-01,BR08,Retail Banking Ops,Training,2700,2740,40
2025-06-01,BR08,Retail Banking Ops,Other,4050,3870,-180
2025-06-01,BR08,KYC & Onboarding,Staff,33410,40310,6900
2025-06-01,BR08,KYC & Onboarding,Technology & Systems,9110,10580,1470
2025-06-01,BR08,KYC & Onboarding,Screening & Data Vendors,3640,4350,710
2025-06-01,BR08,KYC & Onboarding,Premises,7290,8540,1250
2025-06-01,BR08,KYC & Onboarding,Outsourcing,4250,5010,760
2025-06-01,BR08,KYC & Onboarding,Training,1220,1540,320
2025-06-01,BR08,KYC & Onboarding,Other,1820,2020,200
2025-06-01,BR08,AML & Financial Crime,Staff,37120,41630,4510
2025-06-01,BR08,AML & Financial Crime,Technology & Systems,10120,12690,2570
2025-06-01,BR08,AML & Financial Crime,Screening & Data Vendors,4050,5000,950
2025-06-01,BR08,AML & Financial Crime,Premises,8100,9300,1200
2025-06-01,BR08,AML & Financial Crime,Outsourcing,4720,5460,740
2025-06-01,BR08,AML & Financial Crime,Training,1350,1590,240
2025-06-01,BR08,AML & Financial Crime,Other,2020,2300,280
2025-06-01,BR08,Payments Ops,Staff,25990,29030,3040
2025-06-01,BR08,Payments Ops,Technology & Systems,7090,7290,200
2025-06-01,BR08,Payments Ops,Screening & Data Vendors,2840,3080,240
2025-06-01,BR08,Payments Ops,Premises,5670,5950,280
2025-06-01,BR08,Payments Ops,Outsourcing,3310,3450,140
2025-06-01,BR08,Payments Ops,Training,940,1060,120
2025-06-01,BR08,Payments Ops,Other,1420,1560,140
2025-06-01,BR08,IT & Technology,Staff,44550,49350,4800
2025-06-01,BR08,IT & Technology,Technology & Systems,12150,11410,-740
2025-06-01,BR08,IT & Technology,Screening & Data Vendors,4860,5520,660
2025-06-01,BR08,IT & Technology,Premises,9720,10850,1130
2025-06-01,BR08,IT & Technology,Outsourcing,5670,6550,880
2025-06-01,BR08,IT & Technology,Training,1620,1730,110
2025-06-01,BR08,IT & Technology,Other,2430,2390,-40
2025-06-01,BR08,Compliance,Staff,22280,26900,4620
2025-06-01,BR08,Compliance,Technology & Systems,6080,6300,220
2025-06-01,BR08,Compliance,Screening & Data Vendors,2430,2350,-80
2025-06-01,BR08,Compliance,Premises,4860,5000,140
2025-06-01,BR08,Compliance,Outsourcing,2840,3090,250
2025-06-01,BR08,Compliance,Training,810,860,50
2025-06-01,BR08,Compliance,Other,1220,1220,0
2025-07-01,BR08,Retail Banking Ops,Staff,74250,82250,8000
2025-07-01,BR08,Retail Banking Ops,Technology & Systems,20250,23160,2910
2025-07-01,BR08,Retail Banking Ops,Screening & Data Vendors,8100,8450,350
2025-07-01,BR08,Retail Banking Ops,Premises,16200,18170,1970
2025-07-01,BR08,Retail Banking Ops,Outsourcing,9450,10710,1260
2025-07-01,BR08,Retail Banking Ops,Training,2700,2730,30
2025-07-01,BR08,Retail Banking Ops,Other,4050,4700,650
2025-07-01,BR08,KYC & Onboarding,Staff,33410,40480,7070
2025-07-01,BR08,KYC & Onboarding,Technology & Systems,9110,10760,1650
2025-07-01,BR08,KYC & Onboarding,Screening & Data Vendors,3640,4160,520
2025-07-01,BR08,KYC & Onboarding,Premises,7290,8650,1360
2025-07-01,BR08,KYC & Onboarding,Outsourcing,4250,5230,980
2025-07-01,BR08,KYC & Onboarding,Training,1220,1430,210
2025-07-01,BR08,KYC & Onboarding,Other,1820,2180,360
2025-07-01,BR08,AML & Financial Crime,Staff,37120,44220,7100
2025-07-01,BR08,AML & Financial Crime,Technology & Systems,10120,12160,2040
2025-07-01,BR08,AML & Financial Crime,Screening & Data Vendors,4050,4640,590
2025-07-01,BR08,AML & Financial Crime,Premises,8100,9750,1650
2025-07-01,BR08,AML & Financial Crime,Outsourcing,4720,5640,920
2025-07-01,BR08,AML & Financial Crime,Training,1350,1580,230
2025-07-01,BR08,AML & Financial Crime,Other,2020,2360,340
2025-07-01,BR08,Payments Ops,Staff,25990,26650,660
2025-07-01,BR08,Payments Ops,Technology & Systems,7090,8020,930
2025-07-01,BR08,Payments Ops,Screening & Data Vendors,2840,3200,360
2025-07-01,BR08,Payments Ops,Premises,5670,5900,230
2025-07-01,BR08,Payments Ops,Outsourcing,3310,3470,160
2025-07-01,BR08,Payments Ops,Training,940,990,50
2025-07-01,BR08,Payments Ops,Other,1420,1480,60
2025-07-01,BR08,IT & Technology,Staff,44550,45850,1300
2025-07-01,BR08,IT & Technology,Technology & Systems,12150,13660,1510
2025-07-01,BR08,IT & Technology,Screening & Data Vendors,4860,5230,370
2025-07-01,BR08,IT & Technology,Premises,9720,11060,1340
2025-07-01,BR08,IT & Technology,Outsourcing,5670,5860,190
2025-07-01,BR08,IT & Technology,Training,1620,1880,260
2025-07-01,BR08,IT & Technology,Other,2430,2640,210
2025-07-01,BR08,Compliance,Staff,22280,23880,1600
2025-07-01,BR08,Compliance,Technology & Systems,6080,7020,940
2025-07-01,BR08,Compliance,Screening & Data Vendors,2430,2580,150
2025-07-01,BR08,Compliance,Premises,4860,5100,240
2025-07-01,BR08,Compliance,Outsourcing,2840,2760,-80
2025-07-01,BR08,Compliance,Training,810,830,20
2025-07-01,BR08,Compliance,Other,1220,1360,140
2025-08-01,BR08,Retail Banking Ops,Staff,74250,79080,4830
2025-08-01,BR08,Retail Banking Ops,Technology & Systems,20250,21470,1220
2025-08-01,BR08,Retail Banking Ops,Screening & Data Vendors,8100,9180,1080
2025-08-01,BR08,Retail Banking Ops,Premises,16200,17810,1610
2025-08-01,BR08,Retail Banking Ops,Outsourcing,9450,9500,50
2025-08-01,BR08,Retail Banking Ops,Training,2700,2990,290
2025-08-01,BR08,Retail Banking Ops,Other,4050,4550,500
2025-08-01,BR08,KYC & Onboarding,Staff,33410,40590,7180
2025-08-01,BR08,KYC & Onboarding,Technology & Systems,9110,11500,2390
2025-08-01,BR08,KYC & Onboarding,Screening & Data Vendors,3640,4210,570
2025-08-01,BR08,KYC & Onboarding,Premises,7290,8910,1620
2025-08-01,BR08,KYC & Onboarding,Outsourcing,4250,5000,750
2025-08-01,BR08,KYC & Onboarding,Training,1220,1390,170
2025-08-01,BR08,KYC & Onboarding,Other,1820,2130,310
2025-08-01,BR08,AML & Financial Crime,Staff,37120,42950,5830
2025-08-01,BR08,AML & Financial Crime,Technology & Systems,10120,12360,2240
2025-08-01,BR08,AML & Financial Crime,Screening & Data Vendors,4050,4920,870
2025-08-01,BR08,AML & Financial Crime,Premises,8100,9730,1630
2025-08-01,BR08,AML & Financial Crime,Outsourcing,4720,5910,1190
2025-08-01,BR08,AML & Financial Crime,Training,1350,1650,300
2025-08-01,BR08,AML & Financial Crime,Other,2020,2390,370
2025-08-01,BR08,Payments Ops,Staff,25990,28310,2320
2025-08-01,BR08,Payments Ops,Technology & Systems,7090,7530,440
2025-08-01,BR08,Payments Ops,Screening & Data Vendors,2840,2860,20
2025-08-01,BR08,Payments Ops,Premises,5670,6060,390
2025-08-01,BR08,Payments Ops,Outsourcing,3310,3730,420
2025-08-01,BR08,Payments Ops,Training,940,960,20
2025-08-01,BR08,Payments Ops,Other,1420,1560,140
2025-08-01,BR08,IT & Technology,Staff,44550,49830,5280
2025-08-01,BR08,IT & Technology,Technology & Systems,12150,13430,1280
2025-08-01,BR08,IT & Technology,Screening & Data Vendors,4860,5630,770
2025-08-01,BR08,IT & Technology,Premises,9720,10160,440
2025-08-01,BR08,IT & Technology,Outsourcing,5670,6990,1320
2025-08-01,BR08,IT & Technology,Training,1620,1910,290
2025-08-01,BR08,IT & Technology,Other,2430,2640,210
2025-08-01,BR08,Compliance,Staff,22280,23730,1450
2025-08-01,BR08,Compliance,Technology & Systems,6080,6890,810
2025-08-01,BR08,Compliance,Screening & Data Vendors,2430,2590,160
2025-08-01,BR08,Compliance,Premises,4860,4780,-80
2025-08-01,BR08,Compliance,Outsourcing,2840,2880,40
2025-08-01,BR08,Compliance,Training,810,920,110
2025-08-01,BR08,Compliance,Other,1220,1310,90
2025-09-01,BR08,Retail Banking Ops,Staff,74250,79760,5510
2025-09-01,BR08,Retail Banking Ops,Technology & Systems,20250,22780,2530
2025-09-01,BR08,Retail Banking Ops,Screening & Data Vendors,8100,8580,480
2025-09-01,BR08,Retail Banking Ops,Premises,16200,15000,-1200
2025-09-01,BR08,Retail Banking Ops,Outsourcing,9450,10150,700
2025-09-01,BR08,Retail Banking Ops,Training,2700,2860,160
2025-09-01,BR08,Retail Banking Ops,Other,4050,4250,200
2025-09-01,BR08,KYC & Onboarding,Staff,33410,41440,8030
2025-09-01,BR08,KYC & Onboarding,Technology & Systems,9110,10400,1290
2025-09-01,BR08,KYC & Onboarding,Screening & Data Vendors,3640,4350,710
2025-09-01,BR08,KYC & Onboarding,Premises,7290,8740,1450
2025-09-01,BR08,KYC & Onboarding,Outsourcing,4250,4940,690
2025-09-01,BR08,KYC & Onboarding,Training,1220,1480,260
2025-09-01,BR08,KYC & Onboarding,Other,1820,2090,270
2025-09-01,BR08,AML & Financial Crime,Staff,37120,41360,4240
2025-09-01,BR08,AML & Financial Crime,Technology & Systems,10120,11850,1730
2025-09-01,BR08,AML & Financial Crime,Screening & Data Vendors,4050,5210,1160
2025-09-01,BR08,AML & Financial Crime,Premises,8100,10180,2080
2025-09-01,BR08,AML & Financial Crime,Outsourcing,4720,5310,590
2025-09-01,BR08,AML & Financial Crime,Training,1350,1700,350
2025-09-01,BR08,AML & Financial Crime,Other,2020,2330,310
2025-09-01,BR08,Payments Ops,Staff,25990,28260,2270
2025-09-01,BR08,Payments Ops,Technology & Systems,7090,7250,160
2025-09-01,BR08,Payments Ops,Screening & Data Vendors,2840,3170,330
2025-09-01,BR08,Payments Ops,Premises,5670,5980,310
2025-09-01,BR08,Payments Ops,Outsourcing,3310,3630,320
2025-09-01,BR08,Payments Ops,Training,940,1090,150
2025-09-01,BR08,Payments Ops,Other,1420,1520,100
2025-09-01,BR08,IT & Technology,Staff,44550,50760,6210
2025-09-01,BR08,IT & Technology,Technology & Systems,12150,12670,520
2025-09-01,BR08,IT & Technology,Screening & Data Vendors,4860,5260,400
2025-09-01,BR08,IT & Technology,Premises,9720,10350,630
2025-09-01,BR08,IT & Technology,Outsourcing,5670,6270,600
2025-09-01,BR08,IT & Technology,Training,1620,1630,10
2025-09-01,BR08,IT & Technology,Other,2430,2480,50
2025-09-01,BR08,Compliance,Staff,22280,21890,-390
2025-09-01,BR08,Compliance,Technology & Systems,6080,6460,380
2025-09-01,BR08,Compliance,Screening & Data Vendors,2430,2630,200
2025-09-01,BR08,Compliance,Premises,4860,4900,40
2025-09-01,BR08,Compliance,Outsourcing,2840,2920,80
2025-09-01,BR08,Compliance,Training,810,950,140
2025-09-01,BR08,Compliance,Other,1220,1320,100
2025-10-01,BR08,Retail Banking Ops,Staff,74250,78480,4230
2025-10-01,BR08,Retail Banking Ops,Technology & Systems,20250,22000,1750
2025-10-01,BR08,Retail Banking Ops,Screening & Data Vendors,8100,9080,980
2025-10-01,BR08,Retail Banking Ops,Premises,16200,18810,2610
2025-10-01,BR08,Retail Banking Ops,Outsourcing,9450,10240,790
2025-10-01,BR08,Retail Banking Ops,Training,2700,2910,210
2025-10-01,BR08,Retail Banking Ops,Other,4050,4250,200
2025-10-01,BR08,KYC & Onboarding,Staff,33410,40320,6910
2025-10-01,BR08,KYC & Onboarding,Technology & Systems,9110,12310,3200
2025-10-01,BR08,KYC & Onboarding,Screening & Data Vendors,3640,4740,1100
2025-10-01,BR08,KYC & Onboarding,Premises,7290,9050,1760
2025-10-01,BR08,KYC & Onboarding,Outsourcing,4250,5650,1400
2025-10-01,BR08,KYC & Onboarding,Training,1220,1440,220
2025-10-01,BR08,KYC & Onboarding,Other,1820,2170,350
2025-10-01,BR08,AML & Financial Crime,Staff,37120,45040,7920
2025-10-01,BR08,AML & Financial Crime,Technology & Systems,10120,12790,2670
2025-10-01,BR08,AML & Financial Crime,Screening & Data Vendors,4050,4760,710
2025-10-01,BR08,AML & Financial Crime,Premises,8100,9580,1480
2025-10-01,BR08,AML & Financial Crime,Outsourcing,4720,5880,1160
2025-10-01,BR08,AML & Financial Crime,Training,1350,1650,300
2025-10-01,BR08,AML & Financial Crime,Other,2020,2230,210
2025-10-01,BR08,Payments Ops,Staff,25990,28420,2430
2025-10-01,BR08,Payments Ops,Technology & Systems,7090,6670,-420
2025-10-01,BR08,Payments Ops,Screening & Data Vendors,2840,2850,10
2025-10-01,BR08,Payments Ops,Premises,5670,5930,260
2025-10-01,BR08,Payments Ops,Outsourcing,3310,3610,300
2025-10-01,BR08,Payments Ops,Training,940,1030,90
2025-10-01,BR08,Payments Ops,Other,1420,1570,150
2025-10-01,BR08,IT & Technology,Staff,44550,51220,6670
2025-10-01,BR08,IT & Technology,Technology & Systems,12150,14430,2280
2025-10-01,BR08,IT & Technology,Screening & Data Vendors,4860,5120,260
2025-10-01,BR08,IT & Technology,Premises,9720,10570,850
2025-10-01,BR08,IT & Technology,Outsourcing,5670,6400,730
2025-10-01,BR08,IT & Technology,Training,1620,1740,120
2025-10-01,BR08,IT & Technology,Other,2430,2500,70
2025-10-01,BR08,Compliance,Staff,22280,24540,2260
2025-10-01,BR08,Compliance,Technology & Systems,6080,6980,900
2025-10-01,BR08,Compliance,Screening & Data Vendors,2430,2710,280
2025-10-01,BR08,Compliance,Premises,4860,5020,160
2025-10-01,BR08,Compliance,Outsourcing,2840,3150,310
2025-10-01,BR08,Compliance,Training,810,880,70
2025-10-01,BR08,Compliance,Other,1220,1240,20
2025-11-01,BR08,Retail Banking Ops,Staff,74250,80310,6060
2025-11-01,BR08,Retail Banking Ops,Technology & Systems,20250,21040,790
2025-11-01,BR08,Retail Banking Ops,Screening & Data Vendors,8100,9090,990
2025-11-01,BR08,Retail Banking Ops,Premises,16200,18730,2530
2025-11-01,BR08,Retail Banking Ops,Outsourcing,9450,10170,720
2025-11-01,BR08,Retail Banking Ops,Training,2700,2930,230
2025-11-01,BR08,Retail Banking Ops,Other,4050,4360,310
2025-11-01,BR08,KYC & Onboarding,Staff,33410,40680,7270
2025-11-01,BR08,KYC & Onboarding,Technology & Systems,9110,10420,1310
2025-11-01,BR08,KYC & Onboarding,Screening & Data Vendors,3640,4400,760
2025-11-01,BR08,KYC & Onboarding,Premises,7290,9420,2130
2025-11-01,BR08,KYC & Onboarding,Outsourcing,4250,5540,1290
2025-11-01,BR08,KYC & Onboarding,Training,1220,1470,250
2025-11-01,BR08,KYC & Onboarding,Other,1820,2090,270
2025-11-01,BR08,AML & Financial Crime,Staff,37120,50270,13150
2025-11-01,BR08,AML & Financial Crime,Technology & Systems,10120,11940,1820
2025-11-01,BR08,AML & Financial Crime,Screening & Data Vendors,4050,5100,1050
2025-11-01,BR08,AML & Financial Crime,Premises,8100,9730,1630
2025-11-01,BR08,AML & Financial Crime,Outsourcing,4720,6130,1410
2025-11-01,BR08,AML & Financial Crime,Training,1350,1700,350
2025-11-01,BR08,AML & Financial Crime,Other,2020,2630,610
2025-11-01,BR08,Payments Ops,Staff,25990,29700,3710
2025-11-01,BR08,Payments Ops,Technology & Systems,7090,7950,860
2025-11-01,BR08,Payments Ops,Screening & Data Vendors,2840,3220,380
2025-11-01,BR08,Payments Ops,Premises,5670,6120,450
2025-11-01,BR08,Payments Ops,Outsourcing,3310,3830,520
2025-11-01,BR08,Payments Ops,Training,940,1070,130
2025-11-01,BR08,Payments Ops,Other,1420,1550,130
2025-11-01,BR08,IT & Technology,Staff,44550,51320,6770
2025-11-01,BR08,IT & Technology,Technology & Systems,12150,13400,1250
2025-11-01,BR08,IT & Technology,Screening & Data Vendors,4860,5790,930
2025-11-01,BR08,IT & Technology,Premises,9720,10700,980
2025-11-01,BR08,IT & Technology,Outsourcing,5670,6200,530
2025-11-01,BR08,IT & Technology,Training,1620,1750,130
2025-11-01,BR08,IT & Technology,Other,2430,2610,180
2025-11-01,BR08,Compliance,Staff,22280,23910,1630
2025-11-01,BR08,Compliance,Technology & Systems,6080,6530,450
2025-11-01,BR08,Compliance,Screening & Data Vendors,2430,2490,60
2025-11-01,BR08,Compliance,Premises,4860,5010,150
2025-11-01,BR08,Compliance,Outsourcing,2840,3070,230
2025-11-01,BR08,Compliance,Training,810,880,70
2025-11-01,BR08,Compliance,Other,1220,1200,-20
2025-12-01,BR08,Retail Banking Ops,Staff,74250,81850,7600
2025-12-01,BR08,Retail Banking Ops,Technology & Systems,20250,20620,370
2025-12-01,BR08,Retail Banking Ops,Screening & Data Vendors,8100,8520,420
2025-12-01,BR08,Retail Banking Ops,Premises,16200,17790,1590
2025-12-01,BR08,Retail Banking Ops,Outsourcing,9450,10010,560
2025-12-01,BR08,Retail Banking Ops,Training,2700,2830,130
2025-12-01,BR08,Retail Banking Ops,Other,4050,4550,500
2025-12-01,BR08,KYC & Onboarding,Staff,33410,45720,12310
2025-12-01,BR08,KYC & Onboarding,Technology & Systems,9110,11700,2590
2025-12-01,BR08,KYC & Onboarding,Screening & Data Vendors,3640,4740,1100
2025-12-01,BR08,KYC & Onboarding,Premises,7290,9070,1780
2025-12-01,BR08,KYC & Onboarding,Outsourcing,4250,5140,890
2025-12-01,BR08,KYC & Onboarding,Training,1220,1360,140
2025-12-01,BR08,KYC & Onboarding,Other,1820,2240,420
2025-12-01,BR08,AML & Financial Crime,Staff,37120,48470,11350
2025-12-01,BR08,AML & Financial Crime,Technology & Systems,10120,11620,1500
2025-12-01,BR08,AML & Financial Crime,Screening & Data Vendors,4050,4950,900
2025-12-01,BR08,AML & Financial Crime,Premises,8100,10380,2280
2025-12-01,BR08,AML & Financial Crime,Outsourcing,4720,5850,1130
2025-12-01,BR08,AML & Financial Crime,Training,1350,1700,350
2025-12-01,BR08,AML & Financial Crime,Other,2020,2700,680
2025-12-01,BR08,Payments Ops,Staff,25990,28050,2060
2025-12-01,BR08,Payments Ops,Technology & Systems,7090,7810,720
2025-12-01,BR08,Payments Ops,Screening & Data Vendors,2840,3320,480
2025-12-01,BR08,Payments Ops,Premises,5670,6370,700
2025-12-01,BR08,Payments Ops,Outsourcing,3310,3490,180
2025-12-01,BR08,Payments Ops,Training,940,1040,100
2025-12-01,BR08,Payments Ops,Other,1420,1670,250
2025-12-01,BR08,IT & Technology,Staff,44550,49930,5380
2025-12-01,BR08,IT & Technology,Technology & Systems,12150,12780,630
2025-12-01,BR08,IT & Technology,Screening & Data Vendors,4860,5100,240
2025-12-01,BR08,IT & Technology,Premises,9720,10660,940
2025-12-01,BR08,IT & Technology,Outsourcing,5670,6120,450
2025-12-01,BR08,IT & Technology,Training,1620,1900,280
2025-12-01,BR08,IT & Technology,Other,2430,2750,320
2025-12-01,BR08,Compliance,Staff,22280,26080,3800
2025-12-01,BR08,Compliance,Technology & Systems,6080,6540,460
2025-12-01,BR08,Compliance,Screening & Data Vendors,2430,2650,220
2025-12-01,BR08,Compliance,Premises,4860,5500,640
2025-12-01,BR08,Compliance,Outsourcing,2840,3130,290
2025-12-01,BR08,Compliance,Training,810,940,130
2025-12-01,BR08,Compliance,Other,1220,1300,80
2024-01-01,BR09,Retail Banking Ops,Staff,59400,71940,12540
2024-01-01,BR09,Retail Banking Ops,Technology & Systems,16200,15920,-280
2024-01-01,BR09,Retail Banking Ops,Screening & Data Vendors,6480,6100,-380
2024-01-01,BR09,Retail Banking Ops,Premises,12960,12520,-440
2024-01-01,BR09,Retail Banking Ops,Outsourcing,7560,8640,1080
2024-01-01,BR09,Retail Banking Ops,Training,2160,2190,30
2024-01-01,BR09,Retail Banking Ops,Other,3240,3310,70
2024-01-01,BR09,KYC & Onboarding,Staff,26730,31950,5220
2024-01-01,BR09,KYC & Onboarding,Technology & Systems,7290,7900,610
2024-01-01,BR09,KYC & Onboarding,Screening & Data Vendors,2920,2940,20
2024-01-01,BR09,KYC & Onboarding,Premises,5830,5890,60
2024-01-01,BR09,KYC & Onboarding,Outsourcing,3400,3580,180
2024-01-01,BR09,KYC & Onboarding,Training,970,1000,30
2024-01-01,BR09,KYC & Onboarding,Other,1460,1500,40
2024-01-01,BR09,AML & Financial Crime,Staff,29700,29880,180
2024-01-01,BR09,AML & Financial Crime,Technology & Systems,8100,8330,230
2024-01-01,BR09,AML & Financial Crime,Screening & Data Vendors,3240,3520,280
2024-01-01,BR09,AML & Financial Crime,Premises,6480,6830,350
2024-01-01,BR09,AML & Financial Crime,Outsourcing,3780,4200,420
2024-01-01,BR09,AML & Financial Crime,Training,1080,1200,120
2024-01-01,BR09,AML & Financial Crime,Other,1620,1610,-10
2024-01-01,BR09,Payments Ops,Staff,20790,23180,2390
2024-01-01,BR09,Payments Ops,Technology & Systems,5670,5560,-110
2024-01-01,BR09,Payments Ops,Screening & Data Vendors,2270,2330,60
2024-01-01,BR09,Payments Ops,Premises,4540,4170,-370
2024-01-01,BR09,Payments Ops,Outsourcing,2650,2930,280
2024-01-01,BR09,Payments Ops,Training,760,690,-70
2024-01-01,BR09,Payments Ops,Other,1130,1060,-70
2024-01-01,BR09,IT & Technology,Staff,35640,37910,2270
2024-01-01,BR09,IT & Technology,Technology & Systems,9720,9970,250
2024-01-01,BR09,IT & Technology,Screening & Data Vendors,3890,3630,-260
2024-01-01,BR09,IT & Technology,Premises,7780,8050,270
2024-01-01,BR09,IT & Technology,Outsourcing,4540,5820,1280
2024-01-01,BR09,IT & Technology,Training,1300,1240,-60
2024-01-01,BR09,IT & Technology,Other,1940,2000,60
2024-01-01,BR09,Compliance,Staff,17820,21330,3510
2024-01-01,BR09,Compliance,Technology & Systems,4860,4900,40
2024-01-01,BR09,Compliance,Screening & Data Vendors,1940,1820,-120
2024-01-01,BR09,Compliance,Premises,3890,3990,100
2024-01-01,BR09,Compliance,Outsourcing,2270,2460,190
2024-01-01,BR09,Compliance,Training,650,650,0
2024-01-01,BR09,Compliance,Other,970,960,-10
2024-02-01,BR09,Retail Banking Ops,Staff,59400,66430,7030
2024-02-01,BR09,Retail Banking Ops,Technology & Systems,16200,14160,-2040
2024-02-01,BR09,Retail Banking Ops,Screening & Data Vendors,6480,6050,-430
2024-02-01,BR09,Retail Banking Ops,Premises,12960,13730,770
2024-02-01,BR09,Retail Banking Ops,Outsourcing,7560,7890,330
2024-02-01,BR09,Retail Banking Ops,Training,2160,2200,40
2024-02-01,BR09,Retail Banking Ops,Other,3240,3180,-60
2024-02-01,BR09,KYC & Onboarding,Staff,26730,31080,4350
2024-02-01,BR09,KYC & Onboarding,Technology & Systems,7290,7540,250
2024-02-01,BR09,KYC & Onboarding,Screening & Data Vendors,2920,2870,-50
2024-02-01,BR09,KYC & Onboarding,Premises,5830,6260,430
2024-02-01,BR09,KYC & Onboarding,Outsourcing,3400,4160,760
2024-02-01,BR09,KYC & Onboarding,Training,970,1000,30
2024-02-01,BR09,KYC & Onboarding,Other,1460,1410,-50
2024-02-01,BR09,AML & Financial Crime,Staff,29700,37220,7520
2024-02-01,BR09,AML & Financial Crime,Technology & Systems,8100,7850,-250
2024-02-01,BR09,AML & Financial Crime,Screening & Data Vendors,3240,3390,150
2024-02-01,BR09,AML & Financial Crime,Premises,6480,6940,460
2024-02-01,BR09,AML & Financial Crime,Outsourcing,3780,4110,330
2024-02-01,BR09,AML & Financial Crime,Training,1080,1210,130
2024-02-01,BR09,AML & Financial Crime,Other,1620,1640,20
2024-02-01,BR09,Payments Ops,Staff,20790,25420,4630
2024-02-01,BR09,Payments Ops,Technology & Systems,5670,5150,-520
2024-02-01,BR09,Payments Ops,Screening & Data Vendors,2270,2220,-50
2024-02-01,BR09,Payments Ops,Premises,4540,4140,-400
2024-02-01,BR09,Payments Ops,Outsourcing,2650,2820,170
2024-02-01,BR09,Payments Ops,Training,760,850,90
2024-02-01,BR09,Payments Ops,Other,1130,1150,20
2024-02-01,BR09,IT & Technology,Staff,35640,41980,6340
2024-02-01,BR09,IT & Technology,Technology & Systems,9720,8750,-970
2024-02-01,BR09,IT & Technology,Screening & Data Vendors,3890,3730,-160
2024-02-01,BR09,IT & Technology,Premises,7780,8240,460
2024-02-01,BR09,IT & Technology,Outsourcing,4540,5490,950
2024-02-01,BR09,IT & Technology,Training,1300,1300,0
2024-02-01,BR09,IT & Technology,Other,1940,1970,30
2024-02-01,BR09,Compliance,Staff,17820,19540,1720
2024-02-01,BR09,Compliance,Technology & Systems,4860,4970,110
2024-02-01,BR09,Compliance,Screening & Data Vendors,1940,1930,-10
2024-02-01,BR09,Compliance,Premises,3890,3940,50
2024-02-01,BR09,Compliance,Outsourcing,2270,2670,400
2024-02-01,BR09,Compliance,Training,650,690,40
2024-02-01,BR09,Compliance,Other,970,1010,40
2024-03-01,BR09,Retail Banking Ops,Staff,59400,73730,14330
2024-03-01,BR09,Retail Banking Ops,Technology & Systems,16200,16800,600
2024-03-01,BR09,Retail Banking Ops,Screening & Data Vendors,6480,7180,700
2024-03-01,BR09,Retail Banking Ops,Premises,12960,14090,1130
2024-03-01,BR09,Retail Banking Ops,Outsourcing,7560,8480,920
2024-03-01,BR09,Retail Banking Ops,Training,2160,2300,140
2024-03-01,BR09,Retail Banking Ops,Other,3240,3190,-50
2024-03-01,BR09,KYC & Onboarding,Staff,26730,30040,3310
2024-03-01,BR09,KYC & Onboarding,Technology & Systems,7290,7340,50
2024-03-01,BR09,KYC & Onboarding,Screening & Data Vendors,2920,2910,-10
2024-03-01,BR09,KYC & Onboarding,Premises,5830,5930,100
2024-03-01,BR09,KYC & Onboarding,Outsourcing,3400,4110,710
2024-03-01,BR09,KYC & Onboarding,Training,970,980,10
2024-03-01,BR09,KYC & Onboarding,Other,1460,1390,-70
2024-03-01,BR09,AML & Financial Crime,Staff,29700,30010,310
2024-03-01,BR09,AML & Financial Crime,Technology & Systems,8100,8840,740
2024-03-01,BR09,AML & Financial Crime,Screening & Data Vendors,3240,3290,50
2024-03-01,BR09,AML & Financial Crime,Premises,6480,6410,-70
2024-03-01,BR09,AML & Financial Crime,Outsourcing,3780,4070,290
2024-03-01,BR09,AML & Financial Crime,Training,1080,1180,100
2024-03-01,BR09,AML & Financial Crime,Other,1620,1520,-100
2024-03-01,BR09,Payments Ops,Staff,20790,23260,2470
2024-03-01,BR09,Payments Ops,Technology & Systems,5670,6040,370
2024-03-01,BR09,Payments Ops,Screening & Data Vendors,2270,2170,-100
2024-03-01,BR09,Payments Ops,Premises,4540,4400,-140
2024-03-01,BR09,Payments Ops,Outsourcing,2650,2910,260
2024-03-01,BR09,Payments Ops,Training,760,790,30
2024-03-01,BR09,Payments Ops,Other,1130,1160,30
2024-03-01,BR09,IT & Technology,Staff,35640,42590,6950
2024-03-01,BR09,IT & Technology,Technology & Systems,9720,10110,390
2024-03-01,BR09,IT & Technology,Screening & Data Vendors,3890,4080,190
2024-03-01,BR09,IT & Technology,Premises,7780,7690,-90
2024-03-01,BR09,IT & Technology,Outsourcing,4540,5400,860
2024-03-01,BR09,IT & Technology,Training,1300,1470,170
2024-03-01,BR09,IT & Technology,Other,1940,1980,40
2024-03-01,BR09,Compliance,Staff,17820,20840,3020
2024-03-01,BR09,Compliance,Technology & Systems,4860,4890,30
2024-03-01,BR09,Compliance,Screening & Data Vendors,1940,2050,110
2024-03-01,BR09,Compliance,Premises,3890,3900,10
2024-03-01,BR09,Compliance,Outsourcing,2270,2300,30
2024-03-01,BR09,Compliance,Training,650,690,40
2024-03-01,BR09,Compliance,Other,970,1000,30
2024-04-01,BR09,Retail Banking Ops,Staff,59400,69790,10390
2024-04-01,BR09,Retail Banking Ops,Technology & Systems,16200,16470,270
2024-04-01,BR09,Retail Banking Ops,Screening & Data Vendors,6480,6840,360
2024-04-01,BR09,Retail Banking Ops,Premises,12960,12580,-380
2024-04-01,BR09,Retail Banking Ops,Outsourcing,7560,9080,1520
2024-04-01,BR09,Retail Banking Ops,Training,2160,2200,40
2024-04-01,BR09,Retail Banking Ops,Other,3240,3030,-210
2024-04-01,BR09,KYC & Onboarding,Staff,26730,29330,2600
2024-04-01,BR09,KYC & Onboarding,Technology & Systems,7290,7620,330
2024-04-01,BR09,KYC & Onboarding,Screening & Data Vendors,2920,3090,170
2024-04-01,BR09,KYC & Onboarding,Premises,5830,6390,560
2024-04-01,BR09,KYC & Onboarding,Outsourcing,3400,4030,630
2024-04-01,BR09,KYC & Onboarding,Training,970,1060,90
2024-04-01,BR09,KYC & Onboarding,Other,1460,1620,160
2024-04-01,BR09,AML & Financial Crime,Staff,29700,32770,3070
2024-04-01,BR09,AML & Financial Crime,Technology & Systems,8100,7630,-470
2024-04-01,BR09,AML & Financial Crime,Screening & Data Vendors,3240,3180,-60
2024-04-01,BR09,AML & Financial Crime,Premises,6480,6940,460
2024-04-01,BR09,AML & Financial Crime,Outsourcing,3780,4420,640
2024-04-01,BR09,AML & Financial Crime,Training,1080,990,-90
2024-04-01,BR09,AML & Financial Crime,Other,1620,1710,90
2024-04-01,BR09,Payments Ops,Staff,20790,24290,3500
2024-04-01,BR09,Payments Ops,Technology & Systems,5670,5610,-60
2024-04-01,BR09,Payments Ops,Screening & Data Vendors,2270,2380,110
2024-04-01,BR09,Payments Ops,Premises,4540,4600,60
2024-04-01,BR09,Payments Ops,Outsourcing,2650,2840,190
2024-04-01,BR09,Payments Ops,Training,760,680,-80
2024-04-01,BR09,Payments Ops,Other,1130,1080,-50
2024-04-01,BR09,IT & Technology,Staff,35640,40260,4620
2024-04-01,BR09,IT & Technology,Technology & Systems,9720,9780,60
2024-04-01,BR09,IT & Technology,Screening & Data Vendors,3890,3810,-80
2024-04-01,BR09,IT & Technology,Premises,7780,7830,50
2024-04-01,BR09,IT & Technology,Outsourcing,4540,5320,780
2024-04-01,BR09,IT & Technology,Training,1300,1270,-30
2024-04-01,BR09,IT & Technology,Other,1940,2080,140
2024-04-01,BR09,Compliance,Staff,17820,20020,2200
2024-04-01,BR09,Compliance,Technology & Systems,4860,5080,220
2024-04-01,BR09,Compliance,Screening & Data Vendors,1940,2050,110
2024-04-01,BR09,Compliance,Premises,3890,4110,220
2024-04-01,BR09,Compliance,Outsourcing,2270,2730,460
2024-04-01,BR09,Compliance,Training,650,620,-30
2024-04-01,BR09,Compliance,Other,970,930,-40
2024-05-01,BR09,Retail Banking Ops,Staff,59400,68620,9220
2024-05-01,BR09,Retail Banking Ops,Technology & Systems,16200,16060,-140
2024-05-01,BR09,Retail Banking Ops,Screening & Data Vendors,6480,6660,180
2024-05-01,BR09,Retail Banking Ops,Premises,12960,13610,650
2024-05-01,BR09,Retail Banking Ops,Outsourcing,7560,8860,1300
2024-05-01,BR09,Retail Banking Ops,Training,2160,2000,-160
2024-05-01,BR09,Retail Banking Ops,Other,3240,3160,-80
2024-05-01,BR09,KYC & Onboarding,Staff,26730,31860,5130
2024-05-01,BR09,KYC & Onboarding,Technology & Systems,7290,7220,-70
2024-05-01,BR09,KYC & Onboarding,Screening & Data Vendors,2920,3230,310
2024-05-01,BR09,KYC & Onboarding,Premises,5830,6330,500
2024-05-01,BR09,KYC & Onboarding,Outsourcing,3400,4180,780
2024-05-01,BR09,KYC & Onboarding,Training,970,1050,80
2024-05-01,BR09,KYC & Onboarding,Other,1460,1490,30
2024-05-01,BR09,AML & Financial Crime,Staff,29700,35200,5500
2024-05-01,BR09,AML & Financial Crime,Technology & Systems,8100,9580,1480
2024-05-01,BR09,AML & Financial Crime,Screening & Data Vendors,3240,3430,190
2024-05-01,BR09,AML & Financial Crime,Premises,6480,6500,20
2024-05-01,BR09,AML & Financial Crime,Outsourcing,3780,4390,610
2024-05-01,BR09,AML & Financial Crime,Training,1080,1170,90
2024-05-01,BR09,AML & Financial Crime,Other,1620,1720,100
2024-05-01,BR09,Payments Ops,Staff,20790,24120,3330
2024-05-01,BR09,Payments Ops,Technology & Systems,5670,5600,-70
2024-05-01,BR09,Payments Ops,Screening & Data Vendors,2270,2280,10
2024-05-01,BR09,Payments Ops,Premises,4540,5040,500
2024-05-01,BR09,Payments Ops,Outsourcing,2650,3050,400
2024-05-01,BR09,Payments Ops,Training,760,740,-20
2024-05-01,BR09,Payments Ops,Other,1130,1250,120
2024-05-01,BR09,IT & Technology,Staff,35640,41360,5720
2024-05-01,BR09,IT & Technology,Technology & Systems,9720,9260,-460
2024-05-01,BR09,IT & Technology,Screening & Data Vendors,3890,4150,260
2024-05-01,BR09,IT & Technology,Premises,7780,7940,160
2024-05-01,BR09,IT & Technology,Outsourcing,4540,5210,670
2024-05-01,BR09,IT & Technology,Training,1300,1290,-10
2024-05-01,BR09,IT & Technology,Other,1940,1980,40
2024-05-01,BR09,Compliance,Staff,17820,16990,-830
2024-05-01,BR09,Compliance,Technology & Systems,4860,4600,-260
2024-05-01,BR09,Compliance,Screening & Data Vendors,1940,2110,170
2024-05-01,BR09,Compliance,Premises,3890,3950,60
2024-05-01,BR09,Compliance,Outsourcing,2270,2630,360
2024-05-01,BR09,Compliance,Training,650,660,10
2024-05-01,BR09,Compliance,Other,970,990,20
2024-06-01,BR09,Retail Banking Ops,Staff,59400,63600,4200
2024-06-01,BR09,Retail Banking Ops,Technology & Systems,16200,17570,1370
2024-06-01,BR09,Retail Banking Ops,Screening & Data Vendors,6480,7330,850
2024-06-01,BR09,Retail Banking Ops,Premises,12960,12670,-290
2024-06-01,BR09,Retail Banking Ops,Outsourcing,7560,8430,870
2024-06-01,BR09,Retail Banking Ops,Training,2160,2110,-50
2024-06-01,BR09,Retail Banking Ops,Other,3240,3010,-230
2024-06-01,BR09,KYC & Onboarding,Staff,26730,35030,8300
2024-06-01,BR09,KYC & Onboarding,Technology & Systems,7290,7640,350
2024-06-01,BR09,KYC & Onboarding,Screening & Data Vendors,2920,3110,190
2024-06-01,BR09,KYC & Onboarding,Premises,5830,5860,30
2024-06-01,BR09,KYC & Onboarding,Outsourcing,3400,4010,610
2024-06-01,BR09,KYC & Onboarding,Training,970,1070,100
2024-06-01,BR09,KYC & Onboarding,Other,1460,1560,100
2024-06-01,BR09,AML & Financial Crime,Staff,29700,34700,5000
2024-06-01,BR09,AML & Financial Crime,Technology & Systems,8100,8940,840
2024-06-01,BR09,AML & Financial Crime,Screening & Data Vendors,3240,3370,130
2024-06-01,BR09,AML & Financial Crime,Premises,6480,6830,350
2024-06-01,BR09,AML & Financial Crime,Outsourcing,3780,4290,510
2024-06-01,BR09,AML & Financial Crime,Training,1080,1130,50
2024-06-01,BR09,AML & Financial Crime,Other,1620,1570,-50
2024-06-01,BR09,Payments Ops,Staff,20790,25530,4740
2024-06-01,BR09,Payments Ops,Technology & Systems,5670,5510,-160
2024-06-01,BR09,Payments Ops,Screening & Data Vendors,2270,2340,70
2024-06-01,BR09,Payments Ops,Premises,4540,4350,-190
2024-06-01,BR09,Payments Ops,Outsourcing,2650,2850,200
2024-06-01,BR09,Payments Ops,Training,760,780,20
2024-06-01,BR09,Payments Ops,Other,1130,1140,10
2024-06-01,BR09,IT & Technology,Staff,35640,37410,1770
2024-06-01,BR09,IT & Technology,Technology & Systems,9720,10110,390
2024-06-01,BR09,IT & Technology,Screening & Data Vendors,3890,4220,330
2024-06-01,BR09,IT & Technology,Premises,7780,7500,-280
2024-06-01,BR09,IT & Technology,Outsourcing,4540,5010,470
2024-06-01,BR09,IT & Technology,Training,1300,1370,70
2024-06-01,BR09,IT & Technology,Other,1940,2010,70
2024-06-01,BR09,Compliance,Staff,17820,19650,1830
2024-06-01,BR09,Compliance,Technology & Systems,4860,5130,270
2024-06-01,BR09,Compliance,Screening & Data Vendors,1940,1960,20
2024-06-01,BR09,Compliance,Premises,3890,4090,200
2024-06-01,BR09,Compliance,Outsourcing,2270,2840,570
2024-06-01,BR09,Compliance,Training,650,710,60
2024-06-01,BR09,Compliance,Other,970,970,0
2024-07-01,BR09,Retail Banking Ops,Staff,59400,67140,7740
2024-07-01,BR09,Retail Banking Ops,Technology & Systems,16200,16410,210
2024-07-01,BR09,Retail Banking Ops,Screening & Data Vendors,6480,6890,410
2024-07-01,BR09,Retail Banking Ops,Premises,12960,13400,440
2024-07-01,BR09,Retail Banking Ops,Outsourcing,7560,8880,1320
2024-07-01,BR09,Retail Banking Ops,Training,2160,2120,-40
2024-07-01,BR09,Retail Banking Ops,Other,3240,3330,90
2024-07-01,BR09,KYC & Onboarding,Staff,26730,29860,3130
2024-07-01,BR09,KYC & Onboarding,Technology & Systems,7290,7870,580
2024-07-01,BR09,KYC & Onboarding,Screening & Data Vendors,2920,3000,80
2024-07-01,BR09,KYC & Onboarding,Premises,5830,5890,60
2024-07-01,BR09,KYC & Onboarding,Outsourcing,3400,4090,690
2024-07-01,BR09,KYC & Onboarding,Training,970,1050,80
2024-07-01,BR09,KYC & Onboarding,Other,1460,1520,60
2024-07-01,BR09,AML & Financial Crime,Staff,29700,35440,5740
2024-07-01,BR09,AML & Financial Crime,Technology & Systems,8100,8340,240
2024-07-01,BR09,AML & Financial Crime,Screening & Data Vendors,3240,3340,100
2024-07-01,BR09,AML & Financial Crime,Premises,6480,6670,190
2024-07-01,BR09,AML & Financial Crime,Outsourcing,3780,4610,830
2024-07-01,BR09,AML & Financial Crime,Training,1080,1160,80
2024-07-01,BR09,AML & Financial Crime,Other,1620,1540,-80
2024-07-01,BR09,Payments Ops,Staff,20790,25570,4780
2024-07-01,BR09,Payments Ops,Technology & Systems,5670,5200,-470
2024-07-01,BR09,Payments Ops,Screening & Data Vendors,2270,2210,-60
2024-07-01,BR09,Payments Ops,Premises,4540,4900,360
2024-07-01,BR09,Payments Ops,Outsourcing,2650,2980,330
2024-07-01,BR09,Payments Ops,Training,760,800,40
2024-07-01,BR09,Payments Ops,Other,1130,1200,70
2024-07-01,BR09,IT & Technology,Staff,35640,39500,3860
2024-07-01,BR09,IT & Technology,Technology & Systems,9720,10420,700
2024-07-01,BR09,IT & Technology,Screening & Data Vendors,3890,4080,190
2024-07-01,BR09,IT & Technology,Premises,7780,8030,250
2024-07-01,BR09,IT & Technology,Outsourcing,4540,5190,650
2024-07-01,BR09,IT & Technology,Training,1300,1490,190
2024-07-01,BR09,IT & Technology,Other,1940,1960,20
2024-07-01,BR09,Compliance,Staff,17820,21450,3630
2024-07-01,BR09,Compliance,Technology & Systems,4860,5250,390
2024-07-01,BR09,Compliance,Screening & Data Vendors,1940,2110,170
2024-07-01,BR09,Compliance,Premises,3890,4270,380
2024-07-01,BR09,Compliance,Outsourcing,2270,2620,350
2024-07-01,BR09,Compliance,Training,650,670,20
2024-07-01,BR09,Compliance,Other,970,1050,80
2024-08-01,BR09,Retail Banking Ops,Staff,59400,66910,7510
2024-08-01,BR09,Retail Banking Ops,Technology & Systems,16200,16100,-100
2024-08-01,BR09,Retail Banking Ops,Screening & Data Vendors,6480,6920,440
2024-08-01,BR09,Retail Banking Ops,Premises,12960,12730,-230
2024-08-01,BR09,Retail Banking Ops,Outsourcing,7560,8610,1050
2024-08-01,BR09,Retail Banking Ops,Training,2160,2220,60
2024-08-01,BR09,Retail Banking Ops,Other,3240,3320,80
2024-08-01,BR09,KYC & Onboarding,Staff,26730,32440,5710
2024-08-01,BR09,KYC & Onboarding,Technology & Systems,7290,8180,890
2024-08-01,BR09,KYC & Onboarding,Screening & Data Vendors,2920,3380,460
2024-08-01,BR09,KYC & Onboarding,Premises,5830,6060,230
2024-08-01,BR09,KYC & Onboarding,Outsourcing,3400,4170,770
2024-08-01,BR09,KYC & Onboarding,Training,970,1050,80
2024-08-01,BR09,KYC & Onboarding,Other,1460,1590,130
2024-08-01,BR09,AML & Financial Crime,Staff,29700,35540,5840
2024-08-01,BR09,AML & Financial Crime,Technology & Systems,8100,8380,280
2024-08-01,BR09,AML & Financial Crime,Screening & Data Vendors,3240,3580,340
2024-08-01,BR09,AML & Financial Crime,Premises,6480,6750,270
2024-08-01,BR09,AML & Financial Crime,Outsourcing,3780,4680,900
2024-08-01,BR09,AML & Financial Crime,Training,1080,1220,140
2024-08-01,BR09,AML & Financial Crime,Other,1620,1630,10
2024-08-01,BR09,Payments Ops,Staff,20790,24870,4080
2024-08-01,BR09,Payments Ops,Technology & Systems,5670,5620,-50
2024-08-01,BR09,Payments Ops,Screening & Data Vendors,2270,2070,-200
2024-08-01,BR09,Payments Ops,Premises,4540,4760,220
2024-08-01,BR09,Payments Ops,Outsourcing,2650,3050,400
2024-08-01,BR09,Payments Ops,Training,760,790,30
2024-08-01,BR09,Payments Ops,Other,1130,1150,20
2024-08-01,BR09,IT & Technology,Staff,35640,37810,2170
2024-08-01,BR09,IT & Technology,Technology & Systems,9720,10430,710
2024-08-01,BR09,IT & Technology,Screening & Data Vendors,3890,3920,30
2024-08-01,BR09,IT & Technology,Premises,7780,8480,700
2024-08-01,BR09,IT & Technology,Outsourcing,4540,5060,520
2024-08-01,BR09,IT & Technology,Training,1300,1410,110
2024-08-01,BR09,IT & Technology,Other,1940,1890,-50
2024-08-01,BR09,Compliance,Staff,17820,20010,2190
2024-08-01,BR09,Compliance,Technology & Systems,4860,4950,90
2024-08-01,BR09,Compliance,Screening & Data Vendors,1940,2000,60
2024-08-01,BR09,Compliance,Premises,3890,3930,40
2024-08-01,BR09,Compliance,Outsourcing,2270,2800,530
2024-08-01,BR09,Compliance,Training,650,680,30
2024-08-01,BR09,Compliance,Other,970,1030,60
2024-09-01,BR09,Retail Banking Ops,Staff,59400,71070,11670
2024-09-01,BR09,Retail Banking Ops,Technology & Systems,16200,17600,1400
2024-09-01,BR09,Retail Banking Ops,Screening & Data Vendors,6480,7170,690
2024-09-01,BR09,Retail Banking Ops,Premises,12960,13700,740
2024-09-01,BR09,Retail Banking Ops,Outsourcing,7560,8040,480
2024-09-01,BR09,Retail Banking Ops,Training,2160,2300,140
2024-09-01,BR09,Retail Banking Ops,Other,3240,3100,-140
2024-09-01,BR09,KYC & Onboarding,Staff,26730,33430,6700
2024-09-01,BR09,KYC & Onboarding,Technology & Systems,7290,7510,220
2024-09-01,BR09,KYC & Onboarding,Screening & Data Vendors,2920,3210,290
2024-09-01,BR09,KYC & Onboarding,Premises,5830,6250,420
2024-09-01,BR09,KYC & Onboarding,Outsourcing,3400,4360,960
2024-09-01,BR09,KYC & Onboarding,Training,970,1080,110
2024-09-01,BR09,KYC & Onboarding,Other,1460,1430,-30
2024-09-01,BR09,AML & Financial Crime,Staff,29700,36550,6850
2024-09-01,BR09,AML & Financial Crime,Technology & Systems,8100,9410,1310
2024-09-01,BR09,AML & Financial Crime,Screening & Data Vendors,3240,3550,310
2024-09-01,BR09,AML & Financial Crime,Premises,6480,7350,870
2024-09-01,BR09,AML & Financial Crime,Outsourcing,3780,4610,830
2024-09-01,BR09,AML & Financial Crime,Training,1080,1150,70
2024-09-01,BR09,AML & Financial Crime,Other,1620,1850,230
2024-09-01,BR09,Payments Ops,Staff,20790,23530,2740
2024-09-01,BR09,Payments Ops,Technology & Systems,5670,5870,200
2024-09-01,BR09,Payments Ops,Screening & Data Vendors,2270,2100,-170
2024-09-01,BR09,Payments Ops,Premises,4540,4700,160
2024-09-01,BR09,Payments Ops,Outsourcing,2650,3080,430
2024-09-01,BR09,Payments Ops,Training,760,790,30
2024-09-01,BR09,Payments Ops,Other,1130,1170,40
2024-09-01,BR09,IT & Technology,Staff,35640,40440,4800
2024-09-01,BR09,IT & Technology,Technology & Systems,9720,9570,-150
2024-09-01,BR09,IT & Technology,Screening & Data Vendors,3890,4110,220
2024-09-01,BR09,IT & Technology,Premises,7780,8080,300
2024-09-01,BR09,IT & Technology,Outsourcing,4540,5290,750
2024-09-01,BR09,IT & Technology,Training,1300,1390,90
2024-09-01,BR09,IT & Technology,Other,1940,2100,160
2024-09-01,BR09,Compliance,Staff,17820,19200,1380
2024-09-01,BR09,Compliance,Technology & Systems,4860,5120,260
2024-09-01,BR09,Compliance,Screening & Data Vendors,1940,2110,170
2024-09-01,BR09,Compliance,Premises,3890,4100,210
2024-09-01,BR09,Compliance,Outsourcing,2270,2680,410
2024-09-01,BR09,Compliance,Training,650,650,0
2024-09-01,BR09,Compliance,Other,970,1040,70
2024-10-01,BR09,Retail Banking Ops,Staff,59400,62590,3190
2024-10-01,BR09,Retail Banking Ops,Technology & Systems,16200,16950,750
2024-10-01,BR09,Retail Banking Ops,Screening & Data Vendors,6480,6280,-200
2024-10-01,BR09,Retail Banking Ops,Premises,12960,13700,740
2024-10-01,BR09,Retail Banking Ops,Outsourcing,7560,8400,840
2024-10-01,BR09,Retail Banking Ops,Training,2160,2400,240
2024-10-01,BR09,Retail Banking Ops,Other,3240,3330,90
2024-10-01,BR09,KYC & Onboarding,Staff,26730,32030,5300
2024-10-01,BR09,KYC & Onboarding,Technology & Systems,7290,7850,560
2024-10-01,BR09,KYC & Onboarding,Screening & Data Vendors,2920,3450,530
2024-10-01,BR09,KYC & Onboarding,Premises,5830,6500,670
2024-10-01,BR09,KYC & Onboarding,Outsourcing,3400,4070,670
2024-10-01,BR09,KYC & Onboarding,Training,970,1110,140
2024-10-01,BR09,KYC & Onboarding,Other,1460,1640,180
2024-10-01,BR09,AML & Financial Crime,Staff,29700,36680,6980
2024-10-01,BR09,AML & Financial Crime,Technology & Systems,8100,8920,820
2024-10-01,BR09,AML & Financial Crime,Screening & Data Vendors,3240,3600,360
2024-10-01,BR09,AML & Financial Crime,Premises,6480,7170,690
2024-10-01,BR09,AML & Financial Crime,Outsourcing,3780,4690,910
2024-10-01,BR09,AML & Financial Crime,Training,1080,1240,160
2024-10-01,BR09,AML & Financial Crime,Other,1620,1690,70
2024-10-01,BR09,Payments Ops,Staff,20790,23600,2810
2024-10-01,BR09,Payments Ops,Technology & Systems,5670,6230,560
2024-10-01,BR09,Payments Ops,Screening & Data Vendors,2270,2450,180
2024-10-01,BR09,Payments Ops,Premises,4540,4660,120
2024-10-01,BR09,Payments Ops,Outsourcing,2650,3230,580
2024-10-01,BR09,Payments Ops,Training,760,760,0
2024-10-01,BR09,Payments Ops,Other,1130,1080,-50
2024-10-01,BR09,IT & Technology,Staff,35640,38950,3310
2024-10-01,BR09,IT & Technology,Technology & Systems,9720,10000,280
2024-10-01,BR09,IT & Technology,Screening & Data Vendors,3890,3940,50
2024-10-01,BR09,IT & Technology,Premises,7780,8390,610
2024-10-01,BR09,IT & Technology,Outsourcing,4540,5610,1070
2024-10-01,BR09,IT & Technology,Training,1300,1380,80
2024-10-01,BR09,IT & Technology,Other,1940,2030,90
2024-10-01,BR09,Compliance,Staff,17820,19840,2020
2024-10-01,BR09,Compliance,Technology & Systems,4860,5110,250
2024-10-01,BR09,Compliance,Screening & Data Vendors,1940,2140,200
2024-10-01,BR09,Compliance,Premises,3890,4110,220
2024-10-01,BR09,Compliance,Outsourcing,2270,2660,390
2024-10-01,BR09,Compliance,Training,650,660,10
2024-10-01,BR09,Compliance,Other,970,910,-60
2024-11-01,BR09,Retail Banking Ops,Staff,59400,73400,14000
2024-11-01,BR09,Retail Banking Ops,Technology & Systems,16200,16540,340
2024-11-01,BR09,Retail Banking Ops,Screening & Data Vendors,6480,6910,430
2024-11-01,BR09,Retail Banking Ops,Premises,12960,12150,-810
2024-11-01,BR09,Retail Banking Ops,Outsourcing,7560,8870,1310
2024-11-01,BR09,Retail Banking Ops,Training,2160,2250,90
2024-11-01,BR09,Retail Banking Ops,Other,3240,3380,140
2024-11-01,BR09,KYC & Onboarding,Staff,26730,35010,8280
2024-11-01,BR09,KYC & Onboarding,Technology & Systems,7290,8160,870
2024-11-01,BR09,KYC & Onboarding,Screening & Data Vendors,2920,3500,580
2024-11-01,BR09,KYC & Onboarding,Premises,5830,6320,490
2024-11-01,BR09,KYC & Onboarding,Outsourcing,3400,3950,550
2024-11-01,BR09,KYC & Onboarding,Training,970,1080,110
2024-11-01,BR09,KYC & Onboarding,Other,1460,1700,240
2024-11-01,BR09,AML & Financial Crime,Staff,29700,33970,4270
2024-11-01,BR09,AML & Financial Crime,Technology & Systems,8100,8870,770
2024-11-01,BR09,AML & Financial Crime,Screening & Data Vendors,3240,3440,200
2024-11-01,BR09,AML & Financial Crime,Premises,6480,7650,1170
2024-11-01,BR09,AML & Financial Crime,Outsourcing,3780,5120,1340
2024-11-01,BR09,AML & Financial Crime,Training,1080,1180,100
2024-11-01,BR09,AML & Financial Crime,Other,1620,1580,-40
2024-11-01,BR09,Payments Ops,Staff,20790,24170,3380
2024-11-01,BR09,Payments Ops,Technology & Systems,5670,5990,320
2024-11-01,BR09,Payments Ops,Screening & Data Vendors,2270,2180,-90
2024-11-01,BR09,Payments Ops,Premises,4540,4900,360
2024-11-01,BR09,Payments Ops,Outsourcing,2650,3350,700
2024-11-01,BR09,Payments Ops,Training,760,840,80
2024-11-01,BR09,Payments Ops,Other,1130,1210,80
2024-11-01,BR09,IT & Technology,Staff,35640,43840,8200
2024-11-01,BR09,IT & Technology,Technology & Systems,9720,10090,370
2024-11-01,BR09,IT & Technology,Screening & Data Vendors,3890,3890,0
2024-11-01,BR09,IT & Technology,Premises,7780,8400,620
2024-11-01,BR09,IT & Technology,Outsourcing,4540,5560,1020
2024-11-01,BR09,IT & Technology,Training,1300,1290,-10
2024-11-01,BR09,IT & Technology,Other,1940,1990,50
2024-11-01,BR09,Compliance,Staff,17820,21400,3580
2024-11-01,BR09,Compliance,Technology & Systems,4860,5580,720
2024-11-01,BR09,Compliance,Screening & Data Vendors,1940,1960,20
2024-11-01,BR09,Compliance,Premises,3890,4200,310
2024-11-01,BR09,Compliance,Outsourcing,2270,2470,200
2024-11-01,BR09,Compliance,Training,650,700,50
2024-11-01,BR09,Compliance,Other,970,1000,30
2024-12-01,BR09,Retail Banking Ops,Staff,59400,65770,6370
2024-12-01,BR09,Retail Banking Ops,Technology & Systems,16200,16290,90
2024-12-01,BR09,Retail Banking Ops,Screening & Data Vendors,6480,7310,830
2024-12-01,BR09,Retail Banking Ops,Premises,12960,13610,650
2024-12-01,BR09,Retail Banking Ops,Outsourcing,7560,8150,590
2024-12-01,BR09,Retail Banking Ops,Training,2160,2200,40
2024-12-01,BR09,Retail Banking Ops,Other,3240,3760,520
2024-12-01,BR09,KYC & Onboarding,Staff,26730,30610,3880
2024-12-01,BR09,KYC & Onboarding,Technology & Systems,7290,8280,990
2024-12-01,BR09,KYC & Onboarding,Screening & Data Vendors,2920,3750,830
2024-12-01,BR09,KYC & Onboarding,Premises,5830,6130,300
2024-12-01,BR09,KYC & Onboarding,Outsourcing,3400,4270,870
2024-12-01,BR09,KYC & Onboarding,Training,970,1070,100
2024-12-01,BR09,KYC & Onboarding,Other,1460,1730,270
2024-12-01,BR09,AML & Financial Crime,Staff,29700,37450,7750
2024-12-01,BR09,AML & Financial Crime,Technology & Systems,8100,9410,1310
2024-12-01,BR09,AML & Financial Crime,Screening & Data Vendors,3240,3530,290
2024-12-01,BR09,AML & Financial Crime,Premises,6480,6940,460
2024-12-01,BR09,AML & Financial Crime,Outsourcing,3780,4870,1090
2024-12-01,BR09,AML & Financial Crime,Training,1080,1190,110
2024-12-01,BR09,AML & Financial Crime,Other,1620,1790,170
2024-12-01,BR09,Payments Ops,Staff,20790,22510,1720
2024-12-01,BR09,Payments Ops,Technology & Systems,5670,5450,-220
2024-12-01,BR09,Payments Ops,Screening & Data Vendors,2270,2280,10
2024-12-01,BR09,Payments Ops,Premises,4540,4740,200
2024-12-01,BR09,Payments Ops,Outsourcing,2650,3280,630
2024-12-01,BR09,Payments Ops,Training,760,800,40
2024-12-01,BR09,Payments Ops,Other,1130,1230,100
2024-12-01,BR09,IT & Technology,Staff,35640,40800,5160
2024-12-01,BR09,IT & Technology,Technology & Systems,9720,8980,-740
2024-12-01,BR09,IT & Technology,Screening & Data Vendors,3890,4320,430
2024-12-01,BR09,IT & Technology,Premises,7780,9030,1250
2024-12-01,BR09,IT & Technology,Outsourcing,4540,5220,680
2024-12-01,BR09,IT & Technology,Training,1300,1400,100
2024-12-01,BR09,IT & Technology,Other,1940,1950,10
2024-12-01,BR09,Compliance,Staff,17820,21420,3600
2024-12-01,BR09,Compliance,Technology & Systems,4860,4600,-260
2024-12-01,BR09,Compliance,Screening & Data Vendors,1940,2100,160
2024-12-01,BR09,Compliance,Premises,3890,4670,780
2024-12-01,BR09,Compliance,Outsourcing,2270,2600,330
2024-12-01,BR09,Compliance,Training,650,700,50
2024-12-01,BR09,Compliance,Other,970,1090,120
2025-01-01,BR09,Retail Banking Ops,Staff,59400,69060,9660
2025-01-01,BR09,Retail Banking Ops,Technology & Systems,16200,16500,300
2025-01-01,BR09,Retail Banking Ops,Screening & Data Vendors,6480,6550,70
2025-01-01,BR09,Retail Banking Ops,Premises,12960,13140,180
2025-01-01,BR09,Retail Banking Ops,Outsourcing,7560,8130,570
2025-01-01,BR09,Retail Banking Ops,Training,2160,2110,-50
2025-01-01,BR09,Retail Banking Ops,Other,3240,3400,160
2025-01-01,BR09,KYC & Onboarding,Staff,26730,34940,8210
2025-01-01,BR09,KYC & Onboarding,Technology & Systems,7290,9170,1880
2025-01-01,BR09,KYC & Onboarding,Screening & Data Vendors,2920,3530,610
2025-01-01,BR09,KYC & Onboarding,Premises,5830,6160,330
2025-01-01,BR09,KYC & Onboarding,Outsourcing,3400,4160,760
2025-01-01,BR09,KYC & Onboarding,Training,970,1040,70
2025-01-01,BR09,KYC & Onboarding,Other,1460,1670,210
2025-01-01,BR09,AML & Financial Crime,Staff,29700,37090,7390
2025-01-01,BR09,AML & Financial Crime,Technology & Systems,8100,9830,1730
2025-01-01,BR09,AML & Financial Crime,Screening & Data Vendors,3240,3460,220
2025-01-01,BR09,AML & Financial Crime,Premises,6480,8010,1530
2025-01-01,BR09,AML & Financial Crime,Outsourcing,3780,4940,1160
2025-01-01,BR09,AML & Financial Crime,Training,1080,1270,190
2025-01-01,BR09,AML & Financial Crime,Other,1620,1820,200
2025-01-01,BR09,Payments Ops,Staff,20790,23920,3130
2025-01-01,BR09,Payments Ops,Technology & Systems,5670,5990,320
2025-01-01,BR09,Payments Ops,Screening & Data Vendors,2270,2240,-30
2025-01-01,BR09,Payments Ops,Premises,4540,4920,380
2025-01-01,BR09,Payments Ops,Outsourcing,2650,2920,270
2025-01-01,BR09,Payments Ops,Training,760,800,40
2025-01-01,BR09,Payments Ops,Other,1130,1160,30
2025-01-01,BR09,IT & Technology,Staff,35640,41660,6020
2025-01-01,BR09,IT & Technology,Technology & Systems,9720,10140,420
2025-01-01,BR09,IT & Technology,Screening & Data Vendors,3890,4030,140
2025-01-01,BR09,IT & Technology,Premises,7780,8170,390
2025-01-01,BR09,IT & Technology,Outsourcing,4540,5040,500
2025-01-01,BR09,IT & Technology,Training,1300,1300,0
2025-01-01,BR09,IT & Technology,Other,1940,1960,20
2025-01-01,BR09,Compliance,Staff,17820,20210,2390
2025-01-01,BR09,Compliance,Technology & Systems,4860,5370,510
2025-01-01,BR09,Compliance,Screening & Data Vendors,1940,2000,60
2025-01-01,BR09,Compliance,Premises,3890,4000,110
2025-01-01,BR09,Compliance,Outsourcing,2270,2580,310
2025-01-01,BR09,Compliance,Training,650,720,70
2025-01-01,BR09,Compliance,Other,970,980,10
2025-02-01,BR09,Retail Banking Ops,Staff,59400,67630,8230
2025-02-01,BR09,Retail Banking Ops,Technology & Systems,16200,17430,1230
2025-02-01,BR09,Retail Banking Ops,Screening & Data Vendors,6480,7560,1080
2025-02-01,BR09,Retail Banking Ops,Premises,12960,12960,0
2025-02-01,BR09,Retail Banking Ops,Outsourcing,7560,9350,1790
2025-02-01,BR09,Retail Banking Ops,Training,2160,2270,110
2025-02-01,BR09,Retail Banking Ops,Other,3240,3460,220
2025-02-01,BR09,KYC & Onboarding,Staff,26730,33440,6710
2025-02-01,BR09,KYC & Onboarding,Technology & Systems,7290,8180,890
2025-02-01,BR09,KYC & Onboarding,Screening & Data Vendors,2920,3360,440
2025-02-01,BR09,KYC & Onboarding,Premises,5830,6780,950
2025-02-01,BR09,KYC & Onboarding,Outsourcing,3400,3940,540
2025-02-01,BR09,KYC & Onboarding,Training,970,1120,150
2025-02-01,BR09,KYC & Onboarding,Other,1460,1630,170
2025-02-01,BR09,AML & Financial Crime,Staff,29700,37030,7330
2025-02-01,BR09,AML & Financial Crime,Technology & Systems,8100,9090,990
2025-02-01,BR09,AML & Financial Crime,Screening & Data Vendors,3240,3590,350
2025-02-01,BR09,AML & Financial Crime,Premises,6480,7410,930
2025-02-01,BR09,AML & Financial Crime,Outsourcing,3780,4830,1050
2025-02-01,BR09,AML & Financial Crime,Training,1080,1260,180
2025-02-01,BR09,AML & Financial Crime,Other,1620,1880,260
2025-02-01,BR09,Payments Ops,Staff,20790,24570,3780
2025-02-01,BR09,Payments Ops,Technology & Systems,5670,6000,330
2025-02-01,BR09,Payments Ops,Screening & Data Vendors,2270,2350,80
2025-02-01,BR09,Payments Ops,Premises,4540,4610,70
2025-02-01,BR09,Payments Ops,Outsourcing,2650,3120,470
2025-02-01,BR09,Payments Ops,Training,760,770,10
2025-02-01,BR09,Payments Ops,Other,1130,1220,90
2025-02-01,BR09,IT & Technology,Staff,35640,41460,5820
2025-02-01,BR09,IT & Technology,Technology & Systems,9720,11320,1600
2025-02-01,BR09,IT & Technology,Screening & Data Vendors,3890,4200,310
2025-02-01,BR09,IT & Technology,Premises,7780,8200,420
2025-02-01,BR09,IT & Technology,Outsourcing,4540,5550,1010
2025-02-01,BR09,IT & Technology,Training,1300,1330,30
2025-02-01,BR09,IT & Technology,Other,1940,2210,270
2025-02-01,BR09,Compliance,Staff,17820,21800,3980
2025-02-01,BR09,Compliance,Technology & Systems,4860,5140,280
2025-02-01,BR09,Compliance,Screening & Data Vendors,1940,2150,210
2025-02-01,BR09,Compliance,Premises,3890,4380,490
2025-02-01,BR09,Compliance,Outsourcing,2270,2870,600
2025-02-01,BR09,Compliance,Training,650,720,70
2025-02-01,BR09,Compliance,Other,970,950,-20
2025-03-01,BR09,Retail Banking Ops,Staff,59400,68860,9460
2025-03-01,BR09,Retail Banking Ops,Technology & Systems,16200,17390,1190
2025-03-01,BR09,Retail Banking Ops,Screening & Data Vendors,6480,6560,80
2025-03-01,BR09,Retail Banking Ops,Premises,12960,12540,-420
2025-03-01,BR09,Retail Banking Ops,Outsourcing,7560,8100,540
2025-03-01,BR09,Retail Banking Ops,Training,2160,2380,220
2025-03-01,BR09,Retail Banking Ops,Other,3240,3040,-200
2025-03-01,BR09,KYC & Onboarding,Staff,26730,33780,7050
2025-03-01,BR09,KYC & Onboarding,Technology & Systems,7290,7680,390
2025-03-01,BR09,KYC & Onboarding,Screening & Data Vendors,2920,3390,470
2025-03-01,BR09,KYC & Onboarding,Premises,5830,6740,910
2025-03-01,BR09,KYC & Onboarding,Outsourcing,3400,4650,1250
2025-03-01,BR09,KYC & Onboarding,Training,970,1130,160
2025-03-01,BR09,KYC & Onboarding,Other,1460,1730,270
2025-03-01,BR09,AML & Financial Crime,Staff,29700,38700,9000
2025-03-01,BR09,AML & Financial Crime,Technology & Systems,8100,8370,270
2025-03-01,BR09,AML & Financial Crime,Screening & Data Vendors,3240,3500,260
2025-03-01,BR09,AML & Financial Crime,Premises,6480,8120,1640
2025-03-01,BR09,AML & Financial Crime,Outsourcing,3780,4830,1050
2025-03-01,BR09,AML & Financial Crime,Training,1080,1200,120
2025-03-01,BR09,AML & Financial Crime,Other,1620,1890,270
2025-03-01,BR09,Payments Ops,Staff,20790,27190,6400
2025-03-01,BR09,Payments Ops,Technology & Systems,5670,6310,640
2025-03-01,BR09,Payments Ops,Screening & Data Vendors,2270,2560,290
2025-03-01,BR09,Payments Ops,Premises,4540,5020,480
2025-03-01,BR09,Payments Ops,Outsourcing,2650,3220,570
2025-03-01,BR09,Payments Ops,Training,760,800,40
2025-03-01,BR09,Payments Ops,Other,1130,1290,160
2025-03-01,BR09,IT & Technology,Staff,35640,41200,5560
2025-03-01,BR09,IT & Technology,Technology & Systems,9720,9380,-340
2025-03-01,BR09,IT & Technology,Screening & Data Vendors,3890,4090,200
2025-03-01,BR09,IT & Technology,Premises,7780,8250,470
2025-03-01,BR09,IT & Technology,Outsourcing,4540,5340,800
2025-03-01,BR09,IT & Technology,Training,1300,1330,30
2025-03-01,BR09,IT & Technology,Other,1940,1940,0
2025-03-01,BR09,Compliance,Staff,17820,20480,2660
2025-03-01,BR09,Compliance,Technology & Systems,4860,5050,190
2025-03-01,BR09,Compliance,Screening & Data Vendors,1940,2130,190
2025-03-01,BR09,Compliance,Premises,3890,4010,120
2025-03-01,BR09,Compliance,Outsourcing,2270,2760,490
2025-03-01,BR09,Compliance,Training,650,650,0
2025-03-01,BR09,Compliance,Other,970,1010,40
2025-04-01,BR09,Retail Banking Ops,Staff,59400,74620,15220
2025-04-01,BR09,Retail Banking Ops,Technology & Systems,16200,17170,970
2025-04-01,BR09,Retail Banking Ops,Screening & Data Vendors,6480,7060,580
2025-04-01,BR09,Retail Banking Ops,Premises,12960,12910,-50
2025-04-01,BR09,Retail Banking Ops,Outsourcing,7560,9220,1660
2025-04-01,BR09,Retail Banking Ops,Training,2160,2360,200
2025-04-01,BR09,Retail Banking Ops,Other,3240,3410,170
2025-04-01,BR09,KYC & Onboarding,Staff,26730,37950,11220
2025-04-01,BR09,KYC & Onboarding,Technology & Systems,7290,8630,1340
2025-04-01,BR09,KYC & Onboarding,Screening & Data Vendors,2920,3330,410
2025-04-01,BR09,KYC & Onboarding,Premises,5830,7000,1170
2025-04-01,BR09,KYC & Onboarding,Outsourcing,3400,4690,1290
2025-04-01,BR09,KYC & Onboarding,Training,970,1210,240
2025-04-01,BR09,KYC & Onboarding,Other,1460,1730,270
2025-04-01,BR09,AML & Financial Crime,Staff,29700,37330,7630
2025-04-01,BR09,AML & Financial Crime,Technology & Systems,8100,10100,2000
2025-04-01,BR09,AML & Financial Crime,Screening & Data Vendors,3240,3680,440
2025-04-01,BR09,AML & Financial Crime,Premises,6480,7240,760
2025-04-01,BR09,AML & Financial Crime,Outsourcing,3780,4970,1190
2025-04-01,BR09,AML & Financial Crime,Training,1080,1270,190
2025-04-01,BR09,AML & Financial Crime,Other,1620,1930,310
2025-04-01,BR09,Payments Ops,Staff,20790,24160,3370
2025-04-01,BR09,Payments Ops,Technology & Systems,5670,5860,190
2025-04-01,BR09,Payments Ops,Screening & Data Vendors,2270,2570,300
2025-04-01,BR09,Payments Ops,Premises,4540,4440,-100
2025-04-01,BR09,Payments Ops,Outsourcing,2650,3110,460
2025-04-01,BR09,Payments Ops,Training,760,840,80
2025-04-01,BR09,Payments Ops,Other,1130,1110,-20
2025-04-01,BR09,IT & Technology,Staff,35640,42150,6510
2025-04-01,BR09,IT & Technology,Technology & Systems,9720,10180,460
2025-04-01,BR09,IT & Technology,Screening & Data Vendors,3890,3990,100
2025-04-01,BR09,IT & Technology,Premises,7780,7850,70
2025-04-01,BR09,IT & Technology,Outsourcing,4540,5430,890
2025-04-01,BR09,IT & Technology,Training,1300,1520,220
2025-04-01,BR09,IT & Technology,Other,1940,2010,70
2025-04-01,BR09,Compliance,Staff,17820,21380,3560
2025-04-01,BR09,Compliance,Technology & Systems,4860,4950,90
2025-04-01,BR09,Compliance,Screening & Data Vendors,1940,2150,210
2025-04-01,BR09,Compliance,Premises,3890,4240,350
2025-04-01,BR09,Compliance,Outsourcing,2270,2690,420
2025-04-01,BR09,Compliance,Training,650,610,-40
2025-04-01,BR09,Compliance,Other,970,1090,120
2025-05-01,BR09,Retail Banking Ops,Staff,59400,71390,11990
2025-05-01,BR09,Retail Banking Ops,Technology & Systems,16200,17910,1710
2025-05-01,BR09,Retail Banking Ops,Screening & Data Vendors,6480,6790,310
2025-05-01,BR09,Retail Banking Ops,Premises,12960,13690,730
2025-05-01,BR09,Retail Banking Ops,Outsourcing,7560,9270,1710
2025-05-01,BR09,Retail Banking Ops,Training,2160,2190,30
2025-05-01,BR09,Retail Banking Ops,Other,3240,3510,270
2025-05-01,BR09,KYC & Onboarding,Staff,26730,35840,9110
2025-05-01,BR09,KYC & Onboarding,Technology & Systems,7290,8490,1200
2025-05-01,BR09,KYC & Onboarding,Screening & Data Vendors,2920,3470,550
2025-05-01,BR09,KYC & Onboarding,Premises,5830,6790,960
2025-05-01,BR09,KYC & Onboarding,Outsourcing,3400,4130,730
2025-05-01,BR09,KYC & Onboarding,Training,970,1120,150
2025-05-01,BR09,KYC & Onboarding,Other,1460,1820,360
2025-05-01,BR09,AML & Financial Crime,Staff,29700,39680,9980
2025-05-01,BR09,AML & Financial Crime,Technology & Systems,8100,8540,440
2025-05-01,BR09,AML & Financial Crime,Screening & Data Vendors,3240,4010,770
2025-05-01,BR09,AML & Financial Crime,Premises,6480,7270,790
2025-05-01,BR09,AML & Financial Crime,Outsourcing,3780,4940,1160
2025-05-01,BR09,AML & Financial Crime,Training,1080,1330,250
2025-05-01,BR09,AML & Financial Crime,Other,1620,1910,290
2025-05-01,BR09,Payments Ops,Staff,20790,25220,4430
2025-05-01,BR09,Payments Ops,Technology & Systems,5670,6590,920
2025-05-01,BR09,Payments Ops,Screening & Data Vendors,2270,2470,200
2025-05-01,BR09,Payments Ops,Premises,4540,4840,300
2025-05-01,BR09,Payments Ops,Outsourcing,2650,2920,270
2025-05-01,BR09,Payments Ops,Training,760,780,20
2025-05-01,BR09,Payments Ops,Other,1130,1320,190
2025-05-01,BR09,IT & Technology,Staff,35640,41010,5370
2025-05-01,BR09,IT & Technology,Technology & Systems,9720,11150,1430
2025-05-01,BR09,IT & Technology,Screening & Data Vendors,3890,3880,-10
2025-05-01,BR09,IT & Technology,Premises,7780,7900,120
2025-05-01,BR09,IT & Technology,Outsourcing,4540,4920,380
2025-05-01,BR09,IT & Technology,Training,1300,1420,120
2025-05-01,BR09,IT & Technology,Other,1940,2050,110
2025-05-01,BR09,Compliance,Staff,17820,20490,2670
2025-05-01,BR09,Compliance,Technology & Systems,4860,5010,150
2025-05-01,BR09,Compliance,Screening & Data Vendors,1940,2100,160
2025-05-01,BR09,Compliance,Premises,3890,4200,310
2025-05-01,BR09,Compliance,Outsourcing,2270,2160,-110
2025-05-01,BR09,Compliance,Training,650,720,70
2025-05-01,BR09,Compliance,Other,970,1080,110
2025-06-01,BR09,Retail Banking Ops,Staff,59400,73130,13730
2025-06-01,BR09,Retail Banking Ops,Technology & Systems,16200,17500,1300
2025-06-01,BR09,Retail Banking Ops,Screening & Data Vendors,6480,7320,840
2025-06-01,BR09,Retail Banking Ops,Premises,12960,14100,1140
2025-06-01,BR09,Retail Banking Ops,Outsourcing,7560,9640,2080
2025-06-01,BR09,Retail Banking Ops,Training,2160,2340,180
2025-06-01,BR09,Retail Banking Ops,Other,3240,3130,-110
2025-06-01,BR09,KYC & Onboarding,Staff,26730,33770,7040
2025-06-01,BR09,KYC & Onboarding,Technology & Systems,7290,9320,2030
2025-06-01,BR09,KYC & Onboarding,Screening & Data Vendors,2920,3300,380
2025-06-01,BR09,KYC & Onboarding,Premises,5830,6780,950
2025-06-01,BR09,KYC & Onboarding,Outsourcing,3400,4880,1480
2025-06-01,BR09,KYC & Onboarding,Training,970,1160,190
2025-06-01,BR09,KYC & Onboarding,Other,1460,1840,380
2025-06-01,BR09,AML & Financial Crime,Staff,29700,35870,6170
2025-06-01,BR09,AML & Financial Crime,Technology & Systems,8100,9870,1770
2025-06-01,BR09,AML & Financial Crime,Screening & Data Vendors,3240,3850,610
2025-06-01,BR09,AML & Financial Crime,Premises,6480,7780,1300
2025-06-01,BR09,AML & Financial Crime,Outsourcing,3780,5000,1220
2025-06-01,BR09,AML & Financial Crime,Training,1080,1340,260
2025-06-01,BR09,AML & Financial Crime,Other,1620,1990,370
2025-06-01,BR09,Payments Ops,Staff,20790,24790,4000
2025-06-01,BR09,Payments Ops,Technology & Systems,5670,6010,340
2025-06-01,BR09,Payments Ops,Screening & Data Vendors,2270,2580,310
2025-06-01,BR09,Payments Ops,Premises,4540,4560,20
2025-06-01,BR09,Payments Ops,Outsourcing,2650,3120,470
2025-06-01,BR09,Payments Ops,Training,760,830,70
2025-06-01,BR09,Payments Ops,Other,1130,1270,140
2025-06-01,BR09,IT & Technology,Staff,35640,41660,6020
2025-06-01,BR09,IT & Technology,Technology & Systems,9720,9740,20
2025-06-01,BR09,IT & Technology,Screening & Data Vendors,3890,4260,370
2025-06-01,BR09,IT & Technology,Premises,7780,8530,750
2025-06-01,BR09,IT & Technology,Outsourcing,4540,5320,780
2025-06-01,BR09,IT & Technology,Training,1300,1400,100
2025-06-01,BR09,IT & Technology,Other,1940,2170,230
2025-06-01,BR09,Compliance,Staff,17820,21490,3670
2025-06-01,BR09,Compliance,Technology & Systems,4860,5000,140
2025-06-01,BR09,Compliance,Screening & Data Vendors,1940,2170,230
2025-06-01,BR09,Compliance,Premises,3890,4080,190
2025-06-01,BR09,Compliance,Outsourcing,2270,2680,410
2025-06-01,BR09,Compliance,Training,650,680,30
2025-06-01,BR09,Compliance,Other,970,1110,140
2025-07-01,BR09,Retail Banking Ops,Staff,59400,72780,13380
2025-07-01,BR09,Retail Banking Ops,Technology & Systems,16200,17490,1290
2025-07-01,BR09,Retail Banking Ops,Screening & Data Vendors,6480,6300,-180
2025-07-01,BR09,Retail Banking Ops,Premises,12960,15450,2490
2025-07-01,BR09,Retail Banking Ops,Outsourcing,7560,8530,970
2025-07-01,BR09,Retail Banking Ops,Training,2160,2340,180
2025-07-01,BR09,Retail Banking Ops,Other,3240,3200,-40
2025-07-01,BR09,KYC & Onboarding,Staff,26730,34650,7920
2025-07-01,BR09,KYC & Onboarding,Technology & Systems,7290,8310,1020
2025-07-01,BR09,KYC & Onboarding,Screening & Data Vendors,2920,4020,1100
2025-07-01,BR09,KYC & Onboarding,Premises,5830,7150,1320
2025-07-01,BR09,KYC & Onboarding,Outsourcing,3400,4420,1020
2025-07-01,BR09,KYC & Onboarding,Training,970,1200,230
2025-07-01,BR09,KYC & Onboarding,Other,1460,1780,320
2025-07-01,BR09,AML & Financial Crime,Staff,29700,37790,8090
2025-07-01,BR09,AML & Financial Crime,Technology & Systems,8100,9720,1620
2025-07-01,BR09,AML & Financial Crime,Screening & Data Vendors,3240,3930,690
2025-07-01,BR09,AML & Financial Crime,Premises,6480,7740,1260
2025-07-01,BR09,AML & Financial Crime,Outsourcing,3780,5040,1260
2025-07-01,BR09,AML & Financial Crime,Training,1080,1320,240
2025-07-01,BR09,AML & Financial Crime,Other,1620,2020,400
2025-07-01,BR09,Payments Ops,Staff,20790,25930,5140
2025-07-01,BR09,Payments Ops,Technology & Systems,5670,6380,710
2025-07-01,BR09,Payments Ops,Screening & Data Vendors,2270,2350,80
2025-07-01,BR09,Payments Ops,Premises,4540,4720,180
2025-07-01,BR09,Payments Ops,Outsourcing,2650,3400,750
2025-07-01,BR09,Payments Ops,Training,760,760,0
2025-07-01,BR09,Payments Ops,Other,1130,1110,-20
2025-07-01,BR09,IT & Technology,Staff,35640,45540,9900
2025-07-01,BR09,IT & Technology,Technology & Systems,9720,10880,1160
2025-07-01,BR09,IT & Technology,Screening & Data Vendors,3890,3890,0
2025-07-01,BR09,IT & Technology,Premises,7780,7850,70
2025-07-01,BR09,IT & Technology,Outsourcing,4540,5630,1090
2025-07-01,BR09,IT & Technology,Training,1300,1300,0
2025-07-01,BR09,IT & Technology,Other,1940,2180,240
2025-07-01,BR09,Compliance,Staff,17820,19540,1720
2025-07-01,BR09,Compliance,Technology & Systems,4860,4790,-70
2025-07-01,BR09,Compliance,Screening & Data Vendors,1940,2040,100
2025-07-01,BR09,Compliance,Premises,3890,4000,110
2025-07-01,BR09,Compliance,Outsourcing,2270,2920,650
2025-07-01,BR09,Compliance,Training,650,680,30
2025-07-01,BR09,Compliance,Other,970,1090,120
2025-08-01,BR09,Retail Banking Ops,Staff,59400,67810,8410
2025-08-01,BR09,Retail Banking Ops,Technology & Systems,16200,18400,2200
2025-08-01,BR09,Retail Banking Ops,Screening & Data Vendors,6480,7150,670
2025-08-01,BR09,Retail Banking Ops,Premises,12960,14300,1340
2025-08-01,BR09,Retail Banking Ops,Outsourcing,7560,8820,1260
2025-08-01,BR09,Retail Banking Ops,Training,2160,2380,220
2025-08-01,BR09,Retail Banking Ops,Other,3240,3370,130
2025-08-01,BR09,KYC & Onboarding,Staff,26730,35730,9000
2025-08-01,BR09,KYC & Onboarding,Technology & Systems,7290,9390,2100
2025-08-01,BR09,KYC & Onboarding,Screening & Data Vendors,2920,3680,760
2025-08-01,BR09,KYC & Onboarding,Premises,5830,6380,550
2025-08-01,BR09,KYC & Onboarding,Outsourcing,3400,4490,1090
2025-08-01,BR09,KYC & Onboarding,Training,970,1140,170
2025-08-01,BR09,KYC & Onboarding,Other,1460,1830,370
2025-08-01,BR09,AML & Financial Crime,Staff,29700,42620,12920
2025-08-01,BR09,AML & Financial Crime,Technology & Systems,8100,9990,1890
2025-08-01,BR09,AML & Financial Crime,Screening & Data Vendors,3240,4030,790
2025-08-01,BR09,AML & Financial Crime,Premises,6480,8110,1630
2025-08-01,BR09,AML & Financial Crime,Outsourcing,3780,4980,1200
2025-08-01,BR09,AML & Financial Crime,Training,1080,1470,390
2025-08-01,BR09,AML & Financial Crime,Other,1620,2020,400
2025-08-01,BR09,Payments Ops,Staff,20790,24710,3920
2025-08-01,BR09,Payments Ops,Technology & Systems,5670,5510,-160
2025-08-01,BR09,Payments Ops,Screening & Data Vendors,2270,2160,-110
2025-08-01,BR09,Payments Ops,Premises,4540,5050,510
2025-08-01,BR09,Payments Ops,Outsourcing,2650,3360,710
2025-08-01,BR09,Payments Ops,Training,760,750,-10
2025-08-01,BR09,Payments Ops,Other,1130,1140,10
2025-08-01,BR09,IT & Technology,Staff,35640,47680,12040
2025-08-01,BR09,IT & Technology,Technology & Systems,9720,10400,680
2025-08-01,BR09,IT & Technology,Screening & Data Vendors,3890,4130,240
2025-08-01,BR09,IT & Technology,Premises,7780,8510,730
2025-08-01,BR09,IT & Technology,Outsourcing,4540,5530,990
2025-08-01,BR09,IT & Technology,Training,1300,1280,-20
2025-08-01,BR09,IT & Technology,Other,1940,2230,290
2025-08-01,BR09,Compliance,Staff,17820,21770,3950
2025-08-01,BR09,Compliance,Technology & Systems,4860,5780,920
2025-08-01,BR09,Compliance,Screening & Data Vendors,1940,2170,230
2025-08-01,BR09,Compliance,Premises,3890,4220,330
2025-08-01,BR09,Compliance,Outsourcing,2270,2700,430
2025-08-01,BR09,Compliance,Training,650,750,100
2025-08-01,BR09,Compliance,Other,970,1020,50
2025-09-01,BR09,Retail Banking Ops,Staff,59400,71430,12030
2025-09-01,BR09,Retail Banking Ops,Technology & Systems,16200,16910,710
2025-09-01,BR09,Retail Banking Ops,Screening & Data Vendors,6480,6650,170
2025-09-01,BR09,Retail Banking Ops,Premises,12960,14040,1080
2025-09-01,BR09,Retail Banking Ops,Outsourcing,7560,7840,280
2025-09-01,BR09,Retail Banking Ops,Training,2160,2290,130
2025-09-01,BR09,Retail Banking Ops,Other,3240,3490,250
2025-09-01,BR09,KYC & Onboarding,Staff,26730,35240,8510
2025-09-01,BR09,KYC & Onboarding,Technology & Systems,7290,9110,1820
2025-09-01,BR09,KYC & Onboarding,Screening & Data Vendors,2920,3270,350
2025-09-01,BR09,KYC & Onboarding,Premises,5830,7320,1490
2025-09-01,BR09,KYC & Onboarding,Outsourcing,3400,4860,1460
2025-09-01,BR09,KYC & Onboarding,Training,970,1280,310
2025-09-01,BR09,KYC & Onboarding,Other,1460,1870,410
2025-09-01,BR09,AML & Financial Crime,Staff,29700,40460,10760
2025-09-01,BR09,AML & Financial Crime,Technology & Systems,8100,9980,1880
2025-09-01,BR09,AML & Financial Crime,Screening & Data Vendors,3240,3890,650
2025-09-01,BR09,AML & Financial Crime,Premises,6480,7360,880
2025-09-01,BR09,AML & Financial Crime,Outsourcing,3780,5160,1380
2025-09-01,BR09,AML & Financial Crime,Training,1080,1240,160
2025-09-01,BR09,AML & Financial Crime,Other,1620,2000,380
2025-09-01,BR09,Payments Ops,Staff,20790,25890,5100
2025-09-01,BR09,Payments Ops,Technology & Systems,5670,6030,360
2025-09-01,BR09,Payments Ops,Screening & Data Vendors,2270,2630,360
2025-09-01,BR09,Payments Ops,Premises,4540,4810,270
2025-09-01,BR09,Payments Ops,Outsourcing,2650,3480,830
2025-09-01,BR09,Payments Ops,Training,760,820,60
2025-09-01,BR09,Payments Ops,Other,1130,1220,90
2025-09-01,BR09,IT & Technology,Staff,35640,44760,9120
2025-09-01,BR09,IT & Technology,Technology & Systems,9720,9840,120
2025-09-01,BR09,IT & Technology,Screening & Data Vendors,3890,4080,190
2025-09-01,BR09,IT & Technology,Premises,7780,8810,1030
2025-09-01,BR09,IT & Technology,Outsourcing,4540,5090,550
2025-09-01,BR09,IT & Technology,Training,1300,1340,40
2025-09-01,BR09,IT & Technology,Other,1940,2040,100
2025-09-01,BR09,Compliance,Staff,17820,22610,4790
2025-09-01,BR09,Compliance,Technology & Systems,4860,5220,360
2025-09-01,BR09,Compliance,Screening & Data Vendors,1940,2090,150
2025-09-01,BR09,Compliance,Premises,3890,4150,260
2025-09-01,BR09,Compliance,Outsourcing,2270,2760,490
2025-09-01,BR09,Compliance,Training,650,610,-40
2025-09-01,BR09,Compliance,Other,970,1130,160
2025-10-01,BR09,Retail Banking Ops,Staff,59400,78800,19400
2025-10-01,BR09,Retail Banking Ops,Technology & Systems,16200,17480,1280
2025-10-01,BR09,Retail Banking Ops,Screening & Data Vendors,6480,7190,710
2025-10-01,BR09,Retail Banking Ops,Premises,12960,13440,480
2025-10-01,BR09,Retail Banking Ops,Outsourcing,7560,9190,1630
2025-10-01,BR09,Retail Banking Ops,Training,2160,2340,180
2025-10-01,BR09,Retail Banking Ops,Other,3240,3570,330
2025-10-01,BR09,KYC & Onboarding,Staff,26730,35830,9100
2025-10-01,BR09,KYC & Onboarding,Technology & Systems,7290,8310,1020
2025-10-01,BR09,KYC & Onboarding,Screening & Data Vendors,2920,3380,460
2025-10-01,BR09,KYC & Onboarding,Premises,5830,6990,1160
2025-10-01,BR09,KYC & Onboarding,Outsourcing,3400,4200,800
2025-10-01,BR09,KYC & Onboarding,Training,970,1180,210
2025-10-01,BR09,KYC & Onboarding,Other,1460,1750,290
2025-10-01,BR09,AML & Financial Crime,Staff,29700,38140,8440
2025-10-01,BR09,AML & Financial Crime,Technology & Systems,8100,10300,2200
2025-10-01,BR09,AML & Financial Crime,Screening & Data Vendors,3240,3910,670
2025-10-01,BR09,AML & Financial Crime,Premises,6480,8780,2300
2025-10-01,BR09,AML & Financial Crime,Outsourcing,3780,5360,1580
2025-10-01,BR09,AML & Financial Crime,Training,1080,1360,280
2025-10-01,BR09,AML & Financial Crime,Other,1620,2050,430
2025-10-01,BR09,Payments Ops,Staff,20790,28290,7500
2025-10-01,BR09,Payments Ops,Technology & Systems,5670,6430,760
2025-10-01,BR09,Payments Ops,Screening & Data Vendors,2270,2330,60
2025-10-01,BR09,Payments Ops,Premises,4540,4670,130
2025-10-01,BR09,Payments Ops,Outsourcing,2650,2960,310
2025-10-01,BR09,Payments Ops,Training,760,750,-10
2025-10-01,BR09,Payments Ops,Other,1130,1180,50
2025-10-01,BR09,IT & Technology,Staff,35640,43540,7900
2025-10-01,BR09,IT & Technology,Technology & Systems,9720,9250,-470
2025-10-01,BR09,IT & Technology,Screening & Data Vendors,3890,4350,460
2025-10-01,BR09,IT & Technology,Premises,7780,8230,450
2025-10-01,BR09,IT & Technology,Outsourcing,4540,5860,1320
2025-10-01,BR09,IT & Technology,Training,1300,1580,280
2025-10-01,BR09,IT & Technology,Other,1940,2290,350
2025-10-01,BR09,Compliance,Staff,17820,20300,2480
2025-10-01,BR09,Compliance,Technology & Systems,4860,5400,540
2025-10-01,BR09,Compliance,Screening & Data Vendors,1940,2180,240
2025-10-01,BR09,Compliance,Premises,3890,4800,910
2025-10-01,BR09,Compliance,Outsourcing,2270,3000,730
2025-10-01,BR09,Compliance,Training,650,720,70
2025-10-01,BR09,Compliance,Other,970,1050,80
2025-11-01,BR09,Retail Banking Ops,Staff,59400,68560,9160
2025-11-01,BR09,Retail Banking Ops,Technology & Systems,16200,17160,960
2025-11-01,BR09,Retail Banking Ops,Screening & Data Vendors,6480,7510,1030
2025-11-01,BR09,Retail Banking Ops,Premises,12960,13830,870
2025-11-01,BR09,Retail Banking Ops,Outsourcing,7560,9260,1700
2025-11-01,BR09,Retail Banking Ops,Training,2160,2290,130
2025-11-01,BR09,Retail Banking Ops,Other,3240,3640,400
2025-11-01,BR09,KYC & Onboarding,Staff,26730,36990,10260
2025-11-01,BR09,KYC & Onboarding,Technology & Systems,7290,9050,1760
2025-11-01,BR09,KYC & Onboarding,Screening & Data Vendors,2920,3830,910
2025-11-01,BR09,KYC & Onboarding,Premises,5830,7250,1420
2025-11-01,BR09,KYC & Onboarding,Outsourcing,3400,4870,1470
2025-11-01,BR09,KYC & Onboarding,Training,970,1140,170
2025-11-01,BR09,KYC & Onboarding,Other,1460,1660,200
2025-11-01,BR09,AML & Financial Crime,Staff,29700,38700,9000
2025-11-01,BR09,AML & Financial Crime,Technology & Systems,8100,10190,2090
2025-11-01,BR09,AML & Financial Crime,Screening & Data Vendors,3240,3990,750
2025-11-01,BR09,AML & Financial Crime,Premises,6480,8200,1720
2025-11-01,BR09,AML & Financial Crime,Outsourcing,3780,5260,1480
2025-11-01,BR09,AML & Financial Crime,Training,1080,1210,130
2025-11-01,BR09,AML & Financial Crime,Other,1620,1940,320
2025-11-01,BR09,Payments Ops,Staff,20790,27860,7070
2025-11-01,BR09,Payments Ops,Technology & Systems,5670,5810,140
2025-11-01,BR09,Payments Ops,Screening & Data Vendors,2270,2100,-170
2025-11-01,BR09,Payments Ops,Premises,4540,5040,500
2025-11-01,BR09,Payments Ops,Outsourcing,2650,3110,460
2025-11-01,BR09,Payments Ops,Training,760,800,40
2025-11-01,BR09,Payments Ops,Other,1130,1320,190
2025-11-01,BR09,IT & Technology,Staff,35640,46500,10860
2025-11-01,BR09,IT & Technology,Technology & Systems,9720,10520,800
2025-11-01,BR09,IT & Technology,Screening & Data Vendors,3890,4110,220
2025-11-01,BR09,IT & Technology,Premises,7780,8030,250
2025-11-01,BR09,IT & Technology,Outsourcing,4540,5550,1010
2025-11-01,BR09,IT & Technology,Training,1300,1420,120
2025-11-01,BR09,IT & Technology,Other,1940,2040,100
2025-11-01,BR09,Compliance,Staff,17820,20060,2240
2025-11-01,BR09,Compliance,Technology & Systems,4860,5640,780
2025-11-01,BR09,Compliance,Screening & Data Vendors,1940,2220,280
2025-11-01,BR09,Compliance,Premises,3890,4330,440
2025-11-01,BR09,Compliance,Outsourcing,2270,2810,540
2025-11-01,BR09,Compliance,Training,650,750,100
2025-11-01,BR09,Compliance,Other,970,1050,80
2025-12-01,BR09,Retail Banking Ops,Staff,59400,77950,18550
2025-12-01,BR09,Retail Banking Ops,Technology & Systems,16200,16250,50
2025-12-01,BR09,Retail Banking Ops,Screening & Data Vendors,6480,6950,470
2025-12-01,BR09,Retail Banking Ops,Premises,12960,15240,2280
2025-12-01,BR09,Retail Banking Ops,Outsourcing,7560,9560,2000
2025-12-01,BR09,Retail Banking Ops,Training,2160,2500,340
2025-12-01,BR09,Retail Banking Ops,Other,3240,3660,420
2025-12-01,BR09,KYC & Onboarding,Staff,26730,34790,8060
2025-12-01,BR09,KYC & Onboarding,Technology & Systems,7290,8570,1280
2025-12-01,BR09,KYC & Onboarding,Screening & Data Vendors,2920,3560,640
2025-12-01,BR09,KYC & Onboarding,Premises,5830,7880,2050
2025-12-01,BR09,KYC & Onboarding,Outsourcing,3400,4750,1350
2025-12-01,BR09,KYC & Onboarding,Training,970,1360,390
2025-12-01,BR09,KYC & Onboarding,Other,1460,1640,180
2025-12-01,BR09,AML & Financial Crime,Staff,29700,42680,12980
2025-12-01,BR09,AML & Financial Crime,Technology & Systems,8100,10110,2010
2025-12-01,BR09,AML & Financial Crime,Screening & Data Vendors,3240,3720,480
2025-12-01,BR09,AML & Financial Crime,Premises,6480,7670,1190
2025-12-01,BR09,AML & Financial Crime,Outsourcing,3780,5210,1430
2025-12-01,BR09,AML & Financial Crime,Training,1080,1420,340
2025-12-01,BR09,AML & Financial Crime,Other,1620,1800,180
2025-12-01,BR09,Payments Ops,Staff,20790,25720,4930
2025-12-01,BR09,Payments Ops,Technology & Systems,5670,5770,100
2025-12-01,BR09,Payments Ops,Screening & Data Vendors,2270,2480,210
2025-12-01,BR09,Payments Ops,Premises,4540,5240,700
2025-12-01,BR09,Payments Ops,Outsourcing,2650,3040,390
2025-12-01,BR09,Payments Ops,Training,760,830,70
2025-12-01,BR09,Payments Ops,Other,1130,1260,130
2025-12-01,BR09,IT & Technology,Staff,35640,39790,4150
2025-12-01,BR09,IT & Technology,Technology & Systems,9720,10110,390
2025-12-01,BR09,IT & Technology,Screening & Data Vendors,3890,4310,420
2025-12-01,BR09,IT & Technology,Premises,7780,8110,330
2025-12-01,BR09,IT & Technology,Outsourcing,4540,6040,1500
2025-12-01,BR09,IT & Technology,Training,1300,1370,70
2025-12-01,BR09,IT & Technology,Other,1940,2230,290
2025-12-01,BR09,Compliance,Staff,17820,24140,6320
2025-12-01,BR09,Compliance,Technology & Systems,4860,5280,420
2025-12-01,BR09,Compliance,Screening & Data Vendors,1940,2300,360
2025-12-01,BR09,Compliance,Premises,3890,4010,120
2025-12-01,BR09,Compliance,Outsourcing,2270,2790,520
2025-12-01,BR09,Compliance,Training,650,730,80
2025-12-01,BR09,Compliance,Other,970,1120,150
2024-01-01,BR10,Retail Banking Ops,Staff,54450,55720,1270
2024-01-01,BR10,Retail Banking Ops,Technology & Systems,14850,13900,-950
2024-01-01,BR10,Retail Banking Ops,Screening & Data Vendors,5940,5810,-130
2024-01-01,BR10,Retail Banking Ops,Premises,11880,11090,-790
2024-01-01,BR10,Retail Banking Ops,Outsourcing,6930,6970,40
2024-01-01,BR10,Retail Banking Ops,Training,1980,1970,-10
2024-01-01,BR10,Retail Banking Ops,Other,2970,3030,60
2024-01-01,BR10,KYC & Onboarding,Staff,24500,25750,1250
2024-01-01,BR10,KYC & Onboarding,Technology & Systems,6680,6170,-510
2024-01-01,BR10,KYC & Onboarding,Screening & Data Vendors,2670,2840,170
2024-01-01,BR10,KYC & Onboarding,Premises,5350,4960,-390
2024-01-01,BR10,KYC & Onboarding,Outsourcing,3120,3280,160
2024-01-01,BR10,KYC & Onboarding,Training,890,840,-50
2024-01-01,BR10,KYC & Onboarding,Other,1340,1330,-10
2024-01-01,BR10,AML & Financial Crime,Staff,27230,30860,3630
2024-01-01,BR10,AML & Financial Crime,Technology & Systems,7430,7470,40
2024-01-01,BR10,AML & Financial Crime,Screening & Data Vendors,2970,2960,-10
2024-01-01,BR10,AML & Financial Crime,Premises,5940,5550,-390
2024-01-01,BR10,AML & Financial Crime,Outsourcing,3470,3370,-100
2024-01-01,BR10,AML & Financial Crime,Training,990,1020,30
2024-01-01,BR10,AML & Financial Crime,Other,1490,1370,-120
2024-01-01,BR10,Payments Ops,Staff,19060,19470,410
2024-01-01,BR10,Payments Ops,Technology & Systems,5200,4940,-260
2024-01-01,BR10,Payments Ops,Screening & Data Vendors,2080,2090,10
2024-01-01,BR10,Payments Ops,Premises,4160,4330,170
2024-01-01,BR10,Payments Ops,Outsourcing,2430,2420,-10
2024-01-01,BR10,Payments Ops,Training,690,690,0
2024-01-01,BR10,Payments Ops,Other,1040,1090,50
2024-01-01,BR10,IT & Technology,Staff,32670,29100,-3570
2024-01-01,BR10,IT & Technology,Technology & Systems,8910,9480,570
2024-01-01,BR10,IT & Technology,Screening & Data Vendors,3560,3250,-310
2024-01-01,BR10,IT & Technology,Premises,7130,7060,-70
2024-01-01,BR10,IT & Technology,Outsourcing,4160,4010,-150
2024-01-01,BR10,IT & Technology,Training,1190,1170,-20
2024-01-01,BR10,IT & Technology,Other,1780,1830,50
2024-01-01,BR10,Compliance,Staff,16340,16330,-10
2024-01-01,BR10,Compliance,Technology & Systems,4460,4470,10
2024-01-01,BR10,Compliance,Screening & Data Vendors,1780,1650,-130
2024-01-01,BR10,Compliance,Premises,3560,3440,-120
2024-01-01,BR10,Compliance,Outsourcing,2080,2130,50
2024-01-01,BR10,Compliance,Training,590,620,30
2024-01-01,BR10,Compliance,Other,890,950,60
2024-02-01,BR10,Retail Banking Ops,Staff,54450,60780,6330
2024-02-01,BR10,Retail Banking Ops,Technology & Systems,14850,14910,60
2024-02-01,BR10,Retail Banking Ops,Screening & Data Vendors,5940,6150,210
2024-02-01,BR10,Retail Banking Ops,Premises,11880,12360,480
2024-02-01,BR10,Retail Banking Ops,Outsourcing,6930,7380,450
2024-02-01,BR10,Retail Banking Ops,Training,1980,2020,40
2024-02-01,BR10,Retail Banking Ops,Other,2970,3390,420
2024-02-01,BR10,KYC & Onboarding,Staff,24500,24820,320
2024-02-01,BR10,KYC & Onboarding,Technology & Systems,6680,6660,-20
2024-02-01,BR10,KYC & Onboarding,Screening & Data Vendors,2670,2570,-100
2024-02-01,BR10,KYC & Onboarding,Premises,5350,5380,30
2024-02-01,BR10,KYC & Onboarding,Outsourcing,3120,3140,20
2024-02-01,BR10,KYC & Onboarding,Training,890,900,10
2024-02-01,BR10,KYC & Onboarding,Other,1340,1390,50
2024-02-01,BR10,AML & Financial Crime,Staff,27230,26530,-700
2024-02-01,BR10,AML & Financial Crime,Technology & Systems,7430,7100,-330
2024-02-01,BR10,AML & Financial Crime,Screening & Data Vendors,2970,2940,-30
2024-02-01,BR10,AML & Financial Crime,Premises,5940,5720,-220
2024-02-01,BR10,AML & Financial Crime,Outsourcing,3470,3700,230
2024-02-01,BR10,AML & Financial Crime,Training,990,1010,20
2024-02-01,BR10,AML & Financial Crime,Other,1490,1460,-30
2024-02-01,BR10,Payments Ops,Staff,19060,20440,1380
2024-02-01,BR10,Payments Ops,Technology & Systems,5200,5060,-140
2024-02-01,BR10,Payments Ops,Screening & Data Vendors,2080,2150,70
2024-02-01,BR10,Payments Ops,Premises,4160,4710,550
2024-02-01,BR10,Payments Ops,Outsourcing,2430,2440,10
2024-02-01,BR10,Payments Ops,Training,690,740,50
2024-02-01,BR10,Payments Ops,Other,1040,1010,-30
2024-02-01,BR10,IT & Technology,Staff,32670,32990,320
2024-02-01,BR10,IT & Technology,Technology & Systems,8910,9110,200
2024-02-01,BR10,IT & Technology,Screening & Data Vendors,3560,3620,60
2024-02-01,BR10,IT & Technology,Premises,7130,6800,-330
2024-02-01,BR10,IT & Technology,Outsourcing,4160,4040,-120
2024-02-01,BR10,IT & Technology,Training,1190,1130,-60
2024-02-01,BR10,IT & Technology,Other,1780,1830,50
2024-02-01,BR10,Compliance,Staff,16340,15820,-520
2024-02-01,BR10,Compliance,Technology & Systems,4460,4420,-40
2024-02-01,BR10,Compliance,Screening & Data Vendors,1780,1690,-90
2024-02-01,BR10,Compliance,Premises,3560,3490,-70
2024-02-01,BR10,Compliance,Outsourcing,2080,2240,160
2024-02-01,BR10,Compliance,Training,590,580,-10
2024-02-01,BR10,Compliance,Other,890,820,-70
2024-03-01,BR10,Retail Banking Ops,Staff,54450,58220,3770
2024-03-01,BR10,Retail Banking Ops,Technology & Systems,14850,15670,820
2024-03-01,BR10,Retail Banking Ops,Screening & Data Vendors,5940,6280,340
2024-03-01,BR10,Retail Banking Ops,Premises,11880,12380,500
2024-03-01,BR10,Retail Banking Ops,Outsourcing,6930,7300,370
2024-03-01,BR10,Retail Banking Ops,Training,1980,1880,-100
2024-03-01,BR10,Retail Banking Ops,Other,2970,2990,20
2024-03-01,BR10,KYC & Onboarding,Staff,24500,25350,850
2024-03-01,BR10,KYC & Onboarding,Technology & Systems,6680,7380,700
2024-03-01,BR10,KYC & Onboarding,Screening & Data Vendors,2670,2550,-120
2024-03-01,BR10,KYC & Onboarding,Premises,5350,5110,-240
2024-03-01,BR10,KYC & Onboarding,Outsourcing,3120,3250,130
2024-03-01,BR10,KYC & Onboarding,Training,890,920,30
2024-03-01,BR10,KYC & Onboarding,Other,1340,1460,120
2024-03-01,BR10,AML & Financial Crime,Staff,27230,27560,330
2024-03-01,BR10,AML & Financial Crime,Technology & Systems,7430,7350,-80
2024-03-01,BR10,AML & Financial Crime,Screening & Data Vendors,2970,3150,180
2024-03-01,BR10,AML & Financial Crime,Premises,5940,5950,10
2024-03-01,BR10,AML & Financial Crime,Outsourcing,3470,3450,-20
2024-03-01,BR10,AML & Financial Crime,Training,990,990,0
2024-03-01,BR10,AML & Financial Crime,Other,1490,1640,150
2024-03-01,BR10,Payments Ops,Staff,19060,19910,850
2024-03-01,BR10,Payments Ops,Technology & Systems,5200,5140,-60
2024-03-01,BR10,Payments Ops,Screening & Data Vendors,2080,2260,180
2024-03-01,BR10,Payments Ops,Premises,4160,4290,130
2024-03-01,BR10,Payments Ops,Outsourcing,2430,2370,-60
2024-03-01,BR10,Payments Ops,Training,690,710,20
2024-03-01,BR10,Payments Ops,Other,1040,1100,60
2024-03-01,BR10,IT & Technology,Staff,32670,31560,-1110
2024-03-01,BR10,IT & Technology,Technology & Systems,8910,9130,220
2024-03-01,BR10,IT & Technology,Screening & Data Vendors,3560,3380,-180
2024-03-01,BR10,IT & Technology,Premises,7130,7700,570
2024-03-01,BR10,IT & Technology,Outsourcing,4160,4100,-60
2024-03-01,BR10,IT & Technology,Training,1190,1230,40
2024-03-01,BR10,IT & Technology,Other,1780,1820,40
2024-03-01,BR10,Compliance,Staff,16340,17680,1340
2024-03-01,BR10,Compliance,Technology & Systems,4460,4440,-20
2024-03-01,BR10,Compliance,Screening & Data Vendors,1780,1800,20
2024-03-01,BR10,Compliance,Premises,3560,3770,210
2024-03-01,BR10,Compliance,Outsourcing,2080,2330,250
2024-03-01,BR10,Compliance,Training,590,630,40
2024-03-01,BR10,Compliance,Other,890,930,40
2024-04-01,BR10,Retail Banking Ops,Staff,54450,55840,1390
2024-04-01,BR10,Retail Banking Ops,Technology & Systems,14850,13850,-1000
2024-04-01,BR10,Retail Banking Ops,Screening & Data Vendors,5940,5780,-160
2024-04-01,BR10,Retail Banking Ops,Premises,11880,12020,140
2024-04-01,BR10,Retail Banking Ops,Outsourcing,6930,7560,630
2024-04-01,BR10,Retail Banking Ops,Training,1980,1870,-110
2024-04-01,BR10,Retail Banking Ops,Other,2970,3010,40
2024-04-01,BR10,KYC & Onboarding,Staff,24500,23010,-1490
2024-04-01,BR10,KYC & Onboarding,Technology & Systems,6680,6900,220
2024-04-01,BR10,KYC & Onboarding,Screening & Data Vendors,2670,2620,-50
2024-04-01,BR10,KYC & Onboarding,Premises,5350,5500,150
2024-04-01,BR10,KYC & Onboarding,Outsourcing,3120,2910,-210
2024-04-01,BR10,KYC & Onboarding,Training,890,870,-20
2024-04-01,BR10,KYC & Onboarding,Other,1340,1440,100
2024-04-01,BR10,AML & Financial Crime,Staff,27230,27850,620
2024-04-01,BR10,AML & Financial Crime,Technology & Systems,7430,7690,260
2024-04-01,BR10,AML & Financial Crime,Screening & Data Vendors,2970,3100,130
2024-04-01,BR10,AML & Financial Crime,Premises,5940,6190,250
2024-04-01,BR10,AML & Financial Crime,Outsourcing,3470,3480,10
2024-04-01,BR10,AML & Financial Crime,Training,990,1100,110
2024-04-01,BR10,AML & Financial Crime,Other,1490,1720,230
2024-04-01,BR10,Payments Ops,Staff,19060,18660,-400
2024-04-01,BR10,Payments Ops,Technology & Systems,5200,5380,180
2024-04-01,BR10,Payments Ops,Screening & Data Vendors,2080,2200,120
2024-04-01,BR10,Payments Ops,Premises,4160,4340,180
2024-04-01,BR10,Payments Ops,Outsourcing,2430,2520,90
2024-04-01,BR10,Payments Ops,Training,690,710,20
2024-04-01,BR10,Payments Ops,Other,1040,1060,20
2024-04-01,BR10,IT & Technology,Staff,32670,33010,340
2024-04-01,BR10,IT & Technology,Technology & Systems,8910,9550,640
2024-04-01,BR10,IT & Technology,Screening & Data Vendors,3560,3520,-40
2024-04-01,BR10,IT & Technology,Premises,7130,6810,-320
2024-04-01,BR10,IT & Technology,Outsourcing,4160,4070,-90
2024-04-01,BR10,IT & Technology,Training,1190,1270,80
2024-04-01,BR10,IT & Technology,Other,1780,1730,-50
2024-04-01,BR10,Compliance,Staff,16340,17430,1090
2024-04-01,BR10,Compliance,Technology & Systems,4460,4580,120
2024-04-01,BR10,Compliance,Screening & Data Vendors,1780,1800,20
2024-04-01,BR10,Compliance,Premises,3560,3570,10
2024-04-01,BR10,Compliance,Outsourcing,2080,2120,40
2024-04-01,BR10,Compliance,Training,590,630,40
2024-04-01,BR10,Compliance,Other,890,880,-10
2024-05-01,BR10,Retail Banking Ops,Staff,54450,52290,-2160
2024-05-01,BR10,Retail Banking Ops,Technology & Systems,14850,16230,1380
2024-05-01,BR10,Retail Banking Ops,Screening & Data Vendors,5940,6580,640
2024-05-01,BR10,Retail Banking Ops,Premises,11880,12650,770
2024-05-01,BR10,Retail Banking Ops,Outsourcing,6930,7210,280
2024-05-01,BR10,Retail Banking Ops,Training,1980,2080,100
2024-05-01,BR10,Retail Banking Ops,Other,2970,2920,-50
2024-05-01,BR10,KYC & Onboarding,Staff,24500,25300,800
2024-05-01,BR10,KYC & Onboarding,Technology & Systems,6680,7800,1120
2024-05-01,BR10,KYC & Onboarding,Screening & Data Vendors,2670,2660,-10
2024-05-01,BR10,KYC & Onboarding,Premises,5350,5690,340
2024-05-01,BR10,KYC & Onboarding,Outsourcing,3120,3220,100
2024-05-01,BR10,KYC & Onboarding,Training,890,930,40
2024-05-01,BR10,KYC & Onboarding,Other,1340,1370,30
2024-05-01,BR10,AML & Financial Crime,Staff,27230,27900,670
2024-05-01,BR10,AML & Financial Crime,Technology & Systems,7430,7240,-190
2024-05-01,BR10,AML & Financial Crime,Screening & Data Vendors,2970,3200,230
2024-05-01,BR10,AML & Financial Crime,Premises,5940,6120,180
2024-05-01,BR10,AML & Financial Crime,Outsourcing,3470,3660,190
2024-05-01,BR10,AML & Financial Crime,Training,990,1080,90
2024-05-01,BR10,AML & Financial Crime,Other,1490,1470,-20
2024-05-01,BR10,Payments Ops,Staff,19060,19070,10
2024-05-01,BR10,Payments Ops,Technology & Systems,5200,5080,-120
2024-05-01,BR10,Payments Ops,Screening & Data Vendors,2080,2120,40
2024-05-01,BR10,Payments Ops,Premises,4160,4240,80
2024-05-01,BR10,Payments Ops,Outsourcing,2430,2450,20
2024-05-01,BR10,Payments Ops,Training,690,770,80
2024-05-01,BR10,Payments Ops,Other,1040,1100,60
2024-05-01,BR10,IT & Technology,Staff,32670,31000,-1670
2024-05-01,BR10,IT & Technology,Technology & Systems,8910,9180,270
2024-05-01,BR10,IT & Technology,Screening & Data Vendors,3560,3360,-200
2024-05-01,BR10,IT & Technology,Premises,7130,7420,290
2024-05-01,BR10,IT & Technology,Outsourcing,4160,4020,-140
2024-05-01,BR10,IT & Technology,Training,1190,1170,-20
2024-05-01,BR10,IT & Technology,Other,1780,1840,60
2024-05-01,BR10,Compliance,Staff,16340,15510,-830
2024-05-01,BR10,Compliance,Technology & Systems,4460,4680,220
2024-05-01,BR10,Compliance,Screening & Data Vendors,1780,1780,0
2024-05-01,BR10,Compliance,Premises,3560,3480,-80
2024-05-01,BR10,Compliance,Outsourcing,2080,2060,-20
2024-05-01,BR10,Compliance,Training,590,580,-10
2024-05-01,BR10,Compliance,Other,890,870,-20
2024-06-01,BR10,Retail Banking Ops,Staff,54450,56040,1590
2024-06-01,BR10,Retail Banking Ops,Technology & Systems,14850,16570,1720
2024-06-01,BR10,Retail Banking Ops,Screening & Data Vendors,5940,6270,330
2024-06-01,BR10,Retail Banking Ops,Premises,11880,11750,-130
2024-06-01,BR10,Retail Banking Ops,Outsourcing,6930,6920,-10
2024-06-01,BR10,Retail Banking Ops,Training,1980,1880,-100
2024-06-01,BR10,Retail Banking Ops,Other,2970,3010,40
2024-06-01,BR10,KYC & Onboarding,Staff,24500,25410,910
2024-06-01,BR10,KYC & Onboarding,Technology & Systems,6680,6860,180
2024-06-01,BR10,KYC & Onboarding,Screening & Data Vendors,2670,2910,240
2024-06-01,BR10,KYC & Onboarding,Premises,5350,5590,240
2024-06-01,BR10,KYC & Onboarding,Outsourcing,3120,3360,240
2024-06-01,BR10,KYC & Onboarding,Training,890,970,80
2024-06-01,BR10,KYC & Onboarding,Other,1340,1420,80
2024-06-01,BR10,AML & Financial Crime,Staff,27230,29210,1980
2024-06-01,BR10,AML & Financial Crime,Technology & Systems,7430,7830,400
2024-06-01,BR10,AML & Financial Crime,Screening & Data Vendors,2970,3280,310
2024-06-01,BR10,AML & Financial Crime,Premises,5940,6510,570
2024-06-01,BR10,AML & Financial Crime,Outsourcing,3470,3540,70
2024-06-01,BR10,AML & Financial Crime,Training,990,1120,130
2024-06-01,BR10,AML & Financial Crime,Other,1490,1560,70
2024-06-01,BR10,Payments Ops,Staff,19060,19590,530
2024-06-01,BR10,Payments Ops,Technology & Systems,5200,5430,230
2024-06-01,BR10,Payments Ops,Screening & Data Vendors,2080,2240,160
2024-06-01,BR10,Payments Ops,Premises,4160,4380,220
2024-06-01,BR10,Payments Ops,Outsourcing,2430,2520,90
2024-06-01,BR10,Payments Ops,Training,690,700,10
2024-06-01,BR10,Payments Ops,Other,1040,1000,-40
2024-06-01,BR10,IT & Technology,Staff,32670,35510,2840
2024-06-01,BR10,IT & Technology,Technology & Systems,8910,9520,610
2024-06-01,BR10,IT & Technology,Screening & Data Vendors,3560,3580,20
2024-06-01,BR10,IT & Technology,Premises,7130,7500,370
2024-06-01,BR10,IT & Technology,Outsourcing,4160,4130,-30
2024-06-01,BR10,IT & Technology,Training,1190,1280,90
2024-06-01,BR10,IT & Technology,Other,1780,1950,170
2024-06-01,BR10,Compliance,Staff,16340,17850,1510
2024-06-01,BR10,Compliance,Technology & Systems,4460,4800,340
2024-06-01,BR10,Compliance,Screening & Data Vendors,1780,1860,80
2024-06-01,BR10,Compliance,Premises,3560,3890,330
2024-06-01,BR10,Compliance,Outsourcing,2080,2150,70
2024-06-01,BR10,Compliance,Training,590,540,-50
2024-06-01,BR10,Compliance,Other,890,870,-20
2024-07-01,BR10,Retail Banking Ops,Staff,54450,52940,-1510
2024-07-01,BR10,Retail Banking Ops,Technology & Systems,14850,15380,530
2024-07-01,BR10,Retail Banking Ops,Screening & Data Vendors,5940,6380,440
2024-07-01,BR10,Retail Banking Ops,Premises,11880,12010,130
2024-07-01,BR10,Retail Banking Ops,Outsourcing,6930,7250,320
2024-07-01,BR10,Retail Banking Ops,Training,1980,2010,30
2024-07-01,BR10,Retail Banking Ops,Other,2970,3260,290
2024-07-01,BR10,KYC & Onboarding,Staff,24500,26330,1830
2024-07-01,BR10,KYC & Onboarding,Technology & Systems,6680,6670,-10
2024-07-01,BR10,KYC & Onboarding,Screening & Data Vendors,2670,2830,160
2024-07-01,BR10,KYC & Onboarding,Premises,5350,5670,320
2024-07-01,BR10,KYC & Onboarding,Outsourcing,3120,3330,210
2024-07-01,BR10,KYC & Onboarding,Training,890,930,40
2024-07-01,BR10,KYC & Onboarding,Other,1340,1480,140
2024-07-01,BR10,AML & Financial Crime,Staff,27230,31160,3930
2024-07-01,BR10,AML & Financial Crime,Technology & Systems,7430,7770,340
2024-07-01,BR10,AML & Financial Crime,Screening & Data Vendors,2970,3070,100
2024-07-01,BR10,AML & Financial Crime,Premises,5940,6320,380
2024-07-01,BR10,AML & Financial Crime,Outsourcing,3470,3850,380
2024-07-01,BR10,AML & Financial Crime,Training,990,1000,10
2024-07-01,BR10,AML & Financial Crime,Other,1490,1690,200
2024-07-01,BR10,Payments Ops,Staff,19060,19150,90
2024-07-01,BR10,Payments Ops,Technology & Systems,5200,5210,10
2024-07-01,BR10,Payments Ops,Screening & Data Vendors,2080,2190,110
2024-07-01,BR10,Payments Ops,Premises,4160,3820,-340
2024-07-01,BR10,Payments Ops,Outsourcing,2430,2620,190
2024-07-01,BR10,Payments Ops,Training,690,800,110
2024-07-01,BR10,Payments Ops,Other,1040,1160,120
2024-07-01,BR10,IT & Technology,Staff,32670,34920,2250
2024-07-01,BR10,IT & Technology,Technology & Systems,8910,9590,680
2024-07-01,BR10,IT & Technology,Screening & Data Vendors,3560,3650,90
2024-07-01,BR10,IT & Technology,Premises,7130,7320,190
2024-07-01,BR10,IT & Technology,Outsourcing,4160,4040,-120
2024-07-01,BR10,IT & Technology,Training,1190,1190,0
2024-07-01,BR10,IT & Technology,Other,1780,1750,-30
2024-07-01,BR10,Compliance,Staff,16340,17330,990
2024-07-01,BR10,Compliance,Technology & Systems,4460,4540,80
2024-07-01,BR10,Compliance,Screening & Data Vendors,1780,1800,20
2024-07-01,BR10,Compliance,Premises,3560,3690,130
2024-07-01,BR10,Compliance,Outsourcing,2080,2170,90
2024-07-01,BR10,Compliance,Training,590,640,50
2024-07-01,BR10,Compliance,Other,890,850,-40
2024-08-01,BR10,Retail Banking Ops,Staff,54450,56580,2130
2024-08-01,BR10,Retail Banking Ops,Technology & Systems,14850,16150,1300
2024-08-01,BR10,Retail Banking Ops,Screening & Data Vendors,5940,6420,480
2024-08-01,BR10,Retail Banking Ops,Premises,11880,13540,1660
2024-08-01,BR10,Retail Banking Ops,Outsourcing,6930,7100,170
2024-08-01,BR10,Retail Banking Ops,Training,1980,2130,150
2024-08-01,BR10,Retail Banking Ops,Other,2970,2750,-220
2024-08-01,BR10,KYC & Onboarding,Staff,24500,26410,1910
2024-08-01,BR10,KYC & Onboarding,Technology & Systems,6680,7130,450
2024-08-01,BR10,KYC & Onboarding,Screening & Data Vendors,2670,3050,380
2024-08-01,BR10,KYC & Onboarding,Premises,5350,5980,630
2024-08-01,BR10,KYC & Onboarding,Outsourcing,3120,3250,130
2024-08-01,BR10,KYC & Onboarding,Training,890,940,50
2024-08-01,BR10,KYC & Onboarding,Other,1340,1380,40
2024-08-01,BR10,AML & Financial Crime,Staff,27230,30710,3480
2024-08-01,BR10,AML & Financial Crime,Technology & Systems,7430,8260,830
2024-08-01,BR10,AML & Financial Crime,Screening & Data Vendors,2970,2870,-100
2024-08-01,BR10,AML & Financial Crime,Premises,5940,6000,60
2024-08-01,BR10,AML & Financial Crime,Outsourcing,3470,3710,240
2024-08-01,BR10,AML & Financial Crime,Training,990,1120,130
2024-08-01,BR10,AML & Financial Crime,Other,1490,1470,-20
2024-08-01,BR10,Payments Ops,Staff,19060,20060,1000
2024-08-01,BR10,Payments Ops,Technology & Systems,5200,5170,-30
2024-08-01,BR10,Payments Ops,Screening & Data Vendors,2080,2140,60
2024-08-01,BR10,Payments Ops,Premises,4160,4330,170
2024-08-01,BR10,Payments Ops,Outsourcing,2430,2510,80
2024-08-01,BR10,Payments Ops,Training,690,630,-60
2024-08-01,BR10,Payments Ops,Other,1040,1240,200
2024-08-01,BR10,IT & Technology,Staff,32670,35810,3140
2024-08-01,BR10,IT & Technology,Technology & Systems,8910,9270,360
2024-08-01,BR10,IT & Technology,Screening & Data Vendors,3560,3560,0
2024-08-01,BR10,IT & Technology,Premises,7130,7420,290
2024-08-01,BR10,IT & Technology,Outsourcing,4160,4140,-20
2024-08-01,BR10,IT & Technology,Training,1190,1220,30
2024-08-01,BR10,IT & Technology,Other,1780,1940,160
2024-08-01,BR10,Compliance,Staff,16340,16400,60
2024-08-01,BR10,Compliance,Technology & Systems,4460,4690,230
2024-08-01,BR10,Compliance,Screening & Data Vendors,1780,1930,150
2024-08-01,BR10,Compliance,Premises,3560,3840,280
2024-08-01,BR10,Compliance,Outsourcing,2080,2160,80
2024-08-01,BR10,Compliance,Training,590,590,0
2024-08-01,BR10,Compliance,Other,890,1000,110
2024-09-01,BR10,Retail Banking Ops,Staff,54450,60600,6150
2024-09-01,BR10,Retail Banking Ops,Technology & Systems,14850,14970,120
2024-09-01,BR10,Retail Banking Ops,Screening & Data Vendors,5940,6310,370
2024-09-01,BR10,Retail Banking Ops,Premises,11880,11780,-100
2024-09-01,BR10,Retail Banking Ops,Outsourcing,6930,7000,70
2024-09-01,BR10,Retail Banking Ops,Training,1980,2230,250
2024-09-01,BR10,Retail Banking Ops,Other,2970,2990,20
2024-09-01,BR10,KYC & Onboarding,Staff,24500,26490,1990
2024-09-01,BR10,KYC & Onboarding,Technology & Systems,6680,7460,780
2024-09-01,BR10,KYC & Onboarding,Screening & Data Vendors,2670,2930,260
2024-09-01,BR10,KYC & Onboarding,Premises,5350,5920,570
2024-09-01,BR10,KYC & Onboarding,Outsourcing,3120,3500,380
2024-09-01,BR10,KYC & Onboarding,Training,890,870,-20
2024-09-01,BR10,KYC & Onboarding,Other,1340,1500,160
2024-09-01,BR10,AML & Financial Crime,Staff,27230,29750,2520
2024-09-01,BR10,AML & Financial Crime,Technology & Systems,7430,7030,-400
2024-09-01,BR10,AML & Financial Crime,Screening & Data Vendors,2970,3150,180
2024-09-01,BR10,AML & Financial Crime,Premises,5940,6740,800
2024-09-01,BR10,AML & Financial Crime,Outsourcing,3470,3900,430
2024-09-01,BR10,AML & Financial Crime,Training,990,1090,100
2024-09-01,BR10,AML & Financial Crime,Other,1490,1560,70
2024-09-01,BR10,Payments Ops,Staff,19060,20190,1130
2024-09-01,BR10,Payments Ops,Technology & Systems,5200,5270,70
2024-09-01,BR10,Payments Ops,Screening & Data Vendors,2080,2130,50
2024-09-01,BR10,Payments Ops,Premises,4160,3960,-200
2024-09-01,BR10,Payments Ops,Outsourcing,2430,2410,-20
2024-09-01,BR10,Payments Ops,Training,690,750,60
2024-09-01,BR10,Payments Ops,Other,1040,1120,80
2024-09-01,BR10,IT & Technology,Staff,32670,33200,530
2024-09-01,BR10,IT & Technology,Technology & Systems,8910,8690,-220
2024-09-01,BR10,IT & Technology,Screening & Data Vendors,3560,3890,330
2024-09-01,BR10,IT & Technology,Premises,7130,7210,80
2024-09-01,BR10,IT & Technology,Outsourcing,4160,4580,420
2024-09-01,BR10,IT & Technology,Training,1190,1240,50
2024-09-01,BR10,IT & Technology,Other,1780,1760,-20
2024-09-01,BR10,Compliance,Staff,16340,17430,1090
2024-09-01,BR10,Compliance,Technology & Systems,4460,4530,70
2024-09-01,BR10,Compliance,Screening & Data Vendors,1780,1800,20
2024-09-01,BR10,Compliance,Premises,3560,3680,120
2024-09-01,BR10,Compliance,Outsourcing,2080,2020,-60
2024-09-01,BR10,Compliance,Training,590,630,40
2024-09-01,BR10,Compliance,Other,890,900,10
2024-10-01,BR10,Retail Banking Ops,Staff,54450,51000,-3450
2024-10-01,BR10,Retail Banking Ops,Technology & Systems,14850,14630,-220
2024-10-01,BR10,Retail Banking Ops,Screening & Data Vendors,5940,7350,1410
2024-10-01,BR10,Retail Banking Ops,Premises,11880,12190,310
2024-10-01,BR10,Retail Banking Ops,Outsourcing,6930,7620,690
2024-10-01,BR10,Retail Banking Ops,Training,1980,1840,-140
2024-10-01,BR10,Retail Banking Ops,Other,2970,3070,100
2024-10-01,BR10,KYC & Onboarding,Staff,24500,24830,330
2024-10-01,BR10,KYC & Onboarding,Technology & Systems,6680,6930,250
2024-10-01,BR10,KYC & Onboarding,Screening & Data Vendors,2670,2860,190
2024-10-01,BR10,KYC & Onboarding,Premises,5350,6380,1030
2024-10-01,BR10,KYC & Onboarding,Outsourcing,3120,3620,500
2024-10-01,BR10,KYC & Onboarding,Training,890,940,50
2024-10-01,BR10,KYC & Onboarding,Other,1340,1500,160
2024-10-01,BR10,AML & Financial Crime,Staff,27230,30090,2860
2024-10-01,BR10,AML & Financial Crime,Technology & Systems,7430,7810,380
2024-10-01,BR10,AML & Financial Crime,Screening & Data Vendors,2970,2930,-40
2024-10-01,BR10,AML & Financial Crime,Premises,5940,6980,1040
2024-10-01,BR10,AML & Financial Crime,Outsourcing,3470,4010,540
2024-10-01,BR10,AML & Financial Crime,Training,990,1090,100
2024-10-01,BR10,AML & Financial Crime,Other,1490,1580,90
2024-10-01,BR10,Payments Ops,Staff,19060,19570,510
2024-10-01,BR10,Payments Ops,Technology & Systems,5200,5430,230
2024-10-01,BR10,Payments Ops,Screening & Data Vendors,2080,2280,200
2024-10-01,BR10,Payments Ops,Premises,4160,4270,110
2024-10-01,BR10,Payments Ops,Outsourcing,2430,2430,0
2024-10-01,BR10,Payments Ops,Training,690,730,40
2024-10-01,BR10,Payments Ops,Other,1040,1090,50
2024-10-01,BR10,IT & Technology,Staff,32670,35210,2540
2024-10-01,BR10,IT & Technology,Technology & Systems,8910,7980,-930
2024-10-01,BR10,IT & Technology,Screening & Data Vendors,3560,3570,10
2024-10-01,BR10,IT & Technology,Premises,7130,7400,270
2024-10-01,BR10,IT & Technology,Outsourcing,4160,4010,-150
2024-10-01,BR10,IT & Technology,Training,1190,1250,60
2024-10-01,BR10,IT & Technology,Other,1780,1750,-30
2024-10-01,BR10,Compliance,Staff,16340,16540,200
2024-10-01,BR10,Compliance,Technology & Systems,4460,4520,60
2024-10-01,BR10,Compliance,Screening & Data Vendors,1780,2030,250
2024-10-01,BR10,Compliance,Premises,3560,3620,60
2024-10-01,BR10,Compliance,Outsourcing,2080,2230,150
2024-10-01,BR10,Compliance,Training,590,570,-20
2024-10-01,BR10,Compliance,Other,890,1000,110
2024-11-01,BR10,Retail Banking Ops,Staff,54450,54730,280
2024-11-01,BR10,Retail Banking Ops,Technology & Systems,14850,14970,120
2024-11-01,BR10,Retail Banking Ops,Screening & Data Vendors,5940,6040,100
2024-11-01,BR10,Retail Banking Ops,Premises,11880,11880,0
2024-11-01,BR10,Retail Banking Ops,Outsourcing,6930,6860,-70
2024-11-01,BR10,Retail Banking Ops,Training,1980,2180,200
2024-11-01,BR10,Retail Banking Ops,Other,2970,3060,90
2024-11-01,BR10,KYC & Onboarding,Staff,24500,26230,1730
2024-11-01,BR10,KYC & Onboarding,Technology & Systems,6680,8050,1370
2024-11-01,BR10,KYC & Onboarding,Screening & Data Vendors,2670,2810,140
2024-11-01,BR10,KYC & Onboarding,Premises,5350,5980,630
2024-11-01,BR10,KYC & Onboarding,Outsourcing,3120,3110,-10
2024-11-01,BR10,KYC & Onboarding,Training,890,930,40
2024-11-01,BR10,KYC & Onboarding,Other,1340,1490,150
2024-11-01,BR10,AML & Financial Crime,Staff,27230,31090,3860
2024-11-01,BR10,AML & Financial Crime,Technology & Systems,7430,8050,620
2024-11-01,BR10,AML & Financial Crime,Screening & Data Vendors,2970,3590,620
2024-11-01,BR10,AML & Financial Crime,Premises,5940,6220,280
2024-11-01,BR10,AML & Financial Crime,Outsourcing,3470,3710,240
2024-11-01,BR10,AML & Financial Crime,Training,990,1050,60
2024-11-01,BR10,AML & Financial Crime,Other,1490,1640,150
2024-11-01,BR10,Payments Ops,Staff,19060,21460,2400
2024-11-01,BR10,Payments Ops,Technology & Systems,5200,5880,680
2024-11-01,BR10,Payments Ops,Screening & Data Vendors,2080,2050,-30
2024-11-01,BR10,Payments Ops,Premises,4160,4100,-60
2024-11-01,BR10,Payments Ops,Outsourcing,2430,2280,-150
2024-11-01,BR10,Payments Ops,Training,690,750,60
2024-11-01,BR10,Payments Ops,Other,1040,1160,120
2024-11-01,BR10,IT & Technology,Staff,32670,33770,1100
2024-11-01,BR10,IT & Technology,Technology & Systems,8910,9360,450
2024-11-01,BR10,IT & Technology,Screening & Data Vendors,3560,3820,260
2024-11-01,BR10,IT & Technology,Premises,7130,6990,-140
2024-11-01,BR10,IT & Technology,Outsourcing,4160,4310,150
2024-11-01,BR10,IT & Technology,Training,1190,1160,-30
2024-11-01,BR10,IT & Technology,Other,1780,1930,150
2024-11-01,BR10,Compliance,Staff,16340,16970,630
2024-11-01,BR10,Compliance,Technology & Systems,4460,4570,110
2024-11-01,BR10,Compliance,Screening & Data Vendors,1780,1850,70
2024-11-01,BR10,Compliance,Premises,3560,3610,50
2024-11-01,BR10,Compliance,Outsourcing,2080,2180,100
2024-11-01,BR10,Compliance,Training,590,600,10
2024-11-01,BR10,Compliance,Other,890,990,100
2024-12-01,BR10,Retail Banking Ops,Staff,54450,53000,-1450
2024-12-01,BR10,Retail Banking Ops,Technology & Systems,14850,16810,1960
2024-12-01,BR10,Retail Banking Ops,Screening & Data Vendors,5940,6340,400
2024-12-01,BR10,Retail Banking Ops,Premises,11880,12880,1000
2024-12-01,BR10,Retail Banking Ops,Outsourcing,6930,6260,-670
2024-12-01,BR10,Retail Banking Ops,Training,1980,2060,80
2024-12-01,BR10,Retail Banking Ops,Other,2970,2880,-90
2024-12-01,BR10,KYC & Onboarding,Staff,24500,27560,3060
2024-12-01,BR10,KYC & Onboarding,Technology & Systems,6680,6870,190
2024-12-01,BR10,KYC & Onboarding,Screening & Data Vendors,2670,3160,490
2024-12-01,BR10,KYC & Onboarding,Premises,5350,6270,920
2024-12-01,BR10,KYC & Onboarding,Outsourcing,3120,3530,410
2024-12-01,BR10,KYC & Onboarding,Training,890,950,60
2024-12-01,BR10,KYC & Onboarding,Other,1340,1510,170
2024-12-01,BR10,AML & Financial Crime,Staff,27230,30370,3140
2024-12-01,BR10,AML & Financial Crime,Technology & Systems,7430,7620,190
2024-12-01,BR10,AML & Financial Crime,Screening & Data Vendors,2970,3350,380
2024-12-01,BR10,AML & Financial Crime,Premises,5940,6370,430
2024-12-01,BR10,AML & Financial Crime,Outsourcing,3470,3970,500
2024-12-01,BR10,AML & Financial Crime,Training,990,1160,170
2024-12-01,BR10,AML & Financial Crime,Other,1490,1580,90
2024-12-01,BR10,Payments Ops,Staff,19060,18830,-230
2024-12-01,BR10,Payments Ops,Technology & Systems,5200,5540,340
2024-12-01,BR10,Payments Ops,Screening & Data Vendors,2080,2040,-40
2024-12-01,BR10,Payments Ops,Premises,4160,4470,310
2024-12-01,BR10,Payments Ops,Outsourcing,2430,2550,120
2024-12-01,BR10,Payments Ops,Training,690,720,30
2024-12-01,BR10,Payments Ops,Other,1040,1110,70
2024-12-01,BR10,IT & Technology,Staff,32670,33650,980
2024-12-01,BR10,IT & Technology,Technology & Systems,8910,8590,-320
2024-12-01,BR10,IT & Technology,Screening & Data Vendors,3560,3550,-10
2024-12-01,BR10,IT & Technology,Premises,7130,7850,720
2024-12-01,BR10,IT & Technology,Outsourcing,4160,4390,230
2024-12-01,BR10,IT & Technology,Training,1190,1290,100
2024-12-01,BR10,IT & Technology,Other,1780,1870,90
2024-12-01,BR10,Compliance,Staff,16340,16550,210
2024-12-01,BR10,Compliance,Technology & Systems,4460,4810,350
2024-12-01,BR10,Compliance,Screening & Data Vendors,1780,1890,110
2024-12-01,BR10,Compliance,Premises,3560,3520,-40
2024-12-01,BR10,Compliance,Outsourcing,2080,2310,230
2024-12-01,BR10,Compliance,Training,590,660,70
2024-12-01,BR10,Compliance,Other,890,890,0
2025-01-01,BR10,Retail Banking Ops,Staff,54450,58020,3570
2025-01-01,BR10,Retail Banking Ops,Technology & Systems,14850,16220,1370
2025-01-01,BR10,Retail Banking Ops,Screening & Data Vendors,5940,6220,280
2025-01-01,BR10,Retail Banking Ops,Premises,11880,13740,1860
2025-01-01,BR10,Retail Banking Ops,Outsourcing,6930,7150,220
2025-01-01,BR10,Retail Banking Ops,Training,1980,2080,100
2025-01-01,BR10,Retail Banking Ops,Other,2970,3490,520
2025-01-01,BR10,KYC & Onboarding,Staff,24500,26260,1760
2025-01-01,BR10,KYC & Onboarding,Technology & Systems,6680,7570,890
2025-01-01,BR10,KYC & Onboarding,Screening & Data Vendors,2670,3100,430
2025-01-01,BR10,KYC & Onboarding,Premises,5350,6250,900
2025-01-01,BR10,KYC & Onboarding,Outsourcing,3120,3390,270
2025-01-01,BR10,KYC & Onboarding,Training,890,1070,180
2025-01-01,BR10,KYC & Onboarding,Other,1340,1500,160
2025-01-01,BR10,AML & Financial Crime,Staff,27230,29870,2640
2025-01-01,BR10,AML & Financial Crime,Technology & Systems,7430,8790,1360
2025-01-01,BR10,AML & Financial Crime,Screening & Data Vendors,2970,3150,180
2025-01-01,BR10,AML & Financial Crime,Premises,5940,6720,780
2025-01-01,BR10,AML & Financial Crime,Outsourcing,3470,3870,400
2025-01-01,BR10,AML & Financial Crime,Training,990,1110,120
2025-01-01,BR10,AML & Financial Crime,Other,1490,1750,260
2025-01-01,BR10,Payments Ops,Staff,19060,19610,550
2025-01-01,BR10,Payments Ops,Technology & Systems,5200,5250,50
2025-01-01,BR10,Payments Ops,Screening & Data Vendors,2080,2060,-20
2025-01-01,BR10,Payments Ops,Premises,4160,4700,540
2025-01-01,BR10,Payments Ops,Outsourcing,2430,2330,-100
2025-01-01,BR10,Payments Ops,Training,690,730,40
2025-01-01,BR10,Payments Ops,Other,1040,1120,80
2025-01-01,BR10,IT & Technology,Staff,32670,34250,1580
2025-01-01,BR10,IT & Technology,Technology & Systems,8910,9380,470
2025-01-01,BR10,IT & Technology,Screening & Data Vendors,3560,3750,190
2025-01-01,BR10,IT & Technology,Premises,7130,7330,200
2025-01-01,BR10,IT & Technology,Outsourcing,4160,4510,350
2025-01-01,BR10,IT & Technology,Training,1190,1100,-90
2025-01-01,BR10,IT & Technology,Other,1780,1930,150
2025-01-01,BR10,Compliance,Staff,16340,18480,2140
2025-01-01,BR10,Compliance,Technology & Systems,4460,4630,170
2025-01-01,BR10,Compliance,Screening & Data Vendors,1780,1930,150
2025-01-01,BR10,Compliance,Premises,3560,3660,100
2025-01-01,BR10,Compliance,Outsourcing,2080,2210,130
2025-01-01,BR10,Compliance,Training,590,590,0
2025-01-01,BR10,Compliance,Other,890,930,40
2025-02-01,BR10,Retail Banking Ops,Staff,54450,59950,5500
2025-02-01,BR10,Retail Banking Ops,Technology & Systems,14850,14130,-720
2025-02-01,BR10,Retail Banking Ops,Screening & Data Vendors,5940,6080,140
2025-02-01,BR10,Retail Banking Ops,Premises,11880,12130,250
2025-02-01,BR10,Retail Banking Ops,Outsourcing,6930,8210,1280
2025-02-01,BR10,Retail Banking Ops,Training,1980,2150,170
2025-02-01,BR10,Retail Banking Ops,Other,2970,3090,120
2025-02-01,BR10,KYC & Onboarding,Staff,24500,30530,6030
2025-02-01,BR10,KYC & Onboarding,Technology & Systems,6680,8030,1350
2025-02-01,BR10,KYC & Onboarding,Screening & Data Vendors,2670,2960,290
2025-02-01,BR10,KYC & Onboarding,Premises,5350,6110,760
2025-02-01,BR10,KYC & Onboarding,Outsourcing,3120,3800,680
2025-02-01,BR10,KYC & Onboarding,Training,890,1070,180
2025-02-01,BR10,KYC & Onboarding,Other,1340,1520,180
2025-02-01,BR10,AML & Financial Crime,Staff,27230,32000,4770
2025-02-01,BR10,AML & Financial Crime,Technology & Systems,7430,8650,1220
2025-02-01,BR10,AML & Financial Crime,Screening & Data Vendors,2970,3530,560
2025-02-01,BR10,AML & Financial Crime,Premises,5940,6540,600
2025-02-01,BR10,AML & Financial Crime,Outsourcing,3470,3770,300
2025-02-01,BR10,AML & Financial Crime,Training,990,1130,140
2025-02-01,BR10,AML & Financial Crime,Other,1490,1560,70
2025-02-01,BR10,Payments Ops,Staff,19060,21830,2770
2025-02-01,BR10,Payments Ops,Technology & Systems,5200,5560,360
2025-02-01,BR10,Payments Ops,Screening & Data Vendors,2080,2100,20
2025-02-01,BR10,Payments Ops,Premises,4160,4320,160
2025-02-01,BR10,Payments Ops,Outsourcing,2430,2340,-90
2025-02-01,BR10,Payments Ops,Training,690,720,30
2025-02-01,BR10,Payments Ops,Other,1040,1170,130
2025-02-01,BR10,IT & Technology,Staff,32670,31350,-1320
2025-02-01,BR10,IT & Technology,Technology & Systems,8910,8760,-150
2025-02-01,BR10,IT & Technology,Screening & Data Vendors,3560,3740,180
2025-02-01,BR10,IT & Technology,Premises,7130,8070,940
2025-02-01,BR10,IT & Technology,Outsourcing,4160,4440,280
2025-02-01,BR10,IT & Technology,Training,1190,1180,-10
2025-02-01,BR10,IT & Technology,Other,1780,1870,90
2025-02-01,BR10,Compliance,Staff,16340,16960,620
2025-02-01,BR10,Compliance,Technology & Systems,4460,4530,70
2025-02-01,BR10,Compliance,Screening & Data Vendors,1780,1760,-20
2025-02-01,BR10,Compliance,Premises,3560,3730,170
2025-02-01,BR10,Compliance,Outsourcing,2080,2130,50
2025-02-01,BR10,Compliance,Training,590,600,10
2025-02-01,BR10,Compliance,Other,890,930,40
2025-03-01,BR10,Retail Banking Ops,Staff,54450,58300,3850
2025-03-01,BR10,Retail Banking Ops,Technology & Systems,14850,15780,930
2025-03-01,BR10,Retail Banking Ops,Screening & Data Vendors,5940,6300,360
2025-03-01,BR10,Retail Banking Ops,Premises,11880,13470,1590
2025-03-01,BR10,Retail Banking Ops,Outsourcing,6930,7870,940
2025-03-01,BR10,Retail Banking Ops,Training,1980,2180,200
2025-03-01,BR10,Retail Banking Ops,Other,2970,3370,400
2025-03-01,BR10,KYC & Onboarding,Staff,24500,31900,7400
2025-03-01,BR10,KYC & Onboarding,Technology & Systems,6680,7560,880
2025-03-01,BR10,KYC & Onboarding,Screening & Data Vendors,2670,3290,620
2025-03-01,BR10,KYC & Onboarding,Premises,5350,6050,700
2025-03-01,BR10,KYC & Onboarding,Outsourcing,3120,3780,660
2025-03-01,BR10,KYC & Onboarding,Training,890,1070,180
2025-03-01,BR10,KYC & Onboarding,Other,1340,1570,230
2025-03-01,BR10,AML & Financial Crime,Staff,27230,32380,5150
2025-03-01,BR10,AML & Financial Crime,Technology & Systems,7430,9030,1600
2025-03-01,BR10,AML & Financial Crime,Screening & Data Vendors,2970,3500,530
2025-03-01,BR10,AML & Financial Crime,Premises,5940,7170,1230
2025-03-01,BR10,AML & Financial Crime,Outsourcing,3470,3900,430
2025-03-01,BR10,AML & Financial Crime,Training,990,1160,170
2025-03-01,BR10,AML & Financial Crime,Other,1490,1670,180
2025-03-01,BR10,Payments Ops,Staff,19060,18770,-290
2025-03-01,BR10,Payments Ops,Technology & Systems,5200,5590,390
2025-03-01,BR10,Payments Ops,Screening & Data Vendors,2080,2280,200
2025-03-01,BR10,Payments Ops,Premises,4160,4360,200
2025-03-01,BR10,Payments Ops,Outsourcing,2430,2600,170
2025-03-01,BR10,Payments Ops,Training,690,840,150
2025-03-01,BR10,Payments Ops,Other,1040,1110,70
2025-03-01,BR10,IT & Technology,Staff,32670,36920,4250
2025-03-01,BR10,IT & Technology,Technology & Systems,8910,9670,760
2025-03-01,BR10,IT & Technology,Screening & Data Vendors,3560,3780,220
2025-03-01,BR10,IT & Technology,Premises,7130,7320,190
2025-03-01,BR10,IT & Technology,Outsourcing,4160,4260,100
2025-03-01,BR10,IT & Technology,Training,1190,1140,-50
2025-03-01,BR10,IT & Technology,Other,1780,1840,60
2025-03-01,BR10,Compliance,Staff,16340,15540,-800
2025-03-01,BR10,Compliance,Technology & Systems,4460,4840,380
2025-03-01,BR10,Compliance,Screening & Data Vendors,1780,1930,150
2025-03-01,BR10,Compliance,Premises,3560,3860,300
2025-03-01,BR10,Compliance,Outsourcing,2080,2190,110
2025-03-01,BR10,Compliance,Training,590,630,40
2025-03-01,BR10,Compliance,Other,890,940,50
2025-04-01,BR10,Retail Banking Ops,Staff,54450,59320,4870
2025-04-01,BR10,Retail Banking Ops,Technology & Systems,14850,16200,1350
2025-04-01,BR10,Retail Banking Ops,Screening & Data Vendors,5940,6080,140
2025-04-01,BR10,Retail Banking Ops,Premises,11880,13620,1740
2025-04-01,BR10,Retail Banking Ops,Outsourcing,6930,7600,670
2025-04-01,BR10,Retail Banking Ops,Training,1980,2000,20
2025-04-01,BR10,Retail Banking Ops,Other,2970,3240,270
2025-04-01,BR10,KYC & Onboarding,Staff,24500,30290,5790
2025-04-01,BR10,KYC & Onboarding,Technology & Systems,6680,7320,640
2025-04-01,BR10,KYC & Onboarding,Screening & Data Vendors,2670,2730,60
2025-04-01,BR10,KYC & Onboarding,Premises,5350,5850,500
2025-04-01,BR10,KYC & Onboarding,Outsourcing,3120,3950,830
2025-04-01,BR10,KYC & Onboarding,Training,890,980,90
2025-04-01,BR10,KYC & Onboarding,Other,1340,1600,260
2025-04-01,BR10,AML & Financial Crime,Staff,27230,31420,4190
2025-04-01,BR10,AML & Financial Crime,Technology & Systems,7430,9600,2170
2025-04-01,BR10,AML & Financial Crime,Screening & Data Vendors,2970,3660,690
2025-04-01,BR10,AML & Financial Crime,Premises,5940,7030,1090
2025-04-01,BR10,AML & Financial Crime,Outsourcing,3470,3940,470
2025-04-01,BR10,AML & Financial Crime,Training,990,1210,220
2025-04-01,BR10,AML & Financial Crime,Other,1490,1560,70
2025-04-01,BR10,Payments Ops,Staff,19060,19540,480
2025-04-01,BR10,Payments Ops,Technology & Systems,5200,5610,410
2025-04-01,BR10,Payments Ops,Screening & Data Vendors,2080,2030,-50
2025-04-01,BR10,Payments Ops,Premises,4160,4420,260
2025-04-01,BR10,Payments Ops,Outsourcing,2430,2370,-60
2025-04-01,BR10,Payments Ops,Training,690,750,60
2025-04-01,BR10,Payments Ops,Other,1040,1090,50
2025-04-01,BR10,IT & Technology,Staff,32670,34420,1750
2025-04-01,BR10,IT & Technology,Technology & Systems,8910,9620,710
2025-04-01,BR10,IT & Technology,Screening & Data Vendors,3560,3770,210
2025-04-01,BR10,IT & Technology,Premises,7130,7870,740
2025-04-01,BR10,IT & Technology,Outsourcing,4160,4190,30
2025-04-01,BR10,IT & Technology,Training,1190,1160,-30
2025-04-01,BR10,IT & Technology,Other,1780,2040,260
2025-04-01,BR10,Compliance,Staff,16340,16640,300
2025-04-01,BR10,Compliance,Technology & Systems,4460,4670,210
2025-04-01,BR10,Compliance,Screening & Data Vendors,1780,1960,180
2025-04-01,BR10,Compliance,Premises,3560,3650,90
2025-04-01,BR10,Compliance,Outsourcing,2080,2050,-30
2025-04-01,BR10,Compliance,Training,590,630,40
2025-04-01,BR10,Compliance,Other,890,900,10
2025-05-01,BR10,Retail Banking Ops,Staff,54450,63480,9030
2025-05-01,BR10,Retail Banking Ops,Technology & Systems,14850,16090,1240
2025-05-01,BR10,Retail Banking Ops,Screening & Data Vendors,5940,6800,860
2025-05-01,BR10,Retail Banking Ops,Premises,11880,12520,640
2025-05-01,BR10,Retail Banking Ops,Outsourcing,6930,7620,690
2025-05-01,BR10,Retail Banking Ops,Training,1980,2070,90
2025-05-01,BR10,Retail Banking Ops,Other,2970,3060,90
2025-05-01,BR10,KYC & Onboarding,Staff,24500,26900,2400
2025-05-01,BR10,KYC & Onboarding,Technology & Systems,6680,8060,1380
2025-05-01,BR10,KYC & Onboarding,Screening & Data Vendors,2670,3220,550
2025-05-01,BR10,KYC & Onboarding,Premises,5350,6060,710
2025-05-01,BR10,KYC & Onboarding,Outsourcing,3120,3540,420
2025-05-01,BR10,KYC & Onboarding,Training,890,1080,190
2025-05-01,BR10,KYC & Onboarding,Other,1340,1530,190
2025-05-01,BR10,AML & Financial Crime,Staff,27230,31340,4110
2025-05-01,BR10,AML & Financial Crime,Technology & Systems,7430,9560,2130
2025-05-01,BR10,AML & Financial Crime,Screening & Data Vendors,2970,3470,500
2025-05-01,BR10,AML & Financial Crime,Premises,5940,6690,750
2025-05-01,BR10,AML & Financial Crime,Outsourcing,3470,3940,470
2025-05-01,BR10,AML & Financial Crime,Training,990,1240,250
2025-05-01,BR10,AML & Financial Crime,Other,1490,1740,250
2025-05-01,BR10,Payments Ops,Staff,19060,20140,1080
2025-05-01,BR10,Payments Ops,Technology & Systems,5200,5130,-70
2025-05-01,BR10,Payments Ops,Screening & Data Vendors,2080,1970,-110
2025-05-01,BR10,Payments Ops,Premises,4160,4600,440
2025-05-01,BR10,Payments Ops,Outsourcing,2430,2370,-60
2025-05-01,BR10,Payments Ops,Training,690,730,40
2025-05-01,BR10,Payments Ops,Other,1040,1060,20
2025-05-01,BR10,IT & Technology,Staff,32670,36080,3410
2025-05-01,BR10,IT & Technology,Technology & Systems,8910,9410,500
2025-05-01,BR10,IT & Technology,Screening & Data Vendors,3560,3970,410
2025-05-01,BR10,IT & Technology,Premises,7130,7710,580
2025-05-01,BR10,IT & Technology,Outsourcing,4160,4560,400
2025-05-01,BR10,IT & Technology,Training,1190,1310,120
2025-05-01,BR10,IT & Technology,Other,1780,1980,200
2025-05-01,BR10,Compliance,Staff,16340,18680,2340
2025-05-01,BR10,Compliance,Technology & Systems,4460,4750,290
2025-05-01,BR10,Compliance,Screening & Data Vendors,1780,1760,-20
2025-05-01,BR10,Compliance,Premises,3560,3820,260
2025-05-01,BR10,Compliance,Outsourcing,2080,2230,150
2025-05-01,BR10,Compliance,Training,590,640,50
2025-05-01,BR10,Compliance,Other,890,910,20
2025-06-01,BR10,Retail Banking Ops,Staff,54450,59880,5430
2025-06-01,BR10,Retail Banking Ops,Technology & Systems,14850,15200,350
2025-06-01,BR10,Retail Banking Ops,Screening & Data Vendors,5940,6740,800
2025-06-01,BR10,Retail Banking Ops,Premises,11880,13390,1510
2025-06-01,BR10,Retail Banking Ops,Outsourcing,6930,7950,1020
2025-06-01,BR10,Retail Banking Ops,Training,1980,2100,120
2025-06-01,BR10,Retail Banking Ops,Other,2970,2980,10
2025-06-01,BR10,KYC & Onboarding,Staff,24500,29230,4730
2025-06-01,BR10,KYC & Onboarding,Technology & Systems,6680,8170,1490
2025-06-01,BR10,KYC & Onboarding,Screening & Data Vendors,2670,2930,260
2025-06-01,BR10,KYC & Onboarding,Premises,5350,5990,640
2025-06-01,BR10,KYC & Onboarding,Outsourcing,3120,3930,810
2025-06-01,BR10,KYC & Onboarding,Training,890,1130,240
2025-06-01,BR10,KYC & Onboarding,Other,1340,1630,290
2025-06-01,BR10,AML & Financial Crime,Staff,27230,32260,5030
2025-06-01,BR10,AML & Financial Crime,Technology & Systems,7430,8280,850
2025-06-01,BR10,AML & Financial Crime,Screening & Data Vendors,2970,3620,650
2025-06-01,BR10,AML & Financial Crime,Premises,5940,6700,760
2025-06-01,BR10,AML & Financial Crime,Outsourcing,3470,4550,1080
2025-06-01,BR10,AML & Financial Crime,Training,990,1250,260
2025-06-01,BR10,AML & Financial Crime,Other,1490,1690,200
2025-06-01,BR10,Payments Ops,Staff,19060,20870,1810
2025-06-01,BR10,Payments Ops,Technology & Systems,5200,5370,170
2025-06-01,BR10,Payments Ops,Screening & Data Vendors,2080,2260,180
2025-06-01,BR10,Payments Ops,Premises,4160,4680,520
2025-06-01,BR10,Payments Ops,Outsourcing,2430,2620,190
2025-06-01,BR10,Payments Ops,Training,690,740,50
2025-06-01,BR10,Payments Ops,Other,1040,1150,110
2025-06-01,BR10,IT & Technology,Staff,32670,36380,3710
2025-06-01,BR10,IT & Technology,Technology & Systems,8910,9010,100
2025-06-01,BR10,IT & Technology,Screening & Data Vendors,3560,3750,190
2025-06-01,BR10,IT & Technology,Premises,7130,7640,510
2025-06-01,BR10,IT & Technology,Outsourcing,4160,4480,320
2025-06-01,BR10,IT & Technology,Training,1190,1390,200
2025-06-01,BR10,IT & Technology,Other,1780,1880,100
2025-06-01,BR10,Compliance,Staff,16340,17230,890
2025-06-01,BR10,Compliance,Technology & Systems,4460,4610,150
2025-06-01,BR10,Compliance,Screening & Data Vendors,1780,1940,160
2025-06-01,BR10,Compliance,Premises,3560,3500,-60
2025-06-01,BR10,Compliance,Outsourcing,2080,2210,130
2025-06-01,BR10,Compliance,Training,590,650,60
2025-06-01,BR10,Compliance,Other,890,990,100
2025-07-01,BR10,Retail Banking Ops,Staff,54450,60300,5850
2025-07-01,BR10,Retail Banking Ops,Technology & Systems,14850,15680,830
2025-07-01,BR10,Retail Banking Ops,Screening & Data Vendors,5940,6290,350
2025-07-01,BR10,Retail Banking Ops,Premises,11880,12880,1000
2025-07-01,BR10,Retail Banking Ops,Outsourcing,6930,7430,500
2025-07-01,BR10,Retail Banking Ops,Training,1980,2120,140
2025-07-01,BR10,Retail Banking Ops,Other,2970,3070,100
2025-07-01,BR10,KYC & Onboarding,Staff,24500,28980,4480
2025-07-01,BR10,KYC & Onboarding,Technology & Systems,6680,7250,570
2025-07-01,BR10,KYC & Onboarding,Screening & Data Vendors,2670,3220,550
2025-07-01,BR10,KYC & Onboarding,Premises,5350,6150,800
2025-07-01,BR10,KYC & Onboarding,Outsourcing,3120,3750,630
2025-07-01,BR10,KYC & Onboarding,Training,890,1070,180
2025-07-01,BR10,KYC & Onboarding,Other,1340,1610,270
2025-07-01,BR10,AML & Financial Crime,Staff,27230,31480,4250
2025-07-01,BR10,AML & Financial Crime,Technology & Systems,7430,9390,1960
2025-07-01,BR10,AML & Financial Crime,Screening & Data Vendors,2970,3250,280
2025-07-01,BR10,AML & Financial Crime,Premises,5940,7470,1530
2025-07-01,BR10,AML & Financial Crime,Outsourcing,3470,4150,680
2025-07-01,BR10,AML & Financial Crime,Training,990,1140,150
2025-07-01,BR10,AML & Financial Crime,Other,1490,1860,370
2025-07-01,BR10,Payments Ops,Staff,19060,21630,2570
2025-07-01,BR10,Payments Ops,Technology & Systems,5200,5420,220
2025-07-01,BR10,Payments Ops,Screening & Data Vendors,2080,2500,420
2025-07-01,BR10,Payments Ops,Premises,4160,4440,280
2025-07-01,BR10,Payments Ops,Outsourcing,2430,2510,80
2025-07-01,BR10,Payments Ops,Training,690,730,40
2025-07-01,BR10,Payments Ops,Other,1040,1040,0
2025-07-01,BR10,IT & Technology,Staff,32670,33420,750
2025-07-01,BR10,IT & Technology,Technology & Systems,8910,8840,-70
2025-07-01,BR10,IT & Technology,Screening & Data Vendors,3560,4040,480
2025-07-01,BR10,IT & Technology,Premises,7130,7660,530
2025-07-01,BR10,IT & Technology,Outsourcing,4160,4440,280
2025-07-01,BR10,IT & Technology,Training,1190,1200,10
2025-07-01,BR10,IT & Technology,Other,1780,1870,90
2025-07-01,BR10,Compliance,Staff,16340,16190,-150
2025-07-01,BR10,Compliance,Technology & Systems,4460,4580,120
2025-07-01,BR10,Compliance,Screening & Data Vendors,1780,1840,60
2025-07-01,BR10,Compliance,Premises,3560,4020,460
2025-07-01,BR10,Compliance,Outsourcing,2080,2180,100
2025-07-01,BR10,Compliance,Training,590,680,90
2025-07-01,BR10,Compliance,Other,890,900,10
2025-08-01,BR10,Retail Banking Ops,Staff,54450,56730,2280
2025-08-01,BR10,Retail Banking Ops,Technology & Systems,14850,16340,1490
2025-08-01,BR10,Retail Banking Ops,Screening & Data Vendors,5940,6360,420
2025-08-01,BR10,Retail Banking Ops,Premises,11880,12620,740
2025-08-01,BR10,Retail Banking Ops,Outsourcing,6930,7550,620
2025-08-01,BR10,Retail Banking Ops,Training,1980,2100,120
2025-08-01,BR10,Retail Banking Ops,Other,2970,2880,-90
2025-08-01,BR10,KYC & Onboarding,Staff,24500,26340,1840
2025-08-01,BR10,KYC & Onboarding,Technology & Systems,6680,8850,2170
2025-08-01,BR10,KYC & Onboarding,Screening & Data Vendors,2670,3440,770
2025-08-01,BR10,KYC & Onboarding,Premises,5350,6670,1320
2025-08-01,BR10,KYC & Onboarding,Outsourcing,3120,3810,690
2025-08-01,BR10,KYC & Onboarding,Training,890,1070,180
2025-08-01,BR10,KYC & Onboarding,Other,1340,1650,310
2025-08-01,BR10,AML & Financial Crime,Staff,27230,31500,4270
2025-08-01,BR10,AML & Financial Crime,Technology & Systems,7430,8770,1340
2025-08-01,BR10,AML & Financial Crime,Screening & Data Vendors,2970,3740,770
2025-08-01,BR10,AML & Financial Crime,Premises,5940,7450,1510
2025-08-01,BR10,AML & Financial Crime,Outsourcing,3470,4180,710
2025-08-01,BR10,AML & Financial Crime,Training,990,1160,170
2025-08-01,BR10,AML & Financial Crime,Other,1490,1890,400
2025-08-01,BR10,Payments Ops,Staff,19060,19860,800
2025-08-01,BR10,Payments Ops,Technology & Systems,5200,5710,510
2025-08-01,BR10,Payments Ops,Screening & Data Vendors,2080,2470,390
2025-08-01,BR10,Payments Ops,Premises,4160,4580,420
2025-08-01,BR10,Payments Ops,Outsourcing,2430,2620,190
2025-08-01,BR10,Payments Ops,Training,690,710,20
2025-08-01,BR10,Payments Ops,Other,1040,1150,110
2025-08-01,BR10,IT & Technology,Staff,32670,33600,930
2025-08-01,BR10,IT & Technology,Technology & Systems,8910,8900,-10
2025-08-01,BR10,IT & Technology,Screening & Data Vendors,3560,3790,230
2025-08-01,BR10,IT & Technology,Premises,7130,7560,430
2025-08-01,BR10,IT & Technology,Outsourcing,4160,4350,190
2025-08-01,BR10,IT & Technology,Training,1190,1290,100
2025-08-01,BR10,IT & Technology,Other,1780,1950,170
2025-08-01,BR10,Compliance,Staff,16340,18130,1790
2025-08-01,BR10,Compliance,Technology & Systems,4460,4980,520
2025-08-01,BR10,Compliance,Screening & Data Vendors,1780,2040,260
2025-08-01,BR10,Compliance,Premises,3560,3800,240
2025-08-01,BR10,Compliance,Outsourcing,2080,2300,220
2025-08-01,BR10,Compliance,Training,590,580,-10
2025-08-01,BR10,Compliance,Other,890,970,80
2025-09-01,BR10,Retail Banking Ops,Staff,54450,58390,3940
2025-09-01,BR10,Retail Banking Ops,Technology & Systems,14850,14960,110
2025-09-01,BR10,Retail Banking Ops,Screening & Data Vendors,5940,6300,360
2025-09-01,BR10,Retail Banking Ops,Premises,11880,12680,800
2025-09-01,BR10,Retail Banking Ops,Outsourcing,6930,7680,750
2025-09-01,BR10,Retail Banking Ops,Training,1980,2140,160
2025-09-01,BR10,Retail Banking Ops,Other,2970,3180,210
2025-09-01,BR10,KYC & Onboarding,Staff,24500,28320,3820
2025-09-01,BR10,KYC & Onboarding,Technology & Systems,6680,8520,1840
2025-09-01,BR10,KYC & Onboarding,Screening & Data Vendors,2670,3640,970
2025-09-01,BR10,KYC & Onboarding,Premises,5350,6440,1090
2025-09-01,BR10,KYC & Onboarding,Outsourcing,3120,3760,640
2025-09-01,BR10,KYC & Onboarding,Training,890,1100,210
2025-09-01,BR10,KYC & Onboarding,Other,1340,1510,170
2025-09-01,BR10,AML & Financial Crime,Staff,27230,31250,4020
2025-09-01,BR10,AML & Financial Crime,Technology & Systems,7430,9220,1790
2025-09-01,BR10,AML & Financial Crime,Screening & Data Vendors,2970,3750,780
2025-09-01,BR10,AML & Financial Crime,Premises,5940,7150,1210
2025-09-01,BR10,AML & Financial Crime,Outsourcing,3470,4240,770
2025-09-01,BR10,AML & Financial Crime,Training,990,1170,180
2025-09-01,BR10,AML & Financial Crime,Other,1490,1840,350
2025-09-01,BR10,Payments Ops,Staff,19060,20210,1150
2025-09-01,BR10,Payments Ops,Technology & Systems,5200,5560,360
2025-09-01,BR10,Payments Ops,Screening & Data Vendors,2080,2570,490
2025-09-01,BR10,Payments Ops,Premises,4160,4550,390
2025-09-01,BR10,Payments Ops,Outsourcing,2430,2580,150
2025-09-01,BR10,Payments Ops,Training,690,780,90
2025-09-01,BR10,Payments Ops,Other,1040,1060,20
2025-09-01,BR10,IT & Technology,Staff,32670,33180,510
2025-09-01,BR10,IT & Technology,Technology & Systems,8910,9240,330
2025-09-01,BR10,IT & Technology,Screening & Data Vendors,3560,4190,630
2025-09-01,BR10,IT & Technology,Premises,7130,7600,470
2025-09-01,BR10,IT & Technology,Outsourcing,4160,4560,400
2025-09-01,BR10,IT & Technology,Training,1190,1270,80
2025-09-01,BR10,IT & Technology,Other,1780,2030,250
2025-09-01,BR10,Compliance,Staff,16340,17230,890
2025-09-01,BR10,Compliance,Technology & Systems,4460,4600,140
2025-09-01,BR10,Compliance,Screening & Data Vendors,1780,1980,200
2025-09-01,BR10,Compliance,Premises,3560,3730,170
2025-09-01,BR10,Compliance,Outsourcing,2080,2220,140
2025-09-01,BR10,Compliance,Training,590,640,50
2025-09-01,BR10,Compliance,Other,890,970,80
2025-10-01,BR10,Retail Banking Ops,Staff,54450,59660,5210
2025-10-01,BR10,Retail Banking Ops,Technology & Systems,14850,14620,-230
2025-10-01,BR10,Retail Banking Ops,Screening & Data Vendors,5940,6060,120
2025-10-01,BR10,Retail Banking Ops,Premises,11880,12310,430
2025-10-01,BR10,Retail Banking Ops,Outsourcing,6930,7730,800
2025-10-01,BR10,Retail Banking Ops,Training,1980,2230,250
2025-10-01,BR10,Retail Banking Ops,Other,2970,3230,260
2025-10-01,BR10,KYC & Onboarding,Staff,24500,27780,3280
2025-10-01,BR10,KYC & Onboarding,Technology & Systems,6680,8360,1680
2025-10-01,BR10,KYC & Onboarding,Screening & Data Vendors,2670,3450,780
2025-10-01,BR10,KYC & Onboarding,Premises,5350,6750,1400
2025-10-01,BR10,KYC & Onboarding,Outsourcing,3120,3990,870
2025-10-01,BR10,KYC & Onboarding,Training,890,1030,140
2025-10-01,BR10,KYC & Onboarding,Other,1340,1600,260
2025-10-01,BR10,AML & Financial Crime,Staff,27230,36060,8830
2025-10-01,BR10,AML & Financial Crime,Technology & Systems,7430,8710,1280
2025-10-01,BR10,AML & Financial Crime,Screening & Data Vendors,2970,3640,670
2025-10-01,BR10,AML & Financial Crime,Premises,5940,6670,730
2025-10-01,BR10,AML & Financial Crime,Outsourcing,3470,4080,610
2025-10-01,BR10,AML & Financial Crime,Training,990,1130,140
2025-10-01,BR10,AML & Financial Crime,Other,1490,1720,230
2025-10-01,BR10,Payments Ops,Staff,19060,21110,2050
2025-10-01,BR10,Payments Ops,Technology & Systems,5200,5860,660
2025-10-01,BR10,Payments Ops,Screening & Data Vendors,2080,2370,290
2025-10-01,BR10,Payments Ops,Premises,4160,4430,270
2025-10-01,BR10,Payments Ops,Outsourcing,2430,2620,190
2025-10-01,BR10,Payments Ops,Training,690,750,60
2025-10-01,BR10,Payments Ops,Other,1040,1210,170
2025-10-01,BR10,IT & Technology,Staff,32670,37810,5140
2025-10-01,BR10,IT & Technology,Technology & Systems,8910,9960,1050
2025-10-01,BR10,IT & Technology,Screening & Data Vendors,3560,3890,330
2025-10-01,BR10,IT & Technology,Premises,7130,7770,640
2025-10-01,BR10,IT & Technology,Outsourcing,4160,4550,390
2025-10-01,BR10,IT & Technology,Training,1190,1220,30
2025-10-01,BR10,IT & Technology,Other,1780,1950,170
2025-10-01,BR10,Compliance,Staff,16340,16260,-80
2025-10-01,BR10,Compliance,Technology & Systems,4460,4810,350
2025-10-01,BR10,Compliance,Screening & Data Vendors,1780,1910,130
2025-10-01,BR10,Compliance,Premises,3560,3730,170
2025-10-01,BR10,Compliance,Outsourcing,2080,2240,160
2025-10-01,BR10,Compliance,Training,590,700,110
2025-10-01,BR10,Compliance,Other,890,930,40
2025-11-01,BR10,Retail Banking Ops,Staff,54450,60320,5870
2025-11-01,BR10,Retail Banking Ops,Technology & Systems,14850,16730,1880
2025-11-01,BR10,Retail Banking Ops,Screening & Data Vendors,5940,5850,-90
2025-11-01,BR10,Retail Banking Ops,Premises,11880,13480,1600
2025-11-01,BR10,Retail Banking Ops,Outsourcing,6930,7310,380
2025-11-01,BR10,Retail Banking Ops,Training,1980,2070,90
2025-11-01,BR10,Retail Banking Ops,Other,2970,3300,330
2025-11-01,BR10,KYC & Onboarding,Staff,24500,30730,6230
2025-11-01,BR10,KYC & Onboarding,Technology & Systems,6680,8710,2030
2025-11-01,BR10,KYC & Onboarding,Screening & Data Vendors,2670,3130,460
2025-11-01,BR10,KYC & Onboarding,Premises,5350,6230,880
2025-11-01,BR10,KYC & Onboarding,Outsourcing,3120,3740,620
2025-11-01,BR10,KYC & Onboarding,Training,890,1140,250
2025-11-01,BR10,KYC & Onboarding,Other,1340,1620,280
2025-11-01,BR10,AML & Financial Crime,Staff,27230,29310,2080
2025-11-01,BR10,AML & Financial Crime,Technology & Systems,7430,9020,1590
2025-11-01,BR10,AML & Financial Crime,Screening & Data Vendors,2970,3600,630
2025-11-01,BR10,AML & Financial Crime,Premises,5940,6990,1050
2025-11-01,BR10,AML & Financial Crime,Outsourcing,3470,4370,900
2025-11-01,BR10,AML & Financial Crime,Training,990,1230,240
2025-11-01,BR10,AML & Financial Crime,Other,1490,1850,360
2025-11-01,BR10,Payments Ops,Staff,19060,20260,1200
2025-11-01,BR10,Payments Ops,Technology & Systems,5200,5480,280
2025-11-01,BR10,Payments Ops,Screening & Data Vendors,2080,2140,60
2025-11-01,BR10,Payments Ops,Premises,4160,4620,460
2025-11-01,BR10,Payments Ops,Outsourcing,2430,2780,350
2025-11-01,BR10,Payments Ops,Training,690,770,80
2025-11-01,BR10,Payments Ops,Other,1040,1120,80
2025-11-01,BR10,IT & Technology,Staff,32670,35430,2760
2025-11-01,BR10,IT & Technology,Technology & Systems,8910,9580,670
2025-11-01,BR10,IT & Technology,Screening & Data Vendors,3560,3960,400
2025-11-01,BR10,IT & Technology,Premises,7130,7850,720
2025-11-01,BR10,IT & Technology,Outsourcing,4160,4680,520
2025-11-01,BR10,IT & Technology,Training,1190,1370,180
2025-11-01,BR10,IT & Technology,Other,1780,1930,150
2025-11-01,BR10,Compliance,Staff,16340,17250,910
2025-11-01,BR10,Compliance,Technology & Systems,4460,4310,-150
2025-11-01,BR10,Compliance,Screening & Data Vendors,1780,2020,240
2025-11-01,BR10,Compliance,Premises,3560,3700,140
2025-11-01,BR10,Compliance,Outsourcing,2080,2250,170
2025-11-01,BR10,Compliance,Training,590,640,50
2025-11-01,BR10,Compliance,Other,890,840,-50
2025-12-01,BR10,Retail Banking Ops,Staff,54450,62520,8070
2025-12-01,BR10,Retail Banking Ops,Technology & Systems,14850,17130,2280
2025-12-01,BR10,Retail Banking Ops,Screening & Data Vendors,5940,6570,630
2025-12-01,BR10,Retail Banking Ops,Premises,11880,12210,330
2025-12-01,BR10,Retail Banking Ops,Outsourcing,6930,7550,620
2025-12-01,BR10,Retail Banking Ops,Training,1980,2230,250
2025-12-01,BR10,Retail Banking Ops,Other,2970,3160,190
2025-12-01,BR10,KYC & Onboarding,Staff,24500,32890,8390
2025-12-01,BR10,KYC & Onboarding,Technology & Systems,6680,8310,1630
2025-12-01,BR10,KYC & Onboarding,Screening & Data Vendors,2670,3540,870
2025-12-01,BR10,KYC & Onboarding,Premises,5350,6330,980
2025-12-01,BR10,KYC & Onboarding,Outsourcing,3120,4080,960
2025-12-01,BR10,KYC & Onboarding,Training,890,1140,250
2025-12-01,BR10,KYC & Onboarding,Other,1340,1600,260
2025-12-01,BR10,AML & Financial Crime,Staff,27230,33900,6670
2025-12-01,BR10,AML & Financial Crime,Technology & Systems,7430,9530,2100
2025-12-01,BR10,AML & Financial Crime,Screening & Data Vendors,2970,3460,490
2025-12-01,BR10,AML & Financial Crime,Premises,5940,6640,700
2025-12-01,BR10,AML & Financial Crime,Outsourcing,3470,4000,530
2025-12-01,BR10,AML & Financial Crime,Training,990,1200,210
2025-12-01,BR10,AML & Financial Crime,Other,1490,1820,330
2025-12-01,BR10,Payments Ops,Staff,19060,20470,1410
2025-12-01,BR10,Payments Ops,Technology & Systems,5200,5340,140
2025-12-01,BR10,Payments Ops,Screening & Data Vendors,2080,2400,320
2025-12-01,BR10,Payments Ops,Premises,4160,4720,560
2025-12-01,BR10,Payments Ops,Outsourcing,2430,2730,300
2025-12-01,BR10,Payments Ops,Training,690,750,60
2025-12-01,BR10,Payments Ops,Other,1040,1220,180
2025-12-01,BR10,IT & Technology,Staff,32670,36580,3910
2025-12-01,BR10,IT & Technology,Technology & Systems,8910,9150,240
2025-12-01,BR10,IT & Technology,Screening & Data Vendors,3560,4060,500
2025-12-01,BR10,IT & Technology,Premises,7130,7530,400
2025-12-01,BR10,IT & Technology,Outsourcing,4160,4170,10
2025-12-01,BR10,IT & Technology,Training,1190,1410,220
2025-12-01,BR10,IT & Technology,Other,1780,1910,130
2025-12-01,BR10,Compliance,Staff,16340,16860,520
2025-12-01,BR10,Compliance,Technology & Systems,4460,4950,490
2025-12-01,BR10,Compliance,Screening & Data Vendors,1780,2000,220
2025-12-01,BR10,Compliance,Premises,3560,3820,260
2025-12-01,BR10,Compliance,Outsourcing,2080,2090,10
2025-12-01,BR10,Compliance,Training,590,630,40
2025-12-01,BR10,Compliance,Other,890,1010,120
